id,price
Bawang Putih Bonggol/Aceh/2024-10-01,39276.793218660736
Bawang Putih Bonggol/Aceh/2024-10-02,39239.24259287012
Bawang Putih Bonggol/Aceh/2024-10-03,39263.93953064426
Bawang Putih Bonggol/Aceh/2024-10-04,39318.697224347314
Bawang Putih Bonggol/Aceh/2024-10-05,39222.50252505072
Bawang Putih Bonggol/Aceh/2024-10-06,39245.24887535603
Bawang Putih Bonggol/Aceh/2024-10-07,39353.46013122048
Bawang Putih Bonggol/Aceh/2024-10-08,39313.405008598646
Bawang Putih Bonggol/Aceh/2024-10-09,39247.1050249789
Bawang Putih Bonggol/Aceh/2024-10-10,39307.89884800025
Bawang Putih Bonggol/Aceh/2024-10-11,39259.796709857386
Bawang Putih Bonggol/Aceh/2024-10-12,39263.23024287536
Bawang Putih Bonggol/Aceh/2024-10-13,39288.1322263811
Bawang Putih Bonggol/Aceh/2024-10-14,39145.699315364494
Bawang Putih Bonggol/Aceh/2024-10-15,39149.338585289246
Bawang Putih Bonggol/Aceh/2024-10-16,39190.209110635005
Bawang Putih Bonggol/Aceh/2024-10-17,39138.04880680976
Bawang Putih Bonggol/Aceh/2024-10-18,39194.25890074352
Bawang Putih Bonggol/Aceh/2024-10-19,39094.025020892645
Bawang Putih Bonggol/Aceh/2024-10-20,39061.34154267313
Bawang Putih Bonggol/Aceh/2024-10-21,39227.10455624057
Bawang Putih Bonggol/Aceh/2024-10-22,39109.78934441473
Bawang Putih Bonggol/Aceh/2024-10-23,39128.21104714767
Bawang Putih Bonggol/Aceh/2024-10-24,39025.19930942165
Bawang Putih Bonggol/Aceh/2024-10-25,39078.31254568605
Bawang Putih Bonggol/Aceh/2024-10-26,39114.02984189669
Bawang Putih Bonggol/Aceh/2024-10-27,39003.46293486255
Bawang Putih Bonggol/Aceh/2024-10-28,39086.0488834883
Bawang Putih Bonggol/Aceh/2024-10-29,39011.57591133093
Bawang Putih Bonggol/Aceh/2024-10-30,39032.25232442315
Bawang Putih Bonggol/Aceh/2024-10-31,39000.39816194168
Bawang Putih Bonggol/Aceh/2024-11-01,39133.28984657799
Bawang Putih Bonggol/Aceh/2024-11-02,39028.06414282203
Bawang Putih Bonggol/Aceh/2024-11-03,38960.32623860435
Bawang Putih Bonggol/Aceh/2024-11-04,39079.14627823872
Bawang Putih Bonggol/Aceh/2024-11-05,38950.02309434474
Bawang Putih Bonggol/Aceh/2024-11-06,39034.74546229826
Bawang Putih Bonggol/Aceh/2024-11-07,38872.30735343983
Bawang Putih Bonggol/Aceh/2024-11-08,38894.90335049885
Bawang Putih Bonggol/Aceh/2024-11-09,38973.352004267865
Bawang Putih Bonggol/Aceh/2024-11-10,38973.106812593294
Bawang Putih Bonggol/Aceh/2024-11-11,38936.59048549696
Bawang Putih Bonggol/Aceh/2024-11-12,38905.97780145523
Bawang Putih Bonggol/Aceh/2024-11-13,38907.9923219104
Bawang Putih Bonggol/Aceh/2024-11-14,38835.50194472086
Bawang Putih Bonggol/Aceh/2024-11-15,38858.7136458008
Bawang Putih Bonggol/Aceh/2024-11-16,38847.60025068844
Bawang Putih Bonggol/Aceh/2024-11-17,38921.8592062578
Bawang Putih Bonggol/Aceh/2024-11-18,38870.97409552432
Bawang Putih Bonggol/Aceh/2024-11-19,38736.86174629032
Bawang Putih Bonggol/Aceh/2024-11-20,38863.53697456063
Bawang Putih Bonggol/Aceh/2024-11-21,38808.41004035542
Bawang Putih Bonggol/Aceh/2024-11-22,38779.36714921768
Bawang Putih Bonggol/Aceh/2024-11-23,38833.294620956425
Bawang Putih Bonggol/Aceh/2024-11-24,38848.881708176086
Bawang Putih Bonggol/Aceh/2024-11-25,38860.86198315079
Bawang Putih Bonggol/Aceh/2024-11-26,38749.40415201522
Bawang Putih Bonggol/Aceh/2024-11-27,38784.49742452739
Bawang Putih Bonggol/Aceh/2024-11-28,38823.55949771387
Bawang Putih Bonggol/Aceh/2024-11-29,38853.34946363019
Bawang Putih Bonggol/Aceh/2024-11-30,38757.10145983685
Bawang Putih Bonggol/Aceh/2024-12-01,38766.62789610771
Bawang Putih Bonggol/Aceh/2024-12-02,38714.86234015109
Bawang Putih Bonggol/Aceh/2024-12-03,38696.99848519587
Bawang Putih Bonggol/Aceh/2024-12-04,38794.65491979604
Bawang Putih Bonggol/Aceh/2024-12-05,38804.55580370599
Bawang Putih Bonggol/Aceh/2024-12-06,38720.9788513305
Bawang Putih Bonggol/Aceh/2024-12-07,38790.7560456904
Bawang Putih Bonggol/Aceh/2024-12-08,38763.94107014037
Bawang Putih Bonggol/Aceh/2024-12-09,38714.30428476016
Bawang Putih Bonggol/Aceh/2024-12-10,38765.270352702486
Bawang Putih Bonggol/Aceh/2024-12-11,38827.21553128014
Bawang Putih Bonggol/Aceh/2024-12-12,38741.25872430128
Bawang Putih Bonggol/Aceh/2024-12-13,38839.84003162215
Bawang Putih Bonggol/Aceh/2024-12-14,38588.87949101942
Bawang Putih Bonggol/Aceh/2024-12-15,38802.138950696586
Bawang Putih Bonggol/Aceh/2024-12-16,38743.58749417878
Bawang Putih Bonggol/Aceh/2024-12-17,38700.42491990443
Bawang Putih Bonggol/Aceh/2024-12-18,38720.05363326456
Bawang Putih Bonggol/Aceh/2024-12-19,38569.14474473281
Bawang Putih Bonggol/Aceh/2024-12-20,38686.68806050386
Bawang Putih Bonggol/Aceh/2024-12-21,38686.15509498656
Bawang Putih Bonggol/Aceh/2024-12-22,38738.26964019562
Bawang Putih Bonggol/Aceh/2024-12-23,38615.05420201508
Bawang Putih Bonggol/Aceh/2024-12-24,38592.16296279353
Bawang Putih Bonggol/Aceh/2024-12-25,38620.97519271838
Bawang Putih Bonggol/Aceh/2024-12-26,38689.7457048317
Bawang Putih Bonggol/Aceh/2024-12-27,38640.80079488057
Bawang Putih Bonggol/Aceh/2024-12-28,38571.98948199744
Bawang Putih Bonggol/Aceh/2024-12-29,38639.50631940195
Bawang Putih Bonggol/Aceh/2024-12-30,38617.24150796233
Bawang Putih Bonggol/Aceh/2024-12-31,38668.10561344736
Bawang Putih Bonggol/Bali/2024-10-01,38554.19795432605
Bawang Putih Bonggol/Bali/2024-10-02,38572.78221593767
Bawang Putih Bonggol/Bali/2024-10-03,38568.55829107676
Bawang Putih Bonggol/Bali/2024-10-04,38484.232150900665
Bawang Putih Bonggol/Bali/2024-10-05,38571.3645754373
Bawang Putih Bonggol/Bali/2024-10-06,38541.03986407729
Bawang Putih Bonggol/Bali/2024-10-07,38521.34669401478
Bawang Putih Bonggol/Bali/2024-10-08,38498.16255204326
Bawang Putih Bonggol/Bali/2024-10-09,38414.25455112234
Bawang Putih Bonggol/Bali/2024-10-10,38468.24849841299
Bawang Putih Bonggol/Bali/2024-10-11,38444.64111769964
Bawang Putih Bonggol/Bali/2024-10-12,38393.63755358694
Bawang Putih Bonggol/Bali/2024-10-13,38411.47068129117
Bawang Putih Bonggol/Bali/2024-10-14,38428.346530710136
Bawang Putih Bonggol/Bali/2024-10-15,38519.03219262902
Bawang Putih Bonggol/Bali/2024-10-16,38412.24258363887
Bawang Putih Bonggol/Bali/2024-10-17,38422.80085773218
Bawang Putih Bonggol/Bali/2024-10-18,38411.73138095172
Bawang Putih Bonggol/Bali/2024-10-19,38296.38664442604
Bawang Putih Bonggol/Bali/2024-10-20,38395.05699278041
Bawang Putih Bonggol/Bali/2024-10-21,38365.192755364966
Bawang Putih Bonggol/Bali/2024-10-22,38503.17099676982
Bawang Putih Bonggol/Bali/2024-10-23,38339.83754026949
Bawang Putih Bonggol/Bali/2024-10-24,38374.73954923906
Bawang Putih Bonggol/Bali/2024-10-25,38371.25687474555
Bawang Putih Bonggol/Bali/2024-10-26,38294.01777581167
Bawang Putih Bonggol/Bali/2024-10-27,38426.47446185901
Bawang Putih Bonggol/Bali/2024-10-28,38374.57670242482
Bawang Putih Bonggol/Bali/2024-10-29,38385.68456720014
Bawang Putih Bonggol/Bali/2024-10-30,38283.31941426652
Bawang Putih Bonggol/Bali/2024-10-31,38422.93620165999
Bawang Putih Bonggol/Bali/2024-11-01,38258.59538217438
Bawang Putih Bonggol/Bali/2024-11-02,38360.56269217488
Bawang Putih Bonggol/Bali/2024-11-03,38450.07447577882
Bawang Putih Bonggol/Bali/2024-11-04,38253.91306429834
Bawang Putih Bonggol/Bali/2024-11-05,38291.5810174832
Bawang Putih Bonggol/Bali/2024-11-06,38310.67949823213
Bawang Putih Bonggol/Bali/2024-11-07,38276.47430646509
Bawang Putih Bonggol/Bali/2024-11-08,38190.88335637211
Bawang Putih Bonggol/Bali/2024-11-09,38250.27616015014
Bawang Putih Bonggol/Bali/2024-11-10,38172.421575689565
Bawang Putih Bonggol/Bali/2024-11-11,38247.00769112123
Bawang Putih Bonggol/Bali/2024-11-12,38139.35086216367
Bawang Putih Bonggol/Bali/2024-11-13,38275.55536773107
Bawang Putih Bonggol/Bali/2024-11-14,38133.84373406449
Bawang Putih Bonggol/Bali/2024-11-15,38151.13242431408
Bawang Putih Bonggol/Bali/2024-11-16,38217.8568726139
Bawang Putih Bonggol/Bali/2024-11-17,38077.11102937434
Bawang Putih Bonggol/Bali/2024-11-18,38164.37893235004
Bawang Putih Bonggol/Bali/2024-11-19,38205.05437904757
Bawang Putih Bonggol/Bali/2024-11-20,38029.70934234576
Bawang Putih Bonggol/Bali/2024-11-21,38132.36316230695
Bawang Putih Bonggol/Bali/2024-11-22,38115.4464590272
Bawang Putih Bonggol/Bali/2024-11-23,38151.33823577598
Bawang Putih Bonggol/Bali/2024-11-24,38016.81044967932
Bawang Putih Bonggol/Bali/2024-11-25,37990.032552625824
Bawang Putih Bonggol/Bali/2024-11-26,38100.45508170331
Bawang Putih Bonggol/Bali/2024-11-27,38065.303132073655
Bawang Putih Bonggol/Bali/2024-11-28,38049.560113866486
Bawang Putih Bonggol/Bali/2024-11-29,38040.64742973189
Bawang Putih Bonggol/Bali/2024-11-30,37984.67489853682
Bawang Putih Bonggol/Bali/2024-12-01,38043.69296636006
Bawang Putih Bonggol/Bali/2024-12-02,38029.71245012819
Bawang Putih Bonggol/Bali/2024-12-03,37958.29362486048
Bawang Putih Bonggol/Bali/2024-12-04,38108.571610108775
Bawang Putih Bonggol/Bali/2024-12-05,38022.6794026868
Bawang Putih Bonggol/Bali/2024-12-06,37930.59479237392
Bawang Putih Bonggol/Bali/2024-12-07,38035.894611740725
Bawang Putih Bonggol/Bali/2024-12-08,37927.25528434003
Bawang Putih Bonggol/Bali/2024-12-09,38034.08632907415
Bawang Putih Bonggol/Bali/2024-12-10,38033.67408547737
Bawang Putih Bonggol/Bali/2024-12-11,37911.70494355681
Bawang Putih Bonggol/Bali/2024-12-12,38031.16573665037
Bawang Putih Bonggol/Bali/2024-12-13,37988.70351990623
Bawang Putih Bonggol/Bali/2024-12-14,38025.19425588558
Bawang Putih Bonggol/Bali/2024-12-15,38087.77232033541
Bawang Putih Bonggol/Bali/2024-12-16,37961.64472623778
Bawang Putih Bonggol/Bali/2024-12-17,37951.33393168308
Bawang Putih Bonggol/Bali/2024-12-18,37931.85366756393
Bawang Putih Bonggol/Bali/2024-12-19,37923.804712848505
Bawang Putih Bonggol/Bali/2024-12-20,37945.305154951886
Bawang Putih Bonggol/Bali/2024-12-21,37940.196040554285
Bawang Putih Bonggol/Bali/2024-12-22,37931.37453286877
Bawang Putih Bonggol/Bali/2024-12-23,37963.3124934404
Bawang Putih Bonggol/Bali/2024-12-24,37916.26355221088
Bawang Putih Bonggol/Bali/2024-12-25,38008.64963264349
Bawang Putih Bonggol/Bali/2024-12-26,37906.20001632499
Bawang Putih Bonggol/Bali/2024-12-27,38094.94374085627
Bawang Putih Bonggol/Bali/2024-12-28,37980.9501630991
Bawang Putih Bonggol/Bali/2024-12-29,37901.69318022741
Bawang Putih Bonggol/Bali/2024-12-30,37896.68133073408
Bawang Putih Bonggol/Bali/2024-12-31,37974.24976811241
Bawang Putih Bonggol/Banten/2024-10-01,37928.44437540026
Bawang Putih Bonggol/Banten/2024-10-02,37955.448664593736
Bawang Putih Bonggol/Banten/2024-10-03,37936.06402618736
Bawang Putih Bonggol/Banten/2024-10-04,37911.47827366514
Bawang Putih Bonggol/Banten/2024-10-05,37867.53484442006
Bawang Putih Bonggol/Banten/2024-10-06,37808.84377549035
Bawang Putih Bonggol/Banten/2024-10-07,37855.4201723184
Bawang Putih Bonggol/Banten/2024-10-08,37909.949618652645
Bawang Putih Bonggol/Banten/2024-10-09,37855.64487721893
Bawang Putih Bonggol/Banten/2024-10-10,37758.33221187472
Bawang Putih Bonggol/Banten/2024-10-11,37838.44830924288
Bawang Putih Bonggol/Banten/2024-10-12,37849.57700678642
Bawang Putih Bonggol/Banten/2024-10-13,37761.92512243288
Bawang Putih Bonggol/Banten/2024-10-14,37805.606367240645
Bawang Putih Bonggol/Banten/2024-10-15,37789.21655560989
Bawang Putih Bonggol/Banten/2024-10-16,37718.21947400716
Bawang Putih Bonggol/Banten/2024-10-17,37793.415767550185
Bawang Putih Bonggol/Banten/2024-10-18,37789.150282383234
Bawang Putih Bonggol/Banten/2024-10-19,37824.01529148618
Bawang Putih Bonggol/Banten/2024-10-20,37823.3255354236
Bawang Putih Bonggol/Banten/2024-10-21,37680.869689760526
Bawang Putih Bonggol/Banten/2024-10-22,37715.07850150297
Bawang Putih Bonggol/Banten/2024-10-23,37788.25613750785
Bawang Putih Bonggol/Banten/2024-10-24,37775.24441952899
Bawang Putih Bonggol/Banten/2024-10-25,37763.40265660026
Bawang Putih Bonggol/Banten/2024-10-26,37966.185581236816
Bawang Putih Bonggol/Banten/2024-10-27,37800.66367746551
Bawang Putih Bonggol/Banten/2024-10-28,37867.24469780518
Bawang Putih Bonggol/Banten/2024-10-29,37873.30928588218
Bawang Putih Bonggol/Banten/2024-10-30,37873.71540790894
Bawang Putih Bonggol/Banten/2024-10-31,37831.33588844613
Bawang Putih Bonggol/Banten/2024-11-01,37878.8241168075
Bawang Putih Bonggol/Banten/2024-11-02,37794.10980568212
Bawang Putih Bonggol/Banten/2024-11-03,37819.20675159812
Bawang Putih Bonggol/Banten/2024-11-04,37790.95481650345
Bawang Putih Bonggol/Banten/2024-11-05,37810.92787825804
Bawang Putih Bonggol/Banten/2024-11-06,37942.51689850404
Bawang Putih Bonggol/Banten/2024-11-07,37681.51107528924
Bawang Putih Bonggol/Banten/2024-11-08,37842.863917375966
Bawang Putih Bonggol/Banten/2024-11-09,37694.85521565004
Bawang Putih Bonggol/Banten/2024-11-10,37754.66916693288
Bawang Putih Bonggol/Banten/2024-11-11,37832.42670212357
Bawang Putih Bonggol/Banten/2024-11-12,37739.98656562312
Bawang Putih Bonggol/Banten/2024-11-13,37685.39847270814
Bawang Putih Bonggol/Banten/2024-11-14,37687.657094273
Bawang Putih Bonggol/Banten/2024-11-15,37771.79511855762
Bawang Putih Bonggol/Banten/2024-11-16,37673.47830896772
Bawang Putih Bonggol/Banten/2024-11-17,37708.94915568857
Bawang Putih Bonggol/Banten/2024-11-18,37692.52204590919
Bawang Putih Bonggol/Banten/2024-11-19,37650.71501265308
Bawang Putih Bonggol/Banten/2024-11-20,37819.73564410461
Bawang Putih Bonggol/Banten/2024-11-21,37720.24287255673
Bawang Putih Bonggol/Banten/2024-11-22,37570.1016271058
Bawang Putih Bonggol/Banten/2024-11-23,37700.14998199784
Bawang Putih Bonggol/Banten/2024-11-24,37638.37979902452
Bawang Putih Bonggol/Banten/2024-11-25,37726.09719424957
Bawang Putih Bonggol/Banten/2024-11-26,37597.2417614243
Bawang Putih Bonggol/Banten/2024-11-27,37629.864194795904
Bawang Putih Bonggol/Banten/2024-11-28,37678.09693603843
Bawang Putih Bonggol/Banten/2024-11-29,37689.95342328063
Bawang Putih Bonggol/Banten/2024-11-30,37566.438943040965
Bawang Putih Bonggol/Banten/2024-12-01,37604.0572766105
Bawang Putih Bonggol/Banten/2024-12-02,37594.93722435371
Bawang Putih Bonggol/Banten/2024-12-03,37572.85330331337
Bawang Putih Bonggol/Banten/2024-12-04,37702.641494909614
Bawang Putih Bonggol/Banten/2024-12-05,37609.77031912325
Bawang Putih Bonggol/Banten/2024-12-06,37521.38637301895
Bawang Putih Bonggol/Banten/2024-12-07,37653.835757823
Bawang Putih Bonggol/Banten/2024-12-08,37729.28320490608
Bawang Putih Bonggol/Banten/2024-12-09,37677.94077735172
Bawang Putih Bonggol/Banten/2024-12-10,37521.17023932243
Bawang Putih Bonggol/Banten/2024-12-11,37590.666643509554
Bawang Putih Bonggol/Banten/2024-12-12,37707.036200956
Bawang Putih Bonggol/Banten/2024-12-13,37575.01152990294
Bawang Putih Bonggol/Banten/2024-12-14,37626.58247570184
Bawang Putih Bonggol/Banten/2024-12-15,37640.16863640148
Bawang Putih Bonggol/Banten/2024-12-16,37554.230534010494
Bawang Putih Bonggol/Banten/2024-12-17,37606.16967687264
Bawang Putih Bonggol/Banten/2024-12-18,37385.363210619056
Bawang Putih Bonggol/Banten/2024-12-19,37503.3705861179
Bawang Putih Bonggol/Banten/2024-12-20,37515.39297366321
Bawang Putih Bonggol/Banten/2024-12-21,37420.95940438641
Bawang Putih Bonggol/Banten/2024-12-22,37580.62978930432
Bawang Putih Bonggol/Banten/2024-12-23,37375.21911946684
Bawang Putih Bonggol/Banten/2024-12-24,37449.79445364107
Bawang Putih Bonggol/Banten/2024-12-25,37471.12717629148
Bawang Putih Bonggol/Banten/2024-12-26,37540.1389092678
Bawang Putih Bonggol/Banten/2024-12-27,37372.736718427055
Bawang Putih Bonggol/Banten/2024-12-28,37514.271737716976
Bawang Putih Bonggol/Banten/2024-12-29,37459.39110598344
Bawang Putih Bonggol/Banten/2024-12-30,37399.82474942515
Bawang Putih Bonggol/Banten/2024-12-31,37481.17358753984
Bawang Putih Bonggol/Bengkulu/2024-10-01,37449.17854535696
Bawang Putih Bonggol/Bengkulu/2024-10-02,37412.12723025369
Bawang Putih Bonggol/Bengkulu/2024-10-03,37438.94410845469
Bawang Putih Bonggol/Bengkulu/2024-10-04,37405.71684099537
Bawang Putih Bonggol/Bengkulu/2024-10-05,37438.04163359356
Bawang Putih Bonggol/Bengkulu/2024-10-06,37461.013636062096
Bawang Putih Bonggol/Bengkulu/2024-10-07,37518.90526859865
Bawang Putih Bonggol/Bengkulu/2024-10-08,37358.13474964723
Bawang Putih Bonggol/Bengkulu/2024-10-09,37569.8634680346
Bawang Putih Bonggol/Bengkulu/2024-10-10,37330.09975290557
Bawang Putih Bonggol/Bengkulu/2024-10-11,37438.741990830415
Bawang Putih Bonggol/Bengkulu/2024-10-12,37473.345944883375
Bawang Putih Bonggol/Bengkulu/2024-10-13,37440.55862156551
Bawang Putih Bonggol/Bengkulu/2024-10-14,37398.44843702161
Bawang Putih Bonggol/Bengkulu/2024-10-15,37400.94714343898
Bawang Putih Bonggol/Bengkulu/2024-10-16,37395.76606497541
Bawang Putih Bonggol/Bengkulu/2024-10-17,37378.78641685248
Bawang Putih Bonggol/Bengkulu/2024-10-18,37450.716312886856
Bawang Putih Bonggol/Bengkulu/2024-10-19,37415.5860543067
Bawang Putih Bonggol/Bengkulu/2024-10-20,37355.71305061544
Bawang Putih Bonggol/Bengkulu/2024-10-21,37454.11597124929
Bawang Putih Bonggol/Bengkulu/2024-10-22,37420.58272048892
Bawang Putih Bonggol/Bengkulu/2024-10-23,37459.58899264946
Bawang Putih Bonggol/Bengkulu/2024-10-24,37448.570326681685
Bawang Putih Bonggol/Bengkulu/2024-10-25,37367.10310568479
Bawang Putih Bonggol/Bengkulu/2024-10-26,37393.25862479285
Bawang Putih Bonggol/Bengkulu/2024-10-27,37461.60973294417
Bawang Putih Bonggol/Bengkulu/2024-10-28,37451.12958454068
Bawang Putih Bonggol/Bengkulu/2024-10-29,37409.57614545847
Bawang Putih Bonggol/Bengkulu/2024-10-30,37418.42493599175
Bawang Putih Bonggol/Bengkulu/2024-10-31,37501.78220358846
Bawang Putih Bonggol/Bengkulu/2024-11-01,37396.23453468012
Bawang Putih Bonggol/Bengkulu/2024-11-02,37463.35729160664
Bawang Putih Bonggol/Bengkulu/2024-11-03,37416.56966791248
Bawang Putih Bonggol/Bengkulu/2024-11-04,37419.697635413904
Bawang Putih Bonggol/Bengkulu/2024-11-05,37500.64388108256
Bawang Putih Bonggol/Bengkulu/2024-11-06,37477.04734822429
Bawang Putih Bonggol/Bengkulu/2024-11-07,37492.61639948773
Bawang Putih Bonggol/Bengkulu/2024-11-08,37531.35664151558
Bawang Putih Bonggol/Bengkulu/2024-11-09,37471.76847974959
Bawang Putih Bonggol/Bengkulu/2024-11-10,37528.13814905847
Bawang Putih Bonggol/Bengkulu/2024-11-11,37468.513934653376
Bawang Putih Bonggol/Bengkulu/2024-11-12,37510.765021884086
Bawang Putih Bonggol/Bengkulu/2024-11-13,37482.08043322143
Bawang Putih Bonggol/Bengkulu/2024-11-14,37489.06769126713
Bawang Putih Bonggol/Bengkulu/2024-11-15,37522.34596389689
Bawang Putih Bonggol/Bengkulu/2024-11-16,37430.41386732362
Bawang Putih Bonggol/Bengkulu/2024-11-17,37612.39918984249
Bawang Putih Bonggol/Bengkulu/2024-11-18,37423.7612152306
Bawang Putih Bonggol/Bengkulu/2024-11-19,37413.97618650748
Bawang Putih Bonggol/Bengkulu/2024-11-20,37552.23936389596
Bawang Putih Bonggol/Bengkulu/2024-11-21,37521.621679185446
Bawang Putih Bonggol/Bengkulu/2024-11-22,37524.40723557472
Bawang Putih Bonggol/Bengkulu/2024-11-23,37513.50614955377
Bawang Putih Bonggol/Bengkulu/2024-11-24,37495.42063096327
Bawang Putih Bonggol/Bengkulu/2024-11-25,37455.96054562264
Bawang Putih Bonggol/Bengkulu/2024-11-26,37501.22721320168
Bawang Putih Bonggol/Bengkulu/2024-11-27,37444.84788300488
Bawang Putih Bonggol/Bengkulu/2024-11-28,37535.59126535133
Bawang Putih Bonggol/Bengkulu/2024-11-29,37462.11368627248
Bawang Putih Bonggol/Bengkulu/2024-11-30,37419.38388545488
Bawang Putih Bonggol/Bengkulu/2024-12-01,37448.96482910832
Bawang Putih Bonggol/Bengkulu/2024-12-02,37482.21791595784
Bawang Putih Bonggol/Bengkulu/2024-12-03,37420.843461013865
Bawang Putih Bonggol/Bengkulu/2024-12-04,37388.00216732674
Bawang Putih Bonggol/Bengkulu/2024-12-05,37445.52109150921
Bawang Putih Bonggol/Bengkulu/2024-12-06,37443.90374770218
Bawang Putih Bonggol/Bengkulu/2024-12-07,37392.62219100951
Bawang Putih Bonggol/Bengkulu/2024-12-08,37383.55412337681
Bawang Putih Bonggol/Bengkulu/2024-12-09,37422.92622651474
Bawang Putih Bonggol/Bengkulu/2024-12-10,37318.63677973753
Bawang Putih Bonggol/Bengkulu/2024-12-11,37303.717291148576
Bawang Putih Bonggol/Bengkulu/2024-12-12,37322.08492595982
Bawang Putih Bonggol/Bengkulu/2024-12-13,37335.32474161784
Bawang Putih Bonggol/Bengkulu/2024-12-14,37353.3694656141
Bawang Putih Bonggol/Bengkulu/2024-12-15,37412.062877837605
Bawang Putih Bonggol/Bengkulu/2024-12-16,37387.71626611537
Bawang Putih Bonggol/Bengkulu/2024-12-17,37343.79748161363
Bawang Putih Bonggol/Bengkulu/2024-12-18,37363.54915573235
Bawang Putih Bonggol/Bengkulu/2024-12-19,37306.45727298547
Bawang Putih Bonggol/Bengkulu/2024-12-20,37361.00307581735
Bawang Putih Bonggol/Bengkulu/2024-12-21,37328.68874031662
Bawang Putih Bonggol/Bengkulu/2024-12-22,37357.05219939853
Bawang Putih Bonggol/Bengkulu/2024-12-23,37285.34936333087
Bawang Putih Bonggol/Bengkulu/2024-12-24,37361.58534420392
Bawang Putih Bonggol/Bengkulu/2024-12-25,37428.50123865414
Bawang Putih Bonggol/Bengkulu/2024-12-26,37331.51641897725
Bawang Putih Bonggol/Bengkulu/2024-12-27,37373.36739969064
Bawang Putih Bonggol/Bengkulu/2024-12-28,37396.26031680159
Bawang Putih Bonggol/Bengkulu/2024-12-29,37345.44548767684
Bawang Putih Bonggol/Bengkulu/2024-12-30,37384.09937949914
Bawang Putih Bonggol/Bengkulu/2024-12-31,37361.55319676783
Bawang Putih Bonggol/DI Yogyakarta/2024-10-01,37373.24522791214
Bawang Putih Bonggol/DI Yogyakarta/2024-10-02,37317.43774669438
Bawang Putih Bonggol/DI Yogyakarta/2024-10-03,37357.58639871387
Bawang Putih Bonggol/DI Yogyakarta/2024-10-04,37385.340720209126
Bawang Putih Bonggol/DI Yogyakarta/2024-10-05,37441.11815270391
Bawang Putih Bonggol/DI Yogyakarta/2024-10-06,37420.75705487571
Bawang Putih Bonggol/DI Yogyakarta/2024-10-07,37509.454993331885
Bawang Putih Bonggol/DI Yogyakarta/2024-10-08,37359.25144535012
Bawang Putih Bonggol/DI Yogyakarta/2024-10-09,37476.57584230175
Bawang Putih Bonggol/DI Yogyakarta/2024-10-10,37443.08474664206
Bawang Putih Bonggol/DI Yogyakarta/2024-10-11,37569.17168074364
Bawang Putih Bonggol/DI Yogyakarta/2024-10-12,37398.66752990432
Bawang Putih Bonggol/DI Yogyakarta/2024-10-13,37393.9829155824
Bawang Putih Bonggol/DI Yogyakarta/2024-10-14,37419.135618365166
Bawang Putih Bonggol/DI Yogyakarta/2024-10-15,37307.6546882159
Bawang Putih Bonggol/DI Yogyakarta/2024-10-16,37384.525291261
Bawang Putih Bonggol/DI Yogyakarta/2024-10-17,37328.60245817672
Bawang Putih Bonggol/DI Yogyakarta/2024-10-18,37373.30210254413
Bawang Putih Bonggol/DI Yogyakarta/2024-10-19,37376.463545867606
Bawang Putih Bonggol/DI Yogyakarta/2024-10-20,37464.91169387903
Bawang Putih Bonggol/DI Yogyakarta/2024-10-21,37429.346281959966
Bawang Putih Bonggol/DI Yogyakarta/2024-10-22,37347.91240492021
Bawang Putih Bonggol/DI Yogyakarta/2024-10-23,37342.13376948408
Bawang Putih Bonggol/DI Yogyakarta/2024-10-24,37424.69882831336
Bawang Putih Bonggol/DI Yogyakarta/2024-10-25,37308.39327986608
Bawang Putih Bonggol/DI Yogyakarta/2024-10-26,37482.845858329536
Bawang Putih Bonggol/DI Yogyakarta/2024-10-27,37440.40264321417
Bawang Putih Bonggol/DI Yogyakarta/2024-10-28,37357.58463258849
Bawang Putih Bonggol/DI Yogyakarta/2024-10-29,37292.83372815389
Bawang Putih Bonggol/DI Yogyakarta/2024-10-30,37469.11571588633
Bawang Putih Bonggol/DI Yogyakarta/2024-10-31,37386.96730749449
Bawang Putih Bonggol/DI Yogyakarta/2024-11-01,37455.54875741426
Bawang Putih Bonggol/DI Yogyakarta/2024-11-02,37280.63893178531
Bawang Putih Bonggol/DI Yogyakarta/2024-11-03,37346.386505144124
Bawang Putih Bonggol/DI Yogyakarta/2024-11-04,37387.30593890671
Bawang Putih Bonggol/DI Yogyakarta/2024-11-05,37366.13245139476
Bawang Putih Bonggol/DI Yogyakarta/2024-11-06,37329.53553018136
Bawang Putih Bonggol/DI Yogyakarta/2024-11-07,37380.18922040005
Bawang Putih Bonggol/DI Yogyakarta/2024-11-08,37289.2937215044
Bawang Putih Bonggol/DI Yogyakarta/2024-11-09,37341.78097175948
Bawang Putih Bonggol/DI Yogyakarta/2024-11-10,37345.43724250655
Bawang Putih Bonggol/DI Yogyakarta/2024-11-11,37364.07849734693
Bawang Putih Bonggol/DI Yogyakarta/2024-11-12,37380.36901726812
Bawang Putih Bonggol/DI Yogyakarta/2024-11-13,37266.61749763064
Bawang Putih Bonggol/DI Yogyakarta/2024-11-14,37247.21395506544
Bawang Putih Bonggol/DI Yogyakarta/2024-11-15,37407.24699994104
Bawang Putih Bonggol/DI Yogyakarta/2024-11-16,37341.76581864762
Bawang Putih Bonggol/DI Yogyakarta/2024-11-17,37271.54310233105
Bawang Putih Bonggol/DI Yogyakarta/2024-11-18,37406.83487506116
Bawang Putih Bonggol/DI Yogyakarta/2024-11-19,37334.80411518933
Bawang Putih Bonggol/DI Yogyakarta/2024-11-20,37419.12989015631
Bawang Putih Bonggol/DI Yogyakarta/2024-11-21,37347.89678228759
Bawang Putih Bonggol/DI Yogyakarta/2024-11-22,37482.222288373545
Bawang Putih Bonggol/DI Yogyakarta/2024-11-23,37492.309232439286
Bawang Putih Bonggol/DI Yogyakarta/2024-11-24,37383.41576246313
Bawang Putih Bonggol/DI Yogyakarta/2024-11-25,37481.59986999453
Bawang Putih Bonggol/DI Yogyakarta/2024-11-26,37469.63839176382
Bawang Putih Bonggol/DI Yogyakarta/2024-11-27,37535.097426814886
Bawang Putih Bonggol/DI Yogyakarta/2024-11-28,37393.97309378909
Bawang Putih Bonggol/DI Yogyakarta/2024-11-29,37494.16913968263
Bawang Putih Bonggol/DI Yogyakarta/2024-11-30,37531.53415548783
Bawang Putih Bonggol/DI Yogyakarta/2024-12-01,37358.49243615173
Bawang Putih Bonggol/DI Yogyakarta/2024-12-02,37387.32771668662
Bawang Putih Bonggol/DI Yogyakarta/2024-12-03,37307.48699721826
Bawang Putih Bonggol/DI Yogyakarta/2024-12-04,37401.97277550749
Bawang Putih Bonggol/DI Yogyakarta/2024-12-05,37432.314504878
Bawang Putih Bonggol/DI Yogyakarta/2024-12-06,37458.38747584509
Bawang Putih Bonggol/DI Yogyakarta/2024-12-07,37387.38135447189
Bawang Putih Bonggol/DI Yogyakarta/2024-12-08,37495.82997201025
Bawang Putih Bonggol/DI Yogyakarta/2024-12-09,37336.065454723896
Bawang Putih Bonggol/DI Yogyakarta/2024-12-10,37315.256999844576
Bawang Putih Bonggol/DI Yogyakarta/2024-12-11,37398.76393315034
Bawang Putih Bonggol/DI Yogyakarta/2024-12-12,37404.60305544871
Bawang Putih Bonggol/DI Yogyakarta/2024-12-13,37374.88570117063
Bawang Putih Bonggol/DI Yogyakarta/2024-12-14,37230.41831692345
Bawang Putih Bonggol/DI Yogyakarta/2024-12-15,37349.32886568564
Bawang Putih Bonggol/DI Yogyakarta/2024-12-16,37267.43429200052
Bawang Putih Bonggol/DI Yogyakarta/2024-12-17,37366.03603552844
Bawang Putih Bonggol/DI Yogyakarta/2024-12-18,37331.00601910419
Bawang Putih Bonggol/DI Yogyakarta/2024-12-19,37245.630664857934
Bawang Putih Bonggol/DI Yogyakarta/2024-12-20,37283.19970417813
Bawang Putih Bonggol/DI Yogyakarta/2024-12-21,37234.94661151096
Bawang Putih Bonggol/DI Yogyakarta/2024-12-22,37290.05392871434
Bawang Putih Bonggol/DI Yogyakarta/2024-12-23,37332.98645284266
Bawang Putih Bonggol/DI Yogyakarta/2024-12-24,37208.23548982866
Bawang Putih Bonggol/DI Yogyakarta/2024-12-25,37305.67084579149
Bawang Putih Bonggol/DI Yogyakarta/2024-12-26,37240.21990683254
Bawang Putih Bonggol/DI Yogyakarta/2024-12-27,37226.8093213601
Bawang Putih Bonggol/DI Yogyakarta/2024-12-28,37258.05423240649
Bawang Putih Bonggol/DI Yogyakarta/2024-12-29,37184.01035121294
Bawang Putih Bonggol/DI Yogyakarta/2024-12-30,37212.698082667965
Bawang Putih Bonggol/DI Yogyakarta/2024-12-31,37152.92818714559
Bawang Putih Bonggol/DKI Jakarta/2024-10-01,37337.23410402184
Bawang Putih Bonggol/DKI Jakarta/2024-10-02,37220.25668712834
Bawang Putih Bonggol/DKI Jakarta/2024-10-03,37176.85719105176
Bawang Putih Bonggol/DKI Jakarta/2024-10-04,37241.34775524024
Bawang Putih Bonggol/DKI Jakarta/2024-10-05,37222.23262025623
Bawang Putih Bonggol/DKI Jakarta/2024-10-06,37223.97172582185
Bawang Putih Bonggol/DKI Jakarta/2024-10-07,37256.1271461516
Bawang Putih Bonggol/DKI Jakarta/2024-10-08,37270.81610632853
Bawang Putih Bonggol/DKI Jakarta/2024-10-09,37206.27607279697
Bawang Putih Bonggol/DKI Jakarta/2024-10-10,37203.83014655055
Bawang Putih Bonggol/DKI Jakarta/2024-10-11,37220.66182482748
Bawang Putih Bonggol/DKI Jakarta/2024-10-12,37089.39184661316
Bawang Putih Bonggol/DKI Jakarta/2024-10-13,37115.561125103326
Bawang Putih Bonggol/DKI Jakarta/2024-10-14,37264.11118803639
Bawang Putih Bonggol/DKI Jakarta/2024-10-15,37275.15367428938
Bawang Putih Bonggol/DKI Jakarta/2024-10-16,37166.88109547236
Bawang Putih Bonggol/DKI Jakarta/2024-10-17,37225.37709321634
Bawang Putih Bonggol/DKI Jakarta/2024-10-18,37234.486445268616
Bawang Putih Bonggol/DKI Jakarta/2024-10-19,37424.90392157666
Bawang Putih Bonggol/DKI Jakarta/2024-10-20,37315.75679612844
Bawang Putih Bonggol/DKI Jakarta/2024-10-21,37258.78779408407
Bawang Putih Bonggol/DKI Jakarta/2024-10-22,37237.10082492005
Bawang Putih Bonggol/DKI Jakarta/2024-10-23,37201.98750429792
Bawang Putih Bonggol/DKI Jakarta/2024-10-24,37304.753964931166
Bawang Putih Bonggol/DKI Jakarta/2024-10-25,37210.30110075855
Bawang Putih Bonggol/DKI Jakarta/2024-10-26,37155.11353976702
Bawang Putih Bonggol/DKI Jakarta/2024-10-27,37191.22923311671
Bawang Putih Bonggol/DKI Jakarta/2024-10-28,37151.47199611722
Bawang Putih Bonggol/DKI Jakarta/2024-10-29,37312.49624110197
Bawang Putih Bonggol/DKI Jakarta/2024-10-30,37249.88106697908
Bawang Putih Bonggol/DKI Jakarta/2024-10-31,37207.85739550379
Bawang Putih Bonggol/DKI Jakarta/2024-11-01,37319.54815198789
Bawang Putih Bonggol/DKI Jakarta/2024-11-02,37249.61997284171
Bawang Putih Bonggol/DKI Jakarta/2024-11-03,37211.600716998
Bawang Putih Bonggol/DKI Jakarta/2024-11-04,37347.88376964728
Bawang Putih Bonggol/DKI Jakarta/2024-11-05,37294.29077630228
Bawang Putih Bonggol/DKI Jakarta/2024-11-06,37213.08240753272
Bawang Putih Bonggol/DKI Jakarta/2024-11-07,37257.133110004695
Bawang Putih Bonggol/DKI Jakarta/2024-11-08,37214.03068682579
Bawang Putih Bonggol/DKI Jakarta/2024-11-09,37180.74556403064
Bawang Putih Bonggol/DKI Jakarta/2024-11-10,37295.07690347953
Bawang Putih Bonggol/DKI Jakarta/2024-11-11,37346.86793876316
Bawang Putih Bonggol/DKI Jakarta/2024-11-12,37158.72444156767
Bawang Putih Bonggol/DKI Jakarta/2024-11-13,37282.85565656632
Bawang Putih Bonggol/DKI Jakarta/2024-11-14,37214.7567747588
Bawang Putih Bonggol/DKI Jakarta/2024-11-15,37231.17664932268
Bawang Putih Bonggol/DKI Jakarta/2024-11-16,37209.20819416051
Bawang Putih Bonggol/DKI Jakarta/2024-11-17,37170.04793277019
Bawang Putih Bonggol/DKI Jakarta/2024-11-18,37230.25458471548
Bawang Putih Bonggol/DKI Jakarta/2024-11-19,37159.80310601754
Bawang Putih Bonggol/DKI Jakarta/2024-11-20,37222.01738197962
Bawang Putih Bonggol/DKI Jakarta/2024-11-21,37195.88490886718
Bawang Putih Bonggol/DKI Jakarta/2024-11-22,37183.34266890334
Bawang Putih Bonggol/DKI Jakarta/2024-11-23,37144.94117029868
Bawang Putih Bonggol/DKI Jakarta/2024-11-24,37153.84989597122
Bawang Putih Bonggol/DKI Jakarta/2024-11-25,37233.31044765397
Bawang Putih Bonggol/DKI Jakarta/2024-11-26,37210.97085860239
Bawang Putih Bonggol/DKI Jakarta/2024-11-27,37122.89945656782
Bawang Putih Bonggol/DKI Jakarta/2024-11-28,37189.91515677224
Bawang Putih Bonggol/DKI Jakarta/2024-11-29,37234.75923479409
Bawang Putih Bonggol/DKI Jakarta/2024-11-30,37090.49181631105
Bawang Putih Bonggol/DKI Jakarta/2024-12-01,37214.10080277077
Bawang Putih Bonggol/DKI Jakarta/2024-12-02,37132.58845124518
Bawang Putih Bonggol/DKI Jakarta/2024-12-03,37214.20103324887
Bawang Putih Bonggol/DKI Jakarta/2024-12-04,37128.21892070891
Bawang Putih Bonggol/DKI Jakarta/2024-12-05,37051.93443004679
Bawang Putih Bonggol/DKI Jakarta/2024-12-06,37061.65284715068
Bawang Putih Bonggol/DKI Jakarta/2024-12-07,37135.6074424664
Bawang Putih Bonggol/DKI Jakarta/2024-12-08,37136.73251423059
Bawang Putih Bonggol/DKI Jakarta/2024-12-09,37047.93830914232
Bawang Putih Bonggol/DKI Jakarta/2024-12-10,37140.52532675952
Bawang Putih Bonggol/DKI Jakarta/2024-12-11,37007.61406413674
Bawang Putih Bonggol/DKI Jakarta/2024-12-12,37104.69231366309
Bawang Putih Bonggol/DKI Jakarta/2024-12-13,37019.23016706761
Bawang Putih Bonggol/DKI Jakarta/2024-12-14,37037.59055207628
Bawang Putih Bonggol/DKI Jakarta/2024-12-15,37076.47969028144
Bawang Putih Bonggol/DKI Jakarta/2024-12-16,37004.78987461939
Bawang Putih Bonggol/DKI Jakarta/2024-12-17,37037.63761351067
Bawang Putih Bonggol/DKI Jakarta/2024-12-18,37111.480743928194
Bawang Putih Bonggol/DKI Jakarta/2024-12-19,37022.13331935319
Bawang Putih Bonggol/DKI Jakarta/2024-12-20,37114.28828918842
Bawang Putih Bonggol/DKI Jakarta/2024-12-21,36994.898741839264
Bawang Putih Bonggol/DKI Jakarta/2024-12-22,37105.80390946352
Bawang Putih Bonggol/DKI Jakarta/2024-12-23,37166.27656000865
Bawang Putih Bonggol/DKI Jakarta/2024-12-24,36926.07718441663
Bawang Putih Bonggol/DKI Jakarta/2024-12-25,37033.2769161239
Bawang Putih Bonggol/DKI Jakarta/2024-12-26,37100.26045300422
Bawang Putih Bonggol/DKI Jakarta/2024-12-27,37057.72723490156
Bawang Putih Bonggol/DKI Jakarta/2024-12-28,37084.81729383336
Bawang Putih Bonggol/DKI Jakarta/2024-12-29,37013.63737351399
Bawang Putih Bonggol/DKI Jakarta/2024-12-30,37079.25078519106
Bawang Putih Bonggol/DKI Jakarta/2024-12-31,37066.24314519488
Bawang Putih Bonggol/Gorontalo/2024-10-01,37142.20564544182
Bawang Putih Bonggol/Gorontalo/2024-10-02,37094.96075281757
Bawang Putih Bonggol/Gorontalo/2024-10-03,37108.5391253969
Bawang Putih Bonggol/Gorontalo/2024-10-04,37080.64959203609
Bawang Putih Bonggol/Gorontalo/2024-10-05,37079.17693144034
Bawang Putih Bonggol/Gorontalo/2024-10-06,37083.60488356232
Bawang Putih Bonggol/Gorontalo/2024-10-07,37123.34966682109
Bawang Putih Bonggol/Gorontalo/2024-10-08,37073.38445440713
Bawang Putih Bonggol/Gorontalo/2024-10-09,37115.8955389829
Bawang Putih Bonggol/Gorontalo/2024-10-10,37232.23784648718
Bawang Putih Bonggol/Gorontalo/2024-10-11,37175.68657151143
Bawang Putih Bonggol/Gorontalo/2024-10-12,37123.71771064519
Bawang Putih Bonggol/Gorontalo/2024-10-13,37229.97523612224
Bawang Putih Bonggol/Gorontalo/2024-10-14,37151.14130611085
Bawang Putih Bonggol/Gorontalo/2024-10-15,37058.49140476699
Bawang Putih Bonggol/Gorontalo/2024-10-16,37100.18199517029
Bawang Putih Bonggol/Gorontalo/2024-10-17,37028.21914116007
Bawang Putih Bonggol/Gorontalo/2024-10-18,37104.20885589492
Bawang Putih Bonggol/Gorontalo/2024-10-19,37095.75122357634
Bawang Putih Bonggol/Gorontalo/2024-10-20,37188.99035483528
Bawang Putih Bonggol/Gorontalo/2024-10-21,37122.112051510245
Bawang Putih Bonggol/Gorontalo/2024-10-22,37100.8742299474
Bawang Putih Bonggol/Gorontalo/2024-10-23,37184.87562430512
Bawang Putih Bonggol/Gorontalo/2024-10-24,37003.17060008278
Bawang Putih Bonggol/Gorontalo/2024-10-25,37150.72498084172
Bawang Putih Bonggol/Gorontalo/2024-10-26,37166.639532816094
Bawang Putih Bonggol/Gorontalo/2024-10-27,37029.19856096878
Bawang Putih Bonggol/Gorontalo/2024-10-28,37190.984308842
Bawang Putih Bonggol/Gorontalo/2024-10-29,37133.94734479784
Bawang Putih Bonggol/Gorontalo/2024-10-30,37111.325782360094
Bawang Putih Bonggol/Gorontalo/2024-10-31,37173.14470644532
Bawang Putih Bonggol/Gorontalo/2024-11-01,37275.208945375416
Bawang Putih Bonggol/Gorontalo/2024-11-02,37179.440534565554
Bawang Putih Bonggol/Gorontalo/2024-11-03,37192.26689932753
Bawang Putih Bonggol/Gorontalo/2024-11-04,37164.02221422758
Bawang Putih Bonggol/Gorontalo/2024-11-05,37151.15303488895
Bawang Putih Bonggol/Gorontalo/2024-11-06,37249.75231168043
Bawang Putih Bonggol/Gorontalo/2024-11-07,37130.71765722412
Bawang Putih Bonggol/Gorontalo/2024-11-08,37188.52931699198
Bawang Putih Bonggol/Gorontalo/2024-11-09,37151.7840390225
Bawang Putih Bonggol/Gorontalo/2024-11-10,37211.0370387302
Bawang Putih Bonggol/Gorontalo/2024-11-11,37206.104038466015
Bawang Putih Bonggol/Gorontalo/2024-11-12,37243.567204666266
Bawang Putih Bonggol/Gorontalo/2024-11-13,37166.101107214046
Bawang Putih Bonggol/Gorontalo/2024-11-14,37185.59301733329
Bawang Putih Bonggol/Gorontalo/2024-11-15,37146.73047001779
Bawang Putih Bonggol/Gorontalo/2024-11-16,37169.25519335572
Bawang Putih Bonggol/Gorontalo/2024-11-17,37209.49701299207
Bawang Putih Bonggol/Gorontalo/2024-11-18,37222.88246234692
Bawang Putih Bonggol/Gorontalo/2024-11-19,37127.35773927176
Bawang Putih Bonggol/Gorontalo/2024-11-20,37239.1395783634
Bawang Putih Bonggol/Gorontalo/2024-11-21,37278.96351422375
Bawang Putih Bonggol/Gorontalo/2024-11-22,37234.4505654287
Bawang Putih Bonggol/Gorontalo/2024-11-23,37336.23347232994
Bawang Putih Bonggol/Gorontalo/2024-11-24,37189.183542342376
Bawang Putih Bonggol/Gorontalo/2024-11-25,37183.57209869858
Bawang Putih Bonggol/Gorontalo/2024-11-26,37141.79740726465
Bawang Putih Bonggol/Gorontalo/2024-11-27,37321.23699961034
Bawang Putih Bonggol/Gorontalo/2024-11-28,37264.00900008862
Bawang Putih Bonggol/Gorontalo/2024-11-29,37210.45321764056
Bawang Putih Bonggol/Gorontalo/2024-11-30,37245.99884408645
Bawang Putih Bonggol/Gorontalo/2024-12-01,37170.55153788462
Bawang Putih Bonggol/Gorontalo/2024-12-02,37400.92597280049
Bawang Putih Bonggol/Gorontalo/2024-12-03,37251.23586632476
Bawang Putih Bonggol/Gorontalo/2024-12-04,37259.863105088174
Bawang Putih Bonggol/Gorontalo/2024-12-05,37313.41707321378
Bawang Putih Bonggol/Gorontalo/2024-12-06,37308.33040127984
Bawang Putih Bonggol/Gorontalo/2024-12-07,37313.60126373188
Bawang Putih Bonggol/Gorontalo/2024-12-08,37236.17981187956
Bawang Putih Bonggol/Gorontalo/2024-12-09,37320.44542382699
Bawang Putih Bonggol/Gorontalo/2024-12-10,37412.46759624239
Bawang Putih Bonggol/Gorontalo/2024-12-11,37387.39700684784
Bawang Putih Bonggol/Gorontalo/2024-12-12,37421.65901779039
Bawang Putih Bonggol/Gorontalo/2024-12-13,37314.93952002044
Bawang Putih Bonggol/Gorontalo/2024-12-14,37311.31910962968
Bawang Putih Bonggol/Gorontalo/2024-12-15,37363.55394510071
Bawang Putih Bonggol/Gorontalo/2024-12-16,37357.65348944871
Bawang Putih Bonggol/Gorontalo/2024-12-17,37413.65927625827
Bawang Putih Bonggol/Gorontalo/2024-12-18,37235.544618996704
Bawang Putih Bonggol/Gorontalo/2024-12-19,37438.9836679723
Bawang Putih Bonggol/Gorontalo/2024-12-20,37341.54162890043
Bawang Putih Bonggol/Gorontalo/2024-12-21,37324.27594334267
Bawang Putih Bonggol/Gorontalo/2024-12-22,37284.54686671355
Bawang Putih Bonggol/Gorontalo/2024-12-23,37226.43507010362
Bawang Putih Bonggol/Gorontalo/2024-12-24,37379.42916468713
Bawang Putih Bonggol/Gorontalo/2024-12-25,37305.756493451234
Bawang Putih Bonggol/Gorontalo/2024-12-26,37216.99551179206
Bawang Putih Bonggol/Gorontalo/2024-12-27,37208.01226602048
Bawang Putih Bonggol/Gorontalo/2024-12-28,37255.93500529603
Bawang Putih Bonggol/Gorontalo/2024-12-29,37375.805257217806
Bawang Putih Bonggol/Gorontalo/2024-12-30,37241.45472165295
Bawang Putih Bonggol/Gorontalo/2024-12-31,37165.66232543843
Bawang Putih Bonggol/Jambi/2024-10-01,37246.97417086396
Bawang Putih Bonggol/Jambi/2024-10-02,37243.49236866236
Bawang Putih Bonggol/Jambi/2024-10-03,37081.86044569685
Bawang Putih Bonggol/Jambi/2024-10-04,37206.12663796963
Bawang Putih Bonggol/Jambi/2024-10-05,37179.82620469267
Bawang Putih Bonggol/Jambi/2024-10-06,37236.063368456016
Bawang Putih Bonggol/Jambi/2024-10-07,37301.0471408409
Bawang Putih Bonggol/Jambi/2024-10-08,37265.57547511892
Bawang Putih Bonggol/Jambi/2024-10-09,37217.65107831978
Bawang Putih Bonggol/Jambi/2024-10-10,37176.15566121365
Bawang Putih Bonggol/Jambi/2024-10-11,37409.27560768648
Bawang Putih Bonggol/Jambi/2024-10-12,37261.560766791685
Bawang Putih Bonggol/Jambi/2024-10-13,37261.84735473747
Bawang Putih Bonggol/Jambi/2024-10-14,37266.69172786529
Bawang Putih Bonggol/Jambi/2024-10-15,37291.41312907098
Bawang Putih Bonggol/Jambi/2024-10-16,37283.90053412916
Bawang Putih Bonggol/Jambi/2024-10-17,37234.65658234125
Bawang Putih Bonggol/Jambi/2024-10-18,37236.55593100693
Bawang Putih Bonggol/Jambi/2024-10-19,37263.91564088947
Bawang Putih Bonggol/Jambi/2024-10-20,37226.63948822863
Bawang Putih Bonggol/Jambi/2024-10-21,37205.39985917044
Bawang Putih Bonggol/Jambi/2024-10-22,37244.67170599164
Bawang Putih Bonggol/Jambi/2024-10-23,37219.84760503722
Bawang Putih Bonggol/Jambi/2024-10-24,37326.697251651465
Bawang Putih Bonggol/Jambi/2024-10-25,37070.75156534791
Bawang Putih Bonggol/Jambi/2024-10-26,37297.7441645257
Bawang Putih Bonggol/Jambi/2024-10-27,37307.85375549083
Bawang Putih Bonggol/Jambi/2024-10-28,37105.60239231001
Bawang Putih Bonggol/Jambi/2024-10-29,37209.73450331021
Bawang Putih Bonggol/Jambi/2024-10-30,37184.94250392484
Bawang Putih Bonggol/Jambi/2024-10-31,37135.23852153181
Bawang Putih Bonggol/Jambi/2024-11-01,37145.16855275954
Bawang Putih Bonggol/Jambi/2024-11-02,37095.65437003669
Bawang Putih Bonggol/Jambi/2024-11-03,37273.54034548997
Bawang Putih Bonggol/Jambi/2024-11-04,37218.23407225172
Bawang Putih Bonggol/Jambi/2024-11-05,37249.81990471072
Bawang Putih Bonggol/Jambi/2024-11-06,37240.14234449932
Bawang Putih Bonggol/Jambi/2024-11-07,37147.42009498185
Bawang Putih Bonggol/Jambi/2024-11-08,37201.51929295412
Bawang Putih Bonggol/Jambi/2024-11-09,37246.94370254398
Bawang Putih Bonggol/Jambi/2024-11-10,37137.41279094359
Bawang Putih Bonggol/Jambi/2024-11-11,37245.739503534205
Bawang Putih Bonggol/Jambi/2024-11-12,37181.60016761284
Bawang Putih Bonggol/Jambi/2024-11-13,37182.37015588413
Bawang Putih Bonggol/Jambi/2024-11-14,37246.8739374762
Bawang Putih Bonggol/Jambi/2024-11-15,37226.1986747592
Bawang Putih Bonggol/Jambi/2024-11-16,37192.248416889546
Bawang Putih Bonggol/Jambi/2024-11-17,37282.9718587337
Bawang Putih Bonggol/Jambi/2024-11-18,37155.62362350029
Bawang Putih Bonggol/Jambi/2024-11-19,37265.516423025976
Bawang Putih Bonggol/Jambi/2024-11-20,37260.41316455333
Bawang Putih Bonggol/Jambi/2024-11-21,37209.377793739644
Bawang Putih Bonggol/Jambi/2024-11-22,37256.65278327048
Bawang Putih Bonggol/Jambi/2024-11-23,37152.78970444421
Bawang Putih Bonggol/Jambi/2024-11-24,37294.48832600367
Bawang Putih Bonggol/Jambi/2024-11-25,37218.34769601196
Bawang Putih Bonggol/Jambi/2024-11-26,37193.88341058536
Bawang Putih Bonggol/Jambi/2024-11-27,37293.15911765222
Bawang Putih Bonggol/Jambi/2024-11-28,37183.96918587978
Bawang Putih Bonggol/Jambi/2024-11-29,37151.42392372878
Bawang Putih Bonggol/Jambi/2024-11-30,37120.68856735389
Bawang Putih Bonggol/Jambi/2024-12-01,37238.49423589994
Bawang Putih Bonggol/Jambi/2024-12-02,37113.30921398502
Bawang Putih Bonggol/Jambi/2024-12-03,37278.26761384201
Bawang Putih Bonggol/Jambi/2024-12-04,37045.76576011077
Bawang Putih Bonggol/Jambi/2024-12-05,37281.3378295046
Bawang Putih Bonggol/Jambi/2024-12-06,37200.00973085192
Bawang Putih Bonggol/Jambi/2024-12-07,37177.99411879703
Bawang Putih Bonggol/Jambi/2024-12-08,37165.05514020495
Bawang Putih Bonggol/Jambi/2024-12-09,37209.1087071474
Bawang Putih Bonggol/Jambi/2024-12-10,37204.27162275207
Bawang Putih Bonggol/Jambi/2024-12-11,37260.69815613798
Bawang Putih Bonggol/Jambi/2024-12-12,37207.17696191399
Bawang Putih Bonggol/Jambi/2024-12-13,37221.22120071576
Bawang Putih Bonggol/Jambi/2024-12-14,37200.33150921119
Bawang Putih Bonggol/Jambi/2024-12-15,37219.33544688446
Bawang Putih Bonggol/Jambi/2024-12-16,37241.80134042789
Bawang Putih Bonggol/Jambi/2024-12-17,37110.02698350899
Bawang Putih Bonggol/Jambi/2024-12-18,37125.43061552269
Bawang Putih Bonggol/Jambi/2024-12-19,37237.54487028137
Bawang Putih Bonggol/Jambi/2024-12-20,37194.51189082502
Bawang Putih Bonggol/Jambi/2024-12-21,37168.00883007106
Bawang Putih Bonggol/Jambi/2024-12-22,37174.55818830413
Bawang Putih Bonggol/Jambi/2024-12-23,37208.582538104645
Bawang Putih Bonggol/Jambi/2024-12-24,37162.96246187818
Bawang Putih Bonggol/Jambi/2024-12-25,37137.47137934136
Bawang Putih Bonggol/Jambi/2024-12-26,37191.19952494032
Bawang Putih Bonggol/Jambi/2024-12-27,37116.65498351613
Bawang Putih Bonggol/Jambi/2024-12-28,37196.15705450323
Bawang Putih Bonggol/Jambi/2024-12-29,37056.28532862565
Bawang Putih Bonggol/Jambi/2024-12-30,37217.8381127373
Bawang Putih Bonggol/Jambi/2024-12-31,37184.49221155026
Bawang Putih Bonggol/Jawa Barat/2024-10-01,37170.5747969543
Bawang Putih Bonggol/Jawa Barat/2024-10-02,37229.04358251641
Bawang Putih Bonggol/Jawa Barat/2024-10-03,37277.73474529239
Bawang Putih Bonggol/Jawa Barat/2024-10-04,37272.9363558439
Bawang Putih Bonggol/Jawa Barat/2024-10-05,37107.76825759132
Bawang Putih Bonggol/Jawa Barat/2024-10-06,37146.32333839519
Bawang Putih Bonggol/Jawa Barat/2024-10-07,37179.52991101504
Bawang Putih Bonggol/Jawa Barat/2024-10-08,37200.72755717732
Bawang Putih Bonggol/Jawa Barat/2024-10-09,37211.284314546734
Bawang Putih Bonggol/Jawa Barat/2024-10-10,37124.56361995456
Bawang Putih Bonggol/Jawa Barat/2024-10-11,37194.03202156436
Bawang Putih Bonggol/Jawa Barat/2024-10-12,37138.80587158474
Bawang Putih Bonggol/Jawa Barat/2024-10-13,37141.66210871752
Bawang Putih Bonggol/Jawa Barat/2024-10-14,37080.07992168924
Bawang Putih Bonggol/Jawa Barat/2024-10-15,37090.94137459633
Bawang Putih Bonggol/Jawa Barat/2024-10-16,37054.34232168784
Bawang Putih Bonggol/Jawa Barat/2024-10-17,37052.18070414376
Bawang Putih Bonggol/Jawa Barat/2024-10-18,37161.01062872782
Bawang Putih Bonggol/Jawa Barat/2024-10-19,37029.45874086588
Bawang Putih Bonggol/Jawa Barat/2024-10-20,37254.20586162999
Bawang Putih Bonggol/Jawa Barat/2024-10-21,37136.534484182455
Bawang Putih Bonggol/Jawa Barat/2024-10-22,37142.1620414744
Bawang Putih Bonggol/Jawa Barat/2024-10-23,37097.41368032048
Bawang Putih Bonggol/Jawa Barat/2024-10-24,37189.79261926797
Bawang Putih Bonggol/Jawa Barat/2024-10-25,37127.576076344005
Bawang Putih Bonggol/Jawa Barat/2024-10-26,37151.799126915816
Bawang Putih Bonggol/Jawa Barat/2024-10-27,37307.18327638232
Bawang Putih Bonggol/Jawa Barat/2024-10-28,37160.22255130604
Bawang Putih Bonggol/Jawa Barat/2024-10-29,37261.8962367496
Bawang Putih Bonggol/Jawa Barat/2024-10-30,37158.08854591692
Bawang Putih Bonggol/Jawa Barat/2024-10-31,37213.94728050162
Bawang Putih Bonggol/Jawa Barat/2024-11-01,37332.01931706405
Bawang Putih Bonggol/Jawa Barat/2024-11-02,37176.844829852416
Bawang Putih Bonggol/Jawa Barat/2024-11-03,37344.82926085083
Bawang Putih Bonggol/Jawa Barat/2024-11-04,37283.88440269577
Bawang Putih Bonggol/Jawa Barat/2024-11-05,37231.783871731575
Bawang Putih Bonggol/Jawa Barat/2024-11-06,37315.37725179535
Bawang Putih Bonggol/Jawa Barat/2024-11-07,37329.89193410857
Bawang Putih Bonggol/Jawa Barat/2024-11-08,37331.43937055452
Bawang Putih Bonggol/Jawa Barat/2024-11-09,37193.78774143045
Bawang Putih Bonggol/Jawa Barat/2024-11-10,37244.739778006566
Bawang Putih Bonggol/Jawa Barat/2024-11-11,37272.26576435355
Bawang Putih Bonggol/Jawa Barat/2024-11-12,37266.83848493252
Bawang Putih Bonggol/Jawa Barat/2024-11-13,37296.31597811209
Bawang Putih Bonggol/Jawa Barat/2024-11-14,37262.90921574456
Bawang Putih Bonggol/Jawa Barat/2024-11-15,37184.99314108543
Bawang Putih Bonggol/Jawa Barat/2024-11-16,37288.23556373567
Bawang Putih Bonggol/Jawa Barat/2024-11-17,37296.06276840235
Bawang Putih Bonggol/Jawa Barat/2024-11-18,37293.79910813944
Bawang Putih Bonggol/Jawa Barat/2024-11-19,37328.059750840446
Bawang Putih Bonggol/Jawa Barat/2024-11-20,37326.40041601748
Bawang Putih Bonggol/Jawa Barat/2024-11-21,37330.11191380119
Bawang Putih Bonggol/Jawa Barat/2024-11-22,37306.07763649247
Bawang Putih Bonggol/Jawa Barat/2024-11-23,37211.7052903632
Bawang Putih Bonggol/Jawa Barat/2024-11-24,37334.582669023686
Bawang Putih Bonggol/Jawa Barat/2024-11-25,37310.01369169436
Bawang Putih Bonggol/Jawa Barat/2024-11-26,37308.76337600275
Bawang Putih Bonggol/Jawa Barat/2024-11-27,37209.93453761189
Bawang Putih Bonggol/Jawa Barat/2024-11-28,37215.7594293944
Bawang Putih Bonggol/Jawa Barat/2024-11-29,37347.488941007614
Bawang Putih Bonggol/Jawa Barat/2024-11-30,37266.24744784991
Bawang Putih Bonggol/Jawa Barat/2024-12-01,37307.51616188994
Bawang Putih Bonggol/Jawa Barat/2024-12-02,37268.75091297576
Bawang Putih Bonggol/Jawa Barat/2024-12-03,37284.65318539803
Bawang Putih Bonggol/Jawa Barat/2024-12-04,37351.498477844354
Bawang Putih Bonggol/Jawa Barat/2024-12-05,37255.80019514677
Bawang Putih Bonggol/Jawa Barat/2024-12-06,37299.80721746727
Bawang Putih Bonggol/Jawa Barat/2024-12-07,37262.69552465305
Bawang Putih Bonggol/Jawa Barat/2024-12-08,37264.80503787633
Bawang Putih Bonggol/Jawa Barat/2024-12-09,37266.74132640756
Bawang Putih Bonggol/Jawa Barat/2024-12-10,37283.9115395086
Bawang Putih Bonggol/Jawa Barat/2024-12-11,37242.62699806521
Bawang Putih Bonggol/Jawa Barat/2024-12-12,37344.09615108505
Bawang Putih Bonggol/Jawa Barat/2024-12-13,37217.10859235291
Bawang Putih Bonggol/Jawa Barat/2024-12-14,37262.45360090024
Bawang Putih Bonggol/Jawa Barat/2024-12-15,37244.08243515372
Bawang Putih Bonggol/Jawa Barat/2024-12-16,37354.494940577286
Bawang Putih Bonggol/Jawa Barat/2024-12-17,37285.341810994825
Bawang Putih Bonggol/Jawa Barat/2024-12-18,37334.201968770496
Bawang Putih Bonggol/Jawa Barat/2024-12-19,37198.53436085776
Bawang Putih Bonggol/Jawa Barat/2024-12-20,37308.66429740325
Bawang Putih Bonggol/Jawa Barat/2024-12-21,37349.04372589123
Bawang Putih Bonggol/Jawa Barat/2024-12-22,37290.8382159452
Bawang Putih Bonggol/Jawa Barat/2024-12-23,37358.43780833458
Bawang Putih Bonggol/Jawa Barat/2024-12-24,37264.12123542327
Bawang Putih Bonggol/Jawa Barat/2024-12-25,37404.05942770913
Bawang Putih Bonggol/Jawa Barat/2024-12-26,37466.23583376597
Bawang Putih Bonggol/Jawa Barat/2024-12-27,37316.23483481743
Bawang Putih Bonggol/Jawa Barat/2024-12-28,37331.665541066526
Bawang Putih Bonggol/Jawa Barat/2024-12-29,37451.0935403701
Bawang Putih Bonggol/Jawa Barat/2024-12-30,37479.92885509916
Bawang Putih Bonggol/Jawa Barat/2024-12-31,37356.36865192447
Bawang Putih Bonggol/Jawa Tengah/2024-10-01,37358.72352516597
Bawang Putih Bonggol/Jawa Tengah/2024-10-02,37380.08912673997
Bawang Putih Bonggol/Jawa Tengah/2024-10-03,37316.338787628745
Bawang Putih Bonggol/Jawa Tengah/2024-10-04,37318.2378890091
Bawang Putih Bonggol/Jawa Tengah/2024-10-05,37282.72277908344
Bawang Putih Bonggol/Jawa Tengah/2024-10-06,37284.37496126406
Bawang Putih Bonggol/Jawa Tengah/2024-10-07,37313.36950657945
Bawang Putih Bonggol/Jawa Tengah/2024-10-08,37313.71094368522
Bawang Putih Bonggol/Jawa Tengah/2024-10-09,37394.50773116005
Bawang Putih Bonggol/Jawa Tengah/2024-10-10,37244.27689387788
Bawang Putih Bonggol/Jawa Tengah/2024-10-11,37375.229484453404
Bawang Putih Bonggol/Jawa Tengah/2024-10-12,37309.04531081901
Bawang Putih Bonggol/Jawa Tengah/2024-10-13,37321.23654516456
Bawang Putih Bonggol/Jawa Tengah/2024-10-14,37366.6625324464
Bawang Putih Bonggol/Jawa Tengah/2024-10-15,37247.38363516114
Bawang Putih Bonggol/Jawa Tengah/2024-10-16,37350.26294447123
Bawang Putih Bonggol/Jawa Tengah/2024-10-17,37325.13741358689
Bawang Putih Bonggol/Jawa Tengah/2024-10-18,37347.731590812575
Bawang Putih Bonggol/Jawa Tengah/2024-10-19,37338.13936455357
Bawang Putih Bonggol/Jawa Tengah/2024-10-20,37472.08094202445
Bawang Putih Bonggol/Jawa Tengah/2024-10-21,37309.92488063929
Bawang Putih Bonggol/Jawa Tengah/2024-10-22,37323.99979228352
Bawang Putih Bonggol/Jawa Tengah/2024-10-23,37321.28240015273
Bawang Putih Bonggol/Jawa Tengah/2024-10-24,37318.43831613697
Bawang Putih Bonggol/Jawa Tengah/2024-10-25,37304.16182721008
Bawang Putih Bonggol/Jawa Tengah/2024-10-26,37388.34982774647
Bawang Putih Bonggol/Jawa Tengah/2024-10-27,37410.325762731816
Bawang Putih Bonggol/Jawa Tengah/2024-10-28,37300.24871470736
Bawang Putih Bonggol/Jawa Tengah/2024-10-29,37292.56687282881
Bawang Putih Bonggol/Jawa Tengah/2024-10-30,37373.12335042208
Bawang Putih Bonggol/Jawa Tengah/2024-10-31,37311.07398761249
Bawang Putih Bonggol/Jawa Tengah/2024-11-01,37371.85729351394
Bawang Putih Bonggol/Jawa Tengah/2024-11-02,37335.675294878936
Bawang Putih Bonggol/Jawa Tengah/2024-11-03,37238.58174615749
Bawang Putih Bonggol/Jawa Tengah/2024-11-04,37428.04544196964
Bawang Putih Bonggol/Jawa Tengah/2024-11-05,37438.16511495452
Bawang Putih Bonggol/Jawa Tengah/2024-11-06,37306.4284311543
Bawang Putih Bonggol/Jawa Tengah/2024-11-07,37324.25030621162
Bawang Putih Bonggol/Jawa Tengah/2024-11-08,37369.368816698174
Bawang Putih Bonggol/Jawa Tengah/2024-11-09,37387.69133713104
Bawang Putih Bonggol/Jawa Tengah/2024-11-10,37394.98438620287
Bawang Putih Bonggol/Jawa Tengah/2024-11-11,37473.78850009348
Bawang Putih Bonggol/Jawa Tengah/2024-11-12,37364.74419548554
Bawang Putih Bonggol/Jawa Tengah/2024-11-13,37344.29710166376
Bawang Putih Bonggol/Jawa Tengah/2024-11-14,37307.90305075539
Bawang Putih Bonggol/Jawa Tengah/2024-11-15,37334.11119222608
Bawang Putih Bonggol/Jawa Tengah/2024-11-16,37358.55235967832
Bawang Putih Bonggol/Jawa Tengah/2024-11-17,37446.87768354909
Bawang Putih Bonggol/Jawa Tengah/2024-11-18,37310.55202443956
Bawang Putih Bonggol/Jawa Tengah/2024-11-19,37364.75545652739
Bawang Putih Bonggol/Jawa Tengah/2024-11-20,37359.82677145941
Bawang Putih Bonggol/Jawa Tengah/2024-11-21,37437.950765707865
Bawang Putih Bonggol/Jawa Tengah/2024-11-22,37527.43399849504
Bawang Putih Bonggol/Jawa Tengah/2024-11-23,37346.605876631584
Bawang Putih Bonggol/Jawa Tengah/2024-11-24,37375.23909995976
Bawang Putih Bonggol/Jawa Tengah/2024-11-25,37476.4043570195
Bawang Putih Bonggol/Jawa Tengah/2024-11-26,37462.68390101783
Bawang Putih Bonggol/Jawa Tengah/2024-11-27,37536.55947865273
Bawang Putih Bonggol/Jawa Tengah/2024-11-28,37458.90649108689
Bawang Putih Bonggol/Jawa Tengah/2024-11-29,37431.59991121727
Bawang Putih Bonggol/Jawa Tengah/2024-11-30,37506.2695464189
Bawang Putih Bonggol/Jawa Tengah/2024-12-01,37537.12185524181
Bawang Putih Bonggol/Jawa Tengah/2024-12-02,37526.99079667374
Bawang Putih Bonggol/Jawa Tengah/2024-12-03,37509.10694206772
Bawang Putih Bonggol/Jawa Tengah/2024-12-04,37559.42605174794
Bawang Putih Bonggol/Jawa Tengah/2024-12-05,37586.56107879141
Bawang Putih Bonggol/Jawa Tengah/2024-12-06,37612.077636683134
Bawang Putih Bonggol/Jawa Tengah/2024-12-07,37580.21683358392
Bawang Putih Bonggol/Jawa Tengah/2024-12-08,37545.49520174062
Bawang Putih Bonggol/Jawa Tengah/2024-12-09,37577.053250704936
Bawang Putih Bonggol/Jawa Tengah/2024-12-10,37643.2899436817
Bawang Putih Bonggol/Jawa Tengah/2024-12-11,37519.34124828936
Bawang Putih Bonggol/Jawa Tengah/2024-12-12,37586.87865680098
Bawang Putih Bonggol/Jawa Tengah/2024-12-13,37538.13814879037
Bawang Putih Bonggol/Jawa Tengah/2024-12-14,37564.60770885044
Bawang Putih Bonggol/Jawa Tengah/2024-12-15,37636.06767907432
Bawang Putih Bonggol/Jawa Tengah/2024-12-16,37561.168816058605
Bawang Putih Bonggol/Jawa Tengah/2024-12-17,37566.35807540056
Bawang Putih Bonggol/Jawa Tengah/2024-12-18,37477.82617169345
Bawang Putih Bonggol/Jawa Tengah/2024-12-19,37604.87243077573
Bawang Putih Bonggol/Jawa Tengah/2024-12-20,37592.13930801404
Bawang Putih Bonggol/Jawa Tengah/2024-12-21,37676.78807374794
Bawang Putih Bonggol/Jawa Tengah/2024-12-22,37539.51403838212
Bawang Putih Bonggol/Jawa Tengah/2024-12-23,37584.02046991045
Bawang Putih Bonggol/Jawa Tengah/2024-12-24,37604.90190687061
Bawang Putih Bonggol/Jawa Tengah/2024-12-25,37683.45443327102
Bawang Putih Bonggol/Jawa Tengah/2024-12-26,37586.4957699806
Bawang Putih Bonggol/Jawa Tengah/2024-12-27,37604.13296968751
Bawang Putih Bonggol/Jawa Tengah/2024-12-28,37639.3615532539
Bawang Putih Bonggol/Jawa Tengah/2024-12-29,37619.335329056565
Bawang Putih Bonggol/Jawa Tengah/2024-12-30,37581.508368140174
Bawang Putih Bonggol/Jawa Tengah/2024-12-31,37607.3945493372
Bawang Putih Bonggol/Jawa Timur/2024-10-01,37664.38372310354
Bawang Putih Bonggol/Jawa Timur/2024-10-02,37537.37413568002
Bawang Putih Bonggol/Jawa Timur/2024-10-03,37601.30287665952
Bawang Putih Bonggol/Jawa Timur/2024-10-04,37543.01196801528
Bawang Putih Bonggol/Jawa Timur/2024-10-05,37655.93457900096
Bawang Putih Bonggol/Jawa Timur/2024-10-06,37483.17871346531
Bawang Putih Bonggol/Jawa Timur/2024-10-07,37524.09204911327
Bawang Putih Bonggol/Jawa Timur/2024-10-08,37578.29213454469
Bawang Putih Bonggol/Jawa Timur/2024-10-09,37640.29923582082
Bawang Putih Bonggol/Jawa Timur/2024-10-10,37547.19543367694
Bawang Putih Bonggol/Jawa Timur/2024-10-11,37508.2619950796
Bawang Putih Bonggol/Jawa Timur/2024-10-12,37673.04063045756
Bawang Putih Bonggol/Jawa Timur/2024-10-13,37477.14192646741
Bawang Putih Bonggol/Jawa Timur/2024-10-14,37423.261768133816
Bawang Putih Bonggol/Jawa Timur/2024-10-15,37555.974981657455
Bawang Putih Bonggol/Jawa Timur/2024-10-16,37484.401364237696
Bawang Putih Bonggol/Jawa Timur/2024-10-17,37444.31829984129
Bawang Putih Bonggol/Jawa Timur/2024-10-18,37515.76070271886
Bawang Putih Bonggol/Jawa Timur/2024-10-19,37489.563423079264
Bawang Putih Bonggol/Jawa Timur/2024-10-20,37449.776381652
Bawang Putih Bonggol/Jawa Timur/2024-10-21,37389.65451648332
Bawang Putih Bonggol/Jawa Timur/2024-10-22,37512.53133773393
Bawang Putih Bonggol/Jawa Timur/2024-10-23,37497.94013952063
Bawang Putih Bonggol/Jawa Timur/2024-10-24,37445.57854804737
Bawang Putih Bonggol/Jawa Timur/2024-10-25,37566.587168054844
Bawang Putih Bonggol/Jawa Timur/2024-10-26,37399.90728522039
Bawang Putih Bonggol/Jawa Timur/2024-10-27,37385.31987987588
Bawang Putih Bonggol/Jawa Timur/2024-10-28,37416.690599512986
Bawang Putih Bonggol/Jawa Timur/2024-10-29,37435.83721962484
Bawang Putih Bonggol/Jawa Timur/2024-10-30,37443.56264027204
Bawang Putih Bonggol/Jawa Timur/2024-10-31,37390.36423228309
Bawang Putih Bonggol/Jawa Timur/2024-11-01,37432.26286457098
Bawang Putih Bonggol/Jawa Timur/2024-11-02,37338.014878713046
Bawang Putih Bonggol/Jawa Timur/2024-11-03,37497.67502225551
Bawang Putih Bonggol/Jawa Timur/2024-11-04,37399.77969488048
Bawang Putih Bonggol/Jawa Timur/2024-11-05,37473.256430384645
Bawang Putih Bonggol/Jawa Timur/2024-11-06,37437.37235227903
Bawang Putih Bonggol/Jawa Timur/2024-11-07,37450.72410263696
Bawang Putih Bonggol/Jawa Timur/2024-11-08,37477.36542319839
Bawang Putih Bonggol/Jawa Timur/2024-11-09,37464.95337224252
Bawang Putih Bonggol/Jawa Timur/2024-11-10,37490.00892503066
Bawang Putih Bonggol/Jawa Timur/2024-11-11,37535.69633814904
Bawang Putih Bonggol/Jawa Timur/2024-11-12,37480.38797808008
Bawang Putih Bonggol/Jawa Timur/2024-11-13,37523.78620982715
Bawang Putih Bonggol/Jawa Timur/2024-11-14,37481.6842317272
Bawang Putih Bonggol/Jawa Timur/2024-11-15,37583.64552625385
Bawang Putih Bonggol/Jawa Timur/2024-11-16,37460.06564422333
Bawang Putih Bonggol/Jawa Timur/2024-11-17,37611.54783716616
Bawang Putih Bonggol/Jawa Timur/2024-11-18,37510.77491032246
Bawang Putih Bonggol/Jawa Timur/2024-11-19,37429.23821087857
Bawang Putih Bonggol/Jawa Timur/2024-11-20,37525.04749286479
Bawang Putih Bonggol/Jawa Timur/2024-11-21,37455.74014441052
Bawang Putih Bonggol/Jawa Timur/2024-11-22,37548.959022864445
Bawang Putih Bonggol/Jawa Timur/2024-11-23,37436.52277413965
Bawang Putih Bonggol/Jawa Timur/2024-11-24,37446.000107684325
Bawang Putih Bonggol/Jawa Timur/2024-11-25,37358.83846713958
Bawang Putih Bonggol/Jawa Timur/2024-11-26,37422.84498300928
Bawang Putih Bonggol/Jawa Timur/2024-11-27,37283.25677717462
Bawang Putih Bonggol/Jawa Timur/2024-11-28,37293.83487818283
Bawang Putih Bonggol/Jawa Timur/2024-11-29,37410.944367300486
Bawang Putih Bonggol/Jawa Timur/2024-11-30,37392.32706006442
Bawang Putih Bonggol/Jawa Timur/2024-12-01,37373.81211036111
Bawang Putih Bonggol/Jawa Timur/2024-12-02,37284.77101729871
Bawang Putih Bonggol/Jawa Timur/2024-12-03,37353.34028607766
Bawang Putih Bonggol/Jawa Timur/2024-12-04,37359.24292772074
Bawang Putih Bonggol/Jawa Timur/2024-12-05,37272.51792315525
Bawang Putih Bonggol/Jawa Timur/2024-12-06,37423.36794374164
Bawang Putih Bonggol/Jawa Timur/2024-12-07,37383.32935452027
Bawang Putih Bonggol/Jawa Timur/2024-12-08,37334.03218636967
Bawang Putih Bonggol/Jawa Timur/2024-12-09,37353.30536677876
Bawang Putih Bonggol/Jawa Timur/2024-12-10,37365.474382685126
Bawang Putih Bonggol/Jawa Timur/2024-12-11,37237.552217616016
Bawang Putih Bonggol/Jawa Timur/2024-12-12,37324.35209752763
Bawang Putih Bonggol/Jawa Timur/2024-12-13,37279.05549830623
Bawang Putih Bonggol/Jawa Timur/2024-12-14,37247.69438181993
Bawang Putih Bonggol/Jawa Timur/2024-12-15,37274.16665067183
Bawang Putih Bonggol/Jawa Timur/2024-12-16,37385.84083347957
Bawang Putih Bonggol/Jawa Timur/2024-12-17,37329.2458815975
Bawang Putih Bonggol/Jawa Timur/2024-12-18,37260.10679236439
Bawang Putih Bonggol/Jawa Timur/2024-12-19,37339.46019859906
Bawang Putih Bonggol/Jawa Timur/2024-12-20,37402.915533128384
Bawang Putih Bonggol/Jawa Timur/2024-12-21,37387.55424041655
Bawang Putih Bonggol/Jawa Timur/2024-12-22,37336.70328658582
Bawang Putih Bonggol/Jawa Timur/2024-12-23,37304.01413639745
Bawang Putih Bonggol/Jawa Timur/2024-12-24,37400.33893865475
Bawang Putih Bonggol/Jawa Timur/2024-12-25,37381.54883039818
Bawang Putih Bonggol/Jawa Timur/2024-12-26,37407.83561513217
Bawang Putih Bonggol/Jawa Timur/2024-12-27,37396.33495038396
Bawang Putih Bonggol/Jawa Timur/2024-12-28,37437.54867007859
Bawang Putih Bonggol/Jawa Timur/2024-12-29,37360.63900646607
Bawang Putih Bonggol/Jawa Timur/2024-12-30,37476.21792761802
Bawang Putih Bonggol/Jawa Timur/2024-12-31,37415.326753914
Bawang Putih Bonggol/Kalimantan Barat/2024-10-01,37538.251592571
Bawang Putih Bonggol/Kalimantan Barat/2024-10-02,37383.91744949449
Bawang Putih Bonggol/Kalimantan Barat/2024-10-03,37540.991081265056
Bawang Putih Bonggol/Kalimantan Barat/2024-10-04,37467.9894201426
Bawang Putih Bonggol/Kalimantan Barat/2024-10-05,37418.30113851306
Bawang Putih Bonggol/Kalimantan Barat/2024-10-06,37434.21721101175
Bawang Putih Bonggol/Kalimantan Barat/2024-10-07,37425.62758631953
Bawang Putih Bonggol/Kalimantan Barat/2024-10-08,37475.78704035666
Bawang Putih Bonggol/Kalimantan Barat/2024-10-09,37464.1295596022
Bawang Putih Bonggol/Kalimantan Barat/2024-10-10,37396.438203538
Bawang Putih Bonggol/Kalimantan Barat/2024-10-11,37434.199148448
Bawang Putih Bonggol/Kalimantan Barat/2024-10-12,37567.38609802755
Bawang Putih Bonggol/Kalimantan Barat/2024-10-13,37553.95308689194
Bawang Putih Bonggol/Kalimantan Barat/2024-10-14,37489.41243582615
Bawang Putih Bonggol/Kalimantan Barat/2024-10-15,37482.30944735801
Bawang Putih Bonggol/Kalimantan Barat/2024-10-16,37508.424140610434
Bawang Putih Bonggol/Kalimantan Barat/2024-10-17,37547.64849806417
Bawang Putih Bonggol/Kalimantan Barat/2024-10-18,37435.59226955609
Bawang Putih Bonggol/Kalimantan Barat/2024-10-19,37471.58973014741
Bawang Putih Bonggol/Kalimantan Barat/2024-10-20,37378.84086220645
Bawang Putih Bonggol/Kalimantan Barat/2024-10-21,37492.82526367631
Bawang Putih Bonggol/Kalimantan Barat/2024-10-22,37492.37377770922
Bawang Putih Bonggol/Kalimantan Barat/2024-10-23,37409.24415481293
Bawang Putih Bonggol/Kalimantan Barat/2024-10-24,37541.56361464917
Bawang Putih Bonggol/Kalimantan Barat/2024-10-25,37372.41623708435
Bawang Putih Bonggol/Kalimantan Barat/2024-10-26,37367.60226618639
Bawang Putih Bonggol/Kalimantan Barat/2024-10-27,37451.345670550414
Bawang Putih Bonggol/Kalimantan Barat/2024-10-28,37485.23370380426
Bawang Putih Bonggol/Kalimantan Barat/2024-10-29,37530.57979424069
Bawang Putih Bonggol/Kalimantan Barat/2024-10-30,37394.731851282304
Bawang Putih Bonggol/Kalimantan Barat/2024-10-31,37511.68118892071
Bawang Putih Bonggol/Kalimantan Barat/2024-11-01,37461.693347920416
Bawang Putih Bonggol/Kalimantan Barat/2024-11-02,37455.84842539951
Bawang Putih Bonggol/Kalimantan Barat/2024-11-03,37516.57156134798
Bawang Putih Bonggol/Kalimantan Barat/2024-11-04,37496.53503917496
Bawang Putih Bonggol/Kalimantan Barat/2024-11-05,37376.4509245344
Bawang Putih Bonggol/Kalimantan Barat/2024-11-06,37554.172560198014
Bawang Putih Bonggol/Kalimantan Barat/2024-11-07,37551.28691175883
Bawang Putih Bonggol/Kalimantan Barat/2024-11-08,37439.32292917764
Bawang Putih Bonggol/Kalimantan Barat/2024-11-09,37501.497836500246
Bawang Putih Bonggol/Kalimantan Barat/2024-11-10,37509.25309920476
Bawang Putih Bonggol/Kalimantan Barat/2024-11-11,37514.45638805486
Bawang Putih Bonggol/Kalimantan Barat/2024-11-12,37454.32037847521
Bawang Putih Bonggol/Kalimantan Barat/2024-11-13,37436.14528778676
Bawang Putih Bonggol/Kalimantan Barat/2024-11-14,37477.51515902347
Bawang Putih Bonggol/Kalimantan Barat/2024-11-15,37541.669535401554
Bawang Putih Bonggol/Kalimantan Barat/2024-11-16,37500.26653444304
Bawang Putih Bonggol/Kalimantan Barat/2024-11-17,37445.61515032689
Bawang Putih Bonggol/Kalimantan Barat/2024-11-18,37524.25685881562
Bawang Putih Bonggol/Kalimantan Barat/2024-11-19,37308.11898366111
Bawang Putih Bonggol/Kalimantan Barat/2024-11-20,37540.468603136906
Bawang Putih Bonggol/Kalimantan Barat/2024-11-21,37339.89116064774
Bawang Putih Bonggol/Kalimantan Barat/2024-11-22,37407.24062512033
Bawang Putih Bonggol/Kalimantan Barat/2024-11-23,37347.73082695645
Bawang Putih Bonggol/Kalimantan Barat/2024-11-24,37308.51550975378
Bawang Putih Bonggol/Kalimantan Barat/2024-11-25,37460.20477909076
Bawang Putih Bonggol/Kalimantan Barat/2024-11-26,37330.14886786864
Bawang Putih Bonggol/Kalimantan Barat/2024-11-27,37387.17991652009
Bawang Putih Bonggol/Kalimantan Barat/2024-11-28,37358.51762095231
Bawang Putih Bonggol/Kalimantan Barat/2024-11-29,37395.98191727517
Bawang Putih Bonggol/Kalimantan Barat/2024-11-30,37381.72989287974
Bawang Putih Bonggol/Kalimantan Barat/2024-12-01,37284.25815502314
Bawang Putih Bonggol/Kalimantan Barat/2024-12-02,37426.6778393201
Bawang Putih Bonggol/Kalimantan Barat/2024-12-03,37329.112717322176
Bawang Putih Bonggol/Kalimantan Barat/2024-12-04,37261.2940979155
Bawang Putih Bonggol/Kalimantan Barat/2024-12-05,37314.04850853753
Bawang Putih Bonggol/Kalimantan Barat/2024-12-06,37417.91734650098
Bawang Putih Bonggol/Kalimantan Barat/2024-12-07,37387.408381337256
Bawang Putih Bonggol/Kalimantan Barat/2024-12-08,37308.38442777308
Bawang Putih Bonggol/Kalimantan Barat/2024-12-09,37317.57859147248
Bawang Putih Bonggol/Kalimantan Barat/2024-12-10,37330.98015162075
Bawang Putih Bonggol/Kalimantan Barat/2024-12-11,37478.24389390506
Bawang Putih Bonggol/Kalimantan Barat/2024-12-12,37369.03101506695
Bawang Putih Bonggol/Kalimantan Barat/2024-12-13,37379.9212278852
Bawang Putih Bonggol/Kalimantan Barat/2024-12-14,37436.49742933969
Bawang Putih Bonggol/Kalimantan Barat/2024-12-15,37405.46895358531
Bawang Putih Bonggol/Kalimantan Barat/2024-12-16,37387.75076217098
Bawang Putih Bonggol/Kalimantan Barat/2024-12-17,37378.82442762518
Bawang Putih Bonggol/Kalimantan Barat/2024-12-18,37389.7942185462
Bawang Putih Bonggol/Kalimantan Barat/2024-12-19,37390.77909974934
Bawang Putih Bonggol/Kalimantan Barat/2024-12-20,37428.88412823118
Bawang Putih Bonggol/Kalimantan Barat/2024-12-21,37388.08372318144
Bawang Putih Bonggol/Kalimantan Barat/2024-12-22,37434.90956916955
Bawang Putih Bonggol/Kalimantan Barat/2024-12-23,37392.233343554224
Bawang Putih Bonggol/Kalimantan Barat/2024-12-24,37406.17713449358
Bawang Putih Bonggol/Kalimantan Barat/2024-12-25,37278.26759325431
Bawang Putih Bonggol/Kalimantan Barat/2024-12-26,37442.57311067436
Bawang Putih Bonggol/Kalimantan Barat/2024-12-27,37401.50829795546
Bawang Putih Bonggol/Kalimantan Barat/2024-12-28,37435.37322287876
Bawang Putih Bonggol/Kalimantan Barat/2024-12-29,37199.54079328555
Bawang Putih Bonggol/Kalimantan Barat/2024-12-30,37496.48937733107
Bawang Putih Bonggol/Kalimantan Barat/2024-12-31,37371.71391744127
Bawang Putih Bonggol/Kalimantan Selatan/2024-10-01,37439.62274696009
Bawang Putih Bonggol/Kalimantan Selatan/2024-10-02,37310.53133477301
Bawang Putih Bonggol/Kalimantan Selatan/2024-10-03,37407.28607000801
Bawang Putih Bonggol/Kalimantan Selatan/2024-10-04,37331.45607021111
Bawang Putih Bonggol/Kalimantan Selatan/2024-10-05,37330.83749618114
Bawang Putih Bonggol/Kalimantan Selatan/2024-10-06,37480.72849189306
Bawang Putih Bonggol/Kalimantan Selatan/2024-10-07,37344.71868525269
Bawang Putih Bonggol/Kalimantan Selatan/2024-10-08,37386.2909648084
Bawang Putih Bonggol/Kalimantan Selatan/2024-10-09,37425.51108694773
Bawang Putih Bonggol/Kalimantan Selatan/2024-10-10,37416.43058303063
Bawang Putih Bonggol/Kalimantan Selatan/2024-10-11,37408.77902654954
Bawang Putih Bonggol/Kalimantan Selatan/2024-10-12,37412.60813497509
Bawang Putih Bonggol/Kalimantan Selatan/2024-10-13,37553.64946857614
Bawang Putih Bonggol/Kalimantan Selatan/2024-10-14,37419.03405578353
Bawang Putih Bonggol/Kalimantan Selatan/2024-10-15,37446.29684959959
Bawang Putih Bonggol/Kalimantan Selatan/2024-10-16,37508.4333273473
Bawang Putih Bonggol/Kalimantan Selatan/2024-10-17,37525.02554209666
Bawang Putih Bonggol/Kalimantan Selatan/2024-10-18,37546.65625247796
Bawang Putih Bonggol/Kalimantan Selatan/2024-10-19,37513.32022099613
Bawang Putih Bonggol/Kalimantan Selatan/2024-10-20,37425.99962540996
Bawang Putih Bonggol/Kalimantan Selatan/2024-10-21,37604.51370829927
Bawang Putih Bonggol/Kalimantan Selatan/2024-10-22,37432.53726945663
Bawang Putih Bonggol/Kalimantan Selatan/2024-10-23,37516.07248144115
Bawang Putih Bonggol/Kalimantan Selatan/2024-10-24,37440.651038445925
Bawang Putih Bonggol/Kalimantan Selatan/2024-10-25,37475.920180213696
Bawang Putih Bonggol/Kalimantan Selatan/2024-10-26,37503.61361756793
Bawang Putih Bonggol/Kalimantan Selatan/2024-10-27,37481.6409664877
Bawang Putih Bonggol/Kalimantan Selatan/2024-10-28,37498.04746896017
Bawang Putih Bonggol/Kalimantan Selatan/2024-10-29,37570.27399950338
Bawang Putih Bonggol/Kalimantan Selatan/2024-10-30,37516.50553570678
Bawang Putih Bonggol/Kalimantan Selatan/2024-10-31,37485.61745376535
Bawang Putih Bonggol/Kalimantan Selatan/2024-11-01,37563.93830979839
Bawang Putih Bonggol/Kalimantan Selatan/2024-11-02,37587.198115718464
Bawang Putih Bonggol/Kalimantan Selatan/2024-11-03,37448.15517360934
Bawang Putih Bonggol/Kalimantan Selatan/2024-11-04,37553.35640090288
Bawang Putih Bonggol/Kalimantan Selatan/2024-11-05,37561.050325827935
Bawang Putih Bonggol/Kalimantan Selatan/2024-11-06,37507.5969751357
Bawang Putih Bonggol/Kalimantan Selatan/2024-11-07,37605.54113512664
Bawang Putih Bonggol/Kalimantan Selatan/2024-11-08,37509.38482411816
Bawang Putih Bonggol/Kalimantan Selatan/2024-11-09,37545.02248812524
Bawang Putih Bonggol/Kalimantan Selatan/2024-11-10,37523.463093795246
Bawang Putih Bonggol/Kalimantan Selatan/2024-11-11,37529.5260892778
Bawang Putih Bonggol/Kalimantan Selatan/2024-11-12,37461.3989134975
Bawang Putih Bonggol/Kalimantan Selatan/2024-11-13,37418.54694788061
Bawang Putih Bonggol/Kalimantan Selatan/2024-11-14,37593.50833821816
Bawang Putih Bonggol/Kalimantan Selatan/2024-11-15,37432.05423436414
Bawang Putih Bonggol/Kalimantan Selatan/2024-11-16,37415.94867948454
Bawang Putih Bonggol/Kalimantan Selatan/2024-11-17,37328.18022981448
Bawang Putih Bonggol/Kalimantan Selatan/2024-11-18,37404.01161347018
Bawang Putih Bonggol/Kalimantan Selatan/2024-11-19,37344.33416571646
Bawang Putih Bonggol/Kalimantan Selatan/2024-11-20,37483.44183153548
Bawang Putih Bonggol/Kalimantan Selatan/2024-11-21,37441.7506826325
Bawang Putih Bonggol/Kalimantan Selatan/2024-11-22,37345.27853084009
Bawang Putih Bonggol/Kalimantan Selatan/2024-11-23,37544.24213678762
Bawang Putih Bonggol/Kalimantan Selatan/2024-11-24,37477.43320922206
Bawang Putih Bonggol/Kalimantan Selatan/2024-11-25,37422.07766398117
Bawang Putih Bonggol/Kalimantan Selatan/2024-11-26,37284.032491685415
Bawang Putih Bonggol/Kalimantan Selatan/2024-11-27,37569.34071450911
Bawang Putih Bonggol/Kalimantan Selatan/2024-11-28,37351.52663360851
Bawang Putih Bonggol/Kalimantan Selatan/2024-11-29,37310.95265999763
Bawang Putih Bonggol/Kalimantan Selatan/2024-11-30,37455.75220741605
Bawang Putih Bonggol/Kalimantan Selatan/2024-12-01,37539.30271637165
Bawang Putih Bonggol/Kalimantan Selatan/2024-12-02,37505.58061201192
Bawang Putih Bonggol/Kalimantan Selatan/2024-12-03,37450.92570472591
Bawang Putih Bonggol/Kalimantan Selatan/2024-12-04,37485.50595152071
Bawang Putih Bonggol/Kalimantan Selatan/2024-12-05,37533.160390685625
Bawang Putih Bonggol/Kalimantan Selatan/2024-12-06,37534.40730396058
Bawang Putih Bonggol/Kalimantan Selatan/2024-12-07,37503.35970772921
Bawang Putih Bonggol/Kalimantan Selatan/2024-12-08,37498.062935719536
Bawang Putih Bonggol/Kalimantan Selatan/2024-12-09,37498.72337900223
Bawang Putih Bonggol/Kalimantan Selatan/2024-12-10,37456.50261155661
Bawang Putih Bonggol/Kalimantan Selatan/2024-12-11,37473.58315342005
Bawang Putih Bonggol/Kalimantan Selatan/2024-12-12,37371.7058022851
Bawang Putih Bonggol/Kalimantan Selatan/2024-12-13,37453.10550737043
Bawang Putih Bonggol/Kalimantan Selatan/2024-12-14,37380.370795308576
Bawang Putih Bonggol/Kalimantan Selatan/2024-12-15,37353.36454563387
Bawang Putih Bonggol/Kalimantan Selatan/2024-12-16,37415.54205302762
Bawang Putih Bonggol/Kalimantan Selatan/2024-12-17,37474.74058595768
Bawang Putih Bonggol/Kalimantan Selatan/2024-12-18,37456.16680309013
Bawang Putih Bonggol/Kalimantan Selatan/2024-12-19,37305.02021471826
Bawang Putih Bonggol/Kalimantan Selatan/2024-12-20,37344.64567153452
Bawang Putih Bonggol/Kalimantan Selatan/2024-12-21,37460.50965439482
Bawang Putih Bonggol/Kalimantan Selatan/2024-12-22,37331.68451219706
Bawang Putih Bonggol/Kalimantan Selatan/2024-12-23,37359.71795685268
Bawang Putih Bonggol/Kalimantan Selatan/2024-12-24,37393.4771650572
Bawang Putih Bonggol/Kalimantan Selatan/2024-12-25,37311.10918452957
Bawang Putih Bonggol/Kalimantan Selatan/2024-12-26,37375.326480272655
Bawang Putih Bonggol/Kalimantan Selatan/2024-12-27,37265.86976886868
Bawang Putih Bonggol/Kalimantan Selatan/2024-12-28,37306.29129027711
Bawang Putih Bonggol/Kalimantan Selatan/2024-12-29,37349.31334499912
Bawang Putih Bonggol/Kalimantan Selatan/2024-12-30,37215.584657137486
Bawang Putih Bonggol/Kalimantan Selatan/2024-12-31,37333.78615085577
Bawang Putih Bonggol/Kalimantan Tengah/2024-10-01,37289.89740142911
Bawang Putih Bonggol/Kalimantan Tengah/2024-10-02,37330.26617852192
Bawang Putih Bonggol/Kalimantan Tengah/2024-10-03,37310.90295064902
Bawang Putih Bonggol/Kalimantan Tengah/2024-10-04,37379.51106140668
Bawang Putih Bonggol/Kalimantan Tengah/2024-10-05,37327.20762826294
Bawang Putih Bonggol/Kalimantan Tengah/2024-10-06,37296.87264667482
Bawang Putih Bonggol/Kalimantan Tengah/2024-10-07,37337.143117095286
Bawang Putih Bonggol/Kalimantan Tengah/2024-10-08,37361.38194309863
Bawang Putih Bonggol/Kalimantan Tengah/2024-10-09,37334.895591668384
Bawang Putih Bonggol/Kalimantan Tengah/2024-10-10,37329.11113820596
Bawang Putih Bonggol/Kalimantan Tengah/2024-10-11,37285.9516828678
Bawang Putih Bonggol/Kalimantan Tengah/2024-10-12,37289.49230008316
Bawang Putih Bonggol/Kalimantan Tengah/2024-10-13,37232.24843741106
Bawang Putih Bonggol/Kalimantan Tengah/2024-10-14,37407.561893271
Bawang Putih Bonggol/Kalimantan Tengah/2024-10-15,37217.666890542576
Bawang Putih Bonggol/Kalimantan Tengah/2024-10-16,37245.826556843465
Bawang Putih Bonggol/Kalimantan Tengah/2024-10-17,37238.59812161088
Bawang Putih Bonggol/Kalimantan Tengah/2024-10-18,37328.64038026319
Bawang Putih Bonggol/Kalimantan Tengah/2024-10-19,37258.8827337793
Bawang Putih Bonggol/Kalimantan Tengah/2024-10-20,37334.85869300631
Bawang Putih Bonggol/Kalimantan Tengah/2024-10-21,37233.75236784093
Bawang Putih Bonggol/Kalimantan Tengah/2024-10-22,37300.199427359286
Bawang Putih Bonggol/Kalimantan Tengah/2024-10-23,37236.52824171544
Bawang Putih Bonggol/Kalimantan Tengah/2024-10-24,37409.671585545264
Bawang Putih Bonggol/Kalimantan Tengah/2024-10-25,37214.037924281176
Bawang Putih Bonggol/Kalimantan Tengah/2024-10-26,37302.22628446464
Bawang Putih Bonggol/Kalimantan Tengah/2024-10-27,37331.93248008589
Bawang Putih Bonggol/Kalimantan Tengah/2024-10-28,37320.06170133928
Bawang Putih Bonggol/Kalimantan Tengah/2024-10-29,37296.09468011398
Bawang Putih Bonggol/Kalimantan Tengah/2024-10-30,37284.92139657172
Bawang Putih Bonggol/Kalimantan Tengah/2024-10-31,37310.3209293014
Bawang Putih Bonggol/Kalimantan Tengah/2024-11-01,37296.13317829018
Bawang Putih Bonggol/Kalimantan Tengah/2024-11-02,37358.84234845921
Bawang Putih Bonggol/Kalimantan Tengah/2024-11-03,37439.627218283786
Bawang Putih Bonggol/Kalimantan Tengah/2024-11-04,37287.79967918848
Bawang Putih Bonggol/Kalimantan Tengah/2024-11-05,37253.127636064215
Bawang Putih Bonggol/Kalimantan Tengah/2024-11-06,37330.13916417562
Bawang Putih Bonggol/Kalimantan Tengah/2024-11-07,37492.74096675672
Bawang Putih Bonggol/Kalimantan Tengah/2024-11-08,37286.24598807194
Bawang Putih Bonggol/Kalimantan Tengah/2024-11-09,37430.92416391327
Bawang Putih Bonggol/Kalimantan Tengah/2024-11-10,37457.13479116989
Bawang Putih Bonggol/Kalimantan Tengah/2024-11-11,37351.821846807616
Bawang Putih Bonggol/Kalimantan Tengah/2024-11-12,37433.83363318339
Bawang Putih Bonggol/Kalimantan Tengah/2024-11-13,37488.1030304717
Bawang Putih Bonggol/Kalimantan Tengah/2024-11-14,37393.02215838416
Bawang Putih Bonggol/Kalimantan Tengah/2024-11-15,37404.94095961225
Bawang Putih Bonggol/Kalimantan Tengah/2024-11-16,37375.32575717285
Bawang Putih Bonggol/Kalimantan Tengah/2024-11-17,37352.88685168495
Bawang Putih Bonggol/Kalimantan Tengah/2024-11-18,37358.85920741478
Bawang Putih Bonggol/Kalimantan Tengah/2024-11-19,37296.84848652935
Bawang Putih Bonggol/Kalimantan Tengah/2024-11-20,37360.31870519056
Bawang Putih Bonggol/Kalimantan Tengah/2024-11-21,37295.23538863376
Bawang Putih Bonggol/Kalimantan Tengah/2024-11-22,37346.17483243766
Bawang Putih Bonggol/Kalimantan Tengah/2024-11-23,37228.77473262655
Bawang Putih Bonggol/Kalimantan Tengah/2024-11-24,37331.78685476224
Bawang Putih Bonggol/Kalimantan Tengah/2024-11-25,37360.12809109703
Bawang Putih Bonggol/Kalimantan Tengah/2024-11-26,37178.40436091552
Bawang Putih Bonggol/Kalimantan Tengah/2024-11-27,37319.931709534256
Bawang Putih Bonggol/Kalimantan Tengah/2024-11-28,37360.456053042464
Bawang Putih Bonggol/Kalimantan Tengah/2024-11-29,37223.32769767653
Bawang Putih Bonggol/Kalimantan Tengah/2024-11-30,37394.4358795197
Bawang Putih Bonggol/Kalimantan Tengah/2024-12-01,37314.647796873214
Bawang Putih Bonggol/Kalimantan Tengah/2024-12-02,37273.147950611165
Bawang Putih Bonggol/Kalimantan Tengah/2024-12-03,37310.325833903786
Bawang Putih Bonggol/Kalimantan Tengah/2024-12-04,37338.76725958876
Bawang Putih Bonggol/Kalimantan Tengah/2024-12-05,37323.255717188
Bawang Putih Bonggol/Kalimantan Tengah/2024-12-06,37340.5181352026
Bawang Putih Bonggol/Kalimantan Tengah/2024-12-07,37255.33104073157
Bawang Putih Bonggol/Kalimantan Tengah/2024-12-08,37327.63032696829
Bawang Putih Bonggol/Kalimantan Tengah/2024-12-09,37225.35392669359
Bawang Putih Bonggol/Kalimantan Tengah/2024-12-10,37291.18954374272
Bawang Putih Bonggol/Kalimantan Tengah/2024-12-11,37229.346025963074
Bawang Putih Bonggol/Kalimantan Tengah/2024-12-12,37222.68336340204
Bawang Putih Bonggol/Kalimantan Tengah/2024-12-13,37338.93811788139
Bawang Putih Bonggol/Kalimantan Tengah/2024-12-14,37322.187966242
Bawang Putih Bonggol/Kalimantan Tengah/2024-12-15,37309.96791414077
Bawang Putih Bonggol/Kalimantan Tengah/2024-12-16,37213.142933921896
Bawang Putih Bonggol/Kalimantan Tengah/2024-12-17,37270.06519833018
Bawang Putih Bonggol/Kalimantan Tengah/2024-12-18,37367.77612487419
Bawang Putih Bonggol/Kalimantan Tengah/2024-12-19,37293.77409324679
Bawang Putih Bonggol/Kalimantan Tengah/2024-12-20,37430.57364157352
Bawang Putih Bonggol/Kalimantan Tengah/2024-12-21,37327.72157079356
Bawang Putih Bonggol/Kalimantan Tengah/2024-12-22,37346.6522887709
Bawang Putih Bonggol/Kalimantan Tengah/2024-12-23,37330.76253674288
Bawang Putih Bonggol/Kalimantan Tengah/2024-12-24,37353.42568852657
Bawang Putih Bonggol/Kalimantan Tengah/2024-12-25,37341.65351860025
Bawang Putih Bonggol/Kalimantan Tengah/2024-12-26,37379.89770645144
Bawang Putih Bonggol/Kalimantan Tengah/2024-12-27,37402.47828621995
Bawang Putih Bonggol/Kalimantan Tengah/2024-12-28,37302.83378602709
Bawang Putih Bonggol/Kalimantan Tengah/2024-12-29,37273.19922331844
Bawang Putih Bonggol/Kalimantan Tengah/2024-12-30,37230.52422409928
Bawang Putih Bonggol/Kalimantan Tengah/2024-12-31,37355.57166279607
Bawang Putih Bonggol/Kalimantan Timur/2024-10-01,37234.34541117132
Bawang Putih Bonggol/Kalimantan Timur/2024-10-02,37145.083882513056
Bawang Putih Bonggol/Kalimantan Timur/2024-10-03,37284.74393257867
Bawang Putih Bonggol/Kalimantan Timur/2024-10-04,37405.44909855834
Bawang Putih Bonggol/Kalimantan Timur/2024-10-05,37264.63684530056
Bawang Putih Bonggol/Kalimantan Timur/2024-10-06,37316.23170977211
Bawang Putih Bonggol/Kalimantan Timur/2024-10-07,37289.77749533209
Bawang Putih Bonggol/Kalimantan Timur/2024-10-08,37306.250587086965
Bawang Putih Bonggol/Kalimantan Timur/2024-10-09,37369.32303403078
Bawang Putih Bonggol/Kalimantan Timur/2024-10-10,37282.69179117513
Bawang Putih Bonggol/Kalimantan Timur/2024-10-11,37328.37591176335
Bawang Putih Bonggol/Kalimantan Timur/2024-10-12,37333.10822658729
Bawang Putih Bonggol/Kalimantan Timur/2024-10-13,37277.75628443544
Bawang Putih Bonggol/Kalimantan Timur/2024-10-14,37379.58088748925
Bawang Putih Bonggol/Kalimantan Timur/2024-10-15,37301.68696617505
Bawang Putih Bonggol/Kalimantan Timur/2024-10-16,37273.83702223854
Bawang Putih Bonggol/Kalimantan Timur/2024-10-17,37348.58150325579
Bawang Putih Bonggol/Kalimantan Timur/2024-10-18,37255.6540664398
Bawang Putih Bonggol/Kalimantan Timur/2024-10-19,37313.40908763229
Bawang Putih Bonggol/Kalimantan Timur/2024-10-20,37295.49640823972
Bawang Putih Bonggol/Kalimantan Timur/2024-10-21,37363.35844384096
Bawang Putih Bonggol/Kalimantan Timur/2024-10-22,37335.359276978495
Bawang Putih Bonggol/Kalimantan Timur/2024-10-23,37305.97177076909
Bawang Putih Bonggol/Kalimantan Timur/2024-10-24,37372.75912858678
Bawang Putih Bonggol/Kalimantan Timur/2024-10-25,37415.30155662461
Bawang Putih Bonggol/Kalimantan Timur/2024-10-26,37380.46552599827
Bawang Putih Bonggol/Kalimantan Timur/2024-10-27,37354.71536885102
Bawang Putih Bonggol/Kalimantan Timur/2024-10-28,37282.05929320968
Bawang Putih Bonggol/Kalimantan Timur/2024-10-29,37298.70342498046
Bawang Putih Bonggol/Kalimantan Timur/2024-10-30,37327.63247459818
Bawang Putih Bonggol/Kalimantan Timur/2024-10-31,37285.454546664136
Bawang Putih Bonggol/Kalimantan Timur/2024-11-01,37295.70977497318
Bawang Putih Bonggol/Kalimantan Timur/2024-11-02,37300.63964064457
Bawang Putih Bonggol/Kalimantan Timur/2024-11-03,37332.538125307896
Bawang Putih Bonggol/Kalimantan Timur/2024-11-04,37297.65424702867
Bawang Putih Bonggol/Kalimantan Timur/2024-11-05,37330.65351804788
Bawang Putih Bonggol/Kalimantan Timur/2024-11-06,37311.41199298255
Bawang Putih Bonggol/Kalimantan Timur/2024-11-07,37188.24930068906
Bawang Putih Bonggol/Kalimantan Timur/2024-11-08,37241.96876691353
Bawang Putih Bonggol/Kalimantan Timur/2024-11-09,37269.488717263055
Bawang Putih Bonggol/Kalimantan Timur/2024-11-10,37189.30514451524
Bawang Putih Bonggol/Kalimantan Timur/2024-11-11,37280.57552252575
Bawang Putih Bonggol/Kalimantan Timur/2024-11-12,37328.26868957527
Bawang Putih Bonggol/Kalimantan Timur/2024-11-13,37329.26888986836
Bawang Putih Bonggol/Kalimantan Timur/2024-11-14,37257.64301192378
Bawang Putih Bonggol/Kalimantan Timur/2024-11-15,37373.625489932565
Bawang Putih Bonggol/Kalimantan Timur/2024-11-16,37315.99641729947
Bawang Putih Bonggol/Kalimantan Timur/2024-11-17,37294.748298507686
Bawang Putih Bonggol/Kalimantan Timur/2024-11-18,37275.03673553219
Bawang Putih Bonggol/Kalimantan Timur/2024-11-19,37287.47370525447
Bawang Putih Bonggol/Kalimantan Timur/2024-11-20,37283.25126229459
Bawang Putih Bonggol/Kalimantan Timur/2024-11-21,37299.93796145712
Bawang Putih Bonggol/Kalimantan Timur/2024-11-22,37294.74400575127
Bawang Putih Bonggol/Kalimantan Timur/2024-11-23,37285.76517030066
Bawang Putih Bonggol/Kalimantan Timur/2024-11-24,37316.213312855165
Bawang Putih Bonggol/Kalimantan Timur/2024-11-25,37366.58662032306
Bawang Putih Bonggol/Kalimantan Timur/2024-11-26,37362.72531760251
Bawang Putih Bonggol/Kalimantan Timur/2024-11-27,37224.1510457965
Bawang Putih Bonggol/Kalimantan Timur/2024-11-28,37158.84069483999
Bawang Putih Bonggol/Kalimantan Timur/2024-11-29,37358.85419913958
Bawang Putih Bonggol/Kalimantan Timur/2024-11-30,37199.344636314345
Bawang Putih Bonggol/Kalimantan Timur/2024-12-01,37245.924165320685
Bawang Putih Bonggol/Kalimantan Timur/2024-12-02,37166.534735347566
Bawang Putih Bonggol/Kalimantan Timur/2024-12-03,37123.291048279
Bawang Putih Bonggol/Kalimantan Timur/2024-12-04,37261.84415762708
Bawang Putih Bonggol/Kalimantan Timur/2024-12-05,37243.88102223708
Bawang Putih Bonggol/Kalimantan Timur/2024-12-06,37166.43929633787
Bawang Putih Bonggol/Kalimantan Timur/2024-12-07,37036.57026698566
Bawang Putih Bonggol/Kalimantan Timur/2024-12-08,37154.26987882651
Bawang Putih Bonggol/Kalimantan Timur/2024-12-09,37203.49167110164
Bawang Putih Bonggol/Kalimantan Timur/2024-12-10,37063.89678073231
Bawang Putih Bonggol/Kalimantan Timur/2024-12-11,37146.72338401566
Bawang Putih Bonggol/Kalimantan Timur/2024-12-12,37129.44881702375
Bawang Putih Bonggol/Kalimantan Timur/2024-12-13,37181.329103135824
Bawang Putih Bonggol/Kalimantan Timur/2024-12-14,37151.864891424826
Bawang Putih Bonggol/Kalimantan Timur/2024-12-15,37079.280149325015
Bawang Putih Bonggol/Kalimantan Timur/2024-12-16,37225.00249489316
Bawang Putih Bonggol/Kalimantan Timur/2024-12-17,37143.02276228244
Bawang Putih Bonggol/Kalimantan Timur/2024-12-18,37157.26744694791
Bawang Putih Bonggol/Kalimantan Timur/2024-12-19,37098.25328646949
Bawang Putih Bonggol/Kalimantan Timur/2024-12-20,37125.50724830023
Bawang Putih Bonggol/Kalimantan Timur/2024-12-21,37101.12091465974
Bawang Putih Bonggol/Kalimantan Timur/2024-12-22,37122.66981905697
Bawang Putih Bonggol/Kalimantan Timur/2024-12-23,37233.83289496956
Bawang Putih Bonggol/Kalimantan Timur/2024-12-24,37046.52887431367
Bawang Putih Bonggol/Kalimantan Timur/2024-12-25,37037.95562501474
Bawang Putih Bonggol/Kalimantan Timur/2024-12-26,37219.35196712982
Bawang Putih Bonggol/Kalimantan Timur/2024-12-27,37117.08707037386
Bawang Putih Bonggol/Kalimantan Timur/2024-12-28,37089.79838866106
Bawang Putih Bonggol/Kalimantan Timur/2024-12-29,37179.40808641351
Bawang Putih Bonggol/Kalimantan Timur/2024-12-30,37095.77973594518
Bawang Putih Bonggol/Kalimantan Timur/2024-12-31,37260.895835241805
Bawang Putih Bonggol/Kalimantan Utara/2024-10-01,37186.04991775664
Bawang Putih Bonggol/Kalimantan Utara/2024-10-02,37133.15468665259
Bawang Putih Bonggol/Kalimantan Utara/2024-10-03,37314.62898327229
Bawang Putih Bonggol/Kalimantan Utara/2024-10-04,37154.7595564257
Bawang Putih Bonggol/Kalimantan Utara/2024-10-05,37259.31529013329
Bawang Putih Bonggol/Kalimantan Utara/2024-10-06,37227.85426354455
Bawang Putih Bonggol/Kalimantan Utara/2024-10-07,37301.397793594704
Bawang Putih Bonggol/Kalimantan Utara/2024-10-08,37341.550364660216
Bawang Putih Bonggol/Kalimantan Utara/2024-10-09,37251.02213529189
Bawang Putih Bonggol/Kalimantan Utara/2024-10-10,37229.857879232506
Bawang Putih Bonggol/Kalimantan Utara/2024-10-11,37305.77953486752
Bawang Putih Bonggol/Kalimantan Utara/2024-10-12,37240.12062794034
Bawang Putih Bonggol/Kalimantan Utara/2024-10-13,37398.52485034254
Bawang Putih Bonggol/Kalimantan Utara/2024-10-14,37281.116265836456
Bawang Putih Bonggol/Kalimantan Utara/2024-10-15,37266.30577918979
Bawang Putih Bonggol/Kalimantan Utara/2024-10-16,37312.50996668948
Bawang Putih Bonggol/Kalimantan Utara/2024-10-17,37214.662240607
Bawang Putih Bonggol/Kalimantan Utara/2024-10-18,37236.49699860158
Bawang Putih Bonggol/Kalimantan Utara/2024-10-19,37340.82934099781
Bawang Putih Bonggol/Kalimantan Utara/2024-10-20,37224.79821588824
Bawang Putih Bonggol/Kalimantan Utara/2024-10-21,37200.31752521143
Bawang Putih Bonggol/Kalimantan Utara/2024-10-22,37284.960425338446
Bawang Putih Bonggol/Kalimantan Utara/2024-10-23,37330.157959707925
Bawang Putih Bonggol/Kalimantan Utara/2024-10-24,37310.04953201507
Bawang Putih Bonggol/Kalimantan Utara/2024-10-25,37326.78296578837
Bawang Putih Bonggol/Kalimantan Utara/2024-10-26,37240.10408481529
Bawang Putih Bonggol/Kalimantan Utara/2024-10-27,37213.95169742911
Bawang Putih Bonggol/Kalimantan Utara/2024-10-28,37384.70798054453
Bawang Putih Bonggol/Kalimantan Utara/2024-10-29,37263.30663099207
Bawang Putih Bonggol/Kalimantan Utara/2024-10-30,37266.00306074663
Bawang Putih Bonggol/Kalimantan Utara/2024-10-31,37359.02088973207
Bawang Putih Bonggol/Kalimantan Utara/2024-11-01,37326.38400867829
Bawang Putih Bonggol/Kalimantan Utara/2024-11-02,37340.18075779773
Bawang Putih Bonggol/Kalimantan Utara/2024-11-03,37441.7849525434
Bawang Putih Bonggol/Kalimantan Utara/2024-11-04,37293.56808492446
Bawang Putih Bonggol/Kalimantan Utara/2024-11-05,37409.515173135405
Bawang Putih Bonggol/Kalimantan Utara/2024-11-06,37358.99077303111
Bawang Putih Bonggol/Kalimantan Utara/2024-11-07,37380.570755298366
Bawang Putih Bonggol/Kalimantan Utara/2024-11-08,37464.44092666152
Bawang Putih Bonggol/Kalimantan Utara/2024-11-09,37400.3159250156
Bawang Putih Bonggol/Kalimantan Utara/2024-11-10,37427.47125626261
Bawang Putih Bonggol/Kalimantan Utara/2024-11-11,37466.24469478536
Bawang Putih Bonggol/Kalimantan Utara/2024-11-12,37393.91396216753
Bawang Putih Bonggol/Kalimantan Utara/2024-11-13,37371.89928699841
Bawang Putih Bonggol/Kalimantan Utara/2024-11-14,37345.5691568679
Bawang Putih Bonggol/Kalimantan Utara/2024-11-15,37277.648577117325
Bawang Putih Bonggol/Kalimantan Utara/2024-11-16,37502.40541929031
Bawang Putih Bonggol/Kalimantan Utara/2024-11-17,37290.419704878776
Bawang Putih Bonggol/Kalimantan Utara/2024-11-18,37341.37167948547
Bawang Putih Bonggol/Kalimantan Utara/2024-11-19,37333.930438397016
Bawang Putih Bonggol/Kalimantan Utara/2024-11-20,37368.10876172427
Bawang Putih Bonggol/Kalimantan Utara/2024-11-21,37408.23245936455
Bawang Putih Bonggol/Kalimantan Utara/2024-11-22,37391.94758828238
Bawang Putih Bonggol/Kalimantan Utara/2024-11-23,37323.8116564045
Bawang Putih Bonggol/Kalimantan Utara/2024-11-24,37355.18202141712
Bawang Putih Bonggol/Kalimantan Utara/2024-11-25,37384.89067493893
Bawang Putih Bonggol/Kalimantan Utara/2024-11-26,37348.83543178663
Bawang Putih Bonggol/Kalimantan Utara/2024-11-27,37455.789110605416
Bawang Putih Bonggol/Kalimantan Utara/2024-11-28,37391.50523490327
Bawang Putih Bonggol/Kalimantan Utara/2024-11-29,37425.26686176898
Bawang Putih Bonggol/Kalimantan Utara/2024-11-30,37434.261050091576
Bawang Putih Bonggol/Kalimantan Utara/2024-12-01,37476.23477665336
Bawang Putih Bonggol/Kalimantan Utara/2024-12-02,37433.958468411976
Bawang Putih Bonggol/Kalimantan Utara/2024-12-03,37343.00823826587
Bawang Putih Bonggol/Kalimantan Utara/2024-12-04,37449.4215503116
Bawang Putih Bonggol/Kalimantan Utara/2024-12-05,37378.27696414315
Bawang Putih Bonggol/Kalimantan Utara/2024-12-06,37376.27442373048
Bawang Putih Bonggol/Kalimantan Utara/2024-12-07,37428.07909385479
Bawang Putih Bonggol/Kalimantan Utara/2024-12-08,37464.24557015883
Bawang Putih Bonggol/Kalimantan Utara/2024-12-09,37405.66266289591
Bawang Putih Bonggol/Kalimantan Utara/2024-12-10,37422.9020177187
Bawang Putih Bonggol/Kalimantan Utara/2024-12-11,37520.26368431814
Bawang Putih Bonggol/Kalimantan Utara/2024-12-12,37446.86159046192
Bawang Putih Bonggol/Kalimantan Utara/2024-12-13,37603.57076802558
Bawang Putih Bonggol/Kalimantan Utara/2024-12-14,37494.19539956093
Bawang Putih Bonggol/Kalimantan Utara/2024-12-15,37376.3565111741
Bawang Putih Bonggol/Kalimantan Utara/2024-12-16,37538.19259752274
Bawang Putih Bonggol/Kalimantan Utara/2024-12-17,37504.78405773052
Bawang Putih Bonggol/Kalimantan Utara/2024-12-18,37567.01563841839
Bawang Putih Bonggol/Kalimantan Utara/2024-12-19,37518.94464469078
Bawang Putih Bonggol/Kalimantan Utara/2024-12-20,37482.190529445536
Bawang Putih Bonggol/Kalimantan Utara/2024-12-21,37438.74652172608
Bawang Putih Bonggol/Kalimantan Utara/2024-12-22,37486.81690412641
Bawang Putih Bonggol/Kalimantan Utara/2024-12-23,37435.28040831463
Bawang Putih Bonggol/Kalimantan Utara/2024-12-24,37428.33102106129
Bawang Putih Bonggol/Kalimantan Utara/2024-12-25,37484.92619020658
Bawang Putih Bonggol/Kalimantan Utara/2024-12-26,37547.7585675818
Bawang Putih Bonggol/Kalimantan Utara/2024-12-27,37481.60372401461
Bawang Putih Bonggol/Kalimantan Utara/2024-12-28,37389.57009573737
Bawang Putih Bonggol/Kalimantan Utara/2024-12-29,37495.777631558056
Bawang Putih Bonggol/Kalimantan Utara/2024-12-30,37545.33758548764
Bawang Putih Bonggol/Kalimantan Utara/2024-12-31,37433.70385555724
Bawang Putih Bonggol/Kepulauan Bangka Belitung/2024-10-01,37452.907662748985
Bawang Putih Bonggol/Kepulauan Bangka Belitung/2024-10-02,37460.67557159111
Bawang Putih Bonggol/Kepulauan Bangka Belitung/2024-10-03,37420.39431077701
Bawang Putih Bonggol/Kepulauan Bangka Belitung/2024-10-04,37495.67341832657
Bawang Putih Bonggol/Kepulauan Bangka Belitung/2024-10-05,37432.61373483831
Bawang Putih Bonggol/Kepulauan Bangka Belitung/2024-10-06,37470.52891868289
Bawang Putih Bonggol/Kepulauan Bangka Belitung/2024-10-07,37390.38295241776
Bawang Putih Bonggol/Kepulauan Bangka Belitung/2024-10-08,37412.169490206536
Bawang Putih Bonggol/Kepulauan Bangka Belitung/2024-10-09,37479.95802675617
Bawang Putih Bonggol/Kepulauan Bangka Belitung/2024-10-10,37400.74773088041
Bawang Putih Bonggol/Kepulauan Bangka Belitung/2024-10-11,37531.11710068169
Bawang Putih Bonggol/Kepulauan Bangka Belitung/2024-10-12,37402.09808894515
Bawang Putih Bonggol/Kepulauan Bangka Belitung/2024-10-13,37454.16109040808
Bawang Putih Bonggol/Kepulauan Bangka Belitung/2024-10-14,37503.98291351896
Bawang Putih Bonggol/Kepulauan Bangka Belitung/2024-10-15,37356.83095231938
Bawang Putih Bonggol/Kepulauan Bangka Belitung/2024-10-16,37337.17897532236
Bawang Putih Bonggol/Kepulauan Bangka Belitung/2024-10-17,37319.79640744307
Bawang Putih Bonggol/Kepulauan Bangka Belitung/2024-10-18,37474.87040709773
Bawang Putih Bonggol/Kepulauan Bangka Belitung/2024-10-19,37345.696827025575
Bawang Putih Bonggol/Kepulauan Bangka Belitung/2024-10-20,37520.8237585765
Bawang Putih Bonggol/Kepulauan Bangka Belitung/2024-10-21,37347.48940051616
Bawang Putih Bonggol/Kepulauan Bangka Belitung/2024-10-22,37412.136271686606
Bawang Putih Bonggol/Kepulauan Bangka Belitung/2024-10-23,37510.811259826434
Bawang Putih Bonggol/Kepulauan Bangka Belitung/2024-10-24,37537.713468699694
Bawang Putih Bonggol/Kepulauan Bangka Belitung/2024-10-25,37572.46833593297
Bawang Putih Bonggol/Kepulauan Bangka Belitung/2024-10-26,37533.371709437546
Bawang Putih Bonggol/Kepulauan Bangka Belitung/2024-10-27,37565.85196919192
Bawang Putih Bonggol/Kepulauan Bangka Belitung/2024-10-28,37567.802964183466
Bawang Putih Bonggol/Kepulauan Bangka Belitung/2024-10-29,37589.94166348653
Bawang Putih Bonggol/Kepulauan Bangka Belitung/2024-10-30,37514.896509639584
Bawang Putih Bonggol/Kepulauan Bangka Belitung/2024-10-31,37495.077532511634
Bawang Putih Bonggol/Kepulauan Bangka Belitung/2024-11-01,37540.92265854107
Bawang Putih Bonggol/Kepulauan Bangka Belitung/2024-11-02,37519.05636150374
Bawang Putih Bonggol/Kepulauan Bangka Belitung/2024-11-03,37490.39252420511
Bawang Putih Bonggol/Kepulauan Bangka Belitung/2024-11-04,37546.89961234314
Bawang Putih Bonggol/Kepulauan Bangka Belitung/2024-11-05,37564.97679555299
Bawang Putih Bonggol/Kepulauan Bangka Belitung/2024-11-06,37520.82845378099
Bawang Putih Bonggol/Kepulauan Bangka Belitung/2024-11-07,37609.26210092784
Bawang Putih Bonggol/Kepulauan Bangka Belitung/2024-11-08,37457.89562613938
Bawang Putih Bonggol/Kepulauan Bangka Belitung/2024-11-09,37523.12569712903
Bawang Putih Bonggol/Kepulauan Bangka Belitung/2024-11-10,37481.55946356842
Bawang Putih Bonggol/Kepulauan Bangka Belitung/2024-11-11,37394.13467060307
Bawang Putih Bonggol/Kepulauan Bangka Belitung/2024-11-12,37485.68946726184
Bawang Putih Bonggol/Kepulauan Bangka Belitung/2024-11-13,37451.90762719451
Bawang Putih Bonggol/Kepulauan Bangka Belitung/2024-11-14,37550.93044893487
Bawang Putih Bonggol/Kepulauan Bangka Belitung/2024-11-15,37493.32485899805
Bawang Putih Bonggol/Kepulauan Bangka Belitung/2024-11-16,37399.686362288776
Bawang Putih Bonggol/Kepulauan Bangka Belitung/2024-11-17,37591.433163386646
Bawang Putih Bonggol/Kepulauan Bangka Belitung/2024-11-18,37556.29047770047
Bawang Putih Bonggol/Kepulauan Bangka Belitung/2024-11-19,37534.108205957455
Bawang Putih Bonggol/Kepulauan Bangka Belitung/2024-11-20,37487.20780699368
Bawang Putih Bonggol/Kepulauan Bangka Belitung/2024-11-21,37449.8209302889
Bawang Putih Bonggol/Kepulauan Bangka Belitung/2024-11-22,37496.47443924018
Bawang Putih Bonggol/Kepulauan Bangka Belitung/2024-11-23,37562.43395448028
Bawang Putih Bonggol/Kepulauan Bangka Belitung/2024-11-24,37604.638886935136
Bawang Putih Bonggol/Kepulauan Bangka Belitung/2024-11-25,37594.4227222741
Bawang Putih Bonggol/Kepulauan Bangka Belitung/2024-11-26,37493.85909663127
Bawang Putih Bonggol/Kepulauan Bangka Belitung/2024-11-27,37475.79566242579
Bawang Putih Bonggol/Kepulauan Bangka Belitung/2024-11-28,37552.60322763053
Bawang Putih Bonggol/Kepulauan Bangka Belitung/2024-11-29,37419.57832180504
Bawang Putih Bonggol/Kepulauan Bangka Belitung/2024-11-30,37522.11213045766
Bawang Putih Bonggol/Kepulauan Bangka Belitung/2024-12-01,37472.06244638946
Bawang Putih Bonggol/Kepulauan Bangka Belitung/2024-12-02,37449.81841111592
Bawang Putih Bonggol/Kepulauan Bangka Belitung/2024-12-03,37375.335108959625
Bawang Putih Bonggol/Kepulauan Bangka Belitung/2024-12-04,37481.17794976973
Bawang Putih Bonggol/Kepulauan Bangka Belitung/2024-12-05,37414.977035805845
Bawang Putih Bonggol/Kepulauan Bangka Belitung/2024-12-06,37356.85175763833
Bawang Putih Bonggol/Kepulauan Bangka Belitung/2024-12-07,37234.84629262288
Bawang Putih Bonggol/Kepulauan Bangka Belitung/2024-12-08,37382.63773383136
Bawang Putih Bonggol/Kepulauan Bangka Belitung/2024-12-09,37477.9672695324
Bawang Putih Bonggol/Kepulauan Bangka Belitung/2024-12-10,37455.96701398457
Bawang Putih Bonggol/Kepulauan Bangka Belitung/2024-12-11,37336.11450650155
Bawang Putih Bonggol/Kepulauan Bangka Belitung/2024-12-12,37343.04435480663
Bawang Putih Bonggol/Kepulauan Bangka Belitung/2024-12-13,37431.44985129685
Bawang Putih Bonggol/Kepulauan Bangka Belitung/2024-12-14,37335.18390046776
Bawang Putih Bonggol/Kepulauan Bangka Belitung/2024-12-15,37393.91962375803
Bawang Putih Bonggol/Kepulauan Bangka Belitung/2024-12-16,37409.96186330364
Bawang Putih Bonggol/Kepulauan Bangka Belitung/2024-12-17,37450.84741134704
Bawang Putih Bonggol/Kepulauan Bangka Belitung/2024-12-18,37383.99591032604
Bawang Putih Bonggol/Kepulauan Bangka Belitung/2024-12-19,37377.49026792948
Bawang Putih Bonggol/Kepulauan Bangka Belitung/2024-12-20,37345.786447643884
Bawang Putih Bonggol/Kepulauan Bangka Belitung/2024-12-21,37340.87946880644
Bawang Putih Bonggol/Kepulauan Bangka Belitung/2024-12-22,37362.57299073065
Bawang Putih Bonggol/Kepulauan Bangka Belitung/2024-12-23,37379.47561479966
Bawang Putih Bonggol/Kepulauan Bangka Belitung/2024-12-24,37410.14197197062
Bawang Putih Bonggol/Kepulauan Bangka Belitung/2024-12-25,37307.397271436406
Bawang Putih Bonggol/Kepulauan Bangka Belitung/2024-12-26,37454.12110515811
Bawang Putih Bonggol/Kepulauan Bangka Belitung/2024-12-27,37354.25016056588
Bawang Putih Bonggol/Kepulauan Bangka Belitung/2024-12-28,37374.23532456463
Bawang Putih Bonggol/Kepulauan Bangka Belitung/2024-12-29,37328.19200782033
Bawang Putih Bonggol/Kepulauan Bangka Belitung/2024-12-30,37212.81250083655
Bawang Putih Bonggol/Kepulauan Bangka Belitung/2024-12-31,37407.95368321777
Bawang Putih Bonggol/Kepulauan Riau/2024-10-01,37371.58833785589
Bawang Putih Bonggol/Kepulauan Riau/2024-10-02,37308.79607061509
Bawang Putih Bonggol/Kepulauan Riau/2024-10-03,37327.79404097855
Bawang Putih Bonggol/Kepulauan Riau/2024-10-04,37359.51307512908
Bawang Putih Bonggol/Kepulauan Riau/2024-10-05,37250.308184922
Bawang Putih Bonggol/Kepulauan Riau/2024-10-06,37292.95450439133
Bawang Putih Bonggol/Kepulauan Riau/2024-10-07,37358.635227598
Bawang Putih Bonggol/Kepulauan Riau/2024-10-08,37231.01307626677
Bawang Putih Bonggol/Kepulauan Riau/2024-10-09,37318.45637627751
Bawang Putih Bonggol/Kepulauan Riau/2024-10-10,37203.950788780254
Bawang Putih Bonggol/Kepulauan Riau/2024-10-11,37315.93144006501
Bawang Putih Bonggol/Kepulauan Riau/2024-10-12,37277.80077076156
Bawang Putih Bonggol/Kepulauan Riau/2024-10-13,37166.07217765893
Bawang Putih Bonggol/Kepulauan Riau/2024-10-14,37337.27088379687
Bawang Putih Bonggol/Kepulauan Riau/2024-10-15,37209.58889562711
Bawang Putih Bonggol/Kepulauan Riau/2024-10-16,37211.18456292332
Bawang Putih Bonggol/Kepulauan Riau/2024-10-17,37257.16720584644
Bawang Putih Bonggol/Kepulauan Riau/2024-10-18,37309.51419723728
Bawang Putih Bonggol/Kepulauan Riau/2024-10-19,37192.31308015354
Bawang Putih Bonggol/Kepulauan Riau/2024-10-20,37244.856291772885
Bawang Putih Bonggol/Kepulauan Riau/2024-10-21,37273.21909307472
Bawang Putih Bonggol/Kepulauan Riau/2024-10-22,37296.064832036485
Bawang Putih Bonggol/Kepulauan Riau/2024-10-23,37267.424467430144
Bawang Putih Bonggol/Kepulauan Riau/2024-10-24,37231.5050959693
Bawang Putih Bonggol/Kepulauan Riau/2024-10-25,37214.79707836563
Bawang Putih Bonggol/Kepulauan Riau/2024-10-26,37266.81775814125
Bawang Putih Bonggol/Kepulauan Riau/2024-10-27,37185.99393589248
Bawang Putih Bonggol/Kepulauan Riau/2024-10-28,37054.62779957632
Bawang Putih Bonggol/Kepulauan Riau/2024-10-29,37236.42518495126
Bawang Putih Bonggol/Kepulauan Riau/2024-10-30,37248.82063297606
Bawang Putih Bonggol/Kepulauan Riau/2024-10-31,37042.45398967614
Bawang Putih Bonggol/Kepulauan Riau/2024-11-01,37105.5432871512
Bawang Putih Bonggol/Kepulauan Riau/2024-11-02,37192.82026391704
Bawang Putih Bonggol/Kepulauan Riau/2024-11-03,37292.81461818267
Bawang Putih Bonggol/Kepulauan Riau/2024-11-04,37163.99260474135
Bawang Putih Bonggol/Kepulauan Riau/2024-11-05,37119.38988320893
Bawang Putih Bonggol/Kepulauan Riau/2024-11-06,37177.978400283726
Bawang Putih Bonggol/Kepulauan Riau/2024-11-07,37281.427613854175
Bawang Putih Bonggol/Kepulauan Riau/2024-11-08,37156.81230783527
Bawang Putih Bonggol/Kepulauan Riau/2024-11-09,37134.08026966996
Bawang Putih Bonggol/Kepulauan Riau/2024-11-10,37155.94960281834
Bawang Putih Bonggol/Kepulauan Riau/2024-11-11,37129.35955608184
Bawang Putih Bonggol/Kepulauan Riau/2024-11-12,37184.06049457733
Bawang Putih Bonggol/Kepulauan Riau/2024-11-13,37255.486204774286
Bawang Putih Bonggol/Kepulauan Riau/2024-11-14,37186.91355549112
Bawang Putih Bonggol/Kepulauan Riau/2024-11-15,37168.53835247758
Bawang Putih Bonggol/Kepulauan Riau/2024-11-16,37174.63815122149
Bawang Putih Bonggol/Kepulauan Riau/2024-11-17,37102.33078902487
Bawang Putih Bonggol/Kepulauan Riau/2024-11-18,37242.4092544961
Bawang Putih Bonggol/Kepulauan Riau/2024-11-19,37167.54669390301
Bawang Putih Bonggol/Kepulauan Riau/2024-11-20,37161.82435411054
Bawang Putih Bonggol/Kepulauan Riau/2024-11-21,37375.08918416182
Bawang Putih Bonggol/Kepulauan Riau/2024-11-22,37216.1346950247
Bawang Putih Bonggol/Kepulauan Riau/2024-11-23,37183.419921287874
Bawang Putih Bonggol/Kepulauan Riau/2024-11-24,37203.64461668884
Bawang Putih Bonggol/Kepulauan Riau/2024-11-25,37307.59682600871
Bawang Putih Bonggol/Kepulauan Riau/2024-11-26,37254.2107812874
Bawang Putih Bonggol/Kepulauan Riau/2024-11-27,37139.68278227268
Bawang Putih Bonggol/Kepulauan Riau/2024-11-28,37287.219088456935
Bawang Putih Bonggol/Kepulauan Riau/2024-11-29,37195.7442062764
Bawang Putih Bonggol/Kepulauan Riau/2024-11-30,37354.60738069952
Bawang Putih Bonggol/Kepulauan Riau/2024-12-01,37302.63178256808
Bawang Putih Bonggol/Kepulauan Riau/2024-12-02,37223.3604765166
Bawang Putih Bonggol/Kepulauan Riau/2024-12-03,37356.93055153327
Bawang Putih Bonggol/Kepulauan Riau/2024-12-04,37286.20926114256
Bawang Putih Bonggol/Kepulauan Riau/2024-12-05,37353.54991896441
Bawang Putih Bonggol/Kepulauan Riau/2024-12-06,37327.40912206657
Bawang Putih Bonggol/Kepulauan Riau/2024-12-07,37253.44105736101
Bawang Putih Bonggol/Kepulauan Riau/2024-12-08,37277.956192553655
Bawang Putih Bonggol/Kepulauan Riau/2024-12-09,37366.44587077787
Bawang Putih Bonggol/Kepulauan Riau/2024-12-10,37284.6866508406
Bawang Putih Bonggol/Kepulauan Riau/2024-12-11,37273.26962806602
Bawang Putih Bonggol/Kepulauan Riau/2024-12-12,37233.880610787724
Bawang Putih Bonggol/Kepulauan Riau/2024-12-13,37319.07495790451
Bawang Putih Bonggol/Kepulauan Riau/2024-12-14,37418.27394876435
Bawang Putih Bonggol/Kepulauan Riau/2024-12-15,37222.72554369601
Bawang Putih Bonggol/Kepulauan Riau/2024-12-16,37298.76522434325
Bawang Putih Bonggol/Kepulauan Riau/2024-12-17,37390.24903216127
Bawang Putih Bonggol/Kepulauan Riau/2024-12-18,37314.20478553999
Bawang Putih Bonggol/Kepulauan Riau/2024-12-19,37349.65627983296
Bawang Putih Bonggol/Kepulauan Riau/2024-12-20,37245.68159127822
Bawang Putih Bonggol/Kepulauan Riau/2024-12-21,37351.98576803658
Bawang Putih Bonggol/Kepulauan Riau/2024-12-22,37312.53315065192
Bawang Putih Bonggol/Kepulauan Riau/2024-12-23,37372.00630660623
Bawang Putih Bonggol/Kepulauan Riau/2024-12-24,37391.23435577277
Bawang Putih Bonggol/Kepulauan Riau/2024-12-25,37488.02924084284
Bawang Putih Bonggol/Kepulauan Riau/2024-12-26,37401.440891638864
Bawang Putih Bonggol/Kepulauan Riau/2024-12-27,37406.1405090582
Bawang Putih Bonggol/Kepulauan Riau/2024-12-28,37419.73943376789
Bawang Putih Bonggol/Kepulauan Riau/2024-12-29,37393.14279979943
Bawang Putih Bonggol/Kepulauan Riau/2024-12-30,37435.93460637198
Bawang Putih Bonggol/Kepulauan Riau/2024-12-31,37383.46315301737
Bawang Putih Bonggol/Lampung/2024-10-01,37413.07964083467
Bawang Putih Bonggol/Lampung/2024-10-02,37484.31894029453
Bawang Putih Bonggol/Lampung/2024-10-03,37344.745295007466
Bawang Putih Bonggol/Lampung/2024-10-04,37481.38004102271
Bawang Putih Bonggol/Lampung/2024-10-05,37493.011184742994
Bawang Putih Bonggol/Lampung/2024-10-06,37420.458609062895
Bawang Putih Bonggol/Lampung/2024-10-07,37303.63827897384
Bawang Putih Bonggol/Lampung/2024-10-08,37379.01881738868
Bawang Putih Bonggol/Lampung/2024-10-09,37494.3873181061
Bawang Putih Bonggol/Lampung/2024-10-10,37397.11269887613
Bawang Putih Bonggol/Lampung/2024-10-11,37325.98660146439
Bawang Putih Bonggol/Lampung/2024-10-12,37352.42336697029
Bawang Putih Bonggol/Lampung/2024-10-13,37442.85061030596
Bawang Putih Bonggol/Lampung/2024-10-14,37422.18776493474
Bawang Putih Bonggol/Lampung/2024-10-15,37360.41175200175
Bawang Putih Bonggol/Lampung/2024-10-16,37355.67652194016
Bawang Putih Bonggol/Lampung/2024-10-17,37362.08564388995
Bawang Putih Bonggol/Lampung/2024-10-18,37326.429990231794
Bawang Putih Bonggol/Lampung/2024-10-19,37463.532641924736
Bawang Putih Bonggol/Lampung/2024-10-20,37338.66246027176
Bawang Putih Bonggol/Lampung/2024-10-21,37440.96411757668
Bawang Putih Bonggol/Lampung/2024-10-22,37471.57970094447
Bawang Putih Bonggol/Lampung/2024-10-23,37457.41710812959
Bawang Putih Bonggol/Lampung/2024-10-24,37394.14958554391
Bawang Putih Bonggol/Lampung/2024-10-25,37443.809465835024
Bawang Putih Bonggol/Lampung/2024-10-26,37432.81071644985
Bawang Putih Bonggol/Lampung/2024-10-27,37374.08203779931
Bawang Putih Bonggol/Lampung/2024-10-28,37437.05311759421
Bawang Putih Bonggol/Lampung/2024-10-29,37334.842127548254
Bawang Putih Bonggol/Lampung/2024-10-30,37477.47631246133
Bawang Putih Bonggol/Lampung/2024-10-31,37368.46212723013
Bawang Putih Bonggol/Lampung/2024-11-01,37405.883439862366
Bawang Putih Bonggol/Lampung/2024-11-02,37415.68393647067
Bawang Putih Bonggol/Lampung/2024-11-03,37377.68887321392
Bawang Putih Bonggol/Lampung/2024-11-04,37439.41944431922
Bawang Putih Bonggol/Lampung/2024-11-05,37362.293852624025
Bawang Putih Bonggol/Lampung/2024-11-06,37450.85083829981
Bawang Putih Bonggol/Lampung/2024-11-07,37314.08313689183
Bawang Putih Bonggol/Lampung/2024-11-08,37397.8372742634
Bawang Putih Bonggol/Lampung/2024-11-09,37508.01606959558
Bawang Putih Bonggol/Lampung/2024-11-10,37325.82754486259
Bawang Putih Bonggol/Lampung/2024-11-11,37353.779780827485
Bawang Putih Bonggol/Lampung/2024-11-12,37414.45168507429
Bawang Putih Bonggol/Lampung/2024-11-13,37403.46352768128
Bawang Putih Bonggol/Lampung/2024-11-14,37410.91102390563
Bawang Putih Bonggol/Lampung/2024-11-15,37404.46045597455
Bawang Putih Bonggol/Lampung/2024-11-16,37430.851626133655
Bawang Putih Bonggol/Lampung/2024-11-17,37472.81264993695
Bawang Putih Bonggol/Lampung/2024-11-18,37436.83193634978
Bawang Putih Bonggol/Lampung/2024-11-19,37406.77282786265
Bawang Putih Bonggol/Lampung/2024-11-20,37468.32353280218
Bawang Putih Bonggol/Lampung/2024-11-21,37551.76200482522
Bawang Putih Bonggol/Lampung/2024-11-22,37438.347963901935
Bawang Putih Bonggol/Lampung/2024-11-23,37391.038557408814
Bawang Putih Bonggol/Lampung/2024-11-24,37521.82983439416
Bawang Putih Bonggol/Lampung/2024-11-25,37453.53797260995
Bawang Putih Bonggol/Lampung/2024-11-26,37322.54588527426
Bawang Putih Bonggol/Lampung/2024-11-27,37482.52412082633
Bawang Putih Bonggol/Lampung/2024-11-28,37391.87203578613
Bawang Putih Bonggol/Lampung/2024-11-29,37419.97980139312
Bawang Putih Bonggol/Lampung/2024-11-30,37426.37930821818
Bawang Putih Bonggol/Lampung/2024-12-01,37414.086382317226
Bawang Putih Bonggol/Lampung/2024-12-02,37462.728956113
Bawang Putih Bonggol/Lampung/2024-12-03,37384.62205789303
Bawang Putih Bonggol/Lampung/2024-12-04,37449.15699485014
Bawang Putih Bonggol/Lampung/2024-12-05,37402.12012868924
Bawang Putih Bonggol/Lampung/2024-12-06,37462.66802794525
Bawang Putih Bonggol/Lampung/2024-12-07,37458.7001976725
Bawang Putih Bonggol/Lampung/2024-12-08,37362.10933138286
Bawang Putih Bonggol/Lampung/2024-12-09,37493.265929061046
Bawang Putih Bonggol/Lampung/2024-12-10,37390.61697245851
Bawang Putih Bonggol/Lampung/2024-12-11,37477.4905034349
Bawang Putih Bonggol/Lampung/2024-12-12,37447.008811353735
Bawang Putih Bonggol/Lampung/2024-12-13,37540.378811468174
Bawang Putih Bonggol/Lampung/2024-12-14,37437.27648945769
Bawang Putih Bonggol/Lampung/2024-12-15,37430.136510216405
Bawang Putih Bonggol/Lampung/2024-12-16,37461.18021737528
Bawang Putih Bonggol/Lampung/2024-12-17,37436.489224914665
Bawang Putih Bonggol/Lampung/2024-12-18,37501.45539947339
Bawang Putih Bonggol/Lampung/2024-12-19,37338.482576169336
Bawang Putih Bonggol/Lampung/2024-12-20,37369.10866529591
Bawang Putih Bonggol/Lampung/2024-12-21,37354.75694210677
Bawang Putih Bonggol/Lampung/2024-12-22,37457.14846101476
Bawang Putih Bonggol/Lampung/2024-12-23,37495.12051436721
Bawang Putih Bonggol/Lampung/2024-12-24,37378.70675949389
Bawang Putih Bonggol/Lampung/2024-12-25,37396.50430250157
Bawang Putih Bonggol/Lampung/2024-12-26,37419.89136075265
Bawang Putih Bonggol/Lampung/2024-12-27,37494.74120148149
Bawang Putih Bonggol/Lampung/2024-12-28,37361.48807119227
Bawang Putih Bonggol/Lampung/2024-12-29,37422.60008540777
Bawang Putih Bonggol/Lampung/2024-12-30,37475.17183540775
Bawang Putih Bonggol/Lampung/2024-12-31,37453.25921421168
Bawang Putih Bonggol/Maluku Utara/2024-10-01,37440.05940575137
Bawang Putih Bonggol/Maluku Utara/2024-10-02,37486.20511881434
Bawang Putih Bonggol/Maluku Utara/2024-10-03,37275.22826904772
Bawang Putih Bonggol/Maluku Utara/2024-10-04,37475.21381046574
Bawang Putih Bonggol/Maluku Utara/2024-10-05,37375.10773326483
Bawang Putih Bonggol/Maluku Utara/2024-10-06,37288.68819986129
Bawang Putih Bonggol/Maluku Utara/2024-10-07,37413.94435324506
Bawang Putih Bonggol/Maluku Utara/2024-10-08,37446.2088088778
Bawang Putih Bonggol/Maluku Utara/2024-10-09,37374.50068528157
Bawang Putih Bonggol/Maluku Utara/2024-10-10,37432.41635661381
Bawang Putih Bonggol/Maluku Utara/2024-10-11,37485.447118069096
Bawang Putih Bonggol/Maluku Utara/2024-10-12,37498.05957820403
Bawang Putih Bonggol/Maluku Utara/2024-10-13,37533.66927116059
Bawang Putih Bonggol/Maluku Utara/2024-10-14,37495.98579689224
Bawang Putih Bonggol/Maluku Utara/2024-10-15,37483.47286137526
Bawang Putih Bonggol/Maluku Utara/2024-10-16,37391.17560716084
Bawang Putih Bonggol/Maluku Utara/2024-10-17,37465.288345969726
Bawang Putih Bonggol/Maluku Utara/2024-10-18,37412.66420481133
Bawang Putih Bonggol/Maluku Utara/2024-10-19,37578.39692806909
Bawang Putih Bonggol/Maluku Utara/2024-10-20,37432.866489868415
Bawang Putih Bonggol/Maluku Utara/2024-10-21,37455.95071879078
Bawang Putih Bonggol/Maluku Utara/2024-10-22,37497.59016779024
Bawang Putih Bonggol/Maluku Utara/2024-10-23,37468.329174769446
Bawang Putih Bonggol/Maluku Utara/2024-10-24,37580.41140403752
Bawang Putih Bonggol/Maluku Utara/2024-10-25,37429.03876282016
Bawang Putih Bonggol/Maluku Utara/2024-10-26,37493.298045018295
Bawang Putih Bonggol/Maluku Utara/2024-10-27,37439.26145870283
Bawang Putih Bonggol/Maluku Utara/2024-10-28,37394.38811998757
Bawang Putih Bonggol/Maluku Utara/2024-10-29,37425.015275160295
Bawang Putih Bonggol/Maluku Utara/2024-10-30,37428.4603567235
Bawang Putih Bonggol/Maluku Utara/2024-10-31,37399.586106553645
Bawang Putih Bonggol/Maluku Utara/2024-11-01,37367.48422748641
Bawang Putih Bonggol/Maluku Utara/2024-11-02,37312.99977762267
Bawang Putih Bonggol/Maluku Utara/2024-11-03,37383.33987942533
Bawang Putih Bonggol/Maluku Utara/2024-11-04,37277.613423857816
Bawang Putih Bonggol/Maluku Utara/2024-11-05,37396.32864468548
Bawang Putih Bonggol/Maluku Utara/2024-11-06,37343.80990634121
Bawang Putih Bonggol/Maluku Utara/2024-11-07,37246.21637166827
Bawang Putih Bonggol/Maluku Utara/2024-11-08,37314.43179644122
Bawang Putih Bonggol/Maluku Utara/2024-11-09,37269.38618795277
Bawang Putih Bonggol/Maluku Utara/2024-11-10,37332.52056620122
Bawang Putih Bonggol/Maluku Utara/2024-11-11,37378.27652412807
Bawang Putih Bonggol/Maluku Utara/2024-11-12,37181.05519826242
Bawang Putih Bonggol/Maluku Utara/2024-11-13,37311.01390207297
Bawang Putih Bonggol/Maluku Utara/2024-11-14,37285.26715971417
Bawang Putih Bonggol/Maluku Utara/2024-11-15,37336.0773013588
Bawang Putih Bonggol/Maluku Utara/2024-11-16,37302.21068985477
Bawang Putih Bonggol/Maluku Utara/2024-11-17,37234.68379492371
Bawang Putih Bonggol/Maluku Utara/2024-11-18,37278.32540609189
Bawang Putih Bonggol/Maluku Utara/2024-11-19,37238.512288432605
Bawang Putih Bonggol/Maluku Utara/2024-11-20,37345.98070551579
Bawang Putih Bonggol/Maluku Utara/2024-11-21,37272.22857279623
Bawang Putih Bonggol/Maluku Utara/2024-11-22,37391.065680289394
Bawang Putih Bonggol/Maluku Utara/2024-11-23,37290.82660007748
Bawang Putih Bonggol/Maluku Utara/2024-11-24,37262.66681535812
Bawang Putih Bonggol/Maluku Utara/2024-11-25,37220.87875168456
Bawang Putih Bonggol/Maluku Utara/2024-11-26,37182.26609160361
Bawang Putih Bonggol/Maluku Utara/2024-11-27,37176.54685338123
Bawang Putih Bonggol/Maluku Utara/2024-11-28,37249.17528377854
Bawang Putih Bonggol/Maluku Utara/2024-11-29,37247.19178985893
Bawang Putih Bonggol/Maluku Utara/2024-11-30,37112.77484828168
Bawang Putih Bonggol/Maluku Utara/2024-12-01,37261.47550972355
Bawang Putih Bonggol/Maluku Utara/2024-12-02,37179.42476863444
Bawang Putih Bonggol/Maluku Utara/2024-12-03,37221.03380475068
Bawang Putih Bonggol/Maluku Utara/2024-12-04,37305.12013120888
Bawang Putih Bonggol/Maluku Utara/2024-12-05,37266.76076579368
Bawang Putih Bonggol/Maluku Utara/2024-12-06,37225.31402505556
Bawang Putih Bonggol/Maluku Utara/2024-12-07,37188.1643200762
Bawang Putih Bonggol/Maluku Utara/2024-12-08,37114.92071276724
Bawang Putih Bonggol/Maluku Utara/2024-12-09,37186.71052322942
Bawang Putih Bonggol/Maluku Utara/2024-12-10,37186.504785467725
Bawang Putih Bonggol/Maluku Utara/2024-12-11,37118.92626228174
Bawang Putih Bonggol/Maluku Utara/2024-12-12,37158.66421107789
Bawang Putih Bonggol/Maluku Utara/2024-12-13,37165.078946751855
Bawang Putih Bonggol/Maluku Utara/2024-12-14,37152.20308497074
Bawang Putih Bonggol/Maluku Utara/2024-12-15,37119.59167617024
Bawang Putih Bonggol/Maluku Utara/2024-12-16,37162.67436366463
Bawang Putih Bonggol/Maluku Utara/2024-12-17,37183.72634332127
Bawang Putih Bonggol/Maluku Utara/2024-12-18,37089.30113577623
Bawang Putih Bonggol/Maluku Utara/2024-12-19,37240.20448740109
Bawang Putih Bonggol/Maluku Utara/2024-12-20,37151.784888143535
Bawang Putih Bonggol/Maluku Utara/2024-12-21,37170.09454763742
Bawang Putih Bonggol/Maluku Utara/2024-12-22,37215.698981382
Bawang Putih Bonggol/Maluku Utara/2024-12-23,37190.14032050613
Bawang Putih Bonggol/Maluku Utara/2024-12-24,37253.8626488521
Bawang Putih Bonggol/Maluku Utara/2024-12-25,37212.2866526869
Bawang Putih Bonggol/Maluku Utara/2024-12-26,37171.82681018979
Bawang Putih Bonggol/Maluku Utara/2024-12-27,37237.88195855716
Bawang Putih Bonggol/Maluku Utara/2024-12-28,37142.646021944944
Bawang Putih Bonggol/Maluku Utara/2024-12-29,37216.89926311806
Bawang Putih Bonggol/Maluku Utara/2024-12-30,37195.77847006952
Bawang Putih Bonggol/Maluku Utara/2024-12-31,37182.28973596983
Bawang Putih Bonggol/Maluku/2024-10-01,37189.90053873969
Bawang Putih Bonggol/Maluku/2024-10-02,37072.44074512042
Bawang Putih Bonggol/Maluku/2024-10-03,37150.71106554465
Bawang Putih Bonggol/Maluku/2024-10-04,37170.8682389379
Bawang Putih Bonggol/Maluku/2024-10-05,37164.42164141488
Bawang Putih Bonggol/Maluku/2024-10-06,37086.77963419117
Bawang Putih Bonggol/Maluku/2024-10-07,37221.17985234022
Bawang Putih Bonggol/Maluku/2024-10-08,37104.35244060085
Bawang Putih Bonggol/Maluku/2024-10-09,37217.36848224274
Bawang Putih Bonggol/Maluku/2024-10-10,37185.24214527736
Bawang Putih Bonggol/Maluku/2024-10-11,37125.40527577535
Bawang Putih Bonggol/Maluku/2024-10-12,37289.26305066757
Bawang Putih Bonggol/Maluku/2024-10-13,37105.39814529066
Bawang Putih Bonggol/Maluku/2024-10-14,37250.04691663602
Bawang Putih Bonggol/Maluku/2024-10-15,37253.19424118543
Bawang Putih Bonggol/Maluku/2024-10-16,37160.22060373856
Bawang Putih Bonggol/Maluku/2024-10-17,37302.94303927441
Bawang Putih Bonggol/Maluku/2024-10-18,37196.12824053911
Bawang Putih Bonggol/Maluku/2024-10-19,37252.47805242
Bawang Putih Bonggol/Maluku/2024-10-20,37248.69263420055
Bawang Putih Bonggol/Maluku/2024-10-21,37224.53214958968
Bawang Putih Bonggol/Maluku/2024-10-22,37296.06790037184
Bawang Putih Bonggol/Maluku/2024-10-23,37289.7154718442
Bawang Putih Bonggol/Maluku/2024-10-24,37148.15841523046
Bawang Putih Bonggol/Maluku/2024-10-25,37333.39306285565
Bawang Putih Bonggol/Maluku/2024-10-26,37149.75889169812
Bawang Putih Bonggol/Maluku/2024-10-27,37314.08292263324
Bawang Putih Bonggol/Maluku/2024-10-28,37311.52485569026
Bawang Putih Bonggol/Maluku/2024-10-29,37177.28802405641
Bawang Putih Bonggol/Maluku/2024-10-30,37236.71195013893
Bawang Putih Bonggol/Maluku/2024-10-31,37175.26458571147
Bawang Putih Bonggol/Maluku/2024-11-01,37234.79628889689
Bawang Putih Bonggol/Maluku/2024-11-02,37206.36023116671
Bawang Putih Bonggol/Maluku/2024-11-03,37257.09466034216
Bawang Putih Bonggol/Maluku/2024-11-04,37301.23613997277
Bawang Putih Bonggol/Maluku/2024-11-05,37316.56852757219
Bawang Putih Bonggol/Maluku/2024-11-06,37221.01295594116
Bawang Putih Bonggol/Maluku/2024-11-07,37252.43765593228
Bawang Putih Bonggol/Maluku/2024-11-08,37167.76360915283
Bawang Putih Bonggol/Maluku/2024-11-09,37209.133502213896
Bawang Putih Bonggol/Maluku/2024-11-10,37296.23573053913
Bawang Putih Bonggol/Maluku/2024-11-11,37323.80344780828
Bawang Putih Bonggol/Maluku/2024-11-12,37162.11816906327
Bawang Putih Bonggol/Maluku/2024-11-13,37204.4420101859
Bawang Putih Bonggol/Maluku/2024-11-14,37246.26610795541
Bawang Putih Bonggol/Maluku/2024-11-15,37262.83762382221
Bawang Putih Bonggol/Maluku/2024-11-16,37183.29901343173
Bawang Putih Bonggol/Maluku/2024-11-17,37244.44974344681
Bawang Putih Bonggol/Maluku/2024-11-18,37200.29011172879
Bawang Putih Bonggol/Maluku/2024-11-19,37229.29004945325
Bawang Putih Bonggol/Maluku/2024-11-20,37258.22870428364
Bawang Putih Bonggol/Maluku/2024-11-21,37221.8743577777
Bawang Putih Bonggol/Maluku/2024-11-22,37204.251361724666
Bawang Putih Bonggol/Maluku/2024-11-23,37220.72204848101
Bawang Putih Bonggol/Maluku/2024-11-24,37223.7397327973
Bawang Putih Bonggol/Maluku/2024-11-25,37202.77427036194
Bawang Putih Bonggol/Maluku/2024-11-26,37201.20730475012
Bawang Putih Bonggol/Maluku/2024-11-27,37314.214141762415
Bawang Putih Bonggol/Maluku/2024-11-28,37259.86283159534
Bawang Putih Bonggol/Maluku/2024-11-29,37218.26905726835
Bawang Putih Bonggol/Maluku/2024-11-30,37287.402328251934
Bawang Putih Bonggol/Maluku/2024-12-01,37234.54097574832
Bawang Putih Bonggol/Maluku/2024-12-02,37335.90748301004
Bawang Putih Bonggol/Maluku/2024-12-03,37282.6666853827
Bawang Putih Bonggol/Maluku/2024-12-04,37262.61560034386
Bawang Putih Bonggol/Maluku/2024-12-05,37309.45569231571
Bawang Putih Bonggol/Maluku/2024-12-06,37184.75429590784
Bawang Putih Bonggol/Maluku/2024-12-07,37210.73667607996
Bawang Putih Bonggol/Maluku/2024-12-08,37181.16195290917
Bawang Putih Bonggol/Maluku/2024-12-09,37244.345073788325
Bawang Putih Bonggol/Maluku/2024-12-10,37331.382102095406
Bawang Putih Bonggol/Maluku/2024-12-11,37359.98347823907
Bawang Putih Bonggol/Maluku/2024-12-12,37293.47811130731
Bawang Putih Bonggol/Maluku/2024-12-13,37312.60784388914
Bawang Putih Bonggol/Maluku/2024-12-14,37195.76904602413
Bawang Putih Bonggol/Maluku/2024-12-15,37272.98310044205
Bawang Putih Bonggol/Maluku/2024-12-16,37237.57387262842
Bawang Putih Bonggol/Maluku/2024-12-17,37223.93839907608
Bawang Putih Bonggol/Maluku/2024-12-18,37239.11179903614
Bawang Putih Bonggol/Maluku/2024-12-19,37206.33336015952
Bawang Putih Bonggol/Maluku/2024-12-20,37114.79407729839
Bawang Putih Bonggol/Maluku/2024-12-21,37263.02822807875
Bawang Putih Bonggol/Maluku/2024-12-22,37140.10165700186
Bawang Putih Bonggol/Maluku/2024-12-23,37212.34724093965
Bawang Putih Bonggol/Maluku/2024-12-24,37318.562803886365
Bawang Putih Bonggol/Maluku/2024-12-25,37144.420657267234
Bawang Putih Bonggol/Maluku/2024-12-26,37062.8985637585
Bawang Putih Bonggol/Maluku/2024-12-27,37178.47809687195
Bawang Putih Bonggol/Maluku/2024-12-28,37258.05948543531
Bawang Putih Bonggol/Maluku/2024-12-29,37304.52195187828
Bawang Putih Bonggol/Maluku/2024-12-30,37102.07568410206
Bawang Putih Bonggol/Maluku/2024-12-31,37227.06852575185
Bawang Putih Bonggol/Nusa Tenggara Barat/2024-10-01,37190.540218539325
Bawang Putih Bonggol/Nusa Tenggara Barat/2024-10-02,37211.68583733381
Bawang Putih Bonggol/Nusa Tenggara Barat/2024-10-03,37371.091134492126
Bawang Putih Bonggol/Nusa Tenggara Barat/2024-10-04,37114.70342185622
Bawang Putih Bonggol/Nusa Tenggara Barat/2024-10-05,37248.72122574943
Bawang Putih Bonggol/Nusa Tenggara Barat/2024-10-06,37261.08943063955
Bawang Putih Bonggol/Nusa Tenggara Barat/2024-10-07,37307.32524052364
Bawang Putih Bonggol/Nusa Tenggara Barat/2024-10-08,37256.24076519159
Bawang Putih Bonggol/Nusa Tenggara Barat/2024-10-09,37258.327502517226
Bawang Putih Bonggol/Nusa Tenggara Barat/2024-10-10,37243.33567908553
Bawang Putih Bonggol/Nusa Tenggara Barat/2024-10-11,37284.25307932592
Bawang Putih Bonggol/Nusa Tenggara Barat/2024-10-12,37244.94789974745
Bawang Putih Bonggol/Nusa Tenggara Barat/2024-10-13,37296.58773503241
Bawang Putih Bonggol/Nusa Tenggara Barat/2024-10-14,37238.93044157821
Bawang Putih Bonggol/Nusa Tenggara Barat/2024-10-15,37286.91187215158
Bawang Putih Bonggol/Nusa Tenggara Barat/2024-10-16,37266.10569710262
Bawang Putih Bonggol/Nusa Tenggara Barat/2024-10-17,37336.413086081775
Bawang Putih Bonggol/Nusa Tenggara Barat/2024-10-18,37274.0318337048
Bawang Putih Bonggol/Nusa Tenggara Barat/2024-10-19,37168.76926723999
Bawang Putih Bonggol/Nusa Tenggara Barat/2024-10-20,37355.84026345389
Bawang Putih Bonggol/Nusa Tenggara Barat/2024-10-21,37216.75724061142
Bawang Putih Bonggol/Nusa Tenggara Barat/2024-10-22,37229.018985208175
Bawang Putih Bonggol/Nusa Tenggara Barat/2024-10-23,37214.938077965904
Bawang Putih Bonggol/Nusa Tenggara Barat/2024-10-24,37329.03146767637
Bawang Putih Bonggol/Nusa Tenggara Barat/2024-10-25,37125.28720069307
Bawang Putih Bonggol/Nusa Tenggara Barat/2024-10-26,37429.43582453376
Bawang Putih Bonggol/Nusa Tenggara Barat/2024-10-27,37317.25114239303
Bawang Putih Bonggol/Nusa Tenggara Barat/2024-10-28,37288.601154632895
Bawang Putih Bonggol/Nusa Tenggara Barat/2024-10-29,37292.69116735505
Bawang Putih Bonggol/Nusa Tenggara Barat/2024-10-30,37313.06686031937
Bawang Putih Bonggol/Nusa Tenggara Barat/2024-10-31,37355.67941463014
Bawang Putih Bonggol/Nusa Tenggara Barat/2024-11-01,37345.39174386295
Bawang Putih Bonggol/Nusa Tenggara Barat/2024-11-02,37347.45286594984
Bawang Putih Bonggol/Nusa Tenggara Barat/2024-11-03,37331.89856569337
Bawang Putih Bonggol/Nusa Tenggara Barat/2024-11-04,37323.784169162784
Bawang Putih Bonggol/Nusa Tenggara Barat/2024-11-05,37328.88872476875
Bawang Putih Bonggol/Nusa Tenggara Barat/2024-11-06,37319.96695342181
Bawang Putih Bonggol/Nusa Tenggara Barat/2024-11-07,37398.077016151474
Bawang Putih Bonggol/Nusa Tenggara Barat/2024-11-08,37367.27480916339
Bawang Putih Bonggol/Nusa Tenggara Barat/2024-11-09,37155.94571486573
Bawang Putih Bonggol/Nusa Tenggara Barat/2024-11-10,37369.59944468684
Bawang Putih Bonggol/Nusa Tenggara Barat/2024-11-11,37330.51367315076
Bawang Putih Bonggol/Nusa Tenggara Barat/2024-11-12,37313.24847679287
Bawang Putih Bonggol/Nusa Tenggara Barat/2024-11-13,37277.10701393926
Bawang Putih Bonggol/Nusa Tenggara Barat/2024-11-14,37364.027164440624
Bawang Putih Bonggol/Nusa Tenggara Barat/2024-11-15,37382.24882662482
Bawang Putih Bonggol/Nusa Tenggara Barat/2024-11-16,37274.00688597491
Bawang Putih Bonggol/Nusa Tenggara Barat/2024-11-17,37348.89973577324
Bawang Putih Bonggol/Nusa Tenggara Barat/2024-11-18,37266.44961939905
Bawang Putih Bonggol/Nusa Tenggara Barat/2024-11-19,37241.96683151941
Bawang Putih Bonggol/Nusa Tenggara Barat/2024-11-20,37266.62194532926
Bawang Putih Bonggol/Nusa Tenggara Barat/2024-11-21,37334.823363782416
Bawang Putih Bonggol/Nusa Tenggara Barat/2024-11-22,37342.26380897059
Bawang Putih Bonggol/Nusa Tenggara Barat/2024-11-23,37313.8088924819
Bawang Putih Bonggol/Nusa Tenggara Barat/2024-11-24,37342.51397276613
Bawang Putih Bonggol/Nusa Tenggara Barat/2024-11-25,37348.69518172852
Bawang Putih Bonggol/Nusa Tenggara Barat/2024-11-26,37290.42749552724
Bawang Putih Bonggol/Nusa Tenggara Barat/2024-11-27,37354.27982449335
Bawang Putih Bonggol/Nusa Tenggara Barat/2024-11-28,37375.22036574662
Bawang Putih Bonggol/Nusa Tenggara Barat/2024-11-29,37380.28137943361
Bawang Putih Bonggol/Nusa Tenggara Barat/2024-11-30,37415.1101014241
Bawang Putih Bonggol/Nusa Tenggara Barat/2024-12-01,37398.22375364223
Bawang Putih Bonggol/Nusa Tenggara Barat/2024-12-02,37398.987830735234
Bawang Putih Bonggol/Nusa Tenggara Barat/2024-12-03,37454.001000509874
Bawang Putih Bonggol/Nusa Tenggara Barat/2024-12-04,37396.32500626164
Bawang Putih Bonggol/Nusa Tenggara Barat/2024-12-05,37350.50536781772
Bawang Putih Bonggol/Nusa Tenggara Barat/2024-12-06,37389.12601080366
Bawang Putih Bonggol/Nusa Tenggara Barat/2024-12-07,37346.83405869183
Bawang Putih Bonggol/Nusa Tenggara Barat/2024-12-08,37340.77224587889
Bawang Putih Bonggol/Nusa Tenggara Barat/2024-12-09,37352.72085057801
Bawang Putih Bonggol/Nusa Tenggara Barat/2024-12-10,37302.44612826004
Bawang Putih Bonggol/Nusa Tenggara Barat/2024-12-11,37325.98948059783
Bawang Putih Bonggol/Nusa Tenggara Barat/2024-12-12,37212.84724659683
Bawang Putih Bonggol/Nusa Tenggara Barat/2024-12-13,37326.96365275955
Bawang Putih Bonggol/Nusa Tenggara Barat/2024-12-14,37299.86569307868
Bawang Putih Bonggol/Nusa Tenggara Barat/2024-12-15,37237.6746992655
Bawang Putih Bonggol/Nusa Tenggara Barat/2024-12-16,37323.65031979738
Bawang Putih Bonggol/Nusa Tenggara Barat/2024-12-17,37336.18764757497
Bawang Putih Bonggol/Nusa Tenggara Barat/2024-12-18,37195.956771951656
Bawang Putih Bonggol/Nusa Tenggara Barat/2024-12-19,37237.38978287107
Bawang Putih Bonggol/Nusa Tenggara Barat/2024-12-20,37224.43693413312
Bawang Putih Bonggol/Nusa Tenggara Barat/2024-12-21,37206.57086502562
Bawang Putih Bonggol/Nusa Tenggara Barat/2024-12-22,37293.17188317905
Bawang Putih Bonggol/Nusa Tenggara Barat/2024-12-23,37215.00471684401
Bawang Putih Bonggol/Nusa Tenggara Barat/2024-12-24,37219.96684621314
Bawang Putih Bonggol/Nusa Tenggara Barat/2024-12-25,37110.12850760261
Bawang Putih Bonggol/Nusa Tenggara Barat/2024-12-26,37262.358281254325
Bawang Putih Bonggol/Nusa Tenggara Barat/2024-12-27,37139.35693400372
Bawang Putih Bonggol/Nusa Tenggara Barat/2024-12-28,37198.4119701367
Bawang Putih Bonggol/Nusa Tenggara Barat/2024-12-29,37205.88591863601
Bawang Putih Bonggol/Nusa Tenggara Barat/2024-12-30,37271.11953894745
Bawang Putih Bonggol/Nusa Tenggara Barat/2024-12-31,37127.01216890835
Bawang Putih Bonggol/Nusa Tenggara Timur/2024-10-01,37009.689346822335
Bawang Putih Bonggol/Nusa Tenggara Timur/2024-10-02,37197.03887330064
Bawang Putih Bonggol/Nusa Tenggara Timur/2024-10-03,37277.38110832151
Bawang Putih Bonggol/Nusa Tenggara Timur/2024-10-04,37240.11372262734
Bawang Putih Bonggol/Nusa Tenggara Timur/2024-10-05,37178.25723439764
Bawang Putih Bonggol/Nusa Tenggara Timur/2024-10-06,37159.48825003599
Bawang Putih Bonggol/Nusa Tenggara Timur/2024-10-07,37270.6740679838
Bawang Putih Bonggol/Nusa Tenggara Timur/2024-10-08,37159.543020445824
Bawang Putih Bonggol/Nusa Tenggara Timur/2024-10-09,37235.07191447567
Bawang Putih Bonggol/Nusa Tenggara Timur/2024-10-10,37233.3026944472
Bawang Putih Bonggol/Nusa Tenggara Timur/2024-10-11,37278.21620310604
Bawang Putih Bonggol/Nusa Tenggara Timur/2024-10-12,37402.29826496586
Bawang Putih Bonggol/Nusa Tenggara Timur/2024-10-13,37272.14878339351
Bawang Putih Bonggol/Nusa Tenggara Timur/2024-10-14,37250.64361866888
Bawang Putih Bonggol/Nusa Tenggara Timur/2024-10-15,37291.8479021432
Bawang Putih Bonggol/Nusa Tenggara Timur/2024-10-16,37188.8631571529
Bawang Putih Bonggol/Nusa Tenggara Timur/2024-10-17,37241.97540478204
Bawang Putih Bonggol/Nusa Tenggara Timur/2024-10-18,37225.57974559788
Bawang Putih Bonggol/Nusa Tenggara Timur/2024-10-19,37208.279459973695
Bawang Putih Bonggol/Nusa Tenggara Timur/2024-10-20,37242.42478953059
Bawang Putih Bonggol/Nusa Tenggara Timur/2024-10-21,37170.608039590894
Bawang Putih Bonggol/Nusa Tenggara Timur/2024-10-22,37293.4037468659
Bawang Putih Bonggol/Nusa Tenggara Timur/2024-10-23,37223.25232714071
Bawang Putih Bonggol/Nusa Tenggara Timur/2024-10-24,37227.06306924568
Bawang Putih Bonggol/Nusa Tenggara Timur/2024-10-25,37212.642660234
Bawang Putih Bonggol/Nusa Tenggara Timur/2024-10-26,37239.9261928136
Bawang Putih Bonggol/Nusa Tenggara Timur/2024-10-27,37289.86653129179
Bawang Putih Bonggol/Nusa Tenggara Timur/2024-10-28,37179.11642014347
Bawang Putih Bonggol/Nusa Tenggara Timur/2024-10-29,37194.105504931256
Bawang Putih Bonggol/Nusa Tenggara Timur/2024-10-30,37211.17450833881
Bawang Putih Bonggol/Nusa Tenggara Timur/2024-10-31,37141.17261780541
Bawang Putih Bonggol/Nusa Tenggara Timur/2024-11-01,37157.89907623259
Bawang Putih Bonggol/Nusa Tenggara Timur/2024-11-02,37154.10212083721
Bawang Putih Bonggol/Nusa Tenggara Timur/2024-11-03,37231.73407577537
Bawang Putih Bonggol/Nusa Tenggara Timur/2024-11-04,37192.34667026925
Bawang Putih Bonggol/Nusa Tenggara Timur/2024-11-05,37189.00283941247
Bawang Putih Bonggol/Nusa Tenggara Timur/2024-11-06,37242.37784760177
Bawang Putih Bonggol/Nusa Tenggara Timur/2024-11-07,37193.1121634506
Bawang Putih Bonggol/Nusa Tenggara Timur/2024-11-08,37236.20059108562
Bawang Putih Bonggol/Nusa Tenggara Timur/2024-11-09,37204.59943354457
Bawang Putih Bonggol/Nusa Tenggara Timur/2024-11-10,37232.64417689295
Bawang Putih Bonggol/Nusa Tenggara Timur/2024-11-11,37185.28389912648
Bawang Putih Bonggol/Nusa Tenggara Timur/2024-11-12,37062.8143781103
Bawang Putih Bonggol/Nusa Tenggara Timur/2024-11-13,37192.0376980289
Bawang Putih Bonggol/Nusa Tenggara Timur/2024-11-14,37268.4133391512
Bawang Putih Bonggol/Nusa Tenggara Timur/2024-11-15,37236.91936126906
Bawang Putih Bonggol/Nusa Tenggara Timur/2024-11-16,37244.94228186429
Bawang Putih Bonggol/Nusa Tenggara Timur/2024-11-17,37280.63367287784
Bawang Putih Bonggol/Nusa Tenggara Timur/2024-11-18,37248.08590771187
Bawang Putih Bonggol/Nusa Tenggara Timur/2024-11-19,37267.49086384868
Bawang Putih Bonggol/Nusa Tenggara Timur/2024-11-20,37216.45485138276
Bawang Putih Bonggol/Nusa Tenggara Timur/2024-11-21,37235.637528743566
Bawang Putih Bonggol/Nusa Tenggara Timur/2024-11-22,37289.759812505
Bawang Putih Bonggol/Nusa Tenggara Timur/2024-11-23,37322.42910732529
Bawang Putih Bonggol/Nusa Tenggara Timur/2024-11-24,37249.16647892832
Bawang Putih Bonggol/Nusa Tenggara Timur/2024-11-25,37235.86829259843
Bawang Putih Bonggol/Nusa Tenggara Timur/2024-11-26,37271.6522508673
Bawang Putih Bonggol/Nusa Tenggara Timur/2024-11-27,37310.7222156751
Bawang Putih Bonggol/Nusa Tenggara Timur/2024-11-28,37180.47552817542
Bawang Putih Bonggol/Nusa Tenggara Timur/2024-11-29,37112.7064546886
Bawang Putih Bonggol/Nusa Tenggara Timur/2024-11-30,37203.699857735686
Bawang Putih Bonggol/Nusa Tenggara Timur/2024-12-01,37143.07692593759
Bawang Putih Bonggol/Nusa Tenggara Timur/2024-12-02,37161.249020450734
Bawang Putih Bonggol/Nusa Tenggara Timur/2024-12-03,37155.629553372506
Bawang Putih Bonggol/Nusa Tenggara Timur/2024-12-04,37133.195876011225
Bawang Putih Bonggol/Nusa Tenggara Timur/2024-12-05,37256.41030392597
Bawang Putih Bonggol/Nusa Tenggara Timur/2024-12-06,37186.21715142068
Bawang Putih Bonggol/Nusa Tenggara Timur/2024-12-07,37198.22974714861
Bawang Putih Bonggol/Nusa Tenggara Timur/2024-12-08,37228.50072768763
Bawang Putih Bonggol/Nusa Tenggara Timur/2024-12-09,37131.04592346583
Bawang Putih Bonggol/Nusa Tenggara Timur/2024-12-10,37272.80139158784
Bawang Putih Bonggol/Nusa Tenggara Timur/2024-12-11,37195.67592348943
Bawang Putih Bonggol/Nusa Tenggara Timur/2024-12-12,37248.3337105983
Bawang Putih Bonggol/Nusa Tenggara Timur/2024-12-13,37146.62366240764
Bawang Putih Bonggol/Nusa Tenggara Timur/2024-12-14,37111.75423713609
Bawang Putih Bonggol/Nusa Tenggara Timur/2024-12-15,37257.66123668729
Bawang Putih Bonggol/Nusa Tenggara Timur/2024-12-16,37212.43264068674
Bawang Putih Bonggol/Nusa Tenggara Timur/2024-12-17,37135.19458305684
Bawang Putih Bonggol/Nusa Tenggara Timur/2024-12-18,37127.461532498135
Bawang Putih Bonggol/Nusa Tenggara Timur/2024-12-19,37251.924767900586
Bawang Putih Bonggol/Nusa Tenggara Timur/2024-12-20,37117.76686634796
Bawang Putih Bonggol/Nusa Tenggara Timur/2024-12-21,37277.59477520099
Bawang Putih Bonggol/Nusa Tenggara Timur/2024-12-22,37122.10146484231
Bawang Putih Bonggol/Nusa Tenggara Timur/2024-12-23,37228.46171623032
Bawang Putih Bonggol/Nusa Tenggara Timur/2024-12-24,37178.99946425055
Bawang Putih Bonggol/Nusa Tenggara Timur/2024-12-25,37227.61272422164
Bawang Putih Bonggol/Nusa Tenggara Timur/2024-12-26,37170.90068340888
Bawang Putih Bonggol/Nusa Tenggara Timur/2024-12-27,37181.72870697375
Bawang Putih Bonggol/Nusa Tenggara Timur/2024-12-28,37204.4580804818
Bawang Putih Bonggol/Nusa Tenggara Timur/2024-12-29,37132.24460404999
Bawang Putih Bonggol/Nusa Tenggara Timur/2024-12-30,37236.87780961784
Bawang Putih Bonggol/Nusa Tenggara Timur/2024-12-31,37152.56344362332
Bawang Putih Bonggol/Papua Barat/2024-10-01,37172.24928285184
Bawang Putih Bonggol/Papua Barat/2024-10-02,37122.2908266388
Bawang Putih Bonggol/Papua Barat/2024-10-03,37013.173104826026
Bawang Putih Bonggol/Papua Barat/2024-10-04,37145.11033820073
Bawang Putih Bonggol/Papua Barat/2024-10-05,37277.692415832775
Bawang Putih Bonggol/Papua Barat/2024-10-06,37182.96859537287
Bawang Putih Bonggol/Papua Barat/2024-10-07,37145.75744020753
Bawang Putih Bonggol/Papua Barat/2024-10-08,37148.18459469018
Bawang Putih Bonggol/Papua Barat/2024-10-09,37191.0327971899
Bawang Putih Bonggol/Papua Barat/2024-10-10,37223.55154304185
Bawang Putih Bonggol/Papua Barat/2024-10-11,37101.995783458246
Bawang Putih Bonggol/Papua Barat/2024-10-12,37242.663475880654
Bawang Putih Bonggol/Papua Barat/2024-10-13,37226.400379811246
Bawang Putih Bonggol/Papua Barat/2024-10-14,37239.41243386049
Bawang Putih Bonggol/Papua Barat/2024-10-15,37231.6982348088
Bawang Putih Bonggol/Papua Barat/2024-10-16,37212.45951582134
Bawang Putih Bonggol/Papua Barat/2024-10-17,37275.3142010216
Bawang Putih Bonggol/Papua Barat/2024-10-18,37271.23298368622
Bawang Putih Bonggol/Papua Barat/2024-10-19,37220.218133154165
Bawang Putih Bonggol/Papua Barat/2024-10-20,37209.199917915896
Bawang Putih Bonggol/Papua Barat/2024-10-21,37249.83560179464
Bawang Putih Bonggol/Papua Barat/2024-10-22,37341.36036685836
Bawang Putih Bonggol/Papua Barat/2024-10-23,37169.88089082533
Bawang Putih Bonggol/Papua Barat/2024-10-24,37152.92508460996
Bawang Putih Bonggol/Papua Barat/2024-10-25,37247.92597865232
Bawang Putih Bonggol/Papua Barat/2024-10-26,37235.620292458414
Bawang Putih Bonggol/Papua Barat/2024-10-27,37235.17716865442
Bawang Putih Bonggol/Papua Barat/2024-10-28,37223.5888973936
Bawang Putih Bonggol/Papua Barat/2024-10-29,37208.3832172169
Bawang Putih Bonggol/Papua Barat/2024-10-30,37326.44689908206
Bawang Putih Bonggol/Papua Barat/2024-10-31,37137.58946269435
Bawang Putih Bonggol/Papua Barat/2024-11-01,37182.84091425184
Bawang Putih Bonggol/Papua Barat/2024-11-02,37217.82657887993
Bawang Putih Bonggol/Papua Barat/2024-11-03,37113.71074360113
Bawang Putih Bonggol/Papua Barat/2024-11-04,37191.3703218636
Bawang Putih Bonggol/Papua Barat/2024-11-05,37277.2841012444
Bawang Putih Bonggol/Papua Barat/2024-11-06,37191.03653261413
Bawang Putih Bonggol/Papua Barat/2024-11-07,37213.164131820384
Bawang Putih Bonggol/Papua Barat/2024-11-08,37123.46126379414
Bawang Putih Bonggol/Papua Barat/2024-11-09,37172.12604116665
Bawang Putih Bonggol/Papua Barat/2024-11-10,37176.47020618214
Bawang Putih Bonggol/Papua Barat/2024-11-11,37158.099237716495
Bawang Putih Bonggol/Papua Barat/2024-11-12,37252.37418790386
Bawang Putih Bonggol/Papua Barat/2024-11-13,37208.79410271201
Bawang Putih Bonggol/Papua Barat/2024-11-14,37124.02973375173
Bawang Putih Bonggol/Papua Barat/2024-11-15,37210.071171150594
Bawang Putih Bonggol/Papua Barat/2024-11-16,37225.85634054004
Bawang Putih Bonggol/Papua Barat/2024-11-17,37272.561769336055
Bawang Putih Bonggol/Papua Barat/2024-11-18,37301.133394706914
Bawang Putih Bonggol/Papua Barat/2024-11-19,37158.28347695428
Bawang Putih Bonggol/Papua Barat/2024-11-20,37192.01085225995
Bawang Putih Bonggol/Papua Barat/2024-11-21,37159.64195992832
Bawang Putih Bonggol/Papua Barat/2024-11-22,37208.555863933936
Bawang Putih Bonggol/Papua Barat/2024-11-23,37232.249208322944
Bawang Putih Bonggol/Papua Barat/2024-11-24,37250.4464709113
Bawang Putih Bonggol/Papua Barat/2024-11-25,37200.960625112224
Bawang Putih Bonggol/Papua Barat/2024-11-26,37194.543961585245
Bawang Putih Bonggol/Papua Barat/2024-11-27,37232.29573921157
Bawang Putih Bonggol/Papua Barat/2024-11-28,37170.25292443262
Bawang Putih Bonggol/Papua Barat/2024-11-29,37344.76738161099
Bawang Putih Bonggol/Papua Barat/2024-11-30,37118.03470111663
Bawang Putih Bonggol/Papua Barat/2024-12-01,37233.21452912007
Bawang Putih Bonggol/Papua Barat/2024-12-02,37349.69258802653
Bawang Putih Bonggol/Papua Barat/2024-12-03,37233.32320005438
Bawang Putih Bonggol/Papua Barat/2024-12-04,37240.034329047936
Bawang Putih Bonggol/Papua Barat/2024-12-05,37218.27277801668
Bawang Putih Bonggol/Papua Barat/2024-12-06,37248.840837705335
Bawang Putih Bonggol/Papua Barat/2024-12-07,37342.01921671676
Bawang Putih Bonggol/Papua Barat/2024-12-08,37108.42982827834
Bawang Putih Bonggol/Papua Barat/2024-12-09,37339.7211719492
Bawang Putih Bonggol/Papua Barat/2024-12-10,37157.95659697859
Bawang Putih Bonggol/Papua Barat/2024-12-11,37228.62454461816
Bawang Putih Bonggol/Papua Barat/2024-12-12,37209.02363713238
Bawang Putih Bonggol/Papua Barat/2024-12-13,37250.53840689347
Bawang Putih Bonggol/Papua Barat/2024-12-14,37133.020171308206
Bawang Putih Bonggol/Papua Barat/2024-12-15,37235.01641732692
Bawang Putih Bonggol/Papua Barat/2024-12-16,37338.86235582356
Bawang Putih Bonggol/Papua Barat/2024-12-17,37136.34187402932
Bawang Putih Bonggol/Papua Barat/2024-12-18,37237.54874405491
Bawang Putih Bonggol/Papua Barat/2024-12-19,37180.50477864149
Bawang Putih Bonggol/Papua Barat/2024-12-20,37257.41105077883
Bawang Putih Bonggol/Papua Barat/2024-12-21,37226.34348871444
Bawang Putih Bonggol/Papua Barat/2024-12-22,37168.58914576621
Bawang Putih Bonggol/Papua Barat/2024-12-23,37250.94309474088
Bawang Putih Bonggol/Papua Barat/2024-12-24,37330.08124946132
Bawang Putih Bonggol/Papua Barat/2024-12-25,37223.755205164365
Bawang Putih Bonggol/Papua Barat/2024-12-26,37285.486057032096
Bawang Putih Bonggol/Papua Barat/2024-12-27,37171.50759710303
Bawang Putih Bonggol/Papua Barat/2024-12-28,37200.93641932271
Bawang Putih Bonggol/Papua Barat/2024-12-29,37276.1914903312
Bawang Putih Bonggol/Papua Barat/2024-12-30,37320.663171993605
Bawang Putih Bonggol/Papua Barat/2024-12-31,37262.36967562031
Bawang Putih Bonggol/Papua/2024-10-01,37226.11164911957
Bawang Putih Bonggol/Papua/2024-10-02,37263.17868989287
Bawang Putih Bonggol/Papua/2024-10-03,37192.24150774128
Bawang Putih Bonggol/Papua/2024-10-04,37294.664598586445
Bawang Putih Bonggol/Papua/2024-10-05,37298.56188876626
Bawang Putih Bonggol/Papua/2024-10-06,37220.6893545604
Bawang Putih Bonggol/Papua/2024-10-07,37226.97372698764
Bawang Putih Bonggol/Papua/2024-10-08,37269.08044271043
Bawang Putih Bonggol/Papua/2024-10-09,37232.61590816319
Bawang Putih Bonggol/Papua/2024-10-10,37244.847951010845
Bawang Putih Bonggol/Papua/2024-10-11,37371.16556971388
Bawang Putih Bonggol/Papua/2024-10-12,37242.3580800464
Bawang Putih Bonggol/Papua/2024-10-13,37249.130578789576
Bawang Putih Bonggol/Papua/2024-10-14,37231.91538784396
Bawang Putih Bonggol/Papua/2024-10-15,37319.07069466792
Bawang Putih Bonggol/Papua/2024-10-16,37263.19081019085
Bawang Putih Bonggol/Papua/2024-10-17,37218.56269528886
Bawang Putih Bonggol/Papua/2024-10-18,37343.85610981736
Bawang Putih Bonggol/Papua/2024-10-19,37357.89087913319
Bawang Putih Bonggol/Papua/2024-10-20,37250.9845704811
Bawang Putih Bonggol/Papua/2024-10-21,37172.05216897039
Bawang Putih Bonggol/Papua/2024-10-22,37345.56343185608
Bawang Putih Bonggol/Papua/2024-10-23,37244.15580414303
Bawang Putih Bonggol/Papua/2024-10-24,37319.82981779111
Bawang Putih Bonggol/Papua/2024-10-25,37138.06461429797
Bawang Putih Bonggol/Papua/2024-10-26,37313.35129225214
Bawang Putih Bonggol/Papua/2024-10-27,37191.83354274894
Bawang Putih Bonggol/Papua/2024-10-28,37290.46612795773
Bawang Putih Bonggol/Papua/2024-10-29,37246.381219267525
Bawang Putih Bonggol/Papua/2024-10-30,37177.726556212525
Bawang Putih Bonggol/Papua/2024-10-31,37224.33639420891
Bawang Putih Bonggol/Papua/2024-11-01,37273.36771364986
Bawang Putih Bonggol/Papua/2024-11-02,37243.86239715004
Bawang Putih Bonggol/Papua/2024-11-03,37267.54199185254
Bawang Putih Bonggol/Papua/2024-11-04,37360.48886970806
Bawang Putih Bonggol/Papua/2024-11-05,37166.424459325295
Bawang Putih Bonggol/Papua/2024-11-06,37371.16944196395
Bawang Putih Bonggol/Papua/2024-11-07,37281.66808323289
Bawang Putih Bonggol/Papua/2024-11-08,37229.73619791442
Bawang Putih Bonggol/Papua/2024-11-09,37201.12647555531
Bawang Putih Bonggol/Papua/2024-11-10,37248.15099426214
Bawang Putih Bonggol/Papua/2024-11-11,37322.864888227865
Bawang Putih Bonggol/Papua/2024-11-12,37239.308883991645
Bawang Putih Bonggol/Papua/2024-11-13,37342.52509728263
Bawang Putih Bonggol/Papua/2024-11-14,37174.51360847408
Bawang Putih Bonggol/Papua/2024-11-15,37273.08799416445
Bawang Putih Bonggol/Papua/2024-11-16,37192.14638875724
Bawang Putih Bonggol/Papua/2024-11-17,37272.34332277482
Bawang Putih Bonggol/Papua/2024-11-18,37302.111731476936
Bawang Putih Bonggol/Papua/2024-11-19,37211.2146429283
Bawang Putih Bonggol/Papua/2024-11-20,37089.77982121714
Bawang Putih Bonggol/Papua/2024-11-21,37244.18592085115
Bawang Putih Bonggol/Papua/2024-11-22,37251.92325636446
Bawang Putih Bonggol/Papua/2024-11-23,37237.83840686415
Bawang Putih Bonggol/Papua/2024-11-24,37281.74406994264
Bawang Putih Bonggol/Papua/2024-11-25,37153.2907628359
Bawang Putih Bonggol/Papua/2024-11-26,37285.01818479191
Bawang Putih Bonggol/Papua/2024-11-27,37314.296184899824
Bawang Putih Bonggol/Papua/2024-11-28,37134.74858540456
Bawang Putih Bonggol/Papua/2024-11-29,37262.74980481848
Bawang Putih Bonggol/Papua/2024-11-30,37202.02390076603
Bawang Putih Bonggol/Papua/2024-12-01,37236.36038610456
Bawang Putih Bonggol/Papua/2024-12-02,37249.85267009186
Bawang Putih Bonggol/Papua/2024-12-03,37186.99292623266
Bawang Putih Bonggol/Papua/2024-12-04,37189.37713085311
Bawang Putih Bonggol/Papua/2024-12-05,37221.2068007917
Bawang Putih Bonggol/Papua/2024-12-06,37149.65013533639
Bawang Putih Bonggol/Papua/2024-12-07,37137.322869536896
Bawang Putih Bonggol/Papua/2024-12-08,37228.60246003666
Bawang Putih Bonggol/Papua/2024-12-09,37112.42334288306
Bawang Putih Bonggol/Papua/2024-12-10,37218.53637733969
Bawang Putih Bonggol/Papua/2024-12-11,37199.48224905924
Bawang Putih Bonggol/Papua/2024-12-12,37072.53676240349
Bawang Putih Bonggol/Papua/2024-12-13,37136.48322591196
Bawang Putih Bonggol/Papua/2024-12-14,37233.16792449385
Bawang Putih Bonggol/Papua/2024-12-15,37105.77421521385
Bawang Putih Bonggol/Papua/2024-12-16,37126.506844562966
Bawang Putih Bonggol/Papua/2024-12-17,37174.962398836855
Bawang Putih Bonggol/Papua/2024-12-18,37208.07462844875
Bawang Putih Bonggol/Papua/2024-12-19,37150.60539171653
Bawang Putih Bonggol/Papua/2024-12-20,37121.71170531885
Bawang Putih Bonggol/Papua/2024-12-21,37256.08203358055
Bawang Putih Bonggol/Papua/2024-12-22,37287.48673287417
Bawang Putih Bonggol/Papua/2024-12-23,37256.23639753611
Bawang Putih Bonggol/Papua/2024-12-24,37217.428160385934
Bawang Putih Bonggol/Papua/2024-12-25,37183.45389178167
Bawang Putih Bonggol/Papua/2024-12-26,37195.60348312926
Bawang Putih Bonggol/Papua/2024-12-27,37264.53389635983
Bawang Putih Bonggol/Papua/2024-12-28,37245.23670205892
Bawang Putih Bonggol/Papua/2024-12-29,37306.23386850221
Bawang Putih Bonggol/Papua/2024-12-30,37274.46571905921
Bawang Putih Bonggol/Papua/2024-12-31,37161.70076171486
Bawang Putih Bonggol/Riau/2024-10-01,37326.05505441866
Bawang Putih Bonggol/Riau/2024-10-02,37195.79311370489
Bawang Putih Bonggol/Riau/2024-10-03,37230.57024709669
Bawang Putih Bonggol/Riau/2024-10-04,37255.37765067608
Bawang Putih Bonggol/Riau/2024-10-05,37359.55080571071
Bawang Putih Bonggol/Riau/2024-10-06,37454.66210182757
Bawang Putih Bonggol/Riau/2024-10-07,37318.05165990368
Bawang Putih Bonggol/Riau/2024-10-08,37309.48710893428
Bawang Putih Bonggol/Riau/2024-10-09,37377.12788770813
Bawang Putih Bonggol/Riau/2024-10-10,37413.76626771689
Bawang Putih Bonggol/Riau/2024-10-11,37340.328246591
Bawang Putih Bonggol/Riau/2024-10-12,37460.34870605373
Bawang Putih Bonggol/Riau/2024-10-13,37383.08908500137
Bawang Putih Bonggol/Riau/2024-10-14,37419.15792378223
Bawang Putih Bonggol/Riau/2024-10-15,37436.7280698975
Bawang Putih Bonggol/Riau/2024-10-16,37425.703956854326
Bawang Putih Bonggol/Riau/2024-10-17,37467.71538926595
Bawang Putih Bonggol/Riau/2024-10-18,37376.68199274771
Bawang Putih Bonggol/Riau/2024-10-19,37387.2450836397
Bawang Putih Bonggol/Riau/2024-10-20,37347.16461137535
Bawang Putih Bonggol/Riau/2024-10-21,37427.268070453385
Bawang Putih Bonggol/Riau/2024-10-22,37438.7662873583
Bawang Putih Bonggol/Riau/2024-10-23,37411.5151750034
Bawang Putih Bonggol/Riau/2024-10-24,37498.76050873904
Bawang Putih Bonggol/Riau/2024-10-25,37410.96663636219
Bawang Putih Bonggol/Riau/2024-10-26,37472.44823438114
Bawang Putih Bonggol/Riau/2024-10-27,37368.063168276174
Bawang Putih Bonggol/Riau/2024-10-28,37407.220101090345
Bawang Putih Bonggol/Riau/2024-10-29,37469.41126468327
Bawang Putih Bonggol/Riau/2024-10-30,37466.13129719603
Bawang Putih Bonggol/Riau/2024-10-31,37403.68187964332
Bawang Putih Bonggol/Riau/2024-11-01,37414.16694312192
Bawang Putih Bonggol/Riau/2024-11-02,37333.2883293086
Bawang Putih Bonggol/Riau/2024-11-03,37395.614809054416
Bawang Putih Bonggol/Riau/2024-11-04,37451.82984194147
Bawang Putih Bonggol/Riau/2024-11-05,37421.94086503529
Bawang Putih Bonggol/Riau/2024-11-06,37423.493722668645
Bawang Putih Bonggol/Riau/2024-11-07,37401.73254472748
Bawang Putih Bonggol/Riau/2024-11-08,37414.60325522483
Bawang Putih Bonggol/Riau/2024-11-09,37374.10310451534
Bawang Putih Bonggol/Riau/2024-11-10,37446.899717762215
Bawang Putih Bonggol/Riau/2024-11-11,37427.616068607575
Bawang Putih Bonggol/Riau/2024-11-12,37433.68807112487
Bawang Putih Bonggol/Riau/2024-11-13,37377.229972140805
Bawang Putih Bonggol/Riau/2024-11-14,37275.03483310148
Bawang Putih Bonggol/Riau/2024-11-15,37467.05024566293
Bawang Putih Bonggol/Riau/2024-11-16,37353.09238956221
Bawang Putih Bonggol/Riau/2024-11-17,37319.1592542318
Bawang Putih Bonggol/Riau/2024-11-18,37401.68885842041
Bawang Putih Bonggol/Riau/2024-11-19,37333.41551021091
Bawang Putih Bonggol/Riau/2024-11-20,37435.57770590927
Bawang Putih Bonggol/Riau/2024-11-21,37395.47425609888
Bawang Putih Bonggol/Riau/2024-11-22,37411.87207933982
Bawang Putih Bonggol/Riau/2024-11-23,37301.61502909838
Bawang Putih Bonggol/Riau/2024-11-24,37455.274504213296
Bawang Putih Bonggol/Riau/2024-11-25,37404.366355253966
Bawang Putih Bonggol/Riau/2024-11-26,37360.09029744432
Bawang Putih Bonggol/Riau/2024-11-27,37391.59831012338
Bawang Putih Bonggol/Riau/2024-11-28,37268.290557343455
Bawang Putih Bonggol/Riau/2024-11-29,37405.01130027439
Bawang Putih Bonggol/Riau/2024-11-30,37292.94981793537
Bawang Putih Bonggol/Riau/2024-12-01,37257.62413175028
Bawang Putih Bonggol/Riau/2024-12-02,37231.186561670445
Bawang Putih Bonggol/Riau/2024-12-03,37367.66208907923
Bawang Putih Bonggol/Riau/2024-12-04,37259.99273548056
Bawang Putih Bonggol/Riau/2024-12-05,37375.56721060963
Bawang Putih Bonggol/Riau/2024-12-06,37256.60483721711
Bawang Putih Bonggol/Riau/2024-12-07,37194.14669661256
Bawang Putih Bonggol/Riau/2024-12-08,37229.29861332892
Bawang Putih Bonggol/Riau/2024-12-09,37345.84901102637
Bawang Putih Bonggol/Riau/2024-12-10,37258.25455342961
Bawang Putih Bonggol/Riau/2024-12-11,37219.28867762824
Bawang Putih Bonggol/Riau/2024-12-12,37265.75082384831
Bawang Putih Bonggol/Riau/2024-12-13,37296.71699064571
Bawang Putih Bonggol/Riau/2024-12-14,37340.56404799412
Bawang Putih Bonggol/Riau/2024-12-15,37357.75666418374
Bawang Putih Bonggol/Riau/2024-12-16,37265.607009895655
Bawang Putih Bonggol/Riau/2024-12-17,37224.77610414637
Bawang Putih Bonggol/Riau/2024-12-18,37279.06892927812
Bawang Putih Bonggol/Riau/2024-12-19,37309.37717564839
Bawang Putih Bonggol/Riau/2024-12-20,37219.55650789889
Bawang Putih Bonggol/Riau/2024-12-21,37202.658803983664
Bawang Putih Bonggol/Riau/2024-12-22,37276.22929749059
Bawang Putih Bonggol/Riau/2024-12-23,37252.109254039344
Bawang Putih Bonggol/Riau/2024-12-24,37250.589692884605
Bawang Putih Bonggol/Riau/2024-12-25,37192.8369473521
Bawang Putih Bonggol/Riau/2024-12-26,37227.20194108351
Bawang Putih Bonggol/Riau/2024-12-27,37184.00261544621
Bawang Putih Bonggol/Riau/2024-12-28,37281.296955999256
Bawang Putih Bonggol/Riau/2024-12-29,37286.96334453794
Bawang Putih Bonggol/Riau/2024-12-30,37113.38842401182
Bawang Putih Bonggol/Riau/2024-12-31,37172.82513217423
Bawang Putih Bonggol/Sulawesi Barat/2024-10-01,37124.64215473749
Bawang Putih Bonggol/Sulawesi Barat/2024-10-02,37162.950430820114
Bawang Putih Bonggol/Sulawesi Barat/2024-10-03,37168.91164677755
Bawang Putih Bonggol/Sulawesi Barat/2024-10-04,37061.537726464485
Bawang Putih Bonggol/Sulawesi Barat/2024-10-05,37093.440789273314
Bawang Putih Bonggol/Sulawesi Barat/2024-10-06,37071.62758537799
Bawang Putih Bonggol/Sulawesi Barat/2024-10-07,37134.74566572871
Bawang Putih Bonggol/Sulawesi Barat/2024-10-08,37113.09613871029
Bawang Putih Bonggol/Sulawesi Barat/2024-10-09,37055.96310218636
Bawang Putih Bonggol/Sulawesi Barat/2024-10-10,37117.52149706972
Bawang Putih Bonggol/Sulawesi Barat/2024-10-11,37072.62199362177
Bawang Putih Bonggol/Sulawesi Barat/2024-10-12,37090.66276982756
Bawang Putih Bonggol/Sulawesi Barat/2024-10-13,37202.99803344728
Bawang Putih Bonggol/Sulawesi Barat/2024-10-14,37190.41465417618
Bawang Putih Bonggol/Sulawesi Barat/2024-10-15,37051.52823274805
Bawang Putih Bonggol/Sulawesi Barat/2024-10-16,37189.36855790315
Bawang Putih Bonggol/Sulawesi Barat/2024-10-17,37201.10498099027
Bawang Putih Bonggol/Sulawesi Barat/2024-10-18,37092.50684861535
Bawang Putih Bonggol/Sulawesi Barat/2024-10-19,37204.99342074417
Bawang Putih Bonggol/Sulawesi Barat/2024-10-20,37248.46947663777
Bawang Putih Bonggol/Sulawesi Barat/2024-10-21,37111.64974011758
Bawang Putih Bonggol/Sulawesi Barat/2024-10-22,37122.55503515768
Bawang Putih Bonggol/Sulawesi Barat/2024-10-23,37233.05569229177
Bawang Putih Bonggol/Sulawesi Barat/2024-10-24,37198.9735304058
Bawang Putih Bonggol/Sulawesi Barat/2024-10-25,37214.53051265845
Bawang Putih Bonggol/Sulawesi Barat/2024-10-26,37199.13682975726
Bawang Putih Bonggol/Sulawesi Barat/2024-10-27,37222.555621625244
Bawang Putih Bonggol/Sulawesi Barat/2024-10-28,37131.131070390686
Bawang Putih Bonggol/Sulawesi Barat/2024-10-29,37268.04285936104
Bawang Putih Bonggol/Sulawesi Barat/2024-10-30,37277.15593264571
Bawang Putih Bonggol/Sulawesi Barat/2024-10-31,37198.62580590775
Bawang Putih Bonggol/Sulawesi Barat/2024-11-01,37219.512403694185
Bawang Putih Bonggol/Sulawesi Barat/2024-11-02,37129.13691455076
Bawang Putih Bonggol/Sulawesi Barat/2024-11-03,37260.73368082344
Bawang Putih Bonggol/Sulawesi Barat/2024-11-04,37249.4436621199
Bawang Putih Bonggol/Sulawesi Barat/2024-11-05,37203.45374773811
Bawang Putih Bonggol/Sulawesi Barat/2024-11-06,37284.88392673281
Bawang Putih Bonggol/Sulawesi Barat/2024-11-07,37203.40679817483
Bawang Putih Bonggol/Sulawesi Barat/2024-11-08,37278.218234684646
Bawang Putih Bonggol/Sulawesi Barat/2024-11-09,37177.61814138211
Bawang Putih Bonggol/Sulawesi Barat/2024-11-10,37234.66445543947
Bawang Putih Bonggol/Sulawesi Barat/2024-11-11,37225.80618788553
Bawang Putih Bonggol/Sulawesi Barat/2024-11-12,37239.22000386953
Bawang Putih Bonggol/Sulawesi Barat/2024-11-13,37206.33534528933
Bawang Putih Bonggol/Sulawesi Barat/2024-11-14,37212.39667264225
Bawang Putih Bonggol/Sulawesi Barat/2024-11-15,37278.21546197061
Bawang Putih Bonggol/Sulawesi Barat/2024-11-16,37201.10511816016
Bawang Putih Bonggol/Sulawesi Barat/2024-11-17,37129.22612671771
Bawang Putih Bonggol/Sulawesi Barat/2024-11-18,37326.92328764276
Bawang Putih Bonggol/Sulawesi Barat/2024-11-19,37308.67657551958
Bawang Putih Bonggol/Sulawesi Barat/2024-11-20,37156.56033249713
Bawang Putih Bonggol/Sulawesi Barat/2024-11-21,37276.47040000135
Bawang Putih Bonggol/Sulawesi Barat/2024-11-22,37211.509510215576
Bawang Putih Bonggol/Sulawesi Barat/2024-11-23,37273.337400945886
Bawang Putih Bonggol/Sulawesi Barat/2024-11-24,37259.391965628434
Bawang Putih Bonggol/Sulawesi Barat/2024-11-25,37220.474646891766
Bawang Putih Bonggol/Sulawesi Barat/2024-11-26,37201.42715127613
Bawang Putih Bonggol/Sulawesi Barat/2024-11-27,37196.10001203849
Bawang Putih Bonggol/Sulawesi Barat/2024-11-28,37176.9328559165
Bawang Putih Bonggol/Sulawesi Barat/2024-11-29,37163.29016827426
Bawang Putih Bonggol/Sulawesi Barat/2024-11-30,37193.11086417866
Bawang Putih Bonggol/Sulawesi Barat/2024-12-01,37143.81580262499
Bawang Putih Bonggol/Sulawesi Barat/2024-12-02,37223.39272712273
Bawang Putih Bonggol/Sulawesi Barat/2024-12-03,37272.85860565559
Bawang Putih Bonggol/Sulawesi Barat/2024-12-04,37157.12994173449
Bawang Putih Bonggol/Sulawesi Barat/2024-12-05,37218.880369099694
Bawang Putih Bonggol/Sulawesi Barat/2024-12-06,37239.2158484562
Bawang Putih Bonggol/Sulawesi Barat/2024-12-07,37250.68714963736
Bawang Putih Bonggol/Sulawesi Barat/2024-12-08,37228.756895099046
Bawang Putih Bonggol/Sulawesi Barat/2024-12-09,37267.48875792999
Bawang Putih Bonggol/Sulawesi Barat/2024-12-10,37269.76117087461
Bawang Putih Bonggol/Sulawesi Barat/2024-12-11,37171.31333047314
Bawang Putih Bonggol/Sulawesi Barat/2024-12-12,37299.32697542927
Bawang Putih Bonggol/Sulawesi Barat/2024-12-13,37299.83976668728
Bawang Putih Bonggol/Sulawesi Barat/2024-12-14,37206.5907782065
Bawang Putih Bonggol/Sulawesi Barat/2024-12-15,37255.10039258094
Bawang Putih Bonggol/Sulawesi Barat/2024-12-16,37292.85007973109
Bawang Putih Bonggol/Sulawesi Barat/2024-12-17,37252.779355486455
Bawang Putih Bonggol/Sulawesi Barat/2024-12-18,37326.582687122245
Bawang Putih Bonggol/Sulawesi Barat/2024-12-19,37409.64090094312
Bawang Putih Bonggol/Sulawesi Barat/2024-12-20,37244.22225597932
Bawang Putih Bonggol/Sulawesi Barat/2024-12-21,37221.16293668274
Bawang Putih Bonggol/Sulawesi Barat/2024-12-22,37320.11476343928
Bawang Putih Bonggol/Sulawesi Barat/2024-12-23,37346.001604074176
Bawang Putih Bonggol/Sulawesi Barat/2024-12-24,37281.45149667312
Bawang Putih Bonggol/Sulawesi Barat/2024-12-25,37372.04829515344
Bawang Putih Bonggol/Sulawesi Barat/2024-12-26,37218.45828529094
Bawang Putih Bonggol/Sulawesi Barat/2024-12-27,37356.331673894725
Bawang Putih Bonggol/Sulawesi Barat/2024-12-28,37270.94946341049
Bawang Putih Bonggol/Sulawesi Barat/2024-12-29,37406.85710433843
Bawang Putih Bonggol/Sulawesi Barat/2024-12-30,37436.14353852317
Bawang Putih Bonggol/Sulawesi Barat/2024-12-31,37275.871159981
Bawang Putih Bonggol/Sulawesi Selatan/2024-10-01,37316.72015485472
Bawang Putih Bonggol/Sulawesi Selatan/2024-10-02,37399.19573861973
Bawang Putih Bonggol/Sulawesi Selatan/2024-10-03,37332.582323509465
Bawang Putih Bonggol/Sulawesi Selatan/2024-10-04,37341.89526340146
Bawang Putih Bonggol/Sulawesi Selatan/2024-10-05,37332.67113043159
Bawang Putih Bonggol/Sulawesi Selatan/2024-10-06,37222.59789333594
Bawang Putih Bonggol/Sulawesi Selatan/2024-10-07,37330.82462609974
Bawang Putih Bonggol/Sulawesi Selatan/2024-10-08,37265.72184907637
Bawang Putih Bonggol/Sulawesi Selatan/2024-10-09,37266.26495925207
Bawang Putih Bonggol/Sulawesi Selatan/2024-10-10,37373.37232668337
Bawang Putih Bonggol/Sulawesi Selatan/2024-10-11,37204.57477677453
Bawang Putih Bonggol/Sulawesi Selatan/2024-10-12,37342.8935974551
Bawang Putih Bonggol/Sulawesi Selatan/2024-10-13,37269.04272336968
Bawang Putih Bonggol/Sulawesi Selatan/2024-10-14,37273.15294394843
Bawang Putih Bonggol/Sulawesi Selatan/2024-10-15,37340.29301705759
Bawang Putih Bonggol/Sulawesi Selatan/2024-10-16,37302.41188351283
Bawang Putih Bonggol/Sulawesi Selatan/2024-10-17,37336.23082086458
Bawang Putih Bonggol/Sulawesi Selatan/2024-10-18,37360.06712976231
Bawang Putih Bonggol/Sulawesi Selatan/2024-10-19,37295.08244674224
Bawang Putih Bonggol/Sulawesi Selatan/2024-10-20,37287.283842740566
Bawang Putih Bonggol/Sulawesi Selatan/2024-10-21,37250.1816733778
Bawang Putih Bonggol/Sulawesi Selatan/2024-10-22,37257.39803108285
Bawang Putih Bonggol/Sulawesi Selatan/2024-10-23,37474.82286737514
Bawang Putih Bonggol/Sulawesi Selatan/2024-10-24,37370.12386051826
Bawang Putih Bonggol/Sulawesi Selatan/2024-10-25,37231.41166783605
Bawang Putih Bonggol/Sulawesi Selatan/2024-10-26,37243.56461539814
Bawang Putih Bonggol/Sulawesi Selatan/2024-10-27,37356.30455484039
Bawang Putih Bonggol/Sulawesi Selatan/2024-10-28,37359.294449879526
Bawang Putih Bonggol/Sulawesi Selatan/2024-10-29,37333.73024133092
Bawang Putih Bonggol/Sulawesi Selatan/2024-10-30,37284.55001799655
Bawang Putih Bonggol/Sulawesi Selatan/2024-10-31,37310.88271125224
Bawang Putih Bonggol/Sulawesi Selatan/2024-11-01,37348.15563076462
Bawang Putih Bonggol/Sulawesi Selatan/2024-11-02,37325.386596891134
Bawang Putih Bonggol/Sulawesi Selatan/2024-11-03,37176.39254801653
Bawang Putih Bonggol/Sulawesi Selatan/2024-11-04,37285.9575288978
Bawang Putih Bonggol/Sulawesi Selatan/2024-11-05,37237.32368046658
Bawang Putih Bonggol/Sulawesi Selatan/2024-11-06,37284.84679816416
Bawang Putih Bonggol/Sulawesi Selatan/2024-11-07,37443.83768003963
Bawang Putih Bonggol/Sulawesi Selatan/2024-11-08,37291.865368000894
Bawang Putih Bonggol/Sulawesi Selatan/2024-11-09,37285.15914900052
Bawang Putih Bonggol/Sulawesi Selatan/2024-11-10,37370.69687301111
Bawang Putih Bonggol/Sulawesi Selatan/2024-11-11,37360.24016811957
Bawang Putih Bonggol/Sulawesi Selatan/2024-11-12,37365.96548299518
Bawang Putih Bonggol/Sulawesi Selatan/2024-11-13,37366.206116510766
Bawang Putih Bonggol/Sulawesi Selatan/2024-11-14,37473.727882119536
Bawang Putih Bonggol/Sulawesi Selatan/2024-11-15,37300.93718200678
Bawang Putih Bonggol/Sulawesi Selatan/2024-11-16,37403.5837384676
Bawang Putih Bonggol/Sulawesi Selatan/2024-11-17,37319.23112663884
Bawang Putih Bonggol/Sulawesi Selatan/2024-11-18,37407.02777680367
Bawang Putih Bonggol/Sulawesi Selatan/2024-11-19,37312.63588604847
Bawang Putih Bonggol/Sulawesi Selatan/2024-11-20,37322.20250995016
Bawang Putih Bonggol/Sulawesi Selatan/2024-11-21,37333.02963714842
Bawang Putih Bonggol/Sulawesi Selatan/2024-11-22,37397.39360540098
Bawang Putih Bonggol/Sulawesi Selatan/2024-11-23,37400.14047904741
Bawang Putih Bonggol/Sulawesi Selatan/2024-11-24,37264.75868963554
Bawang Putih Bonggol/Sulawesi Selatan/2024-11-25,37351.66344729032
Bawang Putih Bonggol/Sulawesi Selatan/2024-11-26,37303.61980098559
Bawang Putih Bonggol/Sulawesi Selatan/2024-11-27,37262.22163384908
Bawang Putih Bonggol/Sulawesi Selatan/2024-11-28,37303.677333701766
Bawang Putih Bonggol/Sulawesi Selatan/2024-11-29,37277.16582562891
Bawang Putih Bonggol/Sulawesi Selatan/2024-11-30,37449.3022375091
Bawang Putih Bonggol/Sulawesi Selatan/2024-12-01,37329.03339036543
Bawang Putih Bonggol/Sulawesi Selatan/2024-12-02,37232.40287101509
Bawang Putih Bonggol/Sulawesi Selatan/2024-12-03,37291.4476270264
Bawang Putih Bonggol/Sulawesi Selatan/2024-12-04,37383.59430967888
Bawang Putih Bonggol/Sulawesi Selatan/2024-12-05,37454.17104914157
Bawang Putih Bonggol/Sulawesi Selatan/2024-12-06,37219.432391603055
Bawang Putih Bonggol/Sulawesi Selatan/2024-12-07,37206.95470027418
Bawang Putih Bonggol/Sulawesi Selatan/2024-12-08,37442.3880506728
Bawang Putih Bonggol/Sulawesi Selatan/2024-12-09,37350.461909378864
Bawang Putih Bonggol/Sulawesi Selatan/2024-12-10,37265.64794926532
Bawang Putih Bonggol/Sulawesi Selatan/2024-12-11,37334.659055903016
Bawang Putih Bonggol/Sulawesi Selatan/2024-12-12,37156.33091544315
Bawang Putih Bonggol/Sulawesi Selatan/2024-12-13,37319.45975762309
Bawang Putih Bonggol/Sulawesi Selatan/2024-12-14,37301.60929034951
Bawang Putih Bonggol/Sulawesi Selatan/2024-12-15,37327.10459075462
Bawang Putih Bonggol/Sulawesi Selatan/2024-12-16,37215.95689338853
Bawang Putih Bonggol/Sulawesi Selatan/2024-12-17,37277.25520234882
Bawang Putih Bonggol/Sulawesi Selatan/2024-12-18,37231.05906399101
Bawang Putih Bonggol/Sulawesi Selatan/2024-12-19,37288.42706019255
Bawang Putih Bonggol/Sulawesi Selatan/2024-12-20,37207.477288090406
Bawang Putih Bonggol/Sulawesi Selatan/2024-12-21,37222.89417776405
Bawang Putih Bonggol/Sulawesi Selatan/2024-12-22,37186.26868193617
Bawang Putih Bonggol/Sulawesi Selatan/2024-12-23,37273.7660154495
Bawang Putih Bonggol/Sulawesi Selatan/2024-12-24,37284.89287630374
Bawang Putih Bonggol/Sulawesi Selatan/2024-12-25,37214.767925010296
Bawang Putih Bonggol/Sulawesi Selatan/2024-12-26,37241.676714378445
Bawang Putih Bonggol/Sulawesi Selatan/2024-12-27,37153.211609289305
Bawang Putih Bonggol/Sulawesi Selatan/2024-12-28,37223.36374303923
Bawang Putih Bonggol/Sulawesi Selatan/2024-12-29,37221.55359431751
Bawang Putih Bonggol/Sulawesi Selatan/2024-12-30,37374.54771484391
Bawang Putih Bonggol/Sulawesi Selatan/2024-12-31,37158.49837254365
Bawang Putih Bonggol/Sulawesi Tengah/2024-10-01,37325.7089662476
Bawang Putih Bonggol/Sulawesi Tengah/2024-10-02,37320.17360915594
Bawang Putih Bonggol/Sulawesi Tengah/2024-10-03,37291.33553713433
Bawang Putih Bonggol/Sulawesi Tengah/2024-10-04,37398.65728030953
Bawang Putih Bonggol/Sulawesi Tengah/2024-10-05,37313.70804601839
Bawang Putih Bonggol/Sulawesi Tengah/2024-10-06,37350.257490290416
Bawang Putih Bonggol/Sulawesi Tengah/2024-10-07,37327.35736296864
Bawang Putih Bonggol/Sulawesi Tengah/2024-10-08,37410.94152840556
Bawang Putih Bonggol/Sulawesi Tengah/2024-10-09,37416.86914244914
Bawang Putih Bonggol/Sulawesi Tengah/2024-10-10,37313.236017228
Bawang Putih Bonggol/Sulawesi Tengah/2024-10-11,37281.37768166381
Bawang Putih Bonggol/Sulawesi Tengah/2024-10-12,37343.37015221472
Bawang Putih Bonggol/Sulawesi Tengah/2024-10-13,37298.99466513086
Bawang Putih Bonggol/Sulawesi Tengah/2024-10-14,37322.66697381465
Bawang Putih Bonggol/Sulawesi Tengah/2024-10-15,37385.66185818592
Bawang Putih Bonggol/Sulawesi Tengah/2024-10-16,37288.68176860997
Bawang Putih Bonggol/Sulawesi Tengah/2024-10-17,37323.89165578208
Bawang Putih Bonggol/Sulawesi Tengah/2024-10-18,37326.62062141033
Bawang Putih Bonggol/Sulawesi Tengah/2024-10-19,37379.23231646064
Bawang Putih Bonggol/Sulawesi Tengah/2024-10-20,37189.89813010775
Bawang Putih Bonggol/Sulawesi Tengah/2024-10-21,37273.13413570921
Bawang Putih Bonggol/Sulawesi Tengah/2024-10-22,37315.31838991812
Bawang Putih Bonggol/Sulawesi Tengah/2024-10-23,37366.04626096289
Bawang Putih Bonggol/Sulawesi Tengah/2024-10-24,37260.51664836541
Bawang Putih Bonggol/Sulawesi Tengah/2024-10-25,37165.97333048887
Bawang Putih Bonggol/Sulawesi Tengah/2024-10-26,37328.22020843294
Bawang Putih Bonggol/Sulawesi Tengah/2024-10-27,37242.92097760451
Bawang Putih Bonggol/Sulawesi Tengah/2024-10-28,37194.66943320704
Bawang Putih Bonggol/Sulawesi Tengah/2024-10-29,37205.02068423804
Bawang Putih Bonggol/Sulawesi Tengah/2024-10-30,37223.068179359805
Bawang Putih Bonggol/Sulawesi Tengah/2024-10-31,37200.484986695046
Bawang Putih Bonggol/Sulawesi Tengah/2024-11-01,37077.160141658416
Bawang Putih Bonggol/Sulawesi Tengah/2024-11-02,37251.20306607752
Bawang Putih Bonggol/Sulawesi Tengah/2024-11-03,37269.77071120409
Bawang Putih Bonggol/Sulawesi Tengah/2024-11-04,37236.51006068543
Bawang Putih Bonggol/Sulawesi Tengah/2024-11-05,37133.4786388212
Bawang Putih Bonggol/Sulawesi Tengah/2024-11-06,37195.06321346586
Bawang Putih Bonggol/Sulawesi Tengah/2024-11-07,37222.27714176384
Bawang Putih Bonggol/Sulawesi Tengah/2024-11-08,37247.04420999707
Bawang Putih Bonggol/Sulawesi Tengah/2024-11-09,37244.43121152047
Bawang Putih Bonggol/Sulawesi Tengah/2024-11-10,37162.353947831856
Bawang Putih Bonggol/Sulawesi Tengah/2024-11-11,37227.52456182856
Bawang Putih Bonggol/Sulawesi Tengah/2024-11-12,37251.78358692175
Bawang Putih Bonggol/Sulawesi Tengah/2024-11-13,37314.49000194873
Bawang Putih Bonggol/Sulawesi Tengah/2024-11-14,37275.22927736162
Bawang Putih Bonggol/Sulawesi Tengah/2024-11-15,37293.762384353606
Bawang Putih Bonggol/Sulawesi Tengah/2024-11-16,37276.21093293603
Bawang Putih Bonggol/Sulawesi Tengah/2024-11-17,37370.47324780899
Bawang Putih Bonggol/Sulawesi Tengah/2024-11-18,37321.66505091442
Bawang Putih Bonggol/Sulawesi Tengah/2024-11-19,37248.32045378917
Bawang Putih Bonggol/Sulawesi Tengah/2024-11-20,37394.15453758079
Bawang Putih Bonggol/Sulawesi Tengah/2024-11-21,37357.65112238886
Bawang Putih Bonggol/Sulawesi Tengah/2024-11-22,37300.62930188491
Bawang Putih Bonggol/Sulawesi Tengah/2024-11-23,37293.5631910432
Bawang Putih Bonggol/Sulawesi Tengah/2024-11-24,37340.78426400384
Bawang Putih Bonggol/Sulawesi Tengah/2024-11-25,37360.54509090655
Bawang Putih Bonggol/Sulawesi Tengah/2024-11-26,37333.8911879867
Bawang Putih Bonggol/Sulawesi Tengah/2024-11-27,37340.885221730365
Bawang Putih Bonggol/Sulawesi Tengah/2024-11-28,37437.24513362448
Bawang Putih Bonggol/Sulawesi Tengah/2024-11-29,37416.672712749394
Bawang Putih Bonggol/Sulawesi Tengah/2024-11-30,37377.76432496494
Bawang Putih Bonggol/Sulawesi Tengah/2024-12-01,37435.79053519367
Bawang Putih Bonggol/Sulawesi Tengah/2024-12-02,37329.22114380213
Bawang Putih Bonggol/Sulawesi Tengah/2024-12-03,37423.17509397751
Bawang Putih Bonggol/Sulawesi Tengah/2024-12-04,37501.27729523749
Bawang Putih Bonggol/Sulawesi Tengah/2024-12-05,37382.119244022135
Bawang Putih Bonggol/Sulawesi Tengah/2024-12-06,37354.39466453004
Bawang Putih Bonggol/Sulawesi Tengah/2024-12-07,37359.78686067009
Bawang Putih Bonggol/Sulawesi Tengah/2024-12-08,37334.928231193146
Bawang Putih Bonggol/Sulawesi Tengah/2024-12-09,37333.45301655818
Bawang Putih Bonggol/Sulawesi Tengah/2024-12-10,37326.73822383416
Bawang Putih Bonggol/Sulawesi Tengah/2024-12-11,37251.13903815341
Bawang Putih Bonggol/Sulawesi Tengah/2024-12-12,37325.6646565047
Bawang Putih Bonggol/Sulawesi Tengah/2024-12-13,37367.51962633602
Bawang Putih Bonggol/Sulawesi Tengah/2024-12-14,37253.92714080495
Bawang Putih Bonggol/Sulawesi Tengah/2024-12-15,37401.04245556326
Bawang Putih Bonggol/Sulawesi Tengah/2024-12-16,37343.71170933234
Bawang Putih Bonggol/Sulawesi Tengah/2024-12-17,37395.9772799733
Bawang Putih Bonggol/Sulawesi Tengah/2024-12-18,37301.31120243837
Bawang Putih Bonggol/Sulawesi Tengah/2024-12-19,37394.70707758353
Bawang Putih Bonggol/Sulawesi Tengah/2024-12-20,37291.15656112774
Bawang Putih Bonggol/Sulawesi Tengah/2024-12-21,37401.36425746234
Bawang Putih Bonggol/Sulawesi Tengah/2024-12-22,37358.00681824885
Bawang Putih Bonggol/Sulawesi Tengah/2024-12-23,37378.06100256912
Bawang Putih Bonggol/Sulawesi Tengah/2024-12-24,37283.5007469533
Bawang Putih Bonggol/Sulawesi Tengah/2024-12-25,37290.276866118096
Bawang Putih Bonggol/Sulawesi Tengah/2024-12-26,37381.231716758666
Bawang Putih Bonggol/Sulawesi Tengah/2024-12-27,37269.7185442516
Bawang Putih Bonggol/Sulawesi Tengah/2024-12-28,37348.03374881751
Bawang Putih Bonggol/Sulawesi Tengah/2024-12-29,37225.01216973191
Bawang Putih Bonggol/Sulawesi Tengah/2024-12-30,37361.6167091418
Bawang Putih Bonggol/Sulawesi Tengah/2024-12-31,37231.922243148685
Bawang Putih Bonggol/Sulawesi Tenggara/2024-10-01,37324.65184313375
Bawang Putih Bonggol/Sulawesi Tenggara/2024-10-02,37332.41053630323
Bawang Putih Bonggol/Sulawesi Tenggara/2024-10-03,37246.24121898118
Bawang Putih Bonggol/Sulawesi Tenggara/2024-10-04,37336.61699750258
Bawang Putih Bonggol/Sulawesi Tenggara/2024-10-05,37307.59784889962
Bawang Putih Bonggol/Sulawesi Tenggara/2024-10-06,37271.27004096418
Bawang Putih Bonggol/Sulawesi Tenggara/2024-10-07,37235.46709462887
Bawang Putih Bonggol/Sulawesi Tenggara/2024-10-08,37162.28832462601
Bawang Putih Bonggol/Sulawesi Tenggara/2024-10-09,37293.85849198525
Bawang Putih Bonggol/Sulawesi Tenggara/2024-10-10,37151.64881695565
Bawang Putih Bonggol/Sulawesi Tenggara/2024-10-11,37234.305260923495
Bawang Putih Bonggol/Sulawesi Tenggara/2024-10-12,37200.26765960976
Bawang Putih Bonggol/Sulawesi Tenggara/2024-10-13,37254.60953983146
Bawang Putih Bonggol/Sulawesi Tenggara/2024-10-14,37204.14532881392
Bawang Putih Bonggol/Sulawesi Tenggara/2024-10-15,37191.929264572
Bawang Putih Bonggol/Sulawesi Tenggara/2024-10-16,37267.4999775111
Bawang Putih Bonggol/Sulawesi Tenggara/2024-10-17,37242.39999950545
Bawang Putih Bonggol/Sulawesi Tenggara/2024-10-18,37249.35040793147
Bawang Putih Bonggol/Sulawesi Tenggara/2024-10-19,37260.24881830008
Bawang Putih Bonggol/Sulawesi Tenggara/2024-10-20,37146.25554070785
Bawang Putih Bonggol/Sulawesi Tenggara/2024-10-21,37289.71612608066
Bawang Putih Bonggol/Sulawesi Tenggara/2024-10-22,37272.91292742142
Bawang Putih Bonggol/Sulawesi Tenggara/2024-10-23,37174.58360389376
Bawang Putih Bonggol/Sulawesi Tenggara/2024-10-24,37219.0707515985
Bawang Putih Bonggol/Sulawesi Tenggara/2024-10-25,37224.35864775929
Bawang Putih Bonggol/Sulawesi Tenggara/2024-10-26,37227.675774446994
Bawang Putih Bonggol/Sulawesi Tenggara/2024-10-27,37243.49267812738
Bawang Putih Bonggol/Sulawesi Tenggara/2024-10-28,37307.410156984326
Bawang Putih Bonggol/Sulawesi Tenggara/2024-10-29,37305.70900861664
Bawang Putih Bonggol/Sulawesi Tenggara/2024-10-30,37173.83586836335
Bawang Putih Bonggol/Sulawesi Tenggara/2024-10-31,37299.62590041286
Bawang Putih Bonggol/Sulawesi Tenggara/2024-11-01,37348.18804860152
Bawang Putih Bonggol/Sulawesi Tenggara/2024-11-02,37299.90351589018
Bawang Putih Bonggol/Sulawesi Tenggara/2024-11-03,37347.78957259588
Bawang Putih Bonggol/Sulawesi Tenggara/2024-11-04,37416.12389402508
Bawang Putih Bonggol/Sulawesi Tenggara/2024-11-05,37394.25167105583
Bawang Putih Bonggol/Sulawesi Tenggara/2024-11-06,37366.446351883445
Bawang Putih Bonggol/Sulawesi Tenggara/2024-11-07,37426.82431814931
Bawang Putih Bonggol/Sulawesi Tenggara/2024-11-08,37390.86297983462
Bawang Putih Bonggol/Sulawesi Tenggara/2024-11-09,37392.790777776565
Bawang Putih Bonggol/Sulawesi Tenggara/2024-11-10,37366.17809672624
Bawang Putih Bonggol/Sulawesi Tenggara/2024-11-11,37483.50774496243
Bawang Putih Bonggol/Sulawesi Tenggara/2024-11-12,37345.42352229502
Bawang Putih Bonggol/Sulawesi Tenggara/2024-11-13,37488.36288169444
Bawang Putih Bonggol/Sulawesi Tenggara/2024-11-14,37433.64565342216
Bawang Putih Bonggol/Sulawesi Tenggara/2024-11-15,37326.48297626706
Bawang Putih Bonggol/Sulawesi Tenggara/2024-11-16,37439.208972041015
Bawang Putih Bonggol/Sulawesi Tenggara/2024-11-17,37269.1859646782
Bawang Putih Bonggol/Sulawesi Tenggara/2024-11-18,37433.12058111783
Bawang Putih Bonggol/Sulawesi Tenggara/2024-11-19,37424.98284887197
Bawang Putih Bonggol/Sulawesi Tenggara/2024-11-20,37329.50556375189
Bawang Putih Bonggol/Sulawesi Tenggara/2024-11-21,37383.739024302056
Bawang Putih Bonggol/Sulawesi Tenggara/2024-11-22,37488.42348813084
Bawang Putih Bonggol/Sulawesi Tenggara/2024-11-23,37363.01425116186
Bawang Putih Bonggol/Sulawesi Tenggara/2024-11-24,37325.30992357505
Bawang Putih Bonggol/Sulawesi Tenggara/2024-11-25,37474.384426640776
Bawang Putih Bonggol/Sulawesi Tenggara/2024-11-26,37517.37008419261
Bawang Putih Bonggol/Sulawesi Tenggara/2024-11-27,37411.26036128504
Bawang Putih Bonggol/Sulawesi Tenggara/2024-11-28,37474.40212304317
Bawang Putih Bonggol/Sulawesi Tenggara/2024-11-29,37517.79351873935
Bawang Putih Bonggol/Sulawesi Tenggara/2024-11-30,37417.60013208466
Bawang Putih Bonggol/Sulawesi Tenggara/2024-12-01,37430.45369852697
Bawang Putih Bonggol/Sulawesi Tenggara/2024-12-02,37523.84861068263
Bawang Putih Bonggol/Sulawesi Tenggara/2024-12-03,37562.95169188366
Bawang Putih Bonggol/Sulawesi Tenggara/2024-12-04,37503.80730922624
Bawang Putih Bonggol/Sulawesi Tenggara/2024-12-05,37421.06301511457
Bawang Putih Bonggol/Sulawesi Tenggara/2024-12-06,37612.95622955524
Bawang Putih Bonggol/Sulawesi Tenggara/2024-12-07,37472.20689563456
Bawang Putih Bonggol/Sulawesi Tenggara/2024-12-08,37481.839078951154
Bawang Putih Bonggol/Sulawesi Tenggara/2024-12-09,37512.53309268209
Bawang Putih Bonggol/Sulawesi Tenggara/2024-12-10,37588.4025671543
Bawang Putih Bonggol/Sulawesi Tenggara/2024-12-11,37565.33273677854
Bawang Putih Bonggol/Sulawesi Tenggara/2024-12-12,37533.12665572758
Bawang Putih Bonggol/Sulawesi Tenggara/2024-12-13,37555.0525765088
Bawang Putih Bonggol/Sulawesi Tenggara/2024-12-14,37542.56920416602
Bawang Putih Bonggol/Sulawesi Tenggara/2024-12-15,37579.329125079385
Bawang Putih Bonggol/Sulawesi Tenggara/2024-12-16,37381.01958329889
Bawang Putih Bonggol/Sulawesi Tenggara/2024-12-17,37502.78351921824
Bawang Putih Bonggol/Sulawesi Tenggara/2024-12-18,37520.0138422438
Bawang Putih Bonggol/Sulawesi Tenggara/2024-12-19,37417.962518509376
Bawang Putih Bonggol/Sulawesi Tenggara/2024-12-20,37497.04192867619
Bawang Putih Bonggol/Sulawesi Tenggara/2024-12-21,37442.524329070366
Bawang Putih Bonggol/Sulawesi Tenggara/2024-12-22,37577.91236185909
Bawang Putih Bonggol/Sulawesi Tenggara/2024-12-23,37568.71982711885
Bawang Putih Bonggol/Sulawesi Tenggara/2024-12-24,37452.88497523159
Bawang Putih Bonggol/Sulawesi Tenggara/2024-12-25,37493.09558368096
Bawang Putih Bonggol/Sulawesi Tenggara/2024-12-26,37497.69297300041
Bawang Putih Bonggol/Sulawesi Tenggara/2024-12-27,37478.76008104517
Bawang Putih Bonggol/Sulawesi Tenggara/2024-12-28,37499.28039825928
Bawang Putih Bonggol/Sulawesi Tenggara/2024-12-29,37426.33506506586
Bawang Putih Bonggol/Sulawesi Tenggara/2024-12-30,37403.5684337103
Bawang Putih Bonggol/Sulawesi Tenggara/2024-12-31,37497.70861195697
Bawang Putih Bonggol/Sulawesi Utara/2024-10-01,37487.46961180973
Bawang Putih Bonggol/Sulawesi Utara/2024-10-02,37397.19316117982
Bawang Putih Bonggol/Sulawesi Utara/2024-10-03,37495.08562548357
Bawang Putih Bonggol/Sulawesi Utara/2024-10-04,37406.8892006208
Bawang Putih Bonggol/Sulawesi Utara/2024-10-05,37466.418496847386
Bawang Putih Bonggol/Sulawesi Utara/2024-10-06,37491.29877903772
Bawang Putih Bonggol/Sulawesi Utara/2024-10-07,37436.73634505154
Bawang Putih Bonggol/Sulawesi Utara/2024-10-08,37478.89941571216
Bawang Putih Bonggol/Sulawesi Utara/2024-10-09,37414.58852279919
Bawang Putih Bonggol/Sulawesi Utara/2024-10-10,37440.19617131646
Bawang Putih Bonggol/Sulawesi Utara/2024-10-11,37431.78919291645
Bawang Putih Bonggol/Sulawesi Utara/2024-10-12,37386.22265107307
Bawang Putih Bonggol/Sulawesi Utara/2024-10-13,37414.68833412821
Bawang Putih Bonggol/Sulawesi Utara/2024-10-14,37314.55394005552
Bawang Putih Bonggol/Sulawesi Utara/2024-10-15,37367.82386333604
Bawang Putih Bonggol/Sulawesi Utara/2024-10-16,37361.29080794664
Bawang Putih Bonggol/Sulawesi Utara/2024-10-17,37347.197947811335
Bawang Putih Bonggol/Sulawesi Utara/2024-10-18,37340.4682527034
Bawang Putih Bonggol/Sulawesi Utara/2024-10-19,37339.908020649
Bawang Putih Bonggol/Sulawesi Utara/2024-10-20,37377.5908212889
Bawang Putih Bonggol/Sulawesi Utara/2024-10-21,37400.18504088429
Bawang Putih Bonggol/Sulawesi Utara/2024-10-22,37310.39293172017
Bawang Putih Bonggol/Sulawesi Utara/2024-10-23,37278.17731526231
Bawang Putih Bonggol/Sulawesi Utara/2024-10-24,37280.830003545256
Bawang Putih Bonggol/Sulawesi Utara/2024-10-25,37300.50715964437
Bawang Putih Bonggol/Sulawesi Utara/2024-10-26,37287.87871345114
Bawang Putih Bonggol/Sulawesi Utara/2024-10-27,37240.74762979094
Bawang Putih Bonggol/Sulawesi Utara/2024-10-28,37199.513477550085
Bawang Putih Bonggol/Sulawesi Utara/2024-10-29,37240.32656124845
Bawang Putih Bonggol/Sulawesi Utara/2024-10-30,37266.17534427229
Bawang Putih Bonggol/Sulawesi Utara/2024-10-31,37280.19341655167
Bawang Putih Bonggol/Sulawesi Utara/2024-11-01,37206.16917356568
Bawang Putih Bonggol/Sulawesi Utara/2024-11-02,37217.65611102555
Bawang Putih Bonggol/Sulawesi Utara/2024-11-03,37188.87192126152
Bawang Putih Bonggol/Sulawesi Utara/2024-11-04,37234.70649905907
Bawang Putih Bonggol/Sulawesi Utara/2024-11-05,37171.43396634981
Bawang Putih Bonggol/Sulawesi Utara/2024-11-06,37244.71079862882
Bawang Putih Bonggol/Sulawesi Utara/2024-11-07,37098.8768713389
Bawang Putih Bonggol/Sulawesi Utara/2024-11-08,37177.15976101721
Bawang Putih Bonggol/Sulawesi Utara/2024-11-09,37209.512264273806
Bawang Putih Bonggol/Sulawesi Utara/2024-11-10,37191.68115839918
Bawang Putih Bonggol/Sulawesi Utara/2024-11-11,37352.24488992385
Bawang Putih Bonggol/Sulawesi Utara/2024-11-12,37217.28079096459
Bawang Putih Bonggol/Sulawesi Utara/2024-11-13,37167.53383458659
Bawang Putih Bonggol/Sulawesi Utara/2024-11-14,37232.0627353108
Bawang Putih Bonggol/Sulawesi Utara/2024-11-15,37125.24432557114
Bawang Putih Bonggol/Sulawesi Utara/2024-11-16,37220.53083130957
Bawang Putih Bonggol/Sulawesi Utara/2024-11-17,37141.31616767835
Bawang Putih Bonggol/Sulawesi Utara/2024-11-18,37241.312388354905
Bawang Putih Bonggol/Sulawesi Utara/2024-11-19,37154.98306621063
Bawang Putih Bonggol/Sulawesi Utara/2024-11-20,37175.617773718535
Bawang Putih Bonggol/Sulawesi Utara/2024-11-21,37151.62362645701
Bawang Putih Bonggol/Sulawesi Utara/2024-11-22,37289.22096298185
Bawang Putih Bonggol/Sulawesi Utara/2024-11-23,37174.29003509086
Bawang Putih Bonggol/Sulawesi Utara/2024-11-24,37306.86719375742
Bawang Putih Bonggol/Sulawesi Utara/2024-11-25,37265.22457683857
Bawang Putih Bonggol/Sulawesi Utara/2024-11-26,37265.76155034128
Bawang Putih Bonggol/Sulawesi Utara/2024-11-27,37281.329257820405
Bawang Putih Bonggol/Sulawesi Utara/2024-11-28,37283.34799912318
Bawang Putih Bonggol/Sulawesi Utara/2024-11-29,37156.94204744232
Bawang Putih Bonggol/Sulawesi Utara/2024-11-30,37242.98482009159
Bawang Putih Bonggol/Sulawesi Utara/2024-12-01,37301.58420536736
Bawang Putih Bonggol/Sulawesi Utara/2024-12-02,37242.62666413414
Bawang Putih Bonggol/Sulawesi Utara/2024-12-03,37155.11385333684
Bawang Putih Bonggol/Sulawesi Utara/2024-12-04,37228.32586755561
Bawang Putih Bonggol/Sulawesi Utara/2024-12-05,37344.15600265667
Bawang Putih Bonggol/Sulawesi Utara/2024-12-06,37319.480783726525
Bawang Putih Bonggol/Sulawesi Utara/2024-12-07,37244.24165200244
Bawang Putih Bonggol/Sulawesi Utara/2024-12-08,37322.08479144639
Bawang Putih Bonggol/Sulawesi Utara/2024-12-09,37267.14611372245
Bawang Putih Bonggol/Sulawesi Utara/2024-12-10,37191.48337624362
Bawang Putih Bonggol/Sulawesi Utara/2024-12-11,37217.94125929518
Bawang Putih Bonggol/Sulawesi Utara/2024-12-12,37352.007844439984
Bawang Putih Bonggol/Sulawesi Utara/2024-12-13,37241.0259226385
Bawang Putih Bonggol/Sulawesi Utara/2024-12-14,37236.449925041714
Bawang Putih Bonggol/Sulawesi Utara/2024-12-15,37233.80100900128
Bawang Putih Bonggol/Sulawesi Utara/2024-12-16,37379.640916165525
Bawang Putih Bonggol/Sulawesi Utara/2024-12-17,37376.17593042968
Bawang Putih Bonggol/Sulawesi Utara/2024-12-18,37419.23812037671
Bawang Putih Bonggol/Sulawesi Utara/2024-12-19,37307.18131125436
Bawang Putih Bonggol/Sulawesi Utara/2024-12-20,37363.97823057201
Bawang Putih Bonggol/Sulawesi Utara/2024-12-21,37271.317858502414
Bawang Putih Bonggol/Sulawesi Utara/2024-12-22,37442.6462562807
Bawang Putih Bonggol/Sulawesi Utara/2024-12-23,37273.16601808444
Bawang Putih Bonggol/Sulawesi Utara/2024-12-24,37345.61269994236
Bawang Putih Bonggol/Sulawesi Utara/2024-12-25,37267.59043981635
Bawang Putih Bonggol/Sulawesi Utara/2024-12-26,37286.98217974023
Bawang Putih Bonggol/Sulawesi Utara/2024-12-27,37268.87305681093
Bawang Putih Bonggol/Sulawesi Utara/2024-12-28,37251.36736722307
Bawang Putih Bonggol/Sulawesi Utara/2024-12-29,37250.698474979705
Bawang Putih Bonggol/Sulawesi Utara/2024-12-30,37232.12052053784
Bawang Putih Bonggol/Sulawesi Utara/2024-12-31,37311.85309782212
Bawang Putih Bonggol/Sumatera Barat/2024-10-01,37187.95407060682
Bawang Putih Bonggol/Sumatera Barat/2024-10-02,37265.62672150917
Bawang Putih Bonggol/Sumatera Barat/2024-10-03,37326.20160754279
Bawang Putih Bonggol/Sumatera Barat/2024-10-04,37225.17978106458
Bawang Putih Bonggol/Sumatera Barat/2024-10-05,37218.725204488364
Bawang Putih Bonggol/Sumatera Barat/2024-10-06,37237.16884965668
Bawang Putih Bonggol/Sumatera Barat/2024-10-07,37330.55570062531
Bawang Putih Bonggol/Sumatera Barat/2024-10-08,37269.49644802244
Bawang Putih Bonggol/Sumatera Barat/2024-10-09,37220.05343168184
Bawang Putih Bonggol/Sumatera Barat/2024-10-10,37291.08279875434
Bawang Putih Bonggol/Sumatera Barat/2024-10-11,37199.89051243151
Bawang Putih Bonggol/Sumatera Barat/2024-10-12,37307.839496796885
Bawang Putih Bonggol/Sumatera Barat/2024-10-13,37278.34713983828
Bawang Putih Bonggol/Sumatera Barat/2024-10-14,37237.11961095627
Bawang Putih Bonggol/Sumatera Barat/2024-10-15,37211.71112571775
Bawang Putih Bonggol/Sumatera Barat/2024-10-16,37198.27164776136
Bawang Putih Bonggol/Sumatera Barat/2024-10-17,37284.57236513637
Bawang Putih Bonggol/Sumatera Barat/2024-10-18,37313.76574612072
Bawang Putih Bonggol/Sumatera Barat/2024-10-19,37200.59489632188
Bawang Putih Bonggol/Sumatera Barat/2024-10-20,37275.293378020106
Bawang Putih Bonggol/Sumatera Barat/2024-10-21,37125.50888485214
Bawang Putih Bonggol/Sumatera Barat/2024-10-22,37214.44441604988
Bawang Putih Bonggol/Sumatera Barat/2024-10-23,37226.40377499393
Bawang Putih Bonggol/Sumatera Barat/2024-10-24,37150.94041679541
Bawang Putih Bonggol/Sumatera Barat/2024-10-25,37144.60013903273
Bawang Putih Bonggol/Sumatera Barat/2024-10-26,37140.80386311487
Bawang Putih Bonggol/Sumatera Barat/2024-10-27,37200.76127824783
Bawang Putih Bonggol/Sumatera Barat/2024-10-28,37160.21009335309
Bawang Putih Bonggol/Sumatera Barat/2024-10-29,37023.12329432425
Bawang Putih Bonggol/Sumatera Barat/2024-10-30,37019.86592603854
Bawang Putih Bonggol/Sumatera Barat/2024-10-31,37090.48572035085
Bawang Putih Bonggol/Sumatera Barat/2024-11-01,37134.05687133208
Bawang Putih Bonggol/Sumatera Barat/2024-11-02,36913.29358883388
Bawang Putih Bonggol/Sumatera Barat/2024-11-03,37029.43409545525
Bawang Putih Bonggol/Sumatera Barat/2024-11-04,37022.03551709176
Bawang Putih Bonggol/Sumatera Barat/2024-11-05,37135.24213960389
Bawang Putih Bonggol/Sumatera Barat/2024-11-06,37020.78879607213
Bawang Putih Bonggol/Sumatera Barat/2024-11-07,37062.45705289469
Bawang Putih Bonggol/Sumatera Barat/2024-11-08,37075.187502270965
Bawang Putih Bonggol/Sumatera Barat/2024-11-09,36939.885874380496
Bawang Putih Bonggol/Sumatera Barat/2024-11-10,37114.305778514594
Bawang Putih Bonggol/Sumatera Barat/2024-11-11,37062.95386506489
Bawang Putih Bonggol/Sumatera Barat/2024-11-12,37089.12030352934
Bawang Putih Bonggol/Sumatera Barat/2024-11-13,37308.31341009744
Bawang Putih Bonggol/Sumatera Barat/2024-11-14,36962.78688347268
Bawang Putih Bonggol/Sumatera Barat/2024-11-15,37234.09238419779
Bawang Putih Bonggol/Sumatera Barat/2024-11-16,37116.59049753773
Bawang Putih Bonggol/Sumatera Barat/2024-11-17,37166.772649651895
Bawang Putih Bonggol/Sumatera Barat/2024-11-18,37154.63519502241
Bawang Putih Bonggol/Sumatera Barat/2024-11-19,37108.92856288175
Bawang Putih Bonggol/Sumatera Barat/2024-11-20,37128.13449479061
Bawang Putih Bonggol/Sumatera Barat/2024-11-21,37164.08237035211
Bawang Putih Bonggol/Sumatera Barat/2024-11-22,37052.10049804338
Bawang Putih Bonggol/Sumatera Barat/2024-11-23,37181.09845202655
Bawang Putih Bonggol/Sumatera Barat/2024-11-24,37104.051288721486
Bawang Putih Bonggol/Sumatera Barat/2024-11-25,37062.07900931019
Bawang Putih Bonggol/Sumatera Barat/2024-11-26,37096.647540947866
Bawang Putih Bonggol/Sumatera Barat/2024-11-27,37189.06794608193
Bawang Putih Bonggol/Sumatera Barat/2024-11-28,37090.41218831446
Bawang Putih Bonggol/Sumatera Barat/2024-11-29,37138.43223717577
Bawang Putih Bonggol/Sumatera Barat/2024-11-30,37077.49210892336
Bawang Putih Bonggol/Sumatera Barat/2024-12-01,37177.63658549757
Bawang Putih Bonggol/Sumatera Barat/2024-12-02,37177.9851274797
Bawang Putih Bonggol/Sumatera Barat/2024-12-03,37248.76582982774
Bawang Putih Bonggol/Sumatera Barat/2024-12-04,37148.30986318564
Bawang Putih Bonggol/Sumatera Barat/2024-12-05,37215.58602174866
Bawang Putih Bonggol/Sumatera Barat/2024-12-06,37202.45535888779
Bawang Putih Bonggol/Sumatera Barat/2024-12-07,37281.72183621922
Bawang Putih Bonggol/Sumatera Barat/2024-12-08,37167.86202834049
Bawang Putih Bonggol/Sumatera Barat/2024-12-09,37256.297544713765
Bawang Putih Bonggol/Sumatera Barat/2024-12-10,37212.59822943236
Bawang Putih Bonggol/Sumatera Barat/2024-12-11,37222.30253174453
Bawang Putih Bonggol/Sumatera Barat/2024-12-12,37234.30243144639
Bawang Putih Bonggol/Sumatera Barat/2024-12-13,37236.00031684668
Bawang Putih Bonggol/Sumatera Barat/2024-12-14,37224.406616387016
Bawang Putih Bonggol/Sumatera Barat/2024-12-15,37241.05511506168
Bawang Putih Bonggol/Sumatera Barat/2024-12-16,37330.7246647068
Bawang Putih Bonggol/Sumatera Barat/2024-12-17,37306.38142266868
Bawang Putih Bonggol/Sumatera Barat/2024-12-18,37315.805797882
Bawang Putih Bonggol/Sumatera Barat/2024-12-19,37251.77025129434
Bawang Putih Bonggol/Sumatera Barat/2024-12-20,37237.37081814811
Bawang Putih Bonggol/Sumatera Barat/2024-12-21,37352.05504608322
Bawang Putih Bonggol/Sumatera Barat/2024-12-22,37338.998601338506
Bawang Putih Bonggol/Sumatera Barat/2024-12-23,37381.4765991956
Bawang Putih Bonggol/Sumatera Barat/2024-12-24,37265.199176459246
Bawang Putih Bonggol/Sumatera Barat/2024-12-25,37304.8537236689
Bawang Putih Bonggol/Sumatera Barat/2024-12-26,37226.46939726608
Bawang Putih Bonggol/Sumatera Barat/2024-12-27,37283.77152004107
Bawang Putih Bonggol/Sumatera Barat/2024-12-28,37352.20563861813
Bawang Putih Bonggol/Sumatera Barat/2024-12-29,37248.0794907141
Bawang Putih Bonggol/Sumatera Barat/2024-12-30,37322.90419956529
Bawang Putih Bonggol/Sumatera Barat/2024-12-31,37272.677939851055
Bawang Putih Bonggol/Sumatera Selatan/2024-10-01,37316.05922945462
Bawang Putih Bonggol/Sumatera Selatan/2024-10-02,37225.53930983538
Bawang Putih Bonggol/Sumatera Selatan/2024-10-03,37287.20594705266
Bawang Putih Bonggol/Sumatera Selatan/2024-10-04,37096.31622783721
Bawang Putih Bonggol/Sumatera Selatan/2024-10-05,37242.70443558098
Bawang Putih Bonggol/Sumatera Selatan/2024-10-06,37132.46237052535
Bawang Putih Bonggol/Sumatera Selatan/2024-10-07,37279.33631997652
Bawang Putih Bonggol/Sumatera Selatan/2024-10-08,37249.21923533196
Bawang Putih Bonggol/Sumatera Selatan/2024-10-09,37227.15318773666
Bawang Putih Bonggol/Sumatera Selatan/2024-10-10,37321.58516370256
Bawang Putih Bonggol/Sumatera Selatan/2024-10-11,37178.278563330205
Bawang Putih Bonggol/Sumatera Selatan/2024-10-12,37365.74170481313
Bawang Putih Bonggol/Sumatera Selatan/2024-10-13,37317.9590390754
Bawang Putih Bonggol/Sumatera Selatan/2024-10-14,37260.366090754
Bawang Putih Bonggol/Sumatera Selatan/2024-10-15,37359.90422074711
Bawang Putih Bonggol/Sumatera Selatan/2024-10-16,37223.24561974574
Bawang Putih Bonggol/Sumatera Selatan/2024-10-17,37256.784171915824
Bawang Putih Bonggol/Sumatera Selatan/2024-10-18,37248.22880675439
Bawang Putih Bonggol/Sumatera Selatan/2024-10-19,37238.56158937898
Bawang Putih Bonggol/Sumatera Selatan/2024-10-20,37198.45596632777
Bawang Putih Bonggol/Sumatera Selatan/2024-10-21,37314.88249875117
Bawang Putih Bonggol/Sumatera Selatan/2024-10-22,37228.73872432599
Bawang Putih Bonggol/Sumatera Selatan/2024-10-23,37267.6080864125
Bawang Putih Bonggol/Sumatera Selatan/2024-10-24,37213.46003502457
Bawang Putih Bonggol/Sumatera Selatan/2024-10-25,37135.75661364284
Bawang Putih Bonggol/Sumatera Selatan/2024-10-26,37258.96230847142
Bawang Putih Bonggol/Sumatera Selatan/2024-10-27,37100.26873479309
Bawang Putih Bonggol/Sumatera Selatan/2024-10-28,37199.85101521679
Bawang Putih Bonggol/Sumatera Selatan/2024-10-29,37099.16113539085
Bawang Putih Bonggol/Sumatera Selatan/2024-10-30,37294.10828464789
Bawang Putih Bonggol/Sumatera Selatan/2024-10-31,37238.23912603573
Bawang Putih Bonggol/Sumatera Selatan/2024-11-01,37189.6666278215
Bawang Putih Bonggol/Sumatera Selatan/2024-11-02,37287.339419251206
Bawang Putih Bonggol/Sumatera Selatan/2024-11-03,37168.23102761998
Bawang Putih Bonggol/Sumatera Selatan/2024-11-04,37274.11054884209
Bawang Putih Bonggol/Sumatera Selatan/2024-11-05,37241.89829117115
Bawang Putih Bonggol/Sumatera Selatan/2024-11-06,37248.43035471265
Bawang Putih Bonggol/Sumatera Selatan/2024-11-07,37322.005681120034
Bawang Putih Bonggol/Sumatera Selatan/2024-11-08,37291.4532700594
Bawang Putih Bonggol/Sumatera Selatan/2024-11-09,37288.99539810876
Bawang Putih Bonggol/Sumatera Selatan/2024-11-10,37173.84996349346
Bawang Putih Bonggol/Sumatera Selatan/2024-11-11,37215.2450202644
Bawang Putih Bonggol/Sumatera Selatan/2024-11-12,37255.55928971878
Bawang Putih Bonggol/Sumatera Selatan/2024-11-13,37248.27603962568
Bawang Putih Bonggol/Sumatera Selatan/2024-11-14,37162.20490352209
Bawang Putih Bonggol/Sumatera Selatan/2024-11-15,37370.43948238188
Bawang Putih Bonggol/Sumatera Selatan/2024-11-16,37334.7134212536
Bawang Putih Bonggol/Sumatera Selatan/2024-11-17,37300.51639676695
Bawang Putih Bonggol/Sumatera Selatan/2024-11-18,37284.71042076959
Bawang Putih Bonggol/Sumatera Selatan/2024-11-19,37281.08883341369
Bawang Putih Bonggol/Sumatera Selatan/2024-11-20,37254.2271704979
Bawang Putih Bonggol/Sumatera Selatan/2024-11-21,37296.8586178447
Bawang Putih Bonggol/Sumatera Selatan/2024-11-22,37296.53041386802
Bawang Putih Bonggol/Sumatera Selatan/2024-11-23,37201.04398834781
Bawang Putih Bonggol/Sumatera Selatan/2024-11-24,37292.63717997981
Bawang Putih Bonggol/Sumatera Selatan/2024-11-25,37257.45386230002
Bawang Putih Bonggol/Sumatera Selatan/2024-11-26,37147.67973567463
Bawang Putih Bonggol/Sumatera Selatan/2024-11-27,37194.41044601359
Bawang Putih Bonggol/Sumatera Selatan/2024-11-28,37200.25639451232
Bawang Putih Bonggol/Sumatera Selatan/2024-11-29,37337.48285772368
Bawang Putih Bonggol/Sumatera Selatan/2024-11-30,37249.65049470378
Bawang Putih Bonggol/Sumatera Selatan/2024-12-01,37140.45536559492
Bawang Putih Bonggol/Sumatera Selatan/2024-12-02,37267.593486847305
Bawang Putih Bonggol/Sumatera Selatan/2024-12-03,37143.85944530341
Bawang Putih Bonggol/Sumatera Selatan/2024-12-04,37300.49019838917
Bawang Putih Bonggol/Sumatera Selatan/2024-12-05,37184.37019350744
Bawang Putih Bonggol/Sumatera Selatan/2024-12-06,37205.838694594175
Bawang Putih Bonggol/Sumatera Selatan/2024-12-07,37306.47825579897
Bawang Putih Bonggol/Sumatera Selatan/2024-12-08,37143.02784606128
Bawang Putih Bonggol/Sumatera Selatan/2024-12-09,37146.66700702927
Bawang Putih Bonggol/Sumatera Selatan/2024-12-10,37172.45207979212
Bawang Putih Bonggol/Sumatera Selatan/2024-12-11,37265.76367031959
Bawang Putih Bonggol/Sumatera Selatan/2024-12-12,37103.63481854515
Bawang Putih Bonggol/Sumatera Selatan/2024-12-13,36999.13170760536
Bawang Putih Bonggol/Sumatera Selatan/2024-12-14,37133.23448640279
Bawang Putih Bonggol/Sumatera Selatan/2024-12-15,37177.54210281688
Bawang Putih Bonggol/Sumatera Selatan/2024-12-16,37205.853253196015
Bawang Putih Bonggol/Sumatera Selatan/2024-12-17,37091.42499184978
Bawang Putih Bonggol/Sumatera Selatan/2024-12-18,37109.038209360806
Bawang Putih Bonggol/Sumatera Selatan/2024-12-19,37227.60018335655
Bawang Putih Bonggol/Sumatera Selatan/2024-12-20,37042.43522849178
Bawang Putih Bonggol/Sumatera Selatan/2024-12-21,37122.43367374015
Bawang Putih Bonggol/Sumatera Selatan/2024-12-22,37141.147453467165
Bawang Putih Bonggol/Sumatera Selatan/2024-12-23,37161.69570059414
Bawang Putih Bonggol/Sumatera Selatan/2024-12-24,37106.719597218456
Bawang Putih Bonggol/Sumatera Selatan/2024-12-25,37126.978940552224
Bawang Putih Bonggol/Sumatera Selatan/2024-12-26,36984.27477760148
Bawang Putih Bonggol/Sumatera Selatan/2024-12-27,37082.779675362486
Bawang Putih Bonggol/Sumatera Selatan/2024-12-28,37130.98166316781
Bawang Putih Bonggol/Sumatera Selatan/2024-12-29,37026.88123717406
Bawang Putih Bonggol/Sumatera Selatan/2024-12-30,37085.22400663004
Bawang Putih Bonggol/Sumatera Selatan/2024-12-31,37102.14351744479
Bawang Putih Bonggol/Sumatera Utara/2024-10-01,37070.68398085248
Bawang Putih Bonggol/Sumatera Utara/2024-10-02,37101.97773678279
Bawang Putih Bonggol/Sumatera Utara/2024-10-03,37026.02262839186
Bawang Putih Bonggol/Sumatera Utara/2024-10-04,37078.57565172704
Bawang Putih Bonggol/Sumatera Utara/2024-10-05,37123.718440231874
Bawang Putih Bonggol/Sumatera Utara/2024-10-06,37094.02948082857
Bawang Putih Bonggol/Sumatera Utara/2024-10-07,37054.271276261
Bawang Putih Bonggol/Sumatera Utara/2024-10-08,37103.14243937789
Bawang Putih Bonggol/Sumatera Utara/2024-10-09,37144.03733113997
Bawang Putih Bonggol/Sumatera Utara/2024-10-10,36977.52782047098
Bawang Putih Bonggol/Sumatera Utara/2024-10-11,37165.58959181675
Bawang Putih Bonggol/Sumatera Utara/2024-10-12,37072.45069716435
Bawang Putih Bonggol/Sumatera Utara/2024-10-13,37126.54541877008
Bawang Putih Bonggol/Sumatera Utara/2024-10-14,37176.39125054218
Bawang Putih Bonggol/Sumatera Utara/2024-10-15,37021.23999019
Bawang Putih Bonggol/Sumatera Utara/2024-10-16,37082.42115601691
Bawang Putih Bonggol/Sumatera Utara/2024-10-17,37091.25616682763
Bawang Putih Bonggol/Sumatera Utara/2024-10-18,37058.26344991752
Bawang Putih Bonggol/Sumatera Utara/2024-10-19,37202.828925384274
Bawang Putih Bonggol/Sumatera Utara/2024-10-20,37036.73514082944
Bawang Putih Bonggol/Sumatera Utara/2024-10-21,37071.86722684548
Bawang Putih Bonggol/Sumatera Utara/2024-10-22,37118.392050226925
Bawang Putih Bonggol/Sumatera Utara/2024-10-23,37029.82389167893
Bawang Putih Bonggol/Sumatera Utara/2024-10-24,37077.748187877565
Bawang Putih Bonggol/Sumatera Utara/2024-10-25,37098.11393378188
Bawang Putih Bonggol/Sumatera Utara/2024-10-26,37065.26439282008
Bawang Putih Bonggol/Sumatera Utara/2024-10-27,37080.71064682905
Bawang Putih Bonggol/Sumatera Utara/2024-10-28,37047.74928483301
Bawang Putih Bonggol/Sumatera Utara/2024-10-29,36991.37890719112
Bawang Putih Bonggol/Sumatera Utara/2024-10-30,37093.7698977499
Bawang Putih Bonggol/Sumatera Utara/2024-10-31,37173.00517888011
Bawang Putih Bonggol/Sumatera Utara/2024-11-01,37075.32031846575
Bawang Putih Bonggol/Sumatera Utara/2024-11-02,37098.57517345897
Bawang Putih Bonggol/Sumatera Utara/2024-11-03,37141.94627822554
Bawang Putih Bonggol/Sumatera Utara/2024-11-04,37042.22992128126
Bawang Putih Bonggol/Sumatera Utara/2024-11-05,37224.24316531549
Bawang Putih Bonggol/Sumatera Utara/2024-11-06,37127.43446448352
Bawang Putih Bonggol/Sumatera Utara/2024-11-07,37233.08696816652
Bawang Putih Bonggol/Sumatera Utara/2024-11-08,37105.470655239325
Bawang Putih Bonggol/Sumatera Utara/2024-11-09,37271.97382846563
Bawang Putih Bonggol/Sumatera Utara/2024-11-10,37236.01433245083
Bawang Putih Bonggol/Sumatera Utara/2024-11-11,37227.01910288296
Bawang Putih Bonggol/Sumatera Utara/2024-11-12,37228.89282157173
Bawang Putih Bonggol/Sumatera Utara/2024-11-13,37202.43478549799
Bawang Putih Bonggol/Sumatera Utara/2024-11-14,37311.42868612821
Bawang Putih Bonggol/Sumatera Utara/2024-11-15,37243.20639349908
Bawang Putih Bonggol/Sumatera Utara/2024-11-16,37118.18167039241
Bawang Putih Bonggol/Sumatera Utara/2024-11-17,37164.48753844088
Bawang Putih Bonggol/Sumatera Utara/2024-11-18,37206.64908989245
Bawang Putih Bonggol/Sumatera Utara/2024-11-19,37226.97976092697
Bawang Putih Bonggol/Sumatera Utara/2024-11-20,37184.55011741542
Bawang Putih Bonggol/Sumatera Utara/2024-11-21,37260.84840325622
Bawang Putih Bonggol/Sumatera Utara/2024-11-22,37085.14330107937
Bawang Putih Bonggol/Sumatera Utara/2024-11-23,37214.98819737764
Bawang Putih Bonggol/Sumatera Utara/2024-11-24,37083.58024889099
Bawang Putih Bonggol/Sumatera Utara/2024-11-25,37224.59882145754
Bawang Putih Bonggol/Sumatera Utara/2024-11-26,37165.36333824399
Bawang Putih Bonggol/Sumatera Utara/2024-11-27,37184.84755445133
Bawang Putih Bonggol/Sumatera Utara/2024-11-28,37122.48603710878
Bawang Putih Bonggol/Sumatera Utara/2024-11-29,37247.17825690414
Bawang Putih Bonggol/Sumatera Utara/2024-11-30,37250.710470750695
Bawang Putih Bonggol/Sumatera Utara/2024-12-01,37225.78877011897
Bawang Putih Bonggol/Sumatera Utara/2024-12-02,37197.97414722877
Bawang Putih Bonggol/Sumatera Utara/2024-12-03,37251.737355160905
Bawang Putih Bonggol/Sumatera Utara/2024-12-04,37189.67615847103
Bawang Putih Bonggol/Sumatera Utara/2024-12-05,37279.930607695685
Bawang Putih Bonggol/Sumatera Utara/2024-12-06,37328.63052965879
Bawang Putih Bonggol/Sumatera Utara/2024-12-07,37307.79009672313
Bawang Putih Bonggol/Sumatera Utara/2024-12-08,37219.76264232056
Bawang Putih Bonggol/Sumatera Utara/2024-12-09,37294.73018242365
Bawang Putih Bonggol/Sumatera Utara/2024-12-10,37204.84458231646
Bawang Putih Bonggol/Sumatera Utara/2024-12-11,37310.49980419688
Bawang Putih Bonggol/Sumatera Utara/2024-12-12,37290.18161874114
Bawang Putih Bonggol/Sumatera Utara/2024-12-13,37143.13673599354
Bawang Putih Bonggol/Sumatera Utara/2024-12-14,37186.24933909082
Bawang Putih Bonggol/Sumatera Utara/2024-12-15,37219.05587087938
Bawang Putih Bonggol/Sumatera Utara/2024-12-16,37210.637258468414
Bawang Putih Bonggol/Sumatera Utara/2024-12-17,37132.57438225691
Bawang Putih Bonggol/Sumatera Utara/2024-12-18,37212.60143087173
Bawang Putih Bonggol/Sumatera Utara/2024-12-19,37210.54859159287
Bawang Putih Bonggol/Sumatera Utara/2024-12-20,37184.18254368362
Bawang Putih Bonggol/Sumatera Utara/2024-12-21,37145.4504696844
Bawang Putih Bonggol/Sumatera Utara/2024-12-22,37251.99270528949
Bawang Putih Bonggol/Sumatera Utara/2024-12-23,37301.89036754448
Bawang Putih Bonggol/Sumatera Utara/2024-12-24,37179.03744402516
Bawang Putih Bonggol/Sumatera Utara/2024-12-25,37179.05965872858
Bawang Putih Bonggol/Sumatera Utara/2024-12-26,37252.29732502301
Bawang Putih Bonggol/Sumatera Utara/2024-12-27,37209.31177532292
Bawang Putih Bonggol/Sumatera Utara/2024-12-28,37214.49049795641
Bawang Putih Bonggol/Sumatera Utara/2024-12-29,37255.8091966556
Bawang Putih Bonggol/Sumatera Utara/2024-12-30,37101.96436439061
Bawang Putih Bonggol/Sumatera Utara/2024-12-31,37300.78657945645
