id,price
Beras Medium/Aceh/2024-10-01,13363.175499296613
Beras Medium/Aceh/2024-10-02,13360.50985376402
Beras Medium/Aceh/2024-10-03,13363.288645153005
Beras Medium/Aceh/2024-10-04,13372.74794792797
Beras Medium/Aceh/2024-10-05,13334.01168562149
Beras Medium/Aceh/2024-10-06,13315.339926733182
Beras Medium/Aceh/2024-10-07,13332.748820927613
Beras Medium/Aceh/2024-10-08,13321.663003184529
Beras Medium/Aceh/2024-10-09,13303.904053782491
Beras Medium/Aceh/2024-10-10,13305.714163309836
Beras Medium/Aceh/2024-10-11,13292.18145921389
Beras Medium/Aceh/2024-10-12,13291.792634075353
Beras Medium/Aceh/2024-10-13,13294.079182293006
Beras Medium/Aceh/2024-10-14,13267.090012591794
Beras Medium/Aceh/2024-10-15,13266.942475298798
Beras Medium/Aceh/2024-10-16,13275.257037598318
Beras Medium/Aceh/2024-10-17,13268.194603156697
Beras Medium/Aceh/2024-10-18,13278.90920442156
Beras Medium/Aceh/2024-10-19,13261.63346142507
Beras Medium/Aceh/2024-10-20,13257.058607431343
Beras Medium/Aceh/2024-10-21,13287.817800680905
Beras Medium/Aceh/2024-10-22,13268.918233710148
Beras Medium/Aceh/2024-10-23,13272.38464535502
Beras Medium/Aceh/2024-10-24,13254.893846784493
Beras Medium/Aceh/2024-10-25,13265.722389735924
Beras Medium/Aceh/2024-10-26,13275.163271547315
Beras Medium/Aceh/2024-10-27,13257.88168186136
Beras Medium/Aceh/2024-10-28,13273.279905011352
Beras Medium/Aceh/2024-10-29,13261.61482898432
Beras Medium/Aceh/2024-10-30,13267.1855952365
Beras Medium/Aceh/2024-10-31,13264.163845488329
Beras Medium/Aceh/2024-11-01,13288.042779667048
Beras Medium/Aceh/2024-11-02,13270.538522598312
Beras Medium/Aceh/2024-11-03,13258.900153962422
Beras Medium/Aceh/2024-11-04,13280.452382831312
Beras Medium/Aceh/2024-11-05,13259.92443218714
Beras Medium/Aceh/2024-11-06,13276.468888685467
Beras Medium/Aceh/2024-11-07,13250.018097995777
Beras Medium/Aceh/2024-11-08,13255.926621598126
Beras Medium/Aceh/2024-11-09,13273.249205046506
Beras Medium/Aceh/2024-11-10,13275.510512988089
Beras Medium/Aceh/2024-11-11,13270.43381169737
Beras Medium/Aceh/2024-11-12,13265.108789617618
Beras Medium/Aceh/2024-11-13,13266.69217747954
Beras Medium/Aceh/2024-11-14,13257.11441355636
Beras Medium/Aceh/2024-11-15,13264.086994264624
Beras Medium/Aceh/2024-11-16,13264.804831765952
Beras Medium/Aceh/2024-11-17,13279.423617984678
Beras Medium/Aceh/2024-11-18,13271.889908731611
Beras Medium/Aceh/2024-11-19,13249.747033753958
Beras Medium/Aceh/2024-11-20,13273.697729560692
Beras Medium/Aceh/2024-11-21,13266.991054448865
Beras Medium/Aceh/2024-11-22,13264.535814523748
Beras Medium/Aceh/2024-11-23,13275.389684368743
Beras Medium/Aceh/2024-11-24,13278.581359040649
Beras Medium/Aceh/2024-11-25,13281.53656952213
Beras Medium/Aceh/2024-11-26,13262.67158771943
Beras Medium/Aceh/2024-11-27,13269.481409387268
Beras Medium/Aceh/2024-11-28,13278.072303509647
Beras Medium/Aceh/2024-11-29,13284.529922068194
Beras Medium/Aceh/2024-11-30,13268.348328699734
Beras Medium/Aceh/2024-12-01,13269.801601215484
Beras Medium/Aceh/2024-12-02,13262.422716061585
Beras Medium/Aceh/2024-12-03,13262.298121979393
Beras Medium/Aceh/2024-12-04,13281.94058915191
Beras Medium/Aceh/2024-12-05,13284.48529832772
Beras Medium/Aceh/2024-12-06,13269.858579305122
Beras Medium/Aceh/2024-12-07,13281.62055340082
Beras Medium/Aceh/2024-12-08,13277.429495419889
Beras Medium/Aceh/2024-12-09,13270.003742977648
Beras Medium/Aceh/2024-12-10,13279.700415460416
Beras Medium/Aceh/2024-12-11,13290.41155566334
Beras Medium/Aceh/2024-12-12,13275.497931421753
Beras Medium/Aceh/2024-12-13,13291.74187618558
Beras Medium/Aceh/2024-12-14,13248.369123943508
Beras Medium/Aceh/2024-12-15,13286.413476056186
Beras Medium/Aceh/2024-12-16,13278.44868114198
Beras Medium/Aceh/2024-12-17,13271.593541224878
Beras Medium/Aceh/2024-12-18,13275.63139735341
Beras Medium/Aceh/2024-12-19,13250.105049807698
Beras Medium/Aceh/2024-12-20,13273.636741519478
Beras Medium/Aceh/2024-12-21,13276.614421638542
Beras Medium/Aceh/2024-12-22,13286.52285010832
Beras Medium/Aceh/2024-12-23,13265.33750374094
Beras Medium/Aceh/2024-12-24,13261.393070483704
Beras Medium/Aceh/2024-12-25,13269.184105331862
Beras Medium/Aceh/2024-12-26,13283.863047152314
Beras Medium/Aceh/2024-12-27,13276.796035271287
Beras Medium/Aceh/2024-12-28,13264.705640132825
Beras Medium/Aceh/2024-12-29,13276.923558831451
Beras Medium/Aceh/2024-12-30,13275.022955521354
Beras Medium/Aceh/2024-12-31,13285.331548424345
Beras Medium/Bali/2024-10-01,13266.022305227149
Beras Medium/Bali/2024-10-02,13269.479569401685
Beras Medium/Bali/2024-10-03,13270.817901294962
Beras Medium/Bali/2024-10-04,13258.9612854329
Beras Medium/Bali/2024-10-05,13276.707379617554
Beras Medium/Bali/2024-10-06,13273.038742954612
Beras Medium/Bali/2024-10-07,13270.944549002244
Beras Medium/Bali/2024-10-08,13268.488901345569
Beras Medium/Bali/2024-10-09,13255.916646085554
Beras Medium/Bali/2024-10-10,13268.534190787364
Beras Medium/Bali/2024-10-11,13267.626956261876
Beras Medium/Bali/2024-10-12,13261.454424107123
Beras Medium/Bali/2024-10-13,13266.970173482176
Beras Medium/Bali/2024-10-14,13272.078113574797
Beras Medium/Bali/2024-10-15,13289.723753072876
Beras Medium/Bali/2024-10-16,13271.910573335932
Beras Medium/Bali/2024-10-17,13273.623492951385
Beras Medium/Bali/2024-10-18,13272.744564831855
Beras Medium/Bali/2024-10-19,13255.169656967226
Beras Medium/Bali/2024-10-20,13275.47275651699
Beras Medium/Bali/2024-10-21,13272.6053591965
Beras Medium/Bali/2024-10-22,13297.384181664704
Beras Medium/Bali/2024-10-23,13269.171322807597
Beras Medium/Bali/2024-10-24,13274.614214883317
Beras Medium/Bali/2024-10-25,13275.489842886976
Beras Medium/Bali/2024-10-26,13264.125612859898
Beras Medium/Bali/2024-10-27,13289.26374675514
Beras Medium/Bali/2024-10-28,13280.638731896051
Beras Medium/Bali/2024-10-29,13282.32828782484
Beras Medium/Bali/2024-10-30,13265.05280043261
Beras Medium/Bali/2024-10-31,13289.7778001904
Beras Medium/Bali/2024-11-01,13263.42955556221
Beras Medium/Bali/2024-11-02,13282.06876250797
Beras Medium/Bali/2024-11-03,13298.0979181218
Beras Medium/Bali/2024-11-04,13263.806677059232
Beras Medium/Bali/2024-11-05,13271.114716722865
Beras Medium/Bali/2024-11-06,13275.719004830516
Beras Medium/Bali/2024-11-07,13272.243844328072
Beras Medium/Bali/2024-11-08,13260.11592872123
Beras Medium/Bali/2024-11-09,13271.77041236366
Beras Medium/Bali/2024-11-10,13261.123804677358
Beras Medium/Bali/2024-11-11,13276.819246156658
Beras Medium/Bali/2024-11-12,13260.635396216669
Beras Medium/Bali/2024-11-13,13285.508552008396
Beras Medium/Bali/2024-11-14,13262.821457038834
Beras Medium/Bali/2024-11-15,13267.28870289551
Beras Medium/Bali/2024-11-16,13281.11581577137
Beras Medium/Bali/2024-11-17,13258.488489150715
Beras Medium/Bali/2024-11-18,13275.917727516133
Beras Medium/Bali/2024-11-19,13284.132244156965
Beras Medium/Bali/2024-11-20,13255.263133005416
Beras Medium/Bali/2024-11-21,13274.996977714876
Beras Medium/Bali/2024-11-22,13273.688756489932
Beras Medium/Bali/2024-11-23,13281.838235708776
Beras Medium/Bali/2024-11-24,13260.017546387087
Beras Medium/Bali/2024-11-25,13256.486227015925
Beras Medium/Bali/2024-11-26,13278.85814429084
Beras Medium/Bali/2024-11-27,13275.485294530314
Beras Medium/Bali/2024-11-28,13274.17427113487
Beras Medium/Bali/2024-11-29,13272.624876730886
Beras Medium/Bali/2024-11-30,13264.041906445696
Beras Medium/Bali/2024-12-01,13276.931688851264
Beras Medium/Bali/2024-12-02,13276.359954799522
Beras Medium/Bali/2024-12-03,13265.152929991986
Beras Medium/Bali/2024-12-04,13291.76502645011
Beras Medium/Bali/2024-12-05,13277.298726439956
Beras Medium/Bali/2024-12-06,13262.228967654835
Beras Medium/Bali/2024-12-07,13281.445600258276
Beras Medium/Bali/2024-12-08,13264.172567803213
Beras Medium/Bali/2024-12-09,13284.74850318176
Beras Medium/Bali/2024-12-10,13285.123621407573
Beras Medium/Bali/2024-12-11,13263.768368864254
Beras Medium/Bali/2024-12-12,13285.25583984405
Beras Medium/Bali/2024-12-13,13278.522704085315
Beras Medium/Bali/2024-12-14,13285.662916693433
Beras Medium/Bali/2024-12-15,13295.852271394271
Beras Medium/Bali/2024-12-16,13272.452669108008
Beras Medium/Bali/2024-12-17,13270.953709478024
Beras Medium/Bali/2024-12-18,13268.954911997049
Beras Medium/Bali/2024-12-19,13270.029870710068
Beras Medium/Bali/2024-12-20,13276.00252806424
Beras Medium/Bali/2024-12-21,13275.76871050847
Beras Medium/Bali/2024-12-22,13274.972446474623
Beras Medium/Bali/2024-12-23,13281.132661351538
Beras Medium/Bali/2024-12-24,13273.728884204756
Beras Medium/Bali/2024-12-25,13290.082943885816
Beras Medium/Bali/2024-12-26,13272.417398867818
Beras Medium/Bali/2024-12-27,13304.374448851431
Beras Medium/Bali/2024-12-28,13283.763556180704
Beras Medium/Bali/2024-12-29,13268.806034336189
Beras Medium/Bali/2024-12-30,13268.745818558673
Beras Medium/Bali/2024-12-31,13283.489912410225
Beras Medium/Banten/2024-10-01,13277.789165053273
Beras Medium/Banten/2024-10-02,13282.31965548796
Beras Medium/Banten/2024-10-03,13278.252762729671
Beras Medium/Banten/2024-10-04,13274.275653696646
Beras Medium/Banten/2024-10-05,13268.198517394398
Beras Medium/Banten/2024-10-06,13259.985250414924
Beras Medium/Banten/2024-10-07,13270.511928669126
Beras Medium/Banten/2024-10-08,13281.97409880515
Beras Medium/Banten/2024-10-09,13273.595865144658
Beras Medium/Banten/2024-10-10,13257.461913935178
Beras Medium/Banten/2024-10-11,13272.728952039355
Beras Medium/Banten/2024-10-12,13277.166330491107
Beras Medium/Banten/2024-10-13,13264.069768010306
Beras Medium/Banten/2024-10-14,13272.550571859323
Beras Medium/Banten/2024-10-15,13270.643581104274
Beras Medium/Banten/2024-10-16,13260.662546356483
Beras Medium/Banten/2024-10-17,13275.872558998451
Beras Medium/Banten/2024-10-18,13276.344451017045
Beras Medium/Banten/2024-10-19,13283.035674506682
Beras Medium/Banten/2024-10-20,13282.639999031288
Beras Medium/Banten/2024-10-21,13257.892468925646
Beras Medium/Banten/2024-10-22,13265.56628888564
Beras Medium/Banten/2024-10-23,13280.586658954251
Beras Medium/Banten/2024-10-24,13280.00418892202
Beras Medium/Banten/2024-10-25,13277.940303973126
Beras Medium/Banten/2024-10-26,13310.984234106818
Beras Medium/Banten/2024-10-27,13280.71507579296
Beras Medium/Banten/2024-10-28,13290.444308216744
Beras Medium/Banten/2024-10-29,13289.94483381228
Beras Medium/Banten/2024-10-30,13288.690368612442
Beras Medium/Banten/2024-10-31,13281.166021474666
Beras Medium/Banten/2024-11-01,13287.975918305612
Beras Medium/Banten/2024-11-02,13273.189263940409
Beras Medium/Banten/2024-11-03,13277.852043998098
Beras Medium/Banten/2024-11-04,13273.831052969728
Beras Medium/Banten/2024-11-05,13278.0587294941
Beras Medium/Banten/2024-11-06,13300.964628421518
Beras Medium/Banten/2024-11-07,13255.2527177737
Beras Medium/Banten/2024-11-08,13283.153471380758
Beras Medium/Banten/2024-11-09,13259.131398490812
Beras Medium/Banten/2024-11-10,13271.706485386308
Beras Medium/Banten/2024-11-11,13287.389016496476
Beras Medium/Banten/2024-11-12,13270.757184265853
Beras Medium/Banten/2024-11-13,13262.307811416147
Beras Medium/Banten/2024-11-14,13263.90585104219
Beras Medium/Banten/2024-11-15,13281.08586005135
Beras Medium/Banten/2024-11-16,13266.346693473097
Beras Medium/Banten/2024-11-17,13272.763221547057
Beras Medium/Banten/2024-11-18,13270.659618432732
Beras Medium/Banten/2024-11-19,13264.996738246096
Beras Medium/Banten/2024-11-20,13295.852965513088
Beras Medium/Banten/2024-11-21,13278.28672375738
Beras Medium/Banten/2024-11-22,13252.078299423065
Beras Medium/Banten/2024-11-23,13275.659910371036
Beras Medium/Banten/2024-11-24,13267.40851183885
Beras Medium/Banten/2024-11-25,13285.02838772395
Beras Medium/Banten/2024-11-26,13262.878063259946
Beras Medium/Banten/2024-11-27,13268.259990275244
Beras Medium/Banten/2024-11-28,13278.636875303318
Beras Medium/Banten/2024-11-29,13281.75058612122
Beras Medium/Banten/2024-11-30,13261.298206470314
Beras Medium/Banten/2024-12-01,13267.827887594503
Beras Medium/Banten/2024-12-02,13268.163909291434
Beras Medium/Banten/2024-12-03,13266.98137937891
Beras Medium/Banten/2024-12-04,13290.629183089472
Beras Medium/Banten/2024-12-05,13273.927267267649
Beras Medium/Banten/2024-12-06,13258.609672474891
Beras Medium/Banten/2024-12-07,13282.522486884098
Beras Medium/Banten/2024-12-08,13296.371820976032
Beras Medium/Banten/2024-12-09,13287.025714377158
Beras Medium/Banten/2024-12-10,13257.865304912975
Beras Medium/Banten/2024-12-11,13269.639989931513
Beras Medium/Banten/2024-12-12,13292.15895959485
Beras Medium/Banten/2024-12-13,13270.806093265726
Beras Medium/Banten/2024-12-14,13278.91751443051
Beras Medium/Banten/2024-12-15,13279.896830930842
Beras Medium/Banten/2024-12-16,13265.86021921158
Beras Medium/Banten/2024-12-17,13276.627317189004
Beras Medium/Banten/2024-12-18,13239.874490145789
Beras Medium/Banten/2024-12-19,13263.217080459608
Beras Medium/Banten/2024-12-20,13268.878064069317
Beras Medium/Banten/2024-12-21,13255.05227497765
Beras Medium/Banten/2024-12-22,13284.338129725706
Beras Medium/Banten/2024-12-23,13249.069721656137
Beras Medium/Banten/2024-12-24,13264.292854545654
Beras Medium/Banten/2024-12-25,13270.586724635728
Beras Medium/Banten/2024-12-26,13283.498567332525
Beras Medium/Banten/2024-12-27,13255.778518919618
Beras Medium/Banten/2024-12-28,13279.501259918186
Beras Medium/Banten/2024-12-29,13271.432714661312
Beras Medium/Banten/2024-12-30,13262.468742938578
Beras Medium/Banten/2024-12-31,13277.738206586608
Beras Medium/Bengkulu/2024-10-01,13272.241204053142
Beras Medium/Bengkulu/2024-10-02,13266.972026778802
Beras Medium/Bengkulu/2024-10-03,13272.29950191197
Beras Medium/Bengkulu/2024-10-04,13267.330698559164
Beras Medium/Bengkulu/2024-10-05,13274.29819853706
Beras Medium/Bengkulu/2024-10-06,13278.658703945704
Beras Medium/Bengkulu/2024-10-07,13288.16917840905
Beras Medium/Bengkulu/2024-10-08,13259.939260695235
Beras Medium/Bengkulu/2024-10-09,13295.86697233427
Beras Medium/Bengkulu/2024-10-10,13254.982160785155
Beras Medium/Bengkulu/2024-10-11,13274.437438082365
Beras Medium/Bengkulu/2024-10-12,13281.546746034915
Beras Medium/Bengkulu/2024-10-13,13275.416782259605
Beras Medium/Bengkulu/2024-10-14,13268.906659904002
Beras Medium/Bengkulu/2024-10-15,13268.680563820755
Beras Medium/Bengkulu/2024-10-16,13269.385354515163
Beras Medium/Bengkulu/2024-10-17,13268.127909318284
Beras Medium/Bengkulu/2024-10-18,13281.125470009983
Beras Medium/Bengkulu/2024-10-19,13274.973088646804
Beras Medium/Bengkulu/2024-10-20,13264.501827914431
Beras Medium/Bengkulu/2024-10-21,13281.941002925118
Beras Medium/Bengkulu/2024-10-22,13276.539385248903
Beras Medium/Bengkulu/2024-10-23,13283.219171547506
Beras Medium/Bengkulu/2024-10-24,13280.213973139607
Beras Medium/Bengkulu/2024-10-25,13265.26423937182
Beras Medium/Bengkulu/2024-10-26,13270.744700748844
Beras Medium/Bengkulu/2024-10-27,13283.39562661679
Beras Medium/Bengkulu/2024-10-28,13281.82852281318
Beras Medium/Bengkulu/2024-10-29,13273.690147652576
Beras Medium/Bengkulu/2024-10-30,13274.176561376991
Beras Medium/Bengkulu/2024-10-31,13288.65284437811
Beras Medium/Bengkulu/2024-11-01,13270.652166725398
Beras Medium/Bengkulu/2024-11-02,13281.632137334947
Beras Medium/Bengkulu/2024-11-03,13272.971048119589
Beras Medium/Bengkulu/2024-11-04,13273.641252907888
Beras Medium/Bengkulu/2024-11-05,13288.171603828205
Beras Medium/Bengkulu/2024-11-06,13283.0131140922
Beras Medium/Bengkulu/2024-11-07,13284.482224136396
Beras Medium/Bengkulu/2024-11-08,13289.354947108535
Beras Medium/Bengkulu/2024-11-09,13277.78469600197
Beras Medium/Bengkulu/2024-11-10,13286.870519998844
Beras Medium/Bengkulu/2024-11-11,13275.71193211585
Beras Medium/Bengkulu/2024-11-12,13282.474503913236
Beras Medium/Bengkulu/2024-11-13,13277.330292109786
Beras Medium/Bengkulu/2024-11-14,13278.03171820271
Beras Medium/Bengkulu/2024-11-15,13283.731668575483
Beras Medium/Bengkulu/2024-11-16,13267.41707899574
Beras Medium/Bengkulu/2024-11-17,13298.574672918485
Beras Medium/Bengkulu/2024-11-18,13265.451922274511
Beras Medium/Bengkulu/2024-11-19,13263.65797426608
Beras Medium/Bengkulu/2024-11-20,13288.471725855416
Beras Medium/Bengkulu/2024-11-21,13283.19706799035
Beras Medium/Bengkulu/2024-11-22,13283.5458486435
Beras Medium/Bengkulu/2024-11-23,13279.358762858048
Beras Medium/Bengkulu/2024-11-24,13275.348888421227
Beras Medium/Bengkulu/2024-11-25,13269.611203141474
Beras Medium/Bengkulu/2024-11-26,13278.114365059462
Beras Medium/Bengkulu/2024-11-27,13269.0811928546
Beras Medium/Bengkulu/2024-11-28,13284.783667223492
Beras Medium/Bengkulu/2024-11-29,13272.073060800698
Beras Medium/Bengkulu/2024-11-30,13264.833844570889
Beras Medium/Bengkulu/2024-12-01,13271.102394730373
Beras Medium/Bengkulu/2024-12-02,13277.84903382582
Beras Medium/Bengkulu/2024-12-03,13268.421959174746
Beras Medium/Bengkulu/2024-12-04,13263.070675488105
Beras Medium/Bengkulu/2024-12-05,13273.864046022089
Beras Medium/Bengkulu/2024-12-06,13275.011026131418
Beras Medium/Bengkulu/2024-12-07,13267.087017248608
Beras Medium/Bengkulu/2024-12-08,13265.89769929161
Beras Medium/Bengkulu/2024-12-09,13273.50890762577
Beras Medium/Bengkulu/2024-12-10,13257.329047390162
Beras Medium/Bengkulu/2024-12-11,13256.757520341973
Beras Medium/Bengkulu/2024-12-12,13262.13662470635
Beras Medium/Bengkulu/2024-12-13,13266.75650186399
Beras Medium/Bengkulu/2024-12-14,13271.657014190048
Beras Medium/Bengkulu/2024-12-15,13281.690423814744
Beras Medium/Bengkulu/2024-12-16,13276.903090755528
Beras Medium/Bengkulu/2024-12-17,13268.920348652997
Beras Medium/Bengkulu/2024-12-18,13272.583715080184
Beras Medium/Bengkulu/2024-12-19,13263.767812833725
Beras Medium/Bengkulu/2024-12-20,13274.48552961474
Beras Medium/Bengkulu/2024-12-21,13269.652782573448
Beras Medium/Bengkulu/2024-12-22,13274.733793774363
Beras Medium/Bengkulu/2024-12-23,13262.960705228425
Beras Medium/Bengkulu/2024-12-24,13276.587242232828
Beras Medium/Bengkulu/2024-12-25,13288.680441058434
Beras Medium/Bengkulu/2024-12-26,13271.12499958908
Beras Medium/Bengkulu/2024-12-27,13277.438369241418
Beras Medium/Bengkulu/2024-12-28,13280.629300610884
Beras Medium/Bengkulu/2024-12-29,13272.139402146697
Beras Medium/Bengkulu/2024-12-30,13279.036340893148
Beras Medium/Bengkulu/2024-12-31,13274.431795359018
Beras Medium/DI Yogyakarta/2024-10-01,13276.415103692509
Beras Medium/DI Yogyakarta/2024-10-02,13267.085226667954
Beras Medium/DI Yogyakarta/2024-10-03,13274.330229791043
Beras Medium/DI Yogyakarta/2024-10-04,13279.736899911202
Beras Medium/DI Yogyakarta/2024-10-05,13288.772357915705
Beras Medium/DI Yogyakarta/2024-10-06,13283.861790404584
Beras Medium/DI Yogyakarta/2024-10-07,13296.720123617994
Beras Medium/DI Yogyakarta/2024-10-08,13269.098574003192
Beras Medium/DI Yogyakarta/2024-10-09,13288.320953685396
Beras Medium/DI Yogyakarta/2024-10-10,13282.160605577754
Beras Medium/DI Yogyakarta/2024-10-11,13302.396279008884
Beras Medium/DI Yogyakarta/2024-10-12,13271.263570977962
Beras Medium/DI Yogyakarta/2024-10-13,13268.47005159528
Beras Medium/DI Yogyakarta/2024-10-14,13273.863712052567
Beras Medium/DI Yogyakarta/2024-10-15,13256.424510671715
Beras Medium/DI Yogyakarta/2024-10-16,13272.063601925614
Beras Medium/DI Yogyakarta/2024-10-17,13263.21321977883
Beras Medium/DI Yogyakarta/2024-10-18,13271.971780673335
Beras Medium/DI Yogyakarta/2024-10-19,13273.697282735598
Beras Medium/DI Yogyakarta/2024-10-20,13288.505724881696
Beras Medium/DI Yogyakarta/2024-10-21,13281.761306016728
Beras Medium/DI Yogyakarta/2024-10-22,13266.244209373828
Beras Medium/DI Yogyakarta/2024-10-23,13265.55500516898
Beras Medium/DI Yogyakarta/2024-10-24,13281.060587241003
Beras Medium/DI Yogyakarta/2024-10-25,13262.490268406493
Beras Medium/DI Yogyakarta/2024-10-26,13292.493977183269
Beras Medium/DI Yogyakarta/2024-10-27,13283.784843778833
Beras Medium/DI Yogyakarta/2024-10-28,13268.29051066308
Beras Medium/DI Yogyakarta/2024-10-29,13257.611455184982
Beras Medium/DI Yogyakarta/2024-10-30,13288.760612437714
Beras Medium/DI Yogyakarta/2024-10-31,13276.126681058911
Beras Medium/DI Yogyakarta/2024-11-01,13286.877062779178
Beras Medium/DI Yogyakarta/2024-11-02,13255.305899584604
Beras Medium/DI Yogyakarta/2024-11-03,13267.008706275215
Beras Medium/DI Yogyakarta/2024-11-04,13276.84908676248
Beras Medium/DI Yogyakarta/2024-11-05,13274.158496582148
Beras Medium/DI Yogyakarta/2024-11-06,13268.001466523385
Beras Medium/DI Yogyakarta/2024-11-07,13275.784321100766
Beras Medium/DI Yogyakarta/2024-11-08,13261.22057401381
Beras Medium/DI Yogyakarta/2024-11-09,13271.902011367323
Beras Medium/DI Yogyakarta/2024-11-10,13273.420457795708
Beras Medium/DI Yogyakarta/2024-11-11,13276.718772295755
Beras Medium/DI Yogyakarta/2024-11-12,13279.367304230684
Beras Medium/DI Yogyakarta/2024-11-13,13259.313479418031
Beras Medium/DI Yogyakarta/2024-11-14,13257.30012881782
Beras Medium/DI Yogyakarta/2024-11-15,13286.678227506873
Beras Medium/DI Yogyakarta/2024-11-16,13276.211895364177
Beras Medium/DI Yogyakarta/2024-11-17,13263.665861405138
Beras Medium/DI Yogyakarta/2024-11-18,13285.902289246653
Beras Medium/DI Yogyakarta/2024-11-19,13273.474779207856
Beras Medium/DI Yogyakarta/2024-11-20,13288.378370778406
Beras Medium/DI Yogyakarta/2024-11-21,13274.7558884458
Beras Medium/DI Yogyakarta/2024-11-22,13295.946726272992
Beras Medium/DI Yogyakarta/2024-11-23,13296.2729582406
Beras Medium/DI Yogyakarta/2024-11-24,13274.92467197572
Beras Medium/DI Yogyakarta/2024-11-25,13290.255298579046
Beras Medium/DI Yogyakarta/2024-11-26,13286.518879122505
Beras Medium/DI Yogyakarta/2024-11-27,13296.750219878597
Beras Medium/DI Yogyakarta/2024-11-28,13270.717969520354
Beras Medium/DI Yogyakarta/2024-11-29,13285.991551125604
Beras Medium/DI Yogyakarta/2024-11-30,13292.074333122046
Beras Medium/DI Yogyakarta/2024-12-01,13261.625667120054
Beras Medium/DI Yogyakarta/2024-12-02,13267.00510912953
Beras Medium/DI Yogyakarta/2024-12-03,13254.336464900603
Beras Medium/DI Yogyakarta/2024-12-04,13273.603766092465
Beras Medium/DI Yogyakarta/2024-12-05,13280.843813849871
Beras Medium/DI Yogyakarta/2024-12-06,13284.134846670677
Beras Medium/DI Yogyakarta/2024-12-07,13270.761235765838
Beras Medium/DI Yogyakarta/2024-12-08,13288.235668388124
Beras Medium/DI Yogyakarta/2024-12-09,13261.243912852333
Beras Medium/DI Yogyakarta/2024-12-10,13258.741355806367
Beras Medium/DI Yogyakarta/2024-12-11,13274.855222288365
Beras Medium/DI Yogyakarta/2024-12-12,13276.972539060698
Beras Medium/DI Yogyakarta/2024-12-13,13272.615999983342
Beras Medium/DI Yogyakarta/2024-12-14,13247.449257301723
Beras Medium/DI Yogyakarta/2024-12-15,13269.578389531078
Beras Medium/DI Yogyakarta/2024-12-16,13258.702528154196
Beras Medium/DI Yogyakarta/2024-12-17,13277.66615067963
Beras Medium/DI Yogyakarta/2024-12-18,13271.973729167115
Beras Medium/DI Yogyakarta/2024-12-19,13256.64405323883
Beras Medium/DI Yogyakarta/2024-12-20,13264.992340709174
Beras Medium/DI Yogyakarta/2024-12-21,13258.70961820381
Beras Medium/DI Yogyakarta/2024-12-22,13270.686349431611
Beras Medium/DI Yogyakarta/2024-12-23,13278.782874092283
Beras Medium/DI Yogyakarta/2024-12-24,13256.9594475535
Beras Medium/DI Yogyakarta/2024-12-25,13274.513793314898
Beras Medium/DI Yogyakarta/2024-12-26,13264.17407092978
Beras Medium/DI Yogyakarta/2024-12-27,13263.43078354812
Beras Medium/DI Yogyakarta/2024-12-28,13270.109187497264
Beras Medium/DI Yogyakarta/2024-12-29,13257.867256620655
Beras Medium/DI Yogyakarta/2024-12-30,13264.757539091608
Beras Medium/DI Yogyakarta/2024-12-31,13256.031543466366
Beras Medium/DKI Jakarta/2024-10-01,13289.08088361917
Beras Medium/DKI Jakarta/2024-10-02,13269.170887650094
Beras Medium/DKI Jakarta/2024-10-03,13260.770480035744
Beras Medium/DKI Jakarta/2024-10-04,13272.447978943474
Beras Medium/DKI Jakarta/2024-10-05,13269.98779958262
Beras Medium/DKI Jakarta/2024-10-06,13271.885262705777
Beras Medium/DKI Jakarta/2024-10-07,13276.76712925713
Beras Medium/DKI Jakarta/2024-10-08,13278.396199556431
Beras Medium/DKI Jakarta/2024-10-09,13267.218359302193
Beras Medium/DKI Jakarta/2024-10-10,13266.912574673774
Beras Medium/DKI Jakarta/2024-10-11,13270.655500519826
Beras Medium/DKI Jakarta/2024-10-12,13249.411774377171
Beras Medium/DKI Jakarta/2024-10-13,13256.039922027969
Beras Medium/DKI Jakarta/2024-10-14,13283.450302811318
Beras Medium/DKI Jakarta/2024-10-15,13285.673256559565
Beras Medium/DKI Jakarta/2024-10-16,13265.67230990621
Beras Medium/DKI Jakarta/2024-10-17,13273.85942549736
Beras Medium/DKI Jakarta/2024-10-18,13275.643694495318
Beras Medium/DKI Jakarta/2024-10-19,13308.689564501576
Beras Medium/DKI Jakarta/2024-10-20,13287.231572816125
Beras Medium/DKI Jakarta/2024-10-21,13273.227842795832
Beras Medium/DKI Jakarta/2024-10-22,13268.14758370123
Beras Medium/DKI Jakarta/2024-10-23,13263.362407037695
Beras Medium/DKI Jakarta/2024-10-24,13283.560614954047
Beras Medium/DKI Jakarta/2024-10-25,13267.039156214269
Beras Medium/DKI Jakarta/2024-10-26,13256.978175330014
Beras Medium/DKI Jakarta/2024-10-27,13264.34865252457
Beras Medium/DKI Jakarta/2024-10-28,13259.728507987478
Beras Medium/DKI Jakarta/2024-10-29,13289.48207550029
Beras Medium/DKI Jakarta/2024-10-30,13277.542569239558
Beras Medium/DKI Jakarta/2024-10-31,13268.414294019343
Beras Medium/DKI Jakarta/2024-11-01,13286.948405484254
Beras Medium/DKI Jakarta/2024-11-02,13274.39065555164
Beras Medium/DKI Jakarta/2024-11-03,13268.215495886274
Beras Medium/DKI Jakarta/2024-11-04,13290.727941833247
Beras Medium/DKI Jakarta/2024-11-05,13280.250067982975
Beras Medium/DKI Jakarta/2024-11-06,13265.758317021422
Beras Medium/DKI Jakarta/2024-11-07,13272.771290471444
Beras Medium/DKI Jakarta/2024-11-08,13265.956785392407
Beras Medium/DKI Jakarta/2024-11-09,13262.065028148094
Beras Medium/DKI Jakarta/2024-11-10,13282.457376185084
Beras Medium/DKI Jakarta/2024-11-11,13290.62171750313
Beras Medium/DKI Jakarta/2024-11-12,13257.143752979831
Beras Medium/DKI Jakarta/2024-11-13,13277.754531166562
Beras Medium/DKI Jakarta/2024-11-14,13266.61077032644
Beras Medium/DKI Jakarta/2024-11-15,13270.886388900612
Beras Medium/DKI Jakarta/2024-11-16,13267.915680934431
Beras Medium/DKI Jakarta/2024-11-17,13260.8401025638
Beras Medium/DKI Jakarta/2024-11-18,13272.778442204824
Beras Medium/DKI Jakarta/2024-11-19,13261.599044740757
Beras Medium/DKI Jakarta/2024-11-20,13273.269843139296
Beras Medium/DKI Jakarta/2024-11-21,13269.116812351296
Beras Medium/DKI Jakarta/2024-11-22,13267.01570149954
Beras Medium/DKI Jakarta/2024-11-23,13261.496408029006
Beras Medium/DKI Jakarta/2024-11-24,13263.918754204446
Beras Medium/DKI Jakarta/2024-11-25,13279.020618282504
Beras Medium/DKI Jakarta/2024-11-26,13275.154887985467
Beras Medium/DKI Jakarta/2024-11-27,13259.45468953749
Beras Medium/DKI Jakarta/2024-11-28,13271.084143486842
Beras Medium/DKI Jakarta/2024-11-29,13279.575049242552
Beras Medium/DKI Jakarta/2024-11-30,13255.648154130851
Beras Medium/DKI Jakarta/2024-12-01,13277.022629825186
Beras Medium/DKI Jakarta/2024-12-02,13263.043717539416
Beras Medium/DKI Jakarta/2024-12-03,13277.948571234569
Beras Medium/DKI Jakarta/2024-12-04,13263.68413508126
Beras Medium/DKI Jakarta/2024-12-05,13250.5082813862
Beras Medium/DKI Jakarta/2024-12-06,13254.732947428944
Beras Medium/DKI Jakarta/2024-12-07,13269.751068351832
Beras Medium/DKI Jakarta/2024-12-08,13271.881925431597
Beras Medium/DKI Jakarta/2024-12-09,13256.345128624782
Beras Medium/DKI Jakarta/2024-12-10,13272.046497590678
Beras Medium/DKI Jakarta/2024-12-11,13250.56958682036
Beras Medium/DKI Jakarta/2024-12-12,13269.345962526892
Beras Medium/DKI Jakarta/2024-12-13,13256.161640163453
Beras Medium/DKI Jakarta/2024-12-14,13260.02393545711
Beras Medium/DKI Jakarta/2024-12-15,13268.399864181349
Beras Medium/DKI Jakarta/2024-12-16,13256.627523083269
Beras Medium/DKI Jakarta/2024-12-17,13263.867139253536
Beras Medium/DKI Jakarta/2024-12-18,13276.897356724252
Beras Medium/DKI Jakarta/2024-12-19,13261.741810612844
Beras Medium/DKI Jakarta/2024-12-20,13277.617857659508
Beras Medium/DKI Jakarta/2024-12-21,13256.614489935542
Beras Medium/DKI Jakarta/2024-12-22,13276.280921827172
Beras Medium/DKI Jakarta/2024-12-23,13286.91153145388
Beras Medium/DKI Jakarta/2024-12-24,13244.494545116211
Beras Medium/DKI Jakarta/2024-12-25,13263.697722811596
Beras Medium/DKI Jakarta/2024-12-26,13276.112217989396
Beras Medium/DKI Jakarta/2024-12-27,13270.224843647287
Beras Medium/DKI Jakarta/2024-12-28,13274.550330697512
Beras Medium/DKI Jakarta/2024-12-29,13260.165582689371
Beras Medium/DKI Jakarta/2024-12-30,13272.251775992903
Beras Medium/DKI Jakarta/2024-12-31,13271.035288766334
Beras Medium/Gorontalo/2024-10-01,13283.682315010148
Beras Medium/Gorontalo/2024-10-02,13274.219710505044
Beras Medium/Gorontalo/2024-10-03,13274.59297323427
Beras Medium/Gorontalo/2024-10-04,13269.570139915975
Beras Medium/Gorontalo/2024-10-05,13269.35220495806
Beras Medium/Gorontalo/2024-10-06,13270.641135306829
Beras Medium/Gorontalo/2024-10-07,13277.107451662498
Beras Medium/Gorontalo/2024-10-08,13268.055427892665
Beras Medium/Gorontalo/2024-10-09,13274.864091398307
Beras Medium/Gorontalo/2024-10-10,13294.076420982788
Beras Medium/Gorontalo/2024-10-11,13282.515516979278
Beras Medium/Gorontalo/2024-10-12,13271.385803253848
Beras Medium/Gorontalo/2024-10-13,13287.803335109633
Beras Medium/Gorontalo/2024-10-14,13273.515350169606
Beras Medium/Gorontalo/2024-10-15,13257.7691265039
Beras Medium/Gorontalo/2024-10-16,13265.28902491706
Beras Medium/Gorontalo/2024-10-17,13254.316383154475
Beras Medium/Gorontalo/2024-10-18,13269.826810770568
Beras Medium/Gorontalo/2024-10-19,13269.141797303284
Beras Medium/Gorontalo/2024-10-20,13284.47904279904
Beras Medium/Gorontalo/2024-10-21,13272.003708300652
Beras Medium/Gorontalo/2024-10-22,13267.068840604225
Beras Medium/Gorontalo/2024-10-23,13281.665696703694
Beras Medium/Gorontalo/2024-10-24,13250.585873548363
Beras Medium/Gorontalo/2024-10-25,13277.006387789825
Beras Medium/Gorontalo/2024-10-26,13279.806309811316
Beras Medium/Gorontalo/2024-10-27,13255.803594057934
Beras Medium/Gorontalo/2024-10-28,13283.87539999518
Beras Medium/Gorontalo/2024-10-29,13272.962184183698
Beras Medium/Gorontalo/2024-10-30,13269.38072171468
Beras Medium/Gorontalo/2024-10-31,13279.540787689795
Beras Medium/Gorontalo/2024-11-01,13295.294594704512
Beras Medium/Gorontalo/2024-11-02,13277.58390220214
Beras Medium/Gorontalo/2024-11-03,13277.28647557332
Beras Medium/Gorontalo/2024-11-04,13271.248778518951
Beras Medium/Gorontalo/2024-11-05,13269.397237951154
Beras Medium/Gorontalo/2024-11-06,13286.971457636191
Beras Medium/Gorontalo/2024-11-07,13265.534694766317
Beras Medium/Gorontalo/2024-11-08,13274.708074258002
Beras Medium/Gorontalo/2024-11-09,13268.27314931345
Beras Medium/Gorontalo/2024-11-10,13278.77417425476
Beras Medium/Gorontalo/2024-11-11,13278.173737542862
Beras Medium/Gorontalo/2024-11-12,13282.843544585425
Beras Medium/Gorontalo/2024-11-13,13268.501852190457
Beras Medium/Gorontalo/2024-11-14,13271.268362331111
Beras Medium/Gorontalo/2024-11-15,13265.393785980115
Beras Medium/Gorontalo/2024-11-16,13270.143073916674
Beras Medium/Gorontalo/2024-11-17,13277.575279736116
Beras Medium/Gorontalo/2024-11-18,13279.113125425803
Beras Medium/Gorontalo/2024-11-19,13262.076035600005
Beras Medium/Gorontalo/2024-11-20,13280.995363437552
Beras Medium/Gorontalo/2024-11-21,13287.678490221242
Beras Medium/Gorontalo/2024-11-22,13278.90763210914
Beras Medium/Gorontalo/2024-11-23,13294.2131520487
Beras Medium/Gorontalo/2024-11-24,13266.455803315885
Beras Medium/Gorontalo/2024-11-25,13265.421418752689
Beras Medium/Gorontalo/2024-11-26,13259.676482448083
Beras Medium/Gorontalo/2024-11-27,13291.680138215404
Beras Medium/Gorontalo/2024-11-28,13281.859935289784
Beras Medium/Gorontalo/2024-11-29,13270.094970103328
Beras Medium/Gorontalo/2024-11-30,13275.04840323737
Beras Medium/Gorontalo/2024-12-01,13262.33876254936
Beras Medium/Gorontalo/2024-12-02,13303.239444344808
Beras Medium/Gorontalo/2024-12-03,13275.969889609782
Beras Medium/Gorontalo/2024-12-04,13274.782818314648
Beras Medium/Gorontalo/2024-12-05,13282.895383551446
Beras Medium/Gorontalo/2024-12-06,13281.286316041753
Beras Medium/Gorontalo/2024-12-07,13282.5318770571
Beras Medium/Gorontalo/2024-12-08,13267.358732002998
Beras Medium/Gorontalo/2024-12-09,13281.174586972758
Beras Medium/Gorontalo/2024-12-10,13296.829380187548
Beras Medium/Gorontalo/2024-12-11,13290.671046771911
Beras Medium/Gorontalo/2024-12-12,13293.4761193107
Beras Medium/Gorontalo/2024-12-13,13271.85334824001
Beras Medium/Gorontalo/2024-12-14,13270.759406954629
Beras Medium/Gorontalo/2024-12-15,13280.848253859258
Beras Medium/Gorontalo/2024-12-16,13279.97097843863
Beras Medium/Gorontalo/2024-12-17,13288.690591561954
Beras Medium/Gorontalo/2024-12-18,13256.352067101676
Beras Medium/Gorontalo/2024-12-19,13291.22445680446
Beras Medium/Gorontalo/2024-12-20,13275.0075228125
Beras Medium/Gorontalo/2024-12-21,13271.670903256114
Beras Medium/Gorontalo/2024-12-22,13264.930771061096
Beras Medium/Gorontalo/2024-12-23,13255.235309125988
Beras Medium/Gorontalo/2024-12-24,13284.48340480183
Beras Medium/Gorontalo/2024-12-25,13272.430482901253
Beras Medium/Gorontalo/2024-12-26,13256.924215908644
Beras Medium/Gorontalo/2024-12-27,13256.122822242536
Beras Medium/Gorontalo/2024-12-28,13266.54185270569
Beras Medium/Gorontalo/2024-12-29,13289.92593185846
Beras Medium/Gorontalo/2024-12-30,13266.116113774411
Beras Medium/Gorontalo/2024-12-31,13251.92894691208
Beras Medium/Jambi/2024-10-01,13267.254740409458
Beras Medium/Jambi/2024-10-02,13269.450060060084
Beras Medium/Jambi/2024-10-03,13244.31470989603
Beras Medium/Jambi/2024-10-04,13266.630734738745
Beras Medium/Jambi/2024-10-05,13263.598725809585
Beras Medium/Jambi/2024-10-06,13275.232985638051
Beras Medium/Jambi/2024-10-07,13286.417424495685
Beras Medium/Jambi/2024-10-08,13278.026517853528
Beras Medium/Jambi/2024-10-09,13268.832303540605
Beras Medium/Jambi/2024-10-10,13261.638908993473
Beras Medium/Jambi/2024-10-11,13302.606498971048
Beras Medium/Jambi/2024-10-12,13276.567143715078
Beras Medium/Jambi/2024-10-13,13274.252565192632
Beras Medium/Jambi/2024-10-14,13273.695612075076
Beras Medium/Jambi/2024-10-15,13277.911501700388
Beras Medium/Jambi/2024-10-16,13277.959462197055
Beras Medium/Jambi/2024-10-17,13268.419876624175
Beras Medium/Jambi/2024-10-18,13268.408771250792
Beras Medium/Jambi/2024-10-19,13273.77398198499
Beras Medium/Jambi/2024-10-20,13268.336580352576
Beras Medium/Jambi/2024-10-21,13265.34174286084
Beras Medium/Jambi/2024-10-22,13272.319130417593
Beras Medium/Jambi/2024-10-23,13268.729640376045
Beras Medium/Jambi/2024-10-24,13287.452352558925
Beras Medium/Jambi/2024-10-25,13243.221517348898
Beras Medium/Jambi/2024-10-26,13282.7955451281
Beras Medium/Jambi/2024-10-27,13285.40191550574
Beras Medium/Jambi/2024-10-28,13250.429299890508
Beras Medium/Jambi/2024-10-29,13269.052327895204
Beras Medium/Jambi/2024-10-30,13264.891505652638
Beras Medium/Jambi/2024-10-31,13259.247192289107
Beras Medium/Jambi/2024-11-01,13262.710154409708
Beras Medium/Jambi/2024-11-02,13254.667678515145
Beras Medium/Jambi/2024-11-03,13287.122187087334
Beras Medium/Jambi/2024-11-04,13277.513248861824
Beras Medium/Jambi/2024-11-05,13281.382056512131
Beras Medium/Jambi/2024-11-06,13277.953704879652
Beras Medium/Jambi/2024-11-07,13260.965961563088
Beras Medium/Jambi/2024-11-08,13271.815233496898
Beras Medium/Jambi/2024-11-09,13280.129816351238
Beras Medium/Jambi/2024-11-10,13261.42476462149
Beras Medium/Jambi/2024-11-11,13279.80001530837
Beras Medium/Jambi/2024-11-12,13268.345708020175
Beras Medium/Jambi/2024-11-13,13269.113557024948
Beras Medium/Jambi/2024-11-14,13280.557371891982
Beras Medium/Jambi/2024-11-15,13276.07213012732
Beras Medium/Jambi/2024-11-16,13270.02775108562
Beras Medium/Jambi/2024-11-17,13284.7531649718
Beras Medium/Jambi/2024-11-18,13262.547430343611
Beras Medium/Jambi/2024-11-19,13281.629701675034
Beras Medium/Jambi/2024-11-20,13280.282143259792
Beras Medium/Jambi/2024-11-21,13270.643137547591
Beras Medium/Jambi/2024-11-22,13278.480642969233
Beras Medium/Jambi/2024-11-23,13260.013401450313
Beras Medium/Jambi/2024-11-24,13285.329313870454
Beras Medium/Jambi/2024-11-25,13272.267896672607
Beras Medium/Jambi/2024-11-26,13267.36256996366
Beras Medium/Jambi/2024-11-27,13284.358396919666
Beras Medium/Jambi/2024-11-28,13264.94002648022
Beras Medium/Jambi/2024-11-29,13260.430275457637
Beras Medium/Jambi/2024-11-30,13256.189452821976
Beras Medium/Jambi/2024-12-01,13278.15182575073
Beras Medium/Jambi/2024-12-02,13258.403024378307
Beras Medium/Jambi/2024-12-03,13286.390866410258
Beras Medium/Jambi/2024-12-04,13246.301780435582
Beras Medium/Jambi/2024-12-05,13287.223591121983
Beras Medium/Jambi/2024-12-06,13274.25331157344
Beras Medium/Jambi/2024-12-07,13269.437252858705
Beras Medium/Jambi/2024-12-08,13267.408329609134
Beras Medium/Jambi/2024-12-09,13274.17954840432
Beras Medium/Jambi/2024-12-10,13274.91045729323
Beras Medium/Jambi/2024-12-11,13283.958710048486
Beras Medium/Jambi/2024-12-12,13273.297739068914
Beras Medium/Jambi/2024-12-13,13274.676839195812
Beras Medium/Jambi/2024-12-14,13270.9910594906
Beras Medium/Jambi/2024-12-15,13274.591706076704
Beras Medium/Jambi/2024-12-16,13278.551748609472
Beras Medium/Jambi/2024-12-17,13255.452928954202
Beras Medium/Jambi/2024-12-18,13259.061130859956
Beras Medium/Jambi/2024-12-19,13280.008578865503
Beras Medium/Jambi/2024-12-20,13273.544440477272
Beras Medium/Jambi/2024-12-21,13268.595441933452
Beras Medium/Jambi/2024-12-22,13268.572376689955
Beras Medium/Jambi/2024-12-23,13274.879783782291
Beras Medium/Jambi/2024-12-24,13268.16666403365
Beras Medium/Jambi/2024-12-25,13263.925542273626
Beras Medium/Jambi/2024-12-26,13273.389943145405
Beras Medium/Jambi/2024-12-27,13261.240960170036
Beras Medium/Jambi/2024-12-28,13275.861696811988
Beras Medium/Jambi/2024-12-29,13252.352588367798
Beras Medium/Jambi/2024-12-30,13280.764596657666
Beras Medium/Jambi/2024-12-31,13275.647930633808
Beras Medium/Jawa Barat/2024-10-01,13272.38798644676
Beras Medium/Jawa Barat/2024-10-02,13281.86544119018
Beras Medium/Jawa Barat/2024-10-03,13288.324910160454
Beras Medium/Jawa Barat/2024-10-04,13286.44397954304
Beras Medium/Jawa Barat/2024-10-05,13256.295472232305
Beras Medium/Jawa Barat/2024-10-06,13262.869635102548
Beras Medium/Jawa Barat/2024-10-07,13270.655428754895
Beras Medium/Jawa Barat/2024-10-08,13275.885005715038
Beras Medium/Jawa Barat/2024-10-09,13277.481660188212
Beras Medium/Jawa Barat/2024-10-10,13260.842232895677
Beras Medium/Jawa Barat/2024-10-11,13273.113604702166
Beras Medium/Jawa Barat/2024-10-12,13264.906497988512
Beras Medium/Jawa Barat/2024-10-13,13266.461984421649
Beras Medium/Jawa Barat/2024-10-14,13256.7440244904
Beras Medium/Jawa Barat/2024-10-15,13259.528251573696
Beras Medium/Jawa Barat/2024-10-16,13255.76326704032
Beras Medium/Jawa Barat/2024-10-17,13257.454638836356
Beras Medium/Jawa Barat/2024-10-18,13277.73304611289
Beras Medium/Jawa Barat/2024-10-19,13255.405794292816
Beras Medium/Jawa Barat/2024-10-20,13293.925999503126
Beras Medium/Jawa Barat/2024-10-21,13272.629179031836
Beras Medium/Jawa Barat/2024-10-22,13272.238551715234
Beras Medium/Jawa Barat/2024-10-23,13264.497340474178
Beras Medium/Jawa Barat/2024-10-24,13280.000147831166
Beras Medium/Jawa Barat/2024-10-25,13270.517116629137
Beras Medium/Jawa Barat/2024-10-26,13273.696825958632
Beras Medium/Jawa Barat/2024-10-27,13299.223263065289
Beras Medium/Jawa Barat/2024-10-28,13271.918127244511
Beras Medium/Jawa Barat/2024-10-29,13287.754437489935
Beras Medium/Jawa Barat/2024-10-30,13268.336963916
Beras Medium/Jawa Barat/2024-10-31,13277.420561091069
Beras Medium/Jawa Barat/2024-11-01,13297.840801503517
Beras Medium/Jawa Barat/2024-11-02,13268.847246280273
Beras Medium/Jawa Barat/2024-11-03,13296.092524205838
Beras Medium/Jawa Barat/2024-11-04,13283.17614171378
Beras Medium/Jawa Barat/2024-11-05,13272.871272625043
Beras Medium/Jawa Barat/2024-11-06,13286.786015555494
Beras Medium/Jawa Barat/2024-11-07,13287.335991955431
Beras Medium/Jawa Barat/2024-11-08,13286.610276033496
Beras Medium/Jawa Barat/2024-11-09,13261.075607859815
Beras Medium/Jawa Barat/2024-11-10,13269.51035574408
Beras Medium/Jawa Barat/2024-11-11,13275.845139337644
Beras Medium/Jawa Barat/2024-11-12,13275.671837273712
Beras Medium/Jawa Barat/2024-11-13,13280.30305262105
Beras Medium/Jawa Barat/2024-11-14,13272.834266368522
Beras Medium/Jawa Barat/2024-11-15,13259.550389926191
Beras Medium/Jawa Barat/2024-11-16,13278.494216539735
Beras Medium/Jawa Barat/2024-11-17,13280.433778133718
Beras Medium/Jawa Barat/2024-11-18,13279.454803050998
Beras Medium/Jawa Barat/2024-11-19,13283.607080633608
Beras Medium/Jawa Barat/2024-11-20,13281.560263169817
Beras Medium/Jawa Barat/2024-11-21,13281.56883153697
Beras Medium/Jawa Barat/2024-11-22,13276.528219359036
Beras Medium/Jawa Barat/2024-11-23,13259.90829810694
Beras Medium/Jawa Barat/2024-11-24,13281.69883955312
Beras Medium/Jawa Barat/2024-11-25,13277.96647357301
Beras Medium/Jawa Barat/2024-11-26,13277.383424225764
Beras Medium/Jawa Barat/2024-11-27,13259.707122155876
Beras Medium/Jawa Barat/2024-11-28,13261.053095376405
Beras Medium/Jawa Barat/2024-11-29,13285.962933639064
Beras Medium/Jawa Barat/2024-11-30,13272.490589616003
Beras Medium/Jawa Barat/2024-12-01,13278.650666000893
Beras Medium/Jawa Barat/2024-12-02,13270.566819654783
Beras Medium/Jawa Barat/2024-12-03,13273.334844296292
Beras Medium/Jawa Barat/2024-12-04,13285.79497724643
Beras Medium/Jawa Barat/2024-12-05,13268.49111070067
Beras Medium/Jawa Barat/2024-12-06,13275.525821637606
Beras Medium/Jawa Barat/2024-12-07,13268.963487943292
Beras Medium/Jawa Barat/2024-12-08,13270.105573952487
Beras Medium/Jawa Barat/2024-12-09,13271.563371946067
Beras Medium/Jawa Barat/2024-12-10,13274.355909826343
Beras Medium/Jawa Barat/2024-12-11,13267.605099494212
Beras Medium/Jawa Barat/2024-12-12,13284.940664729998
Beras Medium/Jawa Barat/2024-12-13,13263.04005860424
Beras Medium/Jawa Barat/2024-12-14,13271.011751218564
Beras Medium/Jawa Barat/2024-12-15,13268.548853125189
Beras Medium/Jawa Barat/2024-12-16,13287.840209591372
Beras Medium/Jawa Barat/2024-12-17,13275.81588018156
Beras Medium/Jawa Barat/2024-12-18,13282.276747526954
Beras Medium/Jawa Barat/2024-12-19,13258.374365019194
Beras Medium/Jawa Barat/2024-12-20,13277.805863628071
Beras Medium/Jawa Barat/2024-12-21,13285.879047277323
Beras Medium/Jawa Barat/2024-12-22,13274.95088334934
Beras Medium/Jawa Barat/2024-12-23,13285.202331640412
Beras Medium/Jawa Barat/2024-12-24,13267.360173900695
Beras Medium/Jawa Barat/2024-12-25,13291.54919143294
Beras Medium/Jawa Barat/2024-12-26,13301.341792189163
Beras Medium/Jawa Barat/2024-12-27,13272.627723808622
Beras Medium/Jawa Barat/2024-12-28,13273.46977130749
Beras Medium/Jawa Barat/2024-12-29,13292.998484094973
Beras Medium/Jawa Barat/2024-12-30,13297.819691741448
Beras Medium/Jawa Barat/2024-12-31,13274.659177116364
Beras Medium/Jawa Tengah/2024-10-01,13272.270640611216
Beras Medium/Jawa Tengah/2024-10-02,13275.84082255927
Beras Medium/Jawa Tengah/2024-10-03,13266.584468609502
Beras Medium/Jawa Tengah/2024-10-04,13268.313599330144
Beras Medium/Jawa Tengah/2024-10-05,13262.572215790053
Beras Medium/Jawa Tengah/2024-10-06,13264.1505937618
Beras Medium/Jawa Tengah/2024-10-07,13271.025708845087
Beras Medium/Jawa Tengah/2024-10-08,13272.01018881979
Beras Medium/Jawa Tengah/2024-10-09,13285.918753747406
Beras Medium/Jawa Tengah/2024-10-10,13259.355948730985
Beras Medium/Jawa Tengah/2024-10-11,13281.86416927388
Beras Medium/Jawa Tengah/2024-10-12,13271.07570965194
Beras Medium/Jawa Tengah/2024-10-13,13273.400847543167
Beras Medium/Jawa Tengah/2024-10-14,13281.4322197144
Beras Medium/Jawa Tengah/2024-10-15,13260.070844243635
Beras Medium/Jawa Tengah/2024-10-16,13278.775066057626
Beras Medium/Jawa Tengah/2024-10-17,13274.800532928935
Beras Medium/Jawa Tengah/2024-10-18,13278.668889699366
Beras Medium/Jawa Tengah/2024-10-19,13276.658600794008
Beras Medium/Jawa Tengah/2024-10-20,13297.962387187028
Beras Medium/Jawa Tengah/2024-10-21,13269.12793964047
Beras Medium/Jawa Tengah/2024-10-22,13270.485497149068
Beras Medium/Jawa Tengah/2024-10-23,13270.46574684282
Beras Medium/Jawa Tengah/2024-10-24,13271.05777066515
Beras Medium/Jawa Tengah/2024-10-25,13270.078658812185
Beras Medium/Jawa Tengah/2024-10-26,13284.07130644735
Beras Medium/Jawa Tengah/2024-10-27,13287.07699068289
Beras Medium/Jawa Tengah/2024-10-28,13267.021811708391
Beras Medium/Jawa Tengah/2024-10-29,13265.415045755277
Beras Medium/Jawa Tengah/2024-10-30,13280.100546128491
Beras Medium/Jawa Tengah/2024-10-31,13270.571289080932
Beras Medium/Jawa Tengah/2024-11-01,13281.117495282671
Beras Medium/Jawa Tengah/2024-11-02,13273.769464446355
Beras Medium/Jawa Tengah/2024-11-03,13257.054945895698
Beras Medium/Jawa Tengah/2024-11-04,13290.895437297337
Beras Medium/Jawa Tengah/2024-11-05,13292.283797820322
Beras Medium/Jawa Tengah/2024-11-06,13268.160005841744
Beras Medium/Jawa Tengah/2024-11-07,13269.706266025434
Beras Medium/Jawa Tengah/2024-11-08,13277.411683192871
Beras Medium/Jawa Tengah/2024-11-09,13282.250659401054
Beras Medium/Jawa Tengah/2024-11-10,13283.079016842028
Beras Medium/Jawa Tengah/2024-11-11,13294.08719361029
Beras Medium/Jawa Tengah/2024-11-12,13273.31935933111
Beras Medium/Jawa Tengah/2024-11-13,13269.218501619373
Beras Medium/Jawa Tengah/2024-11-14,13263.95227278726
Beras Medium/Jawa Tengah/2024-11-15,13270.054347664936
Beras Medium/Jawa Tengah/2024-11-16,13275.787162610051
Beras Medium/Jawa Tengah/2024-11-17,13290.432434488584
Beras Medium/Jawa Tengah/2024-11-18,13265.865757220903
Beras Medium/Jawa Tengah/2024-11-19,13274.49225938463
Beras Medium/Jawa Tengah/2024-11-20,13274.219833398263
Beras Medium/Jawa Tengah/2024-11-21,13288.102984266769
Beras Medium/Jawa Tengah/2024-11-22,13302.474054271126
Beras Medium/Jawa Tengah/2024-11-23,13268.09657201048
Beras Medium/Jawa Tengah/2024-11-24,13271.62756062817
Beras Medium/Jawa Tengah/2024-11-25,13289.279495158373
Beras Medium/Jawa Tengah/2024-11-26,13287.2506826485
Beras Medium/Jawa Tengah/2024-11-27,13298.478263787512
Beras Medium/Jawa Tengah/2024-11-28,13281.229591723386
Beras Medium/Jawa Tengah/2024-11-29,13274.648907678806
Beras Medium/Jawa Tengah/2024-11-30,13287.622531147572
Beras Medium/Jawa Tengah/2024-12-01,13292.478421507354
Beras Medium/Jawa Tengah/2024-12-02,13289.202464794776
Beras Medium/Jawa Tengah/2024-12-03,13283.264223501952
Beras Medium/Jawa Tengah/2024-12-04,13290.000449756297
Beras Medium/Jawa Tengah/2024-12-05,13293.676607248372
Beras Medium/Jawa Tengah/2024-12-06,13296.20692926657
Beras Medium/Jawa Tengah/2024-12-07,13287.973007306777
Beras Medium/Jawa Tengah/2024-12-08,13279.617943417832
Beras Medium/Jawa Tengah/2024-12-09,13284.30010532024
Beras Medium/Jawa Tengah/2024-12-10,13295.273759877417
Beras Medium/Jawa Tengah/2024-12-11,13272.926501469485
Beras Medium/Jawa Tengah/2024-12-12,13283.261130991696
Beras Medium/Jawa Tengah/2024-12-13,13274.418135089065
Beras Medium/Jawa Tengah/2024-12-14,13279.465540943122
Beras Medium/Jawa Tengah/2024-12-15,13292.017704879729
Beras Medium/Jawa Tengah/2024-12-16,13277.59261449414
Beras Medium/Jawa Tengah/2024-12-17,13277.64198032914
Beras Medium/Jawa Tengah/2024-12-18,13262.384999048903
Beras Medium/Jawa Tengah/2024-12-19,13285.507845649576
Beras Medium/Jawa Tengah/2024-12-20,13284.288310217562
Beras Medium/Jawa Tengah/2024-12-21,13297.315770629772
Beras Medium/Jawa Tengah/2024-12-22,13271.687583391
Beras Medium/Jawa Tengah/2024-12-23,13277.858618096
Beras Medium/Jawa Tengah/2024-12-24,13282.290338584364
Beras Medium/Jawa Tengah/2024-12-25,13295.778170818225
Beras Medium/Jawa Tengah/2024-12-26,13278.042300142286
Beras Medium/Jawa Tengah/2024-12-27,13278.948694898723
Beras Medium/Jawa Tengah/2024-12-28,13284.578231262238
Beras Medium/Jawa Tengah/2024-12-29,13281.32102870419
Beras Medium/Jawa Tengah/2024-12-30,13274.9243035224
Beras Medium/Jawa Tengah/2024-12-31,13278.721992710563
Beras Medium/Jawa Timur/2024-10-01,13288.343290828538
Beras Medium/Jawa Timur/2024-10-02,13266.613591933708
Beras Medium/Jawa Timur/2024-10-03,13277.72520238261
Beras Medium/Jawa Timur/2024-10-04,13268.281851027728
Beras Medium/Jawa Timur/2024-10-05,13288.550619746748
Beras Medium/Jawa Timur/2024-10-06,13259.597975417964
Beras Medium/Jawa Timur/2024-10-07,13266.87476604387
Beras Medium/Jawa Timur/2024-10-08,13277.950393799489
Beras Medium/Jawa Timur/2024-10-09,13289.358478718745
Beras Medium/Jawa Timur/2024-10-10,13273.38941387372
Beras Medium/Jawa Timur/2024-10-11,13265.3340121649
Beras Medium/Jawa Timur/2024-10-12,13294.025611542507
Beras Medium/Jawa Timur/2024-10-13,13261.304217004
Beras Medium/Jawa Timur/2024-10-14,13253.322642849109
Beras Medium/Jawa Timur/2024-10-15,13277.719409099383
Beras Medium/Jawa Timur/2024-10-16,13267.239330237866
Beras Medium/Jawa Timur/2024-10-17,13262.709499473676
Beras Medium/Jawa Timur/2024-10-18,13275.32652364061
Beras Medium/Jawa Timur/2024-10-19,13271.501415085664
Beras Medium/Jawa Timur/2024-10-20,13266.256097571377
Beras Medium/Jawa Timur/2024-10-21,13257.03440312074
Beras Medium/Jawa Timur/2024-10-22,13279.777249726762
Beras Medium/Jawa Timur/2024-10-23,13278.670898022743
Beras Medium/Jawa Timur/2024-10-24,13269.65854450314
Beras Medium/Jawa Timur/2024-10-25,13289.848524767767
Beras Medium/Jawa Timur/2024-10-26,13260.62984058401
Beras Medium/Jawa Timur/2024-10-27,13259.571382959815
Beras Medium/Jawa Timur/2024-10-28,13267.122618773494
Beras Medium/Jawa Timur/2024-10-29,13272.298191329332
Beras Medium/Jawa Timur/2024-10-30,13275.250756275062
Beras Medium/Jawa Timur/2024-10-31,13265.630356960211
Beras Medium/Jawa Timur/2024-11-01,13273.300050182042
Beras Medium/Jawa Timur/2024-11-02,13258.54635587529
Beras Medium/Jawa Timur/2024-11-03,13287.430000005475
Beras Medium/Jawa Timur/2024-11-04,13271.076128940977
Beras Medium/Jawa Timur/2024-11-05,13282.834320022635
Beras Medium/Jawa Timur/2024-11-06,13276.230868888284
Beras Medium/Jawa Timur/2024-11-07,13277.798898896768
Beras Medium/Jawa Timur/2024-11-08,13282.851865839471
Beras Medium/Jawa Timur/2024-11-09,13279.764149647715
Beras Medium/Jawa Timur/2024-11-10,13283.43598407508
Beras Medium/Jawa Timur/2024-11-11,13290.06754099582
Beras Medium/Jawa Timur/2024-11-12,13279.24456385396
Beras Medium/Jawa Timur/2024-11-13,13285.650650275224
Beras Medium/Jawa Timur/2024-11-14,13277.401692573172
Beras Medium/Jawa Timur/2024-11-15,13294.233677168004
Beras Medium/Jawa Timur/2024-11-16,13272.169224319994
Beras Medium/Jawa Timur/2024-11-17,13296.79355251106
Beras Medium/Jawa Timur/2024-11-18,13278.392182706268
Beras Medium/Jawa Timur/2024-11-19,13263.482788081155
Beras Medium/Jawa Timur/2024-11-20,13280.88209157579
Beras Medium/Jawa Timur/2024-11-21,13269.4961830109
Beras Medium/Jawa Timur/2024-11-22,13286.629465876287
Beras Medium/Jawa Timur/2024-11-23,13266.771941995356
Beras Medium/Jawa Timur/2024-11-24,13268.1118546632
Beras Medium/Jawa Timur/2024-11-25,13255.144841793355
Beras Medium/Jawa Timur/2024-11-26,13268.389924935836
Beras Medium/Jawa Timur/2024-11-27,13247.597905518183
Beras Medium/Jawa Timur/2024-11-28,13251.843380310696
Beras Medium/Jawa Timur/2024-11-29,13275.033202722458
Beras Medium/Jawa Timur/2024-11-30,13273.420278044168
Beras Medium/Jawa Timur/2024-12-01,13270.835623455772
Beras Medium/Jawa Timur/2024-12-02,13255.150398099237
Beras Medium/Jawa Timur/2024-12-03,13268.429520742471
Beras Medium/Jawa Timur/2024-12-04,13272.134715326412
Beras Medium/Jawa Timur/2024-12-05,13258.545737063463
Beras Medium/Jawa Timur/2024-12-06,13284.998542127612
Beras Medium/Jawa Timur/2024-12-07,13277.599249396082
Beras Medium/Jawa Timur/2024-12-08,13269.119627644524
Beras Medium/Jawa Timur/2024-12-09,13272.517975087358
Beras Medium/Jawa Timur/2024-12-10,13274.603032835032
Beras Medium/Jawa Timur/2024-12-11,13254.195329753218
Beras Medium/Jawa Timur/2024-12-12,13270.431912035205
Beras Medium/Jawa Timur/2024-12-13,13264.130104624131
Beras Medium/Jawa Timur/2024-12-14,13260.425051015096
Beras Medium/Jawa Timur/2024-12-15,13266.577359019324
Beras Medium/Jawa Timur/2024-12-16,13286.251988989952
Beras Medium/Jawa Timur/2024-12-17,13276.65428523272
Beras Medium/Jawa Timur/2024-12-18,13263.764214331988
Beras Medium/Jawa Timur/2024-12-19,13277.193902233095
Beras Medium/Jawa Timur/2024-12-20,13288.515480137332
Beras Medium/Jawa Timur/2024-12-21,13285.516445662894
Beras Medium/Jawa Timur/2024-12-22,13274.6976385938
Beras Medium/Jawa Timur/2024-12-23,13267.58596563886
Beras Medium/Jawa Timur/2024-12-24,13284.81804342978
Beras Medium/Jawa Timur/2024-12-25,13282.141565667736
Beras Medium/Jawa Timur/2024-12-26,13285.48302207506
Beras Medium/Jawa Timur/2024-12-27,13281.358653941785
Beras Medium/Jawa Timur/2024-12-28,13286.76102816534
Beras Medium/Jawa Timur/2024-12-29,13273.14971569602
Beras Medium/Jawa Timur/2024-12-30,13292.214465717854
Beras Medium/Jawa Timur/2024-12-31,13280.633485017184
Beras Medium/Kalimantan Barat/2024-10-01,13299.86969135103
Beras Medium/Kalimantan Barat/2024-10-02,13271.50733773024
Beras Medium/Kalimantan Barat/2024-10-03,13296.585143526085
Beras Medium/Kalimantan Barat/2024-10-04,13283.126306150132
Beras Medium/Kalimantan Barat/2024-10-05,13273.133906853893
Beras Medium/Kalimantan Barat/2024-10-06,13275.869717981905
Beras Medium/Kalimantan Barat/2024-10-07,13274.079564831074
Beras Medium/Kalimantan Barat/2024-10-08,13283.707880999118
Beras Medium/Kalimantan Barat/2024-10-09,13281.142496126227
Beras Medium/Kalimantan Barat/2024-10-10,13268.468237700934
Beras Medium/Kalimantan Barat/2024-10-11,13275.052855387496
Beras Medium/Kalimantan Barat/2024-10-12,13298.05629320465
Beras Medium/Kalimantan Barat/2024-10-13,13294.717652808988
Beras Medium/Kalimantan Barat/2024-10-14,13280.747003994751
Beras Medium/Kalimantan Barat/2024-10-15,13277.014558156152
Beras Medium/Kalimantan Barat/2024-10-16,13281.24921016328
Beras Medium/Kalimantan Barat/2024-10-17,13288.678079323165
Beras Medium/Kalimantan Barat/2024-10-18,13268.83317587421
Beras Medium/Kalimantan Barat/2024-10-19,13274.15156146184
Beras Medium/Kalimantan Barat/2024-10-20,13258.950449659807
Beras Medium/Kalimantan Barat/2024-10-21,13280.514705479438
Beras Medium/Kalimantan Barat/2024-10-22,13281.708208369497
Beras Medium/Kalimantan Barat/2024-10-23,13266.606788799443
Beras Medium/Kalimantan Barat/2024-10-24,13288.94945431323
Beras Medium/Kalimantan Barat/2024-10-25,13259.577731875605
Beras Medium/Kalimantan Barat/2024-10-26,13260.410298475475
Beras Medium/Kalimantan Barat/2024-10-27,13276.739595964184
Beras Medium/Kalimantan Barat/2024-10-28,13283.235360980914
Beras Medium/Kalimantan Barat/2024-10-29,13290.97928900092
Beras Medium/Kalimantan Barat/2024-10-30,13265.281680357264
Beras Medium/Kalimantan Barat/2024-10-31,13284.598819955008
Beras Medium/Kalimantan Barat/2024-11-01,13276.59209726161
Beras Medium/Kalimantan Barat/2024-11-02,13275.858468982162
Beras Medium/Kalimantan Barat/2024-11-03,13286.120484792737
Beras Medium/Kalimantan Barat/2024-11-04,13281.08247789838
Beras Medium/Kalimantan Barat/2024-11-05,13260.50823458127
Beras Medium/Kalimantan Barat/2024-11-06,13291.300944717088
Beras Medium/Kalimantan Barat/2024-11-07,13290.617828773244
Beras Medium/Kalimantan Barat/2024-11-08,13270.391015649224
Beras Medium/Kalimantan Barat/2024-11-09,13279.825180739625
Beras Medium/Kalimantan Barat/2024-11-10,13280.496403693414
Beras Medium/Kalimantan Barat/2024-11-11,13282.198718857378
Beras Medium/Kalimantan Barat/2024-11-12,13271.60978795652
Beras Medium/Kalimantan Barat/2024-11-13,13267.869646970385
Beras Medium/Kalimantan Barat/2024-11-14,13275.999159861452
Beras Medium/Kalimantan Barat/2024-11-15,13287.844263085548
Beras Medium/Kalimantan Barat/2024-11-16,13280.339621431896
Beras Medium/Kalimantan Barat/2024-11-17,13269.55439119213
Beras Medium/Kalimantan Barat/2024-11-18,13282.607590963002
Beras Medium/Kalimantan Barat/2024-11-19,13246.699614755107
Beras Medium/Kalimantan Barat/2024-11-20,13288.700119836189
Beras Medium/Kalimantan Barat/2024-11-21,13255.478444090488
Beras Medium/Kalimantan Barat/2024-11-22,13267.894729452184
Beras Medium/Kalimantan Barat/2024-11-23,13259.708715940727
Beras Medium/Kalimantan Barat/2024-11-24,13254.437049622418
Beras Medium/Kalimantan Barat/2024-11-25,13283.93283042213
Beras Medium/Kalimantan Barat/2024-11-26,13261.863721820877
Beras Medium/Kalimantan Barat/2024-11-27,13272.277870381222
Beras Medium/Kalimantan Barat/2024-11-28,13267.792791733287
Beras Medium/Kalimantan Barat/2024-11-29,13274.936293231489
Beras Medium/Kalimantan Barat/2024-11-30,13273.988682967636
Beras Medium/Kalimantan Barat/2024-12-01,13257.012909447916
Beras Medium/Kalimantan Barat/2024-12-02,13282.583541367308
Beras Medium/Kalimantan Barat/2024-12-03,13266.597552359965
Beras Medium/Kalimantan Barat/2024-12-04,13256.030005068984
Beras Medium/Kalimantan Barat/2024-12-05,13266.652756095178
Beras Medium/Kalimantan Barat/2024-12-06,13285.482220569264
Beras Medium/Kalimantan Barat/2024-12-07,13281.051511762496
Beras Medium/Kalimantan Barat/2024-12-08,13265.974850888995
Beras Medium/Kalimantan Barat/2024-12-09,13266.91210778462
Beras Medium/Kalimantan Barat/2024-12-10,13270.675218489923
Beras Medium/Kalimantan Barat/2024-12-11,13297.357673260594
Beras Medium/Kalimantan Barat/2024-12-12,13277.383723036515
Beras Medium/Kalimantan Barat/2024-12-13,13276.714416535076
Beras Medium/Kalimantan Barat/2024-12-14,13285.32397850544
Beras Medium/Kalimantan Barat/2024-12-15,13279.748176524154
Beras Medium/Kalimantan Barat/2024-12-16,13276.872413693054
Beras Medium/Kalimantan Barat/2024-12-17,13274.190079798913
Beras Medium/Kalimantan Barat/2024-12-18,13275.84489103305
Beras Medium/Kalimantan Barat/2024-12-19,13276.578170658531
Beras Medium/Kalimantan Barat/2024-12-20,13282.98692227383
Beras Medium/Kalimantan Barat/2024-12-21,13275.301866453256
Beras Medium/Kalimantan Barat/2024-12-22,13282.48418829182
Beras Medium/Kalimantan Barat/2024-12-23,13274.71867767425
Beras Medium/Kalimantan Barat/2024-12-24,13276.938776770285
Beras Medium/Kalimantan Barat/2024-12-25,13255.497189569684
Beras Medium/Kalimantan Barat/2024-12-26,13284.614592565087
Beras Medium/Kalimantan Barat/2024-12-27,13278.4304457594
Beras Medium/Kalimantan Barat/2024-12-28,13283.518922631934
Beras Medium/Kalimantan Barat/2024-12-29,13242.565938396108
Beras Medium/Kalimantan Barat/2024-12-30,13294.007645967497
Beras Medium/Kalimantan Barat/2024-12-31,13274.391188188118
Beras Medium/Kalimantan Selatan/2024-10-01,13285.479495059102
Beras Medium/Kalimantan Selatan/2024-10-02,13262.176966610754
Beras Medium/Kalimantan Selatan/2024-10-03,13277.58329471266
Beras Medium/Kalimantan Selatan/2024-10-04,13266.941434038528
Beras Medium/Kalimantan Selatan/2024-10-05,13267.690438373727
Beras Medium/Kalimantan Selatan/2024-10-06,13293.98170127324
Beras Medium/Kalimantan Selatan/2024-10-07,13269.278221139228
Beras Medium/Kalimantan Selatan/2024-10-08,13275.98088681906
Beras Medium/Kalimantan Selatan/2024-10-09,13282.35561408503
Beras Medium/Kalimantan Selatan/2024-10-10,13280.445832388912
Beras Medium/Kalimantan Selatan/2024-10-11,13279.11829538674
Beras Medium/Kalimantan Selatan/2024-10-12,13278.246006265152
Beras Medium/Kalimantan Selatan/2024-10-13,13301.588673849928
Beras Medium/Kalimantan Selatan/2024-10-14,13276.953967409028
Beras Medium/Kalimantan Selatan/2024-10-15,13279.858398608503
Beras Medium/Kalimantan Selatan/2024-10-16,13289.425365342622
Beras Medium/Kalimantan Selatan/2024-10-17,13291.131354912752
Beras Medium/Kalimantan Selatan/2024-10-18,13293.616401767558
Beras Medium/Kalimantan Selatan/2024-10-19,13284.818088274493
Beras Medium/Kalimantan Selatan/2024-10-20,13268.157654246765
Beras Medium/Kalimantan Selatan/2024-10-21,13298.753420285875
Beras Medium/Kalimantan Selatan/2024-10-22,13269.008117131722
Beras Medium/Kalimantan Selatan/2024-10-23,13282.846896919224
Beras Medium/Kalimantan Selatan/2024-10-24,13269.332666920704
Beras Medium/Kalimantan Selatan/2024-10-25,13275.4401446403
Beras Medium/Kalimantan Selatan/2024-10-26,13281.671965001984
Beras Medium/Kalimantan Selatan/2024-10-27,13277.168540706109
Beras Medium/Kalimantan Selatan/2024-10-28,13279.724635004812
Beras Medium/Kalimantan Selatan/2024-10-29,13291.055478350074
Beras Medium/Kalimantan Selatan/2024-10-30,13280.86655304683
Beras Medium/Kalimantan Selatan/2024-10-31,13274.737812700732
Beras Medium/Kalimantan Selatan/2024-11-01,13287.40427097727
Beras Medium/Kalimantan Selatan/2024-11-02,13290.796771816897
Beras Medium/Kalimantan Selatan/2024-11-03,13266.189053323184
Beras Medium/Kalimantan Selatan/2024-11-04,13283.524612724435
Beras Medium/Kalimantan Selatan/2024-11-05,13284.620796836914
Beras Medium/Kalimantan Selatan/2024-11-06,13275.505686758235
Beras Medium/Kalimantan Selatan/2024-11-07,13291.749751703815
Beras Medium/Kalimantan Selatan/2024-11-08,13273.590843687942
Beras Medium/Kalimantan Selatan/2024-11-09,13279.516536011952
Beras Medium/Kalimantan Selatan/2024-11-10,13275.968112754572
Beras Medium/Kalimantan Selatan/2024-11-11,13277.045507035804
Beras Medium/Kalimantan Selatan/2024-11-12,13266.139664428249
Beras Medium/Kalimantan Selatan/2024-11-13,13259.449807700852
Beras Medium/Kalimantan Selatan/2024-11-14,13291.259905249824
Beras Medium/Kalimantan Selatan/2024-11-15,13264.265571112384
Beras Medium/Kalimantan Selatan/2024-11-16,13261.91945212786
Beras Medium/Kalimantan Selatan/2024-11-17,13248.286856641682
Beras Medium/Kalimantan Selatan/2024-11-18,13264.433697608396
Beras Medium/Kalimantan Selatan/2024-11-19,13258.528170296922
Beras Medium/Kalimantan Selatan/2024-11-20,13283.646158905252
Beras Medium/Kalimantan Selatan/2024-11-21,13276.411585422908
Beras Medium/Kalimantan Selatan/2024-11-22,13259.118635202807
Beras Medium/Kalimantan Selatan/2024-11-23,13294.023996769192
Beras Medium/Kalimantan Selatan/2024-11-24,13282.294304431996
Beras Medium/Kalimantan Selatan/2024-11-25,13272.230402890891
Beras Medium/Kalimantan Selatan/2024-11-26,13248.127928068614
Beras Medium/Kalimantan Selatan/2024-11-27,13298.072780213784
Beras Medium/Kalimantan Selatan/2024-11-28,13262.838035802264
Beras Medium/Kalimantan Selatan/2024-11-29,13256.135360935985
Beras Medium/Kalimantan Selatan/2024-11-30,13281.635467895678
Beras Medium/Kalimantan Selatan/2024-12-01,13295.937224878617
Beras Medium/Kalimantan Selatan/2024-12-02,13290.160026336787
Beras Medium/Kalimantan Selatan/2024-12-03,13277.26189139798
Beras Medium/Kalimantan Selatan/2024-12-04,13280.961992938326
Beras Medium/Kalimantan Selatan/2024-12-05,13289.294301710564
Beras Medium/Kalimantan Selatan/2024-12-06,13289.199144373148
Beras Medium/Kalimantan Selatan/2024-12-07,13282.070505501604
Beras Medium/Kalimantan Selatan/2024-12-08,13279.035185465304
Beras Medium/Kalimantan Selatan/2024-12-09,13278.703047418016
Beras Medium/Kalimantan Selatan/2024-12-10,13272.0578852749
Beras Medium/Kalimantan Selatan/2024-12-11,13275.48998106358
Beras Medium/Kalimantan Selatan/2024-12-12,13258.507651416658
Beras Medium/Kalimantan Selatan/2024-12-13,13273.792936909227
Beras Medium/Kalimantan Selatan/2024-12-14,13263.071654859286
Beras Medium/Kalimantan Selatan/2024-12-15,13260.024962580668
Beras Medium/Kalimantan Selatan/2024-12-16,13272.51675513365
Beras Medium/Kalimantan Selatan/2024-12-17,13283.310400080723
Beras Medium/Kalimantan Selatan/2024-12-18,13280.297691591568
Beras Medium/Kalimantan Selatan/2024-12-19,13253.521705632977
Beras Medium/Kalimantan Selatan/2024-12-20,13261.258362577964
Beras Medium/Kalimantan Selatan/2024-12-21,13283.78509432758
Beras Medium/Kalimantan Selatan/2024-12-22,13263.336393241969
Beras Medium/Kalimantan Selatan/2024-12-23,13268.43424942504
Beras Medium/Kalimantan Selatan/2024-12-24,13273.903499435435
Beras Medium/Kalimantan Selatan/2024-12-25,13261.06951291599
Beras Medium/Kalimantan Selatan/2024-12-26,13274.1333667259
Beras Medium/Kalimantan Selatan/2024-12-27,13255.991445861848
Beras Medium/Kalimantan Selatan/2024-12-28,13264.511366374749
Beras Medium/Kalimantan Selatan/2024-12-29,13273.783232256868
Beras Medium/Kalimantan Selatan/2024-12-30,13252.017790289505
Beras Medium/Kalimantan Selatan/2024-12-31,13274.114709957545
Beras Medium/Kalimantan Tengah/2024-10-01,13267.272299791886
Beras Medium/Kalimantan Tengah/2024-10-02,13275.19151952247
Beras Medium/Kalimantan Tengah/2024-10-03,13272.31339751899
Beras Medium/Kalimantan Tengah/2024-10-04,13283.177878765253
Beras Medium/Kalimantan Tengah/2024-10-05,13274.208708083466
Beras Medium/Kalimantan Tengah/2024-10-06,13268.410865239512
Beras Medium/Kalimantan Tengah/2024-10-07,13275.738521077716
Beras Medium/Kalimantan Tengah/2024-10-08,13280.128115161591
Beras Medium/Kalimantan Tengah/2024-10-09,13275.574893692818
Beras Medium/Kalimantan Tengah/2024-10-10,13273.856664609635
Beras Medium/Kalimantan Tengah/2024-10-11,13266.190918072854
Beras Medium/Kalimantan Tengah/2024-10-12,13267.887407889511
Beras Medium/Kalimantan Tengah/2024-10-13,13259.664299947692
Beras Medium/Kalimantan Tengah/2024-10-14,13290.816842395114
Beras Medium/Kalimantan Tengah/2024-10-15,13258.26042630389
Beras Medium/Kalimantan Tengah/2024-10-16,13263.127301106922
Beras Medium/Kalimantan Tengah/2024-10-17,13263.36066659516
Beras Medium/Kalimantan Tengah/2024-10-18,13280.32448079959
Beras Medium/Kalimantan Tengah/2024-10-19,13269.746201065684
Beras Medium/Kalimantan Tengah/2024-10-20,13281.333599102483
Beras Medium/Kalimantan Tengah/2024-10-21,13263.48951006346
Beras Medium/Kalimantan Tengah/2024-10-22,13275.268422170884
Beras Medium/Kalimantan Tengah/2024-10-23,13265.579886276892
Beras Medium/Kalimantan Tengah/2024-10-24,13295.282138638328
Beras Medium/Kalimantan Tengah/2024-10-25,13261.080624372564
Beras Medium/Kalimantan Tengah/2024-10-26,13275.206991099009
Beras Medium/Kalimantan Tengah/2024-10-27,13280.755975932536
Beras Medium/Kalimantan Tengah/2024-10-28,13278.450805407963
Beras Medium/Kalimantan Tengah/2024-10-29,13274.400786300346
Beras Medium/Kalimantan Tengah/2024-10-30,13270.99379879924
Beras Medium/Kalimantan Tengah/2024-10-31,13275.748563322848
Beras Medium/Kalimantan Tengah/2024-11-01,13273.929053501508
Beras Medium/Kalimantan Tengah/2024-11-02,13284.465290325978
Beras Medium/Kalimantan Tengah/2024-11-03,13296.9254538786
Beras Medium/Kalimantan Tengah/2024-11-04,13268.599683780569
Beras Medium/Kalimantan Tengah/2024-11-05,13261.873526347345
Beras Medium/Kalimantan Tengah/2024-11-06,13276.024479766847
Beras Medium/Kalimantan Tengah/2024-11-07,13304.89331389486
Beras Medium/Kalimantan Tengah/2024-11-08,13268.25268009436
Beras Medium/Kalimantan Tengah/2024-11-09,13289.970356700387
Beras Medium/Kalimantan Tengah/2024-11-10,13292.508749287916
Beras Medium/Kalimantan Tengah/2024-11-11,13273.526568352348
Beras Medium/Kalimantan Tengah/2024-11-12,13287.279707881393
Beras Medium/Kalimantan Tengah/2024-11-13,13294.22666033422
Beras Medium/Kalimantan Tengah/2024-11-14,13276.563616115916
Beras Medium/Kalimantan Tengah/2024-11-15,13277.518143610923
Beras Medium/Kalimantan Tengah/2024-11-16,13271.71683699762
Beras Medium/Kalimantan Tengah/2024-11-17,13268.87041628154
Beras Medium/Kalimantan Tengah/2024-11-18,13271.1029525739
Beras Medium/Kalimantan Tengah/2024-11-19,13261.170928639049
Beras Medium/Kalimantan Tengah/2024-11-20,13273.330833471997
Beras Medium/Kalimantan Tengah/2024-11-21,13263.269830618276
Beras Medium/Kalimantan Tengah/2024-11-22,13273.084304705351
Beras Medium/Kalimantan Tengah/2024-11-23,13254.09168497279
Beras Medium/Kalimantan Tengah/2024-11-24,13272.976111533191
Beras Medium/Kalimantan Tengah/2024-11-25,13279.374059840213
Beras Medium/Kalimantan Tengah/2024-11-26,13248.500298746128
Beras Medium/Kalimantan Tengah/2024-11-27,13274.072397304526
Beras Medium/Kalimantan Tengah/2024-11-28,13281.669050579265
Beras Medium/Kalimantan Tengah/2024-11-29,13259.05573421402
Beras Medium/Kalimantan Tengah/2024-11-30,13288.57052058748
Beras Medium/Kalimantan Tengah/2024-12-01,13273.46905961454
Beras Medium/Kalimantan Tengah/2024-12-02,13266.685750575063
Beras Medium/Kalimantan Tengah/2024-12-03,13273.591511253158
Beras Medium/Kalimantan Tengah/2024-12-04,13278.360914379671
Beras Medium/Kalimantan Tengah/2024-12-05,13276.418253619217
Beras Medium/Kalimantan Tengah/2024-12-06,13278.39015473385
Beras Medium/Kalimantan Tengah/2024-12-07,13263.215596952215
Beras Medium/Kalimantan Tengah/2024-12-08,13276.2623476652
Beras Medium/Kalimantan Tengah/2024-12-09,13259.820621049288
Beras Medium/Kalimantan Tengah/2024-12-10,13272.27759829654
Beras Medium/Kalimantan Tengah/2024-12-11,13262.71099727344
Beras Medium/Kalimantan Tengah/2024-12-12,13262.37550732798
Beras Medium/Kalimantan Tengah/2024-12-13,13283.838418115703
Beras Medium/Kalimantan Tengah/2024-12-14,13280.530683077348
Beras Medium/Kalimantan Tengah/2024-12-15,13277.564744158655
Beras Medium/Kalimantan Tengah/2024-12-16,13259.783785026457
Beras Medium/Kalimantan Tengah/2024-12-17,13270.155076728935
Beras Medium/Kalimantan Tengah/2024-12-18,13288.653560250008
Beras Medium/Kalimantan Tengah/2024-12-19,13275.517157687247
Beras Medium/Kalimantan Tengah/2024-12-20,13297.092713318809
Beras Medium/Kalimantan Tengah/2024-12-21,13276.650286136835
Beras Medium/Kalimantan Tengah/2024-12-22,13278.6910063893
Beras Medium/Kalimantan Tengah/2024-12-23,13276.002301398652
Beras Medium/Kalimantan Tengah/2024-12-24,13279.342565479412
Beras Medium/Kalimantan Tengah/2024-12-25,13277.48122361198
Beras Medium/Kalimantan Tengah/2024-12-26,13282.883819391958
Beras Medium/Kalimantan Tengah/2024-12-27,13285.837853580722
Beras Medium/Kalimantan Tengah/2024-12-28,13267.696575213771
Beras Medium/Kalimantan Tengah/2024-12-29,13262.641097198531
Beras Medium/Kalimantan Tengah/2024-12-30,13256.89998506734
Beras Medium/Kalimantan Tengah/2024-12-31,13280.698609249885
Beras Medium/Kalimantan Timur/2024-10-01,13261.284927165994
Beras Medium/Kalimantan Timur/2024-10-02,13246.449734979891
Beras Medium/Kalimantan Timur/2024-10-03,13272.339477171156
Beras Medium/Kalimantan Timur/2024-10-04,13294.609117492508
Beras Medium/Kalimantan Timur/2024-10-05,13270.443754561516
Beras Medium/Kalimantan Timur/2024-10-06,13276.91286800113
Beras Medium/Kalimantan Timur/2024-10-07,13271.04136781623
Beras Medium/Kalimantan Timur/2024-10-08,13275.08250609336
Beras Medium/Kalimantan Timur/2024-10-09,13286.79836454965
Beras Medium/Kalimantan Timur/2024-10-10,13270.39690818642
Beras Medium/Kalimantan Timur/2024-10-11,13277.353191263286
Beras Medium/Kalimantan Timur/2024-10-12,13277.813656293967
Beras Medium/Kalimantan Timur/2024-10-13,13268.629681115368
Beras Medium/Kalimantan Timur/2024-10-14,13286.396975747311
Beras Medium/Kalimantan Timur/2024-10-15,13271.975211045248
Beras Medium/Kalimantan Timur/2024-10-16,13267.026220263277
Beras Medium/Kalimantan Timur/2024-10-17,13280.209913380184
Beras Medium/Kalimantan Timur/2024-10-18,13264.538870031096
Beras Medium/Kalimantan Timur/2024-10-19,13275.403959160887
Beras Medium/Kalimantan Timur/2024-10-20,13272.238910871496
Beras Medium/Kalimantan Timur/2024-10-21,13283.730682389974
Beras Medium/Kalimantan Timur/2024-10-22,13278.655448291614
Beras Medium/Kalimantan Timur/2024-10-23,13272.30365887995
Beras Medium/Kalimantan Timur/2024-10-24,13283.488218896764
Beras Medium/Kalimantan Timur/2024-10-25,13289.96483862852
Beras Medium/Kalimantan Timur/2024-10-26,13282.768129989754
Beras Medium/Kalimantan Timur/2024-10-27,13276.495173347072
Beras Medium/Kalimantan Timur/2024-10-28,13263.156419808754
Beras Medium/Kalimantan Timur/2024-10-29,13267.392149126954
Beras Medium/Kalimantan Timur/2024-10-30,13274.194957763411
Beras Medium/Kalimantan Timur/2024-10-31,13267.74144819376
Beras Medium/Kalimantan Timur/2024-11-01,13269.716353380129
Beras Medium/Kalimantan Timur/2024-11-02,13270.754544587677
Beras Medium/Kalimantan Timur/2024-11-03,13277.015295952842
Beras Medium/Kalimantan Timur/2024-11-04,13271.435562894054
Beras Medium/Kalimantan Timur/2024-11-05,13276.72359303163
Beras Medium/Kalimantan Timur/2024-11-06,13273.250657653798
Beras Medium/Kalimantan Timur/2024-11-07,13252.585726537138
Beras Medium/Kalimantan Timur/2024-11-08,13263.707908034276
Beras Medium/Kalimantan Timur/2024-11-09,13270.461845470163
Beras Medium/Kalimantan Timur/2024-11-10,13258.403231093776
Beras Medium/Kalimantan Timur/2024-11-11,13274.974221776063
Beras Medium/Kalimantan Timur/2024-11-12,13282.861410276431
Beras Medium/Kalimantan Timur/2024-11-13,13282.619420666384
Beras Medium/Kalimantan Timur/2024-11-14,13269.228797852493
Beras Medium/Kalimantan Timur/2024-11-15,13287.843702983504
Beras Medium/Kalimantan Timur/2024-11-16,13277.61913556873
Beras Medium/Kalimantan Timur/2024-11-17,13273.446411263394
Beras Medium/Kalimantan Timur/2024-11-18,13269.73695377194
Beras Medium/Kalimantan Timur/2024-11-19,13271.86311074359
Beras Medium/Kalimantan Timur/2024-11-20,13272.339606586058
Beras Medium/Kalimantan Timur/2024-11-21,13275.42671520664
Beras Medium/Kalimantan Timur/2024-11-22,13274.30326220985
Beras Medium/Kalimantan Timur/2024-11-23,13272.47161753608
Beras Medium/Kalimantan Timur/2024-11-24,13277.71839915347
Beras Medium/Kalimantan Timur/2024-11-25,13286.084494751229
Beras Medium/Kalimantan Timur/2024-11-26,13284.273172680118
Beras Medium/Kalimantan Timur/2024-11-27,13259.189578155498
Beras Medium/Kalimantan Timur/2024-11-28,13248.577793651652
Beras Medium/Kalimantan Timur/2024-11-29,13285.569034391428
Beras Medium/Kalimantan Timur/2024-11-30,13260.279506271389
Beras Medium/Kalimantan Timur/2024-12-01,13268.746105015302
Beras Medium/Kalimantan Timur/2024-12-02,13254.999182928776
Beras Medium/Kalimantan Timur/2024-12-03,13249.437855394475
Beras Medium/Kalimantan Timur/2024-12-04,13277.239210839638
Beras Medium/Kalimantan Timur/2024-12-05,13274.857632645071
Beras Medium/Kalimantan Timur/2024-12-06,13261.39484560272
Beras Medium/Kalimantan Timur/2024-12-07,13239.226667179337
Beras Medium/Kalimantan Timur/2024-12-08,13262.282425708774
Beras Medium/Kalimantan Timur/2024-12-09,13274.845768602065
Beras Medium/Kalimantan Timur/2024-12-10,13252.055383044708
Beras Medium/Kalimantan Timur/2024-12-11,13266.291783077551
Beras Medium/Kalimantan Timur/2024-12-12,13263.717294234775
Beras Medium/Kalimantan Timur/2024-12-13,13274.662959028028
Beras Medium/Kalimantan Timur/2024-12-14,13270.380628155774
Beras Medium/Kalimantan Timur/2024-12-15,13256.988121673809
Beras Medium/Kalimantan Timur/2024-12-16,13282.704349190044
Beras Medium/Kalimantan Timur/2024-12-17,13268.936542677096
Beras Medium/Kalimantan Timur/2024-12-18,13271.578384537175
Beras Medium/Kalimantan Timur/2024-12-19,13261.15831361043
Beras Medium/Kalimantan Timur/2024-12-20,13266.104818669995
Beras Medium/Kalimantan Timur/2024-12-21,13264.03175031675
Beras Medium/Kalimantan Timur/2024-12-22,13268.474339347202
Beras Medium/Kalimantan Timur/2024-12-23,13287.725667512012
Beras Medium/Kalimantan Timur/2024-12-24,13254.550909398564
Beras Medium/Kalimantan Timur/2024-12-25,13253.504256949676
Beras Medium/Kalimantan Timur/2024-12-26,13286.208973851051
Beras Medium/Kalimantan Timur/2024-12-27,13269.471540861594
Beras Medium/Kalimantan Timur/2024-12-28,13264.793210884092
Beras Medium/Kalimantan Timur/2024-12-29,13278.625484186114
Beras Medium/Kalimantan Timur/2024-12-30,13264.305376046095
Beras Medium/Kalimantan Timur/2024-12-31,13293.57058405361
Beras Medium/Kalimantan Utara/2024-10-01,13278.88708878662
Beras Medium/Kalimantan Utara/2024-10-02,13267.730243773174
Beras Medium/Kalimantan Utara/2024-10-03,13297.929749588597
Beras Medium/Kalimantan Utara/2024-10-04,13269.018567554347
Beras Medium/Kalimantan Utara/2024-10-05,13286.494613283743
Beras Medium/Kalimantan Utara/2024-10-06,13279.233419205291
Beras Medium/Kalimantan Utara/2024-10-07,13290.03778053256
Beras Medium/Kalimantan Utara/2024-10-08,13295.763715758305
Beras Medium/Kalimantan Utara/2024-10-09,13276.867616949125
Beras Medium/Kalimantan Utara/2024-10-10,13271.833117897277
Beras Medium/Kalimantan Utara/2024-10-11,13284.19118036436
Beras Medium/Kalimantan Utara/2024-10-12,13273.127766907144
Beras Medium/Kalimantan Utara/2024-10-13,13299.678868640089
Beras Medium/Kalimantan Utara/2024-10-14,13276.871215845742
Beras Medium/Kalimantan Utara/2024-10-15,13272.396920838875
Beras Medium/Kalimantan Utara/2024-10-16,13280.147539809692
Beras Medium/Kalimantan Utara/2024-10-17,13263.451071241425
Beras Medium/Kalimantan Utara/2024-10-18,13268.627374234064
Beras Medium/Kalimantan Utara/2024-10-19,13286.4554475249
Beras Medium/Kalimantan Utara/2024-10-20,13266.211856914915
Beras Medium/Kalimantan Utara/2024-10-21,13262.231414713806
Beras Medium/Kalimantan Utara/2024-10-22,13277.05814600044
Beras Medium/Kalimantan Utara/2024-10-23,13285.50844572283
Beras Medium/Kalimantan Utara/2024-10-24,13281.608987981806
Beras Medium/Kalimantan Utara/2024-10-25,13282.06617966644
Beras Medium/Kalimantan Utara/2024-10-26,13265.744771916216
Beras Medium/Kalimantan Utara/2024-10-27,13262.048673351192
Beras Medium/Kalimantan Utara/2024-10-28,13292.792820630675
Beras Medium/Kalimantan Utara/2024-10-29,13271.73320563639
Beras Medium/Kalimantan Utara/2024-10-30,13271.123002037024
Beras Medium/Kalimantan Utara/2024-10-31,13286.020861693596
Beras Medium/Kalimantan Utara/2024-11-01,13279.8930630627
Beras Medium/Kalimantan Utara/2024-11-02,13282.174117653258
Beras Medium/Kalimantan Utara/2024-11-03,13297.329132934456
Beras Medium/Kalimantan Utara/2024-11-04,13269.728270014
Beras Medium/Kalimantan Utara/2024-11-05,13288.648779516436
Beras Medium/Kalimantan Utara/2024-11-06,13279.03400535987
Beras Medium/Kalimantan Utara/2024-11-07,13281.983777677073
Beras Medium/Kalimantan Utara/2024-11-08,13295.439460360049
Beras Medium/Kalimantan Utara/2024-11-09,13281.819971775907
Beras Medium/Kalimantan Utara/2024-11-10,13285.05436710859
Beras Medium/Kalimantan Utara/2024-11-11,13289.960999779763
Beras Medium/Kalimantan Utara/2024-11-12,13276.278082740982
Beras Medium/Kalimantan Utara/2024-11-13,13272.11443311518
Beras Medium/Kalimantan Utara/2024-11-14,13267.495469276722
Beras Medium/Kalimantan Utara/2024-11-15,13257.379835238524
Beras Medium/Kalimantan Utara/2024-11-16,13297.646214307391
Beras Medium/Kalimantan Utara/2024-11-17,13261.056325636802
Beras Medium/Kalimantan Utara/2024-11-18,13269.381069682482
Beras Medium/Kalimantan Utara/2024-11-19,13268.606705542044
Beras Medium/Kalimantan Utara/2024-11-20,13275.515035095015
Beras Medium/Kalimantan Utara/2024-11-21,13283.9784307884
Beras Medium/Kalimantan Utara/2024-11-22,13279.31004062687
Beras Medium/Kalimantan Utara/2024-11-23,13266.707135085362
Beras Medium/Kalimantan Utara/2024-11-24,13272.278367038103
Beras Medium/Kalimantan Utara/2024-11-25,13278.45551101302
Beras Medium/Kalimantan Utara/2024-11-26,13272.93387288945
Beras Medium/Kalimantan Utara/2024-11-27,13290.521494070805
Beras Medium/Kalimantan Utara/2024-11-28,13277.942388853451
Beras Medium/Kalimantan Utara/2024-11-29,13282.6636515037
Beras Medium/Kalimantan Utara/2024-11-30,13283.424454292975
Beras Medium/Kalimantan Utara/2024-12-01,13289.35703068246
Beras Medium/Kalimantan Utara/2024-12-02,13281.017845612943
Beras Medium/Kalimantan Utara/2024-12-03,13264.064777514055
Beras Medium/Kalimantan Utara/2024-12-04,13282.639990539494
Beras Medium/Kalimantan Utara/2024-12-05,13271.16256481944
Beras Medium/Kalimantan Utara/2024-12-06,13271.428955126325
Beras Medium/Kalimantan Utara/2024-12-07,13280.320855856187
Beras Medium/Kalimantan Utara/2024-12-08,13285.76837355237
Beras Medium/Kalimantan Utara/2024-12-09,13275.441737026787
Beras Medium/Kalimantan Utara/2024-12-10,13277.357991833916
Beras Medium/Kalimantan Utara/2024-12-11,13293.371573316675
Beras Medium/Kalimantan Utara/2024-12-12,13279.88289545992
Beras Medium/Kalimantan Utara/2024-12-13,13305.044646537435
Beras Medium/Kalimantan Utara/2024-12-14,13283.39322697167
Beras Medium/Kalimantan Utara/2024-12-15,13261.26231599332
Beras Medium/Kalimantan Utara/2024-12-16,13289.514437673484
Beras Medium/Kalimantan Utara/2024-12-17,13283.896062412532
Beras Medium/Kalimantan Utara/2024-12-18,13294.227098215795
Beras Medium/Kalimantan Utara/2024-12-19,13283.237062301025
Beras Medium/Kalimantan Utara/2024-12-20,13274.514292694628
Beras Medium/Kalimantan Utara/2024-12-21,13267.771407713775
Beras Medium/Kalimantan Utara/2024-12-22,13277.131119281546
Beras Medium/Kalimantan Utara/2024-12-23,13269.613124124651
Beras Medium/Kalimantan Utara/2024-12-24,13268.794345676712
Beras Medium/Kalimantan Utara/2024-12-25,13278.94775642446
Beras Medium/Kalimantan Utara/2024-12-26,13289.837945852913
Beras Medium/Kalimantan Utara/2024-12-27,13277.838786138896
Beras Medium/Kalimantan Utara/2024-12-28,13261.005544778349
Beras Medium/Kalimantan Utara/2024-12-29,13279.645376673065
Beras Medium/Kalimantan Utara/2024-12-30,13289.25218943309
Beras Medium/Kalimantan Utara/2024-12-31,13270.106437328728
Beras Medium/Kepulauan Bangka Belitung/2024-10-01,13272.427282546994
Beras Medium/Kepulauan Bangka Belitung/2024-10-02,13273.4989268001
Beras Medium/Kepulauan Bangka Belitung/2024-10-03,13268.202548969048
Beras Medium/Kepulauan Bangka Belitung/2024-10-04,13282.4260766942
Beras Medium/Kepulauan Bangka Belitung/2024-10-05,13271.194016097565
Beras Medium/Kepulauan Bangka Belitung/2024-10-06,13277.519082538096
Beras Medium/Kepulauan Bangka Belitung/2024-10-07,13264.138721760615
Beras Medium/Kepulauan Bangka Belitung/2024-10-08,13268.898657617308
Beras Medium/Kepulauan Bangka Belitung/2024-10-09,13282.070341807184
Beras Medium/Kepulauan Bangka Belitung/2024-10-10,13268.56988701466
Beras Medium/Kepulauan Bangka Belitung/2024-10-11,13290.826004519444
Beras Medium/Kepulauan Bangka Belitung/2024-10-12,13267.711323949608
Beras Medium/Kepulauan Bangka Belitung/2024-10-13,13276.5373506761
Beras Medium/Kepulauan Bangka Belitung/2024-10-14,13285.58269166462
Beras Medium/Kepulauan Bangka Belitung/2024-10-15,13259.960864357889
Beras Medium/Kepulauan Bangka Belitung/2024-10-16,13257.989981878083
Beras Medium/Kepulauan Bangka Belitung/2024-10-17,13256.796414907662
Beras Medium/Kepulauan Bangka Belitung/2024-10-18,13286.31934573925
Beras Medium/Kepulauan Bangka Belitung/2024-10-19,13265.517684923989
Beras Medium/Kepulauan Bangka Belitung/2024-10-20,13294.240887470356
Beras Medium/Kepulauan Bangka Belitung/2024-10-21,13263.34460318754
Beras Medium/Kepulauan Bangka Belitung/2024-10-22,13274.253042982533
Beras Medium/Kepulauan Bangka Belitung/2024-10-23,13292.379240859156
Beras Medium/Kepulauan Bangka Belitung/2024-10-24,13295.465413017177
Beras Medium/Kepulauan Bangka Belitung/2024-10-25,13299.132008959525
Beras Medium/Kepulauan Bangka Belitung/2024-10-26,13288.109308491205
Beras Medium/Kepulauan Bangka Belitung/2024-10-27,13291.17000667729
Beras Medium/Kepulauan Bangka Belitung/2024-10-28,13290.247963747135
Beras Medium/Kepulauan Bangka Belitung/2024-10-29,13292.347289576075
Beras Medium/Kepulauan Bangka Belitung/2024-10-30,13277.742110180385
Beras Medium/Kepulauan Bangka Belitung/2024-10-31,13273.043957402708
Beras Medium/Kepulauan Bangka Belitung/2024-11-01,13281.302229188052
Beras Medium/Kepulauan Bangka Belitung/2024-11-02,13278.098813294326
Beras Medium/Kepulauan Bangka Belitung/2024-11-03,13273.297784936734
Beras Medium/Kepulauan Bangka Belitung/2024-11-04,13282.509121261905
Beras Medium/Kepulauan Bangka Belitung/2024-11-05,13285.16295176085
Beras Medium/Kepulauan Bangka Belitung/2024-11-06,13277.232557510091
Beras Medium/Kepulauan Bangka Belitung/2024-11-07,13291.45763359499
Beras Medium/Kepulauan Bangka Belitung/2024-11-08,13264.499652536322
Beras Medium/Kepulauan Bangka Belitung/2024-11-09,13276.007846264312
Beras Medium/Kepulauan Bangka Belitung/2024-11-10,13269.962522434109
Beras Medium/Kepulauan Bangka Belitung/2024-11-11,13256.25677498724
Beras Medium/Kepulauan Bangka Belitung/2024-11-12,13274.214806134472
Beras Medium/Kepulauan Bangka Belitung/2024-11-13,13269.393250803909
Beras Medium/Kepulauan Bangka Belitung/2024-11-14,13287.398363661428
Beras Medium/Kepulauan Bangka Belitung/2024-11-15,13276.915452094494
Beras Medium/Kepulauan Bangka Belitung/2024-11-16,13259.937941034816
Beras Medium/Kepulauan Bangka Belitung/2024-11-17,13293.73827048785
Beras Medium/Kepulauan Bangka Belitung/2024-11-18,13287.510596313256
Beras Medium/Kepulauan Bangka Belitung/2024-11-19,13282.729068165803
Beras Medium/Kepulauan Bangka Belitung/2024-11-20,13272.757489881144
Beras Medium/Kepulauan Bangka Belitung/2024-11-21,13265.717944398932
Beras Medium/Kepulauan Bangka Belitung/2024-11-22,13276.062418732088
Beras Medium/Kepulauan Bangka Belitung/2024-11-23,13288.347313886854
Beras Medium/Kepulauan Bangka Belitung/2024-11-24,13294.502395754866
Beras Medium/Kepulauan Bangka Belitung/2024-11-25,13289.92805988706
Beras Medium/Kepulauan Bangka Belitung/2024-11-26,13270.300682047862
Beras Medium/Kepulauan Bangka Belitung/2024-11-27,13267.344628506133
Beras Medium/Kepulauan Bangka Belitung/2024-11-28,13282.107777752084
Beras Medium/Kepulauan Bangka Belitung/2024-11-29,13260.65024360766
Beras Medium/Kepulauan Bangka Belitung/2024-11-30,13278.9788099933
Beras Medium/Kepulauan Bangka Belitung/2024-12-01,13270.55963468049
Beras Medium/Kepulauan Bangka Belitung/2024-12-02,13267.525674830733
Beras Medium/Kepulauan Bangka Belitung/2024-12-03,13256.58181035877
Beras Medium/Kepulauan Bangka Belitung/2024-12-04,13276.127207303758
Beras Medium/Kepulauan Bangka Belitung/2024-12-05,13266.80451785806
Beras Medium/Kepulauan Bangka Belitung/2024-12-06,13257.877746170348
Beras Medium/Kepulauan Bangka Belitung/2024-12-07,13239.044856917224
Beras Medium/Kepulauan Bangka Belitung/2024-12-08,13267.86923758759
Beras Medium/Kepulauan Bangka Belitung/2024-12-09,13287.692917013876
Beras Medium/Kepulauan Bangka Belitung/2024-12-10,13283.621754566391
Beras Medium/Kepulauan Bangka Belitung/2024-12-11,13260.940605297785
Beras Medium/Kepulauan Bangka Belitung/2024-12-12,13261.480206579372
Beras Medium/Kepulauan Bangka Belitung/2024-12-13,13279.387867943056
Beras Medium/Kepulauan Bangka Belitung/2024-12-14,13265.17029069891
Beras Medium/Kepulauan Bangka Belitung/2024-12-15,13275.507513752023
Beras Medium/Kepulauan Bangka Belitung/2024-12-16,13277.428021694945
Beras Medium/Kepulauan Bangka Belitung/2024-12-17,13284.231712920122
Beras Medium/Kepulauan Bangka Belitung/2024-12-18,13272.880122249171
Beras Medium/Kepulauan Bangka Belitung/2024-12-19,13270.998030205668
Beras Medium/Kepulauan Bangka Belitung/2024-12-20,13266.126340136165
Beras Medium/Kepulauan Bangka Belitung/2024-12-21,13266.63898668793
Beras Medium/Kepulauan Bangka Belitung/2024-12-22,13272.075272053886
Beras Medium/Kepulauan Bangka Belitung/2024-12-23,13275.546586528932
Beras Medium/Kepulauan Bangka Belitung/2024-12-24,13280.663966894725
Beras Medium/Kepulauan Bangka Belitung/2024-12-25,13262.65581066173
Beras Medium/Kepulauan Bangka Belitung/2024-12-26,13287.964992914618
Beras Medium/Kepulauan Bangka Belitung/2024-12-27,13270.98698654214
Beras Medium/Kepulauan Bangka Belitung/2024-12-28,13274.284166551915
Beras Medium/Kepulauan Bangka Belitung/2024-12-29,13266.626839507884
Beras Medium/Kepulauan Bangka Belitung/2024-12-30,13247.626826290843
Beras Medium/Kepulauan Bangka Belitung/2024-12-31,13284.11557544512
Beras Medium/Kepulauan Riau/2024-10-01,13278.750133154936
Beras Medium/Kepulauan Riau/2024-10-02,13267.604457610732
Beras Medium/Kepulauan Riau/2024-10-03,13270.208331492871
Beras Medium/Kepulauan Riau/2024-10-04,13275.61719117358
Beras Medium/Kepulauan Riau/2024-10-05,13258.96788945864
Beras Medium/Kepulauan Riau/2024-10-06,13267.387768785798
Beras Medium/Kepulauan Riau/2024-10-07,13279.344010427452
Beras Medium/Kepulauan Riau/2024-10-08,13258.141895134975
Beras Medium/Kepulauan Riau/2024-10-09,13274.068045806824
Beras Medium/Kepulauan Riau/2024-10-10,13255.159988311052
Beras Medium/Kepulauan Riau/2024-10-11,13276.02543464654
Beras Medium/Kepulauan Riau/2024-10-12,13270.841164955653
Beras Medium/Kepulauan Riau/2024-10-13,13251.756930150652
Beras Medium/Kepulauan Riau/2024-10-14,13282.613562432443
Beras Medium/Kepulauan Riau/2024-10-15,13261.19243136302
Beras Medium/Kepulauan Riau/2024-10-16,13262.946824166278
Beras Medium/Kepulauan Riau/2024-10-17,13271.716823886958
Beras Medium/Kepulauan Riau/2024-10-18,13280.75116586061
Beras Medium/Kepulauan Riau/2024-10-19,13261.545876562244
Beras Medium/Kepulauan Riau/2024-10-20,13270.105356612112
Beras Medium/Kepulauan Riau/2024-10-21,13275.59520712527
Beras Medium/Kepulauan Riau/2024-10-22,13280.014771233977
Beras Medium/Kepulauan Riau/2024-10-23,13274.742617747552
Beras Medium/Kepulauan Riau/2024-10-24,13267.39210942632
Beras Medium/Kepulauan Riau/2024-10-25,13264.962004070116
Beras Medium/Kepulauan Riau/2024-10-26,13275.222362323022
Beras Medium/Kepulauan Riau/2024-10-27,13262.41601808347
Beras Medium/Kepulauan Riau/2024-10-28,13240.953312009322
Beras Medium/Kepulauan Riau/2024-10-29,13274.324868406842
Beras Medium/Kepulauan Riau/2024-10-30,13278.442979417012
Beras Medium/Kepulauan Riau/2024-10-31,13243.971143016535
Beras Medium/Kepulauan Riau/2024-11-01,13255.502939537468
Beras Medium/Kepulauan Riau/2024-11-02,13272.178039165505
Beras Medium/Kepulauan Riau/2024-11-03,13291.725631841911
Beras Medium/Kepulauan Riau/2024-11-04,13268.575253721949
Beras Medium/Kepulauan Riau/2024-11-05,13258.272647532434
Beras Medium/Kepulauan Riau/2024-11-06,13269.117666298604
Beras Medium/Kepulauan Riau/2024-11-07,13288.77978413393
Beras Medium/Kepulauan Riau/2024-11-08,13267.789730798318
Beras Medium/Kepulauan Riau/2024-11-09,13262.102954161552
Beras Medium/Kepulauan Riau/2024-11-10,13265.765593780025
Beras Medium/Kepulauan Riau/2024-11-11,13263.35657640094
Beras Medium/Kepulauan Riau/2024-11-12,13274.827646925902
Beras Medium/Kepulauan Riau/2024-11-13,13286.30150562556
Beras Medium/Kepulauan Riau/2024-11-14,13272.78026785587
Beras Medium/Kepulauan Riau/2024-11-15,13268.639777091652
Beras Medium/Kepulauan Riau/2024-11-16,13269.771931235517
Beras Medium/Kepulauan Riau/2024-11-17,13258.646232035391
Beras Medium/Kepulauan Riau/2024-11-18,13283.909692151348
Beras Medium/Kepulauan Riau/2024-11-19,13270.663215895278
Beras Medium/Kepulauan Riau/2024-11-20,13269.021863974853
Beras Medium/Kepulauan Riau/2024-11-21,13304.850641838926
Beras Medium/Kepulauan Riau/2024-11-22,13275.40962536381
Beras Medium/Kepulauan Riau/2024-11-23,13268.447259386612
Beras Medium/Kepulauan Riau/2024-11-24,13270.938229518995
Beras Medium/Kepulauan Riau/2024-11-25,13289.096617248444
Beras Medium/Kepulauan Riau/2024-11-26,13280.406222249136
Beras Medium/Kepulauan Riau/2024-11-27,13258.681135070132
Beras Medium/Kepulauan Riau/2024-11-28,13283.406529540824
Beras Medium/Kepulauan Riau/2024-11-29,13268.242792706404
Beras Medium/Kepulauan Riau/2024-11-30,13295.970234384336
Beras Medium/Kepulauan Riau/2024-12-01,13285.05204195342
Beras Medium/Kepulauan Riau/2024-12-02,13268.403102054352
Beras Medium/Kepulauan Riau/2024-12-03,13290.820641255325
Beras Medium/Kepulauan Riau/2024-12-04,13277.710765738217
Beras Medium/Kepulauan Riau/2024-12-05,13288.857481160469
Beras Medium/Kepulauan Riau/2024-12-06,13282.272478441608
Beras Medium/Kepulauan Riau/2024-12-07,13267.629141750467
Beras Medium/Kepulauan Riau/2024-12-08,13272.454270363054
Beras Medium/Kepulauan Riau/2024-12-09,13287.81126320583
Beras Medium/Kepulauan Riau/2024-12-10,13273.695708430088
Beras Medium/Kepulauan Riau/2024-12-11,13270.660705169315
Beras Medium/Kepulauan Riau/2024-12-12,13263.505930643818
Beras Medium/Kepulauan Riau/2024-12-13,13279.38905002539
Beras Medium/Kepulauan Riau/2024-12-14,13297.032880287556
Beras Medium/Kepulauan Riau/2024-12-15,13261.610576374933
Beras Medium/Kepulauan Riau/2024-12-16,13273.355094289538
Beras Medium/Kepulauan Riau/2024-12-17,13288.947582475275
Beras Medium/Kepulauan Riau/2024-12-18,13276.242439827389
Beras Medium/Kepulauan Riau/2024-12-19,13281.755961974295
Beras Medium/Kepulauan Riau/2024-12-20,13261.89450642788
Beras Medium/Kepulauan Riau/2024-12-21,13280.659701328314
Beras Medium/Kepulauan Riau/2024-12-22,13275.045737150953
Beras Medium/Kepulauan Riau/2024-12-23,13284.74544257437
Beras Medium/Kepulauan Riau/2024-12-24,13286.78112133356
Beras Medium/Kepulauan Riau/2024-12-25,13300.611735577144
Beras Medium/Kepulauan Riau/2024-12-26,13283.599521651666
Beras Medium/Kepulauan Riau/2024-12-27,13281.954022731345
Beras Medium/Kepulauan Riau/2024-12-28,13283.060771037162
Beras Medium/Kepulauan Riau/2024-12-29,13277.900560021146
Beras Medium/Kepulauan Riau/2024-12-30,13285.035882550766
Beras Medium/Kepulauan Riau/2024-12-31,13274.92612102508
Beras Medium/Lampung/2024-10-01,13279.3244285246
Beras Medium/Lampung/2024-10-02,13291.088592908647
Beras Medium/Lampung/2024-10-03,13266.218046114058
Beras Medium/Lampung/2024-10-04,13289.22426420948
Beras Medium/Lampung/2024-10-05,13290.098530239153
Beras Medium/Lampung/2024-10-06,13276.385525061904
Beras Medium/Lampung/2024-10-07,13255.959241240143
Beras Medium/Lampung/2024-10-08,13269.443781015743
Beras Medium/Lampung/2024-10-09,13291.593835120852
Beras Medium/Lampung/2024-10-10,13275.037650495133
Beras Medium/Lampung/2024-10-11,13261.494830009702
Beras Medium/Lampung/2024-10-12,13265.85582878429
Beras Medium/Lampung/2024-10-13,13283.415655779389
Beras Medium/Lampung/2024-10-14,13281.284856600992
Beras Medium/Lampung/2024-10-15,13269.341712969035
Beras Medium/Lampung/2024-10-16,13267.517591514315
Beras Medium/Lampung/2024-10-17,13269.718889715412
Beras Medium/Lampung/2024-10-18,13265.83078599556
Beras Medium/Lampung/2024-10-19,13290.196416788329
Beras Medium/Lampung/2024-10-20,13267.840271633248
Beras Medium/Lampung/2024-10-21,13284.557122779635
Beras Medium/Lampung/2024-10-22,13289.165262092634
Beras Medium/Lampung/2024-10-23,13285.33199425174
Beras Medium/Lampung/2024-10-24,13273.469210255576
Beras Medium/Lampung/2024-10-25,13280.518098899383
Beras Medium/Lampung/2024-10-26,13278.890069771192
Beras Medium/Lampung/2024-10-27,13269.099924316626
Beras Medium/Lampung/2024-10-28,13279.956523762025
Beras Medium/Lampung/2024-10-29,13262.459954367523
Beras Medium/Lampung/2024-10-30,13287.669543127047
Beras Medium/Lampung/2024-10-31,13269.186174552924
Beras Medium/Lampung/2024-11-01,13275.22665204393
Beras Medium/Lampung/2024-11-02,13277.184022762216
Beras Medium/Lampung/2024-11-03,13270.420783376969
Beras Medium/Lampung/2024-11-04,13281.902212043473
Beras Medium/Lampung/2024-11-05,13268.217871152963
Beras Medium/Lampung/2024-11-06,13283.476123456465
Beras Medium/Lampung/2024-11-07,13260.24342300314
Beras Medium/Lampung/2024-11-08,13275.125494765962
Beras Medium/Lampung/2024-11-09,13294.846803079492
Beras Medium/Lampung/2024-11-10,13262.549096385028
Beras Medium/Lampung/2024-11-11,13267.352017652434
Beras Medium/Lampung/2024-11-12,13277.948374365476
Beras Medium/Lampung/2024-11-13,13277.341398298558
Beras Medium/Lampung/2024-11-14,13279.169429134015
Beras Medium/Lampung/2024-11-15,13276.358988335734
Beras Medium/Lampung/2024-11-16,13280.356268962176
Beras Medium/Lampung/2024-11-17,13287.364896014247
Beras Medium/Lampung/2024-11-18,13280.265113528982
Beras Medium/Lampung/2024-11-19,13274.013696760636
Beras Medium/Lampung/2024-11-20,13283.84989507636
Beras Medium/Lampung/2024-11-21,13297.657933424123
Beras Medium/Lampung/2024-11-22,13276.793682860523
Beras Medium/Lampung/2024-11-23,13267.050920924132
Beras Medium/Lampung/2024-11-24,13289.19264043313
Beras Medium/Lampung/2024-11-25,13277.934834339749
Beras Medium/Lampung/2024-11-26,13255.915163455322
Beras Medium/Lampung/2024-11-27,13283.446311517284
Beras Medium/Lampung/2024-11-28,13268.503819336913
Beras Medium/Lampung/2024-11-29,13274.695051380137
Beras Medium/Lampung/2024-11-30,13275.851017766076
Beras Medium/Lampung/2024-12-01,13273.148845169071
Beras Medium/Lampung/2024-12-02,13282.225823180945
Beras Medium/Lampung/2024-12-03,13268.455853244755
Beras Medium/Lampung/2024-12-04,13279.718637811402
Beras Medium/Lampung/2024-12-05,13271.784848445532
Beras Medium/Lampung/2024-12-06,13282.187188630149
Beras Medium/Lampung/2024-12-07,13281.480329029964
Beras Medium/Lampung/2024-12-08,13264.03505268378
Beras Medium/Lampung/2024-12-09,13286.87483464522
Beras Medium/Lampung/2024-12-10,13269.274551770142
Beras Medium/Lampung/2024-12-11,13284.413742007811
Beras Medium/Lampung/2024-12-12,13278.71658320074
Beras Medium/Lampung/2024-12-13,13293.239441315984
Beras Medium/Lampung/2024-12-14,13274.793675289942
Beras Medium/Lampung/2024-12-15,13272.268009324083
Beras Medium/Lampung/2024-12-16,13278.081024600173
Beras Medium/Lampung/2024-12-17,13274.257825170384
Beras Medium/Lampung/2024-12-18,13285.851138441749
Beras Medium/Lampung/2024-12-19,13257.241699191172
Beras Medium/Lampung/2024-12-20,13263.196470127496
Beras Medium/Lampung/2024-12-21,13263.20818851982
Beras Medium/Lampung/2024-12-22,13282.818778193328
Beras Medium/Lampung/2024-12-23,13289.800078957316
Beras Medium/Lampung/2024-12-24,13267.518672828392
Beras Medium/Lampung/2024-12-25,13269.930385798052
Beras Medium/Lampung/2024-12-26,13274.813992626969
Beras Medium/Lampung/2024-12-27,13288.963222192622
Beras Medium/Lampung/2024-12-28,13265.861415600331
Beras Medium/Lampung/2024-12-29,13275.11212658995
Beras Medium/Lampung/2024-12-30,13284.340752163544
Beras Medium/Lampung/2024-12-31,13280.738147282787
Beras Medium/Maluku Utara/2024-10-01,13278.118916646556
Beras Medium/Maluku Utara/2024-10-02,13284.36260371555
Beras Medium/Maluku Utara/2024-10-03,13248.129906992672
Beras Medium/Maluku Utara/2024-10-04,13284.16962582854
Beras Medium/Maluku Utara/2024-10-05,13268.405262468545
Beras Medium/Maluku Utara/2024-10-06,13254.503376120056
Beras Medium/Maluku Utara/2024-10-07,13277.401612073005
Beras Medium/Maluku Utara/2024-10-08,13283.03729242944
Beras Medium/Maluku Utara/2024-10-09,13271.662174289848
Beras Medium/Maluku Utara/2024-10-10,13280.5376001174
Beras Medium/Maluku Utara/2024-10-11,13288.36622261691
Beras Medium/Maluku Utara/2024-10-12,13289.914192439865
Beras Medium/Maluku Utara/2024-10-13,13294.117906148977
Beras Medium/Maluku Utara/2024-10-14,13284.845864475205
Beras Medium/Maluku Utara/2024-10-15,13280.846323980517
Beras Medium/Maluku Utara/2024-10-16,13264.691209319457
Beras Medium/Maluku Utara/2024-10-17,13278.314902206015
Beras Medium/Maluku Utara/2024-10-18,13270.400836898363
Beras Medium/Maluku Utara/2024-10-19,13298.73558396369
Beras Medium/Maluku Utara/2024-10-20,13272.48491827606
Beras Medium/Maluku Utara/2024-10-21,13274.885412128167
Beras Medium/Maluku Utara/2024-10-22,13282.201858339042
Beras Medium/Maluku Utara/2024-10-23,13277.165938621623
Beras Medium/Maluku Utara/2024-10-24,13296.52672965086
Beras Medium/Maluku Utara/2024-10-25,13268.480625937857
Beras Medium/Maluku Utara/2024-10-26,13278.606472404295
Beras Medium/Maluku Utara/2024-10-27,13269.942274567293
Beras Medium/Maluku Utara/2024-10-28,13263.303238795195
Beras Medium/Maluku Utara/2024-10-29,13270.616529352095
Beras Medium/Maluku Utara/2024-10-30,13271.762346065458
Beras Medium/Maluku Utara/2024-10-31,13268.030139695433
Beras Medium/Maluku Utara/2024-11-01,13263.381209685956
Beras Medium/Maluku Utara/2024-11-02,13255.501672439686
Beras Medium/Maluku Utara/2024-11-03,13270.125101335758
Beras Medium/Maluku Utara/2024-11-04,13254.209373918442
Beras Medium/Maluku Utara/2024-11-05,13276.311496829445
Beras Medium/Maluku Utara/2024-11-06,13268.196104845372
Beras Medium/Maluku Utara/2024-11-07,13252.177950497184
Beras Medium/Maluku Utara/2024-11-08,13266.106432284369
Beras Medium/Maluku Utara/2024-11-09,13260.244614657902
Beras Medium/Maluku Utara/2024-11-10,13273.51561865412
Beras Medium/Maluku Utara/2024-11-11,13281.719038864125
Beras Medium/Maluku Utara/2024-11-12,13247.321620510053
Beras Medium/Maluku Utara/2024-11-13,13271.117547536938
Beras Medium/Maluku Utara/2024-11-14,13268.431451880811
Beras Medium/Maluku Utara/2024-11-15,13278.687977942714
Beras Medium/Maluku Utara/2024-11-16,13272.835844386364
Beras Medium/Maluku Utara/2024-11-17,13259.927694832557
Beras Medium/Maluku Utara/2024-11-18,13269.015667803958
Beras Medium/Maluku Utara/2024-11-19,13263.847631051354
Beras Medium/Maluku Utara/2024-11-20,13283.67985334638
Beras Medium/Maluku Utara/2024-11-21,13270.64193270128
Beras Medium/Maluku Utara/2024-11-22,13289.67558066238
Beras Medium/Maluku Utara/2024-11-23,13271.708856527026
Beras Medium/Maluku Utara/2024-11-24,13266.24943885458
Beras Medium/Maluku Utara/2024-11-25,13260.356411315624
Beras Medium/Maluku Utara/2024-11-26,13255.372079524092
Beras Medium/Maluku Utara/2024-11-27,13257.55996017794
Beras Medium/Maluku Utara/2024-11-28,13271.954014061374
Beras Medium/Maluku Utara/2024-11-29,13272.508523845472
Beras Medium/Maluku Utara/2024-11-30,13249.77092993925
Beras Medium/Maluku Utara/2024-12-01,13276.216249451983
Beras Medium/Maluku Utara/2024-12-02,13263.593473006344
Beras Medium/Maluku Utara/2024-12-03,13271.95309685162
Beras Medium/Maluku Utara/2024-12-04,13286.258756912472
Beras Medium/Maluku Utara/2024-12-05,13277.888535388733
Beras Medium/Maluku Utara/2024-12-06,13270.29149127232
Beras Medium/Maluku Utara/2024-12-07,13263.42268245692
Beras Medium/Maluku Utara/2024-12-08,13252.393916503475
Beras Medium/Maluku Utara/2024-12-09,13267.464507509476
Beras Medium/Maluku Utara/2024-12-10,13269.066345735897
Beras Medium/Maluku Utara/2024-12-11,13258.226606001306
Beras Medium/Maluku Utara/2024-12-12,13265.694499708728
Beras Medium/Maluku Utara/2024-12-13,13267.73372578489
Beras Medium/Maluku Utara/2024-12-14,13267.026246840996
Beras Medium/Maluku Utara/2024-12-15,13262.12299942643
Beras Medium/Maluku Utara/2024-12-16,13269.852114590649
Beras Medium/Maluku Utara/2024-12-17,13274.256099395836
Beras Medium/Maluku Utara/2024-12-18,13258.47496131066
Beras Medium/Maluku Utara/2024-12-19,13284.622671266026
Beras Medium/Maluku Utara/2024-12-20,13269.082229431717
Beras Medium/Maluku Utara/2024-12-21,13272.00503262752
Beras Medium/Maluku Utara/2024-12-22,13279.590518695182
Beras Medium/Maluku Utara/2024-12-23,13274.24129802428
Beras Medium/Maluku Utara/2024-12-24,13285.063059781753
Beras Medium/Maluku Utara/2024-12-25,13276.278982062067
Beras Medium/Maluku Utara/2024-12-26,13268.388450018325
Beras Medium/Maluku Utara/2024-12-27,13279.68274794248
Beras Medium/Maluku Utara/2024-12-28,13263.33166859749
Beras Medium/Maluku Utara/2024-12-29,13276.71894665251
Beras Medium/Maluku Utara/2024-12-30,13272.90281025273
Beras Medium/Maluku Utara/2024-12-31,13270.270667866254
Beras Medium/Maluku/2024-10-01,13271.90742002312
Beras Medium/Maluku/2024-10-02,13251.862741582529
Beras Medium/Maluku/2024-10-03,13267.211750947608
Beras Medium/Maluku/2024-10-04,13272.164121824451
Beras Medium/Maluku/2024-10-05,13271.55459297579
Beras Medium/Maluku/2024-10-06,13258.26370690151
Beras Medium/Maluku/2024-10-07,13281.053705378356
Beras Medium/Maluku/2024-10-08,13261.94527461276
Beras Medium/Maluku/2024-10-09,13281.638919898443
Beras Medium/Maluku/2024-10-10,13275.513219742365
Beras Medium/Maluku/2024-10-11,13264.16225772212
Beras Medium/Maluku/2024-10-12,13292.506132868046
Beras Medium/Maluku/2024-10-13,13259.939884329748
Beras Medium/Maluku/2024-10-14,13284.732683997408
Beras Medium/Maluku/2024-10-15,13284.30683558144
Beras Medium/Maluku/2024-10-16,13266.896208466567
Beras Medium/Maluku/2024-10-17,13291.23579773356
Beras Medium/Maluku/2024-10-18,13270.98850002147
Beras Medium/Maluku/2024-10-19,13280.43788107075
Beras Medium/Maluku/2024-10-20,13279.008656236929
Beras Medium/Maluku/2024-10-21,13273.631574614614
Beras Medium/Maluku/2024-10-22,13285.910244993176
Beras Medium/Maluku/2024-10-23,13283.13692298795
Beras Medium/Maluku/2024-10-24,13258.079588080967
Beras Medium/Maluku/2024-10-25,13289.659605732042
Beras Medium/Maluku/2024-10-26,13258.207388161629
Beras Medium/Maluku/2024-10-27,13287.019671327016
Beras Medium/Maluku/2024-10-28,13285.817906873908
Beras Medium/Maluku/2024-10-29,13260.895995715046
Beras Medium/Maluku/2024-10-30,13271.67513745247
Beras Medium/Maluku/2024-10-31,13261.36563527607
Beras Medium/Maluku/2024-11-01,13273.80364707951
Beras Medium/Maluku/2024-11-02,13269.681819967933
Beras Medium/Maluku/2024-11-03,13277.592127398768
Beras Medium/Maluku/2024-11-04,13284.901832413596
Beras Medium/Maluku/2024-11-05,13285.913368197083
Beras Medium/Maluku/2024-11-06,13268.337545759414
Beras Medium/Maluku/2024-11-07,13272.869183078636
Beras Medium/Maluku/2024-11-08,13259.099482438956
Beras Medium/Maluku/2024-11-09,13267.99531783202
Beras Medium/Maluku/2024-11-10,13284.049581704205
Beras Medium/Maluku/2024-11-11,13287.710549901098
Beras Medium/Maluku/2024-11-12,13258.512267071214
Beras Medium/Maluku/2024-11-13,13265.216060068256
Beras Medium/Maluku/2024-11-14,13274.026618132752
Beras Medium/Maluku/2024-11-15,13278.386205387034
Beras Medium/Maluku/2024-11-16,13264.596341293389
Beras Medium/Maluku/2024-11-17,13273.915671328385
Beras Medium/Maluku/2024-11-18,13266.89948948352
Beras Medium/Maluku/2024-11-19,13273.006873342194
Beras Medium/Maluku/2024-11-20,13278.35975967825
Beras Medium/Maluku/2024-11-21,13271.222922131436
Beras Medium/Maluku/2024-11-22,13268.074986805272
Beras Medium/Maluku/2024-11-23,13271.156302366957
Beras Medium/Maluku/2024-11-24,13272.469243313346
Beras Medium/Maluku/2024-11-25,13269.341500168675
Beras Medium/Maluku/2024-11-26,13269.023413942376
Beras Medium/Maluku/2024-11-27,13288.361903291843
Beras Medium/Maluku/2024-11-28,13278.318606414365
Beras Medium/Maluku/2024-11-29,13269.987934227856
Beras Medium/Maluku/2024-11-30,13281.006762785955
Beras Medium/Maluku/2024-12-01,13271.690779933457
Beras Medium/Maluku/2024-12-02,13289.263483667715
Beras Medium/Maluku/2024-12-03,13278.675286036429
Beras Medium/Maluku/2024-12-04,13273.569085515546
Beras Medium/Maluku/2024-12-05,13281.167766193852
Beras Medium/Maluku/2024-12-06,13259.569839162074
Beras Medium/Maluku/2024-12-07,13265.409272216995
Beras Medium/Maluku/2024-12-08,13261.59509116238
Beras Medium/Maluku/2024-12-09,13273.840351491985
Beras Medium/Maluku/2024-12-10,13289.42481545476
Beras Medium/Maluku/2024-12-11,13292.13800287799
Beras Medium/Maluku/2024-12-12,13278.189782127354
Beras Medium/Maluku/2024-12-13,13279.312689470284
Beras Medium/Maluku/2024-12-14,13259.191031773573
Beras Medium/Maluku/2024-12-15,13273.921237248764
Beras Medium/Maluku/2024-12-16,13269.05290802078
Beras Medium/Maluku/2024-12-17,13267.040388119554
Beras Medium/Maluku/2024-12-18,13270.211275370351
Beras Medium/Maluku/2024-12-19,13264.852257773058
Beras Medium/Maluku/2024-12-20,13250.923784765906
Beras Medium/Maluku/2024-12-21,13278.073791256173
Beras Medium/Maluku/2024-12-22,13258.241950367035
Beras Medium/Maluku/2024-12-23,13271.559450923884
Beras Medium/Maluku/2024-12-24,13289.698046997242
Beras Medium/Maluku/2024-12-25,13258.782533604804
Beras Medium/Maluku/2024-12-26,13245.797251622598
Beras Medium/Maluku/2024-12-27,13267.381173214178
Beras Medium/Maluku/2024-12-28,13283.680375687798
Beras Medium/Maluku/2024-12-29,13291.815865510407
Beras Medium/Maluku/2024-12-30,13253.901392094174
Beras Medium/Maluku/2024-12-31,13274.15813719878
Beras Medium/Nusa Tenggara Barat/2024-10-01,13269.59228575033
Beras Medium/Nusa Tenggara Barat/2024-10-02,13274.81888204019
Beras Medium/Nusa Tenggara Barat/2024-10-03,13301.585475642229
Beras Medium/Nusa Tenggara Barat/2024-10-04,13254.273277208718
Beras Medium/Nusa Tenggara Barat/2024-10-05,13276.963574198116
Beras Medium/Nusa Tenggara Barat/2024-10-06,13279.59861810372
Beras Medium/Nusa Tenggara Barat/2024-10-07,13287.560187771463
Beras Medium/Nusa Tenggara Barat/2024-10-08,13277.86823994842
Beras Medium/Nusa Tenggara Barat/2024-10-09,13275.072680962056
Beras Medium/Nusa Tenggara Barat/2024-10-10,13272.56319953093
Beras Medium/Nusa Tenggara Barat/2024-10-11,13279.962010956871
Beras Medium/Nusa Tenggara Barat/2024-10-12,13273.312258908429
Beras Medium/Nusa Tenggara Barat/2024-10-13,13281.25450887571
Beras Medium/Nusa Tenggara Barat/2024-10-14,13270.482876213167
Beras Medium/Nusa Tenggara Barat/2024-10-15,13278.50213436949
Beras Medium/Nusa Tenggara Barat/2024-10-16,13274.99598077245
Beras Medium/Nusa Tenggara Barat/2024-10-17,13286.355284483474
Beras Medium/Nusa Tenggara Barat/2024-10-18,13274.745223942342
Beras Medium/Nusa Tenggara Barat/2024-10-19,13255.857501567529
Beras Medium/Nusa Tenggara Barat/2024-10-20,13288.820103106009
Beras Medium/Nusa Tenggara Barat/2024-10-21,13265.46966190019
Beras Medium/Nusa Tenggara Barat/2024-10-22,13268.01166147327
Beras Medium/Nusa Tenggara Barat/2024-10-23,13265.71279327254
Beras Medium/Nusa Tenggara Barat/2024-10-24,13285.444912804229
Beras Medium/Nusa Tenggara Barat/2024-10-25,13251.850282130885
Beras Medium/Nusa Tenggara Barat/2024-10-26,13303.453775241567
Beras Medium/Nusa Tenggara Barat/2024-10-27,13282.911396700218
Beras Medium/Nusa Tenggara Barat/2024-10-28,13275.779081297109
Beras Medium/Nusa Tenggara Barat/2024-10-29,13275.538602470524
Beras Medium/Nusa Tenggara Barat/2024-10-30,13277.902408645135
Beras Medium/Nusa Tenggara Barat/2024-10-31,13286.311660189978
Beras Medium/Nusa Tenggara Barat/2024-11-01,13283.030495481353
Beras Medium/Nusa Tenggara Barat/2024-11-02,13281.382019942976
Beras Medium/Nusa Tenggara Barat/2024-11-03,13277.422142928965
Beras Medium/Nusa Tenggara Barat/2024-11-04,13275.566667528565
Beras Medium/Nusa Tenggara Barat/2024-11-05,13276.696212054409
Beras Medium/Nusa Tenggara Barat/2024-11-06,13274.888763965924
Beras Medium/Nusa Tenggara Barat/2024-11-07,13287.800502465763
Beras Medium/Nusa Tenggara Barat/2024-11-08,13281.399777582395
Beras Medium/Nusa Tenggara Barat/2024-11-09,13244.493654142016
Beras Medium/Nusa Tenggara Barat/2024-11-10,13282.381357402684
Beras Medium/Nusa Tenggara Barat/2024-11-11,13277.103391875838
Beras Medium/Nusa Tenggara Barat/2024-11-12,13274.648682155468
Beras Medium/Nusa Tenggara Barat/2024-11-13,13267.625914277998
Beras Medium/Nusa Tenggara Barat/2024-11-14,13281.3500471275
Beras Medium/Nusa Tenggara Barat/2024-11-15,13285.494808673302
Beras Medium/Nusa Tenggara Barat/2024-11-16,13266.229105909388
Beras Medium/Nusa Tenggara Barat/2024-11-17,13278.366450360678
Beras Medium/Nusa Tenggara Barat/2024-11-18,13264.14170070336
Beras Medium/Nusa Tenggara Barat/2024-11-19,13261.455318525632
Beras Medium/Nusa Tenggara Barat/2024-11-20,13267.645147620697
Beras Medium/Nusa Tenggara Barat/2024-11-21,13279.976902836625
Beras Medium/Nusa Tenggara Barat/2024-11-22,13281.471198361827
Beras Medium/Nusa Tenggara Barat/2024-11-23,13275.166388135724
Beras Medium/Nusa Tenggara Barat/2024-11-24,13279.04351125162
Beras Medium/Nusa Tenggara Barat/2024-11-25,13279.715722083618
Beras Medium/Nusa Tenggara Barat/2024-11-26,13269.674350717813
Beras Medium/Nusa Tenggara Barat/2024-11-27,13280.524360624871
Beras Medium/Nusa Tenggara Barat/2024-11-28,13283.506395484354
Beras Medium/Nusa Tenggara Barat/2024-11-29,13283.521603452942
Beras Medium/Nusa Tenggara Barat/2024-11-30,13288.027603235503
Beras Medium/Nusa Tenggara Barat/2024-12-01,13283.103351479218
Beras Medium/Nusa Tenggara Barat/2024-12-02,13281.98157894452
Beras Medium/Nusa Tenggara Barat/2024-12-03,13290.245951330153
Beras Medium/Nusa Tenggara Barat/2024-12-04,13278.99259367926
Beras Medium/Nusa Tenggara Barat/2024-12-05,13270.236209502998
Beras Medium/Nusa Tenggara Barat/2024-12-06,13276.70168657945
Beras Medium/Nusa Tenggara Barat/2024-12-07,13270.063986090732
Beras Medium/Nusa Tenggara Barat/2024-12-08,13270.015840192616
Beras Medium/Nusa Tenggara Barat/2024-12-09,13272.45950591758
Beras Medium/Nusa Tenggara Barat/2024-12-10,13264.321760707247
Beras Medium/Nusa Tenggara Barat/2024-12-11,13269.604994182058
Beras Medium/Nusa Tenggara Barat/2024-12-12,13251.558774688316
Beras Medium/Nusa Tenggara Barat/2024-12-13,13273.128927475544
Beras Medium/Nusa Tenggara Barat/2024-12-14,13270.102729528497
Beras Medium/Nusa Tenggara Barat/2024-12-15,13260.085182502788
Beras Medium/Nusa Tenggara Barat/2024-12-16,13275.75450011442
Beras Medium/Nusa Tenggara Barat/2024-12-17,13277.92485502472
Beras Medium/Nusa Tenggara Barat/2024-12-18,13254.740876953078
Beras Medium/Nusa Tenggara Barat/2024-12-19,13262.79501556674
Beras Medium/Nusa Tenggara Barat/2024-12-20,13262.19304822664
Beras Medium/Nusa Tenggara Barat/2024-12-21,13261.737976296898
Beras Medium/Nusa Tenggara Barat/2024-12-22,13278.081203543026
Beras Medium/Nusa Tenggara Barat/2024-12-23,13264.404075383802
Beras Medium/Nusa Tenggara Barat/2024-12-24,13265.72828358335
Beras Medium/Nusa Tenggara Barat/2024-12-25,13248.174832163751
Beras Medium/Nusa Tenggara Barat/2024-12-26,13276.539708087224
Beras Medium/Nusa Tenggara Barat/2024-12-27,13257.605264380078
Beras Medium/Nusa Tenggara Barat/2024-12-28,13268.307159430607
Beras Medium/Nusa Tenggara Barat/2024-12-29,13270.286232574052
Beras Medium/Nusa Tenggara Barat/2024-12-30,13281.302026853751
Beras Medium/Nusa Tenggara Barat/2024-12-31,13257.266912854211
Beras Medium/Nusa Tenggara Timur/2024-10-01,13237.615604234512
Beras Medium/Nusa Tenggara Timur/2024-10-02,13272.886383474664
Beras Medium/Nusa Tenggara Timur/2024-10-03,13289.017424038402
Beras Medium/Nusa Tenggara Timur/2024-10-04,13282.028677490973
Beras Medium/Nusa Tenggara Timur/2024-10-05,13268.18995759484
Beras Medium/Nusa Tenggara Timur/2024-10-06,13263.329446884143
Beras Medium/Nusa Tenggara Timur/2024-10-07,13284.391248146518
Beras Medium/Nusa Tenggara Timur/2024-10-08,13266.414334012294
Beras Medium/Nusa Tenggara Timur/2024-10-09,13278.640056985572
Beras Medium/Nusa Tenggara Timur/2024-10-10,13277.002768791794
Beras Medium/Nusa Tenggara Timur/2024-10-11,13283.879387328554
Beras Medium/Nusa Tenggara Timur/2024-10-12,13304.36727069646
Beras Medium/Nusa Tenggara Timur/2024-10-13,13278.603637100754
Beras Medium/Nusa Tenggara Timur/2024-10-14,13272.520317719836
Beras Medium/Nusa Tenggara Timur/2024-10-15,13278.761129376117
Beras Medium/Nusa Tenggara Timur/2024-10-16,13261.864571371918
Beras Medium/Nusa Tenggara Timur/2024-10-17,13272.5637136818
Beras Medium/Nusa Tenggara Timur/2024-10-18,13269.724524898978
Beras Medium/Nusa Tenggara Timur/2024-10-19,13267.119075722654
Beras Medium/Nusa Tenggara Timur/2024-10-20,13273.776613858594
Beras Medium/Nusa Tenggara Timur/2024-10-21,13261.627694886782
Beras Medium/Nusa Tenggara Timur/2024-10-22,13283.515627507975
Beras Medium/Nusa Tenggara Timur/2024-10-23,13271.265369040526
Beras Medium/Nusa Tenggara Timur/2024-10-24,13271.432391404953
Beras Medium/Nusa Tenggara Timur/2024-10-25,13269.077387155436
Beras Medium/Nusa Tenggara Timur/2024-10-26,13273.808061966203
Beras Medium/Nusa Tenggara Timur/2024-10-27,13283.139505263234
Beras Medium/Nusa Tenggara Timur/2024-10-28,13263.30904987389
Beras Medium/Nusa Tenggara Timur/2024-10-29,13265.788990009722
Beras Medium/Nusa Tenggara Timur/2024-10-30,13269.61831868651
Beras Medium/Nusa Tenggara Timur/2024-10-31,13259.116052889653
Beras Medium/Nusa Tenggara Timur/2024-11-01,13263.710394152757
Beras Medium/Nusa Tenggara Timur/2024-11-02,13263.808921691763
Beras Medium/Nusa Tenggara Timur/2024-11-03,13278.234591131011
Beras Medium/Nusa Tenggara Timur/2024-11-04,13271.767248747312
Beras Medium/Nusa Tenggara Timur/2024-11-05,13270.46666374836
Beras Medium/Nusa Tenggara Timur/2024-11-06,13279.354256934455
Beras Medium/Nusa Tenggara Timur/2024-11-07,13270.58297729378
Beras Medium/Nusa Tenggara Timur/2024-11-08,13278.088620758495
Beras Medium/Nusa Tenggara Timur/2024-11-09,13272.053782062118
Beras Medium/Nusa Tenggara Timur/2024-11-10,13276.407149351127
Beras Medium/Nusa Tenggara Timur/2024-11-11,13268.37574358228
Beras Medium/Nusa Tenggara Timur/2024-11-12,13247.776517767954
Beras Medium/Nusa Tenggara Timur/2024-11-13,13272.035821569636
Beras Medium/Nusa Tenggara Timur/2024-11-14,13286.399384956469
Beras Medium/Nusa Tenggara Timur/2024-11-15,13280.430260181114
Beras Medium/Nusa Tenggara Timur/2024-11-16,13279.495514320406
Beras Medium/Nusa Tenggara Timur/2024-11-17,13283.185370524276
Beras Medium/Nusa Tenggara Timur/2024-11-18,13277.23707390035
Beras Medium/Nusa Tenggara Timur/2024-11-19,13280.1776152454
Beras Medium/Nusa Tenggara Timur/2024-11-20,13270.447373208235
Beras Medium/Nusa Tenggara Timur/2024-11-21,13273.332683438288
Beras Medium/Nusa Tenggara Timur/2024-11-22,13282.735427529158
Beras Medium/Nusa Tenggara Timur/2024-11-23,13287.614687811612
Beras Medium/Nusa Tenggara Timur/2024-11-24,13273.56426646233
Beras Medium/Nusa Tenggara Timur/2024-11-25,13269.841661518993
Beras Medium/Nusa Tenggara Timur/2024-11-26,13276.104317236895
Beras Medium/Nusa Tenggara Timur/2024-11-27,13283.376115638452
Beras Medium/Nusa Tenggara Timur/2024-11-28,13260.85846340636
Beras Medium/Nusa Tenggara Timur/2024-11-29,13249.277466312516
Beras Medium/Nusa Tenggara Timur/2024-11-30,13267.015330063465
Beras Medium/Nusa Tenggara Timur/2024-12-01,13259.600657669558
Beras Medium/Nusa Tenggara Timur/2024-12-02,13264.792208096324
Beras Medium/Nusa Tenggara Timur/2024-12-03,13264.093286415511
Beras Medium/Nusa Tenggara Timur/2024-12-04,13260.862861678528
Beras Medium/Nusa Tenggara Timur/2024-12-05,13283.594088171634
Beras Medium/Nusa Tenggara Timur/2024-12-06,13271.375170376576
Beras Medium/Nusa Tenggara Timur/2024-12-07,13272.729471881152
Beras Medium/Nusa Tenggara Timur/2024-12-08,13277.167427757951
Beras Medium/Nusa Tenggara Timur/2024-12-09,13260.339278741843
Beras Medium/Nusa Tenggara Timur/2024-12-10,13285.73356445612
Beras Medium/Nusa Tenggara Timur/2024-12-11,13271.9400030157
Beras Medium/Nusa Tenggara Timur/2024-12-12,13280.157803829632
Beras Medium/Nusa Tenggara Timur/2024-12-13,13262.168158387274
Beras Medium/Nusa Tenggara Timur/2024-12-14,13256.35914819338
Beras Medium/Nusa Tenggara Timur/2024-12-15,13283.681174066547
Beras Medium/Nusa Tenggara Timur/2024-12-16,13276.06486140242
Beras Medium/Nusa Tenggara Timur/2024-12-17,13262.346571193217
Beras Medium/Nusa Tenggara Timur/2024-12-18,13260.497044932845
Beras Medium/Nusa Tenggara Timur/2024-12-19,13282.801948093833
Beras Medium/Nusa Tenggara Timur/2024-12-20,13261.45038712799
Beras Medium/Nusa Tenggara Timur/2024-12-21,13288.40667159594
Beras Medium/Nusa Tenggara Timur/2024-12-22,13260.446414593203
Beras Medium/Nusa Tenggara Timur/2024-12-23,13278.365845606326
Beras Medium/Nusa Tenggara Timur/2024-12-24,13270.762610035035
Beras Medium/Nusa Tenggara Timur/2024-12-25,13278.539933910875
Beras Medium/Nusa Tenggara Timur/2024-12-26,13268.979391066518
Beras Medium/Nusa Tenggara Timur/2024-12-27,13269.843485835929
Beras Medium/Nusa Tenggara Timur/2024-12-28,13274.49173984046
Beras Medium/Nusa Tenggara Timur/2024-12-29,13262.411500749567
Beras Medium/Nusa Tenggara Timur/2024-12-30,13280.87816479292
Beras Medium/Nusa Tenggara Timur/2024-12-31,13266.194284509364
Beras Medium/Papua Barat/2024-10-01,13269.55803040427
Beras Medium/Papua Barat/2024-10-02,13261.70309372253
Beras Medium/Papua Barat/2024-10-03,13244.182983830458
Beras Medium/Papua Barat/2024-10-04,13269.901207445622
Beras Medium/Papua Barat/2024-10-05,13293.71085585556
Beras Medium/Papua Barat/2024-10-06,13276.30300605042
Beras Medium/Papua Barat/2024-10-07,13267.456143636737
Beras Medium/Papua Barat/2024-10-08,13266.665795048888
Beras Medium/Papua Barat/2024-10-09,13275.714895062409
Beras Medium/Papua Barat/2024-10-10,13282.365153943265
Beras Medium/Papua Barat/2024-10-11,13260.214994040456
Beras Medium/Papua Barat/2024-10-12,13283.398327589131
Beras Medium/Papua Barat/2024-10-13,13280.294125922155
Beras Medium/Papua Barat/2024-10-14,13282.029358430244
Beras Medium/Papua Barat/2024-10-15,13279.30518499978
Beras Medium/Papua Barat/2024-10-16,13273.8938288056
Beras Medium/Papua Barat/2024-10-17,13284.554118726905
Beras Medium/Papua Barat/2024-10-18,13283.014245474324
Beras Medium/Papua Barat/2024-10-19,13273.029092257531
Beras Medium/Papua Barat/2024-10-20,13270.19456910686
Beras Medium/Papua Barat/2024-10-21,13277.046066103356
Beras Medium/Papua Barat/2024-10-22,13292.990273989484
Beras Medium/Papua Barat/2024-10-23,13262.37549333025
Beras Medium/Papua Barat/2024-10-24,13258.644352732144
Beras Medium/Papua Barat/2024-10-25,13276.039618882607
Beras Medium/Papua Barat/2024-10-26,13275.4963113925
Beras Medium/Papua Barat/2024-10-27,13275.873633686384
Beras Medium/Papua Barat/2024-10-28,13272.062449380726
Beras Medium/Papua Barat/2024-10-29,13268.923113108056
Beras Medium/Papua Barat/2024-10-30,13289.879067818252
Beras Medium/Papua Barat/2024-10-31,13257.221568426425
Beras Medium/Papua Barat/2024-11-01,13265.03570050868
Beras Medium/Papua Barat/2024-11-02,13271.881582023056
Beras Medium/Papua Barat/2024-11-03,13255.444236595014
Beras Medium/Papua Barat/2024-11-04,13270.813223191904
Beras Medium/Papua Barat/2024-11-05,13285.19421497318
Beras Medium/Papua Barat/2024-11-06,13269.981888817078
Beras Medium/Papua Barat/2024-11-07,13273.147381505149
Beras Medium/Papua Barat/2024-11-08,13257.315489258095
Beras Medium/Papua Barat/2024-11-09,13267.3812522657
Beras Medium/Papua Barat/2024-11-10,13269.976769678957
Beras Medium/Papua Barat/2024-11-11,13267.19426575234
Beras Medium/Papua Barat/2024-11-12,13283.386418854638
Beras Medium/Papua Barat/2024-11-13,13274.74895117672
Beras Medium/Papua Barat/2024-11-14,13259.97594257558
Beras Medium/Papua Barat/2024-11-15,13275.165585273608
Beras Medium/Papua Barat/2024-11-16,13278.262141341313
Beras Medium/Papua Barat/2024-11-17,13286.219744014636
Beras Medium/Papua Barat/2024-11-18,13288.96371684762
Beras Medium/Papua Barat/2024-11-19,13261.999643329882
Beras Medium/Papua Barat/2024-11-20,13267.845980337132
Beras Medium/Papua Barat/2024-11-21,13263.724690600173
Beras Medium/Papua Barat/2024-11-22,13273.857907255971
Beras Medium/Papua Barat/2024-11-23,13278.325831788006
Beras Medium/Papua Barat/2024-11-24,13279.857046287934
Beras Medium/Papua Barat/2024-11-25,13270.525736490405
Beras Medium/Papua Barat/2024-11-26,13269.038535034711
Beras Medium/Papua Barat/2024-11-27,13276.141557647152
Beras Medium/Papua Barat/2024-11-28,13265.937270942037
Beras Medium/Papua Barat/2024-11-29,13295.63199430673
Beras Medium/Papua Barat/2024-11-30,13255.571376019716
Beras Medium/Papua Barat/2024-12-01,13275.002988476494
Beras Medium/Papua Barat/2024-12-02,13295.291570101
Beras Medium/Papua Barat/2024-12-03,13274.032696005086
Beras Medium/Papua Barat/2024-12-04,13274.339920226184
Beras Medium/Papua Barat/2024-12-05,13268.771925973995
Beras Medium/Papua Barat/2024-12-06,13274.992645456332
Beras Medium/Papua Barat/2024-12-07,13291.826493289296
Beras Medium/Papua Barat/2024-12-08,13250.357369040048
Beras Medium/Papua Barat/2024-12-09,13289.683766953256
Beras Medium/Papua Barat/2024-12-10,13258.622887812331
Beras Medium/Papua Barat/2024-12-11,13271.806901623337
Beras Medium/Papua Barat/2024-12-12,13269.629694596804
Beras Medium/Papua Barat/2024-12-13,13275.869556590356
Beras Medium/Papua Barat/2024-12-14,13257.059012814125
Beras Medium/Papua Barat/2024-12-15,13274.543797629276
Beras Medium/Papua Barat/2024-12-16,13293.059613171605
Beras Medium/Papua Barat/2024-12-17,13257.462518021168
Beras Medium/Papua Barat/2024-12-18,13274.285937140856
Beras Medium/Papua Barat/2024-12-19,13264.563045653911
Beras Medium/Papua Barat/2024-12-20,13279.142607497488
Beras Medium/Papua Barat/2024-12-21,13274.556003921583
Beras Medium/Papua Barat/2024-12-22,13263.151779021862
Beras Medium/Papua Barat/2024-12-23,13277.744554806184
Beras Medium/Papua Barat/2024-12-24,13291.095311294936
Beras Medium/Papua Barat/2024-12-25,13272.166432557471
Beras Medium/Papua Barat/2024-12-26,13281.064159844997
Beras Medium/Papua Barat/2024-12-27,13260.374081439615
Beras Medium/Papua Barat/2024-12-28,13266.74453688922
Beras Medium/Papua Barat/2024-12-29,13281.30816830919
Beras Medium/Papua Barat/2024-12-30,13288.27007683125
Beras Medium/Papua Barat/2024-12-31,13276.687153434985
Beras Medium/Papua/2024-10-01,13268.365606435724
Beras Medium/Papua/2024-10-02,13274.86189553492
Beras Medium/Papua/2024-10-03,13263.942605888884
Beras Medium/Papua/2024-10-04,13282.322001821278
Beras Medium/Papua/2024-10-05,13282.265600056337
Beras Medium/Papua/2024-10-06,13267.590466213922
Beras Medium/Papua/2024-10-07,13268.57609407972
Beras Medium/Papua/2024-10-08,13276.1321689553
Beras Medium/Papua/2024-10-09,13270.903101908536
Beras Medium/Papua/2024-10-10,13273.04519724974
Beras Medium/Papua/2024-10-11,13293.71907618308
Beras Medium/Papua/2024-10-12,13270.40292190476
Beras Medium/Papua/2024-10-13,13270.805449819483
Beras Medium/Papua/2024-10-14,13267.862515618966
Beras Medium/Papua/2024-10-15,13283.511425698516
Beras Medium/Papua/2024-10-16,13274.426090413086
Beras Medium/Papua/2024-10-17,13265.598642329254
Beras Medium/Papua/2024-10-18,13286.843150658717
Beras Medium/Papua/2024-10-19,13288.65806283495
Beras Medium/Papua/2024-10-20,13269.400112633277
Beras Medium/Papua/2024-10-21,13254.942835615924
Beras Medium/Papua/2024-10-22,13285.375363136924
Beras Medium/Papua/2024-10-23,13269.674659587025
Beras Medium/Papua/2024-10-24,13282.633751532892
Beras Medium/Papua/2024-10-25,13250.335701123642
Beras Medium/Papua/2024-10-26,13280.655500683652
Beras Medium/Papua/2024-10-27,13262.040106773018
Beras Medium/Papua/2024-10-28,13279.463240399316
Beras Medium/Papua/2024-10-29,13271.996520294002
Beras Medium/Papua/2024-10-30,13259.16501375079
Beras Medium/Papua/2024-10-31,13268.951050995547
Beras Medium/Papua/2024-11-01,13278.207576523995
Beras Medium/Papua/2024-11-02,13273.740716215589
Beras Medium/Papua/2024-11-03,13276.917933320112
Beras Medium/Papua/2024-11-04,13291.35718502202
Beras Medium/Papua/2024-11-05,13257.402755132942
Beras Medium/Papua/2024-11-06,13292.358817129292
Beras Medium/Papua/2024-11-07,13276.343447586474
Beras Medium/Papua/2024-11-08,13266.735540347525
Beras Medium/Papua/2024-11-09,13262.326110990438
Beras Medium/Papua/2024-11-10,13270.80070943891
Beras Medium/Papua/2024-11-11,13285.614057136583
Beras Medium/Papua/2024-11-12,13270.518922279482
Beras Medium/Papua/2024-11-13,13286.70173830595
Beras Medium/Papua/2024-11-14,13256.986680038066
Beras Medium/Papua/2024-11-15,13274.647843547304
Beras Medium/Papua/2024-11-16,13262.457779515556
Beras Medium/Papua/2024-11-17,13276.710924971228
Beras Medium/Papua/2024-11-18,13282.269992861871
Beras Medium/Papua/2024-11-19,13265.245322298511
Beras Medium/Papua/2024-11-20,13245.23977734619
Beras Medium/Papua/2024-11-21,13273.64844829344
Beras Medium/Papua/2024-11-22,13277.343262654253
Beras Medium/Papua/2024-11-23,13275.21088408574
Beras Medium/Papua/2024-11-24,13280.871530528784
Beras Medium/Papua/2024-11-25,13257.46049100198
Beras Medium/Papua/2024-11-26,13281.386805998696
Beras Medium/Papua/2024-11-27,13286.883984833825
Beras Medium/Papua/2024-11-28,13255.201928636834
Beras Medium/Papua/2024-11-29,13276.94691700735
Beras Medium/Papua/2024-11-30,13266.601392364684
Beras Medium/Papua/2024-12-01,13274.147887660389
Beras Medium/Papua/2024-12-02,13276.796859492062
Beras Medium/Papua/2024-12-03,13264.70737151406
Beras Medium/Papua/2024-12-04,13265.964893050384
Beras Medium/Papua/2024-12-05,13272.183239698868
Beras Medium/Papua/2024-12-06,13261.169518633167
Beras Medium/Papua/2024-12-07,13260.136167887118
Beras Medium/Papua/2024-12-08,13276.56217480408
Beras Medium/Papua/2024-12-09,13257.66727441049
Beras Medium/Papua/2024-12-10,13276.73269684448
Beras Medium/Papua/2024-12-11,13273.360897294166
Beras Medium/Papua/2024-12-12,13251.706404049826
Beras Medium/Papua/2024-12-13,13264.31145181748
Beras Medium/Papua/2024-12-14,13281.900421281236
Beras Medium/Papua/2024-12-15,13261.026955824826
Beras Medium/Papua/2024-12-16,13264.481197616233
Beras Medium/Papua/2024-12-17,13272.665651992354
Beras Medium/Papua/2024-12-18,13279.280434666269
Beras Medium/Papua/2024-12-19,13269.605880947684
Beras Medium/Papua/2024-12-20,13263.565559124756
Beras Medium/Papua/2024-12-21,13286.655004406375
Beras Medium/Papua/2024-12-22,13291.667124961165
Beras Medium/Papua/2024-12-23,13284.34176226901
Beras Medium/Papua/2024-12-24,13274.7500150854
Beras Medium/Papua/2024-12-25,13267.509345952329
Beras Medium/Papua/2024-12-26,13270.856595160005
Beras Medium/Papua/2024-12-27,13283.604097540485
Beras Medium/Papua/2024-12-28,13279.454697799634
Beras Medium/Papua/2024-12-29,13287.923103783118
Beras Medium/Papua/2024-12-30,13280.421627316966
Beras Medium/Papua/2024-12-31,13260.20111090911
Beras Medium/Riau/2024-10-01,13288.820994842848
Beras Medium/Riau/2024-10-02,13266.410521002865
Beras Medium/Riau/2024-10-03,13272.4537724634
Beras Medium/Riau/2024-10-04,13276.479990346836
Beras Medium/Riau/2024-10-05,13293.403610379944
Beras Medium/Riau/2024-10-06,13308.424030353468
Beras Medium/Riau/2024-10-07,13280.5380649828
Beras Medium/Riau/2024-10-08,13275.968572869762
Beras Medium/Riau/2024-10-09,13286.553917204055
Beras Medium/Riau/2024-10-10,13292.733899158748
Beras Medium/Riau/2024-10-11,13279.028094213543
Beras Medium/Riau/2024-10-12,13296.551931774216
Beras Medium/Riau/2024-10-13,13281.015908369469
Beras Medium/Riau/2024-10-14,13285.993876208946
Beras Medium/Riau/2024-10-15,13287.893040592777
Beras Medium/Riau/2024-10-16,13284.088142309172
Beras Medium/Riau/2024-10-17,13289.996597992633
Beras Medium/Riau/2024-10-18,13272.622979904736
Beras Medium/Riau/2024-10-19,13274.023024368184
Beras Medium/Riau/2024-10-20,13267.736304306252
Beras Medium/Riau/2024-10-21,13282.243986636164
Beras Medium/Riau/2024-10-22,13284.449357155008
Beras Medium/Riau/2024-10-23,13278.27403715414
Beras Medium/Riau/2024-10-24,13291.89214203168
Beras Medium/Riau/2024-10-25,13275.360408672508
Beras Medium/Riau/2024-10-26,13285.295233028352
Beras Medium/Riau/2024-10-27,13266.93195707734
Beras Medium/Riau/2024-10-28,13273.672357695765
Beras Medium/Riau/2024-10-29,13285.253845412804
Beras Medium/Riau/2024-10-30,13284.002604336343
Beras Medium/Riau/2024-10-31,13272.482992475338
Beras Medium/Riau/2024-11-01,13273.233524190156
Beras Medium/Riau/2024-11-02,13260.214026317222
Beras Medium/Riau/2024-11-03,13272.97272389489
Beras Medium/Riau/2024-11-04,13283.738984352236
Beras Medium/Riau/2024-11-05,13278.01580929569
Beras Medium/Riau/2024-11-06,13277.27239049867
Beras Medium/Riau/2024-11-07,13272.733821896743
Beras Medium/Riau/2024-11-08,13275.548046639346
Beras Medium/Riau/2024-11-09,13269.421851512014
Beras Medium/Riau/2024-11-10,13282.089549778337
Beras Medium/Riau/2024-11-11,13278.56597395907
Beras Medium/Riau/2024-11-12,13278.915416143276
Beras Medium/Riau/2024-11-13,13268.940481576015
Beras Medium/Riau/2024-11-14,13251.989148545174
Beras Medium/Riau/2024-11-15,13287.090942883002
Beras Medium/Riau/2024-11-16,13268.655965732234
Beras Medium/Riau/2024-11-17,13263.116549214368
Beras Medium/Riau/2024-11-18,13277.492294951184
Beras Medium/Riau/2024-11-19,13266.185017563172
Beras Medium/Riau/2024-11-20,13285.361140369729
Beras Medium/Riau/2024-11-21,13277.651986966855
Beras Medium/Riau/2024-11-22,13279.24287921457
Beras Medium/Riau/2024-11-23,13260.28520033047
Beras Medium/Riau/2024-11-24,13286.982063807243
Beras Medium/Riau/2024-11-25,13279.083978774868
Beras Medium/Riau/2024-11-26,13270.688441766344
Beras Medium/Riau/2024-11-27,13275.670361297476
Beras Medium/Riau/2024-11-28,13254.6757564035
Beras Medium/Riau/2024-11-29,13280.455668737251
Beras Medium/Riau/2024-11-30,13262.450939991104
Beras Medium/Riau/2024-12-01,13257.158812811522
Beras Medium/Riau/2024-12-02,13254.671076683217
Beras Medium/Riau/2024-12-03,13280.001503535555
Beras Medium/Riau/2024-12-04,13263.749614607195
Beras Medium/Riau/2024-12-05,13283.174495873078
Beras Medium/Riau/2024-12-06,13262.151188339843
Beras Medium/Riau/2024-12-07,13252.145324188514
Beras Medium/Riau/2024-12-08,13261.262018564104
Beras Medium/Riau/2024-12-09,13283.24168111386
Beras Medium/Riau/2024-12-10,13269.141329419926
Beras Medium/Riau/2024-12-11,13261.479897852732
Beras Medium/Riau/2024-12-12,13269.675187809828
Beras Medium/Riau/2024-12-13,13276.541069252127
Beras Medium/Riau/2024-12-14,13284.910298730763
Beras Medium/Riau/2024-12-15,13286.037021919414
Beras Medium/Riau/2024-12-16,13268.035266372546
Beras Medium/Riau/2024-12-17,13260.970071108555
Beras Medium/Riau/2024-12-18,13271.986707590611
Beras Medium/Riau/2024-12-19,13278.777956200429
Beras Medium/Riau/2024-12-20,13263.52392202208
Beras Medium/Riau/2024-12-21,13260.348380030637
Beras Medium/Riau/2024-12-22,13274.059847198398
Beras Medium/Riau/2024-12-23,13271.561364165284
Beras Medium/Riau/2024-12-24,13271.85787213605
Beras Medium/Riau/2024-12-25,13261.462032124738
Beras Medium/Riau/2024-12-26,13267.986025503098
Beras Medium/Riau/2024-12-27,13262.467316188382
Beras Medium/Riau/2024-12-28,13280.30098510858
Beras Medium/Riau/2024-12-29,13281.081374748754
Beras Medium/Riau/2024-12-30,13250.29794909465
Beras Medium/Riau/2024-12-31,13261.558071478694
Beras Medium/Sulawesi Barat/2024-10-01,13255.708558650324
Beras Medium/Sulawesi Barat/2024-10-02,13265.431226562116
Beras Medium/Sulawesi Barat/2024-10-03,13267.978269999898
Beras Medium/Sulawesi Barat/2024-10-04,13249.47483578085
Beras Medium/Sulawesi Barat/2024-10-05,13257.046626013129
Beras Medium/Sulawesi Barat/2024-10-06,13255.855207065868
Beras Medium/Sulawesi Barat/2024-10-07,13269.31161939104
Beras Medium/Sulawesi Barat/2024-10-08,13266.591326148213
Beras Medium/Sulawesi Barat/2024-10-09,13256.508187461592
Beras Medium/Sulawesi Barat/2024-10-10,13268.245901106302
Beras Medium/Sulawesi Barat/2024-10-11,13261.808790427222
Beras Medium/Sulawesi Barat/2024-10-12,13266.352899656657
Beras Medium/Sulawesi Barat/2024-10-13,13285.722072668765
Beras Medium/Sulawesi Barat/2024-10-14,13282.103719972349
Beras Medium/Sulawesi Barat/2024-10-15,13257.159243033642
Beras Medium/Sulawesi Barat/2024-10-16,13280.247178565183
Beras Medium/Sulawesi Barat/2024-10-17,13282.451920064608
Beras Medium/Sulawesi Barat/2024-10-18,13263.789993572029
Beras Medium/Sulawesi Barat/2024-10-19,13282.19422467694
Beras Medium/Sulawesi Barat/2024-10-20,13288.017800690805
Beras Medium/Sulawesi Barat/2024-10-21,13264.009281303664
Beras Medium/Sulawesi Barat/2024-10-22,13265.523639175712
Beras Medium/Sulawesi Barat/2024-10-23,13284.303413920234
Beras Medium/Sulawesi Barat/2024-10-24,13278.809013324142
Beras Medium/Sulawesi Barat/2024-10-25,13280.435851182798
Beras Medium/Sulawesi Barat/2024-10-26,13275.575898297631
Beras Medium/Sulawesi Barat/2024-10-27,13278.598085668596
Beras Medium/Sulawesi Barat/2024-10-28,13263.202078304534
Beras Medium/Sulawesi Barat/2024-10-29,13286.706816624072
Beras Medium/Sulawesi Barat/2024-10-30,13287.503399974164
Beras Medium/Sulawesi Barat/2024-10-31,13272.14706374236
Beras Medium/Sulawesi Barat/2024-11-01,13274.51998588622
Beras Medium/Sulawesi Barat/2024-11-02,13258.69303004108
Beras Medium/Sulawesi Barat/2024-11-03,13282.930618866314
Beras Medium/Sulawesi Barat/2024-11-04,13281.265843781295
Beras Medium/Sulawesi Barat/2024-11-05,13271.821499473152
Beras Medium/Sulawesi Barat/2024-11-06,13284.594092958832
Beras Medium/Sulawesi Barat/2024-11-07,13269.431293097456
Beras Medium/Sulawesi Barat/2024-11-08,13282.63351281979
Beras Medium/Sulawesi Barat/2024-11-09,13264.98063779135
Beras Medium/Sulawesi Barat/2024-11-10,13274.39368627372
Beras Medium/Sulawesi Barat/2024-11-11,13273.489271157125
Beras Medium/Sulawesi Barat/2024-11-12,13275.5096520644
Beras Medium/Sulawesi Barat/2024-11-13,13270.08564600012
Beras Medium/Sulawesi Barat/2024-11-14,13270.56541095634
Beras Medium/Sulawesi Barat/2024-11-15,13282.172515821578
Beras Medium/Sulawesi Barat/2024-11-16,13268.750648744888
Beras Medium/Sulawesi Barat/2024-11-17,13256.463096920455
Beras Medium/Sulawesi Barat/2024-11-18,13290.93060889821
Beras Medium/Sulawesi Barat/2024-11-19,13287.52664558746
Beras Medium/Sulawesi Barat/2024-11-20,13260.302977052628
Beras Medium/Sulawesi Barat/2024-11-21,13279.545838472928
Beras Medium/Sulawesi Barat/2024-11-22,13268.273178012205
Beras Medium/Sulawesi Barat/2024-11-23,13280.378156554132
Beras Medium/Sulawesi Barat/2024-11-24,13277.623169114087
Beras Medium/Sulawesi Barat/2024-11-25,13269.2841184957
Beras Medium/Sulawesi Barat/2024-11-26,13266.363310235269
Beras Medium/Sulawesi Barat/2024-11-27,13266.173062026124
Beras Medium/Sulawesi Barat/2024-11-28,13264.628144411548
Beras Medium/Sulawesi Barat/2024-11-29,13263.406176300385
Beras Medium/Sulawesi Barat/2024-11-30,13269.293172185957
Beras Medium/Sulawesi Barat/2024-12-01,13261.789555630568
Beras Medium/Sulawesi Barat/2024-12-02,13276.27584251222
Beras Medium/Sulawesi Barat/2024-12-03,13284.75938443661
Beras Medium/Sulawesi Barat/2024-12-04,13263.947044558305
Beras Medium/Sulawesi Barat/2024-12-05,13274.103554679015
Beras Medium/Sulawesi Barat/2024-12-06,13277.451105098258
Beras Medium/Sulawesi Barat/2024-12-07,13279.672507789788
Beras Medium/Sulawesi Barat/2024-12-08,13275.314783998869
Beras Medium/Sulawesi Barat/2024-12-09,13280.295402284992
Beras Medium/Sulawesi Barat/2024-12-10,13280.050001945436
Beras Medium/Sulawesi Barat/2024-12-11,13262.762342547088
Beras Medium/Sulawesi Barat/2024-12-12,13284.80060472897
Beras Medium/Sulawesi Barat/2024-12-13,13284.353768837627
Beras Medium/Sulawesi Barat/2024-12-14,13267.40670595728
Beras Medium/Sulawesi Barat/2024-12-15,13275.094529741536
Beras Medium/Sulawesi Barat/2024-12-16,13281.018798463336
Beras Medium/Sulawesi Barat/2024-12-17,13274.544252763237
Beras Medium/Sulawesi Barat/2024-12-18,13286.435129169016
Beras Medium/Sulawesi Barat/2024-12-19,13298.456322604618
Beras Medium/Sulawesi Barat/2024-12-20,13267.961723604596
Beras Medium/Sulawesi Barat/2024-12-21,13263.111718115426
Beras Medium/Sulawesi Barat/2024-12-22,13280.700332784449
Beras Medium/Sulawesi Barat/2024-12-23,13286.060227428909
Beras Medium/Sulawesi Barat/2024-12-24,13274.453129413972
Beras Medium/Sulawesi Barat/2024-12-25,13287.5857566035
Beras Medium/Sulawesi Barat/2024-12-26,13260.089440478936
Beras Medium/Sulawesi Barat/2024-12-27,13284.511818024584
Beras Medium/Sulawesi Barat/2024-12-28,13270.417302954187
Beras Medium/Sulawesi Barat/2024-12-29,13292.925424155195
Beras Medium/Sulawesi Barat/2024-12-30,13296.381088978016
Beras Medium/Sulawesi Barat/2024-12-31,13265.772568912931
Beras Medium/Sulawesi Selatan/2024-10-01,13272.394814858051
Beras Medium/Sulawesi Selatan/2024-10-02,13286.593135613868
Beras Medium/Sulawesi Selatan/2024-10-03,13275.761593901536
Beras Medium/Sulawesi Selatan/2024-10-04,13276.766451623262
Beras Medium/Sulawesi Selatan/2024-10-05,13273.590757204278
Beras Medium/Sulawesi Selatan/2024-10-06,13255.358975977071
Beras Medium/Sulawesi Selatan/2024-10-07,13275.96805291586
Beras Medium/Sulawesi Selatan/2024-10-08,13266.024301123742
Beras Medium/Sulawesi Selatan/2024-10-09,13266.918966760652
Beras Medium/Sulawesi Selatan/2024-10-10,13285.534086556583
Beras Medium/Sulawesi Selatan/2024-10-11,13256.205883711384
Beras Medium/Sulawesi Selatan/2024-10-12,13280.928272285712
Beras Medium/Sulawesi Selatan/2024-10-13,13268.441204732126
Beras Medium/Sulawesi Selatan/2024-10-14,13269.520471807868
Beras Medium/Sulawesi Selatan/2024-10-15,13281.765426223345
Beras Medium/Sulawesi Selatan/2024-10-16,13274.218482450187
Beras Medium/Sulawesi Selatan/2024-10-17,13280.122392446
Beras Medium/Sulawesi Selatan/2024-10-18,13283.063413237733
Beras Medium/Sulawesi Selatan/2024-10-19,13271.056346268488
Beras Medium/Sulawesi Selatan/2024-10-20,13269.79997971558
Beras Medium/Sulawesi Selatan/2024-10-21,13263.849444197063
Beras Medium/Sulawesi Selatan/2024-10-22,13266.676628602278
Beras Medium/Sulawesi Selatan/2024-10-23,13304.716856497447
Beras Medium/Sulawesi Selatan/2024-10-24,13284.747481446013
Beras Medium/Sulawesi Selatan/2024-10-25,13258.43848133439
Beras Medium/Sulawesi Selatan/2024-10-26,13260.201700108306
Beras Medium/Sulawesi Selatan/2024-10-27,13281.757862047978
Beras Medium/Sulawesi Selatan/2024-10-28,13284.493726648852
Beras Medium/Sulawesi Selatan/2024-10-29,13278.387846443557
Beras Medium/Sulawesi Selatan/2024-10-30,13267.493426788516
Beras Medium/Sulawesi Selatan/2024-10-31,13272.076219733808
Beras Medium/Sulawesi Selatan/2024-11-01,13280.126157976449
Beras Medium/Sulawesi Selatan/2024-11-02,13276.518712177332
Beras Medium/Sulawesi Selatan/2024-11-03,13250.386201308924
Beras Medium/Sulawesi Selatan/2024-11-04,13269.9665867803
Beras Medium/Sulawesi Selatan/2024-11-05,13264.001100445974
Beras Medium/Sulawesi Selatan/2024-11-06,13274.094917408913
Beras Medium/Sulawesi Selatan/2024-11-07,13300.968644819226
Beras Medium/Sulawesi Selatan/2024-11-08,13272.0052050333
Beras Medium/Sulawesi Selatan/2024-11-09,13269.664147349424
Beras Medium/Sulawesi Selatan/2024-11-10,13284.039013969676
Beras Medium/Sulawesi Selatan/2024-11-11,13282.487508851282
Beras Medium/Sulawesi Selatan/2024-11-12,13283.156655587249
Beras Medium/Sulawesi Selatan/2024-11-13,13280.75086913852
Beras Medium/Sulawesi Selatan/2024-11-14,13297.50936145936
Beras Medium/Sulawesi Selatan/2024-11-15,13266.755680465398
Beras Medium/Sulawesi Selatan/2024-11-16,13283.49184511848
Beras Medium/Sulawesi Selatan/2024-11-17,13268.822969659
Beras Medium/Sulawesi Selatan/2024-11-18,13283.925882290048
Beras Medium/Sulawesi Selatan/2024-11-19,13268.21533860106
Beras Medium/Sulawesi Selatan/2024-11-20,13269.221730675685
Beras Medium/Sulawesi Selatan/2024-11-21,13272.132116439405
Beras Medium/Sulawesi Selatan/2024-11-22,13283.475963585071
Beras Medium/Sulawesi Selatan/2024-11-23,13283.91469676378
Beras Medium/Sulawesi Selatan/2024-11-24,13259.333468636938
Beras Medium/Sulawesi Selatan/2024-11-25,13274.2827408107
Beras Medium/Sulawesi Selatan/2024-11-26,13267.396077238052
Beras Medium/Sulawesi Selatan/2024-11-27,13262.011830847292
Beras Medium/Sulawesi Selatan/2024-11-28,13270.412487013022
Beras Medium/Sulawesi Selatan/2024-11-29,13266.18388839795
Beras Medium/Sulawesi Selatan/2024-11-30,13296.592230090857
Beras Medium/Sulawesi Selatan/2024-12-01,13274.82826998452
Beras Medium/Sulawesi Selatan/2024-12-02,13256.910030374323
Beras Medium/Sulawesi Selatan/2024-12-03,13267.870170210266
Beras Medium/Sulawesi Selatan/2024-12-04,13285.194668934662
Beras Medium/Sulawesi Selatan/2024-12-05,13298.087456733096
Beras Medium/Sulawesi Selatan/2024-12-06,13255.146125602752
Beras Medium/Sulawesi Selatan/2024-12-07,13251.906043543198
Beras Medium/Sulawesi Selatan/2024-12-08,13294.696733352504
Beras Medium/Sulawesi Selatan/2024-12-09,13280.610966111832
Beras Medium/Sulawesi Selatan/2024-12-10,13265.328601910389
Beras Medium/Sulawesi Selatan/2024-12-11,13274.751260268096
Beras Medium/Sulawesi Selatan/2024-12-12,13245.021889620875
Beras Medium/Sulawesi Selatan/2024-12-13,13277.041031185385
Beras Medium/Sulawesi Selatan/2024-12-14,13275.46207408233
Beras Medium/Sulawesi Selatan/2024-12-15,13279.029466650372
Beras Medium/Sulawesi Selatan/2024-12-16,13259.315743154271
Beras Medium/Sulawesi Selatan/2024-12-17,13269.635534822144
Beras Medium/Sulawesi Selatan/2024-12-18,13264.250406837362
Beras Medium/Sulawesi Selatan/2024-12-19,13275.34731854574
Beras Medium/Sulawesi Selatan/2024-12-20,13261.98399723372
Beras Medium/Sulawesi Selatan/2024-12-21,13264.717363637978
Beras Medium/Sulawesi Selatan/2024-12-22,13260.107659066018
Beras Medium/Sulawesi Selatan/2024-12-23,13276.729428142897
Beras Medium/Sulawesi Selatan/2024-12-24,13279.397703335462
Beras Medium/Sulawesi Selatan/2024-12-25,13266.354614728734
Beras Medium/Sulawesi Selatan/2024-12-26,13270.65282359656
Beras Medium/Sulawesi Selatan/2024-12-27,13256.22378130913
Beras Medium/Sulawesi Selatan/2024-12-28,13270.415371333123
Beras Medium/Sulawesi Selatan/2024-12-29,13271.505431919904
Beras Medium/Sulawesi Selatan/2024-12-30,13297.13465441299
Beras Medium/Sulawesi Selatan/2024-12-31,13258.665209109611
Beras Medium/Sulawesi Tengah/2024-10-01,13285.918839060174
Beras Medium/Sulawesi Tengah/2024-10-02,13284.827865507044
Beras Medium/Sulawesi Tengah/2024-10-03,13278.914533116566
Beras Medium/Sulawesi Tengah/2024-10-04,13296.184351337944
Beras Medium/Sulawesi Tengah/2024-10-05,13278.34281571676
Beras Medium/Sulawesi Tengah/2024-10-06,13283.481052743884
Beras Medium/Sulawesi Tengah/2024-10-07,13278.592440890578
Beras Medium/Sulawesi Tengah/2024-10-08,13291.818536181185
Beras Medium/Sulawesi Tengah/2024-10-09,13291.613103407568
Beras Medium/Sulawesi Tengah/2024-10-10,13271.201067092832
Beras Medium/Sulawesi Tengah/2024-10-11,13265.040199520934
Beras Medium/Sulawesi Tengah/2024-10-12,13276.453094980712
Beras Medium/Sulawesi Tengah/2024-10-13,13270.410934023392
Beras Medium/Sulawesi Tengah/2024-10-14,13275.00737686567
Beras Medium/Sulawesi Tengah/2024-10-15,13284.855349389592
Beras Medium/Sulawesi Tengah/2024-10-16,13267.439401388729
Beras Medium/Sulawesi Tengah/2024-10-17,13273.722119975064
Beras Medium/Sulawesi Tengah/2024-10-18,13274.45347724132
Beras Medium/Sulawesi Tengah/2024-10-19,13283.678038292
Beras Medium/Sulawesi Tengah/2024-10-20,13251.298697974442
Beras Medium/Sulawesi Tengah/2024-10-21,13266.09648310202
Beras Medium/Sulawesi Tengah/2024-10-22,13275.352284677108
Beras Medium/Sulawesi Tengah/2024-10-23,13284.987226798128
Beras Medium/Sulawesi Tengah/2024-10-24,13266.41924847174
Beras Medium/Sulawesi Tengah/2024-10-25,13249.0617374023
Beras Medium/Sulawesi Tengah/2024-10-26,13278.995843769648
Beras Medium/Sulawesi Tengah/2024-10-27,13266.688836752915
Beras Medium/Sulawesi Tengah/2024-10-28,13259.6169915583
Beras Medium/Sulawesi Tengah/2024-10-29,13261.675916119168
Beras Medium/Sulawesi Tengah/2024-10-30,13265.82593069361
Beras Medium/Sulawesi Tengah/2024-10-31,13264.721038901447
Beras Medium/Sulawesi Tengah/2024-11-01,13244.935556378554
Beras Medium/Sulawesi Tengah/2024-11-02,13276.442517655456
Beras Medium/Sulawesi Tengah/2024-11-03,13280.838607197516
Beras Medium/Sulawesi Tengah/2024-11-04,13274.828310514778
Beras Medium/Sulawesi Tengah/2024-11-05,13256.262597282892
Beras Medium/Sulawesi Tengah/2024-11-06,13266.750473837
Beras Medium/Sulawesi Tengah/2024-11-07,13273.916440182787
Beras Medium/Sulawesi Tengah/2024-11-08,13279.074857293546
Beras Medium/Sulawesi Tengah/2024-11-09,13277.536697975189
Beras Medium/Sulawesi Tengah/2024-11-10,13261.861422722874
Beras Medium/Sulawesi Tengah/2024-11-11,13273.588695310644
Beras Medium/Sulawesi Tengah/2024-11-12,13278.82327589714
Beras Medium/Sulawesi Tengah/2024-11-13,13289.25626365984
Beras Medium/Sulawesi Tengah/2024-11-14,13280.496784280846
Beras Medium/Sulawesi Tengah/2024-11-15,13281.140396890898
Beras Medium/Sulawesi Tengah/2024-11-16,13277.280287770494
Beras Medium/Sulawesi Tengah/2024-11-17,13292.801205683782
Beras Medium/Sulawesi Tengah/2024-11-18,13283.121848109717
Beras Medium/Sulawesi Tengah/2024-11-19,13268.518271245614
Beras Medium/Sulawesi Tengah/2024-11-20,13292.580130427248
Beras Medium/Sulawesi Tengah/2024-11-21,13285.40832929514
Beras Medium/Sulawesi Tengah/2024-11-22,13274.642938435683
Beras Medium/Sulawesi Tengah/2024-11-23,13272.10781769954
Beras Medium/Sulawesi Tengah/2024-11-24,13279.65560322969
Beras Medium/Sulawesi Tengah/2024-11-25,13283.763929168406
Beras Medium/Sulawesi Tengah/2024-11-26,13278.31368536446
Beras Medium/Sulawesi Tengah/2024-11-27,13278.016407244691
Beras Medium/Sulawesi Tengah/2024-11-28,13293.354729130777
Beras Medium/Sulawesi Tengah/2024-11-29,13288.532290953848
Beras Medium/Sulawesi Tengah/2024-11-30,13279.999699320091
Beras Medium/Sulawesi Tengah/2024-12-01,13287.931281902018
Beras Medium/Sulawesi Tengah/2024-12-02,13268.558245743468
Beras Medium/Sulawesi Tengah/2024-12-03,13284.91347429826
Beras Medium/Sulawesi Tengah/2024-12-04,13297.637999133782
Beras Medium/Sulawesi Tengah/2024-12-05,13275.149373310342
Beras Medium/Sulawesi Tengah/2024-12-06,13269.08579991278
Beras Medium/Sulawesi Tengah/2024-12-07,13269.776283687512
Beras Medium/Sulawesi Tengah/2024-12-08,13267.458353986054
Beras Medium/Sulawesi Tengah/2024-12-09,13269.092830383946
Beras Medium/Sulawesi Tengah/2024-12-10,13268.292871515168
Beras Medium/Sulawesi Tengah/2024-12-11,13256.204746854222
Beras Medium/Sulawesi Tengah/2024-12-12,13270.782249226424
Beras Medium/Sulawesi Tengah/2024-12-13,13279.432474560135
Beras Medium/Sulawesi Tengah/2024-12-14,13260.396956468236
Beras Medium/Sulawesi Tengah/2024-12-15,13285.566695128016
Beras Medium/Sulawesi Tengah/2024-12-16,13275.183137395354
Beras Medium/Sulawesi Tengah/2024-12-17,13283.982613469285
Beras Medium/Sulawesi Tengah/2024-12-18,13267.21754449818
Beras Medium/Sulawesi Tengah/2024-12-19,13282.345109907386
Beras Medium/Sulawesi Tengah/2024-12-20,13265.323916259156
Beras Medium/Sulawesi Tengah/2024-12-21,13284.305387140075
Beras Medium/Sulawesi Tengah/2024-12-22,13276.89860638838
Beras Medium/Sulawesi Tengah/2024-12-23,13279.199273581937
Beras Medium/Sulawesi Tengah/2024-12-24,13262.916474457876
Beras Medium/Sulawesi Tengah/2024-12-25,13264.486606748644
Beras Medium/Sulawesi Tengah/2024-12-26,13281.955446468395
Beras Medium/Sulawesi Tengah/2024-12-27,13263.45156601043
Beras Medium/Sulawesi Tengah/2024-12-28,13277.09184777699
Beras Medium/Sulawesi Tengah/2024-12-29,13256.02219864149
Beras Medium/Sulawesi Tengah/2024-12-30,13280.63350427205
Beras Medium/Sulawesi Tengah/2024-12-31,13260.010701963987
Beras Medium/Sulawesi Tenggara/2024-10-01,13276.128257365312
Beras Medium/Sulawesi Tenggara/2024-10-02,13278.028348238866
Beras Medium/Sulawesi Tenggara/2024-10-03,13262.66910729421
Beras Medium/Sulawesi Tenggara/2024-10-04,13279.136580599974
Beras Medium/Sulawesi Tenggara/2024-10-05,13273.915002196924
Beras Medium/Sulawesi Tenggara/2024-10-06,13268.103988800856
Beras Medium/Sulawesi Tenggara/2024-10-07,13262.505872995684
Beras Medium/Sulawesi Tenggara/2024-10-08,13251.012622654223
Beras Medium/Sulawesi Tenggara/2024-10-09,13276.459490496663
Beras Medium/Sulawesi Tenggara/2024-10-10,13253.778791758286
Beras Medium/Sulawesi Tenggara/2024-10-11,13269.105070846374
Beras Medium/Sulawesi Tenggara/2024-10-12,13264.1919450004
Beras Medium/Sulawesi Tenggara/2024-10-13,13274.172361060992
Beras Medium/Sulawesi Tenggara/2024-10-14,13266.822915566658
Beras Medium/Sulawesi Tenggara/2024-10-15,13264.445720161544
Beras Medium/Sulawesi Tenggara/2024-10-16,13278.326181327931
Beras Medium/Sulawesi Tenggara/2024-10-17,13274.119849943922
Beras Medium/Sulawesi Tenggara/2024-10-18,13275.19852242453
Beras Medium/Sulawesi Tenggara/2024-10-19,13276.28190242035
Beras Medium/Sulawesi Tenggara/2024-10-20,13256.472037940972
Beras Medium/Sulawesi Tenggara/2024-10-21,13282.297761242471
Beras Medium/Sulawesi Tenggara/2024-10-22,13279.66200181914
Beras Medium/Sulawesi Tenggara/2024-10-23,13262.31849392732
Beras Medium/Sulawesi Tenggara/2024-10-24,13269.832092222452
Beras Medium/Sulawesi Tenggara/2024-10-25,13270.952911998484
Beras Medium/Sulawesi Tenggara/2024-10-26,13273.103258456262
Beras Medium/Sulawesi Tenggara/2024-10-27,13275.847091257408
Beras Medium/Sulawesi Tenggara/2024-10-28,13285.536733748677
Beras Medium/Sulawesi Tenggara/2024-10-29,13284.053285627877
Beras Medium/Sulawesi Tenggara/2024-10-30,13260.237786689308
Beras Medium/Sulawesi Tenggara/2024-10-31,13281.769037877106
Beras Medium/Sulawesi Tenggara/2024-11-01,13290.06899645412
Beras Medium/Sulawesi Tenggara/2024-11-02,13280.76296943018
Beras Medium/Sulawesi Tenggara/2024-11-03,13286.868728731772
Beras Medium/Sulawesi Tenggara/2024-11-04,13295.712877666803
Beras Medium/Sulawesi Tenggara/2024-11-05,13290.176667681477
Beras Medium/Sulawesi Tenggara/2024-11-06,13283.234426985466
Beras Medium/Sulawesi Tenggara/2024-11-07,13291.190411475734
Beras Medium/Sulawesi Tenggara/2024-11-08,13283.361975676647
Beras Medium/Sulawesi Tenggara/2024-11-09,13282.50735628716
Beras Medium/Sulawesi Tenggara/2024-11-10,13276.849508422192
Beras Medium/Sulawesi Tenggara/2024-11-11,13295.88261706924
Beras Medium/Sulawesi Tenggara/2024-11-12,13271.172593205458
Beras Medium/Sulawesi Tenggara/2024-11-13,13294.294412789288
Beras Medium/Sulawesi Tenggara/2024-11-14,13283.45668527818
Beras Medium/Sulawesi Tenggara/2024-11-15,13263.8164416783
Beras Medium/Sulawesi Tenggara/2024-11-16,13283.610740763068
Beras Medium/Sulawesi Tenggara/2024-11-17,13254.622159740014
Beras Medium/Sulawesi Tenggara/2024-11-18,13284.510588165953
Beras Medium/Sulawesi Tenggara/2024-11-19,13283.295732266704
Beras Medium/Sulawesi Tenggara/2024-11-20,13265.743913811984
Beras Medium/Sulawesi Tenggara/2024-11-21,13275.325481529737
Beras Medium/Sulawesi Tenggara/2024-11-22,13292.59923371306
Beras Medium/Sulawesi Tenggara/2024-11-23,13271.316952713483
Beras Medium/Sulawesi Tenggara/2024-11-24,13264.210249857202
Beras Medium/Sulawesi Tenggara/2024-11-25,13289.409277597926
Beras Medium/Sulawesi Tenggara/2024-11-26,13296.770352089805
Beras Medium/Sulawesi Tenggara/2024-11-27,13277.184662838526
Beras Medium/Sulawesi Tenggara/2024-11-28,13285.332656247723
Beras Medium/Sulawesi Tenggara/2024-11-29,13290.979296888912
Beras Medium/Sulawesi Tenggara/2024-11-30,13273.451140543088
Beras Medium/Sulawesi Tenggara/2024-12-01,13275.428852025489
Beras Medium/Sulawesi Tenggara/2024-12-02,13290.610531495
Beras Medium/Sulawesi Tenggara/2024-12-03,13296.394869839669
Beras Medium/Sulawesi Tenggara/2024-12-04,13284.292914424204
Beras Medium/Sulawesi Tenggara/2024-12-05,13267.766193530544
Beras Medium/Sulawesi Tenggara/2024-12-06,13300.032678134745
Beras Medium/Sulawesi Tenggara/2024-12-07,13275.740636293847
Beras Medium/Sulawesi Tenggara/2024-12-08,13276.765320268918
Beras Medium/Sulawesi Tenggara/2024-12-09,13281.100348827931
Beras Medium/Sulawesi Tenggara/2024-12-10,13293.168669784183
Beras Medium/Sulawesi Tenggara/2024-12-11,13288.887296127928
Beras Medium/Sulawesi Tenggara/2024-12-12,13280.94066239593
Beras Medium/Sulawesi Tenggara/2024-12-13,13283.092273858205
Beras Medium/Sulawesi Tenggara/2024-12-14,13280.405152305217
Beras Medium/Sulawesi Tenggara/2024-12-15,13286.690365750268
Beras Medium/Sulawesi Tenggara/2024-12-16,13252.459784682454
Beras Medium/Sulawesi Tenggara/2024-12-17,13274.103436585016
Beras Medium/Sulawesi Tenggara/2024-12-18,13278.872549256004
Beras Medium/Sulawesi Tenggara/2024-12-19,13262.510967090337
Beras Medium/Sulawesi Tenggara/2024-12-20,13276.932227414582
Beras Medium/Sulawesi Tenggara/2024-12-21,13267.32206931023
Beras Medium/Sulawesi Tenggara/2024-12-22,13291.677089996238
Beras Medium/Sulawesi Tenggara/2024-12-23,13289.694636731114
Beras Medium/Sulawesi Tenggara/2024-12-24,13267.722518810677
Beras Medium/Sulawesi Tenggara/2024-12-25,13274.232050882569
Beras Medium/Sulawesi Tenggara/2024-12-26,13275.4815276208
Beras Medium/Sulawesi Tenggara/2024-12-27,13273.9283614165
Beras Medium/Sulawesi Tenggara/2024-12-28,13277.821793112817
Beras Medium/Sulawesi Tenggara/2024-12-29,13264.75467608221
Beras Medium/Sulawesi Tenggara/2024-12-30,13262.0293991069
Beras Medium/Sulawesi Tenggara/2024-12-31,13280.035064064348
Beras Medium/Sulawesi Utara/2024-10-01,13279.279332868316
Beras Medium/Sulawesi Utara/2024-10-02,13263.763847094497
Beras Medium/Sulawesi Utara/2024-10-03,13280.2383862751
Beras Medium/Sulawesi Utara/2024-10-04,13265.719074623876
Beras Medium/Sulawesi Utara/2024-10-05,13277.347869757996
Beras Medium/Sulawesi Utara/2024-10-06,13281.96939894574
Beras Medium/Sulawesi Utara/2024-10-07,13271.804243271086
Beras Medium/Sulawesi Utara/2024-10-08,13279.138273479131
Beras Medium/Sulawesi Utara/2024-10-09,13267.958844195076
Beras Medium/Sulawesi Utara/2024-10-10,13273.329963542514
Beras Medium/Sulawesi Utara/2024-10-11,13272.808396784954
Beras Medium/Sulawesi Utara/2024-10-12,13265.448453080997
Beras Medium/Sulawesi Utara/2024-10-13,13271.520546072872
Beras Medium/Sulawesi Utara/2024-10-14,13255.429714901344
Beras Medium/Sulawesi Utara/2024-10-15,13266.719684755892
Beras Medium/Sulawesi Utara/2024-10-16,13267.61628770529
Beras Medium/Sulawesi Utara/2024-10-17,13266.44818555978
Beras Medium/Sulawesi Utara/2024-10-18,13266.551803892957
Beras Medium/Sulawesi Utara/2024-10-19,13267.104856759202
Beras Medium/Sulawesi Utara/2024-10-20,13274.970185563145
Beras Medium/Sulawesi Utara/2024-10-21,13279.341385475038
Beras Medium/Sulawesi Utara/2024-10-22,13263.73484623045
Beras Medium/Sulawesi Utara/2024-10-23,13258.74590249779
Beras Medium/Sulawesi Utara/2024-10-24,13261.128251217468
Beras Medium/Sulawesi Utara/2024-10-25,13267.231410411358
Beras Medium/Sulawesi Utara/2024-10-26,13266.911300527556
Beras Medium/Sulawesi Utara/2024-10-27,13259.414869520224
Beras Medium/Sulawesi Utara/2024-10-28,13253.74194230484
Beras Medium/Sulawesi Utara/2024-10-29,13263.33035493162
Beras Medium/Sulawesi Utara/2024-10-30,13270.236482200424
Beras Medium/Sulawesi Utara/2024-10-31,13273.537979703347
Beras Medium/Sulawesi Utara/2024-11-01,13260.637384250913
Beras Medium/Sulawesi Utara/2024-11-02,13263.148025309669
Beras Medium/Sulawesi Utara/2024-11-03,13260.230370533776
Beras Medium/Sulawesi Utara/2024-11-04,13270.18365067086
Beras Medium/Sulawesi Utara/2024-11-05,13260.600742659177
Beras Medium/Sulawesi Utara/2024-11-06,13273.549982613871
Beras Medium/Sulawesi Utara/2024-11-07,13249.545371391258
Beras Medium/Sulawesi Utara/2024-11-08,13264.711103247211
Beras Medium/Sulawesi Utara/2024-11-09,13272.36797874624
Beras Medium/Sulawesi Utara/2024-11-10,13269.828721733753
Beras Medium/Sulawesi Utara/2024-11-11,13297.06257625502
Beras Medium/Sulawesi Utara/2024-11-12,13271.4023729568
Beras Medium/Sulawesi Utara/2024-11-13,13261.969066832173
Beras Medium/Sulawesi Utara/2024-11-14,13273.672753188395
Beras Medium/Sulawesi Utara/2024-11-15,13256.608766211057
Beras Medium/Sulawesi Utara/2024-11-16,13275.087804371917
Beras Medium/Sulawesi Utara/2024-11-17,13261.550201507362
Beras Medium/Sulawesi Utara/2024-11-18,13278.917668588245
Beras Medium/Sulawesi Utara/2024-11-19,13264.689435989378
Beras Medium/Sulawesi Utara/2024-11-20,13268.076323870237
Beras Medium/Sulawesi Utara/2024-11-21,13265.132834635548
Beras Medium/Sulawesi Utara/2024-11-22,13288.78610550568
Beras Medium/Sulawesi Utara/2024-11-23,13268.994407121652
Beras Medium/Sulawesi Utara/2024-11-24,13290.117508879432
Beras Medium/Sulawesi Utara/2024-11-25,13281.362906679706
Beras Medium/Sulawesi Utara/2024-11-26,13279.83775084843
Beras Medium/Sulawesi Utara/2024-11-27,13281.781267556304
Beras Medium/Sulawesi Utara/2024-11-28,13280.509547240685
Beras Medium/Sulawesi Utara/2024-11-29,13258.690486747915
Beras Medium/Sulawesi Utara/2024-11-30,13273.804329982351
Beras Medium/Sulawesi Utara/2024-12-01,13284.54011699871
Beras Medium/Sulawesi Utara/2024-12-02,13274.196500920683
Beras Medium/Sulawesi Utara/2024-12-03,13258.426506086284
Beras Medium/Sulawesi Utara/2024-12-04,13270.927507634937
Beras Medium/Sulawesi Utara/2024-12-05,13292.113899477325
Beras Medium/Sulawesi Utara/2024-12-06,13287.374859786396
Beras Medium/Sulawesi Utara/2024-12-07,13271.766808279812
Beras Medium/Sulawesi Utara/2024-12-08,13282.873276202325
Beras Medium/Sulawesi Utara/2024-12-09,13273.33823333091
Beras Medium/Sulawesi Utara/2024-12-10,13261.37793473843
Beras Medium/Sulawesi Utara/2024-12-11,13266.69801632627
Beras Medium/Sulawesi Utara/2024-12-12,13289.989601324136
Beras Medium/Sulawesi Utara/2024-12-13,13270.948791625242
Beras Medium/Sulawesi Utara/2024-12-14,13269.203146231344
Beras Medium/Sulawesi Utara/2024-12-15,13268.389166972902
Beras Medium/Sulawesi Utara/2024-12-16,13293.935568843255
Beras Medium/Sulawesi Utara/2024-12-17,13292.908558128926
Beras Medium/Sulawesi Utara/2024-12-18,13296.70956177776
Beras Medium/Sulawesi Utara/2024-12-19,13273.919620067854
Beras Medium/Sulawesi Utara/2024-12-20,13281.928828113085
Beras Medium/Sulawesi Utara/2024-12-21,13266.709878017407
Beras Medium/Sulawesi Utara/2024-12-22,13296.360523919591
Beras Medium/Sulawesi Utara/2024-12-23,13266.49437231123
Beras Medium/Sulawesi Utara/2024-12-24,13277.48555430377
Beras Medium/Sulawesi Utara/2024-12-25,13264.45608345258
Beras Medium/Sulawesi Utara/2024-12-26,13268.610723326852
Beras Medium/Sulawesi Utara/2024-12-27,13267.598666841415
Beras Medium/Sulawesi Utara/2024-12-28,13264.895447297022
Beras Medium/Sulawesi Utara/2024-12-29,13266.062992362587
Beras Medium/Sulawesi Utara/2024-12-30,13263.880894655293
Beras Medium/Sulawesi Utara/2024-12-31,13278.782744993396
Beras Medium/Sumatera Barat/2024-10-01,13258.134476282115
Beras Medium/Sumatera Barat/2024-10-02,13271.931344533106
Beras Medium/Sumatera Barat/2024-10-03,13282.94440762688
Beras Medium/Sumatera Barat/2024-10-04,13265.475841707785
Beras Medium/Sumatera Barat/2024-10-05,13264.759177199809
Beras Medium/Sumatera Barat/2024-10-06,13268.12611583017
Beras Medium/Sumatera Barat/2024-10-07,13285.41988060411
Beras Medium/Sumatera Barat/2024-10-08,13275.0482099089
Beras Medium/Sumatera Barat/2024-10-09,13265.162914685288
Beras Medium/Sumatera Barat/2024-10-10,13277.161034628223
Beras Medium/Sumatera Barat/2024-10-11,13262.29475224473
Beras Medium/Sumatera Barat/2024-10-12,13282.120210257945
Beras Medium/Sumatera Barat/2024-10-13,13276.634188059075
Beras Medium/Sumatera Barat/2024-10-14,13268.53537422412
Beras Medium/Sumatera Barat/2024-10-15,13264.554573910507
Beras Medium/Sumatera Barat/2024-10-16,13263.054086737826
Beras Medium/Sumatera Barat/2024-10-17,13279.811182179958
Beras Medium/Sumatera Barat/2024-10-18,13284.744732032448
Beras Medium/Sumatera Barat/2024-10-19,13263.950948410682
Beras Medium/Sumatera Barat/2024-10-20,13276.06545606459
Beras Medium/Sumatera Barat/2024-10-21,13251.05918469757
Beras Medium/Sumatera Barat/2024-10-22,13268.749163366509
Beras Medium/Sumatera Barat/2024-10-23,13272.573534641964
Beras Medium/Sumatera Barat/2024-10-24,13259.74994842687
Beras Medium/Sumatera Barat/2024-10-25,13259.80847711238
Beras Medium/Sumatera Barat/2024-10-26,13260.16865879424
Beras Medium/Sumatera Barat/2024-10-27,13272.866012438066
Beras Medium/Sumatera Barat/2024-10-28,13266.943640823834
Beras Medium/Sumatera Barat/2024-10-29,13243.616994916272
Beras Medium/Sumatera Barat/2024-10-30,13245.36275303048
Beras Medium/Sumatera Barat/2024-10-31,13261.268451158898
Beras Medium/Sumatera Barat/2024-11-01,13272.00431971902
Beras Medium/Sumatera Barat/2024-11-02,13235.044782510806
Beras Medium/Sumatera Barat/2024-11-03,13255.960580498917
Beras Medium/Sumatera Barat/2024-11-04,13257.797005043434
Beras Medium/Sumatera Barat/2024-11-05,13280.000644633015
Beras Medium/Sumatera Barat/2024-11-06,13260.648799039394
Beras Medium/Sumatera Barat/2024-11-07,13265.91048505231
Beras Medium/Sumatera Barat/2024-11-08,13268.934277903072
Beras Medium/Sumatera Barat/2024-11-09,13247.08408456452
Beras Medium/Sumatera Barat/2024-11-10,13279.112133213195
Beras Medium/Sumatera Barat/2024-11-11,13270.147810646587
Beras Medium/Sumatera Barat/2024-11-12,13274.1139534363
Beras Medium/Sumatera Barat/2024-11-13,13310.25422229037
Beras Medium/Sumatera Barat/2024-11-14,13247.820483356838
Beras Medium/Sumatera Barat/2024-11-15,13293.739333919366
Beras Medium/Sumatera Barat/2024-11-16,13272.543647332455
Beras Medium/Sumatera Barat/2024-11-17,13280.479060423766
Beras Medium/Sumatera Barat/2024-11-18,13278.17769230366
Beras Medium/Sumatera Barat/2024-11-19,13267.503544815914
Beras Medium/Sumatera Barat/2024-11-20,13271.90923223369
Beras Medium/Sumatera Barat/2024-11-21,13277.794005169882
Beras Medium/Sumatera Barat/2024-11-22,13258.81610388599
Beras Medium/Sumatera Barat/2024-11-23,13281.022979283263
Beras Medium/Sumatera Barat/2024-11-24,13267.375389113737
Beras Medium/Sumatera Barat/2024-11-25,13260.62233587828
Beras Medium/Sumatera Barat/2024-11-26,13267.398215416762
Beras Medium/Sumatera Barat/2024-11-27,13283.402619645582
Beras Medium/Sumatera Barat/2024-11-28,13266.779701752446
Beras Medium/Sumatera Barat/2024-11-29,13273.876493639067
Beras Medium/Sumatera Barat/2024-11-30,13262.989423161518
Beras Medium/Sumatera Barat/2024-12-01,13280.760994239812
Beras Medium/Sumatera Barat/2024-12-02,13281.031178703455
Beras Medium/Sumatera Barat/2024-12-03,13291.116226790544
Beras Medium/Sumatera Barat/2024-12-04,13271.636934831902
Beras Medium/Sumatera Barat/2024-12-05,13281.292564865123
Beras Medium/Sumatera Barat/2024-12-06,13278.771386687586
Beras Medium/Sumatera Barat/2024-12-07,13291.414939524284
Beras Medium/Sumatera Barat/2024-12-08,13270.369076085854
Beras Medium/Sumatera Barat/2024-12-09,13283.55595304318
Beras Medium/Sumatera Barat/2024-12-10,13275.465455225092
Beras Medium/Sumatera Barat/2024-12-11,13276.66452745807
Beras Medium/Sumatera Barat/2024-12-12,13278.4708326161
Beras Medium/Sumatera Barat/2024-12-13,13277.438674642935
Beras Medium/Sumatera Barat/2024-12-14,13275.050224628809
Beras Medium/Sumatera Barat/2024-12-15,13277.260803585368
Beras Medium/Sumatera Barat/2024-12-16,13291.891205853288
Beras Medium/Sumatera Barat/2024-12-17,13286.05652477254
Beras Medium/Sumatera Barat/2024-12-18,13285.24871059458
Beras Medium/Sumatera Barat/2024-12-19,13272.341638052483
Beras Medium/Sumatera Barat/2024-12-20,13269.417943727884
Beras Medium/Sumatera Barat/2024-12-21,13289.779242108456
Beras Medium/Sumatera Barat/2024-12-22,13286.692370746165
Beras Medium/Sumatera Barat/2024-12-23,13291.739964272623
Beras Medium/Sumatera Barat/2024-12-24,13269.077918046043
Beras Medium/Sumatera Barat/2024-12-25,13274.950830931735
Beras Medium/Sumatera Barat/2024-12-26,13262.790263873092
Beras Medium/Sumatera Barat/2024-12-27,13273.819443531042
Beras Medium/Sumatera Barat/2024-12-28,13286.1537805679
Beras Medium/Sumatera Barat/2024-12-29,13267.048034710864
Beras Medium/Sumatera Barat/2024-12-30,13279.43596478689
Beras Medium/Sumatera Barat/2024-12-31,13270.466280484634
Beras Medium/Sumatera Selatan/2024-10-01,13278.34236500702
Beras Medium/Sumatera Selatan/2024-10-02,13263.27756516972
Beras Medium/Sumatera Selatan/2024-10-03,13273.68641721377
Beras Medium/Sumatera Selatan/2024-10-04,13242.493592058252
Beras Medium/Sumatera Selatan/2024-10-05,13269.813912668587
Beras Medium/Sumatera Selatan/2024-10-06,13253.709744908772
Beras Medium/Sumatera Selatan/2024-10-07,13280.248701865608
Beras Medium/Sumatera Selatan/2024-10-08,13275.534026984127
Beras Medium/Sumatera Selatan/2024-10-09,13270.234856598936
Beras Medium/Sumatera Selatan/2024-10-10,13286.47578320086
Beras Medium/Sumatera Selatan/2024-10-11,13260.977974978692
Beras Medium/Sumatera Selatan/2024-10-12,13293.477155717244
Beras Medium/Sumatera Selatan/2024-10-13,13284.127081608282
Beras Medium/Sumatera Selatan/2024-10-14,13272.330573450829
Beras Medium/Sumatera Selatan/2024-10-15,13288.569415196616
Beras Medium/Sumatera Selatan/2024-10-16,13263.71988357978
Beras Medium/Sumatera Selatan/2024-10-17,13270.579758330548
Beras Medium/Sumatera Selatan/2024-10-18,13269.71736663188
Beras Medium/Sumatera Selatan/2024-10-19,13268.563825817657
Beras Medium/Sumatera Selatan/2024-10-20,13263.015693435513
Beras Medium/Sumatera Selatan/2024-10-21,13283.03363392929
Beras Medium/Sumatera Selatan/2024-10-22,13268.62030607891
Beras Medium/Sumatera Selatan/2024-10-23,13275.006635744936
Beras Medium/Sumatera Selatan/2024-10-24,13265.62306253465
Beras Medium/Sumatera Selatan/2024-10-25,13253.083344581017
Beras Medium/Sumatera Selatan/2024-10-26,13276.518439615924
Beras Medium/Sumatera Selatan/2024-10-27,13250.605666043188
Beras Medium/Sumatera Selatan/2024-10-28,13269.306319042384
Beras Medium/Sumatera Selatan/2024-10-29,13253.2984038803
Beras Medium/Sumatera Selatan/2024-10-30,13287.761426836998
Beras Medium/Sumatera Selatan/2024-10-31,13278.791962007204
Beras Medium/Sumatera Selatan/2024-11-01,13268.393243550265
Beras Medium/Sumatera Selatan/2024-11-02,13284.547563995113
Beras Medium/Sumatera Selatan/2024-11-03,13263.28348186941
Beras Medium/Sumatera Selatan/2024-11-04,13282.45724466818
Beras Medium/Sumatera Selatan/2024-11-05,13276.456675440755
Beras Medium/Sumatera Selatan/2024-11-06,13276.375361239288
Beras Medium/Sumatera Selatan/2024-11-07,13288.487816371711
Beras Medium/Sumatera Selatan/2024-11-08,13281.301096179044
Beras Medium/Sumatera Selatan/2024-11-09,13279.8965654551
Beras Medium/Sumatera Selatan/2024-11-10,13259.114274955968
Beras Medium/Sumatera Selatan/2024-11-11,13266.908515217196
Beras Medium/Sumatera Selatan/2024-11-12,13275.721269403364
Beras Medium/Sumatera Selatan/2024-11-13,13274.947393787868
Beras Medium/Sumatera Selatan/2024-11-14,13260.040558668315
Beras Medium/Sumatera Selatan/2024-11-15,13295.05098965226
Beras Medium/Sumatera Selatan/2024-11-16,13288.24471593741
Beras Medium/Sumatera Selatan/2024-11-17,13280.55971601465
Beras Medium/Sumatera Selatan/2024-11-18,13275.672190568412
Beras Medium/Sumatera Selatan/2024-11-19,13273.800576553906
Beras Medium/Sumatera Selatan/2024-11-20,13270.44771017313
Beras Medium/Sumatera Selatan/2024-11-21,13278.18388212232
Beras Medium/Sumatera Selatan/2024-11-22,13277.696440573449
Beras Medium/Sumatera Selatan/2024-11-23,13260.833380348678
Beras Medium/Sumatera Selatan/2024-11-24,13276.947971318406
Beras Medium/Sumatera Selatan/2024-11-25,13271.627571062168
Beras Medium/Sumatera Selatan/2024-11-26,13253.675212807906
Beras Medium/Sumatera Selatan/2024-11-27,13263.039152819709
Beras Medium/Sumatera Selatan/2024-11-28,13265.53642074695
Beras Medium/Sumatera Selatan/2024-11-29,13290.734436100864
Beras Medium/Sumatera Selatan/2024-11-30,13274.740244836314
Beras Medium/Sumatera Selatan/2024-12-01,13254.250460682664
Beras Medium/Sumatera Selatan/2024-12-02,13276.760315571968
Beras Medium/Sumatera Selatan/2024-12-03,13257.226368402711
Beras Medium/Sumatera Selatan/2024-12-04,13286.024710939726
Beras Medium/Sumatera Selatan/2024-12-05,13265.43926887128
Beras Medium/Sumatera Selatan/2024-12-06,13268.112958527568
Beras Medium/Sumatera Selatan/2024-12-07,13286.211627713848
Beras Medium/Sumatera Selatan/2024-12-08,13257.765136872762
Beras Medium/Sumatera Selatan/2024-12-09,13259.693667901744
Beras Medium/Sumatera Selatan/2024-12-10,13264.990262624384
Beras Medium/Sumatera Selatan/2024-12-11,13282.523826942064
Beras Medium/Sumatera Selatan/2024-12-12,13255.718208787335
Beras Medium/Sumatera Selatan/2024-12-13,13237.808341184917
Beras Medium/Sumatera Selatan/2024-12-14,13263.823005137336
Beras Medium/Sumatera Selatan/2024-12-15,13274.70882155893
Beras Medium/Sumatera Selatan/2024-12-16,13280.771167562369
Beras Medium/Sumatera Selatan/2024-12-17,13259.002868705276
Beras Medium/Sumatera Selatan/2024-12-18,13261.06746410892
Beras Medium/Sumatera Selatan/2024-12-19,13283.477689625835
Beras Medium/Sumatera Selatan/2024-12-20,13253.007755888872
Beras Medium/Sumatera Selatan/2024-12-21,13267.347741257208
Beras Medium/Sumatera Selatan/2024-12-22,13270.457565302202
Beras Medium/Sumatera Selatan/2024-12-23,13274.672699181989
Beras Medium/Sumatera Selatan/2024-12-24,13266.05374228027
Beras Medium/Sumatera Selatan/2024-12-25,13268.53035620493
Beras Medium/Sumatera Selatan/2024-12-26,13245.167358991765
Beras Medium/Sumatera Selatan/2024-12-27,13264.350104778228
Beras Medium/Sumatera Selatan/2024-12-28,13274.841903602552
Beras Medium/Sumatera Selatan/2024-12-29,13257.424603528829
Beras Medium/Sumatera Selatan/2024-12-30,13267.582072989955
Beras Medium/Sumatera Selatan/2024-12-31,13270.378905113655
Beras Medium/Sumatera Utara/2024-10-01,13266.15196237884
Beras Medium/Sumatera Utara/2024-10-02,13272.06122849198
Beras Medium/Sumatera Utara/2024-10-03,13258.536061653209
Beras Medium/Sumatera Utara/2024-10-04,13268.437857466675
Beras Medium/Sumatera Utara/2024-10-05,13276.954977397689
Beras Medium/Sumatera Utara/2024-10-06,13271.646237898523
Beras Medium/Sumatera Utara/2024-10-07,13264.348107971557
Beras Medium/Sumatera Utara/2024-10-08,13272.197494695996
Beras Medium/Sumatera Utara/2024-10-09,13279.686846896544
Beras Medium/Sumatera Utara/2024-10-10,13251.31251143475
Beras Medium/Sumatera Utara/2024-10-11,13283.58874480343
Beras Medium/Sumatera Utara/2024-10-12,13267.468501237185
Beras Medium/Sumatera Utara/2024-10-13,13276.689619387653
Beras Medium/Sumatera Utara/2024-10-14,13284.591429967644
Beras Medium/Sumatera Utara/2024-10-15,13256.080297968902
Beras Medium/Sumatera Utara/2024-10-16,13267.521381714669
Beras Medium/Sumatera Utara/2024-10-17,13269.661835588628
Beras Medium/Sumatera Utara/2024-10-18,13265.13890719434
Beras Medium/Sumatera Utara/2024-10-19,13290.082286120953
Beras Medium/Sumatera Utara/2024-10-20,13259.657506758318
Beras Medium/Sumatera Utara/2024-10-21,13265.646364689446
Beras Medium/Sumatera Utara/2024-10-22,13274.280006634506
Beras Medium/Sumatera Utara/2024-10-23,13259.741445349497
Beras Medium/Sumatera Utara/2024-10-24,13269.206458458984
Beras Medium/Sumatera Utara/2024-10-25,13272.089603928807
Beras Medium/Sumatera Utara/2024-10-26,13266.793465962484
Beras Medium/Sumatera Utara/2024-10-27,13269.813176691472
Beras Medium/Sumatera Utara/2024-10-28,13263.942757218896
Beras Medium/Sumatera Utara/2024-10-29,13255.303305949312
Beras Medium/Sumatera Utara/2024-10-30,13274.131944735382
Beras Medium/Sumatera Utara/2024-10-31,13287.9472765573
Beras Medium/Sumatera Utara/2024-11-01,13269.919660123309
Beras Medium/Sumatera Utara/2024-11-02,13272.074137674495
Beras Medium/Sumatera Utara/2024-11-03,13278.576882594169
Beras Medium/Sumatera Utara/2024-11-04,13261.95428129163
Beras Medium/Sumatera Utara/2024-11-05,13293.363067383223
Beras Medium/Sumatera Utara/2024-11-06,13274.905768911292
Beras Medium/Sumatera Utara/2024-11-07,13291.039705202376
Beras Medium/Sumatera Utara/2024-11-08,13267.443535225708
Beras Medium/Sumatera Utara/2024-11-09,13294.319954620154
Beras Medium/Sumatera Utara/2024-11-10,13287.377353921282
Beras Medium/Sumatera Utara/2024-11-11,13282.973556948507
Beras Medium/Sumatera Utara/2024-11-12,13281.411340668616
Beras Medium/Sumatera Utara/2024-11-13,13274.879613523684
Beras Medium/Sumatera Utara/2024-11-14,13293.424941212044
Beras Medium/Sumatera Utara/2024-11-15,13280.203211191185
Beras Medium/Sumatera Utara/2024-11-16,13257.117252382508
Beras Medium/Sumatera Utara/2024-11-17,13265.410615093972
Beras Medium/Sumatera Utara/2024-11-18,13274.17793947252
Beras Medium/Sumatera Utara/2024-11-19,13279.218016135124
Beras Medium/Sumatera Utara/2024-11-20,13270.937537709517
Beras Medium/Sumatera Utara/2024-11-21,13282.247326650417
Beras Medium/Sumatera Utara/2024-11-22,13252.076793482258
Beras Medium/Sumatera Utara/2024-11-23,13275.640745514012
Beras Medium/Sumatera Utara/2024-11-24,13254.640064648722
Beras Medium/Sumatera Utara/2024-11-25,13279.663465909138
Beras Medium/Sumatera Utara/2024-11-26,13270.079929380445
Beras Medium/Sumatera Utara/2024-11-27,13272.38185751397
Beras Medium/Sumatera Utara/2024-11-28,13262.301798382116
Beras Medium/Sumatera Utara/2024-11-29,13283.513675751206
Beras Medium/Sumatera Utara/2024-11-30,13284.429209702012
Beras Medium/Sumatera Utara/2024-12-01,13278.383525772371
Beras Medium/Sumatera Utara/2024-12-02,13271.938984541772
Beras Medium/Sumatera Utara/2024-12-03,13280.241281493643
Beras Medium/Sumatera Utara/2024-12-04,13270.009273463724
Beras Medium/Sumatera Utara/2024-12-05,13285.3151752976
Beras Medium/Sumatera Utara/2024-12-06,13292.167267231329
Beras Medium/Sumatera Utara/2024-12-07,13286.102002748648
Beras Medium/Sumatera Utara/2024-12-08,13269.064389915531
Beras Medium/Sumatera Utara/2024-12-09,13280.847583699444
Beras Medium/Sumatera Utara/2024-12-10,13265.957112284308
Beras Medium/Sumatera Utara/2024-12-11,13284.574411161128
Beras Medium/Sumatera Utara/2024-12-12,13280.390747111189
Beras Medium/Sumatera Utara/2024-12-13,13254.006124958754
Beras Medium/Sumatera Utara/2024-12-14,13262.545007644325
Beras Medium/Sumatera Utara/2024-12-15,13269.9349460355
Beras Medium/Sumatera Utara/2024-12-16,13270.571148897669
Beras Medium/Sumatera Utara/2024-12-17,13257.637384951864
Beras Medium/Sumatera Utara/2024-12-18,13271.234975877253
Beras Medium/Sumatera Utara/2024-12-19,13272.118086346853
Beras Medium/Sumatera Utara/2024-12-20,13268.411074775864
Beras Medium/Sumatera Utara/2024-12-21,13262.080854992942
Beras Medium/Sumatera Utara/2024-12-22,13280.365248187454
Beras Medium/Sumatera Utara/2024-12-23,13289.098874135909
Beras Medium/Sumatera Utara/2024-12-24,13266.85040898491
Beras Medium/Sumatera Utara/2024-12-25,13265.774390588176
Beras Medium/Sumatera Utara/2024-12-26,13278.460520092618
Beras Medium/Sumatera Utara/2024-12-27,13272.184168078758
Beras Medium/Sumatera Utara/2024-12-28,13273.32712148904
Beras Medium/Sumatera Utara/2024-12-29,13279.185175290662
Beras Medium/Sumatera Utara/2024-12-30,13252.565388586652
Beras Medium/Sumatera Utara/2024-12-31,13287.830797378756
