id,price
Daging Ayam Ras/Aceh/2024-10-01,30353.193751355506
Daging Ayam Ras/Aceh/2024-10-02,30343.74212484565
Daging Ayam Ras/Aceh/2024-10-03,30354.789975254545
Daging Ayam Ras/Aceh/2024-10-04,30367.83221236501
Daging Ayam Ras/Aceh/2024-10-05,30341.521003605445
Daging Ayam Ras/Aceh/2024-10-06,30341.06996193304
Daging Ayam Ras/Aceh/2024-10-07,30369.11147134283
Daging Ayam Ras/Aceh/2024-10-08,30356.80310421292
Daging Ayam Ras/Aceh/2024-10-09,30337.58221544704
Daging Ayam Ras/Aceh/2024-10-10,30353.07610203384
Daging Ayam Ras/Aceh/2024-10-11,30337.451686586854
Daging Ayam Ras/Aceh/2024-10-12,30337.18455552076
Daging Ayam Ras/Aceh/2024-10-13,30348.16193813272
Daging Ayam Ras/Aceh/2024-10-14,30314.80000975023
Daging Ayam Ras/Aceh/2024-10-15,30317.27247436339
Daging Ayam Ras/Aceh/2024-10-16,30335.20205074097
Daging Ayam Ras/Aceh/2024-10-17,30328.400478209805
Daging Ayam Ras/Aceh/2024-10-18,30349.096975687
Daging Ayam Ras/Aceh/2024-10-19,30330.484036632817
Daging Ayam Ras/Aceh/2024-10-20,30322.47360834258
Daging Ayam Ras/Aceh/2024-10-21,30366.980219451685
Daging Ayam Ras/Aceh/2024-10-22,30341.24462919514
Daging Ayam Ras/Aceh/2024-10-23,30345.707119097544
Daging Ayam Ras/Aceh/2024-10-24,30322.52064291208
Daging Ayam Ras/Aceh/2024-10-25,30335.805441668024
Daging Ayam Ras/Aceh/2024-10-26,30345.93081591352
Daging Ayam Ras/Aceh/2024-10-27,30326.576865381347
Daging Ayam Ras/Aceh/2024-10-28,30350.15513273045
Daging Ayam Ras/Aceh/2024-10-29,30335.252633977325
Daging Ayam Ras/Aceh/2024-10-30,30339.921253107885
Daging Ayam Ras/Aceh/2024-10-31,30335.098843604315
Daging Ayam Ras/Aceh/2024-11-01,30373.235777115613
Daging Ayam Ras/Aceh/2024-11-02,30344.7184267107
Daging Ayam Ras/Aceh/2024-11-03,30328.36230850599
Daging Ayam Ras/Aceh/2024-11-04,30357.215253705974
Daging Ayam Ras/Aceh/2024-11-05,30325.6442659196
Daging Ayam Ras/Aceh/2024-11-06,30347.512166716784
Daging Ayam Ras/Aceh/2024-11-07,30314.031139908417
Daging Ayam Ras/Aceh/2024-11-08,30323.451295635627
Daging Ayam Ras/Aceh/2024-11-09,30347.058162569923
Daging Ayam Ras/Aceh/2024-11-10,30355.915011663943
Daging Ayam Ras/Aceh/2024-11-11,30347.41404182577
Daging Ayam Ras/Aceh/2024-11-12,30343.030122714423
Daging Ayam Ras/Aceh/2024-11-13,30339.975967855644
Daging Ayam Ras/Aceh/2024-11-14,30321.47532213159
Daging Ayam Ras/Aceh/2024-11-15,30332.9410047472
Daging Ayam Ras/Aceh/2024-11-16,30337.02695446687
Daging Ayam Ras/Aceh/2024-11-17,30360.76882196148
Daging Ayam Ras/Aceh/2024-11-18,30350.125477563262
Daging Ayam Ras/Aceh/2024-11-19,30317.424482038896
Daging Ayam Ras/Aceh/2024-11-20,30349.32262925165
Daging Ayam Ras/Aceh/2024-11-21,30338.45976959768
Daging Ayam Ras/Aceh/2024-11-22,30333.871394146503
Daging Ayam Ras/Aceh/2024-11-23,30353.90522234013
Daging Ayam Ras/Aceh/2024-11-24,30360.73653480395
Daging Ayam Ras/Aceh/2024-11-25,30359.358011819382
Daging Ayam Ras/Aceh/2024-11-26,30331.92772874021
Daging Ayam Ras/Aceh/2024-11-27,30339.744879370155
Daging Ayam Ras/Aceh/2024-11-28,30349.541852636
Daging Ayam Ras/Aceh/2024-11-29,30359.69863309206
Daging Ayam Ras/Aceh/2024-11-30,30337.35477088184
Daging Ayam Ras/Aceh/2024-12-01,30341.75119729289
Daging Ayam Ras/Aceh/2024-12-02,30327.306017589428
Daging Ayam Ras/Aceh/2024-12-03,30325.62587160437
Daging Ayam Ras/Aceh/2024-12-04,30356.742784630445
Daging Ayam Ras/Aceh/2024-12-05,30365.698894431756
Daging Ayam Ras/Aceh/2024-12-06,30343.86268422989
Daging Ayam Ras/Aceh/2024-12-07,30360.447584916703
Daging Ayam Ras/Aceh/2024-12-08,30350.53271914909
Daging Ayam Ras/Aceh/2024-12-09,30334.694201535865
Daging Ayam Ras/Aceh/2024-12-10,30350.068090990004
Daging Ayam Ras/Aceh/2024-12-11,30368.509742435584
Daging Ayam Ras/Aceh/2024-12-12,30344.355618259327
Daging Ayam Ras/Aceh/2024-12-13,30369.11354552033
Daging Ayam Ras/Aceh/2024-12-14,30304.27230096512
Daging Ayam Ras/Aceh/2024-12-15,30356.89098951165
Daging Ayam Ras/Aceh/2024-12-16,30345.79187808123
Daging Ayam Ras/Aceh/2024-12-17,30339.923137789
Daging Ayam Ras/Aceh/2024-12-18,30345.9471090462
Daging Ayam Ras/Aceh/2024-12-19,30313.74436191523
Daging Ayam Ras/Aceh/2024-12-20,30340.642569540243
Daging Ayam Ras/Aceh/2024-12-21,30349.831075321
Daging Ayam Ras/Aceh/2024-12-22,30367.560405915432
Daging Ayam Ras/Aceh/2024-12-23,30336.931927028792
Daging Ayam Ras/Aceh/2024-12-24,30332.169903691847
Daging Ayam Ras/Aceh/2024-12-25,30336.57516493432
Daging Ayam Ras/Aceh/2024-12-26,30358.535329435963
Daging Ayam Ras/Aceh/2024-12-27,30349.7564296724
Daging Ayam Ras/Aceh/2024-12-28,30336.543826869125
Daging Ayam Ras/Aceh/2024-12-29,30352.557300979155
Daging Ayam Ras/Aceh/2024-12-30,30346.16606893461
Daging Ayam Ras/Aceh/2024-12-31,30359.66958296881
Daging Ayam Ras/Bali/2024-10-01,30333.91248887182
Daging Ayam Ras/Bali/2024-10-02,30339.45215030748
Daging Ayam Ras/Bali/2024-10-03,30338.32136024969
Daging Ayam Ras/Bali/2024-10-04,30321.62189441056
Daging Ayam Ras/Bali/2024-10-05,30348.733321086136
Daging Ayam Ras/Bali/2024-10-06,30348.542220269526
Daging Ayam Ras/Bali/2024-10-07,30344.71948834206
Daging Ayam Ras/Bali/2024-10-08,30341.01529463073
Daging Ayam Ras/Bali/2024-10-09,30322.5735338354
Daging Ayam Ras/Bali/2024-10-10,30337.645372515708
Daging Ayam Ras/Bali/2024-10-11,30338.941122243625
Daging Ayam Ras/Bali/2024-10-12,30331.90377143352
Daging Ayam Ras/Bali/2024-10-13,30341.844852517628
Daging Ayam Ras/Bali/2024-10-14,30350.77835495006
Daging Ayam Ras/Bali/2024-10-15,30373.994183146613
Daging Ayam Ras/Bali/2024-10-16,30347.820484107968
Daging Ayam Ras/Bali/2024-10-17,30348.92197727609
Daging Ayam Ras/Bali/2024-10-18,30343.578857965484
Daging Ayam Ras/Bali/2024-10-19,30314.69597318593
Daging Ayam Ras/Bali/2024-10-20,30343.610593917725
Daging Ayam Ras/Bali/2024-10-21,30345.24387669957
Daging Ayam Ras/Bali/2024-10-22,30382.8222531728
Daging Ayam Ras/Bali/2024-10-23,30342.213991342287
Daging Ayam Ras/Bali/2024-10-24,30349.6268957619
Daging Ayam Ras/Bali/2024-10-25,30344.185856904536
Daging Ayam Ras/Bali/2024-10-26,30326.374773143303
Daging Ayam Ras/Bali/2024-10-27,30361.97246139955
Daging Ayam Ras/Bali/2024-10-28,30356.401073940076
Daging Ayam Ras/Bali/2024-10-29,30357.148758978823
Daging Ayam Ras/Bali/2024-10-30,30330.778597649067
Daging Ayam Ras/Bali/2024-10-31,30366.348524523582
Daging Ayam Ras/Bali/2024-11-01,30322.95726716678
Daging Ayam Ras/Bali/2024-11-02,30353.46613032896
Daging Ayam Ras/Bali/2024-11-03,30378.65454630031
Daging Ayam Ras/Bali/2024-11-04,30329.727662161386
Daging Ayam Ras/Bali/2024-11-05,30335.790288561067
Daging Ayam Ras/Bali/2024-11-06,30346.004983423336
Daging Ayam Ras/Bali/2024-11-07,30336.59486386412
Daging Ayam Ras/Bali/2024-11-08,30320.235265926716
Daging Ayam Ras/Bali/2024-11-09,30345.25821265739
Daging Ayam Ras/Bali/2024-11-10,30327.870708418755
Daging Ayam Ras/Bali/2024-11-11,30351.63947574601
Daging Ayam Ras/Bali/2024-11-12,30330.301333405027
Daging Ayam Ras/Bali/2024-11-13,30368.55848928801
Daging Ayam Ras/Bali/2024-11-14,30332.68305351886
Daging Ayam Ras/Bali/2024-11-15,30339.58276745919
Daging Ayam Ras/Bali/2024-11-16,30357.11436085557
Daging Ayam Ras/Bali/2024-11-17,30325.567843868143
Daging Ayam Ras/Bali/2024-11-18,30347.85335856079
Daging Ayam Ras/Bali/2024-11-19,30364.883944800647
Daging Ayam Ras/Bali/2024-11-20,30319.86312988858
Daging Ayam Ras/Bali/2024-11-21,30347.22245639456
Daging Ayam Ras/Bali/2024-11-22,30348.56492611392
Daging Ayam Ras/Bali/2024-11-23,30356.733715150527
Daging Ayam Ras/Bali/2024-11-24,30325.52706976784
Daging Ayam Ras/Bali/2024-11-25,30323.913403022325
Daging Ayam Ras/Bali/2024-11-26,30352.239587074782
Daging Ayam Ras/Bali/2024-11-27,30349.08122042564
Daging Ayam Ras/Bali/2024-11-28,30348.542896200557
Daging Ayam Ras/Bali/2024-11-29,30350.161334328022
Daging Ayam Ras/Bali/2024-11-30,30334.17671168117
Daging Ayam Ras/Bali/2024-12-01,30348.054632572854
Daging Ayam Ras/Bali/2024-12-02,30349.102728076698
Daging Ayam Ras/Bali/2024-12-03,30333.51809289214
Daging Ayam Ras/Bali/2024-12-04,30373.473876051896
Daging Ayam Ras/Bali/2024-12-05,30352.345346687896
Daging Ayam Ras/Bali/2024-12-06,30326.35090588481
Daging Ayam Ras/Bali/2024-12-07,30354.63739199707
Daging Ayam Ras/Bali/2024-12-08,30329.440159557256
Daging Ayam Ras/Bali/2024-12-09,30356.531996371294
Daging Ayam Ras/Bali/2024-12-10,30362.69044177054
Daging Ayam Ras/Bali/2024-12-11,30332.19011807009
Daging Ayam Ras/Bali/2024-12-12,30359.53383417224
Daging Ayam Ras/Bali/2024-12-13,30351.20501511163
Daging Ayam Ras/Bali/2024-12-14,30357.5029815551
Daging Ayam Ras/Bali/2024-12-15,30374.33578106112
Daging Ayam Ras/Bali/2024-12-16,30341.353270123447
Daging Ayam Ras/Bali/2024-12-17,30333.012274633744
Daging Ayam Ras/Bali/2024-12-18,30330.56443884
Daging Ayam Ras/Bali/2024-12-19,30331.492359561373
Daging Ayam Ras/Bali/2024-12-20,30342.95067482708
Daging Ayam Ras/Bali/2024-12-21,30349.744244606285
Daging Ayam Ras/Bali/2024-12-22,30348.96752114084
Daging Ayam Ras/Bali/2024-12-23,30357.607640680137
Daging Ayam Ras/Bali/2024-12-24,30345.06745711746
Daging Ayam Ras/Bali/2024-12-25,30367.311204334637
Daging Ayam Ras/Bali/2024-12-26,30340.82344422135
Daging Ayam Ras/Bali/2024-12-27,30386.993608261717
Daging Ayam Ras/Bali/2024-12-28,30354.948999439788
Daging Ayam Ras/Bali/2024-12-29,30331.699493717704
Daging Ayam Ras/Bali/2024-12-30,30327.83088202067
Daging Ayam Ras/Bali/2024-12-31,30351.703700952687
Daging Ayam Ras/Banten/2024-10-01,30340.908965040588
Daging Ayam Ras/Banten/2024-10-02,30355.631176588056
Daging Ayam Ras/Banten/2024-10-03,30352.15522546452
Daging Ayam Ras/Banten/2024-10-04,30343.68119535725
Daging Ayam Ras/Banten/2024-10-05,30331.456943404333
Daging Ayam Ras/Banten/2024-10-06,30320.812582577702
Daging Ayam Ras/Banten/2024-10-07,30337.111308311523
Daging Ayam Ras/Banten/2024-10-08,30357.542675963206
Daging Ayam Ras/Banten/2024-10-09,30348.010270811246
Daging Ayam Ras/Banten/2024-10-10,30325.39924503948
Daging Ayam Ras/Banten/2024-10-11,30347.109622350505
Daging Ayam Ras/Banten/2024-10-12,30350.47331758558
Daging Ayam Ras/Banten/2024-10-13,30330.85023499009
Daging Ayam Ras/Banten/2024-10-14,30346.82114499421
Daging Ayam Ras/Banten/2024-10-15,30345.475145380056
Daging Ayam Ras/Banten/2024-10-16,30326.779753279054
Daging Ayam Ras/Banten/2024-10-17,30349.87850275363
Daging Ayam Ras/Banten/2024-10-18,30353.2821631628
Daging Ayam Ras/Banten/2024-10-19,30361.555380410184
Daging Ayam Ras/Banten/2024-10-20,30361.33379819684
Daging Ayam Ras/Banten/2024-10-21,30323.601085062037
Daging Ayam Ras/Banten/2024-10-22,30329.806351561783
Daging Ayam Ras/Banten/2024-10-23,30352.18547353033
Daging Ayam Ras/Banten/2024-10-24,30352.45224452964
Daging Ayam Ras/Banten/2024-10-25,30352.71318111449
Daging Ayam Ras/Banten/2024-10-26,30404.803395564468
Daging Ayam Ras/Banten/2024-10-27,30354.50076903472
Daging Ayam Ras/Banten/2024-10-28,30362.85823799214
Daging Ayam Ras/Banten/2024-10-29,30359.87996466545
Daging Ayam Ras/Banten/2024-10-30,30355.013328180277
Daging Ayam Ras/Banten/2024-10-31,30339.800097845236
Daging Ayam Ras/Banten/2024-11-01,30356.37641971856
Daging Ayam Ras/Banten/2024-11-02,30332.648365244026
Daging Ayam Ras/Banten/2024-11-03,30340.732939639434
Daging Ayam Ras/Banten/2024-11-04,30336.87320025828
Daging Ayam Ras/Banten/2024-11-05,30345.673229097774
Daging Ayam Ras/Banten/2024-11-06,30380.515109594377
Daging Ayam Ras/Banten/2024-11-07,30316.109508330504
Daging Ayam Ras/Banten/2024-11-08,30355.124865130307
Daging Ayam Ras/Banten/2024-11-09,30319.530367608408
Daging Ayam Ras/Banten/2024-11-10,30336.82145838827
Daging Ayam Ras/Banten/2024-11-11,30361.152871104598
Daging Ayam Ras/Banten/2024-11-12,30345.78452470326
Daging Ayam Ras/Banten/2024-11-13,30327.939728482183
Daging Ayam Ras/Banten/2024-11-14,30333.32032867419
Daging Ayam Ras/Banten/2024-11-15,30354.84876683243
Daging Ayam Ras/Banten/2024-11-16,30333.193889016176
Daging Ayam Ras/Banten/2024-11-17,30347.839936138866
Daging Ayam Ras/Banten/2024-11-18,30345.331754814244
Daging Ayam Ras/Banten/2024-11-19,30334.47165224601
Daging Ayam Ras/Banten/2024-11-20,30377.77329362042
Daging Ayam Ras/Banten/2024-11-21,30354.904133526277
Daging Ayam Ras/Banten/2024-11-22,30313.45821695359
Daging Ayam Ras/Banten/2024-11-23,30347.16342271565
Daging Ayam Ras/Banten/2024-11-24,30334.088046209086
Daging Ayam Ras/Banten/2024-11-25,30357.515392130263
Daging Ayam Ras/Banten/2024-11-26,30332.37574882324
Daging Ayam Ras/Banten/2024-11-27,30342.770419181223
Daging Ayam Ras/Banten/2024-11-28,30352.34368052659
Daging Ayam Ras/Banten/2024-11-29,30358.140151860367
Daging Ayam Ras/Banten/2024-11-30,30326.145269686123
Daging Ayam Ras/Banten/2024-12-01,30339.251186338683
Daging Ayam Ras/Banten/2024-12-02,30336.985743469908
Daging Ayam Ras/Banten/2024-12-03,30334.17032363407
Daging Ayam Ras/Banten/2024-12-04,30371.7914792973
Daging Ayam Ras/Banten/2024-12-05,30351.258017449454
Daging Ayam Ras/Banten/2024-12-06,30325.279690894386
Daging Ayam Ras/Banten/2024-12-07,30358.70880867283
Daging Ayam Ras/Banten/2024-12-08,30377.67440605933
Daging Ayam Ras/Banten/2024-12-09,30361.129409695102
Daging Ayam Ras/Banten/2024-12-10,30321.489323112422
Daging Ayam Ras/Banten/2024-12-11,30336.931446983377
Daging Ayam Ras/Banten/2024-12-12,30363.94062172004
Daging Ayam Ras/Banten/2024-12-13,30333.634384936337
Daging Ayam Ras/Banten/2024-12-14,30351.428215949483
Daging Ayam Ras/Banten/2024-12-15,30356.77011563717
Daging Ayam Ras/Banten/2024-12-16,30330.37308435111
Daging Ayam Ras/Banten/2024-12-17,30343.49953503788
Daging Ayam Ras/Banten/2024-12-18,30294.070684889997
Daging Ayam Ras/Banten/2024-12-19,30327.776779577463
Daging Ayam Ras/Banten/2024-12-20,30339.959050078072
Daging Ayam Ras/Banten/2024-12-21,30324.878617745737
Daging Ayam Ras/Banten/2024-12-22,30369.650547627047
Daging Ayam Ras/Banten/2024-12-23,30322.711006260008
Daging Ayam Ras/Banten/2024-12-24,30337.60304777993
Daging Ayam Ras/Banten/2024-12-25,30346.42509680728
Daging Ayam Ras/Banten/2024-12-26,30366.95266205001
Daging Ayam Ras/Banten/2024-12-27,30322.533090405683
Daging Ayam Ras/Banten/2024-12-28,30362.58827872761
Daging Ayam Ras/Banten/2024-12-29,30344.91188105731
Daging Ayam Ras/Banten/2024-12-30,30329.373627681533
Daging Ayam Ras/Banten/2024-12-31,30351.53578928476
Daging Ayam Ras/Bengkulu/2024-10-01,30347.705677288985
Daging Ayam Ras/Bengkulu/2024-10-02,30335.253603069366
Daging Ayam Ras/Bengkulu/2024-10-03,30345.57629679018
Daging Ayam Ras/Bengkulu/2024-10-04,30338.56705937757
Daging Ayam Ras/Bengkulu/2024-10-05,30346.21202524272
Daging Ayam Ras/Bengkulu/2024-10-06,30354.860015477392
Daging Ayam Ras/Bengkulu/2024-10-07,30369.436987066503
Daging Ayam Ras/Bengkulu/2024-10-08,30325.79086883965
Daging Ayam Ras/Bengkulu/2024-10-09,30377.7102952768
Daging Ayam Ras/Bengkulu/2024-10-10,30314.610682027756
Daging Ayam Ras/Bengkulu/2024-10-11,30341.91617377152
Daging Ayam Ras/Bengkulu/2024-10-12,30353.47963722393
Daging Ayam Ras/Bengkulu/2024-10-13,30349.014328413392
Daging Ayam Ras/Bengkulu/2024-10-14,30334.959932695507
Daging Ayam Ras/Bengkulu/2024-10-15,30341.336556469458
Daging Ayam Ras/Bengkulu/2024-10-16,30336.78722431809
Daging Ayam Ras/Bengkulu/2024-10-17,30335.20675576683
Daging Ayam Ras/Bengkulu/2024-10-18,30357.57820269803
Daging Ayam Ras/Bengkulu/2024-10-19,30350.271807189853
Daging Ayam Ras/Bengkulu/2024-10-20,30333.984558492328
Daging Ayam Ras/Bengkulu/2024-10-21,30358.51836696152
Daging Ayam Ras/Bengkulu/2024-10-22,30349.515294591416
Daging Ayam Ras/Bengkulu/2024-10-23,30357.341452506505
Daging Ayam Ras/Bengkulu/2024-10-24,30354.637095886927
Daging Ayam Ras/Bengkulu/2024-10-25,30331.961411448767
Daging Ayam Ras/Bengkulu/2024-10-26,30335.7274736728
Daging Ayam Ras/Bengkulu/2024-10-27,30355.958905147658
Daging Ayam Ras/Bengkulu/2024-10-28,30354.1003144839
Daging Ayam Ras/Bengkulu/2024-10-29,30344.453855111013
Daging Ayam Ras/Bengkulu/2024-10-30,30346.54958435357
Daging Ayam Ras/Bengkulu/2024-10-31,30364.519191040938
Daging Ayam Ras/Bengkulu/2024-11-01,30335.651142595943
Daging Ayam Ras/Bengkulu/2024-11-02,30353.086034560474
Daging Ayam Ras/Bengkulu/2024-11-03,30341.53623306293
Daging Ayam Ras/Bengkulu/2024-11-04,30341.16104627938
Daging Ayam Ras/Bengkulu/2024-11-05,30361.566370370227
Daging Ayam Ras/Bengkulu/2024-11-06,30357.663907229675
Daging Ayam Ras/Bengkulu/2024-11-07,30357.540994292696
Daging Ayam Ras/Bengkulu/2024-11-08,30365.243280109094
Daging Ayam Ras/Bengkulu/2024-11-09,30345.34368037049
Daging Ayam Ras/Bengkulu/2024-11-10,30355.324637921367
Daging Ayam Ras/Bengkulu/2024-11-11,30339.913779915438
Daging Ayam Ras/Bengkulu/2024-11-12,30349.571688174237
Daging Ayam Ras/Bengkulu/2024-11-13,30342.55486013406
Daging Ayam Ras/Bengkulu/2024-11-14,30346.06870619243
Daging Ayam Ras/Bengkulu/2024-11-15,30353.82885114341
Daging Ayam Ras/Bengkulu/2024-11-16,30332.004685492047
Daging Ayam Ras/Bengkulu/2024-11-17,30377.001167120783
Daging Ayam Ras/Bengkulu/2024-11-18,30329.35261842328
Daging Ayam Ras/Bengkulu/2024-11-19,30325.666731671456
Daging Ayam Ras/Bengkulu/2024-11-20,30362.2439017196
Daging Ayam Ras/Bengkulu/2024-11-21,30356.981884870434
Daging Ayam Ras/Bengkulu/2024-11-22,30354.49784797881
Daging Ayam Ras/Bengkulu/2024-11-23,30354.71179361614
Daging Ayam Ras/Bengkulu/2024-11-24,30344.684342291264
Daging Ayam Ras/Bengkulu/2024-11-25,30330.653543969715
Daging Ayam Ras/Bengkulu/2024-11-26,30345.515358507982
Daging Ayam Ras/Bengkulu/2024-11-27,30333.903842286996
Daging Ayam Ras/Bengkulu/2024-11-28,30359.527896556963
Daging Ayam Ras/Bengkulu/2024-11-29,30342.45367937565
Daging Ayam Ras/Bengkulu/2024-11-30,30331.835136637423
Daging Ayam Ras/Bengkulu/2024-12-01,30339.406613881405
Daging Ayam Ras/Bengkulu/2024-12-02,30350.82856111036
Daging Ayam Ras/Bengkulu/2024-12-03,30335.790532209518
Daging Ayam Ras/Bengkulu/2024-12-04,30331.707134110857
Daging Ayam Ras/Bengkulu/2024-12-05,30348.15622443973
Daging Ayam Ras/Bengkulu/2024-12-06,30348.328477363768
Daging Ayam Ras/Bengkulu/2024-12-07,30336.737994080955
Daging Ayam Ras/Bengkulu/2024-12-08,30337.20565478598
Daging Ayam Ras/Bengkulu/2024-12-09,30348.05260818228
Daging Ayam Ras/Bengkulu/2024-12-10,30322.008862687515
Daging Ayam Ras/Bengkulu/2024-12-11,30322.337595702706
Daging Ayam Ras/Bengkulu/2024-12-12,30332.911771181705
Daging Ayam Ras/Bengkulu/2024-12-13,30340.86036832636
Daging Ayam Ras/Bengkulu/2024-12-14,30349.225347575964
Daging Ayam Ras/Bengkulu/2024-12-15,30367.635972982476
Daging Ayam Ras/Bengkulu/2024-12-16,30358.38285824527
Daging Ayam Ras/Bengkulu/2024-12-17,30342.533072414804
Daging Ayam Ras/Bengkulu/2024-12-18,30344.41626421276
Daging Ayam Ras/Bengkulu/2024-12-19,30328.94969339056
Daging Ayam Ras/Bengkulu/2024-12-20,30343.95503636843
Daging Ayam Ras/Bengkulu/2024-12-21,30339.912978655404
Daging Ayam Ras/Bengkulu/2024-12-22,30349.490374022665
Daging Ayam Ras/Bengkulu/2024-12-23,30331.76248032759
Daging Ayam Ras/Bengkulu/2024-12-24,30352.533478145266
Daging Ayam Ras/Bengkulu/2024-12-25,30368.464120074063
Daging Ayam Ras/Bengkulu/2024-12-26,30343.294869954538
Daging Ayam Ras/Bengkulu/2024-12-27,30351.01563724036
Daging Ayam Ras/Bengkulu/2024-12-28,30355.486839587156
Daging Ayam Ras/Bengkulu/2024-12-29,30338.49874760318
Daging Ayam Ras/Bengkulu/2024-12-30,30348.001277113988
Daging Ayam Ras/Bengkulu/2024-12-31,30344.798743661424
Daging Ayam Ras/DI Yogyakarta/2024-10-01,30346.081227647715
Daging Ayam Ras/DI Yogyakarta/2024-10-02,30332.557928795184
Daging Ayam Ras/DI Yogyakarta/2024-10-03,30344.79818071897
Daging Ayam Ras/DI Yogyakarta/2024-10-04,30352.225757619497
Daging Ayam Ras/DI Yogyakarta/2024-10-05,30367.244106706494
Daging Ayam Ras/DI Yogyakarta/2024-10-06,30359.921953695008
Daging Ayam Ras/DI Yogyakarta/2024-10-07,30378.54520824419
Daging Ayam Ras/DI Yogyakarta/2024-10-08,30333.32259689006
Daging Ayam Ras/DI Yogyakarta/2024-10-09,30358.22768703873
Daging Ayam Ras/DI Yogyakarta/2024-10-10,30347.542458073323
Daging Ayam Ras/DI Yogyakarta/2024-10-11,30378.68902468805
Daging Ayam Ras/DI Yogyakarta/2024-10-12,30332.494875219
Daging Ayam Ras/DI Yogyakarta/2024-10-13,30331.62125701289
Daging Ayam Ras/DI Yogyakarta/2024-10-14,30334.98848310628
Daging Ayam Ras/DI Yogyakarta/2024-10-15,30311.20309891577
Daging Ayam Ras/DI Yogyakarta/2024-10-16,30335.68378470648
Daging Ayam Ras/DI Yogyakarta/2024-10-17,30332.387087166622
Daging Ayam Ras/DI Yogyakarta/2024-10-18,30346.62519727236
Daging Ayam Ras/DI Yogyakarta/2024-10-19,30349.87245023956
Daging Ayam Ras/DI Yogyakarta/2024-10-20,30373.943725086327
Daging Ayam Ras/DI Yogyakarta/2024-10-21,30359.9036072176
Daging Ayam Ras/DI Yogyakarta/2024-10-22,30336.114947149734
Daging Ayam Ras/DI Yogyakarta/2024-10-23,30330.643044947872
Daging Ayam Ras/DI Yogyakarta/2024-10-24,30351.92969403697
Daging Ayam Ras/DI Yogyakarta/2024-10-25,30323.914058588085
Daging Ayam Ras/DI Yogyakarta/2024-10-26,30372.74249452648
Daging Ayam Ras/DI Yogyakarta/2024-10-27,30363.258141435825
Daging Ayam Ras/DI Yogyakarta/2024-10-28,30337.77439559056
Daging Ayam Ras/DI Yogyakarta/2024-10-29,30318.033868823
Daging Ayam Ras/DI Yogyakarta/2024-10-30,30365.24426773242
Daging Ayam Ras/DI Yogyakarta/2024-10-31,30342.783228525284
Daging Ayam Ras/DI Yogyakarta/2024-11-01,30363.86481244817
Daging Ayam Ras/DI Yogyakarta/2024-11-02,30320.15348716765
Daging Ayam Ras/DI Yogyakarta/2024-11-03,30335.07816234475
Daging Ayam Ras/DI Yogyakarta/2024-11-04,30344.302694013288
Daging Ayam Ras/DI Yogyakarta/2024-11-05,30345.15411041248
Daging Ayam Ras/DI Yogyakarta/2024-11-06,30337.53084458285
Daging Ayam Ras/DI Yogyakarta/2024-11-07,30354.244265922003
Daging Ayam Ras/DI Yogyakarta/2024-11-08,30328.089538313838
Daging Ayam Ras/DI Yogyakarta/2024-11-09,30342.167435357675
Daging Ayam Ras/DI Yogyakarta/2024-11-10,30346.309133565857
Daging Ayam Ras/DI Yogyakarta/2024-11-11,30352.55965768502
Daging Ayam Ras/DI Yogyakarta/2024-11-12,30355.77088862818
Daging Ayam Ras/DI Yogyakarta/2024-11-13,30327.37054249856
Daging Ayam Ras/DI Yogyakarta/2024-11-14,30320.55447318707
Daging Ayam Ras/DI Yogyakarta/2024-11-15,30363.95550851024
Daging Ayam Ras/DI Yogyakarta/2024-11-16,30349.779893713006
Daging Ayam Ras/DI Yogyakarta/2024-11-17,30333.09792764129
Daging Ayam Ras/DI Yogyakarta/2024-11-18,30368.697399196823
Daging Ayam Ras/DI Yogyakarta/2024-11-19,30346.719077817863
Daging Ayam Ras/DI Yogyakarta/2024-11-20,30363.060187586456
Daging Ayam Ras/DI Yogyakarta/2024-11-21,30345.983806485143
Daging Ayam Ras/DI Yogyakarta/2024-11-22,30376.81748068736
Daging Ayam Ras/DI Yogyakarta/2024-11-23,30372.36347109692
Daging Ayam Ras/DI Yogyakarta/2024-11-24,30341.359180401087
Daging Ayam Ras/DI Yogyakarta/2024-11-25,30359.877682453323
Daging Ayam Ras/DI Yogyakarta/2024-11-26,30354.84742847604
Daging Ayam Ras/DI Yogyakarta/2024-11-27,30366.012152788768
Daging Ayam Ras/DI Yogyakarta/2024-11-28,30329.931912262724
Daging Ayam Ras/DI Yogyakarta/2024-11-29,30355.20906237396
Daging Ayam Ras/DI Yogyakarta/2024-11-30,30361.084584011503
Daging Ayam Ras/DI Yogyakarta/2024-12-01,30317.46373603005
Daging Ayam Ras/DI Yogyakarta/2024-12-02,30325.857650709582
Daging Ayam Ras/DI Yogyakarta/2024-12-03,30312.4110941624
Daging Ayam Ras/DI Yogyakarta/2024-12-04,30339.619538980995
Daging Ayam Ras/DI Yogyakarta/2024-12-05,30355.343570476707
Daging Ayam Ras/DI Yogyakarta/2024-12-06,30368.1002900066
Daging Ayam Ras/DI Yogyakarta/2024-12-07,30346.256637204973
Daging Ayam Ras/DI Yogyakarta/2024-12-08,30370.2527912844
Daging Ayam Ras/DI Yogyakarta/2024-12-09,30323.56940271328
Daging Ayam Ras/DI Yogyakarta/2024-12-10,30317.897936886377
Daging Ayam Ras/DI Yogyakarta/2024-12-11,30343.11741547499
Daging Ayam Ras/DI Yogyakarta/2024-12-12,30350.232685740662
Daging Ayam Ras/DI Yogyakarta/2024-12-13,30344.030228426574
Daging Ayam Ras/DI Yogyakarta/2024-12-14,30312.535101679387
Daging Ayam Ras/DI Yogyakarta/2024-12-15,30342.781092475565
Daging Ayam Ras/DI Yogyakarta/2024-12-16,30323.9945161473
Daging Ayam Ras/DI Yogyakarta/2024-12-17,30354.57114676227
Daging Ayam Ras/DI Yogyakarta/2024-12-18,30350.30570121684
Daging Ayam Ras/DI Yogyakarta/2024-12-19,30330.16972984264
Daging Ayam Ras/DI Yogyakarta/2024-12-20,30336.45695335948
Daging Ayam Ras/DI Yogyakarta/2024-12-21,30327.91836977963
Daging Ayam Ras/DI Yogyakarta/2024-12-22,30343.20815225611
Daging Ayam Ras/DI Yogyakarta/2024-12-23,30359.26374041375
Daging Ayam Ras/DI Yogyakarta/2024-12-24,30329.468851435096
Daging Ayam Ras/DI Yogyakarta/2024-12-25,30352.34241284728
Daging Ayam Ras/DI Yogyakarta/2024-12-26,30336.41225028622
Daging Ayam Ras/DI Yogyakarta/2024-12-27,30332.128973876108
Daging Ayam Ras/DI Yogyakarta/2024-12-28,30342.646111992963
Daging Ayam Ras/DI Yogyakarta/2024-12-29,30328.35711670199
Daging Ayam Ras/DI Yogyakarta/2024-12-30,30335.653335854346
Daging Ayam Ras/DI Yogyakarta/2024-12-31,30325.70510495678
Daging Ayam Ras/DKI Jakarta/2024-10-01,30374.78054453909
Daging Ayam Ras/DKI Jakarta/2024-10-02,30345.4463833211
Daging Ayam Ras/DKI Jakarta/2024-10-03,30333.959233682443
Daging Ayam Ras/DKI Jakarta/2024-10-04,30347.86723187681
Daging Ayam Ras/DKI Jakarta/2024-10-05,30342.81811093842
Daging Ayam Ras/DKI Jakarta/2024-10-06,30341.022822543247
Daging Ayam Ras/DKI Jakarta/2024-10-07,30354.080667668724
Daging Ayam Ras/DKI Jakarta/2024-10-08,30356.504513221924
Daging Ayam Ras/DKI Jakarta/2024-10-09,30336.56683346884
Daging Ayam Ras/DKI Jakarta/2024-10-10,30335.62007264272
Daging Ayam Ras/DKI Jakarta/2024-10-11,30340.121325430315
Daging Ayam Ras/DKI Jakarta/2024-10-12,30308.561230684776
Daging Ayam Ras/DKI Jakarta/2024-10-13,30320.36021839485
Daging Ayam Ras/DKI Jakarta/2024-10-14,30365.199388358065
Daging Ayam Ras/DKI Jakarta/2024-10-15,30370.24143491829
Daging Ayam Ras/DKI Jakarta/2024-10-16,30341.25776205191
Daging Ayam Ras/DKI Jakarta/2024-10-17,30353.88017851328
Daging Ayam Ras/DKI Jakarta/2024-10-18,30349.642512114773
Daging Ayam Ras/DKI Jakarta/2024-10-19,30392.53113550127
Daging Ayam Ras/DKI Jakarta/2024-10-20,30362.72293722309
Daging Ayam Ras/DKI Jakarta/2024-10-21,30343.25389833448
Daging Ayam Ras/DKI Jakarta/2024-10-22,30329.90551188984
Daging Ayam Ras/DKI Jakarta/2024-10-23,30319.310505294456
Daging Ayam Ras/DKI Jakarta/2024-10-24,30347.062884438557
Daging Ayam Ras/DKI Jakarta/2024-10-25,30332.559787943457
Daging Ayam Ras/DKI Jakarta/2024-10-26,30322.24362038867
Daging Ayam Ras/DKI Jakarta/2024-10-27,30334.151120509272
Daging Ayam Ras/DKI Jakarta/2024-10-28,30327.451171928395
Daging Ayam Ras/DKI Jakarta/2024-10-29,30370.42984791094
Daging Ayam Ras/DKI Jakarta/2024-10-30,30358.59313388104
Daging Ayam Ras/DKI Jakarta/2024-10-31,30344.91206183286
Daging Ayam Ras/DKI Jakarta/2024-11-01,30367.82901897982
Daging Ayam Ras/DKI Jakarta/2024-11-02,30346.19396218568
Daging Ayam Ras/DKI Jakarta/2024-11-03,30331.292475565075
Daging Ayam Ras/DKI Jakarta/2024-11-04,30368.0922149425
Daging Ayam Ras/DKI Jakarta/2024-11-05,30353.19534115321
Daging Ayam Ras/DKI Jakarta/2024-11-06,30328.65777661609
Daging Ayam Ras/DKI Jakarta/2024-11-07,30341.502667498637
Daging Ayam Ras/DKI Jakarta/2024-11-08,30330.81055210933
Daging Ayam Ras/DKI Jakarta/2024-11-09,30322.707801186
Daging Ayam Ras/DKI Jakarta/2024-11-10,30358.522307065068
Daging Ayam Ras/DKI Jakarta/2024-11-11,30374.343758830702
Daging Ayam Ras/DKI Jakarta/2024-11-12,30323.36043380454
Daging Ayam Ras/DKI Jakarta/2024-11-13,30353.3434261474
Daging Ayam Ras/DKI Jakarta/2024-11-14,30334.539127117096
Daging Ayam Ras/DKI Jakarta/2024-11-15,30336.78783126008
Daging Ayam Ras/DKI Jakarta/2024-11-16,30335.11760890029
Daging Ayam Ras/DKI Jakarta/2024-11-17,30330.95422588823
Daging Ayam Ras/DKI Jakarta/2024-11-18,30345.012135044657
Daging Ayam Ras/DKI Jakarta/2024-11-19,30331.562446026805
Daging Ayam Ras/DKI Jakarta/2024-11-20,30348.588078153105
Daging Ayam Ras/DKI Jakarta/2024-11-21,30343.79809378184
Daging Ayam Ras/DKI Jakarta/2024-11-22,30340.888347567125
Daging Ayam Ras/DKI Jakarta/2024-11-23,30330.41644416929
Daging Ayam Ras/DKI Jakarta/2024-11-24,30335.385718047757
Daging Ayam Ras/DKI Jakarta/2024-11-25,30356.0541071335
Daging Ayam Ras/DKI Jakarta/2024-11-26,30352.44815849467
Daging Ayam Ras/DKI Jakarta/2024-11-27,30329.586255971783
Daging Ayam Ras/DKI Jakarta/2024-11-28,30346.031621116035
Daging Ayam Ras/DKI Jakarta/2024-11-29,30356.202443215192
Daging Ayam Ras/DKI Jakarta/2024-11-30,30318.71716519056
Daging Ayam Ras/DKI Jakarta/2024-12-01,30352.72072704937
Daging Ayam Ras/DKI Jakarta/2024-12-02,30334.258407263114
Daging Ayam Ras/DKI Jakarta/2024-12-03,30353.2828652707
Daging Ayam Ras/DKI Jakarta/2024-12-04,30332.770285852104
Daging Ayam Ras/DKI Jakarta/2024-12-05,30316.42537533391
Daging Ayam Ras/DKI Jakarta/2024-12-06,30318.731054279917
Daging Ayam Ras/DKI Jakarta/2024-12-07,30344.68833665853
Daging Ayam Ras/DKI Jakarta/2024-12-08,30348.33309851792
Daging Ayam Ras/DKI Jakarta/2024-12-09,30330.570064018077
Daging Ayam Ras/DKI Jakarta/2024-12-10,30354.436375732043
Daging Ayam Ras/DKI Jakarta/2024-12-11,30318.85197112972
Daging Ayam Ras/DKI Jakarta/2024-12-12,30343.192115732018
Daging Ayam Ras/DKI Jakarta/2024-12-13,30325.53803093472
Daging Ayam Ras/DKI Jakarta/2024-12-14,30334.098918736418
Daging Ayam Ras/DKI Jakarta/2024-12-15,30344.997009896357
Daging Ayam Ras/DKI Jakarta/2024-12-16,30331.144523550018
Daging Ayam Ras/DKI Jakarta/2024-12-17,30338.390034091368
Daging Ayam Ras/DKI Jakarta/2024-12-18,30360.09838268905
Daging Ayam Ras/DKI Jakarta/2024-12-19,30335.791069260824
Daging Ayam Ras/DKI Jakarta/2024-12-20,30357.5669761725
Daging Ayam Ras/DKI Jakarta/2024-12-21,30327.214740205047
Daging Ayam Ras/DKI Jakarta/2024-12-22,30352.63492114049
Daging Ayam Ras/DKI Jakarta/2024-12-23,30366.987899827767
Daging Ayam Ras/DKI Jakarta/2024-12-24,30306.502858449323
Daging Ayam Ras/DKI Jakarta/2024-12-25,30331.769013057976
Daging Ayam Ras/DKI Jakarta/2024-12-26,30353.14711640112
Daging Ayam Ras/DKI Jakarta/2024-12-27,30341.310521974778
Daging Ayam Ras/DKI Jakarta/2024-12-28,30350.317630248923
Daging Ayam Ras/DKI Jakarta/2024-12-29,30335.388038344467
Daging Ayam Ras/DKI Jakarta/2024-12-30,30345.84771073781
Daging Ayam Ras/DKI Jakarta/2024-12-31,30342.09327909894
Daging Ayam Ras/Gorontalo/2024-10-01,30362.698979557088
Daging Ayam Ras/Gorontalo/2024-10-02,30348.79251504413
Daging Ayam Ras/Gorontalo/2024-10-03,30350.058400454225
Daging Ayam Ras/Gorontalo/2024-10-04,30338.32753999339
Daging Ayam Ras/Gorontalo/2024-10-05,30336.932519130663
Daging Ayam Ras/Gorontalo/2024-10-06,30337.6323322696
Daging Ayam Ras/Gorontalo/2024-10-07,30350.511681985005
Daging Ayam Ras/Gorontalo/2024-10-08,30338.03685358765
Daging Ayam Ras/Gorontalo/2024-10-09,30349.042354427263
Daging Ayam Ras/Gorontalo/2024-10-10,30376.92827543069
Daging Ayam Ras/Gorontalo/2024-10-11,30358.662831364836
Daging Ayam Ras/Gorontalo/2024-10-12,30339.97757050012
Daging Ayam Ras/Gorontalo/2024-10-13,30363.39315171165
Daging Ayam Ras/Gorontalo/2024-10-14,30338.46140068712
Daging Ayam Ras/Gorontalo/2024-10-15,30312.797856276324
Daging Ayam Ras/Gorontalo/2024-10-16,30328.356998179253
Daging Ayam Ras/Gorontalo/2024-10-17,30314.940546458503
Daging Ayam Ras/Gorontalo/2024-10-18,30338.39226216004
Daging Ayam Ras/Gorontalo/2024-10-19,30344.54350033717
Daging Ayam Ras/Gorontalo/2024-10-20,30370.648450327302
Daging Ayam Ras/Gorontalo/2024-10-21,30350.131373369168
Daging Ayam Ras/Gorontalo/2024-10-22,30341.55461395469
Daging Ayam Ras/Gorontalo/2024-10-23,30357.55615006072
Daging Ayam Ras/Gorontalo/2024-10-24,30310.33326650744
Daging Ayam Ras/Gorontalo/2024-10-25,30347.72435817672
Daging Ayam Ras/Gorontalo/2024-10-26,30356.365444039177
Daging Ayam Ras/Gorontalo/2024-10-27,30321.694899868613
Daging Ayam Ras/Gorontalo/2024-10-28,30362.12111204208
Daging Ayam Ras/Gorontalo/2024-10-29,30350.058332740537
Daging Ayam Ras/Gorontalo/2024-10-30,30338.265100791687
Daging Ayam Ras/Gorontalo/2024-10-31,30354.401096056863
Daging Ayam Ras/Gorontalo/2024-11-01,30380.06672429971
Daging Ayam Ras/Gorontalo/2024-11-02,30347.95775283777
Daging Ayam Ras/Gorontalo/2024-11-03,30348.785540325192
Daging Ayam Ras/Gorontalo/2024-11-04,30337.60882142175
Daging Ayam Ras/Gorontalo/2024-11-05,30331.21498284908
Daging Ayam Ras/Gorontalo/2024-11-06,30357.13248675942
Daging Ayam Ras/Gorontalo/2024-11-07,30331.31471283033
Daging Ayam Ras/Gorontalo/2024-11-08,30345.55031684975
Daging Ayam Ras/Gorontalo/2024-11-09,30337.12047590608
Daging Ayam Ras/Gorontalo/2024-11-10,30351.915480467065
Daging Ayam Ras/Gorontalo/2024-11-11,30349.803430810705
Daging Ayam Ras/Gorontalo/2024-11-12,30360.879061110427
Daging Ayam Ras/Gorontalo/2024-11-13,30336.95774327172
Daging Ayam Ras/Gorontalo/2024-11-14,30340.41510975973
Daging Ayam Ras/Gorontalo/2024-11-15,30329.233201703857
Daging Ayam Ras/Gorontalo/2024-11-16,30337.340596527563
Daging Ayam Ras/Gorontalo/2024-11-17,30350.163342986743
Daging Ayam Ras/Gorontalo/2024-11-18,30356.374203927
Daging Ayam Ras/Gorontalo/2024-11-19,30330.46899755994
Daging Ayam Ras/Gorontalo/2024-11-20,30358.048540682958
Daging Ayam Ras/Gorontalo/2024-11-21,30365.80749988446
Daging Ayam Ras/Gorontalo/2024-11-22,30351.380965674536
Daging Ayam Ras/Gorontalo/2024-11-23,30374.06264568237
Daging Ayam Ras/Gorontalo/2024-11-24,30333.119782371305
Daging Ayam Ras/Gorontalo/2024-11-25,30325.218311308698
Daging Ayam Ras/Gorontalo/2024-11-26,30316.506817459493
Daging Ayam Ras/Gorontalo/2024-11-27,30367.17885741651
Daging Ayam Ras/Gorontalo/2024-11-28,30354.76608848358
Daging Ayam Ras/Gorontalo/2024-11-29,30344.03943342805
Daging Ayam Ras/Gorontalo/2024-11-30,30349.14709563937
Daging Ayam Ras/Gorontalo/2024-12-01,30327.211994167857
Daging Ayam Ras/Gorontalo/2024-12-02,30382.315250541484
Daging Ayam Ras/Gorontalo/2024-12-03,30347.015302813583
Daging Ayam Ras/Gorontalo/2024-12-04,30346.57445768946
Daging Ayam Ras/Gorontalo/2024-12-05,30356.013500640285
Daging Ayam Ras/Gorontalo/2024-12-06,30352.26546573356
Daging Ayam Ras/Gorontalo/2024-12-07,30348.158557345247
Daging Ayam Ras/Gorontalo/2024-12-08,30332.41106585707
Daging Ayam Ras/Gorontalo/2024-12-09,30351.74994776362
Daging Ayam Ras/Gorontalo/2024-12-10,30373.83797076502
Daging Ayam Ras/Gorontalo/2024-12-11,30365.962633969397
Daging Ayam Ras/Gorontalo/2024-12-12,30369.944598103222
Daging Ayam Ras/Gorontalo/2024-12-13,30337.274681087627
Daging Ayam Ras/Gorontalo/2024-12-14,30329.257481931323
Daging Ayam Ras/Gorontalo/2024-12-15,30342.266705230395
Daging Ayam Ras/Gorontalo/2024-12-16,30345.1749257463
Daging Ayam Ras/Gorontalo/2024-12-17,30361.48963416769
Daging Ayam Ras/Gorontalo/2024-12-18,30318.54441602223
Daging Ayam Ras/Gorontalo/2024-12-19,30368.155561179174
Daging Ayam Ras/Gorontalo/2024-12-20,30342.324399322013
Daging Ayam Ras/Gorontalo/2024-12-21,30338.00876687467
Daging Ayam Ras/Gorontalo/2024-12-22,30328.7470330422
Daging Ayam Ras/Gorontalo/2024-12-23,30318.57584697445
Daging Ayam Ras/Gorontalo/2024-12-24,30356.770125821036
Daging Ayam Ras/Gorontalo/2024-12-25,30345.67604818183
Daging Ayam Ras/Gorontalo/2024-12-26,30324.59790332544
Daging Ayam Ras/Gorontalo/2024-12-27,30324.23115591414
Daging Ayam Ras/Gorontalo/2024-12-28,30338.94089090651
Daging Ayam Ras/Gorontalo/2024-12-29,30370.20958678002
Daging Ayam Ras/Gorontalo/2024-12-30,30340.860679213027
Daging Ayam Ras/Gorontalo/2024-12-31,30321.405911581274
Daging Ayam Ras/Jambi/2024-10-01,30340.489935432724
Daging Ayam Ras/Jambi/2024-10-02,30340.06335922645
Daging Ayam Ras/Jambi/2024-10-03,30302.389638331188
Daging Ayam Ras/Jambi/2024-10-04,30343.067092488964
Daging Ayam Ras/Jambi/2024-10-05,30340.68480206479
Daging Ayam Ras/Jambi/2024-10-06,30355.25412265655
Daging Ayam Ras/Jambi/2024-10-07,30373.535302747296
Daging Ayam Ras/Jambi/2024-10-08,30362.75088617778
Daging Ayam Ras/Jambi/2024-10-09,30340.93496580584
Daging Ayam Ras/Jambi/2024-10-10,30327.51197125408
Daging Ayam Ras/Jambi/2024-10-11,30384.29370698903
Daging Ayam Ras/Jambi/2024-10-12,30345.86132321281
Daging Ayam Ras/Jambi/2024-10-13,30345.042015935884
Daging Ayam Ras/Jambi/2024-10-14,30344.342014073347
Daging Ayam Ras/Jambi/2024-10-15,30347.66519444293
Daging Ayam Ras/Jambi/2024-10-16,30342.257999913752
Daging Ayam Ras/Jambi/2024-10-17,30335.63525427088
Daging Ayam Ras/Jambi/2024-10-18,30335.91739530148
Daging Ayam Ras/Jambi/2024-10-19,30343.853086272557
Daging Ayam Ras/Jambi/2024-10-20,30336.01435792728
Daging Ayam Ras/Jambi/2024-10-21,30333.3443888488
Daging Ayam Ras/Jambi/2024-10-22,30346.024383749605
Daging Ayam Ras/Jambi/2024-10-23,30340.548750181584
Daging Ayam Ras/Jambi/2024-10-24,30367.91148237274
Daging Ayam Ras/Jambi/2024-10-25,30303.70206064429
Daging Ayam Ras/Jambi/2024-10-26,30361.135512313824
Daging Ayam Ras/Jambi/2024-10-27,30363.954706439352
Daging Ayam Ras/Jambi/2024-10-28,30312.641628068024
Daging Ayam Ras/Jambi/2024-10-29,30338.924360978788
Daging Ayam Ras/Jambi/2024-10-30,30338.60219078439
Daging Ayam Ras/Jambi/2024-10-31,30322.395070390063
Daging Ayam Ras/Jambi/2024-11-01,30332.049876748293
Daging Ayam Ras/Jambi/2024-11-02,30327.010619152312
Daging Ayam Ras/Jambi/2024-11-03,30371.436626893952
Daging Ayam Ras/Jambi/2024-11-04,30359.423361079043
Daging Ayam Ras/Jambi/2024-11-05,30364.841049314346
Daging Ayam Ras/Jambi/2024-11-06,30356.35363917307
Daging Ayam Ras/Jambi/2024-11-07,30327.40528447437
Daging Ayam Ras/Jambi/2024-11-08,30336.1901533516
Daging Ayam Ras/Jambi/2024-11-09,30351.88203033942
Daging Ayam Ras/Jambi/2024-11-10,30325.49522450686
Daging Ayam Ras/Jambi/2024-11-11,30355.398585625524
Daging Ayam Ras/Jambi/2024-11-12,30340.93118921787
Daging Ayam Ras/Jambi/2024-11-13,30338.7477399166
Daging Ayam Ras/Jambi/2024-11-14,30355.545210672728
Daging Ayam Ras/Jambi/2024-11-15,30351.647398435704
Daging Ayam Ras/Jambi/2024-11-16,30339.1160802714
Daging Ayam Ras/Jambi/2024-11-17,30362.628657073285
Daging Ayam Ras/Jambi/2024-11-18,30328.01361915816
Daging Ayam Ras/Jambi/2024-11-19,30353.99438933855
Daging Ayam Ras/Jambi/2024-11-20,30353.84728590874
Daging Ayam Ras/Jambi/2024-11-21,30339.93632670969
Daging Ayam Ras/Jambi/2024-11-22,30349.64107518738
Daging Ayam Ras/Jambi/2024-11-23,30325.212092428148
Daging Ayam Ras/Jambi/2024-11-24,30358.643848562697
Daging Ayam Ras/Jambi/2024-11-25,30341.7547178106
Daging Ayam Ras/Jambi/2024-11-26,30336.476252558077
Daging Ayam Ras/Jambi/2024-11-27,30360.79056706388
Daging Ayam Ras/Jambi/2024-11-28,30333.83909918401
Daging Ayam Ras/Jambi/2024-11-29,30322.56996820793
Daging Ayam Ras/Jambi/2024-11-30,30319.9861215642
Daging Ayam Ras/Jambi/2024-12-01,30353.425800206085
Daging Ayam Ras/Jambi/2024-12-02,30324.50904755441
Daging Ayam Ras/Jambi/2024-12-03,30371.636868033715
Daging Ayam Ras/Jambi/2024-12-04,30312.55857165238
Daging Ayam Ras/Jambi/2024-12-05,30370.710118056555
Daging Ayam Ras/Jambi/2024-12-06,30348.075743771496
Daging Ayam Ras/Jambi/2024-12-07,30343.291510572348
Daging Ayam Ras/Jambi/2024-12-08,30336.126609809515
Daging Ayam Ras/Jambi/2024-12-09,30350.717555828
Daging Ayam Ras/Jambi/2024-12-10,30343.934605595245
Daging Ayam Ras/Jambi/2024-12-11,30361.753075155724
Daging Ayam Ras/Jambi/2024-12-12,30346.642322059502
Daging Ayam Ras/Jambi/2024-12-13,30347.099938339205
Daging Ayam Ras/Jambi/2024-12-14,30338.99692532773
Daging Ayam Ras/Jambi/2024-12-15,30343.61055166666
Daging Ayam Ras/Jambi/2024-12-16,30349.25880061486
Daging Ayam Ras/Jambi/2024-12-17,30318.01205756574
Daging Ayam Ras/Jambi/2024-12-18,30323.223336290743
Daging Ayam Ras/Jambi/2024-12-19,30355.62426256628
Daging Ayam Ras/Jambi/2024-12-20,30347.17103493093
Daging Ayam Ras/Jambi/2024-12-21,30341.809124922453
Daging Ayam Ras/Jambi/2024-12-22,30344.96910015557
Daging Ayam Ras/Jambi/2024-12-23,30350.024584875333
Daging Ayam Ras/Jambi/2024-12-24,30336.224245432968
Daging Ayam Ras/Jambi/2024-12-25,30332.378133901395
Daging Ayam Ras/Jambi/2024-12-26,30347.38815435378
Daging Ayam Ras/Jambi/2024-12-27,30329.27426669461
Daging Ayam Ras/Jambi/2024-12-28,30350.67909682159
Daging Ayam Ras/Jambi/2024-12-29,30318.105380762096
Daging Ayam Ras/Jambi/2024-12-30,30360.22443343695
Daging Ayam Ras/Jambi/2024-12-31,30351.98681243042
Daging Ayam Ras/Jawa Barat/2024-10-01,30348.77678094413
Daging Ayam Ras/Jawa Barat/2024-10-02,30360.039445122915
Daging Ayam Ras/Jawa Barat/2024-10-03,30370.83768952478
Daging Ayam Ras/Jawa Barat/2024-10-04,30360.83946609525
Daging Ayam Ras/Jawa Barat/2024-10-05,30316.400916289054
Daging Ayam Ras/Jawa Barat/2024-10-06,30324.388775445303
Daging Ayam Ras/Jawa Barat/2024-10-07,30334.27587128145
Daging Ayam Ras/Jawa Barat/2024-10-08,30344.498328138856
Daging Ayam Ras/Jawa Barat/2024-10-09,30352.483869856867
Daging Ayam Ras/Jawa Barat/2024-10-10,30333.486984646504
Daging Ayam Ras/Jawa Barat/2024-10-11,30347.444676315437
Daging Ayam Ras/Jawa Barat/2024-10-12,30332.829323607424
Daging Ayam Ras/Jawa Barat/2024-10-13,30334.86884357532
Daging Ayam Ras/Jawa Barat/2024-10-14,30322.44343421116
Daging Ayam Ras/Jawa Barat/2024-10-15,30329.792624649966
Daging Ayam Ras/Jawa Barat/2024-10-16,30323.121494079594
Daging Ayam Ras/Jawa Barat/2024-10-17,30328.933771260658
Daging Ayam Ras/Jawa Barat/2024-10-18,30360.571843380123
Daging Ayam Ras/Jawa Barat/2024-10-19,30329.9581082986
Daging Ayam Ras/Jawa Barat/2024-10-20,30385.465342610398
Daging Ayam Ras/Jawa Barat/2024-10-21,30352.887119665455
Daging Ayam Ras/Jawa Barat/2024-10-22,30347.900817255857
Daging Ayam Ras/Jawa Barat/2024-10-23,30331.403149750648
Daging Ayam Ras/Jawa Barat/2024-10-24,30355.307847999044
Daging Ayam Ras/Jawa Barat/2024-10-25,30335.558356244983
Daging Ayam Ras/Jawa Barat/2024-10-26,30346.362576712592
Daging Ayam Ras/Jawa Barat/2024-10-27,30384.394558244072
Daging Ayam Ras/Jawa Barat/2024-10-28,30343.715801848888
Daging Ayam Ras/Jawa Barat/2024-10-29,30362.74389730541
Daging Ayam Ras/Jawa Barat/2024-10-30,30334.02603222461
Daging Ayam Ras/Jawa Barat/2024-10-31,30343.958444180826
Daging Ayam Ras/Jawa Barat/2024-11-01,30371.95876919561
Daging Ayam Ras/Jawa Barat/2024-11-02,30335.197215424498
Daging Ayam Ras/Jawa Barat/2024-11-03,30372.806476974674
Daging Ayam Ras/Jawa Barat/2024-11-04,30356.04610401865
Daging Ayam Ras/Jawa Barat/2024-11-05,30336.17481373172
Daging Ayam Ras/Jawa Barat/2024-11-06,30354.37131907492
Daging Ayam Ras/Jawa Barat/2024-11-07,30359.81348419104
Daging Ayam Ras/Jawa Barat/2024-11-08,30354.447153054814
Daging Ayam Ras/Jawa Barat/2024-11-09,30320.418092845364
Daging Ayam Ras/Jawa Barat/2024-11-10,30333.01572281733
Daging Ayam Ras/Jawa Barat/2024-11-11,30340.32909162824
Daging Ayam Ras/Jawa Barat/2024-11-12,30343.14765900636
Daging Ayam Ras/Jawa Barat/2024-11-13,30354.149057549246
Daging Ayam Ras/Jawa Barat/2024-11-14,30347.551777866527
Daging Ayam Ras/Jawa Barat/2024-11-15,30323.95860905651
Daging Ayam Ras/Jawa Barat/2024-11-16,30350.23225446086
Daging Ayam Ras/Jawa Barat/2024-11-17,30354.000379171797
Daging Ayam Ras/Jawa Barat/2024-11-18,30353.39775805628
Daging Ayam Ras/Jawa Barat/2024-11-19,30361.631618680152
Daging Ayam Ras/Jawa Barat/2024-11-20,30357.95991986658
Daging Ayam Ras/Jawa Barat/2024-11-21,30352.053936699664
Daging Ayam Ras/Jawa Barat/2024-11-22,30343.706075833423
Daging Ayam Ras/Jawa Barat/2024-11-23,30318.76378608188
Daging Ayam Ras/Jawa Barat/2024-11-24,30350.803169399183
Daging Ayam Ras/Jawa Barat/2024-11-25,30347.649242525385
Daging Ayam Ras/Jawa Barat/2024-11-26,30348.81865835377
Daging Ayam Ras/Jawa Barat/2024-11-27,30324.84978331074
Daging Ayam Ras/Jawa Barat/2024-11-28,30327.56100039363
Daging Ayam Ras/Jawa Barat/2024-11-29,30360.52782777865
Daging Ayam Ras/Jawa Barat/2024-11-30,30344.0129726959
Daging Ayam Ras/Jawa Barat/2024-12-01,30355.26924283221
Daging Ayam Ras/Jawa Barat/2024-12-02,30345.292927984712
Daging Ayam Ras/Jawa Barat/2024-12-03,30345.166123383875
Daging Ayam Ras/Jawa Barat/2024-12-04,30359.16772770891
Daging Ayam Ras/Jawa Barat/2024-12-05,30336.768797182584
Daging Ayam Ras/Jawa Barat/2024-12-06,30346.03653152768
Daging Ayam Ras/Jawa Barat/2024-12-07,30337.376100505116
Daging Ayam Ras/Jawa Barat/2024-12-08,30337.67994150437
Daging Ayam Ras/Jawa Barat/2024-12-09,30339.57178436674
Daging Ayam Ras/Jawa Barat/2024-12-10,30347.904575676475
Daging Ayam Ras/Jawa Barat/2024-12-11,30337.127807215933
Daging Ayam Ras/Jawa Barat/2024-12-12,30364.04296531684
Daging Ayam Ras/Jawa Barat/2024-12-13,30330.93403871387
Daging Ayam Ras/Jawa Barat/2024-12-14,30341.607873064822
Daging Ayam Ras/Jawa Barat/2024-12-15,30337.625427671024
Daging Ayam Ras/Jawa Barat/2024-12-16,30366.925969112377
Daging Ayam Ras/Jawa Barat/2024-12-17,30347.87733176854
Daging Ayam Ras/Jawa Barat/2024-12-18,30360.887119390325
Daging Ayam Ras/Jawa Barat/2024-12-19,30321.810343291487
Daging Ayam Ras/Jawa Barat/2024-12-20,30348.510822103846
Daging Ayam Ras/Jawa Barat/2024-12-21,30358.26646805744
Daging Ayam Ras/Jawa Barat/2024-12-22,30346.019051992764
Daging Ayam Ras/Jawa Barat/2024-12-23,30361.27314858752
Daging Ayam Ras/Jawa Barat/2024-12-24,30336.89180471075
Daging Ayam Ras/Jawa Barat/2024-12-25,30366.493256839087
Daging Ayam Ras/Jawa Barat/2024-12-26,30380.618547990754
Daging Ayam Ras/Jawa Barat/2024-12-27,30339.61747269335
Daging Ayam Ras/Jawa Barat/2024-12-28,30337.86336621532
Daging Ayam Ras/Jawa Barat/2024-12-29,30367.123374331
Daging Ayam Ras/Jawa Barat/2024-12-30,30369.327420758887
Daging Ayam Ras/Jawa Barat/2024-12-31,30336.885034153893
Daging Ayam Ras/Jawa Tengah/2024-10-01,30338.19072292416
Daging Ayam Ras/Jawa Tengah/2024-10-02,30340.08148893361
Daging Ayam Ras/Jawa Tengah/2024-10-03,30323.424028415444
Daging Ayam Ras/Jawa Tengah/2024-10-04,30329.840697738524
Daging Ayam Ras/Jawa Tengah/2024-10-05,30328.574664727137
Daging Ayam Ras/Jawa Tengah/2024-10-06,30332.237830010792
Daging Ayam Ras/Jawa Tengah/2024-10-07,30343.718972133986
Daging Ayam Ras/Jawa Tengah/2024-10-08,30348.148681947398
Daging Ayam Ras/Jawa Tengah/2024-10-09,30368.780532313584
Daging Ayam Ras/Jawa Tengah/2024-10-10,30329.50477327213
Daging Ayam Ras/Jawa Tengah/2024-10-11,30359.896983548733
Daging Ayam Ras/Jawa Tengah/2024-10-12,30341.42017053555
Daging Ayam Ras/Jawa Tengah/2024-10-13,30343.80743676959
Daging Ayam Ras/Jawa Tengah/2024-10-14,30355.021202639837
Daging Ayam Ras/Jawa Tengah/2024-10-15,30327.2837647802
Daging Ayam Ras/Jawa Tengah/2024-10-16,30350.298676242648
Daging Ayam Ras/Jawa Tengah/2024-10-17,30347.15265674071
Daging Ayam Ras/Jawa Tengah/2024-10-18,30352.274451844423
Daging Ayam Ras/Jawa Tengah/2024-10-19,30349.218284806724
Daging Ayam Ras/Jawa Tengah/2024-10-20,30382.960357848784
Daging Ayam Ras/Jawa Tengah/2024-10-21,30335.28028688702
Daging Ayam Ras/Jawa Tengah/2024-10-22,30336.470869819623
Daging Ayam Ras/Jawa Tengah/2024-10-23,30334.74178372154
Daging Ayam Ras/Jawa Tengah/2024-10-24,30335.636324524283
Daging Ayam Ras/Jawa Tengah/2024-10-25,30334.32144615989
Daging Ayam Ras/Jawa Tengah/2024-10-26,30362.858595452533
Daging Ayam Ras/Jawa Tengah/2024-10-27,30366.892935021267
Daging Ayam Ras/Jawa Tengah/2024-10-28,30336.20120072149
Daging Ayam Ras/Jawa Tengah/2024-10-29,30331.75475751201
Daging Ayam Ras/Jawa Tengah/2024-10-30,30351.705078228224
Daging Ayam Ras/Jawa Tengah/2024-10-31,30335.89336905917
Daging Ayam Ras/Jawa Tengah/2024-11-01,30354.26106956668
Daging Ayam Ras/Jawa Tengah/2024-11-02,30347.87113444097
Daging Ayam Ras/Jawa Tengah/2024-11-03,30321.13179238666
Daging Ayam Ras/Jawa Tengah/2024-11-04,30368.327759848373
Daging Ayam Ras/Jawa Tengah/2024-11-05,30372.722373195043
Daging Ayam Ras/Jawa Tengah/2024-11-06,30335.578608613287
Daging Ayam Ras/Jawa Tengah/2024-11-07,30338.70191592127
Daging Ayam Ras/Jawa Tengah/2024-11-08,30348.967087240657
Daging Ayam Ras/Jawa Tengah/2024-11-09,30349.67634111436
Daging Ayam Ras/Jawa Tengah/2024-11-10,30354.85042686096
Daging Ayam Ras/Jawa Tengah/2024-11-11,30376.095008689896
Daging Ayam Ras/Jawa Tengah/2024-11-12,30342.41426498644
Daging Ayam Ras/Jawa Tengah/2024-11-13,30332.37708549943
Daging Ayam Ras/Jawa Tengah/2024-11-14,30322.954337284667
Daging Ayam Ras/Jawa Tengah/2024-11-15,30332.69744401405
Daging Ayam Ras/Jawa Tengah/2024-11-16,30343.584515216666
Daging Ayam Ras/Jawa Tengah/2024-11-17,30372.35575132165
Daging Ayam Ras/Jawa Tengah/2024-11-18,30336.976514768463
Daging Ayam Ras/Jawa Tengah/2024-11-19,30348.23758734902
Daging Ayam Ras/Jawa Tengah/2024-11-20,30344.418295478088
Daging Ayam Ras/Jawa Tengah/2024-11-21,30363.045746971708
Daging Ayam Ras/Jawa Tengah/2024-11-22,30384.111446034287
Daging Ayam Ras/Jawa Tengah/2024-11-23,30337.08858143421
Daging Ayam Ras/Jawa Tengah/2024-11-24,30337.19055782344
Daging Ayam Ras/Jawa Tengah/2024-11-25,30360.715812566126
Daging Ayam Ras/Jawa Tengah/2024-11-26,30355.257123078103
Daging Ayam Ras/Jawa Tengah/2024-11-27,30373.47641291613
Daging Ayam Ras/Jawa Tengah/2024-11-28,30354.259145131164
Daging Ayam Ras/Jawa Tengah/2024-11-29,30339.390903020943
Daging Ayam Ras/Jawa Tengah/2024-11-30,30353.76634920031
Daging Ayam Ras/Jawa Tengah/2024-12-01,30361.882429672856
Daging Ayam Ras/Jawa Tengah/2024-12-02,30357.57262413537
Daging Ayam Ras/Jawa Tengah/2024-12-03,30352.805027561244
Daging Ayam Ras/Jawa Tengah/2024-12-04,30361.44582673266
Daging Ayam Ras/Jawa Tengah/2024-12-05,30363.075400472964
Daging Ayam Ras/Jawa Tengah/2024-12-06,30366.450425951905
Daging Ayam Ras/Jawa Tengah/2024-12-07,30355.14156502537
Daging Ayam Ras/Jawa Tengah/2024-12-08,30342.308181379118
Daging Ayam Ras/Jawa Tengah/2024-12-09,30346.88350875184
Daging Ayam Ras/Jawa Tengah/2024-12-10,30363.307745474453
Daging Ayam Ras/Jawa Tengah/2024-12-11,30332.091312604567
Daging Ayam Ras/Jawa Tengah/2024-12-12,30350.245675438706
Daging Ayam Ras/Jawa Tengah/2024-12-13,30338.493397822207
Daging Ayam Ras/Jawa Tengah/2024-12-14,30344.91770622325
Daging Ayam Ras/Jawa Tengah/2024-12-15,30364.3972461731
Daging Ayam Ras/Jawa Tengah/2024-12-16,30347.87499675842
Daging Ayam Ras/Jawa Tengah/2024-12-17,30345.49888115946
Daging Ayam Ras/Jawa Tengah/2024-12-18,30323.52295125321
Daging Ayam Ras/Jawa Tengah/2024-12-19,30355.8507469499
Daging Ayam Ras/Jawa Tengah/2024-12-20,30354.567018051974
Daging Ayam Ras/Jawa Tengah/2024-12-21,30378.418507266266
Daging Ayam Ras/Jawa Tengah/2024-12-22,30340.436544194483
Daging Ayam Ras/Jawa Tengah/2024-12-23,30348.262720654617
Daging Ayam Ras/Jawa Tengah/2024-12-24,30348.51224196008
Daging Ayam Ras/Jawa Tengah/2024-12-25,30369.129598399
Daging Ayam Ras/Jawa Tengah/2024-12-26,30343.41729437452
Daging Ayam Ras/Jawa Tengah/2024-12-27,30349.111907031813
Daging Ayam Ras/Jawa Tengah/2024-12-28,30354.13617790153
Daging Ayam Ras/Jawa Tengah/2024-12-29,30347.620112953755
Daging Ayam Ras/Jawa Tengah/2024-12-30,30337.69273323747
Daging Ayam Ras/Jawa Tengah/2024-12-31,30347.5339769637
Daging Ayam Ras/Jawa Timur/2024-10-01,30361.254095045755
Daging Ayam Ras/Jawa Timur/2024-10-02,30328.839292258912
Daging Ayam Ras/Jawa Timur/2024-10-03,30346.541098079146
Daging Ayam Ras/Jawa Timur/2024-10-04,30333.645227035027
Daging Ayam Ras/Jawa Timur/2024-10-05,30362.95174804734
Daging Ayam Ras/Jawa Timur/2024-10-06,30321.05042781462
Daging Ayam Ras/Jawa Timur/2024-10-07,30335.683030937256
Daging Ayam Ras/Jawa Timur/2024-10-08,30350.17077517957
Daging Ayam Ras/Jawa Timur/2024-10-09,30368.906209397883
Daging Ayam Ras/Jawa Timur/2024-10-10,30343.92646007812
Daging Ayam Ras/Jawa Timur/2024-10-11,30336.21426900649
Daging Ayam Ras/Jawa Timur/2024-10-12,30373.7851299958
Daging Ayam Ras/Jawa Timur/2024-10-13,30322.38626506073
Daging Ayam Ras/Jawa Timur/2024-10-14,30310.167301922676
Daging Ayam Ras/Jawa Timur/2024-10-15,30350.78982916721
Daging Ayam Ras/Jawa Timur/2024-10-16,30336.52686761592
Daging Ayam Ras/Jawa Timur/2024-10-17,30328.472469257
Daging Ayam Ras/Jawa Timur/2024-10-18,30355.401390093397
Daging Ayam Ras/Jawa Timur/2024-10-19,30348.48407241612
Daging Ayam Ras/Jawa Timur/2024-10-20,30335.901120954422
Daging Ayam Ras/Jawa Timur/2024-10-21,30324.621596695382
Daging Ayam Ras/Jawa Timur/2024-10-22,30357.815288932343
Daging Ayam Ras/Jawa Timur/2024-10-23,30354.682845260068
Daging Ayam Ras/Jawa Timur/2024-10-24,30343.24766325831
Daging Ayam Ras/Jawa Timur/2024-10-25,30373.44673591357
Daging Ayam Ras/Jawa Timur/2024-10-26,30328.429644440286
Daging Ayam Ras/Jawa Timur/2024-10-27,30320.76840999801
Daging Ayam Ras/Jawa Timur/2024-10-28,30333.351604428568
Daging Ayam Ras/Jawa Timur/2024-10-29,30343.435228512582
Daging Ayam Ras/Jawa Timur/2024-10-30,30348.13309501374
Daging Ayam Ras/Jawa Timur/2024-10-31,30340.91659479262
Daging Ayam Ras/Jawa Timur/2024-11-01,30350.10550286299
Daging Ayam Ras/Jawa Timur/2024-11-02,30325.20382955188
Daging Ayam Ras/Jawa Timur/2024-11-03,30366.774089985487
Daging Ayam Ras/Jawa Timur/2024-11-04,30343.496107027488
Daging Ayam Ras/Jawa Timur/2024-11-05,30362.081021544556
Daging Ayam Ras/Jawa Timur/2024-11-06,30350.229628231464
Daging Ayam Ras/Jawa Timur/2024-11-07,30351.93826131828
Daging Ayam Ras/Jawa Timur/2024-11-08,30353.575247308163
Daging Ayam Ras/Jawa Timur/2024-11-09,30351.734833158203
Daging Ayam Ras/Jawa Timur/2024-11-10,30354.716282302667
Daging Ayam Ras/Jawa Timur/2024-11-11,30365.464489738417
Daging Ayam Ras/Jawa Timur/2024-11-12,30348.02025242601
Daging Ayam Ras/Jawa Timur/2024-11-13,30355.81381903537
Daging Ayam Ras/Jawa Timur/2024-11-14,30343.395294436352
Daging Ayam Ras/Jawa Timur/2024-11-15,30367.00591661785
Daging Ayam Ras/Jawa Timur/2024-11-16,30334.34997732388
Daging Ayam Ras/Jawa Timur/2024-11-17,30372.59100786514
Daging Ayam Ras/Jawa Timur/2024-11-18,30344.32472028438
Daging Ayam Ras/Jawa Timur/2024-11-19,30322.48946677323
Daging Ayam Ras/Jawa Timur/2024-11-20,30346.235617476188
Daging Ayam Ras/Jawa Timur/2024-11-21,30333.827486324164
Daging Ayam Ras/Jawa Timur/2024-11-22,30357.368943780333
Daging Ayam Ras/Jawa Timur/2024-11-23,30334.56596118013
Daging Ayam Ras/Jawa Timur/2024-11-24,30337.62041039932
Daging Ayam Ras/Jawa Timur/2024-11-25,30315.028645343085
Daging Ayam Ras/Jawa Timur/2024-11-26,30337.018018751885
Daging Ayam Ras/Jawa Timur/2024-11-27,30306.46897909132
Daging Ayam Ras/Jawa Timur/2024-11-28,30319.246948524626
Daging Ayam Ras/Jawa Timur/2024-11-29,30355.741155348685
Daging Ayam Ras/Jawa Timur/2024-11-30,30356.77507138981
Daging Ayam Ras/Jawa Timur/2024-12-01,30351.477859390103
Daging Ayam Ras/Jawa Timur/2024-12-02,30329.901038608903
Daging Ayam Ras/Jawa Timur/2024-12-03,30343.75152603086
Daging Ayam Ras/Jawa Timur/2024-12-04,30344.35947304009
Daging Ayam Ras/Jawa Timur/2024-12-05,30326.466487873407
Daging Ayam Ras/Jawa Timur/2024-12-06,30367.67953049226
Daging Ayam Ras/Jawa Timur/2024-12-07,30358.48488640997
Daging Ayam Ras/Jawa Timur/2024-12-08,30341.49843480703
Daging Ayam Ras/Jawa Timur/2024-12-09,30345.13319092352
Daging Ayam Ras/Jawa Timur/2024-12-10,30347.860878331445
Daging Ayam Ras/Jawa Timur/2024-12-11,30312.773289864574
Daging Ayam Ras/Jawa Timur/2024-12-12,30340.22738598207
Daging Ayam Ras/Jawa Timur/2024-12-13,30333.661295294507
Daging Ayam Ras/Jawa Timur/2024-12-14,30328.70933486391
Daging Ayam Ras/Jawa Timur/2024-12-15,30339.88598396129
Daging Ayam Ras/Jawa Timur/2024-12-16,30372.41777193733
Daging Ayam Ras/Jawa Timur/2024-12-17,30354.92809751531
Daging Ayam Ras/Jawa Timur/2024-12-18,30336.11035766376
Daging Ayam Ras/Jawa Timur/2024-12-19,30353.55244068968
Daging Ayam Ras/Jawa Timur/2024-12-20,30366.424537461266
Daging Ayam Ras/Jawa Timur/2024-12-21,30359.25631252437
Daging Ayam Ras/Jawa Timur/2024-12-22,30345.903516911272
Daging Ayam Ras/Jawa Timur/2024-12-23,30334.71175404448
Daging Ayam Ras/Jawa Timur/2024-12-24,30355.277353881324
Daging Ayam Ras/Jawa Timur/2024-12-25,30350.70667138924
Daging Ayam Ras/Jawa Timur/2024-12-26,30358.616813936136
Daging Ayam Ras/Jawa Timur/2024-12-27,30354.75687715
Daging Ayam Ras/Jawa Timur/2024-12-28,30361.20491462499
Daging Ayam Ras/Jawa Timur/2024-12-29,30336.579004082894
Daging Ayam Ras/Jawa Timur/2024-12-30,30365.069449789546
Daging Ayam Ras/Jawa Timur/2024-12-31,30347.889052662027
Daging Ayam Ras/Kalimantan Barat/2024-10-01,30377.01050589617
Daging Ayam Ras/Kalimantan Barat/2024-10-02,30334.38799403907
Daging Ayam Ras/Kalimantan Barat/2024-10-03,30371.69328425208
Daging Ayam Ras/Kalimantan Barat/2024-10-04,30348.004662179515
Daging Ayam Ras/Kalimantan Barat/2024-10-05,30334.63892120019
Daging Ayam Ras/Kalimantan Barat/2024-10-06,30336.89978608848
Daging Ayam Ras/Kalimantan Barat/2024-10-07,30339.40026247569
Daging Ayam Ras/Kalimantan Barat/2024-10-08,30350.92715268379
Daging Ayam Ras/Kalimantan Barat/2024-10-09,30352.75186572955
Daging Ayam Ras/Kalimantan Barat/2024-10-10,30335.85371294819
Daging Ayam Ras/Kalimantan Barat/2024-10-11,30344.17119543459
Daging Ayam Ras/Kalimantan Barat/2024-10-12,30377.85812396949
Daging Ayam Ras/Kalimantan Barat/2024-10-13,30371.91661118384
Daging Ayam Ras/Kalimantan Barat/2024-10-14,30352.033573923734
Daging Ayam Ras/Kalimantan Barat/2024-10-15,30345.59954266608
Daging Ayam Ras/Kalimantan Barat/2024-10-16,30346.539815255117
Daging Ayam Ras/Kalimantan Barat/2024-10-17,30354.043496492017
Daging Ayam Ras/Kalimantan Barat/2024-10-18,30328.737677540827
Daging Ayam Ras/Kalimantan Barat/2024-10-19,30340.3838021859
Daging Ayam Ras/Kalimantan Barat/2024-10-20,30318.44186447621
Daging Ayam Ras/Kalimantan Barat/2024-10-21,30350.294873917544
Daging Ayam Ras/Kalimantan Barat/2024-10-22,30354.507611066198
Daging Ayam Ras/Kalimantan Barat/2024-10-23,30337.24837705115
Daging Ayam Ras/Kalimantan Barat/2024-10-24,30369.087216065025
Daging Ayam Ras/Kalimantan Barat/2024-10-25,30325.91989002416
Daging Ayam Ras/Kalimantan Barat/2024-10-26,30321.655723517262
Daging Ayam Ras/Kalimantan Barat/2024-10-27,30347.60044939064
Daging Ayam Ras/Kalimantan Barat/2024-10-28,30360.6819518225
Daging Ayam Ras/Kalimantan Barat/2024-10-29,30370.94509735724
Daging Ayam Ras/Kalimantan Barat/2024-10-30,30338.05852296904
Daging Ayam Ras/Kalimantan Barat/2024-10-31,30361.568594959943
Daging Ayam Ras/Kalimantan Barat/2024-11-01,30344.22053449905
Daging Ayam Ras/Kalimantan Barat/2024-11-02,30341.92602097081
Daging Ayam Ras/Kalimantan Barat/2024-11-03,30358.250036179077
Daging Ayam Ras/Kalimantan Barat/2024-11-04,30354.91476353716
Daging Ayam Ras/Kalimantan Barat/2024-11-05,30320.262739920192
Daging Ayam Ras/Kalimantan Barat/2024-11-06,30367.290568858087
Daging Ayam Ras/Kalimantan Barat/2024-11-07,30366.22454489769
Daging Ayam Ras/Kalimantan Barat/2024-11-08,30335.250268990785
Daging Ayam Ras/Kalimantan Barat/2024-11-09,30350.81352236588
Daging Ayam Ras/Kalimantan Barat/2024-11-10,30352.380320585333
Daging Ayam Ras/Kalimantan Barat/2024-11-11,30348.687709924718
Daging Ayam Ras/Kalimantan Barat/2024-11-12,30336.10186456136
Daging Ayam Ras/Kalimantan Barat/2024-11-13,30334.066841946977
Daging Ayam Ras/Kalimantan Barat/2024-11-14,30343.930231335737
Daging Ayam Ras/Kalimantan Barat/2024-11-15,30362.68119200888
Daging Ayam Ras/Kalimantan Barat/2024-11-16,30353.282286273472
Daging Ayam Ras/Kalimantan Barat/2024-11-17,30339.124305253023
Daging Ayam Ras/Kalimantan Barat/2024-11-18,30356.641116729217
Daging Ayam Ras/Kalimantan Barat/2024-11-19,30300.401624034534
Daging Ayam Ras/Kalimantan Barat/2024-11-20,30361.7842487816
Daging Ayam Ras/Kalimantan Barat/2024-11-21,30317.437576653854
Daging Ayam Ras/Kalimantan Barat/2024-11-22,30338.557738048486
Daging Ayam Ras/Kalimantan Barat/2024-11-23,30326.905275944995
Daging Ayam Ras/Kalimantan Barat/2024-11-24,30324.15766683488
Daging Ayam Ras/Kalimantan Barat/2024-11-25,30362.14501975965
Daging Ayam Ras/Kalimantan Barat/2024-11-26,30337.453301562997
Daging Ayam Ras/Kalimantan Barat/2024-11-27,30349.988596057912
Daging Ayam Ras/Kalimantan Barat/2024-11-28,30343.990717255805
Daging Ayam Ras/Kalimantan Barat/2024-11-29,30352.056378170622
Daging Ayam Ras/Kalimantan Barat/2024-11-30,30345.8521962844
Daging Ayam Ras/Kalimantan Barat/2024-12-01,30324.707932349767
Daging Ayam Ras/Kalimantan Barat/2024-12-02,30359.780953643203
Daging Ayam Ras/Kalimantan Barat/2024-12-03,30336.968823978717
Daging Ayam Ras/Kalimantan Barat/2024-12-04,30320.29372354228
Daging Ayam Ras/Kalimantan Barat/2024-12-05,30337.53329270929
Daging Ayam Ras/Kalimantan Barat/2024-12-06,30367.645776917165
Daging Ayam Ras/Kalimantan Barat/2024-12-07,30358.012889866844
Daging Ayam Ras/Kalimantan Barat/2024-12-08,30339.57643669145
Daging Ayam Ras/Kalimantan Barat/2024-12-09,30339.304720919776
Daging Ayam Ras/Kalimantan Barat/2024-12-10,30339.47495570446
Daging Ayam Ras/Kalimantan Barat/2024-12-11,30376.670340528675
Daging Ayam Ras/Kalimantan Barat/2024-12-12,30350.928521648755
Daging Ayam Ras/Kalimantan Barat/2024-12-13,30351.629827677654
Daging Ayam Ras/Kalimantan Barat/2024-12-14,30360.86068686852
Daging Ayam Ras/Kalimantan Barat/2024-12-15,30348.5899879476
Daging Ayam Ras/Kalimantan Barat/2024-12-16,30340.64978815498
Daging Ayam Ras/Kalimantan Barat/2024-12-17,30341.50260615975
Daging Ayam Ras/Kalimantan Barat/2024-12-18,30343.352558837065
Daging Ayam Ras/Kalimantan Barat/2024-12-19,30343.8921446626
Daging Ayam Ras/Kalimantan Barat/2024-12-20,30355.862783651013
Daging Ayam Ras/Kalimantan Barat/2024-12-21,30345.566338996825
Daging Ayam Ras/Kalimantan Barat/2024-12-22,30356.089450040014
Daging Ayam Ras/Kalimantan Barat/2024-12-23,30343.53717559025
Daging Ayam Ras/Kalimantan Barat/2024-12-24,30345.866515247093
Daging Ayam Ras/Kalimantan Barat/2024-12-25,30313.49147667472
Daging Ayam Ras/Kalimantan Barat/2024-12-26,30358.3419650655
Daging Ayam Ras/Kalimantan Barat/2024-12-27,30349.905265644906
Daging Ayam Ras/Kalimantan Barat/2024-12-28,30360.22658239152
Daging Ayam Ras/Kalimantan Barat/2024-12-29,30299.8644408006
Daging Ayam Ras/Kalimantan Barat/2024-12-30,30376.58837906724
Daging Ayam Ras/Kalimantan Barat/2024-12-31,30342.54036397986
Daging Ayam Ras/Kalimantan Selatan/2024-10-01,30361.909453474807
Daging Ayam Ras/Kalimantan Selatan/2024-10-02,30328.73288525947
Daging Ayam Ras/Kalimantan Selatan/2024-10-03,30354.09459315846
Daging Ayam Ras/Kalimantan Selatan/2024-10-04,30328.15725936312
Daging Ayam Ras/Kalimantan Selatan/2024-10-05,30334.643484560263
Daging Ayam Ras/Kalimantan Selatan/2024-10-06,30374.06121745665
Daging Ayam Ras/Kalimantan Selatan/2024-10-07,30341.984480604813
Daging Ayam Ras/Kalimantan Selatan/2024-10-08,30348.123336073437
Daging Ayam Ras/Kalimantan Selatan/2024-10-09,30358.27645386838
Daging Ayam Ras/Kalimantan Selatan/2024-10-10,30352.517352346305
Daging Ayam Ras/Kalimantan Selatan/2024-10-11,30347.071875845155
Daging Ayam Ras/Kalimantan Selatan/2024-10-12,30350.391175500223
Daging Ayam Ras/Kalimantan Selatan/2024-10-13,30382.070902842308
Daging Ayam Ras/Kalimantan Selatan/2024-10-14,30344.259504617727
Daging Ayam Ras/Kalimantan Selatan/2024-10-15,30347.98468091529
Daging Ayam Ras/Kalimantan Selatan/2024-10-16,30361.044308469067
Daging Ayam Ras/Kalimantan Selatan/2024-10-17,30361.99497024588
Daging Ayam Ras/Kalimantan Selatan/2024-10-18,30363.34028975563
Daging Ayam Ras/Kalimantan Selatan/2024-10-19,30354.9751302342
Daging Ayam Ras/Kalimantan Selatan/2024-10-20,30327.110737745654
Daging Ayam Ras/Kalimantan Selatan/2024-10-21,30369.77387444855
Daging Ayam Ras/Kalimantan Selatan/2024-10-22,30326.943163264208
Daging Ayam Ras/Kalimantan Selatan/2024-10-23,30349.10705870188
Daging Ayam Ras/Kalimantan Selatan/2024-10-24,30332.821829184417
Daging Ayam Ras/Kalimantan Selatan/2024-10-25,30343.41534020822
Daging Ayam Ras/Kalimantan Selatan/2024-10-26,30349.537739119583
Daging Ayam Ras/Kalimantan Selatan/2024-10-27,30349.663335541085
Daging Ayam Ras/Kalimantan Selatan/2024-10-28,30351.25701488175
Daging Ayam Ras/Kalimantan Selatan/2024-10-29,30369.87453930273
Daging Ayam Ras/Kalimantan Selatan/2024-10-30,30352.085274627883
Daging Ayam Ras/Kalimantan Selatan/2024-10-31,30341.088474629603
Daging Ayam Ras/Kalimantan Selatan/2024-11-01,30359.615988808877
Daging Ayam Ras/Kalimantan Selatan/2024-11-02,30363.25460591164
Daging Ayam Ras/Kalimantan Selatan/2024-11-03,30325.79202392991
Daging Ayam Ras/Kalimantan Selatan/2024-11-04,30353.74559977263
Daging Ayam Ras/Kalimantan Selatan/2024-11-05,30355.514948454053
Daging Ayam Ras/Kalimantan Selatan/2024-11-06,30340.07969060673
Daging Ayam Ras/Kalimantan Selatan/2024-11-07,30365.986537327564
Daging Ayam Ras/Kalimantan Selatan/2024-11-08,30342.607313670316
Daging Ayam Ras/Kalimantan Selatan/2024-11-09,30346.620082939025
Daging Ayam Ras/Kalimantan Selatan/2024-11-10,30341.922459832404
Daging Ayam Ras/Kalimantan Selatan/2024-11-11,30344.77777242499
Daging Ayam Ras/Kalimantan Selatan/2024-11-12,30327.446152477027
Daging Ayam Ras/Kalimantan Selatan/2024-11-13,30321.904980377625
Daging Ayam Ras/Kalimantan Selatan/2024-11-14,30368.892418788502
Daging Ayam Ras/Kalimantan Selatan/2024-11-15,30331.56322914303
Daging Ayam Ras/Kalimantan Selatan/2024-11-16,30329.112839440066
Daging Ayam Ras/Kalimantan Selatan/2024-11-17,30310.863585846542
Daging Ayam Ras/Kalimantan Selatan/2024-11-18,30333.99488577637
Daging Ayam Ras/Kalimantan Selatan/2024-11-19,30323.46371964372
Daging Ayam Ras/Kalimantan Selatan/2024-11-20,30369.6850674619
Daging Ayam Ras/Kalimantan Selatan/2024-11-21,30360.565818896703
Daging Ayam Ras/Kalimantan Selatan/2024-11-22,30334.377683067887
Daging Ayam Ras/Kalimantan Selatan/2024-11-23,30379.704367151782
Daging Ayam Ras/Kalimantan Selatan/2024-11-24,30360.383209107567
Daging Ayam Ras/Kalimantan Selatan/2024-11-25,30339.927489189053
Daging Ayam Ras/Kalimantan Selatan/2024-11-26,30305.787915699108
Daging Ayam Ras/Kalimantan Selatan/2024-11-27,30379.603259161217
Daging Ayam Ras/Kalimantan Selatan/2024-11-28,30323.060594917795
Daging Ayam Ras/Kalimantan Selatan/2024-11-29,30318.79749080173
Daging Ayam Ras/Kalimantan Selatan/2024-11-30,30360.05693670152
Daging Ayam Ras/Kalimantan Selatan/2024-12-01,30382.594841851205
Daging Ayam Ras/Kalimantan Selatan/2024-12-02,30366.684105425356
Daging Ayam Ras/Kalimantan Selatan/2024-12-03,30354.11829301324
Daging Ayam Ras/Kalimantan Selatan/2024-12-04,30354.293918680985
Daging Ayam Ras/Kalimantan Selatan/2024-12-05,30358.03454625281
Daging Ayam Ras/Kalimantan Selatan/2024-12-06,30356.548607926088
Daging Ayam Ras/Kalimantan Selatan/2024-12-07,30349.18720288108
Daging Ayam Ras/Kalimantan Selatan/2024-12-08,30346.354222631016
Daging Ayam Ras/Kalimantan Selatan/2024-12-09,30343.64885918384
Daging Ayam Ras/Kalimantan Selatan/2024-12-10,30332.80207512214
Daging Ayam Ras/Kalimantan Selatan/2024-12-11,30339.98301610457
Daging Ayam Ras/Kalimantan Selatan/2024-12-12,30318.05404103512
Daging Ayam Ras/Kalimantan Selatan/2024-12-13,30342.566194974712
Daging Ayam Ras/Kalimantan Selatan/2024-12-14,30328.958356759336
Daging Ayam Ras/Kalimantan Selatan/2024-12-15,30327.125602914995
Daging Ayam Ras/Kalimantan Selatan/2024-12-16,30347.018212007377
Daging Ayam Ras/Kalimantan Selatan/2024-12-17,30366.17513655118
Daging Ayam Ras/Kalimantan Selatan/2024-12-18,30359.200078516773
Daging Ayam Ras/Kalimantan Selatan/2024-12-19,30320.610357524285
Daging Ayam Ras/Kalimantan Selatan/2024-12-20,30329.0228554596
Daging Ayam Ras/Kalimantan Selatan/2024-12-21,30358.7812891294
Daging Ayam Ras/Kalimantan Selatan/2024-12-22,30329.25050853836
Daging Ayam Ras/Kalimantan Selatan/2024-12-23,30340.907129611776
Daging Ayam Ras/Kalimantan Selatan/2024-12-24,30353.07720392975
Daging Ayam Ras/Kalimantan Selatan/2024-12-25,30329.607232069116
Daging Ayam Ras/Kalimantan Selatan/2024-12-26,30346.020020315987
Daging Ayam Ras/Kalimantan Selatan/2024-12-27,30323.79393176047
Daging Ayam Ras/Kalimantan Selatan/2024-12-28,30334.8759921734
Daging Ayam Ras/Kalimantan Selatan/2024-12-29,30349.23140661132
Daging Ayam Ras/Kalimantan Selatan/2024-12-30,30319.780361323777
Daging Ayam Ras/Kalimantan Selatan/2024-12-31,30351.079517377
Daging Ayam Ras/Kalimantan Tengah/2024-10-01,30344.257833550524
Daging Ayam Ras/Kalimantan Tengah/2024-10-02,30353.185577031905
Daging Ayam Ras/Kalimantan Tengah/2024-10-03,30348.221795344143
Daging Ayam Ras/Kalimantan Tengah/2024-10-04,30365.990030886205
Daging Ayam Ras/Kalimantan Tengah/2024-10-05,30346.885424347623
Daging Ayam Ras/Kalimantan Tengah/2024-10-06,30338.100425763027
Daging Ayam Ras/Kalimantan Tengah/2024-10-07,30346.41640366998
Daging Ayam Ras/Kalimantan Tengah/2024-10-08,30352.975482959344
Daging Ayam Ras/Kalimantan Tengah/2024-10-09,30345.40041374541
Daging Ayam Ras/Kalimantan Tengah/2024-10-10,30345.29285675544
Daging Ayam Ras/Kalimantan Tengah/2024-10-11,30333.70873379148
Daging Ayam Ras/Kalimantan Tengah/2024-10-12,30334.086774038093
Daging Ayam Ras/Kalimantan Tengah/2024-10-13,30322.48076413689
Daging Ayam Ras/Kalimantan Tengah/2024-10-14,30371.34116069077
Daging Ayam Ras/Kalimantan Tengah/2024-10-15,30325.44911819122
Daging Ayam Ras/Kalimantan Tengah/2024-10-16,30333.70859587452
Daging Ayam Ras/Kalimantan Tengah/2024-10-17,30333.19868621209
Daging Ayam Ras/Kalimantan Tengah/2024-10-18,30358.227016971345
Daging Ayam Ras/Kalimantan Tengah/2024-10-19,30340.027044958293
Daging Ayam Ras/Kalimantan Tengah/2024-10-20,30364.070210338225
Daging Ayam Ras/Kalimantan Tengah/2024-10-21,30334.440756611573
Daging Ayam Ras/Kalimantan Tengah/2024-10-22,30348.923689791805
Daging Ayam Ras/Kalimantan Tengah/2024-10-23,30331.57753255241
Daging Ayam Ras/Kalimantan Tengah/2024-10-24,30377.75266307928
Daging Ayam Ras/Kalimantan Tengah/2024-10-25,30326.474857554807
Daging Ayam Ras/Kalimantan Tengah/2024-10-26,30349.378874596165
Daging Ayam Ras/Kalimantan Tengah/2024-10-27,30354.449457581683
Daging Ayam Ras/Kalimantan Tengah/2024-10-28,30351.164641201285
Daging Ayam Ras/Kalimantan Tengah/2024-10-29,30341.808922163094
Daging Ayam Ras/Kalimantan Tengah/2024-10-30,30342.636776278363
Daging Ayam Ras/Kalimantan Tengah/2024-10-31,30345.19538119221
Daging Ayam Ras/Kalimantan Tengah/2024-11-01,30342.240354683585
Daging Ayam Ras/Kalimantan Tengah/2024-11-02,30359.521245398533
Daging Ayam Ras/Kalimantan Tengah/2024-11-03,30379.193408513293
Daging Ayam Ras/Kalimantan Tengah/2024-11-04,30336.553611776137
Daging Ayam Ras/Kalimantan Tengah/2024-11-05,30323.45052148994
Daging Ayam Ras/Kalimantan Tengah/2024-11-06,30342.87892085984
Daging Ayam Ras/Kalimantan Tengah/2024-11-07,30384.41387698625
Daging Ayam Ras/Kalimantan Tengah/2024-11-08,30332.5323237048
Daging Ayam Ras/Kalimantan Tengah/2024-11-09,30370.255472886394
Daging Ayam Ras/Kalimantan Tengah/2024-11-10,30371.138308143192
Daging Ayam Ras/Kalimantan Tengah/2024-11-11,30336.50653295898
Daging Ayam Ras/Kalimantan Tengah/2024-11-12,30353.468969958063
Daging Ayam Ras/Kalimantan Tengah/2024-11-13,30370.051012620414
Daging Ayam Ras/Kalimantan Tengah/2024-11-14,30339.014289888277
Daging Ayam Ras/Kalimantan Tengah/2024-11-15,30341.476918790457
Daging Ayam Ras/Kalimantan Tengah/2024-11-16,30335.506190004908
Daging Ayam Ras/Kalimantan Tengah/2024-11-17,30328.553768047524
Daging Ayam Ras/Kalimantan Tengah/2024-11-18,30334.077808190235
Daging Ayam Ras/Kalimantan Tengah/2024-11-19,30325.24140885831
Daging Ayam Ras/Kalimantan Tengah/2024-11-20,30344.703971837585
Daging Ayam Ras/Kalimantan Tengah/2024-11-21,30332.46436275949
Daging Ayam Ras/Kalimantan Tengah/2024-11-22,30348.04049861989
Daging Ayam Ras/Kalimantan Tengah/2024-11-23,30320.379814333774
Daging Ayam Ras/Kalimantan Tengah/2024-11-24,30349.405536048696
Daging Ayam Ras/Kalimantan Tengah/2024-11-25,30357.4497106118
Daging Ayam Ras/Kalimantan Tengah/2024-11-26,30313.770363884567
Daging Ayam Ras/Kalimantan Tengah/2024-11-27,30350.05150359222
Daging Ayam Ras/Kalimantan Tengah/2024-11-28,30363.613660557883
Daging Ayam Ras/Kalimantan Tengah/2024-11-29,30325.9945109271
Daging Ayam Ras/Kalimantan Tengah/2024-11-30,30370.47519716289
Daging Ayam Ras/Kalimantan Tengah/2024-12-01,30351.478853498666
Daging Ayam Ras/Kalimantan Tengah/2024-12-02,30333.84017126391
Daging Ayam Ras/Kalimantan Tengah/2024-12-03,30343.62365389715
Daging Ayam Ras/Kalimantan Tengah/2024-12-04,30353.20356278487
Daging Ayam Ras/Kalimantan Tengah/2024-12-05,30345.775486410777
Daging Ayam Ras/Kalimantan Tengah/2024-12-06,30353.036204898195
Daging Ayam Ras/Kalimantan Tengah/2024-12-07,30330.44547260821
Daging Ayam Ras/Kalimantan Tengah/2024-12-08,30347.055674220755
Daging Ayam Ras/Kalimantan Tengah/2024-12-09,30322.5006120139
Daging Ayam Ras/Kalimantan Tengah/2024-12-10,30342.477690407548
Daging Ayam Ras/Kalimantan Tengah/2024-12-11,30330.302588261435
Daging Ayam Ras/Kalimantan Tengah/2024-12-12,30332.881937504662
Daging Ayam Ras/Kalimantan Tengah/2024-12-13,30363.525924333524
Daging Ayam Ras/Kalimantan Tengah/2024-12-14,30361.789326818634
Daging Ayam Ras/Kalimantan Tengah/2024-12-15,30354.465458353
Daging Ayam Ras/Kalimantan Tengah/2024-12-16,30327.970009748715
Daging Ayam Ras/Kalimantan Tengah/2024-12-17,30339.52620643085
Daging Ayam Ras/Kalimantan Tengah/2024-12-18,30363.185650628973
Daging Ayam Ras/Kalimantan Tengah/2024-12-19,30346.92853386089
Daging Ayam Ras/Kalimantan Tengah/2024-12-20,30380.825038048217
Daging Ayam Ras/Kalimantan Tengah/2024-12-21,30351.371250443197
Daging Ayam Ras/Kalimantan Tengah/2024-12-22,30347.95468625551
Daging Ayam Ras/Kalimantan Tengah/2024-12-23,30339.896833133367
Daging Ayam Ras/Kalimantan Tengah/2024-12-24,30346.572937892503
Daging Ayam Ras/Kalimantan Tengah/2024-12-25,30342.08979363904
Daging Ayam Ras/Kalimantan Tengah/2024-12-26,30355.5363384909
Daging Ayam Ras/Kalimantan Tengah/2024-12-27,30359.611533722607
Daging Ayam Ras/Kalimantan Tengah/2024-12-28,30332.67273180689
Daging Ayam Ras/Kalimantan Tengah/2024-12-29,30323.822452143075
Daging Ayam Ras/Kalimantan Tengah/2024-12-30,30315.61971737769
Daging Ayam Ras/Kalimantan Tengah/2024-12-31,30351.78473172199
Daging Ayam Ras/Kalimantan Timur/2024-10-01,30327.211166110206
Daging Ayam Ras/Kalimantan Timur/2024-10-02,30310.85963236638
Daging Ayam Ras/Kalimantan Timur/2024-10-03,30350.068384018632
Daging Ayam Ras/Kalimantan Timur/2024-10-04,30383.215048311715
Daging Ayam Ras/Kalimantan Timur/2024-10-05,30345.040924774617
Daging Ayam Ras/Kalimantan Timur/2024-10-06,30358.038914377037
Daging Ayam Ras/Kalimantan Timur/2024-10-07,30346.242897371525
Daging Ayam Ras/Kalimantan Timur/2024-10-08,30343.10843960909
Daging Ayam Ras/Kalimantan Timur/2024-10-09,30358.781557017024
Daging Ayam Ras/Kalimantan Timur/2024-10-10,30340.255029820662
Daging Ayam Ras/Kalimantan Timur/2024-10-11,30348.73799947201
Daging Ayam Ras/Kalimantan Timur/2024-10-12,30349.64168445933
Daging Ayam Ras/Kalimantan Timur/2024-10-13,30334.27144029777
Daging Ayam Ras/Kalimantan Timur/2024-10-14,30359.864799434352
Daging Ayam Ras/Kalimantan Timur/2024-10-15,30342.029292595675
Daging Ayam Ras/Kalimantan Timur/2024-10-16,30332.85932874317
Daging Ayam Ras/Kalimantan Timur/2024-10-17,30352.75484090459
Daging Ayam Ras/Kalimantan Timur/2024-10-18,30330.638271551183
Daging Ayam Ras/Kalimantan Timur/2024-10-19,30344.79559482324
Daging Ayam Ras/Kalimantan Timur/2024-10-20,30344.367844021257
Daging Ayam Ras/Kalimantan Timur/2024-10-21,30361.462893973145
Daging Ayam Ras/Kalimantan Timur/2024-10-22,30352.214511502887
Daging Ayam Ras/Kalimantan Timur/2024-10-23,30344.47964131894
Daging Ayam Ras/Kalimantan Timur/2024-10-24,30357.397139540262
Daging Ayam Ras/Kalimantan Timur/2024-10-25,30366.40145113988
Daging Ayam Ras/Kalimantan Timur/2024-10-26,30353.633791185683
Daging Ayam Ras/Kalimantan Timur/2024-10-27,30345.05661237817
Daging Ayam Ras/Kalimantan Timur/2024-10-28,30324.279754711024
Daging Ayam Ras/Kalimantan Timur/2024-10-29,30327.649818746097
Daging Ayam Ras/Kalimantan Timur/2024-10-30,30339.3280438499
Daging Ayam Ras/Kalimantan Timur/2024-10-31,30334.801894750224
Daging Ayam Ras/Kalimantan Timur/2024-11-01,30341.455772431964
Daging Ayam Ras/Kalimantan Timur/2024-11-02,30345.397447374588
Daging Ayam Ras/Kalimantan Timur/2024-11-03,30352.83833254395
Daging Ayam Ras/Kalimantan Timur/2024-11-04,30343.63363533432
Daging Ayam Ras/Kalimantan Timur/2024-11-05,30352.231355342145
Daging Ayam Ras/Kalimantan Timur/2024-11-06,30345.718095823915
Daging Ayam Ras/Kalimantan Timur/2024-11-07,30313.90575748999
Daging Ayam Ras/Kalimantan Timur/2024-11-08,30329.48931474871
Daging Ayam Ras/Kalimantan Timur/2024-11-09,30341.85147084393
Daging Ayam Ras/Kalimantan Timur/2024-11-10,30325.49675486557
Daging Ayam Ras/Kalimantan Timur/2024-11-11,30353.58833745216
Daging Ayam Ras/Kalimantan Timur/2024-11-12,30368.48014032383
Daging Ayam Ras/Kalimantan Timur/2024-11-13,30363.982146313567
Daging Ayam Ras/Kalimantan Timur/2024-11-14,30341.794862193037
Daging Ayam Ras/Kalimantan Timur/2024-11-15,30367.980407423893
Daging Ayam Ras/Kalimantan Timur/2024-11-16,30347.217193960503
Daging Ayam Ras/Kalimantan Timur/2024-11-17,30339.45748252641
Daging Ayam Ras/Kalimantan Timur/2024-11-18,30334.97413966093
Daging Ayam Ras/Kalimantan Timur/2024-11-19,30339.66743366149
Daging Ayam Ras/Kalimantan Timur/2024-11-20,30338.300316756337
Daging Ayam Ras/Kalimantan Timur/2024-11-21,30347.067374098395
Daging Ayam Ras/Kalimantan Timur/2024-11-22,30347.07816362623
Daging Ayam Ras/Kalimantan Timur/2024-11-23,30344.70190874856
Daging Ayam Ras/Kalimantan Timur/2024-11-24,30351.424157581816
Daging Ayam Ras/Kalimantan Timur/2024-11-25,30363.229567219747
Daging Ayam Ras/Kalimantan Timur/2024-11-26,30359.682484241963
Daging Ayam Ras/Kalimantan Timur/2024-11-27,30321.862580502948
Daging Ayam Ras/Kalimantan Timur/2024-11-28,30304.64390503244
Daging Ayam Ras/Kalimantan Timur/2024-11-29,30358.30056856079
Daging Ayam Ras/Kalimantan Timur/2024-11-30,30323.07953047928
Daging Ayam Ras/Kalimantan Timur/2024-12-01,30340.74554122117
Daging Ayam Ras/Kalimantan Timur/2024-12-02,30326.28505463574
Daging Ayam Ras/Kalimantan Timur/2024-12-03,30316.277582112703
Daging Ayam Ras/Kalimantan Timur/2024-12-04,30352.38942302084
Daging Ayam Ras/Kalimantan Timur/2024-12-05,30356.30663002256
Daging Ayam Ras/Kalimantan Timur/2024-12-06,30335.81613496852
Daging Ayam Ras/Kalimantan Timur/2024-12-07,30304.326299723474
Daging Ayam Ras/Kalimantan Timur/2024-12-08,30335.482615515717
Daging Ayam Ras/Kalimantan Timur/2024-12-09,30350.15182373519
Daging Ayam Ras/Kalimantan Timur/2024-12-10,30321.46138564616
Daging Ayam Ras/Kalimantan Timur/2024-12-11,30347.1650601643
Daging Ayam Ras/Kalimantan Timur/2024-12-12,30344.335160742467
Daging Ayam Ras/Kalimantan Timur/2024-12-13,30353.573387748944
Daging Ayam Ras/Kalimantan Timur/2024-12-14,30346.59121709752
Daging Ayam Ras/Kalimantan Timur/2024-12-15,30329.604372802
Daging Ayam Ras/Kalimantan Timur/2024-12-16,30362.990759137363
Daging Ayam Ras/Kalimantan Timur/2024-12-17,30342.271708327866
Daging Ayam Ras/Kalimantan Timur/2024-12-18,30344.200188547493
Daging Ayam Ras/Kalimantan Timur/2024-12-19,30330.0871898516
Daging Ayam Ras/Kalimantan Timur/2024-12-20,30337.469665164
Daging Ayam Ras/Kalimantan Timur/2024-12-21,30330.53225047672
Daging Ayam Ras/Kalimantan Timur/2024-12-22,30341.58438576004
Daging Ayam Ras/Kalimantan Timur/2024-12-23,30371.05063648662
Daging Ayam Ras/Kalimantan Timur/2024-12-24,30323.63486949633
Daging Ayam Ras/Kalimantan Timur/2024-12-25,30319.39084139339
Daging Ayam Ras/Kalimantan Timur/2024-12-26,30367.013721244653
Daging Ayam Ras/Kalimantan Timur/2024-12-27,30341.397416822463
Daging Ayam Ras/Kalimantan Timur/2024-12-28,30334.1858642595
Daging Ayam Ras/Kalimantan Timur/2024-12-29,30360.712779664635
Daging Ayam Ras/Kalimantan Timur/2024-12-30,30335.362631338317
Daging Ayam Ras/Kalimantan Timur/2024-12-31,30372.88654118964
Daging Ayam Ras/Kalimantan Utara/2024-10-01,30355.548496926072
Daging Ayam Ras/Kalimantan Utara/2024-10-02,30337.37070267332
Daging Ayam Ras/Kalimantan Utara/2024-10-03,30378.14451146048
Daging Ayam Ras/Kalimantan Utara/2024-10-04,30335.63301240569
Daging Ayam Ras/Kalimantan Utara/2024-10-05,30356.138258490617
Daging Ayam Ras/Kalimantan Utara/2024-10-06,30349.395801617386
Daging Ayam Ras/Kalimantan Utara/2024-10-07,30364.957827135077
Daging Ayam Ras/Kalimantan Utara/2024-10-08,30369.162028704297
Daging Ayam Ras/Kalimantan Utara/2024-10-09,30345.63785099273
Daging Ayam Ras/Kalimantan Utara/2024-10-10,30333.0709919342
Daging Ayam Ras/Kalimantan Utara/2024-10-11,30351.579356265374
Daging Ayam Ras/Kalimantan Utara/2024-10-12,30333.961676585743
Daging Ayam Ras/Kalimantan Utara/2024-10-13,30375.692911435264
Daging Ayam Ras/Kalimantan Utara/2024-10-14,30347.1250480083
Daging Ayam Ras/Kalimantan Utara/2024-10-15,30339.18191827052
Daging Ayam Ras/Kalimantan Utara/2024-10-16,30347.450532694365
Daging Ayam Ras/Kalimantan Utara/2024-10-17,30323.61960414777
Daging Ayam Ras/Kalimantan Utara/2024-10-18,30329.049972814595
Daging Ayam Ras/Kalimantan Utara/2024-10-19,30362.84995842221
Daging Ayam Ras/Kalimantan Utara/2024-10-20,30334.479330039965
Daging Ayam Ras/Kalimantan Utara/2024-10-21,30328.25827775712
Daging Ayam Ras/Kalimantan Utara/2024-10-22,30352.71457740815
Daging Ayam Ras/Kalimantan Utara/2024-10-23,30363.021918769777
Daging Ayam Ras/Kalimantan Utara/2024-10-24,30356.032209795598
Daging Ayam Ras/Kalimantan Utara/2024-10-25,30360.46394676703
Daging Ayam Ras/Kalimantan Utara/2024-10-26,30333.218251587277
Daging Ayam Ras/Kalimantan Utara/2024-10-27,30322.38517861384
Daging Ayam Ras/Kalimantan Utara/2024-10-28,30367.46721879601
Daging Ayam Ras/Kalimantan Utara/2024-10-29,30339.656269757943
Daging Ayam Ras/Kalimantan Utara/2024-10-30,30340.69681003756
Daging Ayam Ras/Kalimantan Utara/2024-10-31,30365.255176391154
Daging Ayam Ras/Kalimantan Utara/2024-11-01,30353.54737911003
Daging Ayam Ras/Kalimantan Utara/2024-11-02,30351.901419771384
Daging Ayam Ras/Kalimantan Utara/2024-11-03,30378.511379136144
Daging Ayam Ras/Kalimantan Utara/2024-11-04,30335.152327713324
Daging Ayam Ras/Kalimantan Utara/2024-11-05,30359.08041624029
Daging Ayam Ras/Kalimantan Utara/2024-11-06,30345.65618373953
Daging Ayam Ras/Kalimantan Utara/2024-11-07,30348.804045936613
Daging Ayam Ras/Kalimantan Utara/2024-11-08,30368.37547156684
Daging Ayam Ras/Kalimantan Utara/2024-11-09,30352.89189921159
Daging Ayam Ras/Kalimantan Utara/2024-11-10,30353.233804030133
Daging Ayam Ras/Kalimantan Utara/2024-11-11,30361.508448949284
Daging Ayam Ras/Kalimantan Utara/2024-11-12,30339.20574755992
Daging Ayam Ras/Kalimantan Utara/2024-11-13,30331.509762906397
Daging Ayam Ras/Kalimantan Utara/2024-11-14,30328.079334197115
Daging Ayam Ras/Kalimantan Utara/2024-11-15,30313.564362872792
Daging Ayam Ras/Kalimantan Utara/2024-11-16,30375.87827495774
Daging Ayam Ras/Kalimantan Utara/2024-11-17,30327.642670325924
Daging Ayam Ras/Kalimantan Utara/2024-11-18,30341.10982454729
Daging Ayam Ras/Kalimantan Utara/2024-11-19,30340.240773762383
Daging Ayam Ras/Kalimantan Utara/2024-11-20,30349.28155549667
Daging Ayam Ras/Kalimantan Utara/2024-11-21,30357.22653084669
Daging Ayam Ras/Kalimantan Utara/2024-11-22,30358.24074256961
Daging Ayam Ras/Kalimantan Utara/2024-11-23,30335.842186320144
Daging Ayam Ras/Kalimantan Utara/2024-11-24,30341.986080580115
Daging Ayam Ras/Kalimantan Utara/2024-11-25,30348.8658882739
Daging Ayam Ras/Kalimantan Utara/2024-11-26,30340.67955708552
Daging Ayam Ras/Kalimantan Utara/2024-11-27,30369.52236348499
Daging Ayam Ras/Kalimantan Utara/2024-11-28,30352.608832405807
Daging Ayam Ras/Kalimantan Utara/2024-11-29,30356.326029545955
Daging Ayam Ras/Kalimantan Utara/2024-11-30,30355.184016524665
Daging Ayam Ras/Kalimantan Utara/2024-12-01,30363.09053054166
Daging Ayam Ras/Kalimantan Utara/2024-12-02,30347.70492595873
Daging Ayam Ras/Kalimantan Utara/2024-12-03,30324.580798800587
Daging Ayam Ras/Kalimantan Utara/2024-12-04,30350.504159841406
Daging Ayam Ras/Kalimantan Utara/2024-12-05,30334.329550579703
Daging Ayam Ras/Kalimantan Utara/2024-12-06,30336.136634636987
Daging Ayam Ras/Kalimantan Utara/2024-12-07,30353.515144633617
Daging Ayam Ras/Kalimantan Utara/2024-12-08,30363.941651743196
Daging Ayam Ras/Kalimantan Utara/2024-12-09,30345.252486037007
Daging Ayam Ras/Kalimantan Utara/2024-12-10,30349.606448390507
Daging Ayam Ras/Kalimantan Utara/2024-12-11,30371.20220278285
Daging Ayam Ras/Kalimantan Utara/2024-12-12,30348.724784999235
Daging Ayam Ras/Kalimantan Utara/2024-12-13,30385.282876364057
Daging Ayam Ras/Kalimantan Utara/2024-12-14,30354.087421929336
Daging Ayam Ras/Kalimantan Utara/2024-12-15,30317.61211304164
Daging Ayam Ras/Kalimantan Utara/2024-12-16,30355.96162447095
Daging Ayam Ras/Kalimantan Utara/2024-12-17,30350.43042784429
Daging Ayam Ras/Kalimantan Utara/2024-12-18,30364.63075643866
Daging Ayam Ras/Kalimantan Utara/2024-12-19,30355.436808898558
Daging Ayam Ras/Kalimantan Utara/2024-12-20,30342.828469867294
Daging Ayam Ras/Kalimantan Utara/2024-12-21,30325.591978431003
Daging Ayam Ras/Kalimantan Utara/2024-12-22,30340.999084999195
Daging Ayam Ras/Kalimantan Utara/2024-12-23,30331.06075390121
Daging Ayam Ras/Kalimantan Utara/2024-12-24,30335.232212807023
Daging Ayam Ras/Kalimantan Utara/2024-12-25,30353.49946479734
Daging Ayam Ras/Kalimantan Utara/2024-12-26,30370.64927318581
Daging Ayam Ras/Kalimantan Utara/2024-12-27,30351.19436804503
Daging Ayam Ras/Kalimantan Utara/2024-12-28,30326.35052233277
Daging Ayam Ras/Kalimantan Utara/2024-12-29,30351.340380292328
Daging Ayam Ras/Kalimantan Utara/2024-12-30,30363.112063298904
Daging Ayam Ras/Kalimantan Utara/2024-12-31,30335.30263120241
Daging Ayam Ras/Kepulauan Bangka Belitung/2024-10-01,30342.51358696321
Daging Ayam Ras/Kepulauan Bangka Belitung/2024-10-02,30344.78823618627
Daging Ayam Ras/Kepulauan Bangka Belitung/2024-10-03,30332.28859229734
Daging Ayam Ras/Kepulauan Bangka Belitung/2024-10-04,30354.42565297174
Daging Ayam Ras/Kepulauan Bangka Belitung/2024-10-05,30342.780065186107
Daging Ayam Ras/Kepulauan Bangka Belitung/2024-10-06,30351.132341161134
Daging Ayam Ras/Kepulauan Bangka Belitung/2024-10-07,30330.89274874318
Daging Ayam Ras/Kepulauan Bangka Belitung/2024-10-08,30337.63156639505
Daging Ayam Ras/Kepulauan Bangka Belitung/2024-10-09,30355.58742644536
Daging Ayam Ras/Kepulauan Bangka Belitung/2024-10-10,30338.85718293876
Daging Ayam Ras/Kepulauan Bangka Belitung/2024-10-11,30371.425570424264
Daging Ayam Ras/Kepulauan Bangka Belitung/2024-10-12,30338.80265434329
Daging Ayam Ras/Kepulauan Bangka Belitung/2024-10-13,30348.19212678125
Daging Ayam Ras/Kepulauan Bangka Belitung/2024-10-14,30359.13310521572
Daging Ayam Ras/Kepulauan Bangka Belitung/2024-10-15,30322.735009184984
Daging Ayam Ras/Kepulauan Bangka Belitung/2024-10-16,30316.89490394028
Daging Ayam Ras/Kepulauan Bangka Belitung/2024-10-17,30320.281026663724
Daging Ayam Ras/Kepulauan Bangka Belitung/2024-10-18,30363.54060449086
Daging Ayam Ras/Kepulauan Bangka Belitung/2024-10-19,30336.00711779773
Daging Ayam Ras/Kepulauan Bangka Belitung/2024-10-20,30384.434988160792
Daging Ayam Ras/Kepulauan Bangka Belitung/2024-10-21,30336.499027226924
Daging Ayam Ras/Kepulauan Bangka Belitung/2024-10-22,30347.672511092027
Daging Ayam Ras/Kepulauan Bangka Belitung/2024-10-23,30368.600121073
Daging Ayam Ras/Kepulauan Bangka Belitung/2024-10-24,30376.14395592913
Daging Ayam Ras/Kepulauan Bangka Belitung/2024-10-25,30377.223698615617
Daging Ayam Ras/Kepulauan Bangka Belitung/2024-10-26,30364.20017316805
Daging Ayam Ras/Kepulauan Bangka Belitung/2024-10-27,30361.09757258409
Daging Ayam Ras/Kepulauan Bangka Belitung/2024-10-28,30354.163126732423
Daging Ayam Ras/Kepulauan Bangka Belitung/2024-10-29,30356.8717044997
Daging Ayam Ras/Kepulauan Bangka Belitung/2024-10-30,30336.181187774782
Daging Ayam Ras/Kepulauan Bangka Belitung/2024-10-31,30331.75735036872
Daging Ayam Ras/Kepulauan Bangka Belitung/2024-11-01,30344.225915987357
Daging Ayam Ras/Kepulauan Bangka Belitung/2024-11-02,30341.759050259046
Daging Ayam Ras/Kepulauan Bangka Belitung/2024-11-03,30337.422556213147
Daging Ayam Ras/Kepulauan Bangka Belitung/2024-11-04,30355.31658969653
Daging Ayam Ras/Kepulauan Bangka Belitung/2024-11-05,30359.58063025685
Daging Ayam Ras/Kepulauan Bangka Belitung/2024-11-06,30346.256943763
Daging Ayam Ras/Kepulauan Bangka Belitung/2024-11-07,30367.751165815967
Daging Ayam Ras/Kepulauan Bangka Belitung/2024-11-08,30327.227580749885
Daging Ayam Ras/Kepulauan Bangka Belitung/2024-11-09,30341.43399732145
Daging Ayam Ras/Kepulauan Bangka Belitung/2024-11-10,30333.24507975681
Daging Ayam Ras/Kepulauan Bangka Belitung/2024-11-11,30315.263657151914
Daging Ayam Ras/Kepulauan Bangka Belitung/2024-11-12,30342.68841183988
Daging Ayam Ras/Kepulauan Bangka Belitung/2024-11-13,30342.446146354778
Daging Ayam Ras/Kepulauan Bangka Belitung/2024-11-14,30368.02847712265
Daging Ayam Ras/Kepulauan Bangka Belitung/2024-11-15,30354.798451724902
Daging Ayam Ras/Kepulauan Bangka Belitung/2024-11-16,30329.06910439322
Daging Ayam Ras/Kepulauan Bangka Belitung/2024-11-17,30373.32627982467
Daging Ayam Ras/Kepulauan Bangka Belitung/2024-11-18,30363.898420733683
Daging Ayam Ras/Kepulauan Bangka Belitung/2024-11-19,30354.041943431857
Daging Ayam Ras/Kepulauan Bangka Belitung/2024-11-20,30341.40562806985
Daging Ayam Ras/Kepulauan Bangka Belitung/2024-11-21,30329.730092761987
Daging Ayam Ras/Kepulauan Bangka Belitung/2024-11-22,30338.44184185595
Daging Ayam Ras/Kepulauan Bangka Belitung/2024-11-23,30361.22643712184
Daging Ayam Ras/Kepulauan Bangka Belitung/2024-11-24,30374.04801853853
Daging Ayam Ras/Kepulauan Bangka Belitung/2024-11-25,30369.18508308805
Daging Ayam Ras/Kepulauan Bangka Belitung/2024-11-26,30337.67041858685
Daging Ayam Ras/Kepulauan Bangka Belitung/2024-11-27,30327.30878089292
Daging Ayam Ras/Kepulauan Bangka Belitung/2024-11-28,30346.41455420415
Daging Ayam Ras/Kepulauan Bangka Belitung/2024-11-29,30316.82029514325
Daging Ayam Ras/Kepulauan Bangka Belitung/2024-11-30,30349.084007575268
Daging Ayam Ras/Kepulauan Bangka Belitung/2024-12-01,30342.17385511252
Daging Ayam Ras/Kepulauan Bangka Belitung/2024-12-02,30337.308825919765
Daging Ayam Ras/Kepulauan Bangka Belitung/2024-12-03,30319.671399122613
Daging Ayam Ras/Kepulauan Bangka Belitung/2024-12-04,30352.192855346533
Daging Ayam Ras/Kepulauan Bangka Belitung/2024-12-05,30336.181238818204
Daging Ayam Ras/Kepulauan Bangka Belitung/2024-12-06,30326.26315923616
Daging Ayam Ras/Kepulauan Bangka Belitung/2024-12-07,30299.60543289756
Daging Ayam Ras/Kepulauan Bangka Belitung/2024-12-08,30343.344250870345
Daging Ayam Ras/Kepulauan Bangka Belitung/2024-12-09,30371.714592149383
Daging Ayam Ras/Kepulauan Bangka Belitung/2024-12-10,30370.770392345687
Daging Ayam Ras/Kepulauan Bangka Belitung/2024-12-11,30338.1838118359
Daging Ayam Ras/Kepulauan Bangka Belitung/2024-12-12,30335.5114279153
Daging Ayam Ras/Kepulauan Bangka Belitung/2024-12-13,30351.708472674884
Daging Ayam Ras/Kepulauan Bangka Belitung/2024-12-14,30328.954642867386
Daging Ayam Ras/Kepulauan Bangka Belitung/2024-12-15,30348.99637436334
Daging Ayam Ras/Kepulauan Bangka Belitung/2024-12-16,30356.48625667012
Daging Ayam Ras/Kepulauan Bangka Belitung/2024-12-17,30363.86758216637
Daging Ayam Ras/Kepulauan Bangka Belitung/2024-12-18,30343.41801384176
Daging Ayam Ras/Kepulauan Bangka Belitung/2024-12-19,30341.611056511734
Daging Ayam Ras/Kepulauan Bangka Belitung/2024-12-20,30330.877964450054
Daging Ayam Ras/Kepulauan Bangka Belitung/2024-12-21,30331.414376585413
Daging Ayam Ras/Kepulauan Bangka Belitung/2024-12-22,30340.676664972507
Daging Ayam Ras/Kepulauan Bangka Belitung/2024-12-23,30350.101283305383
Daging Ayam Ras/Kepulauan Bangka Belitung/2024-12-24,30358.838518657263
Daging Ayam Ras/Kepulauan Bangka Belitung/2024-12-25,30332.390787267464
Daging Ayam Ras/Kepulauan Bangka Belitung/2024-12-26,30367.78175421932
Daging Ayam Ras/Kepulauan Bangka Belitung/2024-12-27,30340.65937157781
Daging Ayam Ras/Kepulauan Bangka Belitung/2024-12-28,30344.30819003655
Daging Ayam Ras/Kepulauan Bangka Belitung/2024-12-29,30332.942533642658
Daging Ayam Ras/Kepulauan Bangka Belitung/2024-12-30,30306.676769026144
Daging Ayam Ras/Kepulauan Bangka Belitung/2024-12-31,30357.58300644246
Daging Ayam Ras/Kepulauan Riau/2024-10-01,30355.925535608552
Daging Ayam Ras/Kepulauan Riau/2024-10-02,30340.404580540104
Daging Ayam Ras/Kepulauan Riau/2024-10-03,30345.7530224203
Daging Ayam Ras/Kepulauan Riau/2024-10-04,30352.711452824697
Daging Ayam Ras/Kepulauan Riau/2024-10-05,30320.339537156364
Daging Ayam Ras/Kepulauan Riau/2024-10-06,30336.008930091917
Daging Ayam Ras/Kepulauan Riau/2024-10-07,30356.637939451037
Daging Ayam Ras/Kepulauan Riau/2024-10-08,30325.11128287862
Daging Ayam Ras/Kepulauan Riau/2024-10-09,30348.923511803663
Daging Ayam Ras/Kepulauan Riau/2024-10-10,30323.49249245252
Daging Ayam Ras/Kepulauan Riau/2024-10-11,30351.508169757268
Daging Ayam Ras/Kepulauan Riau/2024-10-12,30343.96016565953
Daging Ayam Ras/Kepulauan Riau/2024-10-13,30319.49710185578
Daging Ayam Ras/Kepulauan Riau/2024-10-14,30362.332201957248
Daging Ayam Ras/Kepulauan Riau/2024-10-15,30333.276515333982
Daging Ayam Ras/Kepulauan Riau/2024-10-16,30331.86088807502
Daging Ayam Ras/Kepulauan Riau/2024-10-17,30347.483112948645
Daging Ayam Ras/Kepulauan Riau/2024-10-18,30362.418555679447
Daging Ayam Ras/Kepulauan Riau/2024-10-19,30329.00237847511
Daging Ayam Ras/Kepulauan Riau/2024-10-20,30345.49261819653
Daging Ayam Ras/Kepulauan Riau/2024-10-21,30351.214660183086
Daging Ayam Ras/Kepulauan Riau/2024-10-22,30355.405235680537
Daging Ayam Ras/Kepulauan Riau/2024-10-23,30347.509934364916
Daging Ayam Ras/Kepulauan Riau/2024-10-24,30339.05766680228
Daging Ayam Ras/Kepulauan Riau/2024-10-25,30331.652686402733
Daging Ayam Ras/Kepulauan Riau/2024-10-26,30345.646580206496
Daging Ayam Ras/Kepulauan Riau/2024-10-27,30327.76137671823
Daging Ayam Ras/Kepulauan Riau/2024-10-28,30298.84064449554
Daging Ayam Ras/Kepulauan Riau/2024-10-29,30350.554057455724
Daging Ayam Ras/Kepulauan Riau/2024-10-30,30358.36464913622
Daging Ayam Ras/Kepulauan Riau/2024-10-31,30307.98208440187
Daging Ayam Ras/Kepulauan Riau/2024-11-01,30328.525177356438
Daging Ayam Ras/Kepulauan Riau/2024-11-02,30353.826931926546
Daging Ayam Ras/Kepulauan Riau/2024-11-03,30376.484498756923
Daging Ayam Ras/Kepulauan Riau/2024-11-04,30345.429361277635
Daging Ayam Ras/Kepulauan Riau/2024-11-05,30333.66336777662
Daging Ayam Ras/Kepulauan Riau/2024-11-06,30341.67793507148
Daging Ayam Ras/Kepulauan Riau/2024-11-07,30365.77173151188
Daging Ayam Ras/Kepulauan Riau/2024-11-08,30334.710563985416
Daging Ayam Ras/Kepulauan Riau/2024-11-09,30332.16289692382
Daging Ayam Ras/Kepulauan Riau/2024-11-10,30336.879676066004
Daging Ayam Ras/Kepulauan Riau/2024-11-11,30329.48682394011
Daging Ayam Ras/Kepulauan Riau/2024-11-12,30346.10950522555
Daging Ayam Ras/Kepulauan Riau/2024-11-13,30369.782317658035
Daging Ayam Ras/Kepulauan Riau/2024-11-14,30350.01450807043
Daging Ayam Ras/Kepulauan Riau/2024-11-15,30340.978335150936
Daging Ayam Ras/Kepulauan Riau/2024-11-16,30340.12441970353
Daging Ayam Ras/Kepulauan Riau/2024-11-17,30320.135839187988
Daging Ayam Ras/Kepulauan Riau/2024-11-18,30357.81158773823
Daging Ayam Ras/Kepulauan Riau/2024-11-19,30343.35471150046
Daging Ayam Ras/Kepulauan Riau/2024-11-20,30341.81490797411
Daging Ayam Ras/Kepulauan Riau/2024-11-21,30394.27660323282
Daging Ayam Ras/Kepulauan Riau/2024-11-22,30350.02276825364
Daging Ayam Ras/Kepulauan Riau/2024-11-23,30333.31433624553
Daging Ayam Ras/Kepulauan Riau/2024-11-24,30337.93201150958
Daging Ayam Ras/Kepulauan Riau/2024-11-25,30362.212324544096
Daging Ayam Ras/Kepulauan Riau/2024-11-26,30346.3788012214
Daging Ayam Ras/Kepulauan Riau/2024-11-27,30322.349551872216
Daging Ayam Ras/Kepulauan Riau/2024-11-28,30358.62981756665
Daging Ayam Ras/Kepulauan Riau/2024-11-29,30334.226338852382
Daging Ayam Ras/Kepulauan Riau/2024-11-30,30373.56956330952
Daging Ayam Ras/Kepulauan Riau/2024-12-01,30361.801157979346
Daging Ayam Ras/Kepulauan Riau/2024-12-02,30338.138391640758
Daging Ayam Ras/Kepulauan Riau/2024-12-03,30364.58112609353
Daging Ayam Ras/Kepulauan Riau/2024-12-04,30345.92598825209
Daging Ayam Ras/Kepulauan Riau/2024-12-05,30357.902390653868
Daging Ayam Ras/Kepulauan Riau/2024-12-06,30352.337891626983
Daging Ayam Ras/Kepulauan Riau/2024-12-07,30331.63270365995
Daging Ayam Ras/Kepulauan Riau/2024-12-08,30334.39464076201
Daging Ayam Ras/Kepulauan Riau/2024-12-09,30360.33810717656
Daging Ayam Ras/Kepulauan Riau/2024-12-10,30339.45285578781
Daging Ayam Ras/Kepulauan Riau/2024-12-11,30338.31201460772
Daging Ayam Ras/Kepulauan Riau/2024-12-12,30329.665337028247
Daging Ayam Ras/Kepulauan Riau/2024-12-13,30350.885562731477
Daging Ayam Ras/Kepulauan Riau/2024-12-14,30376.59052435728
Daging Ayam Ras/Kepulauan Riau/2024-12-15,30328.49885771557
Daging Ayam Ras/Kepulauan Riau/2024-12-16,30345.011142012303
Daging Ayam Ras/Kepulauan Riau/2024-12-17,30366.5388280787
Daging Ayam Ras/Kepulauan Riau/2024-12-18,30343.587376589752
Daging Ayam Ras/Kepulauan Riau/2024-12-19,30351.699902155764
Daging Ayam Ras/Kepulauan Riau/2024-12-20,30328.24741041472
Daging Ayam Ras/Kepulauan Riau/2024-12-21,30351.014617029126
Daging Ayam Ras/Kepulauan Riau/2024-12-22,30341.588244868824
Daging Ayam Ras/Kepulauan Riau/2024-12-23,30359.875425230755
Daging Ayam Ras/Kepulauan Riau/2024-12-24,30363.276889607463
Daging Ayam Ras/Kepulauan Riau/2024-12-25,30385.309633649973
Daging Ayam Ras/Kepulauan Riau/2024-12-26,30354.387317615405
Daging Ayam Ras/Kepulauan Riau/2024-12-27,30350.149496059785
Daging Ayam Ras/Kepulauan Riau/2024-12-28,30347.785695013485
Daging Ayam Ras/Kepulauan Riau/2024-12-29,30339.090789772737
Daging Ayam Ras/Kepulauan Riau/2024-12-30,30349.662305516136
Daging Ayam Ras/Kepulauan Riau/2024-12-31,30339.98769029468
Daging Ayam Ras/Lampung/2024-10-01,30347.134360133216
Daging Ayam Ras/Lampung/2024-10-02,30365.088444774137
Daging Ayam Ras/Lampung/2024-10-03,30329.25328018189
Daging Ayam Ras/Lampung/2024-10-04,30362.234427549083
Daging Ayam Ras/Lampung/2024-10-05,30365.279660841097
Daging Ayam Ras/Lampung/2024-10-06,30343.13270046874
Daging Ayam Ras/Lampung/2024-10-07,30311.70399162291
Daging Ayam Ras/Lampung/2024-10-08,30334.669167299075
Daging Ayam Ras/Lampung/2024-10-09,30364.25896076704
Daging Ayam Ras/Lampung/2024-10-10,30344.31053486788
Daging Ayam Ras/Lampung/2024-10-11,30329.200802798176
Daging Ayam Ras/Lampung/2024-10-12,30336.636140855207
Daging Ayam Ras/Lampung/2024-10-13,30357.41507898783
Daging Ayam Ras/Lampung/2024-10-14,30353.125182060805
Daging Ayam Ras/Lampung/2024-10-15,30341.093645032157
Daging Ayam Ras/Lampung/2024-10-16,30338.967661002986
Daging Ayam Ras/Lampung/2024-10-17,30338.394798182897
Daging Ayam Ras/Lampung/2024-10-18,30330.028693699955
Daging Ayam Ras/Lampung/2024-10-19,30369.400020245863
Daging Ayam Ras/Lampung/2024-10-20,30339.833009202088
Daging Ayam Ras/Lampung/2024-10-21,30363.629232922623
Daging Ayam Ras/Lampung/2024-10-22,30368.596473880087
Daging Ayam Ras/Lampung/2024-10-23,30360.632900214223
Daging Ayam Ras/Lampung/2024-10-24,30338.273062201224
Daging Ayam Ras/Lampung/2024-10-25,30350.93252849796
Daging Ayam Ras/Lampung/2024-10-26,30344.198685640447
Daging Ayam Ras/Lampung/2024-10-27,30330.4560599657
Daging Ayam Ras/Lampung/2024-10-28,30349.376033086563
Daging Ayam Ras/Lampung/2024-10-29,30326.205137694047
Daging Ayam Ras/Lampung/2024-10-30,30362.757876733474
Daging Ayam Ras/Lampung/2024-10-31,30337.51314112284
Daging Ayam Ras/Lampung/2024-11-01,30347.73674875314
Daging Ayam Ras/Lampung/2024-11-02,30349.027507746167
Daging Ayam Ras/Lampung/2024-11-03,30340.659530259723
Daging Ayam Ras/Lampung/2024-11-04,30353.641515995867
Daging Ayam Ras/Lampung/2024-11-05,30337.324583002937
Daging Ayam Ras/Lampung/2024-11-06,30358.069220892357
Daging Ayam Ras/Lampung/2024-11-07,30323.79943218212
Daging Ayam Ras/Lampung/2024-11-08,30346.31366621414
Daging Ayam Ras/Lampung/2024-11-09,30374.61914131599
Daging Ayam Ras/Lampung/2024-11-10,30329.44868368973
Daging Ayam Ras/Lampung/2024-11-11,30334.02717716537
Daging Ayam Ras/Lampung/2024-11-12,30352.41738581016
Daging Ayam Ras/Lampung/2024-11-13,30347.333198549142
Daging Ayam Ras/Lampung/2024-11-14,30350.041973129835
Daging Ayam Ras/Lampung/2024-11-15,30352.36892366854
Daging Ayam Ras/Lampung/2024-11-16,30354.64404584195
Daging Ayam Ras/Lampung/2024-11-17,30362.045189363704
Daging Ayam Ras/Lampung/2024-11-18,30351.305121318044
Daging Ayam Ras/Lampung/2024-11-19,30341.062469697885
Daging Ayam Ras/Lampung/2024-11-20,30355.04408002884
Daging Ayam Ras/Lampung/2024-11-21,30374.23438922369
Daging Ayam Ras/Lampung/2024-11-22,30342.98517498836
Daging Ayam Ras/Lampung/2024-11-23,30329.6333449489
Daging Ayam Ras/Lampung/2024-11-24,30361.622056786244
Daging Ayam Ras/Lampung/2024-11-25,30342.779147904734
Daging Ayam Ras/Lampung/2024-11-26,30310.761538592586
Daging Ayam Ras/Lampung/2024-11-27,30357.283541152905
Daging Ayam Ras/Lampung/2024-11-28,30336.1968681123
Daging Ayam Ras/Lampung/2024-11-29,30343.014460410883
Daging Ayam Ras/Lampung/2024-11-30,30349.725725559925
Daging Ayam Ras/Lampung/2024-12-01,30347.67318408605
Daging Ayam Ras/Lampung/2024-12-02,30355.672357007563
Daging Ayam Ras/Lampung/2024-12-03,30338.035690438872
Daging Ayam Ras/Lampung/2024-12-04,30352.552568153613
Daging Ayam Ras/Lampung/2024-12-05,30340.616971430416
Daging Ayam Ras/Lampung/2024-12-06,30356.03655059653
Daging Ayam Ras/Lampung/2024-12-07,30354.29041057478
Daging Ayam Ras/Lampung/2024-12-08,30330.264735836816
Daging Ayam Ras/Lampung/2024-12-09,30361.336028457696
Daging Ayam Ras/Lampung/2024-12-10,30336.404954839767
Daging Ayam Ras/Lampung/2024-12-11,30357.078449163582
Daging Ayam Ras/Lampung/2024-12-12,30350.447703619
Daging Ayam Ras/Lampung/2024-12-13,30373.37030373733
Daging Ayam Ras/Lampung/2024-12-14,30341.57941349629
Daging Ayam Ras/Lampung/2024-12-15,30339.34698689174
Daging Ayam Ras/Lampung/2024-12-16,30344.191159642305
Daging Ayam Ras/Lampung/2024-12-17,30339.753399034034
Daging Ayam Ras/Lampung/2024-12-18,30356.851009624115
Daging Ayam Ras/Lampung/2024-12-19,30319.595157296837
Daging Ayam Ras/Lampung/2024-12-20,30327.899146043917
Daging Ayam Ras/Lampung/2024-12-21,30327.54035340174
Daging Ayam Ras/Lampung/2024-12-22,30358.90491623879
Daging Ayam Ras/Lampung/2024-12-23,30371.23061376506
Daging Ayam Ras/Lampung/2024-12-24,30343.52775169776
Daging Ayam Ras/Lampung/2024-12-25,30342.24727672607
Daging Ayam Ras/Lampung/2024-12-26,30345.71623929249
Daging Ayam Ras/Lampung/2024-12-27,30362.57553770542
Daging Ayam Ras/Lampung/2024-12-28,30330.352744068743
Daging Ayam Ras/Lampung/2024-12-29,30348.217478810187
Daging Ayam Ras/Lampung/2024-12-30,30359.74037039133
Daging Ayam Ras/Lampung/2024-12-31,30352.57930129983
Daging Ayam Ras/Maluku Utara/2024-10-01,30347.74238586893
Daging Ayam Ras/Maluku Utara/2024-10-02,30360.33611681329
Daging Ayam Ras/Maluku Utara/2024-10-03,30302.77644174809
Daging Ayam Ras/Maluku Utara/2024-10-04,30354.553796123757
Daging Ayam Ras/Maluku Utara/2024-10-05,30334.23477624457
Daging Ayam Ras/Maluku Utara/2024-10-06,30315.89209316548
Daging Ayam Ras/Maluku Utara/2024-10-07,30352.02827099887
Daging Ayam Ras/Maluku Utara/2024-10-08,30365.92195747604
Daging Ayam Ras/Maluku Utara/2024-10-09,30342.74293831288
Daging Ayam Ras/Maluku Utara/2024-10-10,30359.624222367496
Daging Ayam Ras/Maluku Utara/2024-10-11,30370.0041423059
Daging Ayam Ras/Maluku Utara/2024-10-12,30365.493566001005
Daging Ayam Ras/Maluku Utara/2024-10-13,30370.58702668452
Daging Ayam Ras/Maluku Utara/2024-10-14,30356.731658265475
Daging Ayam Ras/Maluku Utara/2024-10-15,30346.111895214584
Daging Ayam Ras/Maluku Utara/2024-10-16,30319.727703263503
Daging Ayam Ras/Maluku Utara/2024-10-17,30340.307535562
Daging Ayam Ras/Maluku Utara/2024-10-18,30331.10474356824
Daging Ayam Ras/Maluku Utara/2024-10-19,30378.01450876815
Daging Ayam Ras/Maluku Utara/2024-10-20,30342.264610156468
Daging Ayam Ras/Maluku Utara/2024-10-21,30346.77202843447
Daging Ayam Ras/Maluku Utara/2024-10-22,30353.278990792045
Daging Ayam Ras/Maluku Utara/2024-10-23,30345.402394432167
Daging Ayam Ras/Maluku Utara/2024-10-24,30370.93939746404
Daging Ayam Ras/Maluku Utara/2024-10-25,30335.32709663028
Daging Ayam Ras/Maluku Utara/2024-10-26,30347.656674873902
Daging Ayam Ras/Maluku Utara/2024-10-27,30333.033678184576
Daging Ayam Ras/Maluku Utara/2024-10-28,30323.83032915616
Daging Ayam Ras/Maluku Utara/2024-10-29,30334.584261600845
Daging Ayam Ras/Maluku Utara/2024-10-30,30343.67557532492
Daging Ayam Ras/Maluku Utara/2024-10-31,30337.758806509813
Daging Ayam Ras/Maluku Utara/2024-11-01,30333.72450488367
Daging Ayam Ras/Maluku Utara/2024-11-02,30322.54368186098
Daging Ayam Ras/Maluku Utara/2024-11-03,30342.86866760089
Daging Ayam Ras/Maluku Utara/2024-11-04,30320.947985809824
Daging Ayam Ras/Maluku Utara/2024-11-05,30356.001873553963
Daging Ayam Ras/Maluku Utara/2024-11-06,30345.901346157385
Daging Ayam Ras/Maluku Utara/2024-11-07,30322.022981164788
Daging Ayam Ras/Maluku Utara/2024-11-08,30339.48604864104
Daging Ayam Ras/Maluku Utara/2024-11-09,30332.67475374397
Daging Ayam Ras/Maluku Utara/2024-11-10,30349.22945186888
Daging Ayam Ras/Maluku Utara/2024-11-11,30365.4193606771
Daging Ayam Ras/Maluku Utara/2024-11-12,30315.804740025706
Daging Ayam Ras/Maluku Utara/2024-11-13,30346.12746112413
Daging Ayam Ras/Maluku Utara/2024-11-14,30341.959832210803
Daging Ayam Ras/Maluku Utara/2024-11-15,30354.889845770063
Daging Ayam Ras/Maluku Utara/2024-11-16,30348.00903053555
Daging Ayam Ras/Maluku Utara/2024-11-17,30333.088925819746
Daging Ayam Ras/Maluku Utara/2024-11-18,30339.484360039125
Daging Ayam Ras/Maluku Utara/2024-11-19,30332.024821399973
Daging Ayam Ras/Maluku Utara/2024-11-20,30361.021109953177
Daging Ayam Ras/Maluku Utara/2024-11-21,30345.054621358227
Daging Ayam Ras/Maluku Utara/2024-11-22,30374.3054801041
Daging Ayam Ras/Maluku Utara/2024-11-23,30344.16352652911
Daging Ayam Ras/Maluku Utara/2024-11-24,30333.803867417417
Daging Ayam Ras/Maluku Utara/2024-11-25,30320.873940171667
Daging Ayam Ras/Maluku Utara/2024-11-26,30316.03021412744
Daging Ayam Ras/Maluku Utara/2024-11-27,30319.18231471269
Daging Ayam Ras/Maluku Utara/2024-11-28,30348.06369164725
Daging Ayam Ras/Maluku Utara/2024-11-29,30352.33081635137
Daging Ayam Ras/Maluku Utara/2024-11-30,30320.16324067101
Daging Ayam Ras/Maluku Utara/2024-12-01,30358.305754406218
Daging Ayam Ras/Maluku Utara/2024-12-02,30337.169124285563
Daging Ayam Ras/Maluku Utara/2024-12-03,30346.78086589886
Daging Ayam Ras/Maluku Utara/2024-12-04,30369.674120919142
Daging Ayam Ras/Maluku Utara/2024-12-05,30358.974051382884
Daging Ayam Ras/Maluku Utara/2024-12-06,30340.792656409736
Daging Ayam Ras/Maluku Utara/2024-12-07,30330.84296801432
Daging Ayam Ras/Maluku Utara/2024-12-08,30310.85031522376
Daging Ayam Ras/Maluku Utara/2024-12-09,30332.6518762745
Daging Ayam Ras/Maluku Utara/2024-12-10,30340.76558557385
Daging Ayam Ras/Maluku Utara/2024-12-11,30329.00913061331
Daging Ayam Ras/Maluku Utara/2024-12-12,30342.31159921593
Daging Ayam Ras/Maluku Utara/2024-12-13,30345.71527290416
Daging Ayam Ras/Maluku Utara/2024-12-14,30341.08074290936
Daging Ayam Ras/Maluku Utara/2024-12-15,30334.44252412023
Daging Ayam Ras/Maluku Utara/2024-12-16,30347.066596166635
Daging Ayam Ras/Maluku Utara/2024-12-17,30351.40773250525
Daging Ayam Ras/Maluku Utara/2024-12-18,30327.71455609387
Daging Ayam Ras/Maluku Utara/2024-12-19,30366.34978130318
Daging Ayam Ras/Maluku Utara/2024-12-20,30343.289521647024
Daging Ayam Ras/Maluku Utara/2024-12-21,30344.97030815869
Daging Ayam Ras/Maluku Utara/2024-12-22,30355.64203465169
Daging Ayam Ras/Maluku Utara/2024-12-23,30348.40087162195
Daging Ayam Ras/Maluku Utara/2024-12-24,30359.490917803123
Daging Ayam Ras/Maluku Utara/2024-12-25,30349.333360835582
Daging Ayam Ras/Maluku Utara/2024-12-26,30335.23426978123
Daging Ayam Ras/Maluku Utara/2024-12-27,30350.09081337441
Daging Ayam Ras/Maluku Utara/2024-12-28,30326.77527895423
Daging Ayam Ras/Maluku Utara/2024-12-29,30345.962704897946
Daging Ayam Ras/Maluku Utara/2024-12-30,30343.949703144088
Daging Ayam Ras/Maluku Utara/2024-12-31,30341.3200565014
Daging Ayam Ras/Maluku/2024-10-01,30342.529336546773
Daging Ayam Ras/Maluku/2024-10-02,30315.289633639488
Daging Ayam Ras/Maluku/2024-10-03,30335.557144000748
Daging Ayam Ras/Maluku/2024-10-04,30345.64783124148
Daging Ayam Ras/Maluku/2024-10-05,30346.95129466071
Daging Ayam Ras/Maluku/2024-10-06,30328.65109220452
Daging Ayam Ras/Maluku/2024-10-07,30364.139524918348
Daging Ayam Ras/Maluku/2024-10-08,30331.308078045484
Daging Ayam Ras/Maluku/2024-10-09,30359.569144445715
Daging Ayam Ras/Maluku/2024-10-10,30351.40843246396
Daging Ayam Ras/Maluku/2024-10-11,30334.74161390076
Daging Ayam Ras/Maluku/2024-10-12,30372.09250432765
Daging Ayam Ras/Maluku/2024-10-13,30326.39071183971
Daging Ayam Ras/Maluku/2024-10-14,30358.741597588996
Daging Ayam Ras/Maluku/2024-10-15,30360.276435086424
Daging Ayam Ras/Maluku/2024-10-16,30334.453880259607
Daging Ayam Ras/Maluku/2024-10-17,30366.18268263505
Daging Ayam Ras/Maluku/2024-10-18,30341.013863438413
Daging Ayam Ras/Maluku/2024-10-19,30349.10185146703
Daging Ayam Ras/Maluku/2024-10-20,30348.68466499758
Daging Ayam Ras/Maluku/2024-10-21,30342.58306730404
Daging Ayam Ras/Maluku/2024-10-22,30357.14410237262
Daging Ayam Ras/Maluku/2024-10-23,30357.115387868
Daging Ayam Ras/Maluku/2024-10-24,30317.642791882696
Daging Ayam Ras/Maluku/2024-10-25,30364.571864171445
Daging Ayam Ras/Maluku/2024-10-26,30318.828606198455
Daging Ayam Ras/Maluku/2024-10-27,30360.290773557248
Daging Ayam Ras/Maluku/2024-10-28,30362.189805251084
Daging Ayam Ras/Maluku/2024-10-29,30327.997815375697
Daging Ayam Ras/Maluku/2024-10-30,30338.077167563468
Daging Ayam Ras/Maluku/2024-10-31,30327.239227072365
Daging Ayam Ras/Maluku/2024-11-01,30340.80608892871
Daging Ayam Ras/Maluku/2024-11-02,30339.539676850254
Daging Ayam Ras/Maluku/2024-11-03,30356.61382812353
Daging Ayam Ras/Maluku/2024-11-04,30365.13933906669
Daging Ayam Ras/Maluku/2024-11-05,30366.747514832965
Daging Ayam Ras/Maluku/2024-11-06,30336.37858060542
Daging Ayam Ras/Maluku/2024-11-07,30341.41727756222
Daging Ayam Ras/Maluku/2024-11-08,30318.26036429566
Daging Ayam Ras/Maluku/2024-11-09,30331.49792572472
Daging Ayam Ras/Maluku/2024-11-10,30359.111466124672
Daging Ayam Ras/Maluku/2024-11-11,30369.79893846681
Daging Ayam Ras/Maluku/2024-11-12,30325.88495051421
Daging Ayam Ras/Maluku/2024-11-13,30335.39690981373
Daging Ayam Ras/Maluku/2024-11-14,30343.954473982914
Daging Ayam Ras/Maluku/2024-11-15,30348.736889801134
Daging Ayam Ras/Maluku/2024-11-16,30331.966429011416
Daging Ayam Ras/Maluku/2024-11-17,30351.07609512701
Daging Ayam Ras/Maluku/2024-11-18,30337.242523326466
Daging Ayam Ras/Maluku/2024-11-19,30344.258234281057
Daging Ayam Ras/Maluku/2024-11-20,30353.03060821424
Daging Ayam Ras/Maluku/2024-11-21,30344.81752380561
Daging Ayam Ras/Maluku/2024-11-22,30337.847000164154
Daging Ayam Ras/Maluku/2024-11-23,30342.81050401669
Daging Ayam Ras/Maluku/2024-11-24,30343.11250604264
Daging Ayam Ras/Maluku/2024-11-25,30338.742384403933
Daging Ayam Ras/Maluku/2024-11-26,30340.451210614392
Daging Ayam Ras/Maluku/2024-11-27,30369.357075098746
Daging Ayam Ras/Maluku/2024-11-28,30353.647376779725
Daging Ayam Ras/Maluku/2024-11-29,30340.31795683384
Daging Ayam Ras/Maluku/2024-11-30,30355.50513761957
Daging Ayam Ras/Maluku/2024-12-01,30339.52161350213
Daging Ayam Ras/Maluku/2024-12-02,30362.74318078693
Daging Ayam Ras/Maluku/2024-12-03,30350.5724299114
Daging Ayam Ras/Maluku/2024-12-04,30343.132503271387
Daging Ayam Ras/Maluku/2024-12-05,30351.58309173801
Daging Ayam Ras/Maluku/2024-12-06,30320.240396708632
Daging Ayam Ras/Maluku/2024-12-07,30326.66023700445
Daging Ayam Ras/Maluku/2024-12-08,30325.528487219577
Daging Ayam Ras/Maluku/2024-12-09,30346.29955071566
Daging Ayam Ras/Maluku/2024-12-10,30371.37086433692
Daging Ayam Ras/Maluku/2024-12-11,30379.765186476463
Daging Ayam Ras/Maluku/2024-12-12,30355.33425162741
Daging Ayam Ras/Maluku/2024-12-13,30352.926414434853
Daging Ayam Ras/Maluku/2024-12-14,30316.80848849317
Daging Ayam Ras/Maluku/2024-12-15,30335.66878132252
Daging Ayam Ras/Maluku/2024-12-16,30331.862122316743
Daging Ayam Ras/Maluku/2024-12-17,30334.542526903035
Daging Ayam Ras/Maluku/2024-12-18,30341.68951895708
Daging Ayam Ras/Maluku/2024-12-19,30337.167460580156
Daging Ayam Ras/Maluku/2024-12-20,30313.661020271684
Daging Ayam Ras/Maluku/2024-12-21,30355.71479807196
Daging Ayam Ras/Maluku/2024-12-22,30327.828642222576
Daging Ayam Ras/Maluku/2024-12-23,30348.07426593357
Daging Ayam Ras/Maluku/2024-12-24,30376.85122022204
Daging Ayam Ras/Maluku/2024-12-25,30330.83744449671
Daging Ayam Ras/Maluku/2024-12-26,30305.249843975005
Daging Ayam Ras/Maluku/2024-12-27,30339.52487956909
Daging Ayam Ras/Maluku/2024-12-28,30361.232974101848
Daging Ayam Ras/Maluku/2024-12-29,30375.09158727007
Daging Ayam Ras/Maluku/2024-12-30,30326.121024153468
Daging Ayam Ras/Maluku/2024-12-31,30352.42196176633
Daging Ayam Ras/Nusa Tenggara Barat/2024-10-01,30337.378219481023
Daging Ayam Ras/Nusa Tenggara Barat/2024-10-02,30342.751892922704
Daging Ayam Ras/Nusa Tenggara Barat/2024-10-03,30385.583556011166
Daging Ayam Ras/Nusa Tenggara Barat/2024-10-04,30321.839459706487
Daging Ayam Ras/Nusa Tenggara Barat/2024-10-05,30348.48297862918
Daging Ayam Ras/Nusa Tenggara Barat/2024-10-06,30351.853719753028
Daging Ayam Ras/Nusa Tenggara Barat/2024-10-07,30361.51965188206
Daging Ayam Ras/Nusa Tenggara Barat/2024-10-08,30346.33584112329
Daging Ayam Ras/Nusa Tenggara Barat/2024-10-09,30349.61021324295
Daging Ayam Ras/Nusa Tenggara Barat/2024-10-10,30338.593411653303
Daging Ayam Ras/Nusa Tenggara Barat/2024-10-11,30348.67336677469
Daging Ayam Ras/Nusa Tenggara Barat/2024-10-12,30339.212526619605
Daging Ayam Ras/Nusa Tenggara Barat/2024-10-13,30354.172146408506
Daging Ayam Ras/Nusa Tenggara Barat/2024-10-14,30338.93393519624
Daging Ayam Ras/Nusa Tenggara Barat/2024-10-15,30350.433583605674
Daging Ayam Ras/Nusa Tenggara Barat/2024-10-16,30344.18396230581
Daging Ayam Ras/Nusa Tenggara Barat/2024-10-17,30362.128523955576
Daging Ayam Ras/Nusa Tenggara Barat/2024-10-18,30344.037282335503
Daging Ayam Ras/Nusa Tenggara Barat/2024-10-19,30317.13133477984
Daging Ayam Ras/Nusa Tenggara Barat/2024-10-20,30363.8032709194
Daging Ayam Ras/Nusa Tenggara Barat/2024-10-21,30330.545179669352
Daging Ayam Ras/Nusa Tenggara Barat/2024-10-22,30334.22847286268
Daging Ayam Ras/Nusa Tenggara Barat/2024-10-23,30335.116280370094
Daging Ayam Ras/Nusa Tenggara Barat/2024-10-24,30365.757385617035
Daging Ayam Ras/Nusa Tenggara Barat/2024-10-25,30311.537375821536
Daging Ayam Ras/Nusa Tenggara Barat/2024-10-26,30393.08500484176
Daging Ayam Ras/Nusa Tenggara Barat/2024-10-27,30361.59085020317
Daging Ayam Ras/Nusa Tenggara Barat/2024-10-28,30348.62812684748
Daging Ayam Ras/Nusa Tenggara Barat/2024-10-29,30344.00890648409
Daging Ayam Ras/Nusa Tenggara Barat/2024-10-30,30349.12111168768
Daging Ayam Ras/Nusa Tenggara Barat/2024-10-31,30352.592917335525
Daging Ayam Ras/Nusa Tenggara Barat/2024-11-01,30354.718708660585
Daging Ayam Ras/Nusa Tenggara Barat/2024-11-02,30353.440424101245
Daging Ayam Ras/Nusa Tenggara Barat/2024-11-03,30346.20228571253
Daging Ayam Ras/Nusa Tenggara Barat/2024-11-04,30341.601833088876
Daging Ayam Ras/Nusa Tenggara Barat/2024-11-05,30342.174225057533
Daging Ayam Ras/Nusa Tenggara Barat/2024-11-06,30341.446461552317
Daging Ayam Ras/Nusa Tenggara Barat/2024-11-07,30362.113774814847
Daging Ayam Ras/Nusa Tenggara Barat/2024-11-08,30354.05102429451
Daging Ayam Ras/Nusa Tenggara Barat/2024-11-09,30299.118841819894
Daging Ayam Ras/Nusa Tenggara Barat/2024-11-10,30354.20248317935
Daging Ayam Ras/Nusa Tenggara Barat/2024-11-11,30347.40706520659
Daging Ayam Ras/Nusa Tenggara Barat/2024-11-12,30344.23963570608
Daging Ayam Ras/Nusa Tenggara Barat/2024-11-13,30338.597573837174
Daging Ayam Ras/Nusa Tenggara Barat/2024-11-14,30362.09947937337
Daging Ayam Ras/Nusa Tenggara Barat/2024-11-15,30359.509910247463
Daging Ayam Ras/Nusa Tenggara Barat/2024-11-16,30332.89971948384
Daging Ayam Ras/Nusa Tenggara Barat/2024-11-17,30350.89609554253
Daging Ayam Ras/Nusa Tenggara Barat/2024-11-18,30329.49579263633
Daging Ayam Ras/Nusa Tenggara Barat/2024-11-19,30322.832451570343
Daging Ayam Ras/Nusa Tenggara Barat/2024-11-20,30334.352053303817
Daging Ayam Ras/Nusa Tenggara Barat/2024-11-21,30357.65264725476
Daging Ayam Ras/Nusa Tenggara Barat/2024-11-22,30359.47420289361
Daging Ayam Ras/Nusa Tenggara Barat/2024-11-23,30352.938110899224
Daging Ayam Ras/Nusa Tenggara Barat/2024-11-24,30356.210964616937
Daging Ayam Ras/Nusa Tenggara Barat/2024-11-25,30352.901921505087
Daging Ayam Ras/Nusa Tenggara Barat/2024-11-26,30334.778802561344
Daging Ayam Ras/Nusa Tenggara Barat/2024-11-27,30351.18316586617
Daging Ayam Ras/Nusa Tenggara Barat/2024-11-28,30357.034934053307
Daging Ayam Ras/Nusa Tenggara Barat/2024-11-29,30356.490595495845
Daging Ayam Ras/Nusa Tenggara Barat/2024-11-30,30363.35922409865
Daging Ayam Ras/Nusa Tenggara Barat/2024-12-01,30356.03011347857
Daging Ayam Ras/Nusa Tenggara Barat/2024-12-02,30350.361869987755
Daging Ayam Ras/Nusa Tenggara Barat/2024-12-03,30361.39710033125
Daging Ayam Ras/Nusa Tenggara Barat/2024-12-04,30344.437041828725
Daging Ayam Ras/Nusa Tenggara Barat/2024-12-05,30330.93061047366
Daging Ayam Ras/Nusa Tenggara Barat/2024-12-06,30341.82438273833
Daging Ayam Ras/Nusa Tenggara Barat/2024-12-07,30332.798422048527
Daging Ayam Ras/Nusa Tenggara Barat/2024-12-08,30333.7862081594
Daging Ayam Ras/Nusa Tenggara Barat/2024-12-09,30342.076325804224
Daging Ayam Ras/Nusa Tenggara Barat/2024-12-10,30332.138351702157
Daging Ayam Ras/Nusa Tenggara Barat/2024-12-11,30339.568713452285
Daging Ayam Ras/Nusa Tenggara Barat/2024-12-12,30314.97901408327
Daging Ayam Ras/Nusa Tenggara Barat/2024-12-13,30347.400401517025
Daging Ayam Ras/Nusa Tenggara Barat/2024-12-14,30344.413170503456
Daging Ayam Ras/Nusa Tenggara Barat/2024-12-15,30331.85700213682
Daging Ayam Ras/Nusa Tenggara Barat/2024-12-16,30354.690423446355
Daging Ayam Ras/Nusa Tenggara Barat/2024-12-17,30359.302408349115
Daging Ayam Ras/Nusa Tenggara Barat/2024-12-18,30319.836015212462
Daging Ayam Ras/Nusa Tenggara Barat/2024-12-19,30332.483212553507
Daging Ayam Ras/Nusa Tenggara Barat/2024-12-20,30332.28493847638
Daging Ayam Ras/Nusa Tenggara Barat/2024-12-21,30329.56110123007
Daging Ayam Ras/Nusa Tenggara Barat/2024-12-22,30357.10710204998
Daging Ayam Ras/Nusa Tenggara Barat/2024-12-23,30341.69192310273
Daging Ayam Ras/Nusa Tenggara Barat/2024-12-24,30340.53130603036
Daging Ayam Ras/Nusa Tenggara Barat/2024-12-25,30313.396974863448
Daging Ayam Ras/Nusa Tenggara Barat/2024-12-26,30353.968812741397
Daging Ayam Ras/Nusa Tenggara Barat/2024-12-27,30325.15098041513
Daging Ayam Ras/Nusa Tenggara Barat/2024-12-28,30345.22445463199
Daging Ayam Ras/Nusa Tenggara Barat/2024-12-29,30348.81810756773
Daging Ayam Ras/Nusa Tenggara Barat/2024-12-30,30365.8528793698
Daging Ayam Ras/Nusa Tenggara Barat/2024-12-31,30324.572420717705
Daging Ayam Ras/Nusa Tenggara Timur/2024-10-01,30297.52463024529
Daging Ayam Ras/Nusa Tenggara Timur/2024-10-02,30346.58530525492
Daging Ayam Ras/Nusa Tenggara Timur/2024-10-03,30372.16106753329
Daging Ayam Ras/Nusa Tenggara Timur/2024-10-04,30364.14424078273
Daging Ayam Ras/Nusa Tenggara Timur/2024-10-05,30348.474388594368
Daging Ayam Ras/Nusa Tenggara Timur/2024-10-06,30337.341134222675
Daging Ayam Ras/Nusa Tenggara Timur/2024-10-07,30357.057279195204
Daging Ayam Ras/Nusa Tenggara Timur/2024-10-08,30329.468511983567
Daging Ayam Ras/Nusa Tenggara Timur/2024-10-09,30351.77475218059
Daging Ayam Ras/Nusa Tenggara Timur/2024-10-10,30352.459227744614
Daging Ayam Ras/Nusa Tenggara Timur/2024-10-11,30361.223371472654
Daging Ayam Ras/Nusa Tenggara Timur/2024-10-12,30387.82992730474
Daging Ayam Ras/Nusa Tenggara Timur/2024-10-13,30351.532044862284
Daging Ayam Ras/Nusa Tenggara Timur/2024-10-14,30337.112494451547
Daging Ayam Ras/Nusa Tenggara Timur/2024-10-15,30344.170617080174
Daging Ayam Ras/Nusa Tenggara Timur/2024-10-16,30316.8995340308
Daging Ayam Ras/Nusa Tenggara Timur/2024-10-17,30333.18048230228
Daging Ayam Ras/Nusa Tenggara Timur/2024-10-18,30337.79793659575
Daging Ayam Ras/Nusa Tenggara Timur/2024-10-19,30336.18334567033
Daging Ayam Ras/Nusa Tenggara Timur/2024-10-20,30346.7683149508
Daging Ayam Ras/Nusa Tenggara Timur/2024-10-21,30331.825563158065
Daging Ayam Ras/Nusa Tenggara Timur/2024-10-22,30361.859707455016
Daging Ayam Ras/Nusa Tenggara Timur/2024-10-23,30344.781244340626
Daging Ayam Ras/Nusa Tenggara Timur/2024-10-24,30344.56605364988
Daging Ayam Ras/Nusa Tenggara Timur/2024-10-25,30339.5254890345
Daging Ayam Ras/Nusa Tenggara Timur/2024-10-26,30346.930756802096
Daging Ayam Ras/Nusa Tenggara Timur/2024-10-27,30357.358890186093
Daging Ayam Ras/Nusa Tenggara Timur/2024-10-28,30331.289590840475
Daging Ayam Ras/Nusa Tenggara Timur/2024-10-29,30334.245213215727
Daging Ayam Ras/Nusa Tenggara Timur/2024-10-30,30339.62685233504
Daging Ayam Ras/Nusa Tenggara Timur/2024-10-31,30323.42515889972
Daging Ayam Ras/Nusa Tenggara Timur/2024-11-01,30331.41595857068
Daging Ayam Ras/Nusa Tenggara Timur/2024-11-02,30336.832397004797
Daging Ayam Ras/Nusa Tenggara Timur/2024-11-03,30357.94099190077
Daging Ayam Ras/Nusa Tenggara Timur/2024-11-04,30348.814248522624
Daging Ayam Ras/Nusa Tenggara Timur/2024-11-05,30347.81936273953
Daging Ayam Ras/Nusa Tenggara Timur/2024-11-06,30357.97777663904
Daging Ayam Ras/Nusa Tenggara Timur/2024-11-07,30342.689017529217
Daging Ayam Ras/Nusa Tenggara Timur/2024-11-08,30350.691711827338
Daging Ayam Ras/Nusa Tenggara Timur/2024-11-09,30343.064829068036
Daging Ayam Ras/Nusa Tenggara Timur/2024-11-10,30348.70077171482
Daging Ayam Ras/Nusa Tenggara Timur/2024-11-11,30335.538517980644
Daging Ayam Ras/Nusa Tenggara Timur/2024-11-12,30306.520382392744
Daging Ayam Ras/Nusa Tenggara Timur/2024-11-13,30341.81607465164
Daging Ayam Ras/Nusa Tenggara Timur/2024-11-14,30366.343898174484
Daging Ayam Ras/Nusa Tenggara Timur/2024-11-15,30359.210329296
Daging Ayam Ras/Nusa Tenggara Timur/2024-11-16,30360.05845691202
Daging Ayam Ras/Nusa Tenggara Timur/2024-11-17,30364.327995787444
Daging Ayam Ras/Nusa Tenggara Timur/2024-11-18,30346.39733415185
Daging Ayam Ras/Nusa Tenggara Timur/2024-11-19,30347.7824517824
Daging Ayam Ras/Nusa Tenggara Timur/2024-11-20,30335.01309300665
Daging Ayam Ras/Nusa Tenggara Timur/2024-11-21,30339.4705619905
Daging Ayam Ras/Nusa Tenggara Timur/2024-11-22,30353.948577920703
Daging Ayam Ras/Nusa Tenggara Timur/2024-11-23,30363.38045411706
Daging Ayam Ras/Nusa Tenggara Timur/2024-11-24,30342.761646160936
Daging Ayam Ras/Nusa Tenggara Timur/2024-11-25,30337.749471189592
Daging Ayam Ras/Nusa Tenggara Timur/2024-11-26,30344.51162953953
Daging Ayam Ras/Nusa Tenggara Timur/2024-11-27,30353.820789375943
Daging Ayam Ras/Nusa Tenggara Timur/2024-11-28,30322.185976124416
Daging Ayam Ras/Nusa Tenggara Timur/2024-11-29,30308.59193359924
Daging Ayam Ras/Nusa Tenggara Timur/2024-11-30,30335.312634553404
Daging Ayam Ras/Nusa Tenggara Timur/2024-12-01,30325.088178745675
Daging Ayam Ras/Nusa Tenggara Timur/2024-12-02,30336.20592944828
Daging Ayam Ras/Nusa Tenggara Timur/2024-12-03,30342.073452376884
Daging Ayam Ras/Nusa Tenggara Timur/2024-12-04,30337.487535120465
Daging Ayam Ras/Nusa Tenggara Timur/2024-12-05,30367.074424035945
Daging Ayam Ras/Nusa Tenggara Timur/2024-12-06,30350.012646719348
Daging Ayam Ras/Nusa Tenggara Timur/2024-12-07,30349.525870611196
Daging Ayam Ras/Nusa Tenggara Timur/2024-12-08,30354.44443251365
Daging Ayam Ras/Nusa Tenggara Timur/2024-12-09,30327.056562976555
Daging Ayam Ras/Nusa Tenggara Timur/2024-12-10,30360.48867273017
Daging Ayam Ras/Nusa Tenggara Timur/2024-12-11,30343.506982032213
Daging Ayam Ras/Nusa Tenggara Timur/2024-12-12,30355.05278981156
Daging Ayam Ras/Nusa Tenggara Timur/2024-12-13,30328.082838062284
Daging Ayam Ras/Nusa Tenggara Timur/2024-12-14,30320.261692024866
Daging Ayam Ras/Nusa Tenggara Timur/2024-12-15,30356.77038481288
Daging Ayam Ras/Nusa Tenggara Timur/2024-12-16,30350.38111673436
Daging Ayam Ras/Nusa Tenggara Timur/2024-12-17,30330.660982928526
Daging Ayam Ras/Nusa Tenggara Timur/2024-12-18,30330.981710363674
Daging Ayam Ras/Nusa Tenggara Timur/2024-12-19,30361.835292832584
Daging Ayam Ras/Nusa Tenggara Timur/2024-12-20,30326.1555592655
Daging Ayam Ras/Nusa Tenggara Timur/2024-12-21,30369.955094605462
Daging Ayam Ras/Nusa Tenggara Timur/2024-12-22,30330.909381260622
Daging Ayam Ras/Nusa Tenggara Timur/2024-12-23,30354.479905093
Daging Ayam Ras/Nusa Tenggara Timur/2024-12-24,30339.540372077365
Daging Ayam Ras/Nusa Tenggara Timur/2024-12-25,30353.95661615772
Daging Ayam Ras/Nusa Tenggara Timur/2024-12-26,30336.181063637163
Daging Ayam Ras/Nusa Tenggara Timur/2024-12-27,30342.006105219727
Daging Ayam Ras/Nusa Tenggara Timur/2024-12-28,30345.10536784838
Daging Ayam Ras/Nusa Tenggara Timur/2024-12-29,30328.956517183786
Daging Ayam Ras/Nusa Tenggara Timur/2024-12-30,30355.8410489481
Daging Ayam Ras/Nusa Tenggara Timur/2024-12-31,30336.67135800343
Daging Ayam Ras/Papua Barat/2024-10-01,30340.958860279905
Daging Ayam Ras/Papua Barat/2024-10-02,30329.03049430872
Daging Ayam Ras/Papua Barat/2024-10-03,30304.45538299926
Daging Ayam Ras/Papua Barat/2024-10-04,30340.82207565148
Daging Ayam Ras/Papua Barat/2024-10-05,30381.72366913143
Daging Ayam Ras/Papua Barat/2024-10-06,30357.260240002302
Daging Ayam Ras/Papua Barat/2024-10-07,30344.84941702597
Daging Ayam Ras/Papua Barat/2024-10-08,30340.798271380947
Daging Ayam Ras/Papua Barat/2024-10-09,30344.864416524983
Daging Ayam Ras/Papua Barat/2024-10-10,30352.93773092802
Daging Ayam Ras/Papua Barat/2024-10-11,30326.2902927544
Daging Ayam Ras/Papua Barat/2024-10-12,30361.70159519021
Daging Ayam Ras/Papua Barat/2024-10-13,30355.85793754063
Daging Ayam Ras/Papua Barat/2024-10-14,30356.008743569382
Daging Ayam Ras/Papua Barat/2024-10-15,30351.70119678429
Daging Ayam Ras/Papua Barat/2024-10-16,30345.141895385572
Daging Ayam Ras/Papua Barat/2024-10-17,30355.071750319923
Daging Ayam Ras/Papua Barat/2024-10-18,30353.920203065485
Daging Ayam Ras/Papua Barat/2024-10-19,30339.25484537794
Daging Ayam Ras/Papua Barat/2024-10-20,30335.646494462253
Daging Ayam Ras/Papua Barat/2024-10-21,30345.987837168865
Daging Ayam Ras/Papua Barat/2024-10-22,30368.573421354824
Daging Ayam Ras/Papua Barat/2024-10-23,30325.63802542229
Daging Ayam Ras/Papua Barat/2024-10-24,30321.6727370084
Daging Ayam Ras/Papua Barat/2024-10-25,30346.713480743023
Daging Ayam Ras/Papua Barat/2024-10-26,30345.14284198196
Daging Ayam Ras/Papua Barat/2024-10-27,30347.19742923501
Daging Ayam Ras/Papua Barat/2024-10-28,30348.50361971056
Daging Ayam Ras/Papua Barat/2024-10-29,30341.25168267288
Daging Ayam Ras/Papua Barat/2024-10-30,30367.735456106217
Daging Ayam Ras/Papua Barat/2024-10-31,30320.00513670356
Daging Ayam Ras/Papua Barat/2024-11-01,30331.47195240629
Daging Ayam Ras/Papua Barat/2024-11-02,30342.617793025467
Daging Ayam Ras/Papua Barat/2024-11-03,30318.802435488607
Daging Ayam Ras/Papua Barat/2024-11-04,30341.354626802862
Daging Ayam Ras/Papua Barat/2024-11-05,30370.252338544084
Daging Ayam Ras/Papua Barat/2024-11-06,30345.252988683595
Daging Ayam Ras/Papua Barat/2024-11-07,30348.40915871862
Daging Ayam Ras/Papua Barat/2024-11-08,30325.1740181782
Daging Ayam Ras/Papua Barat/2024-11-09,30334.697335187597
Daging Ayam Ras/Papua Barat/2024-11-10,30338.36324045867
Daging Ayam Ras/Papua Barat/2024-11-11,30339.406433769305
Daging Ayam Ras/Papua Barat/2024-11-12,30364.37509109315
Daging Ayam Ras/Papua Barat/2024-11-13,30353.571882144523
Daging Ayam Ras/Papua Barat/2024-11-14,30327.604711761032
Daging Ayam Ras/Papua Barat/2024-11-15,30348.29058843961
Daging Ayam Ras/Papua Barat/2024-11-16,30352.26372638931
Daging Ayam Ras/Papua Barat/2024-11-17,30362.355944197898
Daging Ayam Ras/Papua Barat/2024-11-18,30369.50499435205
Daging Ayam Ras/Papua Barat/2024-11-19,30329.37099704217
Daging Ayam Ras/Papua Barat/2024-11-20,30331.943758283505
Daging Ayam Ras/Papua Barat/2024-11-21,30324.70629559814
Daging Ayam Ras/Papua Barat/2024-11-22,30340.4082168387
Daging Ayam Ras/Papua Barat/2024-11-23,30351.52374838175
Daging Ayam Ras/Papua Barat/2024-11-24,30360.023998598823
Daging Ayam Ras/Papua Barat/2024-11-25,30343.738611728983
Daging Ayam Ras/Papua Barat/2024-11-26,30339.78943234542
Daging Ayam Ras/Papua Barat/2024-11-27,30346.89645232384
Daging Ayam Ras/Papua Barat/2024-11-28,30331.54017821305
Daging Ayam Ras/Papua Barat/2024-11-29,30376.847382707358
Daging Ayam Ras/Papua Barat/2024-11-30,30319.973616443167
Daging Ayam Ras/Papua Barat/2024-12-01,30347.311758614615
Daging Ayam Ras/Papua Barat/2024-12-02,30375.993731070743
Daging Ayam Ras/Papua Barat/2024-12-03,30345.134503023408
Daging Ayam Ras/Papua Barat/2024-12-04,30341.81876875882
Daging Ayam Ras/Papua Barat/2024-12-05,30339.11854346838
Daging Ayam Ras/Papua Barat/2024-12-06,30341.6189354781
Daging Ayam Ras/Papua Barat/2024-12-07,30365.746555466543
Daging Ayam Ras/Papua Barat/2024-12-08,30310.456353772108
Daging Ayam Ras/Papua Barat/2024-12-09,30368.08376714037
Daging Ayam Ras/Papua Barat/2024-12-10,30322.587721980133
Daging Ayam Ras/Papua Barat/2024-12-11,30340.18455161982
Daging Ayam Ras/Papua Barat/2024-12-12,30337.69056401613
Daging Ayam Ras/Papua Barat/2024-12-13,30353.614741752917
Daging Ayam Ras/Papua Barat/2024-12-14,30319.74424763677
Daging Ayam Ras/Papua Barat/2024-12-15,30351.508438057765
Daging Ayam Ras/Papua Barat/2024-12-16,30376.024644908703
Daging Ayam Ras/Papua Barat/2024-12-17,30323.86066122365
Daging Ayam Ras/Papua Barat/2024-12-18,30347.478178930112
Daging Ayam Ras/Papua Barat/2024-12-19,30334.29664112016
Daging Ayam Ras/Papua Barat/2024-12-20,30350.96215451151
Daging Ayam Ras/Papua Barat/2024-12-21,30344.83097601119
Daging Ayam Ras/Papua Barat/2024-12-22,30334.684770249085
Daging Ayam Ras/Papua Barat/2024-12-23,30352.034368392207
Daging Ayam Ras/Papua Barat/2024-12-24,30372.70986967084
Daging Ayam Ras/Papua Barat/2024-12-25,30342.0576811823
Daging Ayam Ras/Papua Barat/2024-12-26,30355.987699948146
Daging Ayam Ras/Papua Barat/2024-12-27,30324.696787023942
Daging Ayam Ras/Papua Barat/2024-12-28,30329.417487887767
Daging Ayam Ras/Papua Barat/2024-12-29,30351.47883963288
Daging Ayam Ras/Papua Barat/2024-12-30,30367.60129195685
Daging Ayam Ras/Papua Barat/2024-12-31,30350.47384015867
Daging Ayam Ras/Papua/2024-10-01,30340.07143647861
Daging Ayam Ras/Papua/2024-10-02,30344.63180859596
Daging Ayam Ras/Papua/2024-10-03,30325.05254399015
Daging Ayam Ras/Papua/2024-10-04,30353.593778886858
Daging Ayam Ras/Papua/2024-10-05,30358.27733629716
Daging Ayam Ras/Papua/2024-10-06,30337.794420954488
Daging Ayam Ras/Papua/2024-10-07,30337.311462654416
Daging Ayam Ras/Papua/2024-10-08,30348.62528978119
Daging Ayam Ras/Papua/2024-10-09,30337.728467841374
Daging Ayam Ras/Papua/2024-10-10,30343.42484625165
Daging Ayam Ras/Papua/2024-10-11,30377.210530093067
Daging Ayam Ras/Papua/2024-10-12,30341.228845780723
Daging Ayam Ras/Papua/2024-10-13,30339.203258934165
Daging Ayam Ras/Papua/2024-10-14,30334.488959910843
Daging Ayam Ras/Papua/2024-10-15,30355.9127576481
Daging Ayam Ras/Papua/2024-10-16,30341.747678187083
Daging Ayam Ras/Papua/2024-10-17,30334.513012482643
Daging Ayam Ras/Papua/2024-10-18,30365.009586486995
Daging Ayam Ras/Papua/2024-10-19,30366.909907366942
Daging Ayam Ras/Papua/2024-10-20,30335.687993281736
Daging Ayam Ras/Papua/2024-10-21,30315.643287663715
Daging Ayam Ras/Papua/2024-10-22,30359.787564084007
Daging Ayam Ras/Papua/2024-10-23,30333.8236991496
Daging Ayam Ras/Papua/2024-10-24,30356.711106829945
Daging Ayam Ras/Papua/2024-10-25,30314.123367334814
Daging Ayam Ras/Papua/2024-10-26,30358.13270724195
Daging Ayam Ras/Papua/2024-10-27,30325.69918093055
Daging Ayam Ras/Papua/2024-10-28,30355.71110333529
Daging Ayam Ras/Papua/2024-10-29,30344.85464447839
Daging Ayam Ras/Papua/2024-10-30,30329.85897696172
Daging Ayam Ras/Papua/2024-10-31,30338.026415875876
Daging Ayam Ras/Papua/2024-11-01,30355.078935225774
Daging Ayam Ras/Papua/2024-11-02,30346.26741662198
Daging Ayam Ras/Papua/2024-11-03,30353.780128038936
Daging Ayam Ras/Papua/2024-11-04,30375.557919473868
Daging Ayam Ras/Papua/2024-11-05,30320.80062323832
Daging Ayam Ras/Papua/2024-11-06,30369.60525583288
Daging Ayam Ras/Papua/2024-11-07,30346.45699663856
Daging Ayam Ras/Papua/2024-11-08,30330.704710674232
Daging Ayam Ras/Papua/2024-11-09,30323.674629343852
Daging Ayam Ras/Papua/2024-11-10,30341.24377749094
Daging Ayam Ras/Papua/2024-11-11,30358.5889070534
Daging Ayam Ras/Papua/2024-11-12,30342.743665251623
Daging Ayam Ras/Papua/2024-11-13,30368.227976845395
Daging Ayam Ras/Papua/2024-11-14,30322.44733970387
Daging Ayam Ras/Papua/2024-11-15,30344.22466496015
Daging Ayam Ras/Papua/2024-11-16,30324.92673880127
Daging Ayam Ras/Papua/2024-11-17,30349.853854819
Daging Ayam Ras/Papua/2024-11-18,30358.2568649208
Daging Ayam Ras/Papua/2024-11-19,30338.303211286428
Daging Ayam Ras/Papua/2024-11-20,30304.10751453498
Daging Ayam Ras/Papua/2024-11-21,30347.07542571145
Daging Ayam Ras/Papua/2024-11-22,30351.04202240505
Daging Ayam Ras/Papua/2024-11-23,30350.859544722567
Daging Ayam Ras/Papua/2024-11-24,30364.022558307966
Daging Ayam Ras/Papua/2024-11-25,30328.393211566043
Daging Ayam Ras/Papua/2024-11-26,30355.063611608708
Daging Ayam Ras/Papua/2024-11-27,30363.18321946969
Daging Ayam Ras/Papua/2024-11-28,30317.19693839597
Daging Ayam Ras/Papua/2024-11-29,30349.26074319433
Daging Ayam Ras/Papua/2024-11-30,30336.667133647254
Daging Ayam Ras/Papua/2024-12-01,30343.10808664052
Daging Ayam Ras/Papua/2024-12-02,30349.88914292453
Daging Ayam Ras/Papua/2024-12-03,30337.12322052569
Daging Ayam Ras/Papua/2024-12-04,30333.98282839452
Daging Ayam Ras/Papua/2024-12-05,30344.921593472303
Daging Ayam Ras/Papua/2024-12-06,30327.562613250524
Daging Ayam Ras/Papua/2024-12-07,30327.390259585794
Daging Ayam Ras/Papua/2024-12-08,30354.778255432604
Daging Ayam Ras/Papua/2024-12-09,30326.71505527449
Daging Ayam Ras/Papua/2024-12-10,30354.72709019974
Daging Ayam Ras/Papua/2024-12-11,30351.883216476614
Daging Ayam Ras/Papua/2024-12-12,30317.91762000865
Daging Ayam Ras/Papua/2024-12-13,30333.69459823289
Daging Ayam Ras/Papua/2024-12-14,30362.83114675132
Daging Ayam Ras/Papua/2024-12-15,30329.40694644997
Daging Ayam Ras/Papua/2024-12-16,30337.24702074076
Daging Ayam Ras/Papua/2024-12-17,30351.664677398207
Daging Ayam Ras/Papua/2024-12-18,30356.792442917937
Daging Ayam Ras/Papua/2024-12-19,30340.855379078654
Daging Ayam Ras/Papua/2024-12-20,30335.38948725871
Daging Ayam Ras/Papua/2024-12-21,30366.575820036927
Daging Ayam Ras/Papua/2024-12-22,30371.854879010403
Daging Ayam Ras/Papua/2024-12-23,30360.34761884875
Daging Ayam Ras/Papua/2024-12-24,30346.433997152268
Daging Ayam Ras/Papua/2024-12-25,30332.21610309261
Daging Ayam Ras/Papua/2024-12-26,30331.41504569656
Daging Ayam Ras/Papua/2024-12-27,30352.307071769304
Daging Ayam Ras/Papua/2024-12-28,30351.02392335188
Daging Ayam Ras/Papua/2024-12-29,30366.522862626727
Daging Ayam Ras/Papua/2024-12-30,30355.15585686416
Daging Ayam Ras/Papua/2024-12-31,30321.5725062987
Daging Ayam Ras/Riau/2024-10-01,30360.689966549788
Daging Ayam Ras/Riau/2024-10-02,30329.09543349642
Daging Ayam Ras/Riau/2024-10-03,30338.362468065043
Daging Ayam Ras/Riau/2024-10-04,30348.284242012596
Daging Ayam Ras/Riau/2024-10-05,30375.64740650852
Daging Ayam Ras/Riau/2024-10-06,30393.427195169526
Daging Ayam Ras/Riau/2024-10-07,30355.07083199871
Daging Ayam Ras/Riau/2024-10-08,30342.35466862494
Daging Ayam Ras/Riau/2024-10-09,30352.998253346945
Daging Ayam Ras/Riau/2024-10-10,30358.36792636869
Daging Ayam Ras/Riau/2024-10-11,30339.70321773512
Daging Ayam Ras/Riau/2024-10-12,30372.53243750689
Daging Ayam Ras/Riau/2024-10-13,30348.57798761886
Daging Ayam Ras/Riau/2024-10-14,30352.55221683468
Daging Ayam Ras/Riau/2024-10-15,30355.121398457
Daging Ayam Ras/Riau/2024-10-16,30351.352064897423
Daging Ayam Ras/Riau/2024-10-17,30357.7475023398
Daging Ayam Ras/Riau/2024-10-18,30335.23287239433
Daging Ayam Ras/Riau/2024-10-19,30335.82961290614
Daging Ayam Ras/Riau/2024-10-20,30327.24095459133
Daging Ayam Ras/Riau/2024-10-21,30351.018272241054
Daging Ayam Ras/Riau/2024-10-22,30356.609291951103
Daging Ayam Ras/Riau/2024-10-23,30351.933117947683
Daging Ayam Ras/Riau/2024-10-24,30370.89904762817
Daging Ayam Ras/Riau/2024-10-25,30345.024725600804
Daging Ayam Ras/Riau/2024-10-26,30355.17979260973
Daging Ayam Ras/Riau/2024-10-27,30327.77420746714
Daging Ayam Ras/Riau/2024-10-28,30338.325716210984
Daging Ayam Ras/Riau/2024-10-29,30355.11361117592
Daging Ayam Ras/Riau/2024-10-30,30357.84829006653
Daging Ayam Ras/Riau/2024-10-31,30340.265699272262
Daging Ayam Ras/Riau/2024-11-01,30343.582542488584
Daging Ayam Ras/Riau/2024-11-02,30320.94778275062
Daging Ayam Ras/Riau/2024-11-03,30338.590185829147
Daging Ayam Ras/Riau/2024-11-04,30358.11191999616
Daging Ayam Ras/Riau/2024-11-05,30353.646283690643
Daging Ayam Ras/Riau/2024-11-06,30352.630208777948
Daging Ayam Ras/Riau/2024-11-07,30345.654911351263
Daging Ayam Ras/Riau/2024-11-08,30344.789388746955
Daging Ayam Ras/Riau/2024-11-09,30334.28226498131
Daging Ayam Ras/Riau/2024-11-10,30355.25749968128
Daging Ayam Ras/Riau/2024-11-11,30351.185634130245
Daging Ayam Ras/Riau/2024-11-12,30352.39181748287
Daging Ayam Ras/Riau/2024-11-13,30336.60185423904
Daging Ayam Ras/Riau/2024-11-14,30311.04574800937
Daging Ayam Ras/Riau/2024-11-15,30361.039707002536
Daging Ayam Ras/Riau/2024-11-16,30337.068967373507
Daging Ayam Ras/Riau/2024-11-17,30331.07802983325
Daging Ayam Ras/Riau/2024-11-18,30355.19811493681
Daging Ayam Ras/Riau/2024-11-19,30338.596984213436
Daging Ayam Ras/Riau/2024-11-20,30360.989143178107
Daging Ayam Ras/Riau/2024-11-21,30354.44556685528
Daging Ayam Ras/Riau/2024-11-22,30355.50854623725
Daging Ayam Ras/Riau/2024-11-23,30323.584825842143
Daging Ayam Ras/Riau/2024-11-24,30363.21506579841
Daging Ayam Ras/Riau/2024-11-25,30348.729284496145
Daging Ayam Ras/Riau/2024-11-26,30338.954482855395
Daging Ayam Ras/Riau/2024-11-27,30346.789797809128
Daging Ayam Ras/Riau/2024-11-28,30316.98060457231
Daging Ayam Ras/Riau/2024-11-29,30350.450958092784
Daging Ayam Ras/Riau/2024-11-30,30328.432947458183
Daging Ayam Ras/Riau/2024-12-01,30323.27841588113
Daging Ayam Ras/Riau/2024-12-02,30320.47044523595
Daging Ayam Ras/Riau/2024-12-03,30361.377753433007
Daging Ayam Ras/Riau/2024-12-04,30334.80531211543
Daging Ayam Ras/Riau/2024-12-05,30368.43726249566
Daging Ayam Ras/Riau/2024-12-06,30336.661894186906
Daging Ayam Ras/Riau/2024-12-07,30318.11095795675
Daging Ayam Ras/Riau/2024-12-08,30326.748515744395
Daging Ayam Ras/Riau/2024-12-09,30363.297192254668
Daging Ayam Ras/Riau/2024-12-10,30342.176025900106
Daging Ayam Ras/Riau/2024-12-11,30336.170258469378
Daging Ayam Ras/Riau/2024-12-12,30347.05872741134
Daging Ayam Ras/Riau/2024-12-13,30352.380507136382
Daging Ayam Ras/Riau/2024-12-14,30362.030284473916
Daging Ayam Ras/Riau/2024-12-15,30367.466995416533
Daging Ayam Ras/Riau/2024-12-16,30339.509476119347
Daging Ayam Ras/Riau/2024-12-17,30324.07117352891
Daging Ayam Ras/Riau/2024-12-18,30337.792587798
Daging Ayam Ras/Riau/2024-12-19,30348.26640008795
Daging Ayam Ras/Riau/2024-12-20,30329.475866586217
Daging Ayam Ras/Riau/2024-12-21,30329.502890953918
Daging Ayam Ras/Riau/2024-12-22,30349.64703105705
Daging Ayam Ras/Riau/2024-12-23,30343.758484645583
Daging Ayam Ras/Riau/2024-12-24,30345.08621401633
Daging Ayam Ras/Riau/2024-12-25,30332.85051648156
Daging Ayam Ras/Riau/2024-12-26,30340.850908605546
Daging Ayam Ras/Riau/2024-12-27,30330.033120899512
Daging Ayam Ras/Riau/2024-12-28,30358.145860402197
Daging Ayam Ras/Riau/2024-12-29,30360.781615446514
Daging Ayam Ras/Riau/2024-12-30,30316.21599588095
Daging Ayam Ras/Riau/2024-12-31,30329.864619920216
Daging Ayam Ras/Sulawesi Barat/2024-10-01,30320.90292379585
Daging Ayam Ras/Sulawesi Barat/2024-10-02,30333.85198460665
Daging Ayam Ras/Sulawesi Barat/2024-10-03,30342.872121324
Daging Ayam Ras/Sulawesi Barat/2024-10-04,30321.95222483873
Daging Ayam Ras/Sulawesi Barat/2024-10-05,30329.913313230496
Daging Ayam Ras/Sulawesi Barat/2024-10-06,30328.62464665056
Daging Ayam Ras/Sulawesi Barat/2024-10-07,30347.415699608468
Daging Ayam Ras/Sulawesi Barat/2024-10-08,30345.56791578463
Daging Ayam Ras/Sulawesi Barat/2024-10-09,30333.430459731004
Daging Ayam Ras/Sulawesi Barat/2024-10-10,30347.23081463816
Daging Ayam Ras/Sulawesi Barat/2024-10-11,30336.069558791853
Daging Ayam Ras/Sulawesi Barat/2024-10-12,30340.204333666785
Daging Ayam Ras/Sulawesi Barat/2024-10-13,30370.493738978323
Daging Ayam Ras/Sulawesi Barat/2024-10-14,30365.80792157766
Daging Ayam Ras/Sulawesi Barat/2024-10-15,30324.88160483192
Daging Ayam Ras/Sulawesi Barat/2024-10-16,30357.439513591453
Daging Ayam Ras/Sulawesi Barat/2024-10-17,30357.27506682816
Daging Ayam Ras/Sulawesi Barat/2024-10-18,30326.862861668866
Daging Ayam Ras/Sulawesi Barat/2024-10-19,30357.133231271928
Daging Ayam Ras/Sulawesi Barat/2024-10-20,30368.63133370189
Daging Ayam Ras/Sulawesi Barat/2024-10-21,30327.488923465124
Daging Ayam Ras/Sulawesi Barat/2024-10-22,30330.241850564234
Daging Ayam Ras/Sulawesi Barat/2024-10-23,30360.14430268894
Daging Ayam Ras/Sulawesi Barat/2024-10-24,30348.823151335924
Daging Ayam Ras/Sulawesi Barat/2024-10-25,30353.262645138693
Daging Ayam Ras/Sulawesi Barat/2024-10-26,30350.14662568569
Daging Ayam Ras/Sulawesi Barat/2024-10-27,30350.84404886658
Daging Ayam Ras/Sulawesi Barat/2024-10-28,30324.04846399009
Daging Ayam Ras/Sulawesi Barat/2024-10-29,30360.59284935849
Daging Ayam Ras/Sulawesi Barat/2024-10-30,30362.84188389049
Daging Ayam Ras/Sulawesi Barat/2024-10-31,30341.346224368943
Daging Ayam Ras/Sulawesi Barat/2024-11-01,30344.03827556208
Daging Ayam Ras/Sulawesi Barat/2024-11-02,30320.804603851066
Daging Ayam Ras/Sulawesi Barat/2024-11-03,30352.127377094468
Daging Ayam Ras/Sulawesi Barat/2024-11-04,30353.35419538201
Daging Ayam Ras/Sulawesi Barat/2024-11-05,30343.760145821583
Daging Ayam Ras/Sulawesi Barat/2024-11-06,30362.17403894945
Daging Ayam Ras/Sulawesi Barat/2024-11-07,30339.725873725645
Daging Ayam Ras/Sulawesi Barat/2024-11-08,30353.391493420186
Daging Ayam Ras/Sulawesi Barat/2024-11-09,30328.82605773233
Daging Ayam Ras/Sulawesi Barat/2024-11-10,30344.0073162883
Daging Ayam Ras/Sulawesi Barat/2024-11-11,30341.70453472198
Daging Ayam Ras/Sulawesi Barat/2024-11-12,30348.00084305458
Daging Ayam Ras/Sulawesi Barat/2024-11-13,30338.84890058504
Daging Ayam Ras/Sulawesi Barat/2024-11-14,30342.510072253164
Daging Ayam Ras/Sulawesi Barat/2024-11-15,30357.36409305249
Daging Ayam Ras/Sulawesi Barat/2024-11-16,30337.9539710206
Daging Ayam Ras/Sulawesi Barat/2024-11-17,30319.57234239008
Daging Ayam Ras/Sulawesi Barat/2024-11-18,30371.40508111268
Daging Ayam Ras/Sulawesi Barat/2024-11-19,30366.26353598729
Daging Ayam Ras/Sulawesi Barat/2024-11-20,30324.931249045192
Daging Ayam Ras/Sulawesi Barat/2024-11-21,30355.287231359056
Daging Ayam Ras/Sulawesi Barat/2024-11-22,30336.854053025545
Daging Ayam Ras/Sulawesi Barat/2024-11-23,30348.491922250352
Daging Ayam Ras/Sulawesi Barat/2024-11-24,30349.138538691437
Daging Ayam Ras/Sulawesi Barat/2024-11-25,30341.059133036077
Daging Ayam Ras/Sulawesi Barat/2024-11-26,30332.351029234254
Daging Ayam Ras/Sulawesi Barat/2024-11-27,30333.64400342485
Daging Ayam Ras/Sulawesi Barat/2024-11-28,30330.029740458085
Daging Ayam Ras/Sulawesi Barat/2024-11-29,30331.283431136824
Daging Ayam Ras/Sulawesi Barat/2024-11-30,30343.20690690021
Daging Ayam Ras/Sulawesi Barat/2024-12-01,30333.32673155602
Daging Ayam Ras/Sulawesi Barat/2024-12-02,30355.02015997116
Daging Ayam Ras/Sulawesi Barat/2024-12-03,30367.842713829137
Daging Ayam Ras/Sulawesi Barat/2024-12-04,30336.00834903026
Daging Ayam Ras/Sulawesi Barat/2024-12-05,30348.395483528213
Daging Ayam Ras/Sulawesi Barat/2024-12-06,30352.41665261961
Daging Ayam Ras/Sulawesi Barat/2024-12-07,30351.993685122517
Daging Ayam Ras/Sulawesi Barat/2024-12-08,30345.885550528303
Daging Ayam Ras/Sulawesi Barat/2024-12-09,30356.249545822822
Daging Ayam Ras/Sulawesi Barat/2024-12-10,30352.266918204805
Daging Ayam Ras/Sulawesi Barat/2024-12-11,30325.50293836409
Daging Ayam Ras/Sulawesi Barat/2024-12-12,30357.868265032957
Daging Ayam Ras/Sulawesi Barat/2024-12-13,30358.436742920057
Daging Ayam Ras/Sulawesi Barat/2024-12-14,30332.93383941133
Daging Ayam Ras/Sulawesi Barat/2024-12-15,30345.127919182563
Daging Ayam Ras/Sulawesi Barat/2024-12-16,30355.19697740473
Daging Ayam Ras/Sulawesi Barat/2024-12-17,30341.40634418961
Daging Ayam Ras/Sulawesi Barat/2024-12-18,30361.28028870146
Daging Ayam Ras/Sulawesi Barat/2024-12-19,30381.646228104277
Daging Ayam Ras/Sulawesi Barat/2024-12-20,30333.02882815493
Daging Ayam Ras/Sulawesi Barat/2024-12-21,30323.215922321506
Daging Ayam Ras/Sulawesi Barat/2024-12-22,30348.953593618604
Daging Ayam Ras/Sulawesi Barat/2024-12-23,30355.58048253729
Daging Ayam Ras/Sulawesi Barat/2024-12-24,30341.044538482216
Daging Ayam Ras/Sulawesi Barat/2024-12-25,30367.28882213001
Daging Ayam Ras/Sulawesi Barat/2024-12-26,30324.156344866304
Daging Ayam Ras/Sulawesi Barat/2024-12-27,30355.189164985422
Daging Ayam Ras/Sulawesi Barat/2024-12-28,30335.17859534683
Daging Ayam Ras/Sulawesi Barat/2024-12-29,30371.20468765156
Daging Ayam Ras/Sulawesi Barat/2024-12-30,30375.89723101831
Daging Ayam Ras/Sulawesi Barat/2024-12-31,30333.367618163666
Daging Ayam Ras/Sulawesi Selatan/2024-10-01,30336.14179697028
Daging Ayam Ras/Sulawesi Selatan/2024-10-02,30357.797482001693
Daging Ayam Ras/Sulawesi Selatan/2024-10-03,30338.548528663923
Daging Ayam Ras/Sulawesi Selatan/2024-10-04,30343.78380398808
Daging Ayam Ras/Sulawesi Selatan/2024-10-05,30344.985161294702
Daging Ayam Ras/Sulawesi Selatan/2024-10-06,30314.70525955996
Daging Ayam Ras/Sulawesi Selatan/2024-10-07,30343.86708245992
Daging Ayam Ras/Sulawesi Selatan/2024-10-08,30333.61629204006
Daging Ayam Ras/Sulawesi Selatan/2024-10-09,30336.661164134264
Daging Ayam Ras/Sulawesi Selatan/2024-10-10,30366.858487098816
Daging Ayam Ras/Sulawesi Selatan/2024-10-11,30325.371437812315
Daging Ayam Ras/Sulawesi Selatan/2024-10-12,30357.10702765544
Daging Ayam Ras/Sulawesi Selatan/2024-10-13,30340.37283821341
Daging Ayam Ras/Sulawesi Selatan/2024-10-14,30340.2132391262
Daging Ayam Ras/Sulawesi Selatan/2024-10-15,30356.759259509246
Daging Ayam Ras/Sulawesi Selatan/2024-10-16,30350.05355393093
Daging Ayam Ras/Sulawesi Selatan/2024-10-17,30353.59399734065
Daging Ayam Ras/Sulawesi Selatan/2024-10-18,30359.868502350877
Daging Ayam Ras/Sulawesi Selatan/2024-10-19,30339.740447347423
Daging Ayam Ras/Sulawesi Selatan/2024-10-20,30335.075619799554
Daging Ayam Ras/Sulawesi Selatan/2024-10-21,30327.5156439644
Daging Ayam Ras/Sulawesi Selatan/2024-10-22,30331.33765108282
Daging Ayam Ras/Sulawesi Selatan/2024-10-23,30390.056047957896
Daging Ayam Ras/Sulawesi Selatan/2024-10-24,30364.524278086068
Daging Ayam Ras/Sulawesi Selatan/2024-10-25,30324.240865976903
Daging Ayam Ras/Sulawesi Selatan/2024-10-26,30324.014888114205
Daging Ayam Ras/Sulawesi Selatan/2024-10-27,30351.621550014177
Daging Ayam Ras/Sulawesi Selatan/2024-10-28,30352.83043373556
Daging Ayam Ras/Sulawesi Selatan/2024-10-29,30353.217321644795
Daging Ayam Ras/Sulawesi Selatan/2024-10-30,30340.90844869145
Daging Ayam Ras/Sulawesi Selatan/2024-10-31,30342.70803279181
Daging Ayam Ras/Sulawesi Selatan/2024-11-01,30349.6089723298
Daging Ayam Ras/Sulawesi Selatan/2024-11-02,30345.933042134333
Daging Ayam Ras/Sulawesi Selatan/2024-11-03,30310.0834803763
Daging Ayam Ras/Sulawesi Selatan/2024-11-04,30340.501104524046
Daging Ayam Ras/Sulawesi Selatan/2024-11-05,30330.99478750851
Daging Ayam Ras/Sulawesi Selatan/2024-11-06,30346.962413989717
Daging Ayam Ras/Sulawesi Selatan/2024-11-07,30390.977114179103
Daging Ayam Ras/Sulawesi Selatan/2024-11-08,30351.1010096746
Daging Ayam Ras/Sulawesi Selatan/2024-11-09,30340.20065039197
Daging Ayam Ras/Sulawesi Selatan/2024-11-10,30359.045017037395
Daging Ayam Ras/Sulawesi Selatan/2024-11-11,30352.226764542374
Daging Ayam Ras/Sulawesi Selatan/2024-11-12,30351.18913514117
Daging Ayam Ras/Sulawesi Selatan/2024-11-13,30354.20027479777
Daging Ayam Ras/Sulawesi Selatan/2024-11-14,30376.7874811931
Daging Ayam Ras/Sulawesi Selatan/2024-11-15,30327.51697804133
Daging Ayam Ras/Sulawesi Selatan/2024-11-16,30351.929620415023
Daging Ayam Ras/Sulawesi Selatan/2024-11-17,30330.185933313463
Daging Ayam Ras/Sulawesi Selatan/2024-11-18,30352.950090605267
Daging Ayam Ras/Sulawesi Selatan/2024-11-19,30330.241961369014
Daging Ayam Ras/Sulawesi Selatan/2024-11-20,30337.93683471758
Daging Ayam Ras/Sulawesi Selatan/2024-11-21,30339.78346185687
Daging Ayam Ras/Sulawesi Selatan/2024-11-22,30359.630845807704
Daging Ayam Ras/Sulawesi Selatan/2024-11-23,30359.03784814016
Daging Ayam Ras/Sulawesi Selatan/2024-11-24,30325.57661059677
Daging Ayam Ras/Sulawesi Selatan/2024-11-25,30345.31226534378
Daging Ayam Ras/Sulawesi Selatan/2024-11-26,30333.42716171239
Daging Ayam Ras/Sulawesi Selatan/2024-11-27,30324.724245665508
Daging Ayam Ras/Sulawesi Selatan/2024-11-28,30340.784216462784
Daging Ayam Ras/Sulawesi Selatan/2024-11-29,30339.588057511504
Daging Ayam Ras/Sulawesi Selatan/2024-11-30,30382.18887695117
Daging Ayam Ras/Sulawesi Selatan/2024-12-01,30351.90023058017
Daging Ayam Ras/Sulawesi Selatan/2024-12-02,30323.60638680166
Daging Ayam Ras/Sulawesi Selatan/2024-12-03,30335.62612773607
Daging Ayam Ras/Sulawesi Selatan/2024-12-04,30360.148290245445
Daging Ayam Ras/Sulawesi Selatan/2024-12-05,30377.070820955127
Daging Ayam Ras/Sulawesi Selatan/2024-12-06,30320.507029922624
Daging Ayam Ras/Sulawesi Selatan/2024-12-07,30315.32320730168
Daging Ayam Ras/Sulawesi Selatan/2024-12-08,30373.12137557524
Daging Ayam Ras/Sulawesi Selatan/2024-12-09,30350.709097317987
Daging Ayam Ras/Sulawesi Selatan/2024-12-10,30331.25516801336
Daging Ayam Ras/Sulawesi Selatan/2024-12-11,30352.908327050736
Daging Ayam Ras/Sulawesi Selatan/2024-12-12,30303.659282971523
Daging Ayam Ras/Sulawesi Selatan/2024-12-13,30343.938263051798
Daging Ayam Ras/Sulawesi Selatan/2024-12-14,30349.359450330536
Daging Ayam Ras/Sulawesi Selatan/2024-12-15,30358.960334662526
Daging Ayam Ras/Sulawesi Selatan/2024-12-16,30329.08385641509
Daging Ayam Ras/Sulawesi Selatan/2024-12-17,30345.916518221013
Daging Ayam Ras/Sulawesi Selatan/2024-12-18,30330.10606551873
Daging Ayam Ras/Sulawesi Selatan/2024-12-19,30348.26991883424
Daging Ayam Ras/Sulawesi Selatan/2024-12-20,30330.567955399867
Daging Ayam Ras/Sulawesi Selatan/2024-12-21,30338.05017350257
Daging Ayam Ras/Sulawesi Selatan/2024-12-22,30328.892104829305
Daging Ayam Ras/Sulawesi Selatan/2024-12-23,30354.41713490752
Daging Ayam Ras/Sulawesi Selatan/2024-12-24,30357.950632526787
Daging Ayam Ras/Sulawesi Selatan/2024-12-25,30341.223299882524
Daging Ayam Ras/Sulawesi Selatan/2024-12-26,30345.286446065616
Daging Ayam Ras/Sulawesi Selatan/2024-12-27,30322.088707807456
Daging Ayam Ras/Sulawesi Selatan/2024-12-28,30339.518105093284
Daging Ayam Ras/Sulawesi Selatan/2024-12-29,30343.5040816772
Daging Ayam Ras/Sulawesi Selatan/2024-12-30,30385.251581887263
Daging Ayam Ras/Sulawesi Selatan/2024-12-31,30327.907057606222
Daging Ayam Ras/Sulawesi Tengah/2024-10-01,30367.4946618421
Daging Ayam Ras/Sulawesi Tengah/2024-10-02,30360.420829866875
Daging Ayam Ras/Sulawesi Tengah/2024-10-03,30349.28706660726
Daging Ayam Ras/Sulawesi Tengah/2024-10-04,30372.087987794617
Daging Ayam Ras/Sulawesi Tengah/2024-10-05,30350.8855411856
Daging Ayam Ras/Sulawesi Tengah/2024-10-06,30350.869130945182
Daging Ayam Ras/Sulawesi Tengah/2024-10-07,30343.90673480398
Daging Ayam Ras/Sulawesi Tengah/2024-10-08,30363.619920599845
Daging Ayam Ras/Sulawesi Tengah/2024-10-09,30361.850023657906
Daging Ayam Ras/Sulawesi Tengah/2024-10-10,30335.23154208324
Daging Ayam Ras/Sulawesi Tengah/2024-10-11,30324.069317692894
Daging Ayam Ras/Sulawesi Tengah/2024-10-12,30341.04408087684
Daging Ayam Ras/Sulawesi Tengah/2024-10-13,30331.81232443412
Daging Ayam Ras/Sulawesi Tengah/2024-10-14,30343.274183480706
Daging Ayam Ras/Sulawesi Tengah/2024-10-15,30363.749549397144
Daging Ayam Ras/Sulawesi Tengah/2024-10-16,30337.781948557425
Daging Ayam Ras/Sulawesi Tengah/2024-10-17,30343.980635469008
Daging Ayam Ras/Sulawesi Tengah/2024-10-18,30345.499890898383
Daging Ayam Ras/Sulawesi Tengah/2024-10-19,30357.752243179748
Daging Ayam Ras/Sulawesi Tengah/2024-10-20,30309.77985010891
Daging Ayam Ras/Sulawesi Tengah/2024-10-21,30334.72637916917
Daging Ayam Ras/Sulawesi Tengah/2024-10-22,30347.46540974878
Daging Ayam Ras/Sulawesi Tengah/2024-10-23,30363.11534243643
Daging Ayam Ras/Sulawesi Tengah/2024-10-24,30337.21130256259
Daging Ayam Ras/Sulawesi Tengah/2024-10-25,30315.534122345223
Daging Ayam Ras/Sulawesi Tengah/2024-10-26,30353.776693406115
Daging Ayam Ras/Sulawesi Tengah/2024-10-27,30334.556101222955
Daging Ayam Ras/Sulawesi Tengah/2024-10-28,30325.872780417445
Daging Ayam Ras/Sulawesi Tengah/2024-10-29,30334.56917419841
Daging Ayam Ras/Sulawesi Tengah/2024-10-30,30341.451662932985
Daging Ayam Ras/Sulawesi Tengah/2024-10-31,30334.97992864033
Daging Ayam Ras/Sulawesi Tengah/2024-11-01,30310.11469484035
Daging Ayam Ras/Sulawesi Tengah/2024-11-02,30357.979049244652
Daging Ayam Ras/Sulawesi Tengah/2024-11-03,30364.35578030472
Daging Ayam Ras/Sulawesi Tengah/2024-11-04,30355.065247404025
Daging Ayam Ras/Sulawesi Tengah/2024-11-05,30327.293896908777
Daging Ayam Ras/Sulawesi Tengah/2024-11-06,30341.388573811448
Daging Ayam Ras/Sulawesi Tengah/2024-11-07,30344.24877579768
Daging Ayam Ras/Sulawesi Tengah/2024-11-08,30353.75176434843
Daging Ayam Ras/Sulawesi Tengah/2024-11-09,30355.096382570868
Daging Ayam Ras/Sulawesi Tengah/2024-11-10,30333.44312583597
Daging Ayam Ras/Sulawesi Tengah/2024-11-11,30345.794686847334
Daging Ayam Ras/Sulawesi Tengah/2024-11-12,30351.63612941763
Daging Ayam Ras/Sulawesi Tengah/2024-11-13,30367.280845404985
Daging Ayam Ras/Sulawesi Tengah/2024-11-14,30355.92897934462
Daging Ayam Ras/Sulawesi Tengah/2024-11-15,30357.25547938119
Daging Ayam Ras/Sulawesi Tengah/2024-11-16,30346.205455122297
Daging Ayam Ras/Sulawesi Tengah/2024-11-17,30366.623583331748
Daging Ayam Ras/Sulawesi Tengah/2024-11-18,30351.252647866822
Daging Ayam Ras/Sulawesi Tengah/2024-11-19,30331.41199576792
Daging Ayam Ras/Sulawesi Tengah/2024-11-20,30366.270604839632
Daging Ayam Ras/Sulawesi Tengah/2024-11-21,30355.65091839312
Daging Ayam Ras/Sulawesi Tengah/2024-11-22,30337.923660799377
Daging Ayam Ras/Sulawesi Tengah/2024-11-23,30337.147504825105
Daging Ayam Ras/Sulawesi Tengah/2024-11-24,30349.06135171835
Daging Ayam Ras/Sulawesi Tengah/2024-11-25,30351.700656272493
Daging Ayam Ras/Sulawesi Tengah/2024-11-26,30347.75012668494
Daging Ayam Ras/Sulawesi Tengah/2024-11-27,30349.56447578481
Daging Ayam Ras/Sulawesi Tengah/2024-11-28,30371.160678379096
Daging Ayam Ras/Sulawesi Tengah/2024-11-29,30361.683371271927
Daging Ayam Ras/Sulawesi Tengah/2024-11-30,30348.00266723652
Daging Ayam Ras/Sulawesi Tengah/2024-12-01,30359.45447185005
Daging Ayam Ras/Sulawesi Tengah/2024-12-02,30328.76027896554
Daging Ayam Ras/Sulawesi Tengah/2024-12-03,30350.548810241784
Daging Ayam Ras/Sulawesi Tengah/2024-12-04,30372.673708588973
Daging Ayam Ras/Sulawesi Tengah/2024-12-05,30341.601452264236
Daging Ayam Ras/Sulawesi Tengah/2024-12-06,30331.55492820179
Daging Ayam Ras/Sulawesi Tengah/2024-12-07,30334.309763733287
Daging Ayam Ras/Sulawesi Tengah/2024-12-08,30327.302329263228
Daging Ayam Ras/Sulawesi Tengah/2024-12-09,30331.906649682907
Daging Ayam Ras/Sulawesi Tengah/2024-12-10,30338.47622916583
Daging Ayam Ras/Sulawesi Tengah/2024-12-11,30322.520871436383
Daging Ayam Ras/Sulawesi Tengah/2024-12-12,30344.447756839578
Daging Ayam Ras/Sulawesi Tengah/2024-12-13,30358.486865037383
Daging Ayam Ras/Sulawesi Tengah/2024-12-14,30330.65985205964
Daging Ayam Ras/Sulawesi Tengah/2024-12-15,30368.153251183187
Daging Ayam Ras/Sulawesi Tengah/2024-12-16,30352.876122424324
Daging Ayam Ras/Sulawesi Tengah/2024-12-17,30360.87917479193
Daging Ayam Ras/Sulawesi Tengah/2024-12-18,30334.68897123508
Daging Ayam Ras/Sulawesi Tengah/2024-12-19,30357.88044735496
Daging Ayam Ras/Sulawesi Tengah/2024-12-20,30327.673019283808
Daging Ayam Ras/Sulawesi Tengah/2024-12-21,30358.205866856108
Daging Ayam Ras/Sulawesi Tengah/2024-12-22,30347.3227903216
Daging Ayam Ras/Sulawesi Tengah/2024-12-23,30353.31085206891
Daging Ayam Ras/Sulawesi Tengah/2024-12-24,30326.455792775545
Daging Ayam Ras/Sulawesi Tengah/2024-12-25,30330.48008182418
Daging Ayam Ras/Sulawesi Tengah/2024-12-26,30353.481818874985
Daging Ayam Ras/Sulawesi Tengah/2024-12-27,30329.787245944302
Daging Ayam Ras/Sulawesi Tengah/2024-12-28,30351.588277390714
Daging Ayam Ras/Sulawesi Tengah/2024-12-29,30323.38767255194
Daging Ayam Ras/Sulawesi Tengah/2024-12-30,30357.4980041
Daging Ayam Ras/Sulawesi Tengah/2024-12-31,30325.440981886477
Daging Ayam Ras/Sulawesi Tenggara/2024-10-01,30352.963901734365
Daging Ayam Ras/Sulawesi Tenggara/2024-10-02,30354.32403975946
Daging Ayam Ras/Sulawesi Tenggara/2024-10-03,30333.95716416222
Daging Ayam Ras/Sulawesi Tenggara/2024-10-04,30353.5495363727
Daging Ayam Ras/Sulawesi Tenggara/2024-10-05,30348.752693173938
Daging Ayam Ras/Sulawesi Tenggara/2024-10-06,30336.26862393114
Daging Ayam Ras/Sulawesi Tenggara/2024-10-07,30328.79441722812
Daging Ayam Ras/Sulawesi Tenggara/2024-10-08,30313.760431134157
Daging Ayam Ras/Sulawesi Tenggara/2024-10-09,30349.359461748216
Daging Ayam Ras/Sulawesi Tenggara/2024-10-10,30320.01898797889
Daging Ayam Ras/Sulawesi Tenggara/2024-10-11,30345.687179134515
Daging Ayam Ras/Sulawesi Tenggara/2024-10-12,30340.39184186813
Daging Ayam Ras/Sulawesi Tenggara/2024-10-13,30355.114674147804
Daging Ayam Ras/Sulawesi Tenggara/2024-10-14,30340.024430726156
Daging Ayam Ras/Sulawesi Tenggara/2024-10-15,30339.525806058573
Daging Ayam Ras/Sulawesi Tenggara/2024-10-16,30355.87509788225
Daging Ayam Ras/Sulawesi Tenggara/2024-10-17,30349.91396793605
Daging Ayam Ras/Sulawesi Tenggara/2024-10-18,30349.63060562287
Daging Ayam Ras/Sulawesi Tenggara/2024-10-19,30352.04367360244
Daging Ayam Ras/Sulawesi Tenggara/2024-10-20,30320.85489812682
Daging Ayam Ras/Sulawesi Tenggara/2024-10-21,30356.014614610875
Daging Ayam Ras/Sulawesi Tenggara/2024-10-22,30354.09104950045
Daging Ayam Ras/Sulawesi Tenggara/2024-10-23,30328.91902930127
Daging Ayam Ras/Sulawesi Tenggara/2024-10-24,30340.64533556176
Daging Ayam Ras/Sulawesi Tenggara/2024-10-25,30343.858133321766
Daging Ayam Ras/Sulawesi Tenggara/2024-10-26,30342.360575780924
Daging Ayam Ras/Sulawesi Tenggara/2024-10-27,30349.71219208096
Daging Ayam Ras/Sulawesi Tenggara/2024-10-28,30366.95712865487
Daging Ayam Ras/Sulawesi Tenggara/2024-10-29,30361.80076311825
Daging Ayam Ras/Sulawesi Tenggara/2024-10-30,30324.619538948824
Daging Ayam Ras/Sulawesi Tenggara/2024-10-31,30354.134249062077
Daging Ayam Ras/Sulawesi Tenggara/2024-11-01,30365.240479803422
Daging Ayam Ras/Sulawesi Tenggara/2024-11-02,30350.857417407893
Daging Ayam Ras/Sulawesi Tenggara/2024-11-03,30361.80639617516
Daging Ayam Ras/Sulawesi Tenggara/2024-11-04,30376.294735721127
Daging Ayam Ras/Sulawesi Tenggara/2024-11-05,30361.08853147723
Daging Ayam Ras/Sulawesi Tenggara/2024-11-06,30348.928576918875
Daging Ayam Ras/Sulawesi Tenggara/2024-11-07,30361.0646307306
Daging Ayam Ras/Sulawesi Tenggara/2024-11-08,30347.06585538597
Daging Ayam Ras/Sulawesi Tenggara/2024-11-09,30345.01225615856
Daging Ayam Ras/Sulawesi Tenggara/2024-11-10,30339.11900298429
Daging Ayam Ras/Sulawesi Tenggara/2024-11-11,30368.792906826264
Daging Ayam Ras/Sulawesi Tenggara/2024-11-12,30332.123784245097
Daging Ayam Ras/Sulawesi Tenggara/2024-11-13,30368.398684604585
Daging Ayam Ras/Sulawesi Tenggara/2024-11-14,30352.68596326251
Daging Ayam Ras/Sulawesi Tenggara/2024-11-15,30323.08004921576
Daging Ayam Ras/Sulawesi Tenggara/2024-11-16,30350.026183591977
Daging Ayam Ras/Sulawesi Tenggara/2024-11-17,30311.845111247483
Daging Ayam Ras/Sulawesi Tenggara/2024-11-18,30353.714867458617
Daging Ayam Ras/Sulawesi Tenggara/2024-11-19,30358.246172578605
Daging Ayam Ras/Sulawesi Tenggara/2024-11-20,30335.62579110093
Daging Ayam Ras/Sulawesi Tenggara/2024-11-21,30346.51318332243
Daging Ayam Ras/Sulawesi Tenggara/2024-11-22,30375.05644979375
Daging Ayam Ras/Sulawesi Tenggara/2024-11-23,30337.130153197217
Daging Ayam Ras/Sulawesi Tenggara/2024-11-24,30328.204267461737
Daging Ayam Ras/Sulawesi Tenggara/2024-11-25,30367.41017248608
Daging Ayam Ras/Sulawesi Tenggara/2024-11-26,30375.276559326827
Daging Ayam Ras/Sulawesi Tenggara/2024-11-27,30345.168757444542
Daging Ayam Ras/Sulawesi Tenggara/2024-11-28,30360.659104840663
Daging Ayam Ras/Sulawesi Tenggara/2024-11-29,30365.79149005068
Daging Ayam Ras/Sulawesi Tenggara/2024-11-30,30333.374094336446
Daging Ayam Ras/Sulawesi Tenggara/2024-12-01,30336.96529780776
Daging Ayam Ras/Sulawesi Tenggara/2024-12-02,30363.54752503844
Daging Ayam Ras/Sulawesi Tenggara/2024-12-03,30370.927418068903
Daging Ayam Ras/Sulawesi Tenggara/2024-12-04,30353.82349540606
Daging Ayam Ras/Sulawesi Tenggara/2024-12-05,30331.32420846296
Daging Ayam Ras/Sulawesi Tenggara/2024-12-06,30375.41926184305
Daging Ayam Ras/Sulawesi Tenggara/2024-12-07,30336.62062918612
Daging Ayam Ras/Sulawesi Tenggara/2024-12-08,30339.366617652024
Daging Ayam Ras/Sulawesi Tenggara/2024-12-09,30349.81964509697
Daging Ayam Ras/Sulawesi Tenggara/2024-12-10,30368.78177471647
Daging Ayam Ras/Sulawesi Tenggara/2024-12-11,30358.18468909904
Daging Ayam Ras/Sulawesi Tenggara/2024-12-12,30351.47428814537
Daging Ayam Ras/Sulawesi Tenggara/2024-12-13,30352.062705852484
Daging Ayam Ras/Sulawesi Tenggara/2024-12-14,30345.40947310341
Daging Ayam Ras/Sulawesi Tenggara/2024-12-15,30353.2595022597
Daging Ayam Ras/Sulawesi Tenggara/2024-12-16,30305.330139423928
Daging Ayam Ras/Sulawesi Tenggara/2024-12-17,30339.394883372814
Daging Ayam Ras/Sulawesi Tenggara/2024-12-18,30347.93594299897
Daging Ayam Ras/Sulawesi Tenggara/2024-12-19,30326.57569559894
Daging Ayam Ras/Sulawesi Tenggara/2024-12-20,30350.34277630858
Daging Ayam Ras/Sulawesi Tenggara/2024-12-21,30341.4697148872
Daging Ayam Ras/Sulawesi Tenggara/2024-12-22,30371.85696764363
Daging Ayam Ras/Sulawesi Tenggara/2024-12-23,30369.472042561203
Daging Ayam Ras/Sulawesi Tenggara/2024-12-24,30337.967667708366
Daging Ayam Ras/Sulawesi Tenggara/2024-12-25,30342.373189793583
Daging Ayam Ras/Sulawesi Tenggara/2024-12-26,30343.37202092089
Daging Ayam Ras/Sulawesi Tenggara/2024-12-27,30337.386738513167
Daging Ayam Ras/Sulawesi Tenggara/2024-12-28,30347.41916279328
Daging Ayam Ras/Sulawesi Tenggara/2024-12-29,30332.785041568404
Daging Ayam Ras/Sulawesi Tenggara/2024-12-30,30326.81736911097
Daging Ayam Ras/Sulawesi Tenggara/2024-12-31,30353.913541121336
Daging Ayam Ras/Sulawesi Utara/2024-10-01,30354.36475630453
Daging Ayam Ras/Sulawesi Utara/2024-10-02,30332.25244832646
Daging Ayam Ras/Sulawesi Utara/2024-10-03,30358.471198517567
Daging Ayam Ras/Sulawesi Utara/2024-10-04,30334.932026703053
Daging Ayam Ras/Sulawesi Utara/2024-10-05,30348.41013650688
Daging Ayam Ras/Sulawesi Utara/2024-10-06,30357.34124870264
Daging Ayam Ras/Sulawesi Utara/2024-10-07,30344.279637189717
Daging Ayam Ras/Sulawesi Utara/2024-10-08,30351.72791865725
Daging Ayam Ras/Sulawesi Utara/2024-10-09,30336.70346256826
Daging Ayam Ras/Sulawesi Utara/2024-10-10,30341.42785303568
Daging Ayam Ras/Sulawesi Utara/2024-10-11,30341.24163468845
Daging Ayam Ras/Sulawesi Utara/2024-10-12,30332.858668952067
Daging Ayam Ras/Sulawesi Utara/2024-10-13,30341.59886125347
Daging Ayam Ras/Sulawesi Utara/2024-10-14,30320.361949256327
Daging Ayam Ras/Sulawesi Utara/2024-10-15,30336.52099102946
Daging Ayam Ras/Sulawesi Utara/2024-10-16,30339.84204980308
Daging Ayam Ras/Sulawesi Utara/2024-10-17,30340.43370668981
Daging Ayam Ras/Sulawesi Utara/2024-10-18,30340.73467295413
Daging Ayam Ras/Sulawesi Utara/2024-10-19,30343.59186991739
Daging Ayam Ras/Sulawesi Utara/2024-10-20,30352.009625006565
Daging Ayam Ras/Sulawesi Utara/2024-10-21,30358.29979813413
Daging Ayam Ras/Sulawesi Utara/2024-10-22,30334.75273983628
Daging Ayam Ras/Sulawesi Utara/2024-10-23,30325.84363386573
Daging Ayam Ras/Sulawesi Utara/2024-10-24,30328.020546293472
Daging Ayam Ras/Sulawesi Utara/2024-10-25,30336.52825705773
Daging Ayam Ras/Sulawesi Utara/2024-10-26,30338.7706685935
Daging Ayam Ras/Sulawesi Utara/2024-10-27,30332.452801895008
Daging Ayam Ras/Sulawesi Utara/2024-10-28,30324.230893599804
Daging Ayam Ras/Sulawesi Utara/2024-10-29,30337.110668869456
Daging Ayam Ras/Sulawesi Utara/2024-10-30,30347.122108254127
Daging Ayam Ras/Sulawesi Utara/2024-10-31,30353.79690212176
Daging Ayam Ras/Sulawesi Utara/2024-11-01,30336.10790451634
Daging Ayam Ras/Sulawesi Utara/2024-11-02,30338.167719108813
Daging Ayam Ras/Sulawesi Utara/2024-11-03,30330.032324312542
Daging Ayam Ras/Sulawesi Utara/2024-11-04,30343.77264943314
Daging Ayam Ras/Sulawesi Utara/2024-11-05,30331.215836256237
Daging Ayam Ras/Sulawesi Utara/2024-11-06,30353.278199679466
Daging Ayam Ras/Sulawesi Utara/2024-11-07,30316.85372013496
Daging Ayam Ras/Sulawesi Utara/2024-11-08,30338.63418880249
Daging Ayam Ras/Sulawesi Utara/2024-11-09,30348.98696257134
Daging Ayam Ras/Sulawesi Utara/2024-11-10,30347.422491331286
Daging Ayam Ras/Sulawesi Utara/2024-11-11,30386.54796150622
Daging Ayam Ras/Sulawesi Utara/2024-11-12,30350.78629306166
Daging Ayam Ras/Sulawesi Utara/2024-11-13,30329.40240789108
Daging Ayam Ras/Sulawesi Utara/2024-11-14,30342.98404381184
Daging Ayam Ras/Sulawesi Utara/2024-11-15,30316.750622897973
Daging Ayam Ras/Sulawesi Utara/2024-11-16,30342.71047182862
Daging Ayam Ras/Sulawesi Utara/2024-11-17,30331.36056328464
Daging Ayam Ras/Sulawesi Utara/2024-11-18,30358.579803979825
Daging Ayam Ras/Sulawesi Utara/2024-11-19,30336.170811621512
Daging Ayam Ras/Sulawesi Utara/2024-11-20,30342.79506731933
Daging Ayam Ras/Sulawesi Utara/2024-11-21,30334.647885480543
Daging Ayam Ras/Sulawesi Utara/2024-11-22,30371.465683463663
Daging Ayam Ras/Sulawesi Utara/2024-11-23,30339.880570498084
Daging Ayam Ras/Sulawesi Utara/2024-11-24,30373.234778197
Daging Ayam Ras/Sulawesi Utara/2024-11-25,30357.72892838237
Daging Ayam Ras/Sulawesi Utara/2024-11-26,30352.493904894018
Daging Ayam Ras/Sulawesi Utara/2024-11-27,30350.530301537805
Daging Ayam Ras/Sulawesi Utara/2024-11-28,30350.8670842418
Daging Ayam Ras/Sulawesi Utara/2024-11-29,30314.64581070615
Daging Ayam Ras/Sulawesi Utara/2024-11-30,30339.78856492476
Daging Ayam Ras/Sulawesi Utara/2024-12-01,30357.39774498406
Daging Ayam Ras/Sulawesi Utara/2024-12-02,30343.881948423845
Daging Ayam Ras/Sulawesi Utara/2024-12-03,30322.81076982769
Daging Ayam Ras/Sulawesi Utara/2024-12-04,30343.54109373417
Daging Ayam Ras/Sulawesi Utara/2024-12-05,30370.898010414145
Daging Ayam Ras/Sulawesi Utara/2024-12-06,30364.28734768129
Daging Ayam Ras/Sulawesi Utara/2024-12-07,30344.14902184221
Daging Ayam Ras/Sulawesi Utara/2024-12-08,30359.65439292381
Daging Ayam Ras/Sulawesi Utara/2024-12-09,30339.119681776523
Daging Ayam Ras/Sulawesi Utara/2024-12-10,30317.99896657207
Daging Ayam Ras/Sulawesi Utara/2024-12-11,30329.713781872044
Daging Ayam Ras/Sulawesi Utara/2024-12-12,30368.419790725427
Daging Ayam Ras/Sulawesi Utara/2024-12-13,30340.4642428327
Daging Ayam Ras/Sulawesi Utara/2024-12-14,30340.92886990484
Daging Ayam Ras/Sulawesi Utara/2024-12-15,30339.97333695342
Daging Ayam Ras/Sulawesi Utara/2024-12-16,30374.108300446056
Daging Ayam Ras/Sulawesi Utara/2024-12-17,30370.21999143172
Daging Ayam Ras/Sulawesi Utara/2024-12-18,30379.73138400968
Daging Ayam Ras/Sulawesi Utara/2024-12-19,30342.92648155341
Daging Ayam Ras/Sulawesi Utara/2024-12-20,30349.461914216616
Daging Ayam Ras/Sulawesi Utara/2024-12-21,30320.999962893336
Daging Ayam Ras/Sulawesi Utara/2024-12-22,30367.104885796296
Daging Ayam Ras/Sulawesi Utara/2024-12-23,30326.48026206748
Daging Ayam Ras/Sulawesi Utara/2024-12-24,30347.795967590147
Daging Ayam Ras/Sulawesi Utara/2024-12-25,30327.478040863207
Daging Ayam Ras/Sulawesi Utara/2024-12-26,30335.177910331364
Daging Ayam Ras/Sulawesi Utara/2024-12-27,30331.23074030787
Daging Ayam Ras/Sulawesi Utara/2024-12-28,30334.845890300432
Daging Ayam Ras/Sulawesi Utara/2024-12-29,30335.918986436343
Daging Ayam Ras/Sulawesi Utara/2024-12-30,30335.86327704901
Daging Ayam Ras/Sulawesi Utara/2024-12-31,30357.35733608962
Daging Ayam Ras/Sumatera Barat/2024-10-01,30327.545073176283
Daging Ayam Ras/Sumatera Barat/2024-10-02,30347.86502541888
Daging Ayam Ras/Sumatera Barat/2024-10-03,30363.50770894763
Daging Ayam Ras/Sumatera Barat/2024-10-04,30336.88259483293
Daging Ayam Ras/Sumatera Barat/2024-10-05,30333.429055228036
Daging Ayam Ras/Sumatera Barat/2024-10-06,30340.84605161307
Daging Ayam Ras/Sumatera Barat/2024-10-07,30362.73483074667
Daging Ayam Ras/Sumatera Barat/2024-10-08,30347.775303610622
Daging Ayam Ras/Sumatera Barat/2024-10-09,30336.53269691108
Daging Ayam Ras/Sumatera Barat/2024-10-10,30352.08500855534
Daging Ayam Ras/Sumatera Barat/2024-10-11,30327.476140823204
Daging Ayam Ras/Sumatera Barat/2024-10-12,30354.896645307064
Daging Ayam Ras/Sumatera Barat/2024-10-13,30350.976146872137
Daging Ayam Ras/Sumatera Barat/2024-10-14,30339.94467150491
Daging Ayam Ras/Sumatera Barat/2024-10-15,30331.53097901067
Daging Ayam Ras/Sumatera Barat/2024-10-16,30330.595101002626
Daging Ayam Ras/Sumatera Barat/2024-10-17,30352.52736023617
Daging Ayam Ras/Sumatera Barat/2024-10-18,30363.66556662646
Daging Ayam Ras/Sumatera Barat/2024-10-19,30335.015023279997
Daging Ayam Ras/Sumatera Barat/2024-10-20,30351.7856969848
Daging Ayam Ras/Sumatera Barat/2024-10-21,30312.21777501717
Daging Ayam Ras/Sumatera Barat/2024-10-22,30334.96866336612
Daging Ayam Ras/Sumatera Barat/2024-10-23,30343.65842736119
Daging Ayam Ras/Sumatera Barat/2024-10-24,30330.27647503894
Daging Ayam Ras/Sumatera Barat/2024-10-25,30329.77042519887
Daging Ayam Ras/Sumatera Barat/2024-10-26,30333.945509994104
Daging Ayam Ras/Sumatera Barat/2024-10-27,30348.834628720822
Daging Ayam Ras/Sumatera Barat/2024-10-28,30341.62738858361
Daging Ayam Ras/Sumatera Barat/2024-10-29,30309.77543995884
Daging Ayam Ras/Sumatera Barat/2024-10-30,30311.083014475804
Daging Ayam Ras/Sumatera Barat/2024-10-31,30334.351608976267
Daging Ayam Ras/Sumatera Barat/2024-11-01,30351.176715740374
Daging Ayam Ras/Sumatera Barat/2024-11-02,30301.81657110679
Daging Ayam Ras/Sumatera Barat/2024-11-03,30336.304120886685
Daging Ayam Ras/Sumatera Barat/2024-11-04,30336.043697578843
Daging Ayam Ras/Sumatera Barat/2024-11-05,30365.900462159825
Daging Ayam Ras/Sumatera Barat/2024-11-06,30338.858247604527
Daging Ayam Ras/Sumatera Barat/2024-11-07,30350.73166141017
Daging Ayam Ras/Sumatera Barat/2024-11-08,30346.908530141765
Daging Ayam Ras/Sumatera Barat/2024-11-09,30311.5007361121
Daging Ayam Ras/Sumatera Barat/2024-11-10,30355.99171709073
Daging Ayam Ras/Sumatera Barat/2024-11-11,30347.858017667364
Daging Ayam Ras/Sumatera Barat/2024-11-12,30352.52969733464
Daging Ayam Ras/Sumatera Barat/2024-11-13,30405.87049688939
Daging Ayam Ras/Sumatera Barat/2024-11-14,30313.246927942186
Daging Ayam Ras/Sumatera Barat/2024-11-15,30371.39710389932
Daging Ayam Ras/Sumatera Barat/2024-11-16,30340.39804183393
Daging Ayam Ras/Sumatera Barat/2024-11-17,30349.03153468588
Daging Ayam Ras/Sumatera Barat/2024-11-18,30343.824433825685
Daging Ayam Ras/Sumatera Barat/2024-11-19,30338.05209297991
Daging Ayam Ras/Sumatera Barat/2024-11-20,30335.539768948125
Daging Ayam Ras/Sumatera Barat/2024-11-21,30349.516453424327
Daging Ayam Ras/Sumatera Barat/2024-11-22,30320.9490967744
Daging Ayam Ras/Sumatera Barat/2024-11-23,30355.91651179388
Daging Ayam Ras/Sumatera Barat/2024-11-24,30338.13117967111
Daging Ayam Ras/Sumatera Barat/2024-11-25,30326.952305558625
Daging Ayam Ras/Sumatera Barat/2024-11-26,30337.290201779902
Daging Ayam Ras/Sumatera Barat/2024-11-27,30363.92327013253
Daging Ayam Ras/Sumatera Barat/2024-11-28,30336.422114788893
Daging Ayam Ras/Sumatera Barat/2024-11-29,30350.204572699837
Daging Ayam Ras/Sumatera Barat/2024-11-30,30333.33214967881
Daging Ayam Ras/Sumatera Barat/2024-12-01,30356.21987252927
Daging Ayam Ras/Sumatera Barat/2024-12-02,30355.29921560317
Daging Ayam Ras/Sumatera Barat/2024-12-03,30373.588065639917
Daging Ayam Ras/Sumatera Barat/2024-12-04,30342.4005164258
Daging Ayam Ras/Sumatera Barat/2024-12-05,30355.22011467364
Daging Ayam Ras/Sumatera Barat/2024-12-06,30346.26810058949
Daging Ayam Ras/Sumatera Barat/2024-12-07,30364.77718642166
Daging Ayam Ras/Sumatera Barat/2024-12-08,30333.65920963752
Daging Ayam Ras/Sumatera Barat/2024-12-09,30356.157692714827
Daging Ayam Ras/Sumatera Barat/2024-12-10,30341.65380635219
Daging Ayam Ras/Sumatera Barat/2024-12-11,30343.571609036397
Daging Ayam Ras/Sumatera Barat/2024-12-12,30345.945795303705
Daging Ayam Ras/Sumatera Barat/2024-12-13,30348.526324834016
Daging Ayam Ras/Sumatera Barat/2024-12-14,30342.807347333677
Daging Ayam Ras/Sumatera Barat/2024-12-15,30347.934305391576
Daging Ayam Ras/Sumatera Barat/2024-12-16,30369.178128886128
Daging Ayam Ras/Sumatera Barat/2024-12-17,30360.302375776424
Daging Ayam Ras/Sumatera Barat/2024-12-18,30358.534434292174
Daging Ayam Ras/Sumatera Barat/2024-12-19,30337.8854006257
Daging Ayam Ras/Sumatera Barat/2024-12-20,30330.743855758403
Daging Ayam Ras/Sumatera Barat/2024-12-21,30359.11079577041
Daging Ayam Ras/Sumatera Barat/2024-12-22,30358.2434401626
Daging Ayam Ras/Sumatera Barat/2024-12-23,30367.75052287409
Daging Ayam Ras/Sumatera Barat/2024-12-24,30335.71428898894
Daging Ayam Ras/Sumatera Barat/2024-12-25,30341.106916278022
Daging Ayam Ras/Sumatera Barat/2024-12-26,30318.937794172714
Daging Ayam Ras/Sumatera Barat/2024-12-27,30337.95585488864
Daging Ayam Ras/Sumatera Barat/2024-12-28,30359.70838908747
Daging Ayam Ras/Sumatera Barat/2024-12-29,30337.469836957185
Daging Ayam Ras/Sumatera Barat/2024-12-30,30354.57674413195
Daging Ayam Ras/Sumatera Barat/2024-12-31,30341.8293533808
Daging Ayam Ras/Sumatera Selatan/2024-10-01,30349.64140890281
Daging Ayam Ras/Sumatera Selatan/2024-10-02,30326.764073987262
Daging Ayam Ras/Sumatera Selatan/2024-10-03,30345.669785566497
Daging Ayam Ras/Sumatera Selatan/2024-10-04,30297.900426934597
Daging Ayam Ras/Sumatera Selatan/2024-10-05,30340.91277268949
Daging Ayam Ras/Sumatera Selatan/2024-10-06,30318.788429715416
Daging Ayam Ras/Sumatera Selatan/2024-10-07,30362.850916137613
Daging Ayam Ras/Sumatera Selatan/2024-10-08,30356.79131230128
Daging Ayam Ras/Sumatera Selatan/2024-10-09,30352.251548493143
Daging Ayam Ras/Sumatera Selatan/2024-10-10,30368.540007133888
Daging Ayam Ras/Sumatera Selatan/2024-10-11,30330.32573003273
Daging Ayam Ras/Sumatera Selatan/2024-10-12,30371.681148695632
Daging Ayam Ras/Sumatera Selatan/2024-10-13,30359.39709082554
Daging Ayam Ras/Sumatera Selatan/2024-10-14,30341.256617433264
Daging Ayam Ras/Sumatera Selatan/2024-10-15,30362.319434928715
Daging Ayam Ras/Sumatera Selatan/2024-10-16,30327.656175987933
Daging Ayam Ras/Sumatera Selatan/2024-10-17,30331.52197397156
Daging Ayam Ras/Sumatera Selatan/2024-10-18,30334.77209686746
Daging Ayam Ras/Sumatera Selatan/2024-10-19,30336.039974314357
Daging Ayam Ras/Sumatera Selatan/2024-10-20,30327.86433824731
Daging Ayam Ras/Sumatera Selatan/2024-10-21,30363.318975403326
Daging Ayam Ras/Sumatera Selatan/2024-10-22,30340.73598700028
Daging Ayam Ras/Sumatera Selatan/2024-10-23,30350.151603565177
Daging Ayam Ras/Sumatera Selatan/2024-10-24,30335.847332278
Daging Ayam Ras/Sumatera Selatan/2024-10-25,30316.1790625862
Daging Ayam Ras/Sumatera Selatan/2024-10-26,30348.22912810269
Daging Ayam Ras/Sumatera Selatan/2024-10-27,30314.63982041566
Daging Ayam Ras/Sumatera Selatan/2024-10-28,30343.00095402159
Daging Ayam Ras/Sumatera Selatan/2024-10-29,30323.09144757336
Daging Ayam Ras/Sumatera Selatan/2024-10-30,30375.158279967007
Daging Ayam Ras/Sumatera Selatan/2024-10-31,30359.079626469927
Daging Ayam Ras/Sumatera Selatan/2024-11-01,30346.729248294585
Daging Ayam Ras/Sumatera Selatan/2024-11-02,30364.48677806677
Daging Ayam Ras/Sumatera Selatan/2024-11-03,30331.793952411103
Daging Ayam Ras/Sumatera Selatan/2024-11-04,30352.88883891653
Daging Ayam Ras/Sumatera Selatan/2024-11-05,30347.713679504148
Daging Ayam Ras/Sumatera Selatan/2024-11-06,30348.74031883712
Daging Ayam Ras/Sumatera Selatan/2024-11-07,30364.43761643041
Daging Ayam Ras/Sumatera Selatan/2024-11-08,30356.347937803548
Daging Ayam Ras/Sumatera Selatan/2024-11-09,30349.38869737928
Daging Ayam Ras/Sumatera Selatan/2024-11-10,30319.027479044773
Daging Ayam Ras/Sumatera Selatan/2024-11-11,30329.272118900677
Daging Ayam Ras/Sumatera Selatan/2024-11-12,30342.16370049468
Daging Ayam Ras/Sumatera Selatan/2024-11-13,30345.76955414796
Daging Ayam Ras/Sumatera Selatan/2024-11-14,30326.97071848819
Daging Ayam Ras/Sumatera Selatan/2024-11-15,30381.921269638024
Daging Ayam Ras/Sumatera Selatan/2024-11-16,30368.658341368584
Daging Ayam Ras/Sumatera Selatan/2024-11-17,30354.577063888886
Daging Ayam Ras/Sumatera Selatan/2024-11-18,30346.144116236737
Daging Ayam Ras/Sumatera Selatan/2024-11-19,30341.43902915252
Daging Ayam Ras/Sumatera Selatan/2024-11-20,30329.610511897383
Daging Ayam Ras/Sumatera Selatan/2024-11-21,30345.444815117426
Daging Ayam Ras/Sumatera Selatan/2024-11-22,30348.442631791386
Daging Ayam Ras/Sumatera Selatan/2024-11-23,30325.28791422904
Daging Ayam Ras/Sumatera Selatan/2024-11-24,30349.53646249659
Daging Ayam Ras/Sumatera Selatan/2024-11-25,30342.13675405405
Daging Ayam Ras/Sumatera Selatan/2024-11-26,30314.84461224847
Daging Ayam Ras/Sumatera Selatan/2024-11-27,30330.73194756519
Daging Ayam Ras/Sumatera Selatan/2024-11-28,30337.733387686487
Daging Ayam Ras/Sumatera Selatan/2024-11-29,30373.647083456857
Daging Ayam Ras/Sumatera Selatan/2024-11-30,30353.63853389492
Daging Ayam Ras/Sumatera Selatan/2024-12-01,30324.25640333268
Daging Ayam Ras/Sumatera Selatan/2024-12-02,30352.01163358685
Daging Ayam Ras/Sumatera Selatan/2024-12-03,30320.46389883551
Daging Ayam Ras/Sumatera Selatan/2024-12-04,30360.96390489132
Daging Ayam Ras/Sumatera Selatan/2024-12-05,30337.325009013523
Daging Ayam Ras/Sumatera Selatan/2024-12-06,30343.13504473142
Daging Ayam Ras/Sumatera Selatan/2024-12-07,30365.169398480928
Daging Ayam Ras/Sumatera Selatan/2024-12-08,30324.89272467174
Daging Ayam Ras/Sumatera Selatan/2024-12-09,30322.656770671045
Daging Ayam Ras/Sumatera Selatan/2024-12-10,30335.07009636236
Daging Ayam Ras/Sumatera Selatan/2024-12-11,30360.343557113032
Daging Ayam Ras/Sumatera Selatan/2024-12-12,30321.01714029021
Daging Ayam Ras/Sumatera Selatan/2024-12-13,30300.33462770362
Daging Ayam Ras/Sumatera Selatan/2024-12-14,30336.79044813724
Daging Ayam Ras/Sumatera Selatan/2024-12-15,30352.638886208653
Daging Ayam Ras/Sumatera Selatan/2024-12-16,30363.188477658103
Daging Ayam Ras/Sumatera Selatan/2024-12-17,30337.82058534255
Daging Ayam Ras/Sumatera Selatan/2024-12-18,30338.376074205506
Daging Ayam Ras/Sumatera Selatan/2024-12-19,30362.436006651835
Daging Ayam Ras/Sumatera Selatan/2024-12-20,30315.652214515245
Daging Ayam Ras/Sumatera Selatan/2024-12-21,30338.165944154287
Daging Ayam Ras/Sumatera Selatan/2024-12-22,30347.27918308329
Daging Ayam Ras/Sumatera Selatan/2024-12-23,30351.487467112627
Daging Ayam Ras/Sumatera Selatan/2024-12-24,30336.739763604703
Daging Ayam Ras/Sumatera Selatan/2024-12-25,30345.144575168888
Daging Ayam Ras/Sumatera Selatan/2024-12-26,30305.840528358927
Daging Ayam Ras/Sumatera Selatan/2024-12-27,30333.703744329257
Daging Ayam Ras/Sumatera Selatan/2024-12-28,30351.144161164888
Daging Ayam Ras/Sumatera Selatan/2024-12-29,30329.23953903573
Daging Ayam Ras/Sumatera Selatan/2024-12-30,30345.326098827776
Daging Ayam Ras/Sumatera Selatan/2024-12-31,30351.55932547841
Daging Ayam Ras/Sumatera Utara/2024-10-01,30339.350158732806
Daging Ayam Ras/Sumatera Utara/2024-10-02,30347.204069566928
Daging Ayam Ras/Sumatera Utara/2024-10-03,30329.657686211605
Daging Ayam Ras/Sumatera Utara/2024-10-04,30341.129455606995
Daging Ayam Ras/Sumatera Utara/2024-10-05,30353.89018901276
Daging Ayam Ras/Sumatera Utara/2024-10-06,30347.11333546401
Daging Ayam Ras/Sumatera Utara/2024-10-07,30335.56626163641
Daging Ayam Ras/Sumatera Utara/2024-10-08,30348.0151966335
Daging Ayam Ras/Sumatera Utara/2024-10-09,30355.68166687026
Daging Ayam Ras/Sumatera Utara/2024-10-10,30312.830683962977
Daging Ayam Ras/Sumatera Utara/2024-10-11,30362.217844619245
Daging Ayam Ras/Sumatera Utara/2024-10-12,30339.416556032967
Daging Ayam Ras/Sumatera Utara/2024-10-13,30351.163035384427
Daging Ayam Ras/Sumatera Utara/2024-10-14,30363.31181579276
Daging Ayam Ras/Sumatera Utara/2024-10-15,30323.63848861005
Daging Ayam Ras/Sumatera Utara/2024-10-16,30333.333372790188
Daging Ayam Ras/Sumatera Utara/2024-10-17,30339.79708986104
Daging Ayam Ras/Sumatera Utara/2024-10-18,30332.129020218803
Daging Ayam Ras/Sumatera Utara/2024-10-19,30371.281225413903
Daging Ayam Ras/Sumatera Utara/2024-10-20,30331.623608459067
Daging Ayam Ras/Sumatera Utara/2024-10-21,30335.95709281559
Daging Ayam Ras/Sumatera Utara/2024-10-22,30347.61146981786
Daging Ayam Ras/Sumatera Utara/2024-10-23,30325.82758294665
Daging Ayam Ras/Sumatera Utara/2024-10-24,30338.070659839235
Daging Ayam Ras/Sumatera Utara/2024-10-25,30349.3202077184
Daging Ayam Ras/Sumatera Utara/2024-10-26,30339.397594200134
Daging Ayam Ras/Sumatera Utara/2024-10-27,30343.07908441
Daging Ayam Ras/Sumatera Utara/2024-10-28,30336.35019280956
Daging Ayam Ras/Sumatera Utara/2024-10-29,30320.8761385185
Daging Ayam Ras/Sumatera Utara/2024-10-30,30349.134640775155
Daging Ayam Ras/Sumatera Utara/2024-10-31,30371.760127220256
Daging Ayam Ras/Sumatera Utara/2024-11-01,30345.277285420227
Daging Ayam Ras/Sumatera Utara/2024-11-02,30348.37062670056
Daging Ayam Ras/Sumatera Utara/2024-11-03,30355.545465391555
Daging Ayam Ras/Sumatera Utara/2024-11-04,30324.98293215113
Daging Ayam Ras/Sumatera Utara/2024-11-05,30370.776132633207
Daging Ayam Ras/Sumatera Utara/2024-11-06,30347.994802601257
Daging Ayam Ras/Sumatera Utara/2024-11-07,30370.1592281916
Daging Ayam Ras/Sumatera Utara/2024-11-08,30333.645664669057
Daging Ayam Ras/Sumatera Utara/2024-11-09,30372.93264515664
Daging Ayam Ras/Sumatera Utara/2024-11-10,30356.966201962827
Daging Ayam Ras/Sumatera Utara/2024-11-11,30353.532122989945
Daging Ayam Ras/Sumatera Utara/2024-11-12,30348.45590725111
Daging Ayam Ras/Sumatera Utara/2024-11-13,30340.86716227734
Daging Ayam Ras/Sumatera Utara/2024-11-14,30363.1488961286
Daging Ayam Ras/Sumatera Utara/2024-11-15,30346.97981993789
Daging Ayam Ras/Sumatera Utara/2024-11-16,30314.117481249534
Daging Ayam Ras/Sumatera Utara/2024-11-17,30326.77710410052
Daging Ayam Ras/Sumatera Utara/2024-11-18,30341.15932441169
Daging Ayam Ras/Sumatera Utara/2024-11-19,30349.07523133381
Daging Ayam Ras/Sumatera Utara/2024-11-20,30343.72388746373
Daging Ayam Ras/Sumatera Utara/2024-11-21,30363.665263285144
Daging Ayam Ras/Sumatera Utara/2024-11-22,30314.575509093
Daging Ayam Ras/Sumatera Utara/2024-11-23,30346.501922594343
Daging Ayam Ras/Sumatera Utara/2024-11-24,30316.116702992596
Daging Ayam Ras/Sumatera Utara/2024-11-25,30355.88201218774
Daging Ayam Ras/Sumatera Utara/2024-11-26,30343.04069926226
Daging Ayam Ras/Sumatera Utara/2024-11-27,30351.191550279196
Daging Ayam Ras/Sumatera Utara/2024-11-28,30331.280562016826
Daging Ayam Ras/Sumatera Utara/2024-11-29,30364.397213565167
Daging Ayam Ras/Sumatera Utara/2024-11-30,30360.96993684063
Daging Ayam Ras/Sumatera Utara/2024-12-01,30354.03248803697
Daging Ayam Ras/Sumatera Utara/2024-12-02,30342.878980887694
Daging Ayam Ras/Sumatera Utara/2024-12-03,30353.699792890977
Daging Ayam Ras/Sumatera Utara/2024-12-04,30333.64875058882
Daging Ayam Ras/Sumatera Utara/2024-12-05,30357.72744654746
Daging Ayam Ras/Sumatera Utara/2024-12-06,30370.352520910237
Daging Ayam Ras/Sumatera Utara/2024-12-07,30361.70469079888
Daging Ayam Ras/Sumatera Utara/2024-12-08,30333.70864465789
Daging Ayam Ras/Sumatera Utara/2024-12-09,30350.24208213595
Daging Ayam Ras/Sumatera Utara/2024-12-10,30324.427367620458
Daging Ayam Ras/Sumatera Utara/2024-12-11,30353.093032847773
Daging Ayam Ras/Sumatera Utara/2024-12-12,30351.53555332531
Daging Ayam Ras/Sumatera Utara/2024-12-13,30315.639888042344
Daging Ayam Ras/Sumatera Utara/2024-12-14,30326.13497044075
Daging Ayam Ras/Sumatera Utara/2024-12-15,30339.71877341801
Daging Ayam Ras/Sumatera Utara/2024-12-16,30339.57170371043
Daging Ayam Ras/Sumatera Utara/2024-12-17,30325.61155611128
Daging Ayam Ras/Sumatera Utara/2024-12-18,30350.387402878103
Daging Ayam Ras/Sumatera Utara/2024-12-19,30348.47594804962
Daging Ayam Ras/Sumatera Utara/2024-12-20,30341.636826905426
Daging Ayam Ras/Sumatera Utara/2024-12-21,30332.85363844336
Daging Ayam Ras/Sumatera Utara/2024-12-22,30360.74570955642
Daging Ayam Ras/Sumatera Utara/2024-12-23,30370.461115550694
Daging Ayam Ras/Sumatera Utara/2024-12-24,30337.54532370004
Daging Ayam Ras/Sumatera Utara/2024-12-25,30335.20891247169
Daging Ayam Ras/Sumatera Utara/2024-12-26,30352.092469284817
Daging Ayam Ras/Sumatera Utara/2024-12-27,30338.9531749938
Daging Ayam Ras/Sumatera Utara/2024-12-28,30342.29111778425
Daging Ayam Ras/Sumatera Utara/2024-12-29,30356.05351336055
Daging Ayam Ras/Sumatera Utara/2024-12-30,30315.035419523792
Daging Ayam Ras/Sumatera Utara/2024-12-31,30364.700615425994
