id,price
Daging Sapi Murni/Aceh/2024-10-01,153243.47113155495
Daging Sapi Murni/Aceh/2024-10-02,153207.14323687993
Daging Sapi Murni/Aceh/2024-10-03,153235.5654542039
Daging Sapi Murni/Aceh/2024-10-04,153269.15473165957
Daging Sapi Murni/Aceh/2024-10-05,153233.25926669547
Daging Sapi Murni/Aceh/2024-10-06,153232.7803996603
Daging Sapi Murni/Aceh/2024-10-07,153293.29352904882
Daging Sapi Murni/Aceh/2024-10-08,153267.29012696823
Daging Sapi Murni/Aceh/2024-10-09,153226.57235991317
Daging Sapi Murni/Aceh/2024-10-10,153260.06355177925
Daging Sapi Murni/Aceh/2024-10-11,153226.9943601199
Daging Sapi Murni/Aceh/2024-10-12,153227.29454167257
Daging Sapi Murni/Aceh/2024-10-13,153249.60078721485
Daging Sapi Murni/Aceh/2024-10-14,153176.8560622126
Daging Sapi Murni/Aceh/2024-10-15,153183.1021095057
Daging Sapi Murni/Aceh/2024-10-16,153220.68431194354
Daging Sapi Murni/Aceh/2024-10-17,153205.08315182783
Daging Sapi Murni/Aceh/2024-10-18,153248.83383274154
Daging Sapi Murni/Aceh/2024-10-19,153207.08663560194
Daging Sapi Murni/Aceh/2024-10-20,153191.26587755862
Daging Sapi Murni/Aceh/2024-10-21,153288.2061365178
Daging Sapi Murni/Aceh/2024-10-22,153231.86440367738
Daging Sapi Murni/Aceh/2024-10-23,153242.40378070902
Daging Sapi Murni/Aceh/2024-10-24,153192.3004568439
Daging Sapi Murni/Aceh/2024-10-25,153222.3244085127
Daging Sapi Murni/Aceh/2024-10-26,153245.06502113433
Daging Sapi Murni/Aceh/2024-10-27,153201.33241475705
Daging Sapi Murni/Aceh/2024-10-28,153252.07178753382
Daging Sapi Murni/Aceh/2024-10-29,153219.05056394413
Daging Sapi Murni/Aceh/2024-10-30,153230.2665146899
Daging Sapi Murni/Aceh/2024-10-31,153220.06624592058
Daging Sapi Murni/Aceh/2024-11-01,153301.6132081799
Daging Sapi Murni/Aceh/2024-11-02,153240.30455805396
Daging Sapi Murni/Aceh/2024-11-03,153205.3409217715
Daging Sapi Murni/Aceh/2024-11-04,153268.75815446072
Daging Sapi Murni/Aceh/2024-11-05,153200.84764480396
Daging Sapi Murni/Aceh/2024-11-06,153249.00698622104
Daging Sapi Murni/Aceh/2024-11-07,153174.84701557658
Daging Sapi Murni/Aceh/2024-11-08,153195.45117576403
Daging Sapi Murni/Aceh/2024-11-09,153246.51454716205
Daging Sapi Murni/Aceh/2024-11-10,153263.20549554002
Daging Sapi Murni/Aceh/2024-11-11,153244.8815458805
Daging Sapi Murni/Aceh/2024-11-12,153234.98336779347
Daging Sapi Murni/Aceh/2024-11-13,153230.467655015
Daging Sapi Murni/Aceh/2024-11-14,153192.2608333771
Daging Sapi Murni/Aceh/2024-11-15,153217.15634050182
Daging Sapi Murni/Aceh/2024-11-16,153224.72505600945
Daging Sapi Murni/Aceh/2024-11-17,153274.74699652908
Daging Sapi Murni/Aceh/2024-11-18,153250.7687157356
Daging Sapi Murni/Aceh/2024-11-19,153180.62670337188
Daging Sapi Murni/Aceh/2024-11-20,153251.38170786112
Daging Sapi Murni/Aceh/2024-11-21,153228.07263015036
Daging Sapi Murni/Aceh/2024-11-22,153218.4661477441
Daging Sapi Murni/Aceh/2024-11-23,153260.32034546405
Daging Sapi Murni/Aceh/2024-11-24,153273.89038284283
Daging Sapi Murni/Aceh/2024-11-25,153272.1918101611
Daging Sapi Murni/Aceh/2024-11-26,153213.17253034684
Daging Sapi Murni/Aceh/2024-11-27,153231.48579384547
Daging Sapi Murni/Aceh/2024-11-28,153253.54988650864
Daging Sapi Murni/Aceh/2024-11-29,153274.6399462487
Daging Sapi Murni/Aceh/2024-11-30,153225.39311500642
Daging Sapi Murni/Aceh/2024-12-01,153234.56176015915
Daging Sapi Murni/Aceh/2024-12-02,153204.5648560136
Daging Sapi Murni/Aceh/2024-12-03,153201.613849197
Daging Sapi Murni/Aceh/2024-12-04,153267.92521882424
Daging Sapi Murni/Aceh/2024-12-05,153284.87567687253
Daging Sapi Murni/Aceh/2024-12-06,153237.5694107448
Daging Sapi Murni/Aceh/2024-12-07,153273.87844262115
Daging Sapi Murni/Aceh/2024-12-08,153253.7725311206
Daging Sapi Murni/Aceh/2024-12-09,153221.59913967704
Daging Sapi Murni/Aceh/2024-12-10,153254.8237173654
Daging Sapi Murni/Aceh/2024-12-11,153293.21797949602
Daging Sapi Murni/Aceh/2024-12-12,153241.09879406894
Daging Sapi Murni/Aceh/2024-12-13,153294.1658667432
Daging Sapi Murni/Aceh/2024-12-14,153154.6506680265
Daging Sapi Murni/Aceh/2024-12-15,153270.25149972827
Daging Sapi Murni/Aceh/2024-12-16,153245.3480425642
Daging Sapi Murni/Aceh/2024-12-17,153231.1010644606
Daging Sapi Murni/Aceh/2024-12-18,153244.0610840393
Daging Sapi Murni/Aceh/2024-12-19,153173.1937744685
Daging Sapi Murni/Aceh/2024-12-20,153234.0443019237
Daging Sapi Murni/Aceh/2024-12-21,153252.0827525547
Daging Sapi Murni/Aceh/2024-12-22,153289.03254748587
Daging Sapi Murni/Aceh/2024-12-23,153222.6070264843
Daging Sapi Murni/Aceh/2024-12-24,153212.9628068703
Daging Sapi Murni/Aceh/2024-12-25,153224.90615226584
Daging Sapi Murni/Aceh/2024-12-26,153272.256811519
Daging Sapi Murni/Aceh/2024-12-27,153252.30226285275
Daging Sapi Murni/Aceh/2024-12-28,153222.47023844067
Daging Sapi Murni/Aceh/2024-12-29,153257.81350740173
Daging Sapi Murni/Aceh/2024-12-30,153244.72076346574
Daging Sapi Murni/Aceh/2024-12-31,153274.37354651134
Daging Sapi Murni/Bali/2024-10-01,153218.0408212141
Daging Sapi Murni/Bali/2024-10-02,153230.4287306303
Daging Sapi Murni/Bali/2024-10-03,153228.75724373732
Daging Sapi Murni/Bali/2024-10-04,153192.40842717706
Daging Sapi Murni/Bali/2024-10-05,153250.67163807646
Daging Sapi Murni/Bali/2024-10-06,153248.23934375422
Daging Sapi Murni/Bali/2024-10-07,153239.99796578454
Daging Sapi Murni/Bali/2024-10-08,153232.12745395274
Daging Sapi Murni/Bali/2024-10-09,153192.8982669415
Daging Sapi Murni/Bali/2024-10-10,153227.040145664
Daging Sapi Murni/Bali/2024-10-11,153228.95528328844
Daging Sapi Murni/Bali/2024-10-12,153212.93261386835
Daging Sapi Murni/Bali/2024-10-13,153233.83914463947
Daging Sapi Murni/Bali/2024-10-14,153252.4895024149
Daging Sapi Murni/Bali/2024-10-15,153302.97061787412
Daging Sapi Murni/Bali/2024-10-16,153246.36432189486
Daging Sapi Murni/Bali/2024-10-17,153249.87144906184
Daging Sapi Murni/Bali/2024-10-18,153239.94894225628
Daging Sapi Murni/Bali/2024-10-19,153178.85195878256
Daging Sapi Murni/Bali/2024-10-20,153241.64615935384
Daging Sapi Murni/Bali/2024-10-21,153242.64726787715
Daging Sapi Murni/Bali/2024-10-22,153322.47418248907
Daging Sapi Murni/Bali/2024-10-23,153233.73491223925
Daging Sapi Murni/Bali/2024-10-24,153250.67333317493
Daging Sapi Murni/Bali/2024-10-25,153241.4519599435
Daging Sapi Murni/Bali/2024-10-26,153203.90060751743
Daging Sapi Murni/Bali/2024-10-27,153281.08777190774
Daging Sapi Murni/Bali/2024-10-28,153266.03355788073
Daging Sapi Murni/Bali/2024-10-29,153267.73553668192
Daging Sapi Murni/Bali/2024-10-30,153211.0871537519
Daging Sapi Murni/Bali/2024-10-31,153288.59327167034
Daging Sapi Murni/Bali/2024-11-01,153196.17766864903
Daging Sapi Murni/Bali/2024-11-02,153261.7119035938
Daging Sapi Murni/Bali/2024-11-03,153314.70952729371
Daging Sapi Murni/Bali/2024-11-04,153208.1811585102
Daging Sapi Murni/Bali/2024-11-05,153223.44727683763
Daging Sapi Murni/Bali/2024-11-06,153244.64441640218
Daging Sapi Murni/Bali/2024-11-07,153225.62972477468
Daging Sapi Murni/Bali/2024-11-08,153189.9799823242
Daging Sapi Murni/Bali/2024-11-09,153241.7756062073
Daging Sapi Murni/Bali/2024-11-10,153204.33214760732
Daging Sapi Murni/Bali/2024-11-11,153255.5272745728
Daging Sapi Murni/Bali/2024-11-12,153208.48315390773
Daging Sapi Murni/Bali/2024-11-13,153290.97783202928
Daging Sapi Murni/Bali/2024-11-14,153214.25972377026
Daging Sapi Murni/Bali/2024-11-15,153229.63838634605
Daging Sapi Murni/Bali/2024-11-16,153268.4295816222
Daging Sapi Murni/Bali/2024-11-17,153199.81256842666
Daging Sapi Murni/Bali/2024-11-18,153249.22159036773
Daging Sapi Murni/Bali/2024-11-19,153283.9033544397
Daging Sapi Murni/Bali/2024-11-20,153187.30377137667
Daging Sapi Murni/Bali/2024-11-21,153247.39838022788
Daging Sapi Murni/Bali/2024-11-22,153249.11292250015
Daging Sapi Murni/Bali/2024-11-23,153267.52416290433
Daging Sapi Murni/Bali/2024-11-24,153199.97373419136
Daging Sapi Murni/Bali/2024-11-25,153196.05071200544
Daging Sapi Murni/Bali/2024-11-26,153258.6005811164
Daging Sapi Murni/Bali/2024-11-27,153250.5962938972
Daging Sapi Murni/Bali/2024-11-28,153248.63894765635
Daging Sapi Murni/Bali/2024-11-29,153251.14354428288
Daging Sapi Murni/Bali/2024-11-30,153217.99740922917
Daging Sapi Murni/Bali/2024-12-01,153249.64229089423
Daging Sapi Murni/Bali/2024-12-02,153251.24500190374
Daging Sapi Murni/Bali/2024-12-03,153217.38259878644
Daging Sapi Murni/Bali/2024-12-04,153303.33070205152
Daging Sapi Murni/Bali/2024-12-05,153256.80599615283
Daging Sapi Murni/Bali/2024-12-06,153202.16140534446
Daging Sapi Murni/Bali/2024-12-07,153263.88371955644
Daging Sapi Murni/Bali/2024-12-08,153209.2830155162
Daging Sapi Murni/Bali/2024-12-09,153268.66897192606
Daging Sapi Murni/Bali/2024-12-10,153279.50782137935
Daging Sapi Murni/Bali/2024-12-11,153213.2136676341
Daging Sapi Murni/Bali/2024-12-12,153273.97149611556
Daging Sapi Murni/Bali/2024-12-13,153255.28369973227
Daging Sapi Murni/Bali/2024-12-14,153270.08786804928
Daging Sapi Murni/Bali/2024-12-15,153305.7471544841
Daging Sapi Murni/Bali/2024-12-16,153233.947022374
Daging Sapi Murni/Bali/2024-12-17,153218.33658605182
Daging Sapi Murni/Bali/2024-12-18,153213.34862900557
Daging Sapi Murni/Bali/2024-12-19,153215.43015998043
Daging Sapi Murni/Bali/2024-12-20,153239.03823622072
Daging Sapi Murni/Bali/2024-12-21,153250.9719464066
Daging Sapi Murni/Bali/2024-12-22,153248.72384528784
Daging Sapi Murni/Bali/2024-12-23,153267.61735446122
Daging Sapi Murni/Bali/2024-12-24,153241.29133998134
Daging Sapi Murni/Bali/2024-12-25,153290.32157216442
Daging Sapi Murni/Bali/2024-12-26,153233.4406421083
Daging Sapi Murni/Bali/2024-12-27,153333.3603383632
Daging Sapi Murni/Bali/2024-12-28,153263.99162838
Daging Sapi Murni/Bali/2024-12-29,153214.70751991577
Daging Sapi Murni/Bali/2024-12-30,153208.18028450102
Daging Sapi Murni/Bali/2024-12-31,153259.01631025298
Daging Sapi Murni/Banten/2024-10-01,153235.60711789163
Daging Sapi Murni/Banten/2024-10-02,153264.517869389
Daging Sapi Murni/Banten/2024-10-03,153255.9251899412
Daging Sapi Murni/Banten/2024-10-04,153238.54337431022
Daging Sapi Murni/Banten/2024-10-05,153213.72516959405
Daging Sapi Murni/Banten/2024-10-06,153190.9635042325
Daging Sapi Murni/Banten/2024-10-07,153226.41913600898
Daging Sapi Murni/Banten/2024-10-08,153268.81340553137
Daging Sapi Murni/Banten/2024-10-09,153246.62644063646
Daging Sapi Murni/Banten/2024-10-10,153197.78308801603
Daging Sapi Murni/Banten/2024-10-11,153245.66975035236
Daging Sapi Murni/Banten/2024-10-12,153253.8309855903
Daging Sapi Murni/Banten/2024-10-13,153211.70259406685
Daging Sapi Murni/Banten/2024-10-14,153245.4813860654
Daging Sapi Murni/Banten/2024-10-15,153241.98346737234
Daging Sapi Murni/Banten/2024-10-16,153202.8272759856
Daging Sapi Murni/Banten/2024-10-17,153252.58864176544
Daging Sapi Murni/Banten/2024-10-18,153258.82510508117
Daging Sapi Murni/Banten/2024-10-19,153276.9620499359
Daging Sapi Murni/Banten/2024-10-20,153276.1157860365
Daging Sapi Murni/Banten/2024-10-21,153195.3609570956
Daging Sapi Murni/Banten/2024-10-22,153211.28477197952
Daging Sapi Murni/Banten/2024-10-23,153259.45982081158
Daging Sapi Murni/Banten/2024-10-24,153258.82557700475
Daging Sapi Murni/Banten/2024-10-25,153257.9245533561
Daging Sapi Murni/Banten/2024-10-26,153368.71304147132
Daging Sapi Murni/Banten/2024-10-27,153261.1176589702
Daging Sapi Murni/Banten/2024-10-28,153281.90701568537
Daging Sapi Murni/Banten/2024-10-29,153276.61116882064
Daging Sapi Murni/Banten/2024-10-30,153267.20760696282
Daging Sapi Murni/Banten/2024-10-31,153235.45677150597
Daging Sapi Murni/Banten/2024-11-01,153268.8170402744
Daging Sapi Murni/Banten/2024-11-02,153217.63685406453
Daging Sapi Murni/Banten/2024-11-03,153234.75532604454
Daging Sapi Murni/Banten/2024-11-04,153225.5796229358
Daging Sapi Murni/Banten/2024-11-05,153243.727277097
Daging Sapi Murni/Banten/2024-11-06,153318.30801703053
Daging Sapi Murni/Banten/2024-11-07,153178.1709770038
Daging Sapi Murni/Banten/2024-11-08,153264.19329844776
Daging Sapi Murni/Banten/2024-11-09,153187.65874110657
Daging Sapi Murni/Banten/2024-11-10,153225.96225227753
Daging Sapi Murni/Banten/2024-11-11,153277.6408330884
Daging Sapi Murni/Banten/2024-11-12,153241.2584746429
Daging Sapi Murni/Banten/2024-11-13,153204.63303063734
Daging Sapi Murni/Banten/2024-11-14,153216.02260035631
Daging Sapi Murni/Banten/2024-11-15,153263.67198870567
Daging Sapi Murni/Banten/2024-11-16,153216.73781217964
Daging Sapi Murni/Banten/2024-11-17,153247.20430737964
Daging Sapi Murni/Banten/2024-11-18,153241.31562775027
Daging Sapi Murni/Banten/2024-11-19,153218.85307991915
Daging Sapi Murni/Banten/2024-11-20,153312.7436672028
Daging Sapi Murni/Banten/2024-11-21,153261.95799635982
Daging Sapi Murni/Banten/2024-11-22,153174.18830775787
Daging Sapi Murni/Banten/2024-11-23,153248.0452954034
Daging Sapi Murni/Banten/2024-11-24,153219.64249587967
Daging Sapi Murni/Banten/2024-11-25,153270.54363279807
Daging Sapi Murni/Banten/2024-11-26,153213.65238142572
Daging Sapi Murni/Banten/2024-11-27,153235.6043892368
Daging Sapi Murni/Banten/2024-11-28,153257.8366883872
Daging Sapi Murni/Banten/2024-11-29,153269.69202275178
Daging Sapi Murni/Banten/2024-11-30,153201.3677934637
Daging Sapi Murni/Banten/2024-12-01,153229.5744922492
Daging Sapi Murni/Banten/2024-12-02,153225.44143673676
Daging Sapi Murni/Banten/2024-12-03,153219.36103482253
Daging Sapi Murni/Banten/2024-12-04,153299.3762629036
Daging Sapi Murni/Banten/2024-12-05,153253.17129235278
Daging Sapi Murni/Banten/2024-12-06,153198.73224959447
Daging Sapi Murni/Banten/2024-12-07,153271.89179016437
Daging Sapi Murni/Banten/2024-12-08,153312.663582908
Daging Sapi Murni/Banten/2024-12-09,153277.3071795025
Daging Sapi Murni/Banten/2024-12-10,153191.34002393187
Daging Sapi Murni/Banten/2024-12-11,153226.0681530058
Daging Sapi Murni/Banten/2024-12-12,153285.7564722395
Daging Sapi Murni/Banten/2024-12-13,153219.16436874555
Daging Sapi Murni/Banten/2024-12-14,153255.86169729297
Daging Sapi Murni/Banten/2024-12-15,153266.06555197857
Daging Sapi Murni/Banten/2024-12-16,153210.68666024142
Daging Sapi Murni/Banten/2024-12-17,153240.12814127948
Daging Sapi Murni/Banten/2024-12-18,153132.66281835007
Daging Sapi Murni/Banten/2024-12-19,153206.61332514463
Daging Sapi Murni/Banten/2024-12-20,153231.0208737782
Daging Sapi Murni/Banten/2024-12-21,153196.14267949638
Daging Sapi Murni/Banten/2024-12-22,153292.16384772433
Daging Sapi Murni/Banten/2024-12-23,153189.40548613033
Daging Sapi Murni/Banten/2024-12-24,153224.84617017314
Daging Sapi Murni/Banten/2024-12-25,153244.41918594428
Daging Sapi Murni/Banten/2024-12-26,153288.17646917026
Daging Sapi Murni/Banten/2024-12-27,153193.21777105975
Daging Sapi Murni/Banten/2024-12-28,153278.72188414505
Daging Sapi Murni/Banten/2024-12-29,153241.60457227484
Daging Sapi Murni/Banten/2024-12-30,153209.0361772676
Daging Sapi Murni/Banten/2024-12-31,153257.14212808822
Daging Sapi Murni/Bengkulu/2024-10-01,153247.129107651
Daging Sapi Murni/Bengkulu/2024-10-02,153221.62335531018
Daging Sapi Murni/Bengkulu/2024-10-03,153242.9909380847
Daging Sapi Murni/Bengkulu/2024-10-04,153227.68333097338
Daging Sapi Murni/Bengkulu/2024-10-05,153245.01616949664
Daging Sapi Murni/Bengkulu/2024-10-06,153262.83031061955
Daging Sapi Murni/Bengkulu/2024-10-07,153293.5939532376
Daging Sapi Murni/Bengkulu/2024-10-08,153200.12514823218
Daging Sapi Murni/Bengkulu/2024-10-09,153312.96944529936
Daging Sapi Murni/Bengkulu/2024-10-10,153177.3142437752
Daging Sapi Murni/Bengkulu/2024-10-11,153237.52685117527
Daging Sapi Murni/Bengkulu/2024-10-12,153261.6344041117
Daging Sapi Murni/Bengkulu/2024-10-13,153250.00241476318
Daging Sapi Murni/Bengkulu/2024-10-14,153220.86222222328
Daging Sapi Murni/Bengkulu/2024-10-15,153232.88276724063
Daging Sapi Murni/Bengkulu/2024-10-16,153224.8699952129
Daging Sapi Murni/Bengkulu/2024-10-17,153221.54650911066
Daging Sapi Murni/Bengkulu/2024-10-18,153268.79433116555
Daging Sapi Murni/Bengkulu/2024-10-19,153251.96634396113
Daging Sapi Murni/Bengkulu/2024-10-20,153217.43131907342
Daging Sapi Murni/Bengkulu/2024-10-21,153270.84322440086
Daging Sapi Murni/Bengkulu/2024-10-22,153251.58975058154
Daging Sapi Murni/Bengkulu/2024-10-23,153269.18416484562
Daging Sapi Murni/Bengkulu/2024-10-24,153262.7161324418
Daging Sapi Murni/Bengkulu/2024-10-25,153214.15752369128
Daging Sapi Murni/Bengkulu/2024-10-26,153223.9831422479
Daging Sapi Murni/Bengkulu/2024-10-27,153266.92972129074
Daging Sapi Murni/Bengkulu/2024-10-28,153262.10914505232
Daging Sapi Murni/Bengkulu/2024-10-29,153240.45585626242
Daging Sapi Murni/Bengkulu/2024-10-30,153244.71655874126
Daging Sapi Murni/Bengkulu/2024-10-31,153284.36128034463
Daging Sapi Murni/Bengkulu/2024-11-01,153222.71587945917
Daging Sapi Murni/Bengkulu/2024-11-02,153260.39024225087
Daging Sapi Murni/Bengkulu/2024-11-03,153235.0896041531
Daging Sapi Murni/Bengkulu/2024-11-04,153234.7597058033
Daging Sapi Murni/Bengkulu/2024-11-05,153278.71209927945
Daging Sapi Murni/Bengkulu/2024-11-06,153268.6930257433
Daging Sapi Murni/Bengkulu/2024-11-07,153269.13476138198
Daging Sapi Murni/Bengkulu/2024-11-08,153285.63484618044
Daging Sapi Murni/Bengkulu/2024-11-09,153243.6027196346
Daging Sapi Murni/Bengkulu/2024-11-10,153266.5139190538
Daging Sapi Murni/Bengkulu/2024-11-11,153233.03140618635
Daging Sapi Murni/Bengkulu/2024-11-12,153253.9387000456
Daging Sapi Murni/Bengkulu/2024-11-13,153238.33939434454
Daging Sapi Murni/Bengkulu/2024-11-14,153244.97507664206
Daging Sapi Murni/Bengkulu/2024-11-15,153261.65760835994
Daging Sapi Murni/Bengkulu/2024-11-16,153213.9675527154
Daging Sapi Murni/Bengkulu/2024-11-17,153311.4537392778
Daging Sapi Murni/Bengkulu/2024-11-18,153207.9421958023
Daging Sapi Murni/Bengkulu/2024-11-19,153201.28069837415
Daging Sapi Murni/Bengkulu/2024-11-20,153280.35645585947
Daging Sapi Murni/Bengkulu/2024-11-21,153267.58885002194
Daging Sapi Murni/Bengkulu/2024-11-22,153262.84230651677
Daging Sapi Murni/Bengkulu/2024-11-23,153261.57156223865
Daging Sapi Murni/Bengkulu/2024-11-24,153241.4777475024
Daging Sapi Murni/Bengkulu/2024-11-25,153213.33133475954
Daging Sapi Murni/Bengkulu/2024-11-26,153244.9991460871
Daging Sapi Murni/Bengkulu/2024-11-27,153219.1503687458
Daging Sapi Murni/Bengkulu/2024-11-28,153273.61358222613
Daging Sapi Murni/Bengkulu/2024-11-29,153235.55605289002
Daging Sapi Murni/Bengkulu/2024-11-30,153212.89833631826
Daging Sapi Murni/Bengkulu/2024-12-01,153230.33930993138
Daging Sapi Murni/Bengkulu/2024-12-02,153254.58243155392
Daging Sapi Murni/Bengkulu/2024-12-03,153222.36011649334
Daging Sapi Murni/Bengkulu/2024-12-04,153212.72395701858
Daging Sapi Murni/Bengkulu/2024-12-05,153248.16988928994
Daging Sapi Murni/Bengkulu/2024-12-06,153248.67024672916
Daging Sapi Murni/Bengkulu/2024-12-07,153223.68148446584
Daging Sapi Murni/Bengkulu/2024-12-08,153224.3943170489
Daging Sapi Murni/Bengkulu/2024-12-09,153248.1514768867
Daging Sapi Murni/Bengkulu/2024-12-10,153192.56839488453
Daging Sapi Murni/Bengkulu/2024-12-11,153193.37346381816
Daging Sapi Murni/Bengkulu/2024-12-12,153215.54776582267
Daging Sapi Murni/Bengkulu/2024-12-13,153232.08308024277
Daging Sapi Murni/Bengkulu/2024-12-14,153249.32062585285
Daging Sapi Murni/Bengkulu/2024-12-15,153287.5987704408
Daging Sapi Murni/Bengkulu/2024-12-16,153268.2173151724
Daging Sapi Murni/Bengkulu/2024-12-17,153235.81737379872
Daging Sapi Murni/Bengkulu/2024-12-18,153241.5985015926
Daging Sapi Murni/Bengkulu/2024-12-19,153209.28369290283
Daging Sapi Murni/Bengkulu/2024-12-20,153241.96133170737
Daging Sapi Murni/Bengkulu/2024-12-21,153231.62049764508
Daging Sapi Murni/Bengkulu/2024-12-22,153251.14195344766
Daging Sapi Murni/Bengkulu/2024-12-23,153212.71239426034
Daging Sapi Murni/Bengkulu/2024-12-24,153257.49101812055
Daging Sapi Murni/Bengkulu/2024-12-25,153292.05459491734
Daging Sapi Murni/Bengkulu/2024-12-26,153237.43275767833
Daging Sapi Murni/Bengkulu/2024-12-27,153255.05487300007
Daging Sapi Murni/Bengkulu/2024-12-28,153264.8121077123
Daging Sapi Murni/Bengkulu/2024-12-29,153229.4808183079
Daging Sapi Murni/Bengkulu/2024-12-30,153250.2435370565
Daging Sapi Murni/Bengkulu/2024-12-31,153242.09296719226
Daging Sapi Murni/DI Yogyakarta/2024-10-01,153245.14902728447
Daging Sapi Murni/DI Yogyakarta/2024-10-02,153215.79672215835
Daging Sapi Murni/DI Yogyakarta/2024-10-03,153241.7723591544
Daging Sapi Murni/DI Yogyakarta/2024-10-04,153257.7550232025
Daging Sapi Murni/DI Yogyakarta/2024-10-05,153289.34860395594
Daging Sapi Murni/DI Yogyakarta/2024-10-06,153273.18290501027
Daging Sapi Murni/DI Yogyakarta/2024-10-07,153313.54267428772
Daging Sapi Murni/DI Yogyakarta/2024-10-08,153217.54586336084
Daging Sapi Murni/DI Yogyakarta/2024-10-09,153273.1018004348
Daging Sapi Murni/DI Yogyakarta/2024-10-10,153250.34260671254
Daging Sapi Murni/DI Yogyakarta/2024-10-11,153316.70520170208
Daging Sapi Murni/DI Yogyakarta/2024-10-12,153216.4620974178
Daging Sapi Murni/DI Yogyakarta/2024-10-13,153214.16257325155
Daging Sapi Murni/DI Yogyakarta/2024-10-14,153222.995867643
Daging Sapi Murni/DI Yogyakarta/2024-10-15,153171.16314053428
Daging Sapi Murni/DI Yogyakarta/2024-10-16,153223.7154827447
Daging Sapi Murni/DI Yogyakarta/2024-10-17,153213.21589409627
Daging Sapi Murni/DI Yogyakarta/2024-10-18,153243.3925491626
Daging Sapi Murni/DI Yogyakarta/2024-10-19,153249.8454612414
Daging Sapi Murni/DI Yogyakarta/2024-10-20,153301.25373023382
Daging Sapi Murni/DI Yogyakarta/2024-10-21,153272.3019156061
Daging Sapi Murni/DI Yogyakarta/2024-10-22,153222.28384201936
Daging Sapi Murni/DI Yogyakarta/2024-10-23,153212.72551058797
Daging Sapi Murni/DI Yogyakarta/2024-10-24,153259.28592211366
Daging Sapi Murni/DI Yogyakarta/2024-10-25,153198.55834603944
Daging Sapi Murni/DI Yogyakarta/2024-10-26,153302.11220615052
Daging Sapi Murni/DI Yogyakarta/2024-10-27,153279.56495303425
Daging Sapi Murni/DI Yogyakarta/2024-10-28,153225.3358014748
Daging Sapi Murni/DI Yogyakarta/2024-10-29,153184.86240039908
Daging Sapi Murni/DI Yogyakarta/2024-10-30,153286.87207870997
Daging Sapi Murni/DI Yogyakarta/2024-10-31,153238.8952234144
Daging Sapi Murni/DI Yogyakarta/2024-11-01,153282.5790529198
Daging Sapi Murni/DI Yogyakarta/2024-11-02,153187.22333195244
Daging Sapi Murni/DI Yogyakarta/2024-11-03,153220.90336147504
Daging Sapi Murni/DI Yogyakarta/2024-11-04,153242.32685193376
Daging Sapi Murni/DI Yogyakarta/2024-11-05,153242.31473470313
Daging Sapi Murni/DI Yogyakarta/2024-11-06,153225.51912010068
Daging Sapi Murni/DI Yogyakarta/2024-11-07,153260.09228981758
Daging Sapi Murni/DI Yogyakarta/2024-11-08,153204.89656940504
Daging Sapi Murni/DI Yogyakarta/2024-11-09,153236.1517124577
Daging Sapi Murni/DI Yogyakarta/2024-11-10,153244.67423438755
Daging Sapi Murni/DI Yogyakarta/2024-11-11,153257.63225470146
Daging Sapi Murni/DI Yogyakarta/2024-11-12,153264.58245180425
Daging Sapi Murni/DI Yogyakarta/2024-11-13,153202.93022500523
Daging Sapi Murni/DI Yogyakarta/2024-11-14,153190.18341585423
Daging Sapi Murni/DI Yogyakarta/2024-11-15,153283.92917901196
Daging Sapi Murni/DI Yogyakarta/2024-11-16,153252.0428997844
Daging Sapi Murni/DI Yogyakarta/2024-11-17,153215.4679299031
Daging Sapi Murni/DI Yogyakarta/2024-11-18,153291.64035954932
Daging Sapi Murni/DI Yogyakarta/2024-11-19,153244.8523414416
Daging Sapi Murni/DI Yogyakarta/2024-11-20,153281.98560976834
Daging Sapi Murni/DI Yogyakarta/2024-11-21,153244.2604157698
Daging Sapi Murni/DI Yogyakarta/2024-11-22,153311.07343672725
Daging Sapi Murni/DI Yogyakarta/2024-11-23,153302.26312414638
Daging Sapi Murni/DI Yogyakarta/2024-11-24,153235.06682279133
Daging Sapi Murni/DI Yogyakarta/2024-11-25,153276.65218929938
Daging Sapi Murni/DI Yogyakarta/2024-11-26,153265.56271320683
Daging Sapi Murni/DI Yogyakarta/2024-11-27,153290.38304084566
Daging Sapi Murni/DI Yogyakarta/2024-11-28,153211.45247665938
Daging Sapi Murni/DI Yogyakarta/2024-11-29,153265.5794814187
Daging Sapi Murni/DI Yogyakarta/2024-11-30,153278.56413098588
Daging Sapi Murni/DI Yogyakarta/2024-12-01,153184.00772526037
Daging Sapi Murni/DI Yogyakarta/2024-12-02,153202.70169908114
Daging Sapi Murni/DI Yogyakarta/2024-12-03,153172.54638293292
Daging Sapi Murni/DI Yogyakarta/2024-12-04,153231.6246264735
Daging Sapi Murni/DI Yogyakarta/2024-12-05,153263.09270709645
Daging Sapi Murni/DI Yogyakarta/2024-12-06,153287.77456155606
Daging Sapi Murni/DI Yogyakarta/2024-12-07,153241.45651750115
Daging Sapi Murni/DI Yogyakarta/2024-12-08,153294.62570983582
Daging Sapi Murni/DI Yogyakarta/2024-12-09,153196.41242379215
Daging Sapi Murni/DI Yogyakarta/2024-12-10,153186.19111888204
Daging Sapi Murni/DI Yogyakarta/2024-12-11,153240.51597471413
Daging Sapi Murni/DI Yogyakarta/2024-12-12,153253.63725211628
Daging Sapi Murni/DI Yogyakarta/2024-12-13,153239.36816279357
Daging Sapi Murni/DI Yogyakarta/2024-12-14,153169.82045294205
Daging Sapi Murni/DI Yogyakarta/2024-12-15,153236.5761174125
Daging Sapi Murni/DI Yogyakarta/2024-12-16,153196.8327674434
Daging Sapi Murni/DI Yogyakarta/2024-12-17,153262.12962125233
Daging Sapi Murni/DI Yogyakarta/2024-12-18,153251.18663327876
Daging Sapi Murni/DI Yogyakarta/2024-12-19,153207.3480909191
Daging Sapi Murni/DI Yogyakarta/2024-12-20,153223.15117531497
Daging Sapi Murni/DI Yogyakarta/2024-12-21,153204.7613880499
Daging Sapi Murni/DI Yogyakarta/2024-12-22,153238.7010979509
Daging Sapi Murni/DI Yogyakarta/2024-12-23,153271.7103449458
Daging Sapi Murni/DI Yogyakarta/2024-12-24,153206.40464154244
Daging Sapi Murni/DI Yogyakarta/2024-12-25,153256.83458756414
Daging Sapi Murni/DI Yogyakarta/2024-12-26,153222.66087390608
Daging Sapi Murni/DI Yogyakarta/2024-12-27,153214.6933065908
Daging Sapi Murni/DI Yogyakarta/2024-12-28,153237.40905691436
Daging Sapi Murni/DI Yogyakarta/2024-12-29,153205.3233686516
Daging Sapi Murni/DI Yogyakarta/2024-12-30,153221.84022765743
Daging Sapi Murni/DI Yogyakarta/2024-12-31,153199.404776086
Daging Sapi Murni/DKI Jakarta/2024-10-01,153304.89182706794
Daging Sapi Murni/DKI Jakarta/2024-10-02,153240.8689009675
Daging Sapi Murni/DKI Jakarta/2024-10-03,153216.43947924144
Daging Sapi Murni/DKI Jakarta/2024-10-04,153247.8809355472
Daging Sapi Murni/DKI Jakarta/2024-10-05,153237.49050052953
Daging Sapi Murni/DKI Jakarta/2024-10-06,153234.88537202886
Daging Sapi Murni/DKI Jakarta/2024-10-07,153261.1134530269
Daging Sapi Murni/DKI Jakarta/2024-10-08,153265.9355859993
Daging Sapi Murni/DKI Jakarta/2024-10-09,153223.73788052076
Daging Sapi Murni/DKI Jakarta/2024-10-10,153222.2170941583
Daging Sapi Murni/DKI Jakarta/2024-10-11,153232.3461766649
Daging Sapi Murni/DKI Jakarta/2024-10-12,153164.6255318256
Daging Sapi Murni/DKI Jakarta/2024-10-13,153189.8022489736
Daging Sapi Murni/DKI Jakarta/2024-10-14,153284.52012598576
Daging Sapi Murni/DKI Jakarta/2024-10-15,153293.60093518146
Daging Sapi Murni/DKI Jakarta/2024-10-16,153230.73608558284
Daging Sapi Murni/DKI Jakarta/2024-10-17,153258.7399136141
Daging Sapi Murni/DKI Jakarta/2024-10-18,153252.16266361176
Daging Sapi Murni/DKI Jakarta/2024-10-19,153346.31876486432
Daging Sapi Murni/DKI Jakarta/2024-10-20,153280.61930650784
Daging Sapi Murni/DKI Jakarta/2024-10-21,153238.70958170388
Daging Sapi Murni/DKI Jakarta/2024-10-22,153212.26222127455
Daging Sapi Murni/DKI Jakarta/2024-10-23,153190.58220934778
Daging Sapi Murni/DKI Jakarta/2024-10-24,153250.66743943383
Daging Sapi Murni/DKI Jakarta/2024-10-25,153215.63423342071
Daging Sapi Murni/DKI Jakarta/2024-10-26,153191.91374692143
Daging Sapi Murni/DKI Jakarta/2024-10-27,153217.2331948115
Daging Sapi Murni/DKI Jakarta/2024-10-28,153202.7180947914
Daging Sapi Murni/DKI Jakarta/2024-10-29,153295.72080424515
Daging Sapi Murni/DKI Jakarta/2024-10-30,153268.2180892457
Daging Sapi Murni/DKI Jakarta/2024-10-31,153239.22227597955
Daging Sapi Murni/DKI Jakarta/2024-11-01,153290.44755198684
Daging Sapi Murni/DKI Jakarta/2024-11-02,153244.73099197706
Daging Sapi Murni/DKI Jakarta/2024-11-03,153214.865606667
Daging Sapi Murni/DKI Jakarta/2024-11-04,153293.42935848265
Daging Sapi Murni/DKI Jakarta/2024-11-05,153260.20878200463
Daging Sapi Murni/DKI Jakarta/2024-11-06,153208.00877610486
Daging Sapi Murni/DKI Jakarta/2024-11-07,153235.26096610763
Daging Sapi Murni/DKI Jakarta/2024-11-08,153212.2846380034
Daging Sapi Murni/DKI Jakarta/2024-11-09,153195.76079841665
Daging Sapi Murni/DKI Jakarta/2024-11-10,153271.0547845608
Daging Sapi Murni/DKI Jakarta/2024-11-11,153303.03659615573
Daging Sapi Murni/DKI Jakarta/2024-11-12,153193.46483128876
Daging Sapi Murni/DKI Jakarta/2024-11-13,153259.25074931892
Daging Sapi Murni/DKI Jakarta/2024-11-14,153219.57426075937
Daging Sapi Murni/DKI Jakarta/2024-11-15,153226.1779617603
Daging Sapi Murni/DKI Jakarta/2024-11-16,153221.73570212923
Daging Sapi Murni/DKI Jakarta/2024-11-17,153210.78136605365
Daging Sapi Murni/DKI Jakarta/2024-11-18,153241.9989057285
Daging Sapi Murni/DKI Jakarta/2024-11-19,153211.74177621386
Daging Sapi Murni/DKI Jakarta/2024-11-20,153248.6273659242
Daging Sapi Murni/DKI Jakarta/2024-11-21,153237.96047283156
Daging Sapi Murni/DKI Jakarta/2024-11-22,153231.9324275398
Daging Sapi Murni/DKI Jakarta/2024-11-23,153210.1874560229
Daging Sapi Murni/DKI Jakarta/2024-11-24,153220.93526203604
Daging Sapi Murni/DKI Jakarta/2024-11-25,153265.79245289668
Daging Sapi Murni/DKI Jakarta/2024-11-26,153256.87722444755
Daging Sapi Murni/DKI Jakarta/2024-11-27,153207.54420003024
Daging Sapi Murni/DKI Jakarta/2024-11-28,153243.67778639306
Daging Sapi Murni/DKI Jakarta/2024-11-29,153266.1614562397
Daging Sapi Murni/DKI Jakarta/2024-11-30,153185.83289367997
Daging Sapi Murni/DKI Jakarta/2024-12-01,153258.9445548464
Daging Sapi Murni/DKI Jakarta/2024-12-02,153218.06980556122
Daging Sapi Murni/DKI Jakarta/2024-12-03,153259.8740942502
Daging Sapi Murni/DKI Jakarta/2024-12-04,153215.1171092811
Daging Sapi Murni/DKI Jakarta/2024-12-05,153179.50301330644
Daging Sapi Murni/DKI Jakarta/2024-12-06,153186.31218751997
Daging Sapi Murni/DKI Jakarta/2024-12-07,153241.00989010656
Daging Sapi Murni/DKI Jakarta/2024-12-08,153247.83362864627
Daging Sapi Murni/DKI Jakarta/2024-12-09,153207.88118676795
Daging Sapi Murni/DKI Jakarta/2024-12-10,153259.5913725312
Daging Sapi Murni/DKI Jakarta/2024-12-11,153184.049993417
Daging Sapi Murni/DKI Jakarta/2024-12-12,153238.34429590328
Daging Sapi Murni/DKI Jakarta/2024-12-13,153199.66642930906
Daging Sapi Murni/DKI Jakarta/2024-12-14,153217.60357151943
Daging Sapi Murni/DKI Jakarta/2024-12-15,153241.155524135
Daging Sapi Murni/DKI Jakarta/2024-12-16,153209.83037764477
Daging Sapi Murni/DKI Jakarta/2024-12-17,153226.64479578915
Daging Sapi Murni/DKI Jakarta/2024-12-18,153272.7140448576
Daging Sapi Murni/DKI Jakarta/2024-12-19,153220.6728812641
Daging Sapi Murni/DKI Jakarta/2024-12-20,153268.34319467953
Daging Sapi Murni/DKI Jakarta/2024-12-21,153202.74405105223
Daging Sapi Murni/DKI Jakarta/2024-12-22,153258.91497502846
Daging Sapi Murni/DKI Jakarta/2024-12-23,153289.71473814093
Daging Sapi Murni/DKI Jakarta/2024-12-24,153158.4128921995
Daging Sapi Murni/DKI Jakarta/2024-12-25,153214.75158039958
Daging Sapi Murni/DKI Jakarta/2024-12-26,153259.56392163658
Daging Sapi Murni/DKI Jakarta/2024-12-27,153234.098536598
Daging Sapi Murni/DKI Jakarta/2024-12-28,153252.54297998475
Daging Sapi Murni/DKI Jakarta/2024-12-29,153218.61600776718
Daging Sapi Murni/DKI Jakarta/2024-12-30,153243.65663695429
Daging Sapi Murni/DKI Jakarta/2024-12-31,153236.14191068965
Daging Sapi Murni/Gorontalo/2024-10-01,153279.80418328504
Daging Sapi Murni/Gorontalo/2024-10-02,153249.58464412007
Daging Sapi Murni/Gorontalo/2024-10-03,153252.33404677454
Daging Sapi Murni/Gorontalo/2024-10-04,153228.17471286823
Daging Sapi Murni/Gorontalo/2024-10-05,153225.78291678423
Daging Sapi Murni/Gorontalo/2024-10-06,153227.74657025572
Daging Sapi Murni/Gorontalo/2024-10-07,153254.2420512879
Daging Sapi Murni/Gorontalo/2024-10-08,153226.64644296718
Daging Sapi Murni/Gorontalo/2024-10-09,153249.96420562826
Daging Sapi Murni/Gorontalo/2024-10-10,153309.89415260995
Daging Sapi Murni/Gorontalo/2024-10-11,153270.41486734766
Daging Sapi Murni/Gorontalo/2024-10-12,153231.39373177104
Daging Sapi Murni/Gorontalo/2024-10-13,153282.6680228014
Daging Sapi Murni/Gorontalo/2024-10-14,153229.8774880676
Daging Sapi Murni/Gorontalo/2024-10-15,153175.61020466694
Daging Sapi Murni/Gorontalo/2024-10-16,153208.17465864922
Daging Sapi Murni/Gorontalo/2024-10-17,153178.07527824157
Daging Sapi Murni/Gorontalo/2024-10-18,153228.14788902437
Daging Sapi Murni/Gorontalo/2024-10-19,153238.49358392193
Daging Sapi Murni/Gorontalo/2024-10-20,153293.4282764658
Daging Sapi Murni/Gorontalo/2024-10-21,153249.82373867673
Daging Sapi Murni/Gorontalo/2024-10-22,153232.60240413295
Daging Sapi Murni/Gorontalo/2024-10-23,153269.47067044364
Daging Sapi Murni/Gorontalo/2024-10-24,153168.54114677946
Daging Sapi Murni/Gorontalo/2024-10-25,153250.2434479
Daging Sapi Murni/Gorontalo/2024-10-26,153266.55449451465
Daging Sapi Murni/Gorontalo/2024-10-27,153191.04525846202
Daging Sapi Murni/Gorontalo/2024-10-28,153278.59357554276
Daging Sapi Murni/Gorontalo/2024-10-29,153250.89736993416
Daging Sapi Murni/Gorontalo/2024-10-30,153227.62492577286
Daging Sapi Murni/Gorontalo/2024-10-31,153262.48632233363
Daging Sapi Murni/Gorontalo/2024-11-01,153316.73380851818
Daging Sapi Murni/Gorontalo/2024-11-02,153248.76181739065
Daging Sapi Murni/Gorontalo/2024-11-03,153250.71720315644
Daging Sapi Murni/Gorontalo/2024-11-04,153227.44576163703
Daging Sapi Murni/Gorontalo/2024-11-05,153215.10726351594
Daging Sapi Murni/Gorontalo/2024-11-06,153270.7310896695
Daging Sapi Murni/Gorontalo/2024-11-07,153212.4917127227
Daging Sapi Murni/Gorontalo/2024-11-08,153243.1558091955
Daging Sapi Murni/Gorontalo/2024-11-09,153224.42474311317
Daging Sapi Murni/Gorontalo/2024-11-10,153256.54552857144
Daging Sapi Murni/Gorontalo/2024-11-11,153252.25361175806
Daging Sapi Murni/Gorontalo/2024-11-12,153275.0702249016
Daging Sapi Murni/Gorontalo/2024-11-13,153224.3528223538
Daging Sapi Murni/Gorontalo/2024-11-14,153232.56189615087
Daging Sapi Murni/Gorontalo/2024-11-15,153209.39474940245
Daging Sapi Murni/Gorontalo/2024-11-16,153226.70117304998
Daging Sapi Murni/Gorontalo/2024-11-17,153253.5334424369
Daging Sapi Murni/Gorontalo/2024-11-18,153265.10306874162
Daging Sapi Murni/Gorontalo/2024-11-19,153209.39200324065
Daging Sapi Murni/Gorontalo/2024-11-20,153269.4151521781
Daging Sapi Murni/Gorontalo/2024-11-21,153286.5383828874
Daging Sapi Murni/Gorontalo/2024-11-22,153255.78891524443
Daging Sapi Murni/Gorontalo/2024-11-23,153304.86722268592
Daging Sapi Murni/Gorontalo/2024-11-24,153216.48528453478
Daging Sapi Murni/Gorontalo/2024-11-25,153202.14866661254
Daging Sapi Murni/Gorontalo/2024-11-26,153183.75168854275
Daging Sapi Murni/Gorontalo/2024-11-27,153291.62642941016
Daging Sapi Murni/Gorontalo/2024-11-28,153262.82730972732
Daging Sapi Murni/Gorontalo/2024-11-29,153237.46206594654
Daging Sapi Murni/Gorontalo/2024-11-30,153249.39858129623
Daging Sapi Murni/Gorontalo/2024-12-01,153203.62859937348
Daging Sapi Murni/Gorontalo/2024-12-02,153324.3817839205
Daging Sapi Murni/Gorontalo/2024-12-03,153246.02571551336
Daging Sapi Murni/Gorontalo/2024-12-04,153245.23612273988
Daging Sapi Murni/Gorontalo/2024-12-05,153266.33704108678
Daging Sapi Murni/Gorontalo/2024-12-06,153258.41591621283
Daging Sapi Murni/Gorontalo/2024-12-07,153251.21643752872
Daging Sapi Murni/Gorontalo/2024-12-08,153215.6414208031
Daging Sapi Murni/Gorontalo/2024-12-09,153257.83011027004
Daging Sapi Murni/Gorontalo/2024-12-10,153304.96413396977
Daging Sapi Murni/Gorontalo/2024-12-11,153286.81414219303
Daging Sapi Murni/Gorontalo/2024-12-12,153295.38138837297
Daging Sapi Murni/Gorontalo/2024-12-13,153225.82364696605
Daging Sapi Murni/Gorontalo/2024-12-14,153211.3028998148
Daging Sapi Murni/Gorontalo/2024-12-15,153240.1210233785
Daging Sapi Murni/Gorontalo/2024-12-16,153244.64268698936
Daging Sapi Murni/Gorontalo/2024-12-17,153278.11251804046
Daging Sapi Murni/Gorontalo/2024-12-18,153183.73867865582
Daging Sapi Murni/Gorontalo/2024-12-19,153291.6715402221
Daging Sapi Murni/Gorontalo/2024-12-20,153236.13020179662
Daging Sapi Murni/Gorontalo/2024-12-21,153227.3059526035
Daging Sapi Murni/Gorontalo/2024-12-22,153207.6929846897
Daging Sapi Murni/Gorontalo/2024-12-23,153185.0860112934
Daging Sapi Murni/Gorontalo/2024-12-24,153268.7511679761
Daging Sapi Murni/Gorontalo/2024-12-25,153241.9598999968
Daging Sapi Murni/Gorontalo/2024-12-26,153196.22480067288
Daging Sapi Murni/Gorontalo/2024-12-27,153196.01558348804
Daging Sapi Murni/Gorontalo/2024-12-28,153228.33378308092
Daging Sapi Murni/Gorontalo/2024-12-29,153296.11048329627
Daging Sapi Murni/Gorontalo/2024-12-30,153230.7578215321
Daging Sapi Murni/Gorontalo/2024-12-31,153189.15354613098
Daging Sapi Murni/Jambi/2024-10-01,153232.0945649856
Daging Sapi Murni/Jambi/2024-10-02,153232.0249647416
Daging Sapi Murni/Jambi/2024-10-03,153150.97678298753
Daging Sapi Murni/Jambi/2024-10-04,153237.0783310319
Daging Sapi Murni/Jambi/2024-10-05,153230.58864541675
Daging Sapi Murni/Jambi/2024-10-06,153262.1690855451
Daging Sapi Murni/Jambi/2024-10-07,153300.54878856707
Daging Sapi Murni/Jambi/2024-10-08,153276.85281851527
Daging Sapi Murni/Jambi/2024-10-09,153233.11606500862
Daging Sapi Murni/Jambi/2024-10-10,153205.83906374677
Daging Sapi Murni/Jambi/2024-10-11,153329.30453672397
Daging Sapi Murni/Jambi/2024-10-12,153245.24476965787
Daging Sapi Murni/Jambi/2024-10-13,153242.74075924727
Daging Sapi Murni/Jambi/2024-10-14,153240.99667484043
Daging Sapi Murni/Jambi/2024-10-15,153248.93832311747
Daging Sapi Murni/Jambi/2024-10-16,153238.59927296697
Daging Sapi Murni/Jambi/2024-10-17,153222.15601300594
Daging Sapi Murni/Jambi/2024-10-18,153222.87592924433
Daging Sapi Murni/Jambi/2024-10-19,153239.79921744225
Daging Sapi Murni/Jambi/2024-10-20,153222.49713939967
Daging Sapi Murni/Jambi/2024-10-21,153216.33980650565
Daging Sapi Murni/Jambi/2024-10-22,153243.39111409007
Daging Sapi Murni/Jambi/2024-10-23,153231.46875968968
Daging Sapi Murni/Jambi/2024-10-24,153290.43081964192
Daging Sapi Murni/Jambi/2024-10-25,153151.70537135348
Daging Sapi Murni/Jambi/2024-10-26,153276.96147234278
Daging Sapi Murni/Jambi/2024-10-27,153282.57784984802
Daging Sapi Murni/Jambi/2024-10-28,153171.7264649524
Daging Sapi Murni/Jambi/2024-10-29,153229.64094819827
Daging Sapi Murni/Jambi/2024-10-30,153227.1406274208
Daging Sapi Murni/Jambi/2024-10-31,153194.3798503597
Daging Sapi Murni/Jambi/2024-11-01,153213.91859409504
Daging Sapi Murni/Jambi/2024-11-02,153201.03376914508
Daging Sapi Murni/Jambi/2024-11-03,153297.63480466913
Daging Sapi Murni/Jambi/2024-11-04,153270.29098774708
Daging Sapi Murni/Jambi/2024-11-05,153281.96996735837
Daging Sapi Murni/Jambi/2024-11-06,153265.29072696806
Daging Sapi Murni/Jambi/2024-11-07,153204.84786719517
Daging Sapi Murni/Jambi/2024-11-08,153226.45901931237
Daging Sapi Murni/Jambi/2024-11-09,153258.99868058186
Daging Sapi Murni/Jambi/2024-11-10,153201.05842028718
Daging Sapi Murni/Jambi/2024-11-11,153264.43700746808
Daging Sapi Murni/Jambi/2024-11-12,153231.81674174906
Daging Sapi Murni/Jambi/2024-11-13,153228.12554222642
Daging Sapi Murni/Jambi/2024-11-14,153264.64236073825
Daging Sapi Murni/Jambi/2024-11-15,153255.29417068523
Daging Sapi Murni/Jambi/2024-11-16,153229.54041403902
Daging Sapi Murni/Jambi/2024-11-17,153279.8737262466
Daging Sapi Murni/Jambi/2024-11-18,153205.5263116228
Daging Sapi Murni/Jambi/2024-11-19,153262.6537399041
Daging Sapi Murni/Jambi/2024-11-20,153261.40319671348
Daging Sapi Murni/Jambi/2024-11-21,153231.07787076867
Daging Sapi Murni/Jambi/2024-11-22,153252.74710087094
Daging Sapi Murni/Jambi/2024-11-23,153199.2255505712
Daging Sapi Murni/Jambi/2024-11-24,153272.69191991433
Daging Sapi Murni/Jambi/2024-11-25,153235.06697098154
Daging Sapi Murni/Jambi/2024-11-26,153223.24340202165
Daging Sapi Murni/Jambi/2024-11-27,153275.9098900115
Daging Sapi Murni/Jambi/2024-11-28,153217.11480731674
Daging Sapi Murni/Jambi/2024-11-29,153194.64791223116
Daging Sapi Murni/Jambi/2024-11-30,153188.6195341167
Daging Sapi Murni/Jambi/2024-12-01,153260.38234018502
Daging Sapi Murni/Jambi/2024-12-02,153197.22451396723
Daging Sapi Murni/Jambi/2024-12-03,153297.1321083046
Daging Sapi Murni/Jambi/2024-12-04,153169.3333182446
Daging Sapi Murni/Jambi/2024-12-05,153296.43012501486
Daging Sapi Murni/Jambi/2024-12-06,153248.08897406142
Daging Sapi Murni/Jambi/2024-12-07,153237.4669262921
Daging Sapi Murni/Jambi/2024-12-08,153223.73995806332
Daging Sapi Murni/Jambi/2024-12-09,153253.9153329856
Daging Sapi Murni/Jambi/2024-12-10,153241.14481240013
Daging Sapi Murni/Jambi/2024-12-11,153277.90394357665
Daging Sapi Murni/Jambi/2024-12-12,153244.88695521772
Daging Sapi Murni/Jambi/2024-12-13,153246.47309460412
Daging Sapi Murni/Jambi/2024-12-14,153230.0239417742
Daging Sapi Murni/Jambi/2024-12-15,153240.1045594077
Daging Sapi Murni/Jambi/2024-12-16,153252.33082365445
Daging Sapi Murni/Jambi/2024-12-17,153184.01759126576
Daging Sapi Murni/Jambi/2024-12-18,153195.737355491
Daging Sapi Murni/Jambi/2024-12-19,153264.88617945
Daging Sapi Murni/Jambi/2024-12-20,153245.55543340358
Daging Sapi Murni/Jambi/2024-12-21,153233.43209324672
Daging Sapi Murni/Jambi/2024-12-22,153239.75029246553
Daging Sapi Murni/Jambi/2024-12-23,153252.12295574948
Daging Sapi Murni/Jambi/2024-12-24,153223.65422961212
Daging Sapi Murni/Jambi/2024-12-25,153215.0488111897
Daging Sapi Murni/Jambi/2024-12-26,153247.270437668
Daging Sapi Murni/Jambi/2024-12-27,153208.01360639036
Daging Sapi Murni/Jambi/2024-12-28,153254.03583326898
Daging Sapi Murni/Jambi/2024-12-29,153182.96936331605
Daging Sapi Murni/Jambi/2024-12-30,153274.2206465163
Daging Sapi Murni/Jambi/2024-12-31,153256.00212726294
Daging Sapi Murni/Jawa Barat/2024-10-01,153248.56677307334
Daging Sapi Murni/Jawa Barat/2024-10-02,153273.79196086427
Daging Sapi Murni/Jawa Barat/2024-10-03,153296.6326367117
Daging Sapi Murni/Jawa Barat/2024-10-04,153277.0015166723
Daging Sapi Murni/Jawa Barat/2024-10-05,153181.6156540848
Daging Sapi Murni/Jawa Barat/2024-10-06,153200.39624733062
Daging Sapi Murni/Jawa Barat/2024-10-07,153221.9587099101
Daging Sapi Murni/Jawa Barat/2024-10-08,153242.42855020188
Daging Sapi Murni/Jawa Barat/2024-10-09,153256.96008276235
Daging Sapi Murni/Jawa Barat/2024-10-10,153214.22677637124
Daging Sapi Murni/Jawa Barat/2024-10-11,153245.98936856736
Daging Sapi Murni/Jawa Barat/2024-10-12,153215.40816559934
Daging Sapi Murni/Jawa Barat/2024-10-13,153220.48101002796
Daging Sapi Murni/Jawa Barat/2024-10-14,153193.5363750281
Daging Sapi Murni/Jawa Barat/2024-10-15,153208.7048922758
Daging Sapi Murni/Jawa Barat/2024-10-16,153194.3187798542
Daging Sapi Murni/Jawa Barat/2024-10-17,153205.8497577762
Daging Sapi Murni/Jawa Barat/2024-10-18,153273.34994261918
Daging Sapi Murni/Jawa Barat/2024-10-19,153206.3545074092
Daging Sapi Murni/Jawa Barat/2024-10-20,153326.77763379575
Daging Sapi Murni/Jawa Barat/2024-10-21,153256.29174416378
Daging Sapi Murni/Jawa Barat/2024-10-22,153247.65929059326
Daging Sapi Murni/Jawa Barat/2024-10-23,153214.23199350623
Daging Sapi Murni/Jawa Barat/2024-10-24,153265.79107591038
Daging Sapi Murni/Jawa Barat/2024-10-25,153224.22428796926
Daging Sapi Murni/Jawa Barat/2024-10-26,153245.42043023644
Daging Sapi Murni/Jawa Barat/2024-10-27,153326.479642133
Daging Sapi Murni/Jawa Barat/2024-10-28,153238.0153285984
Daging Sapi Murni/Jawa Barat/2024-10-29,153280.86234528612
Daging Sapi Murni/Jawa Barat/2024-10-30,153219.04698325478
Daging Sapi Murni/Jawa Barat/2024-10-31,153242.27028889945
Daging Sapi Murni/Jawa Barat/2024-11-01,153302.7554809905
Daging Sapi Murni/Jawa Barat/2024-11-02,153220.92659617608
Daging Sapi Murni/Jawa Barat/2024-11-03,153302.82602480258
Daging Sapi Murni/Jawa Barat/2024-11-04,153265.4726007908
Daging Sapi Murni/Jawa Barat/2024-11-05,153224.25631232353
Daging Sapi Murni/Jawa Barat/2024-11-06,153264.6344554245
Daging Sapi Murni/Jawa Barat/2024-11-07,153274.86721740858
Daging Sapi Murni/Jawa Barat/2024-11-08,153264.11028765573
Daging Sapi Murni/Jawa Barat/2024-11-09,153189.83532998024
Daging Sapi Murni/Jawa Barat/2024-11-10,153217.54467371776
Daging Sapi Murni/Jawa Barat/2024-11-11,153233.8181999027
Daging Sapi Murni/Jawa Barat/2024-11-12,153238.6807936742
Daging Sapi Murni/Jawa Barat/2024-11-13,153260.71637007632
Daging Sapi Murni/Jawa Barat/2024-11-14,153245.20072288162
Daging Sapi Murni/Jawa Barat/2024-11-15,153195.9658933725
Daging Sapi Murni/Jawa Barat/2024-11-16,153253.73685671663
Daging Sapi Murni/Jawa Barat/2024-11-17,153261.47314638883
Daging Sapi Murni/Jawa Barat/2024-11-18,153259.82451013115
Daging Sapi Murni/Jawa Barat/2024-11-19,153276.89972117788
Daging Sapi Murni/Jawa Barat/2024-11-20,153268.96174633998
Daging Sapi Murni/Jawa Barat/2024-11-21,153258.16257170957
Daging Sapi Murni/Jawa Barat/2024-11-22,153240.77933584142
Daging Sapi Murni/Jawa Barat/2024-11-23,153187.58499410166
Daging Sapi Murni/Jawa Barat/2024-11-24,153256.9706892927
Daging Sapi Murni/Jawa Barat/2024-11-25,153248.52470048278
Daging Sapi Murni/Jawa Barat/2024-11-26,153249.84457026812
Daging Sapi Murni/Jawa Barat/2024-11-27,153197.66366774574
Daging Sapi Murni/Jawa Barat/2024-11-28,153204.02793423194
Daging Sapi Murni/Jawa Barat/2024-11-29,153276.26290178698
Daging Sapi Murni/Jawa Barat/2024-11-30,153239.09467544535
Daging Sapi Murni/Jawa Barat/2024-12-01,153262.85997272207
Daging Sapi Murni/Jawa Barat/2024-12-02,153240.898372312
Daging Sapi Murni/Jawa Barat/2024-12-03,153242.21653621976
Daging Sapi Murni/Jawa Barat/2024-12-04,153273.67823808084
Daging Sapi Murni/Jawa Barat/2024-12-05,153224.49397528314
Daging Sapi Murni/Jawa Barat/2024-12-06,153245.17918989912
Daging Sapi Murni/Jawa Barat/2024-12-07,153226.09351912406
Daging Sapi Murni/Jawa Barat/2024-12-08,153227.00605209672
Daging Sapi Murni/Jawa Barat/2024-12-09,153231.00623255657
Daging Sapi Murni/Jawa Barat/2024-12-10,153247.7033912735
Daging Sapi Murni/Jawa Barat/2024-12-11,153224.52060570114
Daging Sapi Murni/Jawa Barat/2024-12-12,153282.1868252733
Daging Sapi Murni/Jawa Barat/2024-12-13,153210.78404090792
Daging Sapi Murni/Jawa Barat/2024-12-14,153234.79989660397
Daging Sapi Murni/Jawa Barat/2024-12-15,153226.54292059646
Daging Sapi Murni/Jawa Barat/2024-12-16,153289.25680112935
Daging Sapi Murni/Jawa Barat/2024-12-17,153247.9701021606
Daging Sapi Murni/Jawa Barat/2024-12-18,153275.07411527704
Daging Sapi Murni/Jawa Barat/2024-12-19,153192.14529117648
Daging Sapi Murni/Jawa Barat/2024-12-20,153251.03021834514
Daging Sapi Murni/Jawa Barat/2024-12-21,153272.2340601927
Daging Sapi Murni/Jawa Barat/2024-12-22,153244.18354678908
Daging Sapi Murni/Jawa Barat/2024-12-23,153277.03056486617
Daging Sapi Murni/Jawa Barat/2024-12-24,153223.65810735337
Daging Sapi Murni/Jawa Barat/2024-12-25,153289.54961229803
Daging Sapi Murni/Jawa Barat/2024-12-26,153319.47171099004
Daging Sapi Murni/Jawa Barat/2024-12-27,153230.58509836413
Daging Sapi Murni/Jawa Barat/2024-12-28,153228.5125108165
Daging Sapi Murni/Jawa Barat/2024-12-29,153291.57163211957
Daging Sapi Murni/Jawa Barat/2024-12-30,153296.75871678352
Daging Sapi Murni/Jawa Barat/2024-12-31,153226.01996736525
Daging Sapi Murni/Jawa Tengah/2024-10-01,153228.06331828263
Daging Sapi Murni/Jawa Tengah/2024-10-02,153233.2759743769
Daging Sapi Murni/Jawa Tengah/2024-10-03,153198.17438240894
Daging Sapi Murni/Jawa Tengah/2024-10-04,153210.8502788514
Daging Sapi Murni/Jawa Tengah/2024-10-05,153206.03476593093
Daging Sapi Murni/Jawa Tengah/2024-10-06,153213.58261320565
Daging Sapi Murni/Jawa Tengah/2024-10-07,153237.6328074499
Daging Sapi Murni/Jawa Tengah/2024-10-08,153246.18258907413
Daging Sapi Murni/Jawa Tengah/2024-10-09,153290.8620420382
Daging Sapi Murni/Jawa Tengah/2024-10-10,153206.54416256826
Daging Sapi Murni/Jawa Tengah/2024-10-11,153273.7678484162
Daging Sapi Murni/Jawa Tengah/2024-10-12,153234.652157063
Daging Sapi Murni/Jawa Tengah/2024-10-13,153240.4295355442
Daging Sapi Murni/Jawa Tengah/2024-10-14,153264.61330746763
Daging Sapi Murni/Jawa Tengah/2024-10-15,153203.48130310109
Daging Sapi Murni/Jawa Tengah/2024-10-16,153254.60834231635
Daging Sapi Murni/Jawa Tengah/2024-10-17,153246.5338536022
Daging Sapi Murni/Jawa Tengah/2024-10-18,153257.57968493245
Daging Sapi Murni/Jawa Tengah/2024-10-19,153250.9078397712
Daging Sapi Murni/Jawa Tengah/2024-10-20,153322.89697465193
Daging Sapi Murni/Jawa Tengah/2024-10-21,153221.13100771193
Daging Sapi Murni/Jawa Tengah/2024-10-22,153224.952501159
Daging Sapi Murni/Jawa Tengah/2024-10-23,153222.06888015027
Daging Sapi Murni/Jawa Tengah/2024-10-24,153223.94197761847
Daging Sapi Murni/Jawa Tengah/2024-10-25,153220.72514722391
Daging Sapi Murni/Jawa Tengah/2024-10-26,153279.3040107045
Daging Sapi Murni/Jawa Tengah/2024-10-27,153287.3927998716
Daging Sapi Murni/Jawa Tengah/2024-10-28,153221.5430615427
Daging Sapi Murni/Jawa Tengah/2024-10-29,153213.5853166367
Daging Sapi Murni/Jawa Tengah/2024-10-30,153257.67144946213
Daging Sapi Murni/Jawa Tengah/2024-10-31,153224.01358641678
Daging Sapi Murni/Jawa Tengah/2024-11-01,153262.5528668107
Daging Sapi Murni/Jawa Tengah/2024-11-02,153247.00067239068
Daging Sapi Murni/Jawa Tengah/2024-11-03,153190.13981130454
Daging Sapi Murni/Jawa Tengah/2024-11-04,153293.0218876191
Daging Sapi Murni/Jawa Tengah/2024-11-05,153300.9449470786
Daging Sapi Murni/Jawa Tengah/2024-11-06,153221.33123928797
Daging Sapi Murni/Jawa Tengah/2024-11-07,153228.74156603095
Daging Sapi Murni/Jawa Tengah/2024-11-08,153251.3627801336
Daging Sapi Murni/Jawa Tengah/2024-11-09,153254.4303083093
Daging Sapi Murni/Jawa Tengah/2024-11-10,153264.1061256257
Daging Sapi Murni/Jawa Tengah/2024-11-11,153308.00274877876
Daging Sapi Murni/Jawa Tengah/2024-11-12,153236.02882478328
Daging Sapi Murni/Jawa Tengah/2024-11-13,153216.20772309607
Daging Sapi Murni/Jawa Tengah/2024-11-14,153196.88182493814
Daging Sapi Murni/Jawa Tengah/2024-11-15,153218.0905602158
Daging Sapi Murni/Jawa Tengah/2024-11-16,153240.37935003507
Daging Sapi Murni/Jawa Tengah/2024-11-17,153299.27896366126
Daging Sapi Murni/Jawa Tengah/2024-11-18,153222.0952010834
Daging Sapi Murni/Jawa Tengah/2024-11-19,153247.5894197205
Daging Sapi Murni/Jawa Tengah/2024-11-20,153240.84804635827
Daging Sapi Murni/Jawa Tengah/2024-11-21,153281.83560530582
Daging Sapi Murni/Jawa Tengah/2024-11-22,153326.8867744866
Daging Sapi Murni/Jawa Tengah/2024-11-23,153224.031829093
Daging Sapi Murni/Jawa Tengah/2024-11-24,153226.625571103
Daging Sapi Murni/Jawa Tengah/2024-11-25,153278.18688955062
Daging Sapi Murni/Jawa Tengah/2024-11-26,153266.5210205204
Daging Sapi Murni/Jawa Tengah/2024-11-27,153304.86644256965
Daging Sapi Murni/Jawa Tengah/2024-11-28,153261.23373617267
Daging Sapi Murni/Jawa Tengah/2024-11-29,153230.9525196431
Daging Sapi Murni/Jawa Tengah/2024-11-30,153263.68203689437
Daging Sapi Murni/Jawa Tengah/2024-12-01,153280.5737164077
Daging Sapi Murni/Jawa Tengah/2024-12-02,153270.84697525844
Daging Sapi Murni/Jawa Tengah/2024-12-03,153259.39614093845
Daging Sapi Murni/Jawa Tengah/2024-12-04,153278.20855397853
Daging Sapi Murni/Jawa Tengah/2024-12-05,153282.597692745
Daging Sapi Murni/Jawa Tengah/2024-12-06,153289.95308894315
Daging Sapi Murni/Jawa Tengah/2024-12-07,153265.39141650536
Daging Sapi Murni/Jawa Tengah/2024-12-08,153238.3052623059
Daging Sapi Murni/Jawa Tengah/2024-12-09,153249.02614292369
Daging Sapi Murni/Jawa Tengah/2024-12-10,153283.98563660125
Daging Sapi Murni/Jawa Tengah/2024-12-11,153215.8316573216
Daging Sapi Murni/Jawa Tengah/2024-12-12,153254.4957821427
Daging Sapi Murni/Jawa Tengah/2024-12-13,153228.6204204557
Daging Sapi Murni/Jawa Tengah/2024-12-14,153242.85474379538
Daging Sapi Murni/Jawa Tengah/2024-12-15,153284.408787428
Daging Sapi Murni/Jawa Tengah/2024-12-16,153247.20912876955
Daging Sapi Murni/Jawa Tengah/2024-12-17,153243.3120925459
Daging Sapi Murni/Jawa Tengah/2024-12-18,153196.2840921644
Daging Sapi Murni/Jawa Tengah/2024-12-19,153266.9462022435
Daging Sapi Murni/Jawa Tengah/2024-12-20,153263.49719228232
Daging Sapi Murni/Jawa Tengah/2024-12-21,153313.21609094215
Daging Sapi Murni/Jawa Tengah/2024-12-22,153231.0283063665
Daging Sapi Murni/Jawa Tengah/2024-12-23,153249.16865339692
Daging Sapi Murni/Jawa Tengah/2024-12-24,153251.81643226338
Daging Sapi Murni/Jawa Tengah/2024-12-25,153295.9572855538
Daging Sapi Murni/Jawa Tengah/2024-12-26,153240.04521050624
Daging Sapi Murni/Jawa Tengah/2024-12-27,153251.24053626577
Daging Sapi Murni/Jawa Tengah/2024-12-28,153262.90964605816
Daging Sapi Murni/Jawa Tengah/2024-12-29,153249.0629068279
Daging Sapi Murni/Jawa Tengah/2024-12-30,153228.00642539468
Daging Sapi Murni/Jawa Tengah/2024-12-31,153248.22084131106
Daging Sapi Murni/Jawa Timur/2024-10-01,153277.743351131
Daging Sapi Murni/Jawa Timur/2024-10-02,153207.56863488778
Daging Sapi Murni/Jawa Timur/2024-10-03,153245.85017769056
Daging Sapi Murni/Jawa Timur/2024-10-04,153217.83221844025
Daging Sapi Murni/Jawa Timur/2024-10-05,153281.34807581216
Daging Sapi Murni/Jawa Timur/2024-10-06,153190.3716536295
Daging Sapi Murni/Jawa Timur/2024-10-07,153221.50236703525
Daging Sapi Murni/Jawa Timur/2024-10-08,153253.3009905174
Daging Sapi Murni/Jawa Timur/2024-10-09,153292.64285991417
Daging Sapi Murni/Jawa Timur/2024-10-10,153238.8337339074
Daging Sapi Murni/Jawa Timur/2024-10-11,153221.72508905246
Daging Sapi Murni/Jawa Timur/2024-10-12,153304.5738196518
Daging Sapi Murni/Jawa Timur/2024-10-13,153194.24489742427
Daging Sapi Murni/Jawa Timur/2024-10-14,153169.01008819856
Daging Sapi Murni/Jawa Timur/2024-10-15,153255.4966079136
Daging Sapi Murni/Jawa Timur/2024-10-16,153223.59583072632
Daging Sapi Murni/Jawa Timur/2024-10-17,153206.23054098754
Daging Sapi Murni/Jawa Timur/2024-10-18,153261.84892689984
Daging Sapi Murni/Jawa Timur/2024-10-19,153247.1642937992
Daging Sapi Murni/Jawa Timur/2024-10-20,153221.8652991219
Daging Sapi Murni/Jawa Timur/2024-10-21,153197.45897059384
Daging Sapi Murni/Jawa Timur/2024-10-22,153269.49822430068
Daging Sapi Murni/Jawa Timur/2024-10-23,153262.73635144293
Daging Sapi Murni/Jawa Timur/2024-10-24,153237.17901237073
Daging Sapi Murni/Jawa Timur/2024-10-25,153302.13281177374
Daging Sapi Murni/Jawa Timur/2024-10-26,153205.609245696
Daging Sapi Murni/Jawa Timur/2024-10-27,153191.79686395888
Daging Sapi Murni/Jawa Timur/2024-10-28,153218.8284226798
Daging Sapi Murni/Jawa Timur/2024-10-29,153239.46160244834
Daging Sapi Murni/Jawa Timur/2024-10-30,153248.73518165757
Daging Sapi Murni/Jawa Timur/2024-10-31,153230.67208610298
Daging Sapi Murni/Jawa Timur/2024-11-01,153251.1654716601
Daging Sapi Murni/Jawa Timur/2024-11-02,153198.76800247785
Daging Sapi Murni/Jawa Timur/2024-11-03,153289.17829898786
Daging Sapi Murni/Jawa Timur/2024-11-04,153238.23922590775
Daging Sapi Murni/Jawa Timur/2024-11-05,153278.2172380646
Daging Sapi Murni/Jawa Timur/2024-11-06,153252.91157450766
Daging Sapi Murni/Jawa Timur/2024-11-07,153256.8900185317
Daging Sapi Murni/Jawa Timur/2024-11-08,153262.1731054182
Daging Sapi Murni/Jawa Timur/2024-11-09,153257.36208237626
Daging Sapi Murni/Jawa Timur/2024-11-10,153264.3989449402
Daging Sapi Murni/Jawa Timur/2024-11-11,153286.88558764587
Daging Sapi Murni/Jawa Timur/2024-11-12,153249.3774987749
Daging Sapi Murni/Jawa Timur/2024-11-13,153266.7230206858
Daging Sapi Murni/Jawa Timur/2024-11-14,153240.11490204046
Daging Sapi Murni/Jawa Timur/2024-11-15,153291.29071887507
Daging Sapi Murni/Jawa Timur/2024-11-16,153220.54650968112
Daging Sapi Murni/Jawa Timur/2024-11-17,153302.55699560282
Daging Sapi Murni/Jawa Timur/2024-11-18,153241.37888357672
Daging Sapi Murni/Jawa Timur/2024-11-19,153194.7861553812
Daging Sapi Murni/Jawa Timur/2024-11-20,153247.02494516483
Daging Sapi Murni/Jawa Timur/2024-11-21,153218.68437901195
Daging Sapi Murni/Jawa Timur/2024-11-22,153269.8004807588
Daging Sapi Murni/Jawa Timur/2024-11-23,153218.2516110999
Daging Sapi Murni/Jawa Timur/2024-11-24,153225.01054683456
Daging Sapi Murni/Jawa Timur/2024-11-25,153177.75752426544
Daging Sapi Murni/Jawa Timur/2024-11-26,153225.10809438612
Daging Sapi Murni/Jawa Timur/2024-11-27,153159.11638221095
Daging Sapi Murni/Jawa Timur/2024-11-28,153185.418430797
Daging Sapi Murni/Jawa Timur/2024-11-29,153263.05078286974
Daging Sapi Murni/Jawa Timur/2024-11-30,153263.35089695393
Daging Sapi Murni/Jawa Timur/2024-12-01,153252.45056539695
Daging Sapi Murni/Jawa Timur/2024-12-02,153206.27126857213
Daging Sapi Murni/Jawa Timur/2024-12-03,153238.99716354863
Daging Sapi Murni/Jawa Timur/2024-12-04,153241.7834198889
Daging Sapi Murni/Jawa Timur/2024-12-05,153202.53207518847
Daging Sapi Murni/Jawa Timur/2024-12-06,153290.59103545634
Daging Sapi Murni/Jawa Timur/2024-12-07,153269.33123092126
Daging Sapi Murni/Jawa Timur/2024-12-08,153233.7518093381
Daging Sapi Murni/Jawa Timur/2024-12-09,153242.37692875534
Daging Sapi Murni/Jawa Timur/2024-12-10,153248.6721570787
Daging Sapi Murni/Jawa Timur/2024-12-11,153174.6426728131
Daging Sapi Murni/Jawa Timur/2024-12-12,153233.1157487974
Daging Sapi Murni/Jawa Timur/2024-12-13,153217.42748807708
Daging Sapi Murni/Jawa Timur/2024-12-14,153206.3762302243
Daging Sapi Murni/Jawa Timur/2024-12-15,153229.76040410312
Daging Sapi Murni/Jawa Timur/2024-12-16,153298.42871173285
Daging Sapi Murni/Jawa Timur/2024-12-17,153261.3311488674
Daging Sapi Murni/Jawa Timur/2024-12-18,153221.27859636763
Daging Sapi Murni/Jawa Timur/2024-12-19,153260.33182204765
Daging Sapi Murni/Jawa Timur/2024-12-20,153289.10923456
Daging Sapi Murni/Jawa Timur/2024-12-21,153274.00149468423
Daging Sapi Murni/Jawa Timur/2024-12-22,153244.28539099536
Daging Sapi Murni/Jawa Timur/2024-12-23,153220.74574476763
Daging Sapi Murni/Jawa Timur/2024-12-24,153266.51372445168
Daging Sapi Murni/Jawa Timur/2024-12-25,153256.11157046678
Daging Sapi Murni/Jawa Timur/2024-12-26,153271.92257376536
Daging Sapi Murni/Jawa Timur/2024-12-27,153262.78009688808
Daging Sapi Murni/Jawa Timur/2024-12-28,153277.03361495552
Daging Sapi Murni/Jawa Timur/2024-12-29,153225.21547881054
Daging Sapi Murni/Jawa Timur/2024-12-30,153286.94387667044
Daging Sapi Murni/Jawa Timur/2024-12-31,153249.66701237808
Daging Sapi Murni/Kalimantan Barat/2024-10-01,153312.11704509793
Daging Sapi Murni/Kalimantan Barat/2024-10-02,153219.94456891675
Daging Sapi Murni/Kalimantan Barat/2024-10-03,153300.68037222626
Daging Sapi Murni/Kalimantan Barat/2024-10-04,153250.40403469457
Daging Sapi Murni/Kalimantan Barat/2024-10-05,153221.5444001167
Daging Sapi Murni/Kalimantan Barat/2024-10-06,153227.2957665258
Daging Sapi Murni/Kalimantan Barat/2024-10-07,153231.0705589173
Daging Sapi Murni/Kalimantan Barat/2024-10-08,153256.35552955334
Daging Sapi Murni/Kalimantan Barat/2024-10-09,153258.07056927678
Daging Sapi Murni/Kalimantan Barat/2024-10-10,153221.2459990425
Daging Sapi Murni/Kalimantan Barat/2024-10-11,153240.10994199783
Daging Sapi Murni/Kalimantan Barat/2024-10-12,153312.8491801435
Daging Sapi Murni/Kalimantan Barat/2024-10-13,153299.61307637472
Daging Sapi Murni/Kalimantan Barat/2024-10-14,153256.86032661304
Daging Sapi Murni/Kalimantan Barat/2024-10-15,153244.00504464764
Daging Sapi Murni/Kalimantan Barat/2024-10-16,153247.9859328251
Daging Sapi Murni/Kalimantan Barat/2024-10-17,153265.02897038436
Daging Sapi Murni/Kalimantan Barat/2024-10-18,153208.98254339816
Daging Sapi Murni/Kalimantan Barat/2024-10-19,153233.20081782434
Daging Sapi Murni/Kalimantan Barat/2024-10-20,153185.56802605267
Daging Sapi Murni/Kalimantan Barat/2024-10-21,153254.14926229583
Daging Sapi Murni/Kalimantan Barat/2024-10-22,153261.8283930302
Daging Sapi Murni/Kalimantan Barat/2024-10-23,153223.2477203334
Daging Sapi Murni/Kalimantan Barat/2024-10-24,153292.65877211915
Daging Sapi Murni/Kalimantan Barat/2024-10-25,153199.52638788958
Daging Sapi Murni/Kalimantan Barat/2024-10-26,153193.03732777404
Daging Sapi Murni/Kalimantan Barat/2024-10-27,153248.8718415709
Daging Sapi Murni/Kalimantan Barat/2024-10-28,153275.49368422586
Daging Sapi Murni/Kalimantan Barat/2024-10-29,153297.10779565718
Daging Sapi Murni/Kalimantan Barat/2024-10-30,153224.55797939707
Daging Sapi Murni/Kalimantan Barat/2024-10-31,153277.3894772361
Daging Sapi Murni/Kalimantan Barat/2024-11-01,153241.806345379
Daging Sapi Murni/Kalimantan Barat/2024-11-02,153237.5840480812
Daging Sapi Murni/Kalimantan Barat/2024-11-03,153272.28779286108
Daging Sapi Murni/Kalimantan Barat/2024-11-04,153263.45862003564
Daging Sapi Murni/Kalimantan Barat/2024-11-05,153189.7805704468
Daging Sapi Murni/Kalimantan Barat/2024-11-06,153290.95003836963
Daging Sapi Murni/Kalimantan Barat/2024-11-07,153287.88839831302
Daging Sapi Murni/Kalimantan Barat/2024-11-08,153221.4056762237
Daging Sapi Murni/Kalimantan Barat/2024-11-09,153255.11737855978
Daging Sapi Murni/Kalimantan Barat/2024-11-10,153258.1725218273
Daging Sapi Murni/Kalimantan Barat/2024-11-11,153251.99028162108
Daging Sapi Murni/Kalimantan Barat/2024-11-12,153223.94979086414
Daging Sapi Murni/Kalimantan Barat/2024-11-13,153218.84947123457
Daging Sapi Murni/Kalimantan Barat/2024-11-14,153240.83906390736
Daging Sapi Murni/Kalimantan Barat/2024-11-15,153280.3608039967
Daging Sapi Murni/Kalimantan Barat/2024-11-16,153258.95885078158
Daging Sapi Murni/Kalimantan Barat/2024-11-17,153228.3867478757
Daging Sapi Murni/Kalimantan Barat/2024-11-18,153267.21748031356
Daging Sapi Murni/Kalimantan Barat/2024-11-19,153147.10832359965
Daging Sapi Murni/Kalimantan Barat/2024-11-20,153280.41778707798
Daging Sapi Murni/Kalimantan Barat/2024-11-21,153182.64832476797
Daging Sapi Murni/Kalimantan Barat/2024-11-22,153227.69811767506
Daging Sapi Murni/Kalimantan Barat/2024-11-23,153202.13154091296
Daging Sapi Murni/Kalimantan Barat/2024-11-24,153194.95100702887
Daging Sapi Murni/Kalimantan Barat/2024-11-25,153278.5481199528
Daging Sapi Murni/Kalimantan Barat/2024-11-26,153222.6501164592
Daging Sapi Murni/Kalimantan Barat/2024-11-27,153250.99053428383
Daging Sapi Murni/Kalimantan Barat/2024-11-28,153238.05849250214
Daging Sapi Murni/Kalimantan Barat/2024-11-29,153256.52480209566
Daging Sapi Murni/Kalimantan Barat/2024-11-30,153244.40474090463
Daging Sapi Murni/Kalimantan Barat/2024-12-01,153198.15836204146
Daging Sapi Murni/Kalimantan Barat/2024-12-02,153274.6550977241
Daging Sapi Murni/Kalimantan Barat/2024-12-03,153224.5907482913
Daging Sapi Murni/Kalimantan Barat/2024-12-04,153189.07683356098
Daging Sapi Murni/Kalimantan Barat/2024-12-05,153226.03382348912
Daging Sapi Murni/Kalimantan Barat/2024-12-06,153289.91739680068
Daging Sapi Murni/Kalimantan Barat/2024-12-07,153269.09356024777
Daging Sapi Murni/Kalimantan Barat/2024-12-08,153228.36886323703
Daging Sapi Murni/Kalimantan Barat/2024-12-09,153228.9993920938
Daging Sapi Murni/Kalimantan Barat/2024-12-10,153231.3732971956
Daging Sapi Murni/Kalimantan Barat/2024-12-11,153311.88382528556
Daging Sapi Murni/Kalimantan Barat/2024-12-12,153254.32028182698
Daging Sapi Murni/Kalimantan Barat/2024-12-13,153255.67167882808
Daging Sapi Murni/Kalimantan Barat/2024-12-14,153276.56903147913
Daging Sapi Murni/Kalimantan Barat/2024-12-15,153251.0580960577
Daging Sapi Murni/Kalimantan Barat/2024-12-16,153235.23725497938
Daging Sapi Murni/Kalimantan Barat/2024-12-17,153235.93808958874
Daging Sapi Murni/Kalimantan Barat/2024-12-18,153239.94598030552
Daging Sapi Murni/Kalimantan Barat/2024-12-19,153240.77336631197
Daging Sapi Murni/Kalimantan Barat/2024-12-20,153265.42093643718
Daging Sapi Murni/Kalimantan Barat/2024-12-21,153242.69313720256
Daging Sapi Murni/Kalimantan Barat/2024-12-22,153265.74243863867
Daging Sapi Murni/Kalimantan Barat/2024-12-23,153238.97887060785
Daging Sapi Murni/Kalimantan Barat/2024-12-24,153244.59646594056
Daging Sapi Murni/Kalimantan Barat/2024-12-25,153175.40949244576
Daging Sapi Murni/Kalimantan Barat/2024-12-26,153271.95399561472
Daging Sapi Murni/Kalimantan Barat/2024-12-27,153252.65563768745
Daging Sapi Murni/Kalimantan Barat/2024-12-28,153273.72127085307
Daging Sapi Murni/Kalimantan Barat/2024-12-29,153143.82720901366
Daging Sapi Murni/Kalimantan Barat/2024-12-30,153310.05013170972
Daging Sapi Murni/Kalimantan Barat/2024-12-31,153237.2271777298
Daging Sapi Murni/Kalimantan Selatan/2024-10-01,153278.2001390786
Daging Sapi Murni/Kalimantan Selatan/2024-10-02,153206.39752702153
Daging Sapi Murni/Kalimantan Selatan/2024-10-03,153260.9469057635
Daging Sapi Murni/Kalimantan Selatan/2024-10-04,153207.86089344535
Daging Sapi Murni/Kalimantan Selatan/2024-10-05,153220.42199476436
Daging Sapi Murni/Kalimantan Selatan/2024-10-06,153305.027522471
Daging Sapi Murni/Kalimantan Selatan/2024-10-07,153233.81724578972
Daging Sapi Murni/Kalimantan Selatan/2024-10-08,153248.48678859038
Daging Sapi Murni/Kalimantan Selatan/2024-10-09,153270.02986476466
Daging Sapi Murni/Kalimantan Selatan/2024-10-10,153258.71946515294
Daging Sapi Murni/Kalimantan Selatan/2024-10-11,153248.12494095555
Daging Sapi Murni/Kalimantan Selatan/2024-10-12,153254.0810851174
Daging Sapi Murni/Kalimantan Selatan/2024-10-13,153322.73380986517
Daging Sapi Murni/Kalimantan Selatan/2024-10-14,153241.03066281753
Daging Sapi Murni/Kalimantan Selatan/2024-10-15,153249.66964206725
Daging Sapi Murni/Kalimantan Selatan/2024-10-16,153278.22491586706
Daging Sapi Murni/Kalimantan Selatan/2024-10-17,153280.50785150792
Daging Sapi Murni/Kalimantan Selatan/2024-10-18,153283.60225118656
Daging Sapi Murni/Kalimantan Selatan/2024-10-19,153264.05281823428
Daging Sapi Murni/Kalimantan Selatan/2024-10-20,153205.3336138707
Daging Sapi Murni/Kalimantan Selatan/2024-10-21,153298.34380402043
Daging Sapi Murni/Kalimantan Selatan/2024-10-22,153205.00991467363
Daging Sapi Murni/Kalimantan Selatan/2024-10-23,153252.625673457
Daging Sapi Murni/Kalimantan Selatan/2024-10-24,153216.32632475454
Daging Sapi Murni/Kalimantan Selatan/2024-10-25,153238.7129752874
Daging Sapi Murni/Kalimantan Selatan/2024-10-26,153252.56999050875
Daging Sapi Murni/Kalimantan Selatan/2024-10-27,153250.79654322047
Daging Sapi Murni/Kalimantan Selatan/2024-10-28,153255.08369728943
Daging Sapi Murni/Kalimantan Selatan/2024-10-29,153294.78111721063
Daging Sapi Murni/Kalimantan Selatan/2024-10-30,153257.11468882946
Daging Sapi Murni/Kalimantan Selatan/2024-10-31,153234.46120372572
Daging Sapi Murni/Kalimantan Selatan/2024-11-01,153275.0221041484
Daging Sapi Murni/Kalimantan Selatan/2024-11-02,153282.80045713962
Daging Sapi Murni/Kalimantan Selatan/2024-11-03,153202.28717813318
Daging Sapi Murni/Kalimantan Selatan/2024-11-04,153262.23780353123
Daging Sapi Murni/Kalimantan Selatan/2024-11-05,153265.53697409484
Daging Sapi Murni/Kalimantan Selatan/2024-11-06,153232.61307954165
Daging Sapi Murni/Kalimantan Selatan/2024-11-07,153287.87159374703
Daging Sapi Murni/Kalimantan Selatan/2024-11-08,153236.22306954238
Daging Sapi Murni/Kalimantan Selatan/2024-11-09,153246.7667455721
Daging Sapi Murni/Kalimantan Selatan/2024-11-10,153236.56037478885
Daging Sapi Murni/Kalimantan Selatan/2024-11-11,153242.42425614194
Daging Sapi Murni/Kalimantan Selatan/2024-11-12,153205.56041148244
Daging Sapi Murni/Kalimantan Selatan/2024-11-13,153192.72500995957
Daging Sapi Murni/Kalimantan Selatan/2024-11-14,153293.73243765443
Daging Sapi Murni/Kalimantan Selatan/2024-11-15,153211.75607567144
Daging Sapi Murni/Kalimantan Selatan/2024-11-16,153206.8095693354
Daging Sapi Murni/Kalimantan Selatan/2024-11-17,153167.59669461177
Daging Sapi Murni/Kalimantan Selatan/2024-11-18,153218.36739616244
Daging Sapi Murni/Kalimantan Selatan/2024-11-19,153195.83913635547
Daging Sapi Murni/Kalimantan Selatan/2024-11-20,153292.57945360674
Daging Sapi Murni/Kalimantan Selatan/2024-11-21,153271.65000285802
Daging Sapi Murni/Kalimantan Selatan/2024-11-22,153215.77276564363
Daging Sapi Murni/Kalimantan Selatan/2024-11-23,153315.9878158653
Daging Sapi Murni/Kalimantan Selatan/2024-11-24,153274.62814060153
Daging Sapi Murni/Kalimantan Selatan/2024-11-25,153232.84710570952
Daging Sapi Murni/Kalimantan Selatan/2024-11-26,153159.5105047361
Daging Sapi Murni/Kalimantan Selatan/2024-11-27,153318.77786109818
Daging Sapi Murni/Kalimantan Selatan/2024-11-28,153196.51615149493
Daging Sapi Murni/Kalimantan Selatan/2024-11-29,153185.97315930622
Daging Sapi Murni/Kalimantan Selatan/2024-11-30,153273.8016873357
Daging Sapi Murni/Kalimantan Selatan/2024-12-01,153321.05219093905
Daging Sapi Murni/Kalimantan Selatan/2024-12-02,153288.10264909183
Daging Sapi Murni/Kalimantan Selatan/2024-12-03,153259.48231238223
Daging Sapi Murni/Kalimantan Selatan/2024-12-04,153262.5251731754
Daging Sapi Murni/Kalimantan Selatan/2024-12-05,153273.419530938
Daging Sapi Murni/Kalimantan Selatan/2024-12-06,153270.2502229365
Daging Sapi Murni/Kalimantan Selatan/2024-12-07,153253.02068537148
Daging Sapi Murni/Kalimantan Selatan/2024-12-08,153246.54141259362
Daging Sapi Murni/Kalimantan Selatan/2024-12-09,153240.9767805413
Daging Sapi Murni/Kalimantan Selatan/2024-12-10,153217.64015427927
Daging Sapi Murni/Kalimantan Selatan/2024-12-11,153232.67336548265
Daging Sapi Murni/Kalimantan Selatan/2024-12-12,153184.60376617225
Daging Sapi Murni/Kalimantan Selatan/2024-12-13,153237.09361480674
Daging Sapi Murni/Kalimantan Selatan/2024-12-14,153206.6530996554
Daging Sapi Murni/Kalimantan Selatan/2024-12-15,153202.17359204942
Daging Sapi Murni/Kalimantan Selatan/2024-12-16,153244.91147499063
Daging Sapi Murni/Kalimantan Selatan/2024-12-17,153285.0404511286
Daging Sapi Murni/Kalimantan Selatan/2024-12-18,153270.4948099867
Daging Sapi Murni/Kalimantan Selatan/2024-12-19,153187.68932735632
Daging Sapi Murni/Kalimantan Selatan/2024-12-20,153208.044941175
Daging Sapi Murni/Kalimantan Selatan/2024-12-21,153273.3106238135
Daging Sapi Murni/Kalimantan Selatan/2024-12-22,153208.7924666795
Daging Sapi Murni/Kalimantan Selatan/2024-12-23,153232.72839034704
Daging Sapi Murni/Kalimantan Selatan/2024-12-24,153257.57413052686
Daging Sapi Murni/Kalimantan Selatan/2024-12-25,153208.05361411563
Daging Sapi Murni/Kalimantan Selatan/2024-12-26,153244.55465705498
Daging Sapi Murni/Kalimantan Selatan/2024-12-27,153195.45656423658
Daging Sapi Murni/Kalimantan Selatan/2024-12-28,153220.3522366736
Daging Sapi Murni/Kalimantan Selatan/2024-12-29,153250.82693515255
Daging Sapi Murni/Kalimantan Selatan/2024-12-30,153186.0921139537
Daging Sapi Murni/Kalimantan Selatan/2024-12-31,153254.3102849319
Daging Sapi Murni/Kalimantan Tengah/2024-10-01,153238.42661616794
Daging Sapi Murni/Kalimantan Tengah/2024-10-02,153258.41321303975
Daging Sapi Murni/Kalimantan Tengah/2024-10-03,153247.89607903574
Daging Sapi Murni/Kalimantan Tengah/2024-10-04,153285.84500835132
Daging Sapi Murni/Kalimantan Tengah/2024-10-05,153246.20783278503
Daging Sapi Murni/Kalimantan Tengah/2024-10-06,153227.7918530611
Daging Sapi Murni/Kalimantan Tengah/2024-10-07,153246.5800394848
Daging Sapi Murni/Kalimantan Tengah/2024-10-08,153260.38960353343
Daging Sapi Murni/Kalimantan Tengah/2024-10-09,153243.8781456466
Daging Sapi Murni/Kalimantan Tengah/2024-10-10,153242.6455157649
Daging Sapi Murni/Kalimantan Tengah/2024-10-11,153217.84365144078
Daging Sapi Murni/Kalimantan Tengah/2024-10-12,153219.4607976193
Daging Sapi Murni/Kalimantan Tengah/2024-10-13,153194.38572709617
Daging Sapi Murni/Kalimantan Tengah/2024-10-14,153298.7102100444
Daging Sapi Murni/Kalimantan Tengah/2024-10-15,153198.39405617627
Daging Sapi Murni/Kalimantan Tengah/2024-10-16,153216.51174831588
Daging Sapi Murni/Kalimantan Tengah/2024-10-17,153215.9069146115
Daging Sapi Murni/Kalimantan Tengah/2024-10-18,153269.9247086647
Daging Sapi Murni/Kalimantan Tengah/2024-10-19,153231.09244976524
Daging Sapi Murni/Kalimantan Tengah/2024-10-20,153281.0384160405
Daging Sapi Murni/Kalimantan Tengah/2024-10-21,153218.06157677085
Daging Sapi Murni/Kalimantan Tengah/2024-10-22,153250.644938061
Daging Sapi Murni/Kalimantan Tengah/2024-10-23,153214.172105603
Daging Sapi Murni/Kalimantan Tengah/2024-10-24,153312.98501203445
Daging Sapi Murni/Kalimantan Tengah/2024-10-25,153202.1222885357
Daging Sapi Murni/Kalimantan Tengah/2024-10-26,153251.2922408211
Daging Sapi Murni/Kalimantan Tengah/2024-10-27,153262.80683080934
Daging Sapi Murni/Kalimantan Tengah/2024-10-28,153255.42048386342
Daging Sapi Murni/Kalimantan Tengah/2024-10-29,153236.33412852435
Daging Sapi Murni/Kalimantan Tengah/2024-10-30,153236.59435151707
Daging Sapi Murni/Kalimantan Tengah/2024-10-31,153243.48488104815
Daging Sapi Murni/Kalimantan Tengah/2024-11-01,153236.91492934822
Daging Sapi Murni/Kalimantan Tengah/2024-11-02,153273.4816136032
Daging Sapi Murni/Kalimantan Tengah/2024-11-03,153314.92925757333
Daging Sapi Murni/Kalimantan Tengah/2024-11-04,153223.16105813227
Daging Sapi Murni/Kalimantan Tengah/2024-11-05,153196.71178571324
Daging Sapi Murni/Kalimantan Tengah/2024-11-06,153239.6642688857
Daging Sapi Murni/Kalimantan Tengah/2024-11-07,153328.86476874573
Daging Sapi Murni/Kalimantan Tengah/2024-11-08,153215.30836335916
Daging Sapi Murni/Kalimantan Tengah/2024-11-09,153295.36668821287
Daging Sapi Murni/Kalimantan Tengah/2024-11-10,153297.64841010034
Daging Sapi Murni/Kalimantan Tengah/2024-11-11,153225.05727792703
Daging Sapi Murni/Kalimantan Tengah/2024-11-12,153263.29177942598
Daging Sapi Murni/Kalimantan Tengah/2024-11-13,153297.0722040535
Daging Sapi Murni/Kalimantan Tengah/2024-11-14,153231.32175033077
Daging Sapi Murni/Kalimantan Tengah/2024-11-15,153236.37449825776
Daging Sapi Murni/Kalimantan Tengah/2024-11-16,153222.65512440415
Daging Sapi Murni/Kalimantan Tengah/2024-11-17,153208.65109259076
Daging Sapi Murni/Kalimantan Tengah/2024-11-18,153220.0577123743
Daging Sapi Murni/Kalimantan Tengah/2024-11-19,153198.9943737615
Daging Sapi Murni/Kalimantan Tengah/2024-11-20,153240.61301597118
Daging Sapi Murni/Kalimantan Tengah/2024-11-21,153213.27242419837
Daging Sapi Murni/Kalimantan Tengah/2024-11-22,153246.70614004403
Daging Sapi Murni/Kalimantan Tengah/2024-11-23,153187.32203200812
Daging Sapi Murni/Kalimantan Tengah/2024-11-24,153250.37199372318
Daging Sapi Murni/Kalimantan Tengah/2024-11-25,153267.803149021
Daging Sapi Murni/Kalimantan Tengah/2024-11-26,153173.1992589101
Daging Sapi Murni/Kalimantan Tengah/2024-11-27,153252.65533628984
Daging Sapi Murni/Kalimantan Tengah/2024-11-28,153280.72788773887
Daging Sapi Murni/Kalimantan Tengah/2024-11-29,153200.62604456546
Daging Sapi Murni/Kalimantan Tengah/2024-11-30,153296.60472866124
Daging Sapi Murni/Kalimantan Tengah/2024-12-01,153254.24016757798
Daging Sapi Murni/Kalimantan Tengah/2024-12-02,153218.73998187316
Daging Sapi Murni/Kalimantan Tengah/2024-12-03,153240.36190094048
Daging Sapi Murni/Kalimantan Tengah/2024-12-04,153259.97797819102
Daging Sapi Murni/Kalimantan Tengah/2024-12-05,153244.9814236801
Daging Sapi Murni/Kalimantan Tengah/2024-12-06,153259.1720312057
Daging Sapi Murni/Kalimantan Tengah/2024-12-07,153210.27375055346
Daging Sapi Murni/Kalimantan Tengah/2024-12-08,153247.29503799987
Daging Sapi Murni/Kalimantan Tengah/2024-12-09,153194.39541712633
Daging Sapi Murni/Kalimantan Tengah/2024-12-10,153237.13647223322
Daging Sapi Murni/Kalimantan Tengah/2024-12-11,153210.1565467497
Daging Sapi Murni/Kalimantan Tengah/2024-12-12,153214.82361763908
Daging Sapi Murni/Kalimantan Tengah/2024-12-13,153280.9027598758
Daging Sapi Murni/Kalimantan Tengah/2024-12-14,153275.6614164706
Daging Sapi Murni/Kalimantan Tengah/2024-12-15,153260.8748906039
Daging Sapi Murni/Kalimantan Tengah/2024-12-16,153204.53201441403
Daging Sapi Murni/Kalimantan Tengah/2024-12-17,153231.46087399538
Daging Sapi Murni/Kalimantan Tengah/2024-12-18,153283.2434519708
Daging Sapi Murni/Kalimantan Tengah/2024-12-19,153246.5730568382
Daging Sapi Murni/Kalimantan Tengah/2024-12-20,153318.65125766135
Daging Sapi Murni/Kalimantan Tengah/2024-12-21,153254.4170807167
Daging Sapi Murni/Kalimantan Tengah/2024-12-22,153249.37496452598
Daging Sapi Murni/Kalimantan Tengah/2024-12-23,153233.56300083705
Daging Sapi Murni/Kalimantan Tengah/2024-12-24,153247.74534111025
Daging Sapi Murni/Kalimantan Tengah/2024-12-25,153238.29660528022
Daging Sapi Murni/Kalimantan Tengah/2024-12-26,153265.20818391052
Daging Sapi Murni/Kalimantan Tengah/2024-12-27,153273.33118644942
Daging Sapi Murni/Kalimantan Tengah/2024-12-28,153215.23591041384
Daging Sapi Murni/Kalimantan Tengah/2024-12-29,153197.42093006885
Daging Sapi Murni/Kalimantan Tengah/2024-12-30,153180.2437007087
Daging Sapi Murni/Kalimantan Tengah/2024-12-31,153258.0293612827
Daging Sapi Murni/Kalimantan Timur/2024-10-01,153202.96861905174
Daging Sapi Murni/Kalimantan Timur/2024-10-02,153166.41468588673
Daging Sapi Murni/Kalimantan Timur/2024-10-03,153251.0579122048
Daging Sapi Murni/Kalimantan Timur/2024-10-04,153321.71468714494
Daging Sapi Murni/Kalimantan Timur/2024-10-05,153239.65797410803
Daging Sapi Murni/Kalimantan Timur/2024-10-06,153267.69151605995
Daging Sapi Murni/Kalimantan Timur/2024-10-07,153243.85106375237
Daging Sapi Murni/Kalimantan Timur/2024-10-08,153240.1707936627
Daging Sapi Murni/Kalimantan Timur/2024-10-09,153274.27008030156
Daging Sapi Murni/Kalimantan Timur/2024-10-10,153232.19272831356
Daging Sapi Murni/Kalimantan Timur/2024-10-11,153251.09964039
Daging Sapi Murni/Kalimantan Timur/2024-10-12,153252.4577050253
Daging Sapi Murni/Kalimantan Timur/2024-10-13,153219.52706725206
Daging Sapi Murni/Kalimantan Timur/2024-10-14,153275.07193128776
Daging Sapi Murni/Kalimantan Timur/2024-10-15,153235.39625138676
Daging Sapi Murni/Kalimantan Timur/2024-10-16,153216.34589217373
Daging Sapi Murni/Kalimantan Timur/2024-10-17,153259.24245052788
Daging Sapi Murni/Kalimantan Timur/2024-10-18,153211.0047373947
Daging Sapi Murni/Kalimantan Timur/2024-10-19,153242.3515502654
Daging Sapi Murni/Kalimantan Timur/2024-10-20,153240.06926284885
Daging Sapi Murni/Kalimantan Timur/2024-10-21,153276.64883191788
Daging Sapi Murni/Kalimantan Timur/2024-10-22,153256.9457358824
Daging Sapi Murni/Kalimantan Timur/2024-10-23,153240.0747357598
Daging Sapi Murni/Kalimantan Timur/2024-10-24,153269.2864124541
Daging Sapi Murni/Kalimantan Timur/2024-10-25,153288.77108697494
Daging Sapi Murni/Kalimantan Timur/2024-10-26,153261.56930600325
Daging Sapi Murni/Kalimantan Timur/2024-10-27,153243.043478266
Daging Sapi Murni/Kalimantan Timur/2024-10-28,153199.0182697154
Daging Sapi Murni/Kalimantan Timur/2024-10-29,153207.43443617848
Daging Sapi Murni/Kalimantan Timur/2024-10-30,153231.8511684713
Daging Sapi Murni/Kalimantan Timur/2024-10-31,153220.0327563385
Daging Sapi Murni/Kalimantan Timur/2024-11-01,153233.10071662255
Daging Sapi Murni/Kalimantan Timur/2024-11-02,153240.72672331956
Daging Sapi Murni/Kalimantan Timur/2024-11-03,153257.28090974703
Daging Sapi Murni/Kalimantan Timur/2024-11-04,153237.98783097355
Daging Sapi Murni/Kalimantan Timur/2024-11-05,153256.8447468175
Daging Sapi Murni/Kalimantan Timur/2024-11-06,153243.40359972845
Daging Sapi Murni/Kalimantan Timur/2024-11-07,153175.59891940956
Daging Sapi Murni/Kalimantan Timur/2024-11-08,153209.99273640587
Daging Sapi Murni/Kalimantan Timur/2024-11-09,153235.61607480425
Daging Sapi Murni/Kalimantan Timur/2024-11-10,153199.4894035861
Daging Sapi Murni/Kalimantan Timur/2024-11-11,153258.854523344
Daging Sapi Murni/Kalimantan Timur/2024-11-12,153289.42410513767
Daging Sapi Murni/Kalimantan Timur/2024-11-13,153280.67224639296
Daging Sapi Murni/Kalimantan Timur/2024-11-14,153234.0563477215
Daging Sapi Murni/Kalimantan Timur/2024-11-15,153291.64515071097
Daging Sapi Murni/Kalimantan Timur/2024-11-16,153248.5121868218
Daging Sapi Murni/Kalimantan Timur/2024-11-17,153232.44891232075
Daging Sapi Murni/Kalimantan Timur/2024-11-18,153222.38955860032
Daging Sapi Murni/Kalimantan Timur/2024-11-19,153231.88383611786
Daging Sapi Murni/Kalimantan Timur/2024-11-20,153229.09087461134
Daging Sapi Murni/Kalimantan Timur/2024-11-21,153246.2592033146
Daging Sapi Murni/Kalimantan Timur/2024-11-22,153245.5469724422
Daging Sapi Murni/Kalimantan Timur/2024-11-23,153240.40951169655
Daging Sapi Murni/Kalimantan Timur/2024-11-24,153255.35759303154
Daging Sapi Murni/Kalimantan Timur/2024-11-25,153280.8682946509
Daging Sapi Murni/Kalimantan Timur/2024-11-26,153273.451107236
Daging Sapi Murni/Kalimantan Timur/2024-11-27,153192.5189168159
Daging Sapi Murni/Kalimantan Timur/2024-11-28,153156.92817558165
Daging Sapi Murni/Kalimantan Timur/2024-11-29,153273.0839370806
Daging Sapi Murni/Kalimantan Timur/2024-11-30,153195.35999211454
Daging Sapi Murni/Kalimantan Timur/2024-12-01,153231.88115157795
Daging Sapi Murni/Kalimantan Timur/2024-12-02,153198.8768667135
Daging Sapi Murni/Kalimantan Timur/2024-12-03,153178.34488669274
Daging Sapi Murni/Kalimantan Timur/2024-12-04,153257.90064062324
Daging Sapi Murni/Kalimantan Timur/2024-12-05,153263.66921950635
Daging Sapi Murni/Kalimantan Timur/2024-12-06,153219.84053739408
Daging Sapi Murni/Kalimantan Timur/2024-12-07,153152.54454577804
Daging Sapi Murni/Kalimantan Timur/2024-12-08,153221.3430417166
Daging Sapi Murni/Kalimantan Timur/2024-12-09,153253.50492036436
Daging Sapi Murni/Kalimantan Timur/2024-12-10,153189.94566378312
Daging Sapi Murni/Kalimantan Timur/2024-12-11,153244.21373018803
Daging Sapi Murni/Kalimantan Timur/2024-12-12,153237.5776938781
Daging Sapi Murni/Kalimantan Timur/2024-12-13,153259.33340815097
Daging Sapi Murni/Kalimantan Timur/2024-12-14,153244.3702073125
Daging Sapi Murni/Kalimantan Timur/2024-12-15,153207.586632208
Daging Sapi Murni/Kalimantan Timur/2024-12-16,153281.2763287074
Daging Sapi Murni/Kalimantan Timur/2024-12-17,153235.998702379
Daging Sapi Murni/Kalimantan Timur/2024-12-18,153240.56853165803
Daging Sapi Murni/Kalimantan Timur/2024-12-19,153209.91924769996
Daging Sapi Murni/Kalimantan Timur/2024-12-20,153226.09927408956
Daging Sapi Murni/Kalimantan Timur/2024-12-21,153211.9225215014
Daging Sapi Murni/Kalimantan Timur/2024-12-22,153234.2617601721
Daging Sapi Murni/Kalimantan Timur/2024-12-23,153296.90886628305
Daging Sapi Murni/Kalimantan Timur/2024-12-24,153193.84857488825
Daging Sapi Murni/Kalimantan Timur/2024-12-25,153186.46796749634
Daging Sapi Murni/Kalimantan Timur/2024-12-26,153289.52896685028
Daging Sapi Murni/Kalimantan Timur/2024-12-27,153233.91548675235
Daging Sapi Murni/Kalimantan Timur/2024-12-28,153218.60854397737
Daging Sapi Murni/Kalimantan Timur/2024-12-29,153274.14316634744
Daging Sapi Murni/Kalimantan Timur/2024-12-30,153220.39092568582
Daging Sapi Murni/Kalimantan Timur/2024-12-31,153303.02921082018
Daging Sapi Murni/Kalimantan Utara/2024-10-01,153263.77599815518
Daging Sapi Murni/Kalimantan Utara/2024-10-02,153225.5123522418
Daging Sapi Murni/Kalimantan Utara/2024-10-03,153314.87219788274
Daging Sapi Murni/Kalimantan Utara/2024-10-04,153222.38424454344
Daging Sapi Murni/Kalimantan Utara/2024-10-05,153268.4509707911
Daging Sapi Murni/Kalimantan Utara/2024-10-06,153252.58803204028
Daging Sapi Murni/Kalimantan Utara/2024-10-07,153285.94104127111
Daging Sapi Murni/Kalimantan Utara/2024-10-08,153295.56417375858
Daging Sapi Murni/Kalimantan Utara/2024-10-09,153243.40767409353
Daging Sapi Murni/Kalimantan Utara/2024-10-10,153218.36933734338
Daging Sapi Murni/Kalimantan Utara/2024-10-11,153258.66381518063
Daging Sapi Murni/Kalimantan Utara/2024-10-12,153220.6310722375
Daging Sapi Murni/Kalimantan Utara/2024-10-13,153309.4546614849
Daging Sapi Murni/Kalimantan Utara/2024-10-14,153245.66543977024
Daging Sapi Murni/Kalimantan Utara/2024-10-15,153229.23848918243
Daging Sapi Murni/Kalimantan Utara/2024-10-16,153248.49484903982
Daging Sapi Murni/Kalimantan Utara/2024-10-17,153197.10049471265
Daging Sapi Murni/Kalimantan Utara/2024-10-18,153210.03644260883
Daging Sapi Murni/Kalimantan Utara/2024-10-19,153280.4750987515
Daging Sapi Murni/Kalimantan Utara/2024-10-20,153218.050621661
Daging Sapi Murni/Kalimantan Utara/2024-10-21,153205.1019034093
Daging Sapi Murni/Kalimantan Utara/2024-10-22,153257.49557842527
Daging Sapi Murni/Kalimantan Utara/2024-10-23,153280.06912141503
Daging Sapi Murni/Kalimantan Utara/2024-10-24,153265.3362161773
Daging Sapi Murni/Kalimantan Utara/2024-10-25,153273.94120910403
Daging Sapi Murni/Kalimantan Utara/2024-10-26,153216.50788463713
Daging Sapi Murni/Kalimantan Utara/2024-10-27,153195.584682163
Daging Sapi Murni/Kalimantan Utara/2024-10-28,153292.81186905084
Daging Sapi Murni/Kalimantan Utara/2024-10-29,153230.92159119842
Daging Sapi Murni/Kalimantan Utara/2024-10-30,153232.72460931027
Daging Sapi Murni/Kalimantan Utara/2024-10-31,153284.641666112
Daging Sapi Murni/Kalimantan Utara/2024-11-01,153259.69325818968
Daging Sapi Murni/Kalimantan Utara/2024-11-02,153257.86820540618
Daging Sapi Murni/Kalimantan Utara/2024-11-03,153314.14328387968
Daging Sapi Murni/Kalimantan Utara/2024-11-04,153221.33395644504
Daging Sapi Murni/Kalimantan Utara/2024-11-05,153274.69721144866
Daging Sapi Murni/Kalimantan Utara/2024-11-06,153245.1249380683
Daging Sapi Murni/Kalimantan Utara/2024-11-07,153252.20578116813
Daging Sapi Murni/Kalimantan Utara/2024-11-08,153294.25167342613
Daging Sapi Murni/Kalimantan Utara/2024-11-09,153258.85782293085
Daging Sapi Murni/Kalimantan Utara/2024-11-10,153260.97096098718
Daging Sapi Murni/Kalimantan Utara/2024-11-11,153278.60281654075
Daging Sapi Murni/Kalimantan Utara/2024-11-12,153231.1567966443
Daging Sapi Murni/Kalimantan Utara/2024-11-13,153215.53374211147
Daging Sapi Murni/Kalimantan Utara/2024-11-14,153207.4937463882
Daging Sapi Murni/Kalimantan Utara/2024-11-15,153176.0331360413
Daging Sapi Murni/Kalimantan Utara/2024-11-16,153309.25274456042
Daging Sapi Murni/Kalimantan Utara/2024-11-17,153202.36756494502
Daging Sapi Murni/Kalimantan Utara/2024-11-18,153231.7606781329
Daging Sapi Murni/Kalimantan Utara/2024-11-19,153230.2861512132
Daging Sapi Murni/Kalimantan Utara/2024-11-20,153250.4245856128
Daging Sapi Murni/Kalimantan Utara/2024-11-21,153268.90615904544
Daging Sapi Murni/Kalimantan Utara/2024-11-22,153268.77339777403
Daging Sapi Murni/Kalimantan Utara/2024-11-23,153221.82411235478
Daging Sapi Murni/Kalimantan Utara/2024-11-24,153236.2150801921
Daging Sapi Murni/Kalimantan Utara/2024-11-25,153251.64157622805
Daging Sapi Murni/Kalimantan Utara/2024-11-26,153233.73935795072
Daging Sapi Murni/Kalimantan Utara/2024-11-27,153295.0617371467
Daging Sapi Murni/Kalimantan Utara/2024-11-28,153257.33592574517
Daging Sapi Murni/Kalimantan Utara/2024-11-29,153266.4092598549
Daging Sapi Murni/Kalimantan Utara/2024-11-30,153264.68633521843
Daging Sapi Murni/Kalimantan Utara/2024-12-01,153282.09583468497
Daging Sapi Murni/Kalimantan Utara/2024-12-02,153249.82347177813
Daging Sapi Murni/Kalimantan Utara/2024-12-03,153199.72761255212
Daging Sapi Murni/Kalimantan Utara/2024-12-04,153256.2392204925
Daging Sapi Murni/Kalimantan Utara/2024-12-05,153220.56459957076
Daging Sapi Murni/Kalimantan Utara/2024-12-06,153223.95100832795
Daging Sapi Murni/Kalimantan Utara/2024-12-07,153259.90838762425
Daging Sapi Murni/Kalimantan Utara/2024-12-08,153281.3235077013
Daging Sapi Murni/Kalimantan Utara/2024-12-09,153241.87025468293
Daging Sapi Murni/Kalimantan Utara/2024-12-10,153251.39089837292
Daging Sapi Murni/Kalimantan Utara/2024-12-11,153298.79845705957
Daging Sapi Murni/Kalimantan Utara/2024-12-12,153250.97821474244
Daging Sapi Murni/Kalimantan Utara/2024-12-13,153330.00841448005
Daging Sapi Murni/Kalimantan Utara/2024-12-14,153261.93460820714
Daging Sapi Murni/Kalimantan Utara/2024-12-15,153185.21522205992
Daging Sapi Murni/Kalimantan Utara/2024-12-16,153269.4854265831
Daging Sapi Murni/Kalimantan Utara/2024-12-17,153255.92136725195
Daging Sapi Murni/Kalimantan Utara/2024-12-18,153286.25105614355
Daging Sapi Murni/Kalimantan Utara/2024-12-19,153263.81645343392
Daging Sapi Murni/Kalimantan Utara/2024-12-20,153236.71311879507
Daging Sapi Murni/Kalimantan Utara/2024-12-21,153202.30750467838
Daging Sapi Murni/Kalimantan Utara/2024-12-22,153235.64083891895
Daging Sapi Murni/Kalimantan Utara/2024-12-23,153213.7012261214
Daging Sapi Murni/Kalimantan Utara/2024-12-24,153221.22592813062
Daging Sapi Murni/Kalimantan Utara/2024-12-25,153259.23663363798
Daging Sapi Murni/Kalimantan Utara/2024-12-26,153295.18059790382
Daging Sapi Murni/Kalimantan Utara/2024-12-27,153253.70815620778
Daging Sapi Murni/Kalimantan Utara/2024-12-28,153201.10623183844
Daging Sapi Murni/Kalimantan Utara/2024-12-29,153256.81202612165
Daging Sapi Murni/Kalimantan Utara/2024-12-30,153282.56988233715
Daging Sapi Murni/Kalimantan Utara/2024-12-31,153222.02576546592
Daging Sapi Murni/Kepulauan Bangka Belitung/2024-10-01,153236.73729229777
Daging Sapi Murni/Kepulauan Bangka Belitung/2024-10-02,153241.47163214756
Daging Sapi Murni/Kepulauan Bangka Belitung/2024-10-03,153215.7884185738
Daging Sapi Murni/Kepulauan Bangka Belitung/2024-10-04,153263.13657562315
Daging Sapi Murni/Kepulauan Bangka Belitung/2024-10-05,153236.3125152987
Daging Sapi Murni/Kepulauan Bangka Belitung/2024-10-06,153254.80833878383
Daging Sapi Murni/Kepulauan Bangka Belitung/2024-10-07,153211.31199712158
Daging Sapi Murni/Kepulauan Bangka Belitung/2024-10-08,153226.27858485907
Daging Sapi Murni/Kepulauan Bangka Belitung/2024-10-09,153265.4734511155
Daging Sapi Murni/Kepulauan Bangka Belitung/2024-10-10,153228.2400985869
Daging Sapi Murni/Kepulauan Bangka Belitung/2024-10-11,153298.43959511773
Daging Sapi Murni/Kepulauan Bangka Belitung/2024-10-12,153227.29886533954
Daging Sapi Murni/Kepulauan Bangka Belitung/2024-10-13,153249.2003854285
Daging Sapi Murni/Kepulauan Bangka Belitung/2024-10-14,153273.50481661275
Daging Sapi Murni/Kepulauan Bangka Belitung/2024-10-15,153194.71039791917
Daging Sapi Murni/Kepulauan Bangka Belitung/2024-10-16,153183.64957732524
Daging Sapi Murni/Kepulauan Bangka Belitung/2024-10-17,153189.66144309557
Daging Sapi Murni/Kepulauan Bangka Belitung/2024-10-18,153282.35879028196
Daging Sapi Murni/Kepulauan Bangka Belitung/2024-10-19,153220.93982534375
Daging Sapi Murni/Kepulauan Bangka Belitung/2024-10-20,153323.60774250774
Daging Sapi Murni/Kepulauan Bangka Belitung/2024-10-21,153220.65542461793
Daging Sapi Murni/Kepulauan Bangka Belitung/2024-10-22,153247.48497782514
Daging Sapi Murni/Kepulauan Bangka Belitung/2024-10-23,153294.49070831976
Daging Sapi Murni/Kepulauan Bangka Belitung/2024-10-24,153309.50388467754
Daging Sapi Murni/Kepulauan Bangka Belitung/2024-10-25,153312.71432494314
Daging Sapi Murni/Kepulauan Bangka Belitung/2024-10-26,153283.36370341547
Daging Sapi Murni/Kepulauan Bangka Belitung/2024-10-27,153279.0578664772
Daging Sapi Murni/Kepulauan Bangka Belitung/2024-10-28,153265.781996495
Daging Sapi Murni/Kepulauan Bangka Belitung/2024-10-29,153271.76495662378
Daging Sapi Murni/Kepulauan Bangka Belitung/2024-10-30,153226.5516897946
Daging Sapi Murni/Kepulauan Bangka Belitung/2024-10-31,153216.39957145797
Daging Sapi Murni/Kepulauan Bangka Belitung/2024-11-01,153242.71698672866
Daging Sapi Murni/Kepulauan Bangka Belitung/2024-11-02,153236.14306566413
Daging Sapi Murni/Kepulauan Bangka Belitung/2024-11-03,153225.92059198229
Daging Sapi Murni/Kepulauan Bangka Belitung/2024-11-04,153263.34629196662
Daging Sapi Murni/Kepulauan Bangka Belitung/2024-11-05,153272.3035442469
Daging Sapi Murni/Kepulauan Bangka Belitung/2024-11-06,153244.16153170585
Daging Sapi Murni/Kepulauan Bangka Belitung/2024-11-07,153290.83386819033
Daging Sapi Murni/Kepulauan Bangka Belitung/2024-11-08,153203.97407115123
Daging Sapi Murni/Kepulauan Bangka Belitung/2024-11-09,153236.34572280355
Daging Sapi Murni/Kepulauan Bangka Belitung/2024-11-10,153218.40787123627
Daging Sapi Murni/Kepulauan Bangka Belitung/2024-11-11,153179.0534204424
Daging Sapi Murni/Kepulauan Bangka Belitung/2024-11-12,153238.00425309382
Daging Sapi Murni/Kepulauan Bangka Belitung/2024-11-13,153234.80424454968
Daging Sapi Murni/Kepulauan Bangka Belitung/2024-11-14,153289.83120346488
Daging Sapi Murni/Kepulauan Bangka Belitung/2024-11-15,153260.36836840364
Daging Sapi Murni/Kepulauan Bangka Belitung/2024-11-16,153205.89158512518
Daging Sapi Murni/Kepulauan Bangka Belitung/2024-11-17,153303.78581820018
Daging Sapi Murni/Kepulauan Bangka Belitung/2024-11-18,153283.11487655135
Daging Sapi Murni/Kepulauan Bangka Belitung/2024-11-19,153262.54907263452
Daging Sapi Murni/Kepulauan Bangka Belitung/2024-11-20,153235.0153311696
Daging Sapi Murni/Kepulauan Bangka Belitung/2024-11-21,153210.5961113256
Daging Sapi Murni/Kepulauan Bangka Belitung/2024-11-22,153231.28484726604
Daging Sapi Murni/Kepulauan Bangka Belitung/2024-11-23,153278.4477825981
Daging Sapi Murni/Kepulauan Bangka Belitung/2024-11-24,153303.99489315986
Daging Sapi Murni/Kepulauan Bangka Belitung/2024-11-25,153292.4795585232
Daging Sapi Murni/Kepulauan Bangka Belitung/2024-11-26,153225.56365044334
Daging Sapi Murni/Kepulauan Bangka Belitung/2024-11-27,153205.99776153275
Daging Sapi Murni/Kepulauan Bangka Belitung/2024-11-28,153248.68553374347
Daging Sapi Murni/Kepulauan Bangka Belitung/2024-11-29,153184.0159175237
Daging Sapi Murni/Kepulauan Bangka Belitung/2024-11-30,153251.93915401644
Daging Sapi Murni/Kepulauan Bangka Belitung/2024-12-01,153234.4874460948
Daging Sapi Murni/Kepulauan Bangka Belitung/2024-12-02,153223.88640477534
Daging Sapi Murni/Kepulauan Bangka Belitung/2024-12-03,153186.73731796694
Daging Sapi Murni/Kepulauan Bangka Belitung/2024-12-04,153256.46823945333
Daging Sapi Murni/Kepulauan Bangka Belitung/2024-12-05,153222.50956107664
Daging Sapi Murni/Kepulauan Bangka Belitung/2024-12-06,153200.5450231349
Daging Sapi Murni/Kepulauan Bangka Belitung/2024-12-07,153143.29988990023
Daging Sapi Murni/Kepulauan Bangka Belitung/2024-12-08,153237.79468671393
Daging Sapi Murni/Kepulauan Bangka Belitung/2024-12-09,153298.29128661958
Daging Sapi Murni/Kepulauan Bangka Belitung/2024-12-10,153293.71860797258
Daging Sapi Murni/Kepulauan Bangka Belitung/2024-12-11,153223.5807912272
Daging Sapi Murni/Kepulauan Bangka Belitung/2024-12-12,153220.12323824284
Daging Sapi Murni/Kepulauan Bangka Belitung/2024-12-13,153258.6030315083
Daging Sapi Murni/Kepulauan Bangka Belitung/2024-12-14,153209.8325099003
Daging Sapi Murni/Kepulauan Bangka Belitung/2024-12-15,153251.7400659029
Daging Sapi Murni/Kepulauan Bangka Belitung/2024-12-16,153265.79544937034
Daging Sapi Murni/Kepulauan Bangka Belitung/2024-12-17,153281.68064333173
Daging Sapi Murni/Kepulauan Bangka Belitung/2024-12-18,153238.2167292104
Daging Sapi Murni/Kepulauan Bangka Belitung/2024-12-19,153234.71877120706
Daging Sapi Murni/Kepulauan Bangka Belitung/2024-12-20,153213.25500349578
Daging Sapi Murni/Kepulauan Bangka Belitung/2024-12-21,153214.69895831955
Daging Sapi Murni/Kepulauan Bangka Belitung/2024-12-22,153233.8509881396
Daging Sapi Murni/Kepulauan Bangka Belitung/2024-12-23,153252.28202115945
Daging Sapi Murni/Kepulauan Bangka Belitung/2024-12-24,153270.33571253615
Daging Sapi Murni/Kepulauan Bangka Belitung/2024-12-25,153213.15970273086
Daging Sapi Murni/Kepulauan Bangka Belitung/2024-12-26,153290.59101715562
Daging Sapi Murni/Kepulauan Bangka Belitung/2024-12-27,153232.5867017818
Daging Sapi Murni/Kepulauan Bangka Belitung/2024-12-28,153241.37701359126
Daging Sapi Murni/Kepulauan Bangka Belitung/2024-12-29,153217.0299993544
Daging Sapi Murni/Kepulauan Bangka Belitung/2024-12-30,153160.2354290527
Daging Sapi Murni/Kepulauan Bangka Belitung/2024-12-31,153270.91565384358
Daging Sapi Murni/Kepulauan Riau/2024-10-01,153264.23608881526
Daging Sapi Murni/Kepulauan Riau/2024-10-02,153230.17911326909
Daging Sapi Murni/Kepulauan Riau/2024-10-03,153241.7105123273
Daging Sapi Murni/Kepulauan Riau/2024-10-04,153257.32870791937
Daging Sapi Murni/Kepulauan Riau/2024-10-05,153190.0363043878
Daging Sapi Murni/Kepulauan Riau/2024-10-06,153223.67408073338
Daging Sapi Murni/Kepulauan Riau/2024-10-07,153266.95564580034
Daging Sapi Murni/Kepulauan Riau/2024-10-08,153198.55681170622
Daging Sapi Murni/Kepulauan Riau/2024-10-09,153249.92608000312
Daging Sapi Murni/Kepulauan Riau/2024-10-10,153194.12253869747
Daging Sapi Murni/Kepulauan Riau/2024-10-11,153255.90802793708
Daging Sapi Murni/Kepulauan Riau/2024-10-12,153239.24881050375
Daging Sapi Murni/Kepulauan Riau/2024-10-13,153185.59639416003
Daging Sapi Murni/Kepulauan Riau/2024-10-14,153279.12382229647
Daging Sapi Murni/Kepulauan Riau/2024-10-15,153215.2245248102
Daging Sapi Murni/Kepulauan Riau/2024-10-16,153213.65703203782
Daging Sapi Murni/Kepulauan Riau/2024-10-17,153246.7364501184
Daging Sapi Murni/Kepulauan Riau/2024-10-18,153278.19483669774
Daging Sapi Murni/Kepulauan Riau/2024-10-19,153207.28210889324
Daging Sapi Murni/Kepulauan Riau/2024-10-20,153242.29274437486
Daging Sapi Murni/Kepulauan Riau/2024-10-21,153255.15747571993
Daging Sapi Murni/Kepulauan Riau/2024-10-22,153264.70875634707
Daging Sapi Murni/Kepulauan Riau/2024-10-23,153247.47934869106
Daging Sapi Murni/Kepulauan Riau/2024-10-24,153228.62943925633
Daging Sapi Murni/Kepulauan Riau/2024-10-25,153214.23942893647
Daging Sapi Murni/Kepulauan Riau/2024-10-26,153244.66878310152
Daging Sapi Murni/Kepulauan Riau/2024-10-27,153205.45368661804
Daging Sapi Murni/Kepulauan Riau/2024-10-28,153142.7082146526
Daging Sapi Murni/Kepulauan Riau/2024-10-29,153253.8475900257
Daging Sapi Murni/Kepulauan Riau/2024-10-30,153268.9118755386
Daging Sapi Murni/Kepulauan Riau/2024-10-31,153159.9257124426
Daging Sapi Murni/Kepulauan Riau/2024-11-01,153204.39460984155
Daging Sapi Murni/Kepulauan Riau/2024-11-02,153258.95544931706
Daging Sapi Murni/Kepulauan Riau/2024-11-03,153308.9404594463
Daging Sapi Murni/Kepulauan Riau/2024-11-04,153240.58138797682
Daging Sapi Murni/Kepulauan Riau/2024-11-05,153215.13477927825
Daging Sapi Murni/Kepulauan Riau/2024-11-06,153235.59340822196
Daging Sapi Murni/Kepulauan Riau/2024-11-07,153288.642197673
Daging Sapi Murni/Kepulauan Riau/2024-11-08,153220.88544709285
Daging Sapi Murni/Kepulauan Riau/2024-11-09,153214.18188667382
Daging Sapi Murni/Kepulauan Riau/2024-11-10,153224.68649959806
Daging Sapi Murni/Kepulauan Riau/2024-11-11,153209.3807427802
Daging Sapi Murni/Kepulauan Riau/2024-11-12,153245.03357354618
Daging Sapi Murni/Kepulauan Riau/2024-11-13,153293.6160035803
Daging Sapi Murni/Kepulauan Riau/2024-11-14,153250.63127342254
Daging Sapi Murni/Kepulauan Riau/2024-11-15,153232.3398030044
Daging Sapi Murni/Kepulauan Riau/2024-11-16,153231.70335232434
Daging Sapi Murni/Kepulauan Riau/2024-11-17,153190.15681304727
Daging Sapi Murni/Kepulauan Riau/2024-11-18,153271.54840827562
Daging Sapi Murni/Kepulauan Riau/2024-11-19,153237.90127973288
Daging Sapi Murni/Kepulauan Riau/2024-11-20,153234.07118045655
Daging Sapi Murni/Kepulauan Riau/2024-11-21,153346.91355289912
Daging Sapi Murni/Kepulauan Riau/2024-11-22,153250.9733484048
Daging Sapi Murni/Kepulauan Riau/2024-11-23,153217.90047143353
Daging Sapi Murni/Kepulauan Riau/2024-11-24,153228.56051297317
Daging Sapi Murni/Kepulauan Riau/2024-11-25,153281.5043697944
Daging Sapi Murni/Kepulauan Riau/2024-11-26,153247.33658772337
Daging Sapi Murni/Kepulauan Riau/2024-11-27,153193.0722690747
Daging Sapi Murni/Kepulauan Riau/2024-11-28,153271.5256288264
Daging Sapi Murni/Kepulauan Riau/2024-11-29,153219.06499917677
Daging Sapi Murni/Kepulauan Riau/2024-11-30,153304.2044078655
Daging Sapi Murni/Kepulauan Riau/2024-12-01,153276.90964624187
Daging Sapi Murni/Kepulauan Riau/2024-12-02,153226.2489802948
Daging Sapi Murni/Kepulauan Riau/2024-12-03,153285.68519933484
Daging Sapi Murni/Kepulauan Riau/2024-12-04,153244.97342954026
Daging Sapi Murni/Kepulauan Riau/2024-12-05,153272.24842804178
Daging Sapi Murni/Kepulauan Riau/2024-12-06,153258.8884343812
Daging Sapi Murni/Kepulauan Riau/2024-12-07,153214.02066887973
Daging Sapi Murni/Kepulauan Riau/2024-12-08,153221.4186684098
Daging Sapi Murni/Kepulauan Riau/2024-12-09,153276.19608501423
Daging Sapi Murni/Kepulauan Riau/2024-12-10,153230.53208777486
Daging Sapi Murni/Kepulauan Riau/2024-12-11,153227.46008606418
Daging Sapi Murni/Kepulauan Riau/2024-12-12,153208.5207828305
Daging Sapi Murni/Kepulauan Riau/2024-12-13,153255.019296544
Daging Sapi Murni/Kepulauan Riau/2024-12-14,153310.06860872675
Daging Sapi Murni/Kepulauan Riau/2024-12-15,153204.82726687068
Daging Sapi Murni/Kepulauan Riau/2024-12-16,153241.76286844997
Daging Sapi Murni/Kepulauan Riau/2024-12-17,153288.63328012318
Daging Sapi Murni/Kepulauan Riau/2024-12-18,153239.93905183589
Daging Sapi Murni/Kepulauan Riau/2024-12-19,153257.6920120654
Daging Sapi Murni/Kepulauan Riau/2024-12-20,153205.68533500176
Daging Sapi Murni/Kepulauan Riau/2024-12-21,153256.4880741319
Daging Sapi Murni/Kepulauan Riau/2024-12-22,153235.93687337695
Daging Sapi Murni/Kepulauan Riau/2024-12-23,153273.90032356774
Daging Sapi Murni/Kepulauan Riau/2024-12-24,153280.7972148657
Daging Sapi Murni/Kepulauan Riau/2024-12-25,153327.6563540518
Daging Sapi Murni/Kepulauan Riau/2024-12-26,153262.3181233781
Daging Sapi Murni/Kepulauan Riau/2024-12-27,153254.52751309727
Daging Sapi Murni/Kepulauan Riau/2024-12-28,153251.21568482002
Daging Sapi Murni/Kepulauan Riau/2024-12-29,153232.82111677856
Daging Sapi Murni/Kepulauan Riau/2024-12-30,153255.32830363442
Daging Sapi Murni/Kepulauan Riau/2024-12-31,153232.21709246116
Daging Sapi Murni/Lampung/2024-10-01,153247.26593295782
Daging Sapi Murni/Lampung/2024-10-02,153285.3823562644
Daging Sapi Murni/Lampung/2024-10-03,153207.7496212546
Daging Sapi Murni/Lampung/2024-10-04,153279.82413360802
Daging Sapi Murni/Lampung/2024-10-05,153285.65653915046
Daging Sapi Murni/Lampung/2024-10-06,153238.42419523527
Daging Sapi Murni/Lampung/2024-10-07,153171.787110367
Daging Sapi Murni/Lampung/2024-10-08,153221.24561934563
Daging Sapi Murni/Lampung/2024-10-09,153285.3659492405
Daging Sapi Murni/Lampung/2024-10-10,153240.09374163474
Daging Sapi Murni/Lampung/2024-10-11,153206.26724536135
Daging Sapi Murni/Lampung/2024-10-12,153222.69876561678
Daging Sapi Murni/Lampung/2024-10-13,153269.14751065758
Daging Sapi Murni/Lampung/2024-10-14,153259.72121390275
Daging Sapi Murni/Lampung/2024-10-15,153232.42887056072
Daging Sapi Murni/Lampung/2024-10-16,153228.28146340593
Daging Sapi Murni/Lampung/2024-10-17,153228.35685868145
Daging Sapi Murni/Lampung/2024-10-18,153210.99419201768
Daging Sapi Murni/Lampung/2024-10-19,153294.78154848766
Daging Sapi Murni/Lampung/2024-10-20,153229.52386048858
Daging Sapi Murni/Lampung/2024-10-21,153281.22908437406
Daging Sapi Murni/Lampung/2024-10-22,153292.02382177327
Daging Sapi Murni/Lampung/2024-10-23,153275.5080849125
Daging Sapi Murni/Lampung/2024-10-24,153229.297210863
Daging Sapi Murni/Lampung/2024-10-25,153256.5126801008
Daging Sapi Murni/Lampung/2024-10-26,153242.98782428875
Daging Sapi Murni/Lampung/2024-10-27,153212.90732054578
Daging Sapi Murni/Lampung/2024-10-28,153252.6697562674
Daging Sapi Murni/Lampung/2024-10-29,153201.51095643977
Daging Sapi Murni/Lampung/2024-10-30,153280.61563495014
Daging Sapi Murni/Lampung/2024-10-31,153224.93190846097
Daging Sapi Murni/Lampung/2024-11-01,153247.0702385226
Daging Sapi Murni/Lampung/2024-11-02,153250.5249405284
Daging Sapi Murni/Lampung/2024-11-03,153232.2024388671
Daging Sapi Murni/Lampung/2024-11-04,153261.49155545337
Daging Sapi Murni/Lampung/2024-11-05,153225.15138432474
Daging Sapi Murni/Lampung/2024-11-06,153270.58038197178
Daging Sapi Murni/Lampung/2024-11-07,153196.50017361122
Daging Sapi Murni/Lampung/2024-11-08,153245.3931334683
Daging Sapi Murni/Lampung/2024-11-09,153306.04816260896
Daging Sapi Murni/Lampung/2024-11-10,153207.54665771863
Daging Sapi Murni/Lampung/2024-11-11,153218.87860039866
Daging Sapi Murni/Lampung/2024-11-12,153257.93543687896
Daging Sapi Murni/Lampung/2024-11-13,153247.86876048346
Daging Sapi Murni/Lampung/2024-11-14,153253.4957007465
Daging Sapi Murni/Lampung/2024-11-15,153256.59505265937
Daging Sapi Murni/Lampung/2024-11-16,153262.51687540405
Daging Sapi Murni/Lampung/2024-11-17,153279.29315093477
Daging Sapi Murni/Lampung/2024-11-18,153256.01069657484
Daging Sapi Murni/Lampung/2024-11-19,153234.64798483375
Daging Sapi Murni/Lampung/2024-11-20,153265.29162122606
Daging Sapi Murni/Lampung/2024-11-21,153306.30217498387
Daging Sapi Murni/Lampung/2024-11-22,153238.489339409
Daging Sapi Murni/Lampung/2024-11-23,153210.00344304135
Daging Sapi Murni/Lampung/2024-11-24,153279.4776174668
Daging Sapi Murni/Lampung/2024-11-25,153238.91477498767
Daging Sapi Murni/Lampung/2024-11-26,153169.93108678164
Daging Sapi Murni/Lampung/2024-11-27,153268.94004842965
Daging Sapi Murni/Lampung/2024-11-28,153222.5439506961
Daging Sapi Murni/Lampung/2024-11-29,153237.90173044265
Daging Sapi Murni/Lampung/2024-11-30,153250.80642068453
Daging Sapi Murni/Lampung/2024-12-01,153246.0249152529
Daging Sapi Murni/Lampung/2024-12-02,153265.16712476223
Daging Sapi Murni/Lampung/2024-12-03,153226.4025621812
Daging Sapi Murni/Lampung/2024-12-04,153258.700383918
Daging Sapi Murni/Lampung/2024-12-05,153233.1387871949
Daging Sapi Murni/Lampung/2024-12-06,153266.35952751915
Daging Sapi Murni/Lampung/2024-12-07,153262.29400800593
Daging Sapi Murni/Lampung/2024-12-08,153210.17019299162
Daging Sapi Murni/Lampung/2024-12-09,153278.2029144798
Daging Sapi Murni/Lampung/2024-12-10,153223.78038647425
Daging Sapi Murni/Lampung/2024-12-11,153268.99802972458
Daging Sapi Murni/Lampung/2024-12-12,153253.82628510016
Daging Sapi Murni/Lampung/2024-12-13,153302.7090659236
Daging Sapi Murni/Lampung/2024-12-14,153235.1735433137
Daging Sapi Murni/Lampung/2024-12-15,153230.60500323222
Daging Sapi Murni/Lampung/2024-12-16,153242.42288311914
Daging Sapi Murni/Lampung/2024-12-17,153232.4346583972
Daging Sapi Murni/Lampung/2024-12-18,153268.98382653572
Daging Sapi Murni/Lampung/2024-12-19,153186.78563981806
Daging Sapi Murni/Lampung/2024-12-20,153205.55135910658
Daging Sapi Murni/Lampung/2024-12-21,153204.89531366428
Daging Sapi Murni/Lampung/2024-12-22,153271.62488349376
Daging Sapi Murni/Lampung/2024-12-23,153296.7902506092
Daging Sapi Murni/Lampung/2024-12-24,153235.50731855183
Daging Sapi Murni/Lampung/2024-12-25,153235.00611931612
Daging Sapi Murni/Lampung/2024-12-26,153244.16737839638
Daging Sapi Murni/Lampung/2024-12-27,153281.76386900683
Daging Sapi Murni/Lampung/2024-12-28,153211.50601297832
Daging Sapi Murni/Lampung/2024-12-29,153249.19552296164
Daging Sapi Murni/Lampung/2024-12-30,153274.03781434466
Daging Sapi Murni/Lampung/2024-12-31,153258.57966053995
Daging Sapi Murni/Maluku Utara/2024-10-01,153248.42870141545
Daging Sapi Murni/Maluku Utara/2024-10-02,153274.88086947516
Daging Sapi Murni/Maluku Utara/2024-10-03,153152.31203960365
Daging Sapi Murni/Maluku Utara/2024-10-04,153265.0127614799
Daging Sapi Murni/Maluku Utara/2024-10-05,153219.487525567
Daging Sapi Murni/Maluku Utara/2024-10-06,153179.41093986563
Daging Sapi Murni/Maluku Utara/2024-10-07,153256.8401236811
Daging Sapi Murni/Maluku Utara/2024-10-08,153284.28268264743
Daging Sapi Murni/Maluku Utara/2024-10-09,153235.91343277058
Daging Sapi Murni/Maluku Utara/2024-10-10,153271.830054051
Daging Sapi Murni/Maluku Utara/2024-10-11,153294.72896414888
Daging Sapi Murni/Maluku Utara/2024-10-12,153286.9867166868
Daging Sapi Murni/Maluku Utara/2024-10-13,153298.3353063382
Daging Sapi Murni/Maluku Utara/2024-10-14,153268.34433227306
Daging Sapi Murni/Maluku Utara/2024-10-15,153247.2815359882
Daging Sapi Murni/Maluku Utara/2024-10-16,153191.32997121365
Daging Sapi Murni/Maluku Utara/2024-10-17,153235.58238101605
Daging Sapi Murni/Maluku Utara/2024-10-18,153214.3973148583
Daging Sapi Murni/Maluku Utara/2024-10-19,153313.31963935035
Daging Sapi Murni/Maluku Utara/2024-10-20,153234.22929925658
Daging Sapi Murni/Maluku Utara/2024-10-21,153244.25036774646
Daging Sapi Murni/Maluku Utara/2024-10-22,153260.06109014695
Daging Sapi Murni/Maluku Utara/2024-10-23,153243.55012623323
Daging Sapi Murni/Maluku Utara/2024-10-24,153299.6655766757
Daging Sapi Murni/Maluku Utara/2024-10-25,153220.90998940993
Daging Sapi Murni/Maluku Utara/2024-10-26,153248.7739535513
Daging Sapi Murni/Maluku Utara/2024-10-27,153217.68147727655
Daging Sapi Murni/Maluku Utara/2024-10-28,153197.96206671614
Daging Sapi Murni/Maluku Utara/2024-10-29,153221.24684334395
Daging Sapi Murni/Maluku Utara/2024-10-30,153238.46124105484
Daging Sapi Murni/Maluku Utara/2024-10-31,153225.36031803305
Daging Sapi Murni/Maluku Utara/2024-11-01,153215.93180447115
Daging Sapi Murni/Maluku Utara/2024-11-02,153192.21795778972
Daging Sapi Murni/Maluku Utara/2024-11-03,153236.90120684975
Daging Sapi Murni/Maluku Utara/2024-11-04,153189.30295955707
Daging Sapi Murni/Maluku Utara/2024-11-05,153264.30241722663
Daging Sapi Murni/Maluku Utara/2024-11-06,153241.54438763304
Daging Sapi Murni/Maluku Utara/2024-11-07,153190.4413186831
Daging Sapi Murni/Maluku Utara/2024-11-08,153229.65253737898
Daging Sapi Murni/Maluku Utara/2024-11-09,153214.53283838448
Daging Sapi Murni/Maluku Utara/2024-11-10,153251.12191753468
Daging Sapi Murni/Maluku Utara/2024-11-11,153284.2807056502
Daging Sapi Murni/Maluku Utara/2024-11-12,153176.82104145506
Daging Sapi Murni/Maluku Utara/2024-11-13,153244.43463115746
Daging Sapi Murni/Maluku Utara/2024-11-14,153235.3400591224
Daging Sapi Murni/Maluku Utara/2024-11-15,153263.57946395685
Daging Sapi Murni/Maluku Utara/2024-11-16,153247.95709496096
Daging Sapi Murni/Maluku Utara/2024-11-17,153214.6896995754
Daging Sapi Murni/Maluku Utara/2024-11-18,153230.74742493738
Daging Sapi Murni/Maluku Utara/2024-11-19,153214.60731034243
Daging Sapi Murni/Maluku Utara/2024-11-20,153277.0008663497
Daging Sapi Murni/Maluku Utara/2024-11-21,153241.07081653972
Daging Sapi Murni/Maluku Utara/2024-11-22,153303.71669467713
Daging Sapi Murni/Maluku Utara/2024-11-23,153239.24229667202
Daging Sapi Murni/Maluku Utara/2024-11-24,153218.36175625774
Daging Sapi Murni/Maluku Utara/2024-11-25,153192.39888706867
Daging Sapi Murni/Maluku Utara/2024-11-26,153181.66381692523
Daging Sapi Murni/Maluku Utara/2024-11-27,153188.29597012934
Daging Sapi Murni/Maluku Utara/2024-11-28,153247.52964989937
Daging Sapi Murni/Maluku Utara/2024-11-29,153254.72028966603
Daging Sapi Murni/Maluku Utara/2024-11-30,153184.90881842418
Daging Sapi Murni/Maluku Utara/2024-12-01,153268.33678360673
Daging Sapi Murni/Maluku Utara/2024-12-02,153223.5143937346
Daging Sapi Murni/Maluku Utara/2024-12-03,153245.68006383706
Daging Sapi Murni/Maluku Utara/2024-12-04,153294.3579145075
Daging Sapi Murni/Maluku Utara/2024-12-05,153270.34298440407
Daging Sapi Murni/Maluku Utara/2024-12-06,153233.31621870867
Daging Sapi Murni/Maluku Utara/2024-12-07,153212.29911809743
Daging Sapi Murni/Maluku Utara/2024-12-08,153170.78469809983
Daging Sapi Murni/Maluku Utara/2024-12-09,153218.13302119388
Daging Sapi Murni/Maluku Utara/2024-12-10,153233.04968468758
Daging Sapi Murni/Maluku Utara/2024-12-11,153205.64321561996
Daging Sapi Murni/Maluku Utara/2024-12-12,153233.69932525803
Daging Sapi Murni/Maluku Utara/2024-12-13,153240.79303369817
Daging Sapi Murni/Maluku Utara/2024-12-14,153232.09803298346
Daging Sapi Murni/Maluku Utara/2024-12-15,153218.19799498428
Daging Sapi Murni/Maluku Utara/2024-12-16,153245.458278267
Daging Sapi Murni/Maluku Utara/2024-12-17,153255.2574428744
Daging Sapi Murni/Maluku Utara/2024-12-18,153204.1698899928
Daging Sapi Murni/Maluku Utara/2024-12-19,153287.5680170659
Daging Sapi Murni/Maluku Utara/2024-12-20,153237.4086079212
Daging Sapi Murni/Maluku Utara/2024-12-21,153242.03964162638
Daging Sapi Murni/Maluku Utara/2024-12-22,153265.10329619772
Daging Sapi Murni/Maluku Utara/2024-12-23,153249.11771175967
Daging Sapi Murni/Maluku Utara/2024-12-24,153274.37039479284
Daging Sapi Murni/Maluku Utara/2024-12-25,153251.35996359235
Daging Sapi Murni/Maluku Utara/2024-12-26,153221.82208038532
Daging Sapi Murni/Maluku Utara/2024-12-27,153254.58404930515
Daging Sapi Murni/Maluku Utara/2024-12-28,153203.85284595174
Daging Sapi Murni/Maluku Utara/2024-12-29,153245.38123120985
Daging Sapi Murni/Maluku Utara/2024-12-30,153239.61956262245
Daging Sapi Murni/Maluku Utara/2024-12-31,153233.3401174063
Daging Sapi Murni/Maluku/2024-10-01,153236.3194206728
Daging Sapi Murni/Maluku/2024-10-02,153177.25286850787
Daging Sapi Murni/Maluku/2024-10-03,153222.27842064417
Daging Sapi Murni/Maluku/2024-10-04,153243.00327578647
Daging Sapi Murni/Maluku/2024-10-05,153244.7447728089
Daging Sapi Murni/Maluku/2024-10-06,153204.90475522025
Daging Sapi Murni/Maluku/2024-10-07,153281.2868782719
Daging Sapi Murni/Maluku/2024-10-08,153211.5831660282
Daging Sapi Murni/Maluku/2024-10-09,153273.29921063685
Daging Sapi Murni/Maluku/2024-10-10,153255.20896459004
Daging Sapi Murni/Maluku/2024-10-11,153219.46578796493
Daging Sapi Murni/Maluku/2024-10-12,153301.39738615844
Daging Sapi Murni/Maluku/2024-10-13,153201.54770938944
Daging Sapi Murni/Maluku/2024-10-14,153273.05648202437
Daging Sapi Murni/Maluku/2024-10-15,153275.19639341923
Daging Sapi Murni/Maluku/2024-10-16,153219.38289946283
Daging Sapi Murni/Maluku/2024-10-17,153289.11398907527
Daging Sapi Murni/Maluku/2024-10-18,153233.1262334401
Daging Sapi Murni/Maluku/2024-10-19,153252.4528106845
Daging Sapi Murni/Maluku/2024-10-20,153250.99820687628
Daging Sapi Murni/Maluku/2024-10-21,153237.2151028295
Daging Sapi Murni/Maluku/2024-10-22,153269.50484171903
Daging Sapi Murni/Maluku/2024-10-23,153267.97453931157
Daging Sapi Murni/Maluku/2024-10-24,153183.609441528
Daging Sapi Murni/Maluku/2024-10-25,153285.3826018238
Daging Sapi Murni/Maluku/2024-10-26,153186.11906890656
Daging Sapi Murni/Maluku/2024-10-27,153276.093182653
Daging Sapi Murni/Maluku/2024-10-28,153278.44671823745
Daging Sapi Murni/Maluku/2024-10-29,153203.87012090278
Daging Sapi Murni/Maluku/2024-10-30,153228.1271168139
Daging Sapi Murni/Maluku/2024-10-31,153203.74690234393
Daging Sapi Murni/Maluku/2024-11-01,153234.55985580306
Daging Sapi Murni/Maluku/2024-11-02,153230.1453329657
Daging Sapi Murni/Maluku/2024-11-03,153265.1193977436
Daging Sapi Murni/Maluku/2024-11-04,153283.6096991318
Daging Sapi Murni/Maluku/2024-11-05,153287.01928346892
Daging Sapi Murni/Maluku/2024-11-06,153223.14429056118
Daging Sapi Murni/Maluku/2024-11-07,153235.6390536974
Daging Sapi Murni/Maluku/2024-11-08,153186.9794061346
Daging Sapi Murni/Maluku/2024-11-09,153215.54201497167
Daging Sapi Murni/Maluku/2024-11-10,153273.14588108196
Daging Sapi Murni/Maluku/2024-11-11,153293.38985655908
Daging Sapi Murni/Maluku/2024-11-12,153198.7286621413
Daging Sapi Murni/Maluku/2024-11-13,153220.4123055965
Daging Sapi Murni/Maluku/2024-11-14,153240.6349874715
Daging Sapi Murni/Maluku/2024-11-15,153251.3832247666
Daging Sapi Murni/Maluku/2024-11-16,153214.04894528157
Daging Sapi Murni/Maluku/2024-11-17,153253.7389961813
Daging Sapi Murni/Maluku/2024-11-18,153224.67661180877
Daging Sapi Murni/Maluku/2024-11-19,153240.40937018886
Daging Sapi Murni/Maluku/2024-11-20,153259.0276488974
Daging Sapi Murni/Maluku/2024-11-21,153240.7310917332
Daging Sapi Murni/Maluku/2024-11-22,153226.6724594424
Daging Sapi Murni/Maluku/2024-11-23,153237.2698638286
Daging Sapi Murni/Maluku/2024-11-24,153238.33004652613
Daging Sapi Murni/Maluku/2024-11-25,153228.842078251
Daging Sapi Murni/Maluku/2024-11-26,153231.9496768469
Daging Sapi Murni/Maluku/2024-11-27,153293.83129083904
Daging Sapi Murni/Maluku/2024-11-28,153259.6494279816
Daging Sapi Murni/Maluku/2024-11-29,153231.4826594286
Daging Sapi Murni/Maluku/2024-11-30,153265.03841847763
Daging Sapi Murni/Maluku/2024-12-01,153231.26560898233
Daging Sapi Murni/Maluku/2024-12-02,153282.07755473346
Daging Sapi Murni/Maluku/2024-12-03,153254.24334342027
Daging Sapi Murni/Maluku/2024-12-04,153238.22668877116
Daging Sapi Murni/Maluku/2024-12-05,153257.33290845854
Daging Sapi Murni/Maluku/2024-12-06,153189.5889008207
Daging Sapi Murni/Maluku/2024-12-07,153204.6096361132
Daging Sapi Murni/Maluku/2024-12-08,153200.91536455965
Daging Sapi Murni/Maluku/2024-12-09,153244.54259716228
Daging Sapi Murni/Maluku/2024-12-10,153297.07895604888
Daging Sapi Murni/Maluku/2024-12-11,153313.19558232673
Daging Sapi Murni/Maluku/2024-12-12,153261.79668338693
Daging Sapi Murni/Maluku/2024-12-13,153258.98163609795
Daging Sapi Murni/Maluku/2024-12-14,153183.9389816337
Daging Sapi Murni/Maluku/2024-12-15,153226.2313303877
Daging Sapi Murni/Maluku/2024-12-16,153216.5363508127
Daging Sapi Murni/Maluku/2024-12-17,153219.88904028968
Daging Sapi Murni/Maluku/2024-12-18,153233.93585696805
Daging Sapi Murni/Maluku/2024-12-19,153222.83085332476
Daging Sapi Murni/Maluku/2024-12-20,153173.46213542024
Daging Sapi Murni/Maluku/2024-12-21,153264.27552337298
Daging Sapi Murni/Maluku/2024-12-22,153203.5221451518
Daging Sapi Murni/Maluku/2024-12-23,153247.3421829821
Daging Sapi Murni/Maluku/2024-12-24,153308.43411957688
Daging Sapi Murni/Maluku/2024-12-25,153209.00912018504
Daging Sapi Murni/Maluku/2024-12-26,153157.0504211233
Daging Sapi Murni/Maluku/2024-12-27,153231.13537299607
Daging Sapi Murni/Maluku/2024-12-28,153277.8623536601
Daging Sapi Murni/Maluku/2024-12-29,153306.0042347156
Daging Sapi Murni/Maluku/2024-12-30,153197.97708458532
Daging Sapi Murni/Maluku/2024-12-31,153256.66547610596
Daging Sapi Murni/Nusa Tenggara Barat/2024-10-01,153226.88086154996
Daging Sapi Murni/Nusa Tenggara Barat/2024-10-02,153239.2395789377
Daging Sapi Murni/Nusa Tenggara Barat/2024-10-03,153330.1871668221
Daging Sapi Murni/Nusa Tenggara Barat/2024-10-04,153190.39027005504
Daging Sapi Murni/Nusa Tenggara Barat/2024-10-05,153250.43914300276
Daging Sapi Murni/Nusa Tenggara Barat/2024-10-06,153257.40375460582
Daging Sapi Murni/Nusa Tenggara Barat/2024-10-07,153278.61716061892
Daging Sapi Murni/Nusa Tenggara Barat/2024-10-08,153246.00356385877
Daging Sapi Murni/Nusa Tenggara Barat/2024-10-09,153251.16443047384
Daging Sapi Murni/Nusa Tenggara Barat/2024-10-10,153229.41986835745
Daging Sapi Murni/Nusa Tenggara Barat/2024-10-11,153251.48920309223
Daging Sapi Murni/Nusa Tenggara Barat/2024-10-12,153230.7618826269
Daging Sapi Murni/Nusa Tenggara Barat/2024-10-13,153262.079011654
Daging Sapi Murni/Nusa Tenggara Barat/2024-10-14,153228.91832433557
Daging Sapi Murni/Nusa Tenggara Barat/2024-10-15,153253.657793272
Daging Sapi Murni/Nusa Tenggara Barat/2024-10-16,153240.45439381798
Daging Sapi Murni/Nusa Tenggara Barat/2024-10-17,153278.88157778388
Daging Sapi Murni/Nusa Tenggara Barat/2024-10-18,153240.06295940652
Daging Sapi Murni/Nusa Tenggara Barat/2024-10-19,153182.29520144605
Daging Sapi Murni/Nusa Tenggara Barat/2024-10-20,153283.91950806137
Daging Sapi Murni/Nusa Tenggara Barat/2024-10-21,153211.1585370853
Daging Sapi Murni/Nusa Tenggara Barat/2024-10-22,153219.44302966227
Daging Sapi Murni/Nusa Tenggara Barat/2024-10-23,153220.14499633602
Daging Sapi Murni/Nusa Tenggara Barat/2024-10-24,153285.6148464984
Daging Sapi Murni/Nusa Tenggara Barat/2024-10-25,153169.70227260675
Daging Sapi Murni/Nusa Tenggara Barat/2024-10-26,153344.50487836945
Daging Sapi Murni/Nusa Tenggara Barat/2024-10-27,153275.90253239658
Daging Sapi Murni/Nusa Tenggara Barat/2024-10-28,153249.22409608454
Daging Sapi Murni/Nusa Tenggara Barat/2024-10-29,153241.13730492874
Daging Sapi Murni/Nusa Tenggara Barat/2024-10-30,153251.96394741474
Daging Sapi Murni/Nusa Tenggara Barat/2024-10-31,153262.02796328216
Daging Sapi Murni/Nusa Tenggara Barat/2024-11-01,153263.95294925064
Daging Sapi Murni/Nusa Tenggara Barat/2024-11-02,153260.46109095067
Daging Sapi Murni/Nusa Tenggara Barat/2024-11-03,153245.1229415363
Daging Sapi Murni/Nusa Tenggara Barat/2024-11-04,153235.930792501
Daging Sapi Murni/Nusa Tenggara Barat/2024-11-05,153237.4519898465
Daging Sapi Murni/Nusa Tenggara Barat/2024-11-06,153235.57461967604
Daging Sapi Murni/Nusa Tenggara Barat/2024-11-07,153279.38433842297
Daging Sapi Murni/Nusa Tenggara Barat/2024-11-08,153261.00124428258
Daging Sapi Murni/Nusa Tenggara Barat/2024-11-09,153143.12767272693
Daging Sapi Murni/Nusa Tenggara Barat/2024-11-10,153263.213252397
Daging Sapi Murni/Nusa Tenggara Barat/2024-11-11,153247.6038449991
Daging Sapi Murni/Nusa Tenggara Barat/2024-11-12,153240.37096718577
Daging Sapi Murni/Nusa Tenggara Barat/2024-11-13,153226.88964985506
Daging Sapi Murni/Nusa Tenggara Barat/2024-11-14,153276.79441115208
Daging Sapi Murni/Nusa Tenggara Barat/2024-11-15,153273.46494396857
Daging Sapi Murni/Nusa Tenggara Barat/2024-11-16,153215.7872163332
Daging Sapi Murni/Nusa Tenggara Barat/2024-11-17,153255.29008027585
Daging Sapi Murni/Nusa Tenggara Barat/2024-11-18,153209.44941954987
Daging Sapi Murni/Nusa Tenggara Barat/2024-11-19,153196.1355609016
Daging Sapi Murni/Nusa Tenggara Barat/2024-11-20,153219.9985894324
Daging Sapi Murni/Nusa Tenggara Barat/2024-11-21,153268.35599708537
Daging Sapi Murni/Nusa Tenggara Barat/2024-11-22,153271.64966616302
Daging Sapi Murni/Nusa Tenggara Barat/2024-11-23,153256.58503441513
Daging Sapi Murni/Nusa Tenggara Barat/2024-11-24,153264.7307466696
Daging Sapi Murni/Nusa Tenggara Barat/2024-11-25,153259.3384966589
Daging Sapi Murni/Nusa Tenggara Barat/2024-11-26,153221.70149373147
Daging Sapi Murni/Nusa Tenggara Barat/2024-11-27,153257.1857597376
Daging Sapi Murni/Nusa Tenggara Barat/2024-11-28,153268.9451332695
Daging Sapi Murni/Nusa Tenggara Barat/2024-11-29,153267.2985603723
Daging Sapi Murni/Nusa Tenggara Barat/2024-11-30,153281.63621397183
Daging Sapi Murni/Nusa Tenggara Barat/2024-12-01,153265.72833657422
Daging Sapi Murni/Nusa Tenggara Barat/2024-12-02,153254.99163275072
Daging Sapi Murni/Nusa Tenggara Barat/2024-12-03,153279.262634237
Daging Sapi Murni/Nusa Tenggara Barat/2024-12-04,153242.6067450522
Daging Sapi Murni/Nusa Tenggara Barat/2024-12-05,153213.9172811474
Daging Sapi Murni/Nusa Tenggara Barat/2024-12-06,153237.13795221082
Daging Sapi Murni/Nusa Tenggara Barat/2024-12-07,153217.07571718146
Daging Sapi Murni/Nusa Tenggara Barat/2024-12-08,153218.82518853957
Daging Sapi Murni/Nusa Tenggara Barat/2024-12-09,153235.20202674042
Daging Sapi Murni/Nusa Tenggara Barat/2024-12-10,153213.11406665703
Daging Sapi Murni/Nusa Tenggara Barat/2024-12-11,153229.53388767745
Daging Sapi Murni/Nusa Tenggara Barat/2024-12-12,153176.21202121794
Daging Sapi Murni/Nusa Tenggara Barat/2024-12-13,153246.526663791
Daging Sapi Murni/Nusa Tenggara Barat/2024-12-14,153239.3744925445
Daging Sapi Murni/Nusa Tenggara Barat/2024-12-15,153211.7129749415
Daging Sapi Murni/Nusa Tenggara Barat/2024-12-16,153261.3025438844
Daging Sapi Murni/Nusa Tenggara Barat/2024-12-17,153270.68008061984
Daging Sapi Murni/Nusa Tenggara Barat/2024-12-18,153187.35753452795
Daging Sapi Murni/Nusa Tenggara Barat/2024-12-19,153215.35490885942
Daging Sapi Murni/Nusa Tenggara Barat/2024-12-20,153214.86632743498
Daging Sapi Murni/Nusa Tenggara Barat/2024-12-21,153209.39581585478
Daging Sapi Murni/Nusa Tenggara Barat/2024-12-22,153267.35572082072
Daging Sapi Murni/Nusa Tenggara Barat/2024-12-23,153231.99352170952
Daging Sapi Murni/Nusa Tenggara Barat/2024-12-24,153230.73614667985
Daging Sapi Murni/Nusa Tenggara Barat/2024-12-25,153173.09893271106
Daging Sapi Murni/Nusa Tenggara Barat/2024-12-26,153261.47256637292
Daging Sapi Murni/Nusa Tenggara Barat/2024-12-27,153199.2041763945
Daging Sapi Murni/Nusa Tenggara Barat/2024-12-28,153241.41457515277
Daging Sapi Murni/Nusa Tenggara Barat/2024-12-29,153248.44103516635
Daging Sapi Murni/Nusa Tenggara Barat/2024-12-30,153284.63585079505
Daging Sapi Murni/Nusa Tenggara Barat/2024-12-31,153197.26815097575
Daging Sapi Murni/Nusa Tenggara Timur/2024-10-01,153139.61781598476
Daging Sapi Murni/Nusa Tenggara Timur/2024-10-02,153247.10501720285
Daging Sapi Murni/Nusa Tenggara Timur/2024-10-03,153300.3853370464
Daging Sapi Murni/Nusa Tenggara Timur/2024-10-04,153281.12091215333
Daging Sapi Murni/Nusa Tenggara Timur/2024-10-05,153245.8252020698
Daging Sapi Murni/Nusa Tenggara Timur/2024-10-06,153223.94375093956
Daging Sapi Murni/Nusa Tenggara Timur/2024-10-07,153270.25030761282
Daging Sapi Murni/Nusa Tenggara Timur/2024-10-08,153210.9526547074
Daging Sapi Murni/Nusa Tenggara Timur/2024-10-09,153257.98692780908
Daging Sapi Murni/Nusa Tenggara Timur/2024-10-10,153257.9818795925
Daging Sapi Murni/Nusa Tenggara Timur/2024-10-11,153276.51970950654
Daging Sapi Murni/Nusa Tenggara Timur/2024-10-12,153334.08024615794
Daging Sapi Murni/Nusa Tenggara Timur/2024-10-13,153255.13482620838
Daging Sapi Murni/Nusa Tenggara Timur/2024-10-14,153226.7751684807
Daging Sapi Murni/Nusa Tenggara Timur/2024-10-15,153243.2569552778
Daging Sapi Murni/Nusa Tenggara Timur/2024-10-16,153185.0253874424
Daging Sapi Murni/Nusa Tenggara Timur/2024-10-17,153219.92280684368
Daging Sapi Murni/Nusa Tenggara Timur/2024-10-18,153226.66884343818
Daging Sapi Murni/Nusa Tenggara Timur/2024-10-19,153221.9071696595
Daging Sapi Murni/Nusa Tenggara Timur/2024-10-20,153244.30580601303
Daging Sapi Murni/Nusa Tenggara Timur/2024-10-21,153211.2799011599
Daging Sapi Murni/Nusa Tenggara Timur/2024-10-22,153277.2403951019
Daging Sapi Murni/Nusa Tenggara Timur/2024-10-23,153240.2161779942
Daging Sapi Murni/Nusa Tenggara Timur/2024-10-24,153240.29380837403
Daging Sapi Murni/Nusa Tenggara Timur/2024-10-25,153230.20697310983
Daging Sapi Murni/Nusa Tenggara Timur/2024-10-26,153246.2862356064
Daging Sapi Murni/Nusa Tenggara Timur/2024-10-27,153269.41943042798
Daging Sapi Murni/Nusa Tenggara Timur/2024-10-28,153212.11245347702
Daging Sapi Murni/Nusa Tenggara Timur/2024-10-29,153219.13556893164
Daging Sapi Murni/Nusa Tenggara Timur/2024-10-30,153230.84199768564
Daging Sapi Murni/Nusa Tenggara Timur/2024-10-31,153196.02786539675
Daging Sapi Murni/Nusa Tenggara Timur/2024-11-01,153212.98277035131
Daging Sapi Murni/Nusa Tenggara Timur/2024-11-02,153223.07268142558
Daging Sapi Murni/Nusa Tenggara Timur/2024-11-03,153268.26766759105
Daging Sapi Murni/Nusa Tenggara Timur/2024-11-04,153248.01977832173
Daging Sapi Murni/Nusa Tenggara Timur/2024-11-05,153245.8816411237
Daging Sapi Murni/Nusa Tenggara Timur/2024-11-06,153269.0596870648
Daging Sapi Murni/Nusa Tenggara Timur/2024-11-07,153237.02847842485
Daging Sapi Murni/Nusa Tenggara Timur/2024-11-08,153255.38692366247
Daging Sapi Murni/Nusa Tenggara Timur/2024-11-09,153238.4769059442
Daging Sapi Murni/Nusa Tenggara Timur/2024-11-10,153250.80647942304
Daging Sapi Murni/Nusa Tenggara Timur/2024-11-11,153222.50867184717
Daging Sapi Murni/Nusa Tenggara Timur/2024-11-12,153159.7985993976
Daging Sapi Murni/Nusa Tenggara Timur/2024-11-13,153236.39807269664
Daging Sapi Murni/Nusa Tenggara Timur/2024-11-14,153287.41495709098
Daging Sapi Murni/Nusa Tenggara Timur/2024-11-15,153270.575731348
Daging Sapi Murni/Nusa Tenggara Timur/2024-11-16,153271.73655861817
Daging Sapi Murni/Nusa Tenggara Timur/2024-11-17,153281.7086601766
Daging Sapi Murni/Nusa Tenggara Timur/2024-11-18,153246.1430027001
Daging Sapi Murni/Nusa Tenggara Timur/2024-11-19,153250.58568961456
Daging Sapi Murni/Nusa Tenggara Timur/2024-11-20,153222.73416554977
Daging Sapi Murni/Nusa Tenggara Timur/2024-11-21,153232.31031108674
Daging Sapi Murni/Nusa Tenggara Timur/2024-11-22,153262.68404347822
Daging Sapi Murni/Nusa Tenggara Timur/2024-11-23,153281.3447372231
Daging Sapi Murni/Nusa Tenggara Timur/2024-11-24,153236.59888955933
Daging Sapi Murni/Nusa Tenggara Timur/2024-11-25,153226.2897895943
Daging Sapi Murni/Nusa Tenggara Timur/2024-11-26,153241.99425274608
Daging Sapi Murni/Nusa Tenggara Timur/2024-11-27,153262.36364961424
Daging Sapi Murni/Nusa Tenggara Timur/2024-11-28,153193.59760825266
Daging Sapi Murni/Nusa Tenggara Timur/2024-11-29,153163.94703462362
Daging Sapi Murni/Nusa Tenggara Timur/2024-11-30,153221.72898583428
Daging Sapi Murni/Nusa Tenggara Timur/2024-12-01,153198.86086735583
Daging Sapi Murni/Nusa Tenggara Timur/2024-12-02,153221.66782127318
Daging Sapi Murni/Nusa Tenggara Timur/2024-12-03,153232.257281012
Daging Sapi Murni/Nusa Tenggara Timur/2024-12-04,153222.55041432052
Daging Sapi Murni/Nusa Tenggara Timur/2024-12-05,153287.64049093548
Daging Sapi Murni/Nusa Tenggara Timur/2024-12-06,153250.41679560195
Daging Sapi Murni/Nusa Tenggara Timur/2024-12-07,153250.76371941168
Daging Sapi Murni/Nusa Tenggara Timur/2024-12-08,153262.2922131938
Daging Sapi Murni/Nusa Tenggara Timur/2024-12-09,153204.05196235425
Daging Sapi Murni/Nusa Tenggara Timur/2024-12-10,153277.40907949267
Daging Sapi Murni/Nusa Tenggara Timur/2024-12-11,153239.15005133185
Daging Sapi Murni/Nusa Tenggara Timur/2024-12-12,153263.9833712526
Daging Sapi Murni/Nusa Tenggara Timur/2024-12-13,153205.7467573283
Daging Sapi Murni/Nusa Tenggara Timur/2024-12-14,153189.14481604964
Daging Sapi Murni/Nusa Tenggara Timur/2024-12-15,153268.96815234414
Daging Sapi Murni/Nusa Tenggara Timur/2024-12-16,153253.00509839202
Daging Sapi Murni/Nusa Tenggara Timur/2024-12-17,153210.18397602398
Daging Sapi Murni/Nusa Tenggara Timur/2024-12-18,153210.49654130897
Daging Sapi Murni/Nusa Tenggara Timur/2024-12-19,153277.7280450599
Daging Sapi Murni/Nusa Tenggara Timur/2024-12-20,153201.562205627
Daging Sapi Murni/Nusa Tenggara Timur/2024-12-21,153295.26521267518
Daging Sapi Murni/Nusa Tenggara Timur/2024-12-22,153210.04903065696
Daging Sapi Murni/Nusa Tenggara Timur/2024-12-23,153262.28629314763
Daging Sapi Murni/Nusa Tenggara Timur/2024-12-24,153230.86037307375
Daging Sapi Murni/Nusa Tenggara Timur/2024-12-25,153261.14656950315
Daging Sapi Murni/Nusa Tenggara Timur/2024-12-26,153223.92460722767
Daging Sapi Murni/Nusa Tenggara Timur/2024-12-27,153235.34689118594
Daging Sapi Murni/Nusa Tenggara Timur/2024-12-28,153242.88340713602
Daging Sapi Murni/Nusa Tenggara Timur/2024-12-29,153207.43734917798
Daging Sapi Murni/Nusa Tenggara Timur/2024-12-30,153265.69277141368
Daging Sapi Murni/Nusa Tenggara Timur/2024-12-31,153223.15547103283
Daging Sapi Murni/Papua Barat/2024-10-01,153232.95156384076
Daging Sapi Murni/Papua Barat/2024-10-02,153207.34750660896
Daging Sapi Murni/Papua Barat/2024-10-03,153154.5867526811
Daging Sapi Murni/Papua Barat/2024-10-04,153233.86044786585
Daging Sapi Murni/Papua Barat/2024-10-05,153319.35285822436
Daging Sapi Murni/Papua Barat/2024-10-06,153265.1138710839
Daging Sapi Murni/Papua Barat/2024-10-07,153238.66459210572
Daging Sapi Murni/Papua Barat/2024-10-08,153231.7662766236
Daging Sapi Murni/Papua Barat/2024-10-09,153243.7924731255
Daging Sapi Murni/Papua Barat/2024-10-10,153261.68967874287
Daging Sapi Murni/Papua Barat/2024-10-11,153202.15685486718
Daging Sapi Murni/Papua Barat/2024-10-12,153278.16095294934
Daging Sapi Murni/Papua Barat/2024-10-13,153264.94406854923
Daging Sapi Murni/Papua Barat/2024-10-14,153265.51279111934
Daging Sapi Murni/Papua Barat/2024-10-15,153256.503886881
Daging Sapi Murni/Papua Barat/2024-10-16,153242.47092766222
Daging Sapi Murni/Papua Barat/2024-10-17,153265.67809344098
Daging Sapi Murni/Papua Barat/2024-10-18,153262.4504401452
Daging Sapi Murni/Papua Barat/2024-10-19,153230.66866042625
Daging Sapi Murni/Papua Barat/2024-10-20,153223.00540449764
Daging Sapi Murni/Papua Barat/2024-10-21,153245.25577907343
Daging Sapi Murni/Papua Barat/2024-10-22,153293.55400661583
Daging Sapi Murni/Papua Barat/2024-10-23,153199.99997656897
Daging Sapi Murni/Papua Barat/2024-10-24,153191.90488152293
Daging Sapi Murni/Papua Barat/2024-10-25,153246.43786865697
Daging Sapi Murni/Papua Barat/2024-10-26,153242.74353810982
Daging Sapi Murni/Papua Barat/2024-10-27,153246.4261074555
Daging Sapi Murni/Papua Barat/2024-10-28,153247.28949373754
Daging Sapi Murni/Papua Barat/2024-10-29,153232.6930303749
Daging Sapi Murni/Papua Barat/2024-10-30,153291.18740142928
Daging Sapi Murni/Papua Barat/2024-10-31,153188.05899038684
Daging Sapi Murni/Papua Barat/2024-11-01,153213.86225163846
Daging Sapi Murni/Papua Barat/2024-11-02,153237.72427255317
Daging Sapi Murni/Papua Barat/2024-11-03,153185.77819811495
Daging Sapi Murni/Papua Barat/2024-11-04,153234.4058154459
Daging Sapi Murni/Papua Barat/2024-11-05,153293.91537445274
Daging Sapi Murni/Papua Barat/2024-11-06,153240.2511761459
Daging Sapi Murni/Papua Barat/2024-11-07,153248.01927511644
Daging Sapi Murni/Papua Barat/2024-11-08,153198.4911482477
Daging Sapi Murni/Papua Barat/2024-11-09,153221.3623180474
Daging Sapi Murni/Papua Barat/2024-11-10,153229.32369334783
Daging Sapi Murni/Papua Barat/2024-11-11,153229.52373541152
Daging Sapi Murni/Papua Barat/2024-11-12,153282.5666883606
Daging Sapi Murni/Papua Barat/2024-11-13,153258.12283755926
Daging Sapi Murni/Papua Barat/2024-11-14,153203.6167908633
Daging Sapi Murni/Papua Barat/2024-11-15,153249.5604810077
Daging Sapi Murni/Papua Barat/2024-11-16,153258.29523599273
Daging Sapi Murni/Papua Barat/2024-11-17,153280.11320410614
Daging Sapi Murni/Papua Barat/2024-11-18,153294.08574441876
Daging Sapi Murni/Papua Barat/2024-11-19,153207.55860193694
Daging Sapi Murni/Papua Barat/2024-11-20,153215.79169951312
Daging Sapi Murni/Papua Barat/2024-11-21,153200.79017080303
Daging Sapi Murni/Papua Barat/2024-11-22,153234.2676019271
Daging Sapi Murni/Papua Barat/2024-11-23,153256.22241238318
Daging Sapi Murni/Papua Barat/2024-11-24,153271.95986564236
Daging Sapi Murni/Papua Barat/2024-11-25,153237.27597424595
Daging Sapi Murni/Papua Barat/2024-11-26,153229.91928537065
Daging Sapi Murni/Papua Barat/2024-11-27,153246.80696130285
Daging Sapi Murni/Papua Barat/2024-11-28,153214.08246005134
Daging Sapi Murni/Papua Barat/2024-11-29,153311.31310667275
Daging Sapi Murni/Papua Barat/2024-11-30,153187.19999632868
Daging Sapi Murni/Papua Barat/2024-12-01,153247.2101720988
Daging Sapi Murni/Papua Barat/2024-12-02,153308.9141553025
Daging Sapi Murni/Papua Barat/2024-12-03,153241.71329903536
Daging Sapi Murni/Papua Barat/2024-12-04,153236.22287657755
Daging Sapi Murni/Papua Barat/2024-12-05,153229.20806560465
Daging Sapi Murni/Papua Barat/2024-12-06,153236.63140866504
Daging Sapi Murni/Papua Barat/2024-12-07,153288.3881991568
Daging Sapi Murni/Papua Barat/2024-12-08,153167.08873688124
Daging Sapi Murni/Papua Barat/2024-12-09,153292.05346903933
Daging Sapi Murni/Papua Barat/2024-12-10,153193.362763286
Daging Sapi Murni/Papua Barat/2024-12-11,153232.15276383905
Daging Sapi Murni/Papua Barat/2024-12-12,153226.54685877822
Daging Sapi Murni/Papua Barat/2024-12-13,153259.0294824736
Daging Sapi Murni/Papua Barat/2024-12-14,153187.62921059303
Daging Sapi Murni/Papua Barat/2024-12-15,153254.83195353378
Daging Sapi Murni/Papua Barat/2024-12-16,153307.9431857627
Daging Sapi Murni/Papua Barat/2024-12-17,153195.16109043825
Daging Sapi Murni/Papua Barat/2024-12-18,153247.51180443482
Daging Sapi Murni/Papua Barat/2024-12-19,153218.67722098043
Daging Sapi Murni/Papua Barat/2024-12-20,153256.28156873843
Daging Sapi Murni/Papua Barat/2024-12-21,153242.27102881693
Daging Sapi Murni/Papua Barat/2024-12-22,153218.47013253783
Daging Sapi Murni/Papua Barat/2024-12-23,153257.2286227608
Daging Sapi Murni/Papua Barat/2024-12-24,153301.0221959136
Daging Sapi Murni/Papua Barat/2024-12-25,153235.2449731529
Daging Sapi Murni/Papua Barat/2024-12-26,153265.69003027765
Daging Sapi Murni/Papua Barat/2024-12-27,153198.86516904645
Daging Sapi Murni/Papua Barat/2024-12-28,153210.8445330854
Daging Sapi Murni/Papua Barat/2024-12-29,153257.9794934316
Daging Sapi Murni/Papua Barat/2024-12-30,153290.04648593985
Daging Sapi Murni/Papua Barat/2024-12-31,153252.56920237505
Daging Sapi Murni/Papua/2024-10-01,153229.91605066435
Daging Sapi Murni/Papua/2024-10-02,153241.7023465653
Daging Sapi Murni/Papua/2024-10-03,153200.90615048583
Daging Sapi Murni/Papua/2024-10-04,153262.33571979016
Daging Sapi Murni/Papua/2024-10-05,153270.24708411965
Daging Sapi Murni/Papua/2024-10-06,153225.42592717105
Daging Sapi Murni/Papua/2024-10-07,153225.17693220664
Daging Sapi Murni/Papua/2024-10-08,153249.73524383045
Daging Sapi Murni/Papua/2024-10-09,153227.2465014242
Daging Sapi Murni/Papua/2024-10-10,153238.99310916205
Daging Sapi Murni/Papua/2024-10-11,153310.5028307009
Daging Sapi Murni/Papua/2024-10-12,153232.763326876
Daging Sapi Murni/Papua/2024-10-13,153229.81207007606
Daging Sapi Murni/Papua/2024-10-14,153220.19084543735
Daging Sapi Murni/Papua/2024-10-15,153267.06806753873
Daging Sapi Murni/Papua/2024-10-16,153236.23507579835
Daging Sapi Murni/Papua/2024-10-17,153218.85940243013
Daging Sapi Murni/Papua/2024-10-18,153284.80514164176
Daging Sapi Murni/Papua/2024-10-19,153288.4935673453
Daging Sapi Murni/Papua/2024-10-20,153221.96932376176
Daging Sapi Murni/Papua/2024-10-21,153179.40257418907
Daging Sapi Murni/Papua/2024-10-22,153275.49741712617
Daging Sapi Murni/Papua/2024-10-23,153219.4290959986
Daging Sapi Murni/Papua/2024-10-24,153267.42584222212
Daging Sapi Murni/Papua/2024-10-25,153173.9247305436
Daging Sapi Murni/Papua/2024-10-26,153269.74634962174
Daging Sapi Murni/Papua/2024-10-27,153200.793105181
Daging Sapi Murni/Papua/2024-10-28,153264.47849140354
Daging Sapi Murni/Papua/2024-10-29,153240.87137013205
Daging Sapi Murni/Papua/2024-10-30,153207.77303395933
Daging Sapi Murni/Papua/2024-10-31,153227.53941574963
Daging Sapi Murni/Papua/2024-11-01,153263.0806599685
Daging Sapi Murni/Papua/2024-11-02,153244.55071441823
Daging Sapi Murni/Papua/2024-11-03,153259.9233038479
Daging Sapi Murni/Papua/2024-11-04,153306.58412801137
Daging Sapi Murni/Papua/2024-11-05,153189.6619769139
Daging Sapi Murni/Papua/2024-11-06,153296.63627209383
Daging Sapi Murni/Papua/2024-11-07,153245.9737159118
Daging Sapi Murni/Papua/2024-11-08,153212.773779693
Daging Sapi Murni/Papua/2024-11-09,153198.02018939718
Daging Sapi Murni/Papua/2024-11-10,153234.26801077212
Daging Sapi Murni/Papua/2024-11-11,153272.27229241643
Daging Sapi Murni/Papua/2024-11-12,153235.6194735849
Daging Sapi Murni/Papua/2024-11-13,153290.17142978008
Daging Sapi Murni/Papua/2024-11-14,153192.18518819177
Daging Sapi Murni/Papua/2024-11-15,153241.4716185191
Daging Sapi Murni/Papua/2024-11-16,153200.18822392033
Daging Sapi Murni/Papua/2024-11-17,153253.09847591838
Daging Sapi Murni/Papua/2024-11-18,153270.40583760262
Daging Sapi Murni/Papua/2024-11-19,153225.4132937587
Daging Sapi Murni/Papua/2024-11-20,153153.67003447408
Daging Sapi Murni/Papua/2024-11-21,153246.8734290111
Daging Sapi Murni/Papua/2024-11-22,153255.30136757612
Daging Sapi Murni/Papua/2024-11-23,153253.51848129308
Daging Sapi Murni/Papua/2024-11-24,153280.3998531444
Daging Sapi Murni/Papua/2024-11-25,153203.93852781277
Daging Sapi Murni/Papua/2024-11-26,153264.8065653708
Daging Sapi Murni/Papua/2024-11-27,153281.97333485662
Daging Sapi Murni/Papua/2024-11-28,153182.6984140185
Daging Sapi Murni/Papua/2024-11-29,153252.5324636121
Daging Sapi Murni/Papua/2024-11-30,153223.96799351787
Daging Sapi Murni/Papua/2024-12-01,153238.84976468683
Daging Sapi Murni/Papua/2024-12-02,153252.39470223978
Daging Sapi Murni/Papua/2024-12-03,153223.36835777274
Daging Sapi Murni/Papua/2024-12-04,153218.42042197008
Daging Sapi Murni/Papua/2024-12-05,153241.63543286285
Daging Sapi Murni/Papua/2024-12-06,153204.3647129192
Daging Sapi Murni/Papua/2024-12-07,153204.0802486028
Daging Sapi Murni/Papua/2024-12-08,153262.20347851273
Daging Sapi Murni/Papua/2024-12-09,153201.14938994154
Daging Sapi Murni/Papua/2024-12-10,153261.9129333165
Daging Sapi Murni/Papua/2024-12-11,153254.83515274228
Daging Sapi Murni/Papua/2024-12-12,153182.60335037237
Daging Sapi Murni/Papua/2024-12-13,153218.30844398763
Daging Sapi Murni/Papua/2024-12-14,153279.8906847377
Daging Sapi Murni/Papua/2024-12-15,153207.99078504398
Daging Sapi Murni/Papua/2024-12-16,153224.48490110037
Daging Sapi Murni/Papua/2024-12-17,153254.80561485945
Daging Sapi Murni/Papua/2024-12-18,153266.85662463168
Daging Sapi Murni/Papua/2024-12-19,153232.91473665863
Daging Sapi Murni/Papua/2024-12-20,153220.48261449806
Daging Sapi Murni/Papua/2024-12-21,153288.79398064848
Daging Sapi Murni/Papua/2024-12-22,153299.98664259515
Daging Sapi Murni/Papua/2024-12-23,153274.80780443037
Daging Sapi Murni/Papua/2024-12-24,153245.09480867407
Daging Sapi Murni/Papua/2024-12-25,153216.18636836953
Daging Sapi Murni/Papua/2024-12-26,153216.36522161358
Daging Sapi Murni/Papua/2024-12-27,153260.38317791396
Daging Sapi Murni/Papua/2024-12-28,153255.341284742
Daging Sapi Murni/Papua/2024-12-29,153287.34447760973
Daging Sapi Murni/Papua/2024-12-30,153262.46813530137
Daging Sapi Murni/Papua/2024-12-31,153191.66517589556
Daging Sapi Murni/Riau/2024-10-01,153277.88806156235
Daging Sapi Murni/Riau/2024-10-02,153209.12176322422
Daging Sapi Murni/Riau/2024-10-03,153229.25406911594
Daging Sapi Murni/Riau/2024-10-04,153249.08945060568
Daging Sapi Murni/Riau/2024-10-05,153306.71675990196
Daging Sapi Murni/Riau/2024-10-06,153345.4597382343
Daging Sapi Murni/Riau/2024-10-07,153261.88288305822
Daging Sapi Murni/Riau/2024-10-08,153237.49442662485
Daging Sapi Murni/Riau/2024-10-09,153262.7809353363
Daging Sapi Murni/Riau/2024-10-10,153275.15465229563
Daging Sapi Murni/Riau/2024-10-11,153233.79266992942
Daging Sapi Murni/Riau/2024-10-12,153302.30534487485
Daging Sapi Murni/Riau/2024-10-13,153250.0709219755
Daging Sapi Murni/Riau/2024-10-14,153259.71060684297
Daging Sapi Murni/Riau/2024-10-15,153265.36743990568
Daging Sapi Murni/Riau/2024-10-16,153256.9209111177
Daging Sapi Murni/Riau/2024-10-17,153271.56780948464
Daging Sapi Murni/Riau/2024-10-18,153221.93060328212
Daging Sapi Murni/Riau/2024-10-19,153224.01166108568
Daging Sapi Murni/Riau/2024-10-20,153205.51564925504
Daging Sapi Murni/Riau/2024-10-21,153256.09671730018
Daging Sapi Murni/Riau/2024-10-22,153266.7736497309
Daging Sapi Murni/Riau/2024-10-23,153255.22338381325
Daging Sapi Murni/Riau/2024-10-24,153296.5190893328
Daging Sapi Murni/Riau/2024-10-25,153241.34497323312
Daging Sapi Murni/Riau/2024-10-26,153265.34669002102
Daging Sapi Murni/Riau/2024-10-27,153206.72573211373
Daging Sapi Murni/Riau/2024-10-28,153229.87190655817
Daging Sapi Murni/Riau/2024-10-29,153265.6612357983
Daging Sapi Murni/Riau/2024-10-30,153269.39461200076
Daging Sapi Murni/Riau/2024-10-31,153231.36186623448
Daging Sapi Murni/Riau/2024-11-01,153238.370221192
Daging Sapi Murni/Riau/2024-11-02,153191.04440781937
Daging Sapi Murni/Riau/2024-11-03,153229.91589242403
Daging Sapi Murni/Riau/2024-11-04,153270.5931322585
Daging Sapi Murni/Riau/2024-11-05,153259.1286085304
Daging Sapi Murni/Riau/2024-11-06,153256.90643486715
Daging Sapi Murni/Riau/2024-11-07,153242.14872781772
Daging Sapi Murni/Riau/2024-11-08,153242.2653254549
Daging Sapi Murni/Riau/2024-11-09,153220.47536819606
Daging Sapi Murni/Riau/2024-11-10,153265.17175610302
Daging Sapi Murni/Riau/2024-11-11,153255.4822278394
Daging Sapi Murni/Riau/2024-11-12,153257.6005425243
Daging Sapi Murni/Riau/2024-11-13,153223.80813621826
Daging Sapi Murni/Riau/2024-11-14,153169.55829079144
Daging Sapi Murni/Riau/2024-11-15,153278.3657997729
Daging Sapi Murni/Riau/2024-11-16,153224.8230675696
Daging Sapi Murni/Riau/2024-11-17,153211.34398224935
Daging Sapi Murni/Riau/2024-11-18,153262.5600635952
Daging Sapi Murni/Riau/2024-11-19,153226.5381982549
Daging Sapi Murni/Riau/2024-11-20,153276.70887296103
Daging Sapi Murni/Riau/2024-11-21,153261.0693761703
Daging Sapi Murni/Riau/2024-11-22,153263.9908152574
Daging Sapi Murni/Riau/2024-11-23,153196.69059729276
Daging Sapi Murni/Riau/2024-11-24,153282.45194303247
Daging Sapi Murni/Riau/2024-11-25,153251.25246641372
Daging Sapi Murni/Riau/2024-11-26,153229.5235729085
Daging Sapi Murni/Riau/2024-11-27,153246.28275828244
Daging Sapi Murni/Riau/2024-11-28,153181.6636590169
Daging Sapi Murni/Riau/2024-11-29,153255.5176833615
Daging Sapi Murni/Riau/2024-11-30,153206.12861301625
Daging Sapi Murni/Riau/2024-12-01,153194.6231874155
Daging Sapi Murni/Riau/2024-12-02,153188.5881547978
Daging Sapi Murni/Riau/2024-12-03,153275.62790243432
Daging Sapi Murni/Riau/2024-12-04,153218.32099475132
Daging Sapi Murni/Riau/2024-12-05,153289.78398892796
Daging Sapi Murni/Riau/2024-12-06,153221.50382114563
Daging Sapi Murni/Riau/2024-12-07,153183.62028312826
Daging Sapi Murni/Riau/2024-12-08,153204.45642665567
Daging Sapi Murni/Riau/2024-12-09,153281.6519431638
Daging Sapi Murni/Riau/2024-12-10,153235.35591825127
Daging Sapi Murni/Riau/2024-12-11,153220.8058366353
Daging Sapi Murni/Riau/2024-12-12,153244.77975558655
Daging Sapi Murni/Riau/2024-12-13,153257.54889297936
Daging Sapi Murni/Riau/2024-12-14,153279.07228754924
Daging Sapi Murni/Riau/2024-12-15,153289.39922387252
Daging Sapi Murni/Riau/2024-12-16,153229.7175091913
Daging Sapi Murni/Riau/2024-12-17,153198.48919855262
Daging Sapi Murni/Riau/2024-12-18,153229.0490736125
Daging Sapi Murni/Riau/2024-12-19,153251.00520674145
Daging Sapi Murni/Riau/2024-12-20,153208.9452780069
Daging Sapi Murni/Riau/2024-12-21,153207.6024902227
Daging Sapi Murni/Riau/2024-12-22,153250.86866888727
Daging Sapi Murni/Riau/2024-12-23,153238.44951734302
Daging Sapi Murni/Riau/2024-12-24,153241.20955027957
Daging Sapi Murni/Riau/2024-12-25,153214.36417886507
Daging Sapi Murni/Riau/2024-12-26,153232.6074744103
Daging Sapi Murni/Riau/2024-12-27,153210.0202421964
Daging Sapi Murni/Riau/2024-12-28,153270.0159332943
Daging Sapi Murni/Riau/2024-12-29,153274.71787174884
Daging Sapi Murni/Riau/2024-12-30,153178.5432787192
Daging Sapi Murni/Riau/2024-12-31,153209.73920787088
Daging Sapi Murni/Sulawesi Barat/2024-10-01,153190.6466108134
Daging Sapi Murni/Sulawesi Barat/2024-10-02,153219.0171268291
Daging Sapi Murni/Sulawesi Barat/2024-10-03,153236.39554919177
Daging Sapi Murni/Sulawesi Barat/2024-10-04,153189.1800758514
Daging Sapi Murni/Sulawesi Barat/2024-10-05,153207.6321407579
Daging Sapi Murni/Sulawesi Barat/2024-10-06,153204.89312696084
Daging Sapi Murni/Sulawesi Barat/2024-10-07,153245.80040803817
Daging Sapi Murni/Sulawesi Barat/2024-10-08,153241.0905384916
Daging Sapi Murni/Sulawesi Barat/2024-10-09,153214.3470485208
Daging Sapi Murni/Sulawesi Barat/2024-10-10,153245.31376798096
Daging Sapi Murni/Sulawesi Barat/2024-10-11,153221.74442742733
Daging Sapi Murni/Sulawesi Barat/2024-10-12,153231.59309196603
Daging Sapi Murni/Sulawesi Barat/2024-10-13,153296.20633104173
Daging Sapi Murni/Sulawesi Barat/2024-10-14,153285.17232018124
Daging Sapi Murni/Sulawesi Barat/2024-10-15,153198.10673079925
Daging Sapi Murni/Sulawesi Barat/2024-10-16,153269.46860515975
Daging Sapi Murni/Sulawesi Barat/2024-10-17,153269.6568477317
Daging Sapi Murni/Sulawesi Barat/2024-10-18,153204.79119135832
Daging Sapi Murni/Sulawesi Barat/2024-10-19,153269.2533464778
Daging Sapi Murni/Sulawesi Barat/2024-10-20,153292.31360893638
Daging Sapi Murni/Sulawesi Barat/2024-10-21,153204.89865453317
Daging Sapi Murni/Sulawesi Barat/2024-10-22,153211.28307947508
Daging Sapi Murni/Sulawesi Barat/2024-10-23,153275.1796716759
Daging Sapi Murni/Sulawesi Barat/2024-10-24,153251.1679759103
Daging Sapi Murni/Sulawesi Barat/2024-10-25,153259.90623620866
Daging Sapi Murni/Sulawesi Barat/2024-10-26,153251.78896730463
Daging Sapi Murni/Sulawesi Barat/2024-10-27,153254.67759135386
Daging Sapi Murni/Sulawesi Barat/2024-10-28,153198.3932089419
Daging Sapi Murni/Sulawesi Barat/2024-10-29,153276.89819176996
Daging Sapi Murni/Sulawesi Barat/2024-10-30,153280.8067109035
Daging Sapi Murni/Sulawesi Barat/2024-10-31,153233.890068223
Daging Sapi Murni/Sulawesi Barat/2024-11-01,153240.14002801545
Daging Sapi Murni/Sulawesi Barat/2024-11-02,153190.33612282178
Daging Sapi Murni/Sulawesi Barat/2024-11-03,153259.62573413647
Daging Sapi Murni/Sulawesi Barat/2024-11-04,153260.48268772117
Daging Sapi Murni/Sulawesi Barat/2024-11-05,153238.2332244233
Daging Sapi Murni/Sulawesi Barat/2024-11-06,153278.0798662195
Daging Sapi Murni/Sulawesi Barat/2024-11-07,153229.6443344446
Daging Sapi Murni/Sulawesi Barat/2024-11-08,153261.20502594206
Daging Sapi Murni/Sulawesi Barat/2024-11-09,153208.09178145838
Daging Sapi Murni/Sulawesi Barat/2024-11-10,153240.93364694616
Daging Sapi Murni/Sulawesi Barat/2024-11-11,153235.88305996195
Daging Sapi Murni/Sulawesi Barat/2024-11-12,153248.16601117313
Daging Sapi Murni/Sulawesi Barat/2024-11-13,153228.47855004456
Daging Sapi Murni/Sulawesi Barat/2024-11-14,153235.8207369288
Daging Sapi Murni/Sulawesi Barat/2024-11-15,153268.5305598486
Daging Sapi Murni/Sulawesi Barat/2024-11-16,153226.39702879696
Daging Sapi Murni/Sulawesi Barat/2024-11-17,153187.47142506117
Daging Sapi Murni/Sulawesi Barat/2024-11-18,153299.16299773208
Daging Sapi Murni/Sulawesi Barat/2024-11-19,153287.14103864876
Daging Sapi Murni/Sulawesi Barat/2024-11-20,153198.25905618715
Daging Sapi Murni/Sulawesi Barat/2024-11-21,153263.99182188237
Daging Sapi Murni/Sulawesi Barat/2024-11-22,153224.73103965123
Daging Sapi Murni/Sulawesi Barat/2024-11-23,153251.76602312137
Daging Sapi Murni/Sulawesi Barat/2024-11-24,153251.378142588
Daging Sapi Murni/Sulawesi Barat/2024-11-25,153232.62713777996
Daging Sapi Murni/Sulawesi Barat/2024-11-26,153215.38427891457
Daging Sapi Murni/Sulawesi Barat/2024-11-27,153217.80801181134
Daging Sapi Murni/Sulawesi Barat/2024-11-28,153210.3728405999
Daging Sapi Murni/Sulawesi Barat/2024-11-29,153212.43093267936
Daging Sapi Murni/Sulawesi Barat/2024-11-30,153237.09678393562
Daging Sapi Murni/Sulawesi Barat/2024-12-01,153215.0816662293
Daging Sapi Murni/Sulawesi Barat/2024-12-02,153261.9070429025
Daging Sapi Murni/Sulawesi Barat/2024-12-03,153289.12201435075
Daging Sapi Murni/Sulawesi Barat/2024-12-04,153220.9798367162
Daging Sapi Murni/Sulawesi Barat/2024-12-05,153249.29311961035
Daging Sapi Murni/Sulawesi Barat/2024-12-06,153258.31308649003
Daging Sapi Murni/Sulawesi Barat/2024-12-07,153258.29265757892
Daging Sapi Murni/Sulawesi Barat/2024-12-08,153244.8278535764
Daging Sapi Murni/Sulawesi Barat/2024-12-09,153266.16798536782
Daging Sapi Murni/Sulawesi Barat/2024-12-10,153258.31097545996
Daging Sapi Murni/Sulawesi Barat/2024-12-11,153201.0316848436
Daging Sapi Murni/Sulawesi Barat/2024-12-12,153271.10503499673
Daging Sapi Murni/Sulawesi Barat/2024-12-13,153271.39477900398
Daging Sapi Murni/Sulawesi Barat/2024-12-14,153216.4055482894
Daging Sapi Murni/Sulawesi Barat/2024-12-15,153242.6865011599
Daging Sapi Murni/Sulawesi Barat/2024-12-16,153263.89202746033
Daging Sapi Murni/Sulawesi Barat/2024-12-17,153235.21747670174
Daging Sapi Murni/Sulawesi Barat/2024-12-18,153277.42791490682
Daging Sapi Murni/Sulawesi Barat/2024-12-19,153320.07971171668
Daging Sapi Murni/Sulawesi Barat/2024-12-20,153216.1788877944
Daging Sapi Murni/Sulawesi Barat/2024-12-21,153196.89324010588
Daging Sapi Murni/Sulawesi Barat/2024-12-22,153252.82241097704
Daging Sapi Murni/Sulawesi Barat/2024-12-23,153266.9311106132
Daging Sapi Murni/Sulawesi Barat/2024-12-24,153234.23883091932
Daging Sapi Murni/Sulawesi Barat/2024-12-25,153288.5632683796
Daging Sapi Murni/Sulawesi Barat/2024-12-26,153196.21193302673
Daging Sapi Murni/Sulawesi Barat/2024-12-27,153265.34106700672
Daging Sapi Murni/Sulawesi Barat/2024-12-28,153221.78641569437
Daging Sapi Murni/Sulawesi Barat/2024-12-29,153298.82707926515
Daging Sapi Murni/Sulawesi Barat/2024-12-30,153308.37023506445
Daging Sapi Murni/Sulawesi Barat/2024-12-31,153215.67525746246
Daging Sapi Murni/Sulawesi Selatan/2024-10-01,153224.657414247
Daging Sapi Murni/Sulawesi Selatan/2024-10-02,153271.48018858882
Daging Sapi Murni/Sulawesi Selatan/2024-10-03,153230.58250804167
Daging Sapi Murni/Sulawesi Selatan/2024-10-04,153240.67880796842
Daging Sapi Murni/Sulawesi Selatan/2024-10-05,153241.38755654648
Daging Sapi Murni/Sulawesi Selatan/2024-10-06,153177.03956953803
Daging Sapi Murni/Sulawesi Selatan/2024-10-07,153240.7856221623
Daging Sapi Murni/Sulawesi Selatan/2024-10-08,153216.9914637631
Daging Sapi Murni/Sulawesi Selatan/2024-10-09,153223.30063994054
Daging Sapi Murni/Sulawesi Selatan/2024-10-10,153287.5022121305
Daging Sapi Murni/Sulawesi Selatan/2024-10-11,153197.13112255168
Daging Sapi Murni/Sulawesi Selatan/2024-10-12,153267.73480018464
Daging Sapi Murni/Sulawesi Selatan/2024-10-13,153231.248090084
Daging Sapi Murni/Sulawesi Selatan/2024-10-14,153231.8313576236
Daging Sapi Murni/Sulawesi Selatan/2024-10-15,153267.97955098245
Daging Sapi Murni/Sulawesi Selatan/2024-10-16,153251.84436718584
Daging Sapi Murni/Sulawesi Selatan/2024-10-17,153260.8289322121
Daging Sapi Murni/Sulawesi Selatan/2024-10-18,153273.74976166248
Daging Sapi Murni/Sulawesi Selatan/2024-10-19,153231.03846432062
Daging Sapi Murni/Sulawesi Selatan/2024-10-20,153222.25812610783
Daging Sapi Murni/Sulawesi Selatan/2024-10-21,153205.91844689148
Daging Sapi Murni/Sulawesi Selatan/2024-10-22,153214.12025891937
Daging Sapi Murni/Sulawesi Selatan/2024-10-23,153339.28751149672
Daging Sapi Murni/Sulawesi Selatan/2024-10-24,153281.59274368366
Daging Sapi Murni/Sulawesi Selatan/2024-10-25,153195.6613042781
Daging Sapi Murni/Sulawesi Selatan/2024-10-26,153197.5042855495
Daging Sapi Murni/Sulawesi Selatan/2024-10-27,153258.68352187885
Daging Sapi Murni/Sulawesi Selatan/2024-10-28,153261.4153053527
Daging Sapi Murni/Sulawesi Selatan/2024-10-29,153258.94660160274
Daging Sapi Murni/Sulawesi Selatan/2024-10-30,153231.1686667516
Daging Sapi Murni/Sulawesi Selatan/2024-10-31,153236.78272518434
Daging Sapi Murni/Sulawesi Selatan/2024-11-01,153253.1281378261
Daging Sapi Murni/Sulawesi Selatan/2024-11-02,153244.70402591123
Daging Sapi Murni/Sulawesi Selatan/2024-11-03,153167.24864312843
Daging Sapi Murni/Sulawesi Selatan/2024-11-04,153232.93752226362
Daging Sapi Murni/Sulawesi Selatan/2024-11-05,153211.9154096686
Daging Sapi Murni/Sulawesi Selatan/2024-11-06,153245.70608870997
Daging Sapi Murni/Sulawesi Selatan/2024-11-07,153338.79573493733
Daging Sapi Murni/Sulawesi Selatan/2024-11-08,153251.45712547688
Daging Sapi Murni/Sulawesi Selatan/2024-11-09,153231.13554907468
Daging Sapi Murni/Sulawesi Selatan/2024-11-10,153273.1689880444
Daging Sapi Murni/Sulawesi Selatan/2024-11-11,153259.78196865332
Daging Sapi Murni/Sulawesi Selatan/2024-11-12,153258.07888166248
Daging Sapi Murni/Sulawesi Selatan/2024-11-13,153262.33273441103
Daging Sapi Murni/Sulawesi Selatan/2024-11-14,153310.97918196293
Daging Sapi Murni/Sulawesi Selatan/2024-11-15,153205.48541467622
Daging Sapi Murni/Sulawesi Selatan/2024-11-16,153258.83166457413
Daging Sapi Murni/Sulawesi Selatan/2024-11-17,153211.97979194528
Daging Sapi Murni/Sulawesi Selatan/2024-11-18,153261.15756755206
Daging Sapi Murni/Sulawesi Selatan/2024-11-19,153211.3897525261
Daging Sapi Murni/Sulawesi Selatan/2024-11-20,153226.23140980522
Daging Sapi Murni/Sulawesi Selatan/2024-11-21,153230.93850130064
Daging Sapi Murni/Sulawesi Selatan/2024-11-22,153272.66014997003
Daging Sapi Murni/Sulawesi Selatan/2024-11-23,153271.39611623262
Daging Sapi Murni/Sulawesi Selatan/2024-11-24,153198.7929768128
Daging Sapi Murni/Sulawesi Selatan/2024-11-25,153243.071217302
Daging Sapi Murni/Sulawesi Selatan/2024-11-26,153217.89452179088
Daging Sapi Murni/Sulawesi Selatan/2024-11-27,153199.61759595148
Daging Sapi Murni/Sulawesi Selatan/2024-11-28,153233.15615115798
Daging Sapi Murni/Sulawesi Selatan/2024-11-29,153228.81025163698
Daging Sapi Murni/Sulawesi Selatan/2024-11-30,153320.78908550725
Daging Sapi Murni/Sulawesi Selatan/2024-12-01,153254.2180288357
Daging Sapi Murni/Sulawesi Selatan/2024-12-02,153194.7184516001
Daging Sapi Murni/Sulawesi Selatan/2024-12-03,153223.13239131006
Daging Sapi Murni/Sulawesi Selatan/2024-12-04,153276.28580407085
Daging Sapi Murni/Sulawesi Selatan/2024-12-05,153312.2541655087
Daging Sapi Murni/Sulawesi Selatan/2024-12-06,153187.89376409823
Daging Sapi Murni/Sulawesi Selatan/2024-12-07,153177.98340081066
Daging Sapi Murni/Sulawesi Selatan/2024-12-08,153304.26787066882
Daging Sapi Murni/Sulawesi Selatan/2024-12-09,153255.16826950433
Daging Sapi Murni/Sulawesi Selatan/2024-12-10,153212.34004746992
Daging Sapi Murni/Sulawesi Selatan/2024-12-11,153257.4242509985
Daging Sapi Murni/Sulawesi Selatan/2024-12-12,153152.89388538586
Daging Sapi Murni/Sulawesi Selatan/2024-12-13,153242.25619169686
Daging Sapi Murni/Sulawesi Selatan/2024-12-14,153250.9606947182
Daging Sapi Murni/Sulawesi Selatan/2024-12-15,153270.09390345524
Daging Sapi Murni/Sulawesi Selatan/2024-12-16,153205.94619541676
Daging Sapi Murni/Sulawesi Selatan/2024-12-17,153242.17767398825
Daging Sapi Murni/Sulawesi Selatan/2024-12-18,153210.5316526006
Daging Sapi Murni/Sulawesi Selatan/2024-12-19,153249.72609546356
Daging Sapi Murni/Sulawesi Selatan/2024-12-20,153210.79132594838
Daging Sapi Murni/Sulawesi Selatan/2024-12-21,153226.00350217122
Daging Sapi Murni/Sulawesi Selatan/2024-12-22,153206.86210230825
Daging Sapi Murni/Sulawesi Selatan/2024-12-23,153261.3675030315
Daging Sapi Murni/Sulawesi Selatan/2024-12-24,153268.72791652282
Daging Sapi Murni/Sulawesi Selatan/2024-12-25,153231.9593132629
Daging Sapi Murni/Sulawesi Selatan/2024-12-26,153241.91112831316
Daging Sapi Murni/Sulawesi Selatan/2024-12-27,153192.71540812557
Daging Sapi Murni/Sulawesi Selatan/2024-12-28,153231.777201168
Daging Sapi Murni/Sulawesi Selatan/2024-12-29,153239.2557709452
Daging Sapi Murni/Sulawesi Selatan/2024-12-30,153327.45726193758
Daging Sapi Murni/Sulawesi Selatan/2024-12-31,153203.1687174924
Daging Sapi Murni/Sulawesi Tengah/2024-10-01,153289.4702973027
Daging Sapi Murni/Sulawesi Tengah/2024-10-02,153275.5346998791
Daging Sapi Murni/Sulawesi Tengah/2024-10-03,153252.47339203864
Daging Sapi Murni/Sulawesi Tengah/2024-10-04,153302.5108734384
Daging Sapi Murni/Sulawesi Tengah/2024-10-05,153254.81802622954
Daging Sapi Murni/Sulawesi Tengah/2024-10-06,153257.11123920116
Daging Sapi Murni/Sulawesi Tengah/2024-10-07,153241.81451440506
Daging Sapi Murni/Sulawesi Tengah/2024-10-08,153284.10301931354
Daging Sapi Murni/Sulawesi Tengah/2024-10-09,153280.09610175923
Daging Sapi Murni/Sulawesi Tengah/2024-10-10,153221.66046446387
Daging Sapi Murni/Sulawesi Tengah/2024-10-11,153198.59633998654
Daging Sapi Murni/Sulawesi Tengah/2024-10-12,153235.5411226557
Daging Sapi Murni/Sulawesi Tengah/2024-10-13,153215.37687533544
Daging Sapi Murni/Sulawesi Tengah/2024-10-14,153238.50183498138
Daging Sapi Murni/Sulawesi Tengah/2024-10-15,153280.58226784077
Daging Sapi Murni/Sulawesi Tengah/2024-10-16,153224.37125956622
Daging Sapi Murni/Sulawesi Tengah/2024-10-17,153239.31154524046
Daging Sapi Murni/Sulawesi Tengah/2024-10-18,153242.8647126167
Daging Sapi Murni/Sulawesi Tengah/2024-10-19,153269.9598944291
Daging Sapi Murni/Sulawesi Tengah/2024-10-20,153166.76308961905
Daging Sapi Murni/Sulawesi Tengah/2024-10-21,153220.3571479653
Daging Sapi Murni/Sulawesi Tengah/2024-10-22,153247.64707414052
Daging Sapi Murni/Sulawesi Tengah/2024-10-23,153280.30577079792
Daging Sapi Murni/Sulawesi Tengah/2024-10-24,153223.62103882252
Daging Sapi Murni/Sulawesi Tengah/2024-10-25,153176.6194383547
Daging Sapi Murni/Sulawesi Tengah/2024-10-26,153261.59493284574
Daging Sapi Murni/Sulawesi Tengah/2024-10-27,153219.90176162258
Daging Sapi Murni/Sulawesi Tengah/2024-10-28,153200.86528262505
Daging Sapi Murni/Sulawesi Tengah/2024-10-29,153218.24643882734
Daging Sapi Murni/Sulawesi Tengah/2024-10-30,153232.79415381994
Daging Sapi Murni/Sulawesi Tengah/2024-10-31,153219.8464066173
Daging Sapi Murni/Sulawesi Tengah/2024-11-01,153165.3300533469
Daging Sapi Murni/Sulawesi Tengah/2024-11-02,153268.73266028363
Daging Sapi Murni/Sulawesi Tengah/2024-11-03,153281.7730288469
Daging Sapi Murni/Sulawesi Tengah/2024-11-04,153261.37020112993
Daging Sapi Murni/Sulawesi Tengah/2024-11-05,153201.99350445828
Daging Sapi Murni/Sulawesi Tengah/2024-11-06,153233.9207960874
Daging Sapi Murni/Sulawesi Tengah/2024-11-07,153242.31942045232
Daging Sapi Murni/Sulawesi Tengah/2024-11-08,153261.76157905962
Daging Sapi Murni/Sulawesi Tengah/2024-11-09,153263.0549287488
Daging Sapi Murni/Sulawesi Tengah/2024-11-10,153215.856501178
Daging Sapi Murni/Sulawesi Tengah/2024-11-11,153244.2103268426
Daging Sapi Murni/Sulawesi Tengah/2024-11-12,153256.98652848625
Daging Sapi Murni/Sulawesi Tengah/2024-11-13,153290.41558066724
Daging Sapi Murni/Sulawesi Tengah/2024-11-14,153265.1503019525
Daging Sapi Murni/Sulawesi Tengah/2024-11-15,153267.96863369754
Daging Sapi Murni/Sulawesi Tengah/2024-11-16,153245.69630494845
Daging Sapi Murni/Sulawesi Tengah/2024-11-17,153290.53390058817
Daging Sapi Murni/Sulawesi Tengah/2024-11-18,153257.36850108264
Daging Sapi Murni/Sulawesi Tengah/2024-11-19,153214.31286125627
Daging Sapi Murni/Sulawesi Tengah/2024-11-20,153289.7223477217
Daging Sapi Murni/Sulawesi Tengah/2024-11-21,153265.8861842876
Daging Sapi Murni/Sulawesi Tengah/2024-11-22,153228.12547942967
Daging Sapi Murni/Sulawesi Tengah/2024-11-23,153226.01040450457
Daging Sapi Murni/Sulawesi Tengah/2024-11-24,153251.66228936883
Daging Sapi Murni/Sulawesi Tengah/2024-11-25,153257.95958210033
Daging Sapi Murni/Sulawesi Tengah/2024-11-26,153247.96188210542
Daging Sapi Murni/Sulawesi Tengah/2024-11-27,153251.2954148604
Daging Sapi Murni/Sulawesi Tengah/2024-11-28,153298.2339192605
Daging Sapi Murni/Sulawesi Tengah/2024-11-29,153278.12353514365
Daging Sapi Murni/Sulawesi Tengah/2024-11-30,153249.14944312582
Daging Sapi Murni/Sulawesi Tengah/2024-12-01,153274.51400761912
Daging Sapi Murni/Sulawesi Tengah/2024-12-02,153209.09881226267
Daging Sapi Murni/Sulawesi Tengah/2024-12-03,153257.0109626915
Daging Sapi Murni/Sulawesi Tengah/2024-12-04,153302.9560688468
Daging Sapi Murni/Sulawesi Tengah/2024-12-05,153234.72294543966
Daging Sapi Murni/Sulawesi Tengah/2024-12-06,153213.90794143188
Daging Sapi Murni/Sulawesi Tengah/2024-12-07,153219.7959468946
Daging Sapi Murni/Sulawesi Tengah/2024-12-08,153205.89384342812
Daging Sapi Murni/Sulawesi Tengah/2024-12-09,153215.28531825286
Daging Sapi Murni/Sulawesi Tengah/2024-12-10,153226.97538582014
Daging Sapi Murni/Sulawesi Tengah/2024-12-11,153191.9350091117
Daging Sapi Murni/Sulawesi Tengah/2024-12-12,153239.37977976262
Daging Sapi Murni/Sulawesi Tengah/2024-12-13,153268.92335608468
Daging Sapi Murni/Sulawesi Tengah/2024-12-14,153209.04696129196
Daging Sapi Murni/Sulawesi Tengah/2024-12-15,153290.5574756943
Daging Sapi Murni/Sulawesi Tengah/2024-12-16,153257.32116131103
Daging Sapi Murni/Sulawesi Tengah/2024-12-17,153276.24526244574
Daging Sapi Murni/Sulawesi Tengah/2024-12-18,153220.39318388517
Daging Sapi Murni/Sulawesi Tengah/2024-12-19,153270.60829886506
Daging Sapi Murni/Sulawesi Tengah/2024-12-20,153206.74104680313
Daging Sapi Murni/Sulawesi Tengah/2024-12-21,153271.83433703557
Daging Sapi Murni/Sulawesi Tengah/2024-12-22,153247.52894121868
Daging Sapi Murni/Sulawesi Tengah/2024-12-23,153259.5367150066
Daging Sapi Murni/Sulawesi Tengah/2024-12-24,153202.52089065206
Daging Sapi Murni/Sulawesi Tengah/2024-12-25,153211.17716733267
Daging Sapi Murni/Sulawesi Tengah/2024-12-26,153261.64795526254
Daging Sapi Murni/Sulawesi Tengah/2024-12-27,153209.01666631454
Daging Sapi Murni/Sulawesi Tengah/2024-12-28,153255.692143338
Daging Sapi Murni/Sulawesi Tengah/2024-12-29,153193.86014569632
Daging Sapi Murni/Sulawesi Tengah/2024-12-30,153268.50256689885
Daging Sapi Murni/Sulawesi Tengah/2024-12-31,153199.53261614984
Daging Sapi Murni/Sulawesi Tenggara/2024-10-01,153258.34064592604
Daging Sapi Murni/Sulawesi Tenggara/2024-10-02,153261.38891107214
Daging Sapi Murni/Sulawesi Tenggara/2024-10-03,153216.84355886732
Daging Sapi Murni/Sulawesi Tenggara/2024-10-04,153260.72607309214
Daging Sapi Murni/Sulawesi Tenggara/2024-10-05,153249.35929114005
Daging Sapi Murni/Sulawesi Tenggara/2024-10-06,153223.82135274686
Daging Sapi Murni/Sulawesi Tenggara/2024-10-07,153207.72212233796
Daging Sapi Murni/Sulawesi Tenggara/2024-10-08,153175.11715046503
Daging Sapi Murni/Sulawesi Tenggara/2024-10-09,153252.34804468686
Daging Sapi Murni/Sulawesi Tenggara/2024-10-10,153187.24856473677
Daging Sapi Murni/Sulawesi Tenggara/2024-10-11,153241.7320210723
Daging Sapi Murni/Sulawesi Tenggara/2024-10-12,153229.53002880217
Daging Sapi Murni/Sulawesi Tenggara/2024-10-13,153261.38114942863
Daging Sapi Murni/Sulawesi Tenggara/2024-10-14,153230.0566398113
Daging Sapi Murni/Sulawesi Tenggara/2024-10-15,153228.76840881113
Daging Sapi Murni/Sulawesi Tenggara/2024-10-16,153265.48391756104
Daging Sapi Murni/Sulawesi Tenggara/2024-10-17,153252.25404004604
Daging Sapi Murni/Sulawesi Tenggara/2024-10-18,153252.0585296938
Daging Sapi Murni/Sulawesi Tenggara/2024-10-19,153256.88960160114
Daging Sapi Murni/Sulawesi Tenggara/2024-10-20,153190.4689170969
Daging Sapi Murni/Sulawesi Tenggara/2024-10-21,153267.35575281043
Daging Sapi Murni/Sulawesi Tenggara/2024-10-22,153261.89677996424
Daging Sapi Murni/Sulawesi Tenggara/2024-10-23,153207.26638240207
Daging Sapi Murni/Sulawesi Tenggara/2024-10-24,153232.751046716
Daging Sapi Murni/Sulawesi Tenggara/2024-10-25,153239.05550096644
Daging Sapi Murni/Sulawesi Tenggara/2024-10-26,153236.98124244862
Daging Sapi Murni/Sulawesi Tenggara/2024-10-27,153251.80749159175
Daging Sapi Murni/Sulawesi Tenggara/2024-10-28,153287.89065373354
Daging Sapi Murni/Sulawesi Tenggara/2024-10-29,153277.32488293343
Daging Sapi Murni/Sulawesi Tenggara/2024-10-30,153198.0977023489
Daging Sapi Murni/Sulawesi Tenggara/2024-10-31,153263.10413604983
Daging Sapi Murni/Sulawesi Tenggara/2024-11-01,153287.07806922164
Daging Sapi Murni/Sulawesi Tenggara/2024-11-02,153255.72801463082
Daging Sapi Murni/Sulawesi Tenggara/2024-11-03,153278.54349029434
Daging Sapi Murni/Sulawesi Tenggara/2024-11-04,153309.02996514912
Daging Sapi Murni/Sulawesi Tenggara/2024-11-05,153277.9970556443
Daging Sapi Murni/Sulawesi Tenggara/2024-11-06,153252.6249175064
Daging Sapi Murni/Sulawesi Tenggara/2024-11-07,153278.995142157
Daging Sapi Murni/Sulawesi Tenggara/2024-11-08,153249.41266078793
Daging Sapi Murni/Sulawesi Tenggara/2024-11-09,153245.11640205627
Daging Sapi Murni/Sulawesi Tenggara/2024-11-10,153231.34466359287
Daging Sapi Murni/Sulawesi Tenggara/2024-11-11,153294.62973650542
Daging Sapi Murni/Sulawesi Tenggara/2024-11-12,153215.1214722278
Daging Sapi Murni/Sulawesi Tenggara/2024-11-13,153292.94850783126
Daging Sapi Murni/Sulawesi Tenggara/2024-11-14,153258.64052341558
Daging Sapi Murni/Sulawesi Tenggara/2024-11-15,153195.575906317
Daging Sapi Murni/Sulawesi Tenggara/2024-11-16,153255.03271583523
Daging Sapi Murni/Sulawesi Tenggara/2024-11-17,153171.29148212366
Daging Sapi Murni/Sulawesi Tenggara/2024-11-18,153262.61233564146
Daging Sapi Murni/Sulawesi Tenggara/2024-11-19,153269.59610930353
Daging Sapi Murni/Sulawesi Tenggara/2024-11-20,153219.64867169486
Daging Sapi Murni/Sulawesi Tenggara/2024-11-21,153244.63720210284
Daging Sapi Murni/Sulawesi Tenggara/2024-11-22,153305.45693974596
Daging Sapi Murni/Sulawesi Tenggara/2024-11-23,153225.38111549945
Daging Sapi Murni/Sulawesi Tenggara/2024-11-24,153206.715777127
Daging Sapi Murni/Sulawesi Tenggara/2024-11-25,153290.96785348837
Daging Sapi Murni/Sulawesi Tenggara/2024-11-26,153307.78053631345
Daging Sapi Murni/Sulawesi Tenggara/2024-11-27,153242.8120038554
Daging Sapi Murni/Sulawesi Tenggara/2024-11-28,153275.50812536592
Daging Sapi Murni/Sulawesi Tenggara/2024-11-29,153287.65144749792
Daging Sapi Murni/Sulawesi Tenggara/2024-11-30,153219.7225291478
Daging Sapi Murni/Sulawesi Tenggara/2024-12-01,153227.64533933598
Daging Sapi Murni/Sulawesi Tenggara/2024-12-02,153283.56500671612
Daging Sapi Murni/Sulawesi Tenggara/2024-12-03,153298.9746465192
Daging Sapi Murni/Sulawesi Tenggara/2024-12-04,153261.17997383277
Daging Sapi Murni/Sulawesi Tenggara/2024-12-05,153212.49666230107
Daging Sapi Murni/Sulawesi Tenggara/2024-12-06,153309.28381412395
Daging Sapi Murni/Sulawesi Tenggara/2024-12-07,153226.0889178397
Daging Sapi Murni/Sulawesi Tenggara/2024-12-08,153232.00952067642
Daging Sapi Murni/Sulawesi Tenggara/2024-12-09,153253.41057536763
Daging Sapi Murni/Sulawesi Tenggara/2024-12-10,153293.5510227414
Daging Sapi Murni/Sulawesi Tenggara/2024-12-11,153271.2516800828
Daging Sapi Murni/Sulawesi Tenggara/2024-12-12,153255.44828918146
Daging Sapi Murni/Sulawesi Tenggara/2024-12-13,153258.0623357733
Daging Sapi Murni/Sulawesi Tenggara/2024-12-14,153244.86362696654
Daging Sapi Murni/Sulawesi Tenggara/2024-12-15,153262.20828469307
Daging Sapi Murni/Sulawesi Tenggara/2024-12-16,153158.11229566438
Daging Sapi Murni/Sulawesi Tenggara/2024-12-17,153231.79239213094
Daging Sapi Murni/Sulawesi Tenggara/2024-12-18,153248.9679496968
Daging Sapi Murni/Sulawesi Tenggara/2024-12-19,153201.60561507216
Daging Sapi Murni/Sulawesi Tenggara/2024-12-20,153252.3673221588
Daging Sapi Murni/Sulawesi Tenggara/2024-12-21,153231.73888889805
Daging Sapi Murni/Sulawesi Tenggara/2024-12-22,153299.07622033413
Daging Sapi Murni/Sulawesi Tenggara/2024-12-23,153293.39136972697
Daging Sapi Murni/Sulawesi Tenggara/2024-12-24,153225.67155984193
Daging Sapi Murni/Sulawesi Tenggara/2024-12-25,153237.7619232969
Daging Sapi Murni/Sulawesi Tenggara/2024-12-26,153240.45594096454
Daging Sapi Murni/Sulawesi Tenggara/2024-12-27,153228.27031388655
Daging Sapi Murni/Sulawesi Tenggara/2024-12-28,153248.4128534073
Daging Sapi Murni/Sulawesi Tenggara/2024-12-29,153215.18212873235
Daging Sapi Murni/Sulawesi Tenggara/2024-12-30,153202.93716446828
Daging Sapi Murni/Sulawesi Tenggara/2024-12-31,153261.20580985342
Daging Sapi Murni/Sulawesi Utara/2024-10-01,153261.14954073
Daging Sapi Murni/Sulawesi Utara/2024-10-02,153213.48417832615
Daging Sapi Murni/Sulawesi Utara/2024-10-03,153269.99741307428
Daging Sapi Murni/Sulawesi Utara/2024-10-04,153219.7046420515
Daging Sapi Murni/Sulawesi Utara/2024-10-05,153250.23957945762
Daging Sapi Murni/Sulawesi Utara/2024-10-06,153268.70496461698
Daging Sapi Murni/Sulawesi Utara/2024-10-07,153239.8308631074
Daging Sapi Murni/Sulawesi Utara/2024-10-08,153257.03348289782
Daging Sapi Murni/Sulawesi Utara/2024-10-09,153224.1121880518
Daging Sapi Murni/Sulawesi Utara/2024-10-10,153235.4636956288
Daging Sapi Murni/Sulawesi Utara/2024-10-11,153234.92241979478
Daging Sapi Murni/Sulawesi Utara/2024-10-12,153216.0662052507
Daging Sapi Murni/Sulawesi Utara/2024-10-13,153234.88442557494
Daging Sapi Murni/Sulawesi Utara/2024-10-14,153188.35060346007
Daging Sapi Murni/Sulawesi Utara/2024-10-15,153223.57885695717
Daging Sapi Murni/Sulawesi Utara/2024-10-16,153229.99637452123
Daging Sapi Murni/Sulawesi Utara/2024-10-17,153230.5337858003
Daging Sapi Murni/Sulawesi Utara/2024-10-18,153231.17210540074
Daging Sapi Murni/Sulawesi Utara/2024-10-19,153236.95874521037
Daging Sapi Murni/Sulawesi Utara/2024-10-20,153256.10498186012
Daging Sapi Murni/Sulawesi Utara/2024-10-21,153269.6686067725
Daging Sapi Murni/Sulawesi Utara/2024-10-22,153219.1824473697
Daging Sapi Murni/Sulawesi Utara/2024-10-23,153201.07295598654
Daging Sapi Murni/Sulawesi Utara/2024-10-24,153206.5471633373
Daging Sapi Murni/Sulawesi Utara/2024-10-25,153224.73502926168
Daging Sapi Murni/Sulawesi Utara/2024-10-26,153228.28831872475
Daging Sapi Murni/Sulawesi Utara/2024-10-27,153213.0184247408
Daging Sapi Murni/Sulawesi Utara/2024-10-28,153195.41088075942
Daging Sapi Murni/Sulawesi Utara/2024-10-29,153223.80092541402
Daging Sapi Murni/Sulawesi Utara/2024-10-30,153245.28927168594
Daging Sapi Murni/Sulawesi Utara/2024-10-31,153259.0047427562
Daging Sapi Murni/Sulawesi Utara/2024-11-01,153220.59349265142
Daging Sapi Murni/Sulawesi Utara/2024-11-02,153225.98076487874
Daging Sapi Murni/Sulawesi Utara/2024-11-03,153209.79770880638
Daging Sapi Murni/Sulawesi Utara/2024-11-04,153239.81675146986
Daging Sapi Murni/Sulawesi Utara/2024-11-05,153212.0531814812
Daging Sapi Murni/Sulawesi Utara/2024-11-06,153258.6563576951
Daging Sapi Murni/Sulawesi Utara/2024-11-07,153180.06390387323
Daging Sapi Murni/Sulawesi Utara/2024-11-08,153227.6314576251
Daging Sapi Murni/Sulawesi Utara/2024-11-09,153249.96609035836
Daging Sapi Murni/Sulawesi Utara/2024-11-10,153245.68574080212
Daging Sapi Murni/Sulawesi Utara/2024-11-11,153330.0417832356
Daging Sapi Murni/Sulawesi Utara/2024-11-12,153251.7157546943
Daging Sapi Murni/Sulawesi Utara/2024-11-13,153208.67679680663
Daging Sapi Murni/Sulawesi Utara/2024-11-14,153239.8201062948
Daging Sapi Murni/Sulawesi Utara/2024-11-15,153183.638780857
Daging Sapi Murni/Sulawesi Utara/2024-11-16,153239.8865239083
Daging Sapi Murni/Sulawesi Utara/2024-11-17,153212.04780924326
Daging Sapi Murni/Sulawesi Utara/2024-11-18,153269.62963836573
Daging Sapi Murni/Sulawesi Utara/2024-11-19,153221.1903944647
Daging Sapi Murni/Sulawesi Utara/2024-11-20,153235.4752834494
Daging Sapi Murni/Sulawesi Utara/2024-11-21,153219.42966060617
Daging Sapi Murni/Sulawesi Utara/2024-11-22,153298.58258658505
Daging Sapi Murni/Sulawesi Utara/2024-11-23,153230.56974434253
Daging Sapi Murni/Sulawesi Utara/2024-11-24,153301.989035191
Daging Sapi Murni/Sulawesi Utara/2024-11-25,153268.9559795954
Daging Sapi Murni/Sulawesi Utara/2024-11-26,153258.6966913867
Daging Sapi Murni/Sulawesi Utara/2024-11-27,153256.15776383068
Daging Sapi Murni/Sulawesi Utara/2024-11-28,153256.18886448003
Daging Sapi Murni/Sulawesi Utara/2024-11-29,153179.3940885923
Daging Sapi Murni/Sulawesi Utara/2024-11-30,153232.9807442457
Daging Sapi Murni/Sulawesi Utara/2024-12-01,153269.57741127556
Daging Sapi Murni/Sulawesi Utara/2024-12-02,153239.09994346174
Daging Sapi Murni/Sulawesi Utara/2024-12-03,153193.3250576422
Daging Sapi Murni/Sulawesi Utara/2024-12-04,153237.88989245312
Daging Sapi Murni/Sulawesi Utara/2024-12-05,153297.83980891443
Daging Sapi Murni/Sulawesi Utara/2024-12-06,153282.82225073696
Daging Sapi Murni/Sulawesi Utara/2024-12-07,153238.79438087784
Daging Sapi Murni/Sulawesi Utara/2024-12-08,153273.21103505953
Daging Sapi Murni/Sulawesi Utara/2024-12-09,153230.96971831663
Daging Sapi Murni/Sulawesi Utara/2024-12-10,153186.78788727472
Daging Sapi Murni/Sulawesi Utara/2024-12-11,153211.34026403667
Daging Sapi Murni/Sulawesi Utara/2024-12-12,153292.96358690414
Daging Sapi Murni/Sulawesi Utara/2024-12-13,153231.42523213202
Daging Sapi Murni/Sulawesi Utara/2024-12-14,153231.54605154786
Daging Sapi Murni/Sulawesi Utara/2024-12-15,153229.86642071896
Daging Sapi Murni/Sulawesi Utara/2024-12-16,153304.81152860026
Daging Sapi Murni/Sulawesi Utara/2024-12-17,153296.5312993249
Daging Sapi Murni/Sulawesi Utara/2024-12-18,153315.6979059473
Daging Sapi Murni/Sulawesi Utara/2024-12-19,153237.5854876912
Daging Sapi Murni/Sulawesi Utara/2024-12-20,153254.06295944497
Daging Sapi Murni/Sulawesi Utara/2024-12-21,153194.6114926256
Daging Sapi Murni/Sulawesi Utara/2024-12-22,153293.31782927323
Daging Sapi Murni/Sulawesi Utara/2024-12-23,153203.7762531829
Daging Sapi Murni/Sulawesi Utara/2024-12-24,153248.1408011302
Daging Sapi Murni/Sulawesi Utara/2024-12-25,153204.2449452118
Daging Sapi Murni/Sulawesi Utara/2024-12-26,153220.65563951668
Daging Sapi Murni/Sulawesi Utara/2024-12-27,153213.11959763183
Daging Sapi Murni/Sulawesi Utara/2024-12-28,153218.9409534304
Daging Sapi Murni/Sulawesi Utara/2024-12-29,153221.57962853613
Daging Sapi Murni/Sulawesi Utara/2024-12-30,153220.5140208641
Daging Sapi Murni/Sulawesi Utara/2024-12-31,153267.05077730247
Daging Sapi Murni/Sumatera Barat/2024-10-01,153202.52713381237
Daging Sapi Murni/Sumatera Barat/2024-10-02,153247.22031985247
Daging Sapi Murni/Sumatera Barat/2024-10-03,153280.89443301933
Daging Sapi Murni/Sumatera Barat/2024-10-04,153223.62472146255
Daging Sapi Murni/Sumatera Barat/2024-10-05,153217.39507093
Daging Sapi Murni/Sumatera Barat/2024-10-06,153232.97690175002
Daging Sapi Murni/Sumatera Barat/2024-10-07,153280.90760415248
Daging Sapi Murni/Sumatera Barat/2024-10-08,153247.85801144742
Daging Sapi Murni/Sumatera Barat/2024-10-09,153222.77872442218
Daging Sapi Murni/Sumatera Barat/2024-10-10,153257.22711712937
Daging Sapi Murni/Sumatera Barat/2024-10-11,153204.9521719752
Daging Sapi Murni/Sumatera Barat/2024-10-12,153264.660110953
Daging Sapi Murni/Sumatera Barat/2024-10-13,153254.49097089234
Daging Sapi Murni/Sumatera Barat/2024-10-14,153230.43698786374
Daging Sapi Murni/Sumatera Barat/2024-10-15,153213.20663990037
Daging Sapi Murni/Sumatera Barat/2024-10-16,153211.0769475393
Daging Sapi Murni/Sumatera Barat/2024-10-17,153259.14042723674
Daging Sapi Murni/Sumatera Barat/2024-10-18,153281.47299847894
Daging Sapi Murni/Sumatera Barat/2024-10-19,153218.81841554
Daging Sapi Murni/Sumatera Barat/2024-10-20,153255.77657951956
Daging Sapi Murni/Sumatera Barat/2024-10-21,153171.58263379085
Daging Sapi Murni/Sumatera Barat/2024-10-22,153222.29955142183
Daging Sapi Murni/Sumatera Barat/2024-10-23,153239.84976142284
Daging Sapi Murni/Sumatera Barat/2024-10-24,153208.96433487473
Daging Sapi Murni/Sumatera Barat/2024-10-25,153208.0603854945
Daging Sapi Murni/Sumatera Barat/2024-10-26,153216.046986317
Daging Sapi Murni/Sumatera Barat/2024-10-27,153249.23186385402
Daging Sapi Murni/Sumatera Barat/2024-10-28,153233.21277320953
Daging Sapi Murni/Sumatera Barat/2024-10-29,153164.3731526255
Daging Sapi Murni/Sumatera Barat/2024-10-30,153168.48351612093
Daging Sapi Murni/Sumatera Barat/2024-10-31,153218.87798412467
Daging Sapi Murni/Sumatera Barat/2024-11-01,153253.9661168953
Daging Sapi Murni/Sumatera Barat/2024-11-02,153145.81603650426
Daging Sapi Murni/Sumatera Barat/2024-11-03,153220.08899469813
Daging Sapi Murni/Sumatera Barat/2024-11-04,153220.15759158682
Daging Sapi Murni/Sumatera Barat/2024-11-05,153285.10025949267
Daging Sapi Murni/Sumatera Barat/2024-11-06,153226.0036520848
Daging Sapi Murni/Sumatera Barat/2024-11-07,153251.16800456686
Daging Sapi Murni/Sumatera Barat/2024-11-08,153245.51928978547
Daging Sapi Murni/Sumatera Barat/2024-11-09,153170.2580042533
Daging Sapi Murni/Sumatera Barat/2024-11-10,153267.35562709052
Daging Sapi Murni/Sumatera Barat/2024-11-11,153247.50261392456
Daging Sapi Murni/Sumatera Barat/2024-11-12,153257.49361436945
Daging Sapi Murni/Sumatera Barat/2024-11-13,153371.4773731653
Daging Sapi Murni/Sumatera Barat/2024-11-14,153171.37144792185
Daging Sapi Murni/Sumatera Barat/2024-11-15,153301.05827816256
Daging Sapi Murni/Sumatera Barat/2024-11-16,153233.8854377087
Daging Sapi Murni/Sumatera Barat/2024-11-17,153253.4525245047
Daging Sapi Murni/Sumatera Barat/2024-11-18,153242.28275011896
Daging Sapi Murni/Sumatera Barat/2024-11-19,153226.59740622866
Daging Sapi Murni/Sumatera Barat/2024-11-20,153223.52700130883
Daging Sapi Murni/Sumatera Barat/2024-11-21,153251.95931208937
Daging Sapi Murni/Sumatera Barat/2024-11-22,153190.3096760095
Daging Sapi Murni/Sumatera Barat/2024-11-23,153265.41584715483
Daging Sapi Murni/Sumatera Barat/2024-11-24,153226.14826425098
Daging Sapi Murni/Sumatera Barat/2024-11-25,153202.43923951004
Daging Sapi Murni/Sumatera Barat/2024-11-26,153225.234699672
Daging Sapi Murni/Sumatera Barat/2024-11-27,153281.56761517242
Daging Sapi Murni/Sumatera Barat/2024-11-28,153222.7914915209
Daging Sapi Murni/Sumatera Barat/2024-11-29,153251.9575204529
Daging Sapi Murni/Sumatera Barat/2024-11-30,153215.95360020213
Daging Sapi Murni/Sumatera Barat/2024-12-01,153266.61078694483
Daging Sapi Murni/Sumatera Barat/2024-12-02,153264.6202574612
Daging Sapi Murni/Sumatera Barat/2024-12-03,153302.6630316927
Daging Sapi Murni/Sumatera Barat/2024-12-04,153236.04836876062
Daging Sapi Murni/Sumatera Barat/2024-12-05,153264.58004524952
Daging Sapi Murni/Sumatera Barat/2024-12-06,153246.73219215902
Daging Sapi Murni/Sumatera Barat/2024-12-07,153286.59460913087
Daging Sapi Murni/Sumatera Barat/2024-12-08,153219.23113712456
Daging Sapi Murni/Sumatera Barat/2024-12-09,153266.95353132795
Daging Sapi Murni/Sumatera Barat/2024-12-10,153236.00863026117
Daging Sapi Murni/Sumatera Barat/2024-12-11,153240.01115316566
Daging Sapi Murni/Sumatera Barat/2024-12-12,153245.19883638847
Daging Sapi Murni/Sumatera Barat/2024-12-13,153249.49594954625
Daging Sapi Murni/Sumatera Barat/2024-12-14,153237.81778888006
Daging Sapi Murni/Sumatera Barat/2024-12-15,153248.29345675727
Daging Sapi Murni/Sumatera Barat/2024-12-16,153294.06035299462
Daging Sapi Murni/Sumatera Barat/2024-12-17,153274.6514811148
Daging Sapi Murni/Sumatera Barat/2024-12-18,153271.26284385714
Daging Sapi Murni/Sumatera Barat/2024-12-19,153227.52555019385
Daging Sapi Murni/Sumatera Barat/2024-12-20,153213.6690499745
Daging Sapi Murni/Sumatera Barat/2024-12-21,153275.30375608112
Daging Sapi Murni/Sumatera Barat/2024-12-22,153271.47651671618
Daging Sapi Murni/Sumatera Barat/2024-12-23,153290.84250609012
Daging Sapi Murni/Sumatera Barat/2024-12-24,153221.26254109148
Daging Sapi Murni/Sumatera Barat/2024-12-25,153234.6000900192
Daging Sapi Murni/Sumatera Barat/2024-12-26,153188.46576958636
Daging Sapi Murni/Sumatera Barat/2024-12-27,153229.1069658397
Daging Sapi Murni/Sumatera Barat/2024-12-28,153274.3328581069
Daging Sapi Murni/Sumatera Barat/2024-12-29,153223.94874082995
Daging Sapi Murni/Sumatera Barat/2024-12-30,153261.26167803138
Daging Sapi Murni/Sumatera Barat/2024-12-31,153233.6913034422
Daging Sapi Murni/Sumatera Selatan/2024-10-01,153252.28194880794
Daging Sapi Murni/Sumatera Selatan/2024-10-02,153203.52255305785
Daging Sapi Murni/Sumatera Selatan/2024-10-03,153243.77828109323
Daging Sapi Murni/Sumatera Selatan/2024-10-04,153141.2301850488
Daging Sapi Murni/Sumatera Selatan/2024-10-05,153233.70772415056
Daging Sapi Murni/Sumatera Selatan/2024-10-06,153184.80427707257
Daging Sapi Murni/Sumatera Selatan/2024-10-07,153278.28455990972
Daging Sapi Murni/Sumatera Selatan/2024-10-08,153264.26287451136
Daging Sapi Murni/Sumatera Selatan/2024-10-09,153253.6340999879
Daging Sapi Murni/Sumatera Selatan/2024-10-10,153291.53048630245
Daging Sapi Murni/Sumatera Selatan/2024-10-11,153209.71989476247
Daging Sapi Murni/Sumatera Selatan/2024-10-12,153301.60666613918
Daging Sapi Murni/Sumatera Selatan/2024-10-13,153273.9783842048
Daging Sapi Murni/Sumatera Selatan/2024-10-14,153234.99979041112
Daging Sapi Murni/Sumatera Selatan/2024-10-15,153281.06978969192
Daging Sapi Murni/Sumatera Selatan/2024-10-16,153205.48059074843
Daging Sapi Murni/Sumatera Selatan/2024-10-17,153215.95264430364
Daging Sapi Murni/Sumatera Selatan/2024-10-18,153221.58497071717
Daging Sapi Murni/Sumatera Selatan/2024-10-19,153223.0970241202
Daging Sapi Murni/Sumatera Selatan/2024-10-20,153205.16686592158
Daging Sapi Murni/Sumatera Selatan/2024-10-21,153279.74700366202
Daging Sapi Murni/Sumatera Selatan/2024-10-22,153230.83420932485
Daging Sapi Murni/Sumatera Selatan/2024-10-23,153251.7640931004
Daging Sapi Murni/Sumatera Selatan/2024-10-24,153221.4411710098
Daging Sapi Murni/Sumatera Selatan/2024-10-25,153180.08987595377
Daging Sapi Murni/Sumatera Selatan/2024-10-26,153250.45217030248
Daging Sapi Murni/Sumatera Selatan/2024-10-27,153176.1188593947
Daging Sapi Murni/Sumatera Selatan/2024-10-28,153237.25489387536
Daging Sapi Murni/Sumatera Selatan/2024-10-29,153192.8591308127
Daging Sapi Murni/Sumatera Selatan/2024-10-30,153304.7040427593
Daging Sapi Murni/Sumatera Selatan/2024-10-31,153270.0084145031
Daging Sapi Murni/Sumatera Selatan/2024-11-01,153243.02650541608
Daging Sapi Murni/Sumatera Selatan/2024-11-02,153283.6993389617
Daging Sapi Murni/Sumatera Selatan/2024-11-03,153213.86765264248
Daging Sapi Murni/Sumatera Selatan/2024-11-04,153261.87960642713
Daging Sapi Murni/Sumatera Selatan/2024-11-05,153249.09264348575
Daging Sapi Murni/Sumatera Selatan/2024-11-06,153250.73477685335
Daging Sapi Murni/Sumatera Selatan/2024-11-07,153284.58956133237
Daging Sapi Murni/Sumatera Selatan/2024-11-08,153265.89521495395
Daging Sapi Murni/Sumatera Selatan/2024-11-09,153252.29959437007
Daging Sapi Murni/Sumatera Selatan/2024-11-10,153187.38827975516
Daging Sapi Murni/Sumatera Selatan/2024-11-11,153210.52932675157
Daging Sapi Murni/Sumatera Selatan/2024-11-12,153237.98756869207
Daging Sapi Murni/Sumatera Selatan/2024-11-13,153243.69359842237
Daging Sapi Murni/Sumatera Selatan/2024-11-14,153201.81377036372
Daging Sapi Murni/Sumatera Selatan/2024-11-15,153319.44157433792
Daging Sapi Murni/Sumatera Selatan/2024-11-16,153290.9558858199
Daging Sapi Murni/Sumatera Selatan/2024-11-17,153261.74287011454
Daging Sapi Murni/Sumatera Selatan/2024-11-18,153244.8729376487
Daging Sapi Murni/Sumatera Selatan/2024-11-19,153236.00567008276
Daging Sapi Murni/Sumatera Selatan/2024-11-20,153212.71763820597
Daging Sapi Murni/Sumatera Selatan/2024-11-21,153245.22183192262
Daging Sapi Murni/Sumatera Selatan/2024-11-22,153249.8830124846
Daging Sapi Murni/Sumatera Selatan/2024-11-23,153199.16547059655
Daging Sapi Murni/Sumatera Selatan/2024-11-24,153251.45910674013
Daging Sapi Murni/Sumatera Selatan/2024-11-25,153235.0101374469
Daging Sapi Murni/Sumatera Selatan/2024-11-26,153176.97359454067
Daging Sapi Murni/Sumatera Selatan/2024-11-27,153211.37982037253
Daging Sapi Murni/Sumatera Selatan/2024-11-28,153225.40547837853
Daging Sapi Murni/Sumatera Selatan/2024-11-29,153302.6570304481
Daging Sapi Murni/Sumatera Selatan/2024-11-30,153257.70949771447
Daging Sapi Murni/Sumatera Selatan/2024-12-01,153194.80934880784
Daging Sapi Murni/Sumatera Selatan/2024-12-02,153257.34832308756
Daging Sapi Murni/Sumatera Selatan/2024-12-03,153190.2170004249
Daging Sapi Murni/Sumatera Selatan/2024-12-04,153278.22708502537
Daging Sapi Murni/Sumatera Selatan/2024-12-05,153224.59926475328
Daging Sapi Murni/Sumatera Selatan/2024-12-06,153236.63994847072
Daging Sapi Murni/Sumatera Selatan/2024-12-07,153285.11569182706
Daging Sapi Murni/Sumatera Selatan/2024-12-08,153197.5689269837
Daging Sapi Murni/Sumatera Selatan/2024-12-09,153195.17897644278
Daging Sapi Murni/Sumatera Selatan/2024-12-10,153221.1079369271
Daging Sapi Murni/Sumatera Selatan/2024-12-11,153275.1949312727
Daging Sapi Murni/Sumatera Selatan/2024-12-12,153189.5266855993
Daging Sapi Murni/Sumatera Selatan/2024-12-13,153144.1278720522
Daging Sapi Murni/Sumatera Selatan/2024-12-14,153223.88895512826
Daging Sapi Murni/Sumatera Selatan/2024-12-15,153257.55447502533
Daging Sapi Murni/Sumatera Selatan/2024-12-16,153278.97153755176
Daging Sapi Murni/Sumatera Selatan/2024-12-17,153222.27202383702
Daging Sapi Murni/Sumatera Selatan/2024-12-18,153225.26054837543
Daging Sapi Murni/Sumatera Selatan/2024-12-19,153279.98678418453
Daging Sapi Murni/Sumatera Selatan/2024-12-20,153179.5515392063
Daging Sapi Murni/Sumatera Selatan/2024-12-21,153228.47402847497
Daging Sapi Murni/Sumatera Selatan/2024-12-22,153246.52708145828
Daging Sapi Murni/Sumatera Selatan/2024-12-23,153255.34058949538
Daging Sapi Murni/Sumatera Selatan/2024-12-24,153223.55219047438
Daging Sapi Murni/Sumatera Selatan/2024-12-25,153240.64195311756
Daging Sapi Murni/Sumatera Selatan/2024-12-26,153157.8076339795
Daging Sapi Murni/Sumatera Selatan/2024-12-27,153218.76421516805
Daging Sapi Murni/Sumatera Selatan/2024-12-28,153255.03651110607
Daging Sapi Murni/Sumatera Selatan/2024-12-29,153206.0985449759
Daging Sapi Murni/Sumatera Selatan/2024-12-30,153240.75180520528
Daging Sapi Murni/Sumatera Selatan/2024-12-31,153253.30564404614
Daging Sapi Murni/Sumatera Utara/2024-10-01,153228.84358498376
Daging Sapi Murni/Sumatera Utara/2024-10-02,153246.43317783033
Daging Sapi Murni/Sumatera Utara/2024-10-03,153208.1706941806
Daging Sapi Murni/Sumatera Utara/2024-10-04,153234.12275077816
Daging Sapi Murni/Sumatera Utara/2024-10-05,153261.16724203568
Daging Sapi Murni/Sumatera Utara/2024-10-06,153245.58879469833
Daging Sapi Murni/Sumatera Utara/2024-10-07,153221.0430904222
Daging Sapi Murni/Sumatera Utara/2024-10-08,153247.94780810515
Daging Sapi Murni/Sumatera Utara/2024-10-09,153265.1360290604
Daging Sapi Murni/Sumatera Utara/2024-10-10,153173.04636033476
Daging Sapi Murni/Sumatera Utara/2024-10-11,153279.54078444658
Daging Sapi Murni/Sumatera Utara/2024-10-12,153229.33990051784
Daging Sapi Murni/Sumatera Utara/2024-10-13,153255.1917320576
Daging Sapi Murni/Sumatera Utara/2024-10-14,153280.8122413276
Daging Sapi Murni/Sumatera Utara/2024-10-15,153194.6487022152
Daging Sapi Murni/Sumatera Utara/2024-10-16,153218.5682323931
Daging Sapi Murni/Sumatera Utara/2024-10-17,153231.5164379512
Daging Sapi Murni/Sumatera Utara/2024-10-18,153214.9604756703
Daging Sapi Murni/Sumatera Utara/2024-10-19,153298.32567602332
Daging Sapi Murni/Sumatera Utara/2024-10-20,153210.64547655755
Daging Sapi Murni/Sumatera Utara/2024-10-21,153221.83570888508
Daging Sapi Murni/Sumatera Utara/2024-10-22,153247.67879994068
Daging Sapi Murni/Sumatera Utara/2024-10-23,153200.81498153304
Daging Sapi Murni/Sumatera Utara/2024-10-24,153228.09933001688
Daging Sapi Murni/Sumatera Utara/2024-10-25,153250.07664670335
Daging Sapi Murni/Sumatera Utara/2024-10-26,153228.80254699572
Daging Sapi Murni/Sumatera Utara/2024-10-27,153237.04259388478
Daging Sapi Murni/Sumatera Utara/2024-10-28,153222.12560913188
Daging Sapi Murni/Sumatera Utara/2024-10-29,153189.99639487747
Daging Sapi Murni/Sumatera Utara/2024-10-30,153251.19538192803
Daging Sapi Murni/Sumatera Utara/2024-10-31,153298.42305778095
Daging Sapi Murni/Sumatera Utara/2024-11-01,153240.69938944135
Daging Sapi Murni/Sumatera Utara/2024-11-02,153247.9188143976
Daging Sapi Murni/Sumatera Utara/2024-11-03,153264.31896513086
Daging Sapi Murni/Sumatera Utara/2024-11-04,153200.42898922335
Daging Sapi Murni/Sumatera Utara/2024-11-05,153299.57565390345
Daging Sapi Murni/Sumatera Utara/2024-11-06,153248.25802687946
Daging Sapi Murni/Sumatera Utara/2024-11-07,153296.34629428247
Daging Sapi Murni/Sumatera Utara/2024-11-08,153217.74005543333
Daging Sapi Murni/Sumatera Utara/2024-11-09,153302.8671178852
Daging Sapi Murni/Sumatera Utara/2024-11-10,153269.66537372937
Daging Sapi Murni/Sumatera Utara/2024-11-11,153261.50077671863
Daging Sapi Murni/Sumatera Utara/2024-11-12,153251.35581569487
Daging Sapi Murni/Sumatera Utara/2024-11-13,153234.45244982067
Daging Sapi Murni/Sumatera Utara/2024-11-14,153283.83518282897
Daging Sapi Murni/Sumatera Utara/2024-11-15,153247.29696014876
Daging Sapi Murni/Sumatera Utara/2024-11-16,153176.5475541381
Daging Sapi Murni/Sumatera Utara/2024-11-17,153204.37614414067
Daging Sapi Murni/Sumatera Utara/2024-11-18,153234.79316323344
Daging Sapi Murni/Sumatera Utara/2024-11-19,153250.96389929435
Daging Sapi Murni/Sumatera Utara/2024-11-20,153237.20946315394
Daging Sapi Murni/Sumatera Utara/2024-11-21,153279.41129119683
Daging Sapi Murni/Sumatera Utara/2024-11-22,153175.21337891306
Daging Sapi Murni/Sumatera Utara/2024-11-23,153246.00786993292
Daging Sapi Murni/Sumatera Utara/2024-11-24,153180.41862823445
Daging Sapi Murni/Sumatera Utara/2024-11-25,153265.76322079758
Daging Sapi Murni/Sumatera Utara/2024-11-26,153236.87407681445
Daging Sapi Murni/Sumatera Utara/2024-11-27,153252.7842821644
Daging Sapi Murni/Sumatera Utara/2024-11-28,153211.4600302043
Daging Sapi Murni/Sumatera Utara/2024-11-29,153282.83001011188
Daging Sapi Murni/Sumatera Utara/2024-11-30,153276.50389105512
Daging Sapi Murni/Sumatera Utara/2024-12-01,153260.93882516003
Daging Sapi Murni/Sumatera Utara/2024-12-02,153237.71901205857
Daging Sapi Murni/Sumatera Utara/2024-12-03,153261.57440258033
Daging Sapi Murni/Sumatera Utara/2024-12-04,153219.73290691664
Daging Sapi Murni/Sumatera Utara/2024-12-05,153271.07877073708
Daging Sapi Murni/Sumatera Utara/2024-12-06,153296.9131996067
Daging Sapi Murni/Sumatera Utara/2024-12-07,153277.55303706453
Daging Sapi Murni/Sumatera Utara/2024-12-08,153218.19769528374
Daging Sapi Murni/Sumatera Utara/2024-12-09,153254.68582110715
Daging Sapi Murni/Sumatera Utara/2024-12-10,153200.33560212798
Daging Sapi Murni/Sumatera Utara/2024-12-11,153261.93253421364
Daging Sapi Murni/Sumatera Utara/2024-12-12,153256.39808252358
Daging Sapi Murni/Sumatera Utara/2024-12-13,153177.96197145805
Daging Sapi Murni/Sumatera Utara/2024-12-14,153201.9189054832
Daging Sapi Murni/Sumatera Utara/2024-12-15,153230.3848484248
Daging Sapi Murni/Sumatera Utara/2024-12-16,153230.18996134255
Daging Sapi Murni/Sumatera Utara/2024-12-17,153198.72144624012
Daging Sapi Murni/Sumatera Utara/2024-12-18,153251.09466776092
Daging Sapi Murni/Sumatera Utara/2024-12-19,153247.63011269982
Daging Sapi Murni/Sumatera Utara/2024-12-20,153233.4851061085
Daging Sapi Murni/Sumatera Utara/2024-12-21,153214.85160896502
Daging Sapi Murni/Sumatera Utara/2024-12-22,153275.21361360312
Daging Sapi Murni/Sumatera Utara/2024-12-23,153296.5380981956
Daging Sapi Murni/Sumatera Utara/2024-12-24,153225.18916372047
Daging Sapi Murni/Sumatera Utara/2024-12-25,153221.10412711336
Daging Sapi Murni/Sumatera Utara/2024-12-26,153258.35340179922
Daging Sapi Murni/Sumatera Utara/2024-12-27,153230.77245714038
Daging Sapi Murni/Sumatera Utara/2024-12-28,153237.23455720197
Daging Sapi Murni/Sumatera Utara/2024-12-29,153265.14983161716
Daging Sapi Murni/Sumatera Utara/2024-12-30,153177.09624096414
Daging Sapi Murni/Sumatera Utara/2024-12-31,153285.2182976052
