id,price
Minyak Goreng Kemasan Sederhana/Aceh/2024-10-01,18268.30928486381
Minyak Goreng Kemasan Sederhana/Aceh/2024-10-02,18205.65756431985
Minyak Goreng Kemasan Sederhana/Aceh/2024-10-03,18249.69876200088
Minyak Goreng Kemasan Sederhana/Aceh/2024-10-04,18298.289991885707
Minyak Goreng Kemasan Sederhana/Aceh/2024-10-05,18327.81599434798
Minyak Goreng Kemasan Sederhana/Aceh/2024-10-06,18384.552087590524
Minyak Goreng Kemasan Sederhana/Aceh/2024-10-07,18441.368545278605
Minyak Goreng Kemasan Sederhana/Aceh/2024-10-08,18480.414174990798
Minyak Goreng Kemasan Sederhana/Aceh/2024-10-09,18512.39806438312
Minyak Goreng Kemasan Sederhana/Aceh/2024-10-10,18573.125761160263
Minyak Goreng Kemasan Sederhana/Aceh/2024-10-11,18604.612555810458
Minyak Goreng Kemasan Sederhana/Aceh/2024-10-12,18645.545546386507
Minyak Goreng Kemasan Sederhana/Aceh/2024-10-13,18692.75026028024
Minyak Goreng Kemasan Sederhana/Aceh/2024-10-14,18697.57595256573
Minyak Goreng Kemasan Sederhana/Aceh/2024-10-15,18731.314590940638
Minyak Goreng Kemasan Sederhana/Aceh/2024-10-16,18772.66463380636
Minyak Goreng Kemasan Sederhana/Aceh/2024-10-17,18789.3027961542
Minyak Goreng Kemasan Sederhana/Aceh/2024-10-18,18828.848608113927
Minyak Goreng Kemasan Sederhana/Aceh/2024-10-19,18826.645398857578
Minyak Goreng Kemasan Sederhana/Aceh/2024-10-20,18826.702557431217
Minyak Goreng Kemasan Sederhana/Aceh/2024-10-21,18873.315000878785
Minyak Goreng Kemasan Sederhana/Aceh/2024-10-22,18853.02072093724
Minyak Goreng Kemasan Sederhana/Aceh/2024-10-23,18860.457557587288
Minyak Goreng Kemasan Sederhana/Aceh/2024-10-24,18840.76102786089
Minyak Goreng Kemasan Sederhana/Aceh/2024-10-25,18854.34385677372
Minyak Goreng Kemasan Sederhana/Aceh/2024-10-26,18863.96632832417
Minyak Goreng Kemasan Sederhana/Aceh/2024-10-27,18845.390589499613
Minyak Goreng Kemasan Sederhana/Aceh/2024-10-28,18867.48929489181
Minyak Goreng Kemasan Sederhana/Aceh/2024-10-29,18853.72132335842
Minyak Goreng Kemasan Sederhana/Aceh/2024-10-30,18858.69268435025
Minyak Goreng Kemasan Sederhana/Aceh/2024-10-31,18854.2047250435
Minyak Goreng Kemasan Sederhana/Aceh/2024-11-01,18889.699649558494
Minyak Goreng Kemasan Sederhana/Aceh/2024-11-02,18862.720048485786
Minyak Goreng Kemasan Sederhana/Aceh/2024-11-03,18847.60329308648
Minyak Goreng Kemasan Sederhana/Aceh/2024-11-04,18874.82316917372
Minyak Goreng Kemasan Sederhana/Aceh/2024-11-05,18845.241671675794
Minyak Goreng Kemasan Sederhana/Aceh/2024-11-06,18865.939096568432
Minyak Goreng Kemasan Sederhana/Aceh/2024-11-07,18834.545911752804
Minyak Goreng Kemasan Sederhana/Aceh/2024-11-08,18843.307063939203
Minyak Goreng Kemasan Sederhana/Aceh/2024-11-09,18864.4699726588
Minyak Goreng Kemasan Sederhana/Aceh/2024-11-10,18871.784530617355
Minyak Goreng Kemasan Sederhana/Aceh/2024-11-11,18864.63106872177
Minyak Goreng Kemasan Sederhana/Aceh/2024-11-12,18861.2412395542
Minyak Goreng Kemasan Sederhana/Aceh/2024-11-13,18858.55645950629
Minyak Goreng Kemasan Sederhana/Aceh/2024-11-14,18841.511342886068
Minyak Goreng Kemasan Sederhana/Aceh/2024-11-15,18852.49448399085
Minyak Goreng Kemasan Sederhana/Aceh/2024-11-16,18855.711623071857
Minyak Goreng Kemasan Sederhana/Aceh/2024-11-17,18877.159213578583
Minyak Goreng Kemasan Sederhana/Aceh/2024-11-18,18867.49704988492
Minyak Goreng Kemasan Sederhana/Aceh/2024-11-19,18837.39246234512
Minyak Goreng Kemasan Sederhana/Aceh/2024-11-20,18867.6071059133
Minyak Goreng Kemasan Sederhana/Aceh/2024-11-21,18857.34072778348
Minyak Goreng Kemasan Sederhana/Aceh/2024-11-22,18853.115855380875
Minyak Goreng Kemasan Sederhana/Aceh/2024-11-23,18871.631385739714
Minyak Goreng Kemasan Sederhana/Aceh/2024-11-24,18877.84090141036
Minyak Goreng Kemasan Sederhana/Aceh/2024-11-25,18876.397294777573
Minyak Goreng Kemasan Sederhana/Aceh/2024-11-26,18850.766353825376
Minyak Goreng Kemasan Sederhana/Aceh/2024-11-27,18858.439072676723
Minyak Goreng Kemasan Sederhana/Aceh/2024-11-28,18867.71104074067
Minyak Goreng Kemasan Sederhana/Aceh/2024-11-29,18877.03810546228
Minyak Goreng Kemasan Sederhana/Aceh/2024-11-30,18855.978587926715
Minyak Goreng Kemasan Sederhana/Aceh/2024-12-01,18860.227716616868
Minyak Goreng Kemasan Sederhana/Aceh/2024-12-02,18846.89937798502
Minyak Goreng Kemasan Sederhana/Aceh/2024-12-03,18845.59833419865
Minyak Goreng Kemasan Sederhana/Aceh/2024-12-04,18874.41177247963
Minyak Goreng Kemasan Sederhana/Aceh/2024-12-05,18881.9872829943
Minyak Goreng Kemasan Sederhana/Aceh/2024-12-06,18861.872975567952
Minyak Goreng Kemasan Sederhana/Aceh/2024-12-07,18877.44327567139
Minyak Goreng Kemasan Sederhana/Aceh/2024-12-08,18868.150735285093
Minyak Goreng Kemasan Sederhana/Aceh/2024-12-09,18853.576246551253
Minyak Goreng Kemasan Sederhana/Aceh/2024-12-10,18868.147254806576
Minyak Goreng Kemasan Sederhana/Aceh/2024-12-11,18885.181118208053
Minyak Goreng Kemasan Sederhana/Aceh/2024-12-12,18862.396801219584
Minyak Goreng Kemasan Sederhana/Aceh/2024-12-13,18885.5663007238
Minyak Goreng Kemasan Sederhana/Aceh/2024-12-14,18824.990212588225
Minyak Goreng Kemasan Sederhana/Aceh/2024-12-15,18874.81386923784
Minyak Goreng Kemasan Sederhana/Aceh/2024-12-16,18864.175596787416
Minyak Goreng Kemasan Sederhana/Aceh/2024-12-17,18858.58680763937
Minyak Goreng Kemasan Sederhana/Aceh/2024-12-18,18864.243835669044
Minyak Goreng Kemasan Sederhana/Aceh/2024-12-19,18834.14202968004
Minyak Goreng Kemasan Sederhana/Aceh/2024-12-20,18859.735322333443
Minyak Goreng Kemasan Sederhana/Aceh/2024-12-21,18867.57477200149
Minyak Goreng Kemasan Sederhana/Aceh/2024-12-22,18883.820061405582
Minyak Goreng Kemasan Sederhana/Aceh/2024-12-23,18855.41260763854
Minyak Goreng Kemasan Sederhana/Aceh/2024-12-24,18851.211134416408
Minyak Goreng Kemasan Sederhana/Aceh/2024-12-25,18855.65166370688
Minyak Goreng Kemasan Sederhana/Aceh/2024-12-26,18876.16743391419
Minyak Goreng Kemasan Sederhana/Aceh/2024-12-27,18867.674670644075
Minyak Goreng Kemasan Sederhana/Aceh/2024-12-28,18855.24627071005
Minyak Goreng Kemasan Sederhana/Aceh/2024-12-29,18870.34585578325
Minyak Goreng Kemasan Sederhana/Aceh/2024-12-30,18864.320804927152
Minyak Goreng Kemasan Sederhana/Aceh/2024-12-31,18876.93821434169
Minyak Goreng Kemasan Sederhana/Bali/2024-10-01,18852.75204039463
Minyak Goreng Kemasan Sederhana/Bali/2024-10-02,18858.171981112588
Minyak Goreng Kemasan Sederhana/Bali/2024-10-03,18857.23901642029
Minyak Goreng Kemasan Sederhana/Bali/2024-10-04,18841.728595145654
Minyak Goreng Kemasan Sederhana/Bali/2024-10-05,18867.113805366665
Minyak Goreng Kemasan Sederhana/Bali/2024-10-06,18866.09992571049
Minyak Goreng Kemasan Sederhana/Bali/2024-10-07,18862.98049209768
Minyak Goreng Kemasan Sederhana/Bali/2024-10-08,18859.51939898595
Minyak Goreng Kemasan Sederhana/Bali/2024-10-09,18842.42556376836
Minyak Goreng Kemasan Sederhana/Bali/2024-10-10,18856.825892735564
Minyak Goreng Kemasan Sederhana/Bali/2024-10-11,18857.80275757512
Minyak Goreng Kemasan Sederhana/Bali/2024-10-12,18850.71422037969
Minyak Goreng Kemasan Sederhana/Bali/2024-10-13,18859.74974460614
Minyak Goreng Kemasan Sederhana/Bali/2024-10-14,18868.10542685729
Minyak Goreng Kemasan Sederhana/Bali/2024-10-15,18890.22116730385
Minyak Goreng Kemasan Sederhana/Bali/2024-10-16,18865.442752016846
Minyak Goreng Kemasan Sederhana/Bali/2024-10-17,18866.643920091698
Minyak Goreng Kemasan Sederhana/Bali/2024-10-18,18861.837713336896
Minyak Goreng Kemasan Sederhana/Bali/2024-10-19,18835.13799246829
Minyak Goreng Kemasan Sederhana/Bali/2024-10-20,18862.531610502137
Minyak Goreng Kemasan Sederhana/Bali/2024-10-21,18863.70924295729
Minyak Goreng Kemasan Sederhana/Bali/2024-10-22,18898.28726502716
Minyak Goreng Kemasan Sederhana/Bali/2024-10-23,18860.13069402978
Minyak Goreng Kemasan Sederhana/Bali/2024-10-24,18867.280850207757
Minyak Goreng Kemasan Sederhana/Bali/2024-10-25,18862.412932149466
Minyak Goreng Kemasan Sederhana/Bali/2024-10-26,18845.996856940063
Minyak Goreng Kemasan Sederhana/Bali/2024-10-27,18879.45973225559
Minyak Goreng Kemasan Sederhana/Bali/2024-10-28,18873.800943067017
Minyak Goreng Kemasan Sederhana/Bali/2024-10-29,18874.36696582875
Minyak Goreng Kemasan Sederhana/Bali/2024-10-30,18849.75052565948
Minyak Goreng Kemasan Sederhana/Bali/2024-10-31,18883.2232583483
Minyak Goreng Kemasan Sederhana/Bali/2024-11-01,18842.621283939043
Minyak Goreng Kemasan Sederhana/Bali/2024-11-02,18871.41119029861
Minyak Goreng Kemasan Sederhana/Bali/2024-11-03,18894.625984999315
Minyak Goreng Kemasan Sederhana/Bali/2024-11-04,18848.57575882885
Minyak Goreng Kemasan Sederhana/Bali/2024-11-05,18854.717328369297
Minyak Goreng Kemasan Sederhana/Bali/2024-11-06,18864.358065253095
Minyak Goreng Kemasan Sederhana/Bali/2024-11-07,18855.62678391941
Minyak Goreng Kemasan Sederhana/Bali/2024-11-08,18840.46697379879
Minyak Goreng Kemasan Sederhana/Bali/2024-11-09,18863.348951601125
Minyak Goreng Kemasan Sederhana/Bali/2024-11-10,18847.002073351185
Minyak Goreng Kemasan Sederhana/Bali/2024-11-11,18868.92061427248
Minyak Goreng Kemasan Sederhana/Bali/2024-11-12,18848.95964713712
Minyak Goreng Kemasan Sederhana/Bali/2024-11-13,18884.97504473049
Minyak Goreng Kemasan Sederhana/Bali/2024-11-14,18851.57653050281
Minyak Goreng Kemasan Sederhana/Bali/2024-11-15,18858.253059688148
Minyak Goreng Kemasan Sederhana/Bali/2024-11-16,18874.692478058903
Minyak Goreng Kemasan Sederhana/Bali/2024-11-17,18845.096605619638
Minyak Goreng Kemasan Sederhana/Bali/2024-11-18,18866.20830996404
Minyak Goreng Kemasan Sederhana/Bali/2024-11-19,18881.83854066105
Minyak Goreng Kemasan Sederhana/Bali/2024-11-20,18839.64441126413
Minyak Goreng Kemasan Sederhana/Bali/2024-11-21,18865.58833024717
Minyak Goreng Kemasan Sederhana/Bali/2024-11-22,18866.677685568484
Minyak Goreng Kemasan Sederhana/Bali/2024-11-23,18874.23364892467
Minyak Goreng Kemasan Sederhana/Bali/2024-11-24,18845.00849478973
Minyak Goreng Kemasan Sederhana/Bali/2024-11-25,18843.799605945474
Minyak Goreng Kemasan Sederhana/Bali/2024-11-26,18870.47142848817
Minyak Goreng Kemasan Sederhana/Bali/2024-11-27,18867.21479787337
Minyak Goreng Kemasan Sederhana/Bali/2024-11-28,18866.54175028568
Minyak Goreng Kemasan Sederhana/Bali/2024-11-29,18867.930866026723
Minyak Goreng Kemasan Sederhana/Bali/2024-11-30,18853.07093825485
Minyak Goreng Kemasan Sederhana/Bali/2024-12-01,18866.27770776616
Minyak Goreng Kemasan Sederhana/Bali/2024-12-02,18867.15816217778
Minyak Goreng Kemasan Sederhana/Bali/2024-12-03,18852.57400140009
Minyak Goreng Kemasan Sederhana/Bali/2024-12-04,18889.92567798999
Minyak Goreng Kemasan Sederhana/Bali/2024-12-05,18869.77497467641
Minyak Goreng Kemasan Sederhana/Bali/2024-12-06,18845.669315233867
Minyak Goreng Kemasan Sederhana/Bali/2024-12-07,18872.42016495837
Minyak Goreng Kemasan Sederhana/Bali/2024-12-08,18848.80528171209
Minyak Goreng Kemasan Sederhana/Bali/2024-12-09,18874.309821373638
Minyak Goreng Kemasan Sederhana/Bali/2024-12-10,18879.688069636948
Minyak Goreng Kemasan Sederhana/Bali/2024-12-11,18851.03468219262
Minyak Goreng Kemasan Sederhana/Bali/2024-12-12,18876.861938683734
Minyak Goreng Kemasan Sederhana/Bali/2024-12-13,18868.89114404305
Minyak Goreng Kemasan Sederhana/Bali/2024-12-14,18874.81615156896
Minyak Goreng Kemasan Sederhana/Bali/2024-12-15,18890.374722706387
Minyak Goreng Kemasan Sederhana/Bali/2024-12-16,18859.363036536583
Minyak Goreng Kemasan Sederhana/Bali/2024-12-17,18852.0038407382
Minyak Goreng Kemasan Sederhana/Bali/2024-12-18,18850.03822123301
Minyak Goreng Kemasan Sederhana/Bali/2024-12-19,18851.10521309707
Minyak Goreng Kemasan Sederhana/Bali/2024-12-20,18861.799266242397
Minyak Goreng Kemasan Sederhana/Bali/2024-12-21,18867.067815054976
Minyak Goreng Kemasan Sederhana/Bali/2024-12-22,18866.68159342205
Minyak Goreng Kemasan Sederhana/Bali/2024-12-23,18874.890316927656
Minyak Goreng Kemasan Sederhana/Bali/2024-12-24,18863.10366791403
Minyak Goreng Kemasan Sederhana/Bali/2024-12-25,18883.957802083823
Minyak Goreng Kemasan Sederhana/Bali/2024-12-26,18859.08408934012
Minyak Goreng Kemasan Sederhana/Bali/2024-12-27,18902.294482353183
Minyak Goreng Kemasan Sederhana/Bali/2024-12-28,18871.97303421409
Minyak Goreng Kemasan Sederhana/Bali/2024-12-29,18850.506641572465
Minyak Goreng Kemasan Sederhana/Bali/2024-12-30,18847.41246763079
Minyak Goreng Kemasan Sederhana/Bali/2024-12-31,18869.90004593534
Minyak Goreng Kemasan Sederhana/Banten/2024-10-01,18859.68044269545
Minyak Goreng Kemasan Sederhana/Banten/2024-10-02,18873.2518055626
Minyak Goreng Kemasan Sederhana/Banten/2024-10-03,18869.766356757395
Minyak Goreng Kemasan Sederhana/Banten/2024-10-04,18861.861122185477
Minyak Goreng Kemasan Sederhana/Banten/2024-10-05,18850.65667562073
Minyak Goreng Kemasan Sederhana/Banten/2024-10-06,18840.985473823253
Minyak Goreng Kemasan Sederhana/Banten/2024-10-07,18856.4513861984
Minyak Goreng Kemasan Sederhana/Banten/2024-10-08,18874.57687358909
Minyak Goreng Kemasan Sederhana/Banten/2024-10-09,18865.42004076561
Minyak Goreng Kemasan Sederhana/Banten/2024-10-10,18844.881272678645
Minyak Goreng Kemasan Sederhana/Banten/2024-10-11,18865.42252972066
Minyak Goreng Kemasan Sederhana/Banten/2024-10-12,18868.49356285458
Minyak Goreng Kemasan Sederhana/Banten/2024-10-13,18850.12011575857
Minyak Goreng Kemasan Sederhana/Banten/2024-10-14,18865.14087389732
Minyak Goreng Kemasan Sederhana/Banten/2024-10-15,18863.758113011667
Minyak Goreng Kemasan Sederhana/Banten/2024-10-16,18846.36901985335
Minyak Goreng Kemasan Sederhana/Banten/2024-10-17,18868.095019369244
Minyak Goreng Kemasan Sederhana/Banten/2024-10-18,18871.033745889574
Minyak Goreng Kemasan Sederhana/Banten/2024-10-19,18878.59443790049
Minyak Goreng Kemasan Sederhana/Banten/2024-10-20,18878.17100650296
Minyak Goreng Kemasan Sederhana/Banten/2024-10-21,18842.971354776542
Minyak Goreng Kemasan Sederhana/Banten/2024-10-22,18849.33884362861
Minyak Goreng Kemasan Sederhana/Banten/2024-10-23,18870.371448164864
Minyak Goreng Kemasan Sederhana/Banten/2024-10-24,18870.353362203343
Minyak Goreng Kemasan Sederhana/Banten/2024-10-25,18870.37162795225
Minyak Goreng Kemasan Sederhana/Banten/2024-10-26,18918.690233106317
Minyak Goreng Kemasan Sederhana/Banten/2024-10-27,18871.18004706575
Minyak Goreng Kemasan Sederhana/Banten/2024-10-28,18879.35467241117
Minyak Goreng Kemasan Sederhana/Banten/2024-10-29,18876.72622892097
Minyak Goreng Kemasan Sederhana/Banten/2024-10-30,18872.34543112496
Minyak Goreng Kemasan Sederhana/Banten/2024-10-31,18858.35138928049
Minyak Goreng Kemasan Sederhana/Banten/2024-11-01,18873.902803758545
Minyak Goreng Kemasan Sederhana/Banten/2024-11-02,18851.72749452553
Minyak Goreng Kemasan Sederhana/Banten/2024-11-03,18859.487094643555
Minyak Goreng Kemasan Sederhana/Banten/2024-11-04,18855.888987220715
Minyak Goreng Kemasan Sederhana/Banten/2024-11-05,18864.100709913364
Minyak Goreng Kemasan Sederhana/Banten/2024-11-06,18896.42403215128
Minyak Goreng Kemasan Sederhana/Banten/2024-11-07,18835.88362905945
Minyak Goreng Kemasan Sederhana/Banten/2024-11-08,18872.85021785665
Minyak Goreng Kemasan Sederhana/Banten/2024-11-09,18839.568660019257
Minyak Goreng Kemasan Sederhana/Banten/2024-11-10,18856.08343348317
Minyak Goreng Kemasan Sederhana/Banten/2024-11-11,18878.673518314736
Minyak Goreng Kemasan Sederhana/Banten/2024-11-12,18863.615041509285
Minyak Goreng Kemasan Sederhana/Banten/2024-11-13,18847.313269317
Minyak Goreng Kemasan Sederhana/Banten/2024-11-14,18852.56021537757
Minyak Goreng Kemasan Sederhana/Banten/2024-11-15,18872.753767774448
Minyak Goreng Kemasan Sederhana/Banten/2024-11-16,18852.34215415747
Minyak Goreng Kemasan Sederhana/Banten/2024-11-17,18866.04904693091
Minyak Goreng Kemasan Sederhana/Banten/2024-11-18,18863.575172871
Minyak Goreng Kemasan Sederhana/Banten/2024-11-19,18853.48242903206
Minyak Goreng Kemasan Sederhana/Banten/2024-11-20,18893.95265202404
Minyak Goreng Kemasan Sederhana/Banten/2024-11-21,18872.092491127318
Minyak Goreng Kemasan Sederhana/Banten/2024-11-22,18833.598087374325
Minyak Goreng Kemasan Sederhana/Banten/2024-11-23,18865.614684423083
Minyak Goreng Kemasan Sederhana/Banten/2024-11-24,18853.33496779784
Minyak Goreng Kemasan Sederhana/Banten/2024-11-25,18875.255854526626
Minyak Goreng Kemasan Sederhana/Banten/2024-11-26,18851.442368582462
Minyak Goreng Kemasan Sederhana/Banten/2024-11-27,18861.2544399902
Minyak Goreng Kemasan Sederhana/Banten/2024-11-28,18870.225986580048
Minyak Goreng Kemasan Sederhana/Banten/2024-11-29,18875.44871092068
Minyak Goreng Kemasan Sederhana/Banten/2024-11-30,18845.53912768889
Minyak Goreng Kemasan Sederhana/Banten/2024-12-01,18858.072973755352
Minyak Goreng Kemasan Sederhana/Banten/2024-12-02,18856.039808776462
Minyak Goreng Kemasan Sederhana/Banten/2024-12-03,18853.45740050479
Minyak Goreng Kemasan Sederhana/Banten/2024-12-04,18888.31731099069
Minyak Goreng Kemasan Sederhana/Banten/2024-12-05,18868.778237231218
Minyak Goreng Kemasan Sederhana/Banten/2024-12-06,18844.66202070517
Minyak Goreng Kemasan Sederhana/Banten/2024-12-07,18876.203044094844
Minyak Goreng Kemasan Sederhana/Banten/2024-12-08,18893.637235517414
Minyak Goreng Kemasan Sederhana/Banten/2024-12-09,18877.86212044203
Minyak Goreng Kemasan Sederhana/Banten/2024-12-10,18840.919999511618
Minyak Goreng Kemasan Sederhana/Banten/2024-12-11,18855.9053382767
Minyak Goreng Kemasan Sederhana/Banten/2024-12-12,18881.25612028953
Minyak Goreng Kemasan Sederhana/Banten/2024-12-13,18852.67073393648
Minyak Goreng Kemasan Sederhana/Banten/2024-12-14,18869.340478723152
Minyak Goreng Kemasan Sederhana/Banten/2024-12-15,18874.129578648503
Minyak Goreng Kemasan Sederhana/Banten/2024-12-16,18849.49656088904
Minyak Goreng Kemasan Sederhana/Banten/2024-12-17,18862.05371361592
Minyak Goreng Kemasan Sederhana/Banten/2024-12-18,18815.992629451197
Minyak Goreng Kemasan Sederhana/Banten/2024-12-19,18847.684367490598
Minyak Goreng Kemasan Sederhana/Banten/2024-12-20,18856.984422384623
Minyak Goreng Kemasan Sederhana/Banten/2024-12-21,18841.807615242866
Minyak Goreng Kemasan Sederhana/Banten/2024-12-22,18883.553914496697
Minyak Goreng Kemasan Sederhana/Banten/2024-12-23,18840.546857434914
Minyak Goreng Kemasan Sederhana/Banten/2024-12-24,18856.296137036024
Minyak Goreng Kemasan Sederhana/Banten/2024-12-25,18864.6929655524
Minyak Goreng Kemasan Sederhana/Banten/2024-12-26,18883.78030648706
Minyak Goreng Kemasan Sederhana/Banten/2024-12-27,18842.12891604353
Minyak Goreng Kemasan Sederhana/Banten/2024-12-28,18879.754201651704
Minyak Goreng Kemasan Sederhana/Banten/2024-12-29,18863.06358441517
Minyak Goreng Kemasan Sederhana/Banten/2024-12-30,18848.70644964471
Minyak Goreng Kemasan Sederhana/Banten/2024-12-31,18869.605171143627
Minyak Goreng Kemasan Sederhana/Bengkulu/2024-10-01,18865.79716858084
Minyak Goreng Kemasan Sederhana/Bengkulu/2024-10-02,18854.22629147246
Minyak Goreng Kemasan Sederhana/Bengkulu/2024-10-03,18863.92594655531
Minyak Goreng Kemasan Sederhana/Bengkulu/2024-10-04,18857.337379087603
Minyak Goreng Kemasan Sederhana/Bengkulu/2024-10-05,18864.558798713748
Minyak Goreng Kemasan Sederhana/Bengkulu/2024-10-06,18872.50090239796
Minyak Goreng Kemasan Sederhana/Bengkulu/2024-10-07,18885.875713285164
Minyak Goreng Kemasan Sederhana/Bengkulu/2024-10-08,18844.99597552491
Minyak Goreng Kemasan Sederhana/Bengkulu/2024-10-09,18893.79470101821
Minyak Goreng Kemasan Sederhana/Bengkulu/2024-10-10,18834.65567869247
Minyak Goreng Kemasan Sederhana/Bengkulu/2024-10-11,18860.718098213023
Minyak Goreng Kemasan Sederhana/Bengkulu/2024-10-12,18871.432327893548
Minyak Goreng Kemasan Sederhana/Bengkulu/2024-10-13,18866.98327502715
Minyak Goreng Kemasan Sederhana/Bengkulu/2024-10-14,18853.90081728219
Minyak Goreng Kemasan Sederhana/Bengkulu/2024-10-15,18859.9025228251
Minyak Goreng Kemasan Sederhana/Bengkulu/2024-10-16,18855.77842315885
Minyak Goreng Kemasan Sederhana/Bengkulu/2024-10-17,18854.38339422469
Minyak Goreng Kemasan Sederhana/Bengkulu/2024-10-18,18875.21486758233
Minyak Goreng Kemasan Sederhana/Bengkulu/2024-10-19,18868.08384518507
Minyak Goreng Kemasan Sederhana/Bengkulu/2024-10-20,18852.884407966063
Minyak Goreng Kemasan Sederhana/Bengkulu/2024-10-21,18875.938669792275
Minyak Goreng Kemasan Sederhana/Bengkulu/2024-10-22,18867.364122698524
Minyak Goreng Kemasan Sederhana/Bengkulu/2024-10-23,18874.682994402243
Minyak Goreng Kemasan Sederhana/Bengkulu/2024-10-24,18872.030383526755
Minyak Goreng Kemasan Sederhana/Bengkulu/2024-10-25,18850.914341940632
Minyak Goreng Kemasan Sederhana/Bengkulu/2024-10-26,18854.805877769893
Minyak Goreng Kemasan Sederhana/Bengkulu/2024-10-27,18873.733779524355
Minyak Goreng Kemasan Sederhana/Bengkulu/2024-10-28,18871.751583134683
Minyak Goreng Kemasan Sederhana/Bengkulu/2024-10-29,18862.612857746928
Minyak Goreng Kemasan Sederhana/Bengkulu/2024-10-30,18864.61395544378
Minyak Goreng Kemasan Sederhana/Bengkulu/2024-10-31,18881.41179891772
Minyak Goreng Kemasan Sederhana/Bengkulu/2024-11-01,18854.35144950453
Minyak Goreng Kemasan Sederhana/Bengkulu/2024-11-02,18870.83560136682
Minyak Goreng Kemasan Sederhana/Bengkulu/2024-11-03,18859.988363760785
Minyak Goreng Kemasan Sederhana/Bengkulu/2024-11-04,18859.764140852305
Minyak Goreng Kemasan Sederhana/Bengkulu/2024-11-05,18878.822092623806
Minyak Goreng Kemasan Sederhana/Bengkulu/2024-11-06,18874.864738067958
Minyak Goreng Kemasan Sederhana/Bengkulu/2024-11-07,18874.692368305798
Minyak Goreng Kemasan Sederhana/Bengkulu/2024-11-08,18881.814452218587
Minyak Goreng Kemasan Sederhana/Bengkulu/2024-11-09,18863.21950963941
Minyak Goreng Kemasan Sederhana/Bengkulu/2024-11-10,18872.78786359237
Minyak Goreng Kemasan Sederhana/Bengkulu/2024-11-11,18858.42380873629
Minyak Goreng Kemasan Sederhana/Bengkulu/2024-11-12,18867.608298547595
Minyak Goreng Kemasan Sederhana/Bengkulu/2024-11-13,18861.03140327098
Minyak Goreng Kemasan Sederhana/Bengkulu/2024-11-14,18864.31962385594
Minyak Goreng Kemasan Sederhana/Bengkulu/2024-11-15,18871.531345814557
Minyak Goreng Kemasan Sederhana/Bengkulu/2024-11-16,18851.07031851478
Minyak Goreng Kemasan Sederhana/Bengkulu/2024-11-17,18893.206280148424
Minyak Goreng Kemasan Sederhana/Bengkulu/2024-11-18,18848.35164441481
Minyak Goreng Kemasan Sederhana/Bengkulu/2024-11-19,18845.33801456889
Minyak Goreng Kemasan Sederhana/Bengkulu/2024-11-20,18879.681052706823
Minyak Goreng Kemasan Sederhana/Bengkulu/2024-11-21,18874.376096954755
Minyak Goreng Kemasan Sederhana/Bengkulu/2024-11-22,18871.95063109568
Minyak Goreng Kemasan Sederhana/Bengkulu/2024-11-23,18872.011805120983
Minyak Goreng Kemasan Sederhana/Bengkulu/2024-11-24,18862.738150886948
Minyak Goreng Kemasan Sederhana/Bengkulu/2024-11-25,18849.926172514024
Minyak Goreng Kemasan Sederhana/Bengkulu/2024-11-26,18864.012842483648
Minyak Goreng Kemasan Sederhana/Bengkulu/2024-11-27,18853.11238515667
Minyak Goreng Kemasan Sederhana/Bengkulu/2024-11-28,18877.031947170584
Minyak Goreng Kemasan Sederhana/Bengkulu/2024-11-29,18860.786539844077
Minyak Goreng Kemasan Sederhana/Bengkulu/2024-11-30,18850.964978702454
Minyak Goreng Kemasan Sederhana/Bengkulu/2024-12-01,18858.26284121745
Minyak Goreng Kemasan Sederhana/Bengkulu/2024-12-02,18868.893323180284
Minyak Goreng Kemasan Sederhana/Bengkulu/2024-12-03,18854.7545794455
Minyak Goreng Kemasan Sederhana/Bengkulu/2024-12-04,18851.012415929552
Minyak Goreng Kemasan Sederhana/Bengkulu/2024-12-05,18866.44322717928
Minyak Goreng Kemasan Sederhana/Bengkulu/2024-12-06,18866.46174806855
Minyak Goreng Kemasan Sederhana/Bengkulu/2024-12-07,18855.576585698072
Minyak Goreng Kemasan Sederhana/Bengkulu/2024-12-08,18856.096369274463
Minyak Goreng Kemasan Sederhana/Bengkulu/2024-12-09,18866.27475799917
Minyak Goreng Kemasan Sederhana/Bengkulu/2024-12-10,18841.951979214668
Minyak Goreng Kemasan Sederhana/Bengkulu/2024-12-11,18842.54003046784
Minyak Goreng Kemasan Sederhana/Bengkulu/2024-12-12,18851.62545827697
Minyak Goreng Kemasan Sederhana/Bengkulu/2024-12-13,18858.308281760183
Minyak Goreng Kemasan Sederhana/Bengkulu/2024-12-14,18865.78467850923
Minyak Goreng Kemasan Sederhana/Bengkulu/2024-12-15,18883.156173034848
Minyak Goreng Kemasan Sederhana/Bengkulu/2024-12-16,18875.33151387026
Minyak Goreng Kemasan Sederhana/Bengkulu/2024-12-17,18860.600063484144
Minyak Goreng Kemasan Sederhana/Bengkulu/2024-12-18,18862.640151891614
Minyak Goreng Kemasan Sederhana/Bengkulu/2024-12-19,18848.40213934465
Minyak Goreng Kemasan Sederhana/Bengkulu/2024-12-20,18862.64743470641
Minyak Goreng Kemasan Sederhana/Bengkulu/2024-12-21,18858.736622701657
Minyak Goreng Kemasan Sederhana/Bengkulu/2024-12-22,18867.58733931318
Minyak Goreng Kemasan Sederhana/Bengkulu/2024-12-23,18850.93987979254
Minyak Goreng Kemasan Sederhana/Bengkulu/2024-12-24,18870.43386074056
Minyak Goreng Kemasan Sederhana/Bengkulu/2024-12-25,18885.104425734786
Minyak Goreng Kemasan Sederhana/Bengkulu/2024-12-26,18861.340956916058
Minyak Goreng Kemasan Sederhana/Bengkulu/2024-12-27,18868.730898624584
Minyak Goreng Kemasan Sederhana/Bengkulu/2024-12-28,18872.90644243461
Minyak Goreng Kemasan Sederhana/Bengkulu/2024-12-29,18857.10710023
Minyak Goreng Kemasan Sederhana/Bengkulu/2024-12-30,18866.159560402528
Minyak Goreng Kemasan Sederhana/Bengkulu/2024-12-31,18863.097739839428
Minyak Goreng Kemasan Sederhana/DI Yogyakarta/2024-10-01,18864.32946993684
Minyak Goreng Kemasan Sederhana/DI Yogyakarta/2024-10-02,18851.72482257321
Minyak Goreng Kemasan Sederhana/DI Yogyakarta/2024-10-03,18863.270269720844
Minyak Goreng Kemasan Sederhana/DI Yogyakarta/2024-10-04,18870.1248091892
Minyak Goreng Kemasan Sederhana/DI Yogyakarta/2024-10-05,18883.92319600607
Minyak Goreng Kemasan Sederhana/DI Yogyakarta/2024-10-06,18876.802507493125
Minyak Goreng Kemasan Sederhana/DI Yogyakarta/2024-10-07,18894.086392992576
Minyak Goreng Kemasan Sederhana/DI Yogyakarta/2024-10-08,18851.80679277628
Minyak Goreng Kemasan Sederhana/DI Yogyakarta/2024-10-09,18875.54375678028
Minyak Goreng Kemasan Sederhana/DI Yogyakarta/2024-10-10,18865.569628498077
Minyak Goreng Kemasan Sederhana/DI Yogyakarta/2024-10-11,18894.616536172674
Minyak Goreng Kemasan Sederhana/DI Yogyakarta/2024-10-12,18851.213961967354
Minyak Goreng Kemasan Sederhana/DI Yogyakarta/2024-10-13,18850.75905295745
Minyak Goreng Kemasan Sederhana/DI Yogyakarta/2024-10-14,18854.23822361736
Minyak Goreng Kemasan Sederhana/DI Yogyakarta/2024-10-15,18832.16846906844
Minyak Goreng Kemasan Sederhana/DI Yogyakarta/2024-10-16,18854.67989678332
Minyak Goreng Kemasan Sederhana/DI Yogyakarta/2024-10-17,18849.760232712244
Minyak Goreng Kemasan Sederhana/DI Yogyakarta/2024-10-18,18862.862791781998
Minyak Goreng Kemasan Sederhana/DI Yogyakarta/2024-10-19,18866.187327169308
Minyak Goreng Kemasan Sederhana/DI Yogyakarta/2024-10-20,18889.43102745449
Minyak Goreng Kemasan Sederhana/DI Yogyakarta/2024-10-21,18876.67443241467
Minyak Goreng Kemasan Sederhana/DI Yogyakarta/2024-10-22,18854.563789692897
Minyak Goreng Kemasan Sederhana/DI Yogyakarta/2024-10-23,18849.9093752156
Minyak Goreng Kemasan Sederhana/DI Yogyakarta/2024-10-24,18870.03680367293
Minyak Goreng Kemasan Sederhana/DI Yogyakarta/2024-10-25,18843.802840125227
Minyak Goreng Kemasan Sederhana/DI Yogyakarta/2024-10-26,18889.42889967172
Minyak Goreng Kemasan Sederhana/DI Yogyakarta/2024-10-27,18879.989829551825
Minyak Goreng Kemasan Sederhana/DI Yogyakarta/2024-10-28,18856.12333432716
Minyak Goreng Kemasan Sederhana/DI Yogyakarta/2024-10-29,18838.114930497333
Minyak Goreng Kemasan Sederhana/DI Yogyakarta/2024-10-30,18882.515030761515
Minyak Goreng Kemasan Sederhana/DI Yogyakarta/2024-10-31,18861.25728605214
Minyak Goreng Kemasan Sederhana/DI Yogyakarta/2024-11-01,18880.83492342556
Minyak Goreng Kemasan Sederhana/DI Yogyakarta/2024-11-02,18839.83341275364
Minyak Goreng Kemasan Sederhana/DI Yogyakarta/2024-11-03,18854.23847873264
Minyak Goreng Kemasan Sederhana/DI Yogyakarta/2024-11-04,18862.99135499116
Minyak Goreng Kemasan Sederhana/DI Yogyakarta/2024-11-05,18863.595566960303
Minyak Goreng Kemasan Sederhana/DI Yogyakarta/2024-11-06,18856.39998643868
Minyak Goreng Kemasan Sederhana/DI Yogyakarta/2024-11-07,18871.932247371748
Minyak Goreng Kemasan Sederhana/DI Yogyakarta/2024-11-08,18847.45983634628
Minyak Goreng Kemasan Sederhana/DI Yogyakarta/2024-11-09,18860.854260289227
Minyak Goreng Kemasan Sederhana/DI Yogyakarta/2024-11-10,18864.656925848107
Minyak Goreng Kemasan Sederhana/DI Yogyakarta/2024-11-11,18870.362813788583
Minyak Goreng Kemasan Sederhana/DI Yogyakarta/2024-11-12,18873.21726974541
Minyak Goreng Kemasan Sederhana/DI Yogyakarta/2024-11-13,18846.63435156254
Minyak Goreng Kemasan Sederhana/DI Yogyakarta/2024-11-14,18840.70655226769
Minyak Goreng Kemasan Sederhana/DI Yogyakarta/2024-11-15,18881.411971568286
Minyak Goreng Kemasan Sederhana/DI Yogyakarta/2024-11-16,18867.72624966728
Minyak Goreng Kemasan Sederhana/DI Yogyakarta/2024-11-17,18852.079837958965
Minyak Goreng Kemasan Sederhana/DI Yogyakarta/2024-11-18,18885.3709858854
Minyak Goreng Kemasan Sederhana/DI Yogyakarta/2024-11-19,18864.59002911289
Minyak Goreng Kemasan Sederhana/DI Yogyakarta/2024-11-20,18879.98776030252
Minyak Goreng Kemasan Sederhana/DI Yogyakarta/2024-11-21,18863.892887540085
Minyak Goreng Kemasan Sederhana/DI Yogyakarta/2024-11-22,18892.74824715656
Minyak Goreng Kemasan Sederhana/DI Yogyakarta/2024-11-23,18888.326964287167
Minyak Goreng Kemasan Sederhana/DI Yogyakarta/2024-11-24,18859.311267432207
Minyak Goreng Kemasan Sederhana/DI Yogyakarta/2024-11-25,18876.980572556127
Minyak Goreng Kemasan Sederhana/DI Yogyakarta/2024-11-26,18872.2583494822
Minyak Goreng Kemasan Sederhana/DI Yogyakarta/2024-11-27,18882.728694845744
Minyak Goreng Kemasan Sederhana/DI Yogyakarta/2024-11-28,18848.94654826297
Minyak Goreng Kemasan Sederhana/DI Yogyakarta/2024-11-29,18872.84719613224
Minyak Goreng Kemasan Sederhana/DI Yogyakarta/2024-11-30,18878.23792404691
Minyak Goreng Kemasan Sederhana/DI Yogyakarta/2024-12-01,18837.45472178507
Minyak Goreng Kemasan Sederhana/DI Yogyakarta/2024-12-02,18845.785779960333
Minyak Goreng Kemasan Sederhana/DI Yogyakarta/2024-12-03,18833.39411676801
Minyak Goreng Kemasan Sederhana/DI Yogyakarta/2024-12-04,18857.837950803663
Minyak Goreng Kemasan Sederhana/DI Yogyakarta/2024-12-05,18870.91703459584
Minyak Goreng Kemasan Sederhana/DI Yogyakarta/2024-12-06,18882.597100104664
Minyak Goreng Kemasan Sederhana/DI Yogyakarta/2024-12-07,18863.98809056525
Minyak Goreng Kemasan Sederhana/DI Yogyakarta/2024-12-08,18886.4924017757
Minyak Goreng Kemasan Sederhana/DI Yogyakarta/2024-12-09,18842.936146166096
Minyak Goreng Kemasan Sederhana/DI Yogyakarta/2024-12-10,18838.25610845216
Minyak Goreng Kemasan Sederhana/DI Yogyakarta/2024-12-11,18862.11129691538
Minyak Goreng Kemasan Sederhana/DI Yogyakarta/2024-12-12,18868.329623058384
Minyak Goreng Kemasan Sederhana/DI Yogyakarta/2024-12-13,18862.114021915742
Minyak Goreng Kemasan Sederhana/DI Yogyakarta/2024-12-14,18832.773772948825
Minyak Goreng Kemasan Sederhana/DI Yogyakarta/2024-12-15,18861.47729291841
Minyak Goreng Kemasan Sederhana/DI Yogyakarta/2024-12-16,18843.78537708004
Minyak Goreng Kemasan Sederhana/DI Yogyakarta/2024-12-17,18871.500175085945
Minyak Goreng Kemasan Sederhana/DI Yogyakarta/2024-12-18,18867.172403186763
Minyak Goreng Kemasan Sederhana/DI Yogyakarta/2024-12-19,18849.178593779063
Minyak Goreng Kemasan Sederhana/DI Yogyakarta/2024-12-20,18855.476352849837
Minyak Goreng Kemasan Sederhana/DI Yogyakarta/2024-12-21,18847.581540518266
Minyak Goreng Kemasan Sederhana/DI Yogyakarta/2024-12-22,18862.008057890187
Minyak Goreng Kemasan Sederhana/DI Yogyakarta/2024-12-23,18876.17740193128
Minyak Goreng Kemasan Sederhana/DI Yogyakarta/2024-12-24,18848.64539573139
Minyak Goreng Kemasan Sederhana/DI Yogyakarta/2024-12-25,18870.21236744146
Minyak Goreng Kemasan Sederhana/DI Yogyakarta/2024-12-26,18855.23906979429
Minyak Goreng Kemasan Sederhana/DI Yogyakarta/2024-12-27,18851.437271430143
Minyak Goreng Kemasan Sederhana/DI Yogyakarta/2024-12-28,18861.365998523517
Minyak Goreng Kemasan Sederhana/DI Yogyakarta/2024-12-29,18847.92856408015
Minyak Goreng Kemasan Sederhana/DI Yogyakarta/2024-12-30,18854.783288214658
Minyak Goreng Kemasan Sederhana/DI Yogyakarta/2024-12-31,18844.91058009399
Minyak Goreng Kemasan Sederhana/DKI Jakarta/2024-10-01,18890.309982332357
Minyak Goreng Kemasan Sederhana/DKI Jakarta/2024-10-02,18863.39225949056
Minyak Goreng Kemasan Sederhana/DKI Jakarta/2024-10-03,18852.78573612793
Minyak Goreng Kemasan Sederhana/DKI Jakarta/2024-10-04,18866.01316387201
Minyak Goreng Kemasan Sederhana/DKI Jakarta/2024-10-05,18861.289305525133
Minyak Goreng Kemasan Sederhana/DKI Jakarta/2024-10-06,18859.71653576686
Minyak Goreng Kemasan Sederhana/DKI Jakarta/2024-10-07,18871.806542931856
Minyak Goreng Kemasan Sederhana/DKI Jakarta/2024-10-08,18873.881645928654
Minyak Goreng Kemasan Sederhana/DKI Jakarta/2024-10-09,18855.23554429763
Minyak Goreng Kemasan Sederhana/DKI Jakarta/2024-10-10,18854.579502906832
Minyak Goreng Kemasan Sederhana/DKI Jakarta/2024-10-11,18858.93360614443
Minyak Goreng Kemasan Sederhana/DKI Jakarta/2024-10-12,18829.591250413967
Minyak Goreng Kemasan Sederhana/DKI Jakarta/2024-10-13,18840.39125103104
Minyak Goreng Kemasan Sederhana/DKI Jakarta/2024-10-14,18880.490674713736
Minyak Goreng Kemasan Sederhana/DKI Jakarta/2024-10-15,18884.90368364668
Minyak Goreng Kemasan Sederhana/DKI Jakarta/2024-10-16,18859.269658895937
Minyak Goreng Kemasan Sederhana/DKI Jakarta/2024-10-17,18871.262078525404
Minyak Goreng Kemasan Sederhana/DKI Jakarta/2024-10-18,18867.421314787247
Minyak Goreng Kemasan Sederhana/DKI Jakarta/2024-10-19,18907.48743866765
Minyak Goreng Kemasan Sederhana/DKI Jakarta/2024-10-20,18879.12317962944
Minyak Goreng Kemasan Sederhana/DKI Jakarta/2024-10-21,18861.06362060157
Minyak Goreng Kemasan Sederhana/DKI Jakarta/2024-10-22,18849.082383310302
Minyak Goreng Kemasan Sederhana/DKI Jakarta/2024-10-23,18839.659422348388
Minyak Goreng Kemasan Sederhana/DKI Jakarta/2024-10-24,18865.8609230479
Minyak Goreng Kemasan Sederhana/DKI Jakarta/2024-10-25,18851.600117540867
Minyak Goreng Kemasan Sederhana/DKI Jakarta/2024-10-26,18841.310326001363
Minyak Goreng Kemasan Sederhana/DKI Jakarta/2024-10-27,18852.157217150118
Minyak Goreng Kemasan Sederhana/DKI Jakarta/2024-10-28,18845.78261677595
Minyak Goreng Kemasan Sederhana/DKI Jakarta/2024-10-29,18885.69942388113
Minyak Goreng Kemasan Sederhana/DKI Jakarta/2024-10-30,18874.7695946821
Minyak Goreng Kemasan Sederhana/DKI Jakarta/2024-10-31,18862.80002615312
Minyak Goreng Kemasan Sederhana/DKI Jakarta/2024-11-01,18884.340132292364
Minyak Goreng Kemasan Sederhana/DKI Jakarta/2024-11-02,18864.0354803957
Minyak Goreng Kemasan Sederhana/DKI Jakarta/2024-11-03,18850.44690142397
Minyak Goreng Kemasan Sederhana/DKI Jakarta/2024-11-04,18884.96523476325
Minyak Goreng Kemasan Sederhana/DKI Jakarta/2024-11-05,18870.71707584121
Minyak Goreng Kemasan Sederhana/DKI Jakarta/2024-11-06,18847.89955523198
Minyak Goreng Kemasan Sederhana/DKI Jakarta/2024-11-07,18860.15997004218
Minyak Goreng Kemasan Sederhana/DKI Jakarta/2024-11-08,18850.23939183283
Minyak Goreng Kemasan Sederhana/DKI Jakarta/2024-11-09,18842.89708411492
Minyak Goreng Kemasan Sederhana/DKI Jakarta/2024-11-10,18875.58305362399
Minyak Goreng Kemasan Sederhana/DKI Jakarta/2024-11-11,18889.84657332765
Minyak Goreng Kemasan Sederhana/DKI Jakarta/2024-11-12,18842.668817982565
Minyak Goreng Kemasan Sederhana/DKI Jakarta/2024-11-13,18871.06537325802
Minyak Goreng Kemasan Sederhana/DKI Jakarta/2024-11-14,18853.496294491797
Minyak Goreng Kemasan Sederhana/DKI Jakarta/2024-11-15,18855.863481672583
Minyak Goreng Kemasan Sederhana/DKI Jakarta/2024-11-16,18854.339541916608
Minyak Goreng Kemasan Sederhana/DKI Jakarta/2024-11-17,18850.301487455938
Minyak Goreng Kemasan Sederhana/DKI Jakarta/2024-11-18,18863.387053456197
Minyak Goreng Kemasan Sederhana/DKI Jakarta/2024-11-19,18850.389878881702
Minyak Goreng Kemasan Sederhana/DKI Jakarta/2024-11-20,18866.39131993584
Minyak Goreng Kemasan Sederhana/DKI Jakarta/2024-11-21,18862.100240010164
Minyak Goreng Kemasan Sederhana/DKI Jakarta/2024-11-22,18859.456267404457
Minyak Goreng Kemasan Sederhana/DKI Jakarta/2024-11-23,18849.77692813709
Minyak Goreng Kemasan Sederhana/DKI Jakarta/2024-11-24,18854.56570532192
Minyak Goreng Kemasan Sederhana/DKI Jakarta/2024-11-25,18873.85100624814
Minyak Goreng Kemasan Sederhana/DKI Jakarta/2024-11-26,18870.1670651397
Minyak Goreng Kemasan Sederhana/DKI Jakarta/2024-11-27,18848.76368187124
Minyak Goreng Kemasan Sederhana/DKI Jakarta/2024-11-28,18864.35344632616
Minyak Goreng Kemasan Sederhana/DKI Jakarta/2024-11-29,18873.793040108503
Minyak Goreng Kemasan Sederhana/DKI Jakarta/2024-11-30,18838.74798515145
Minyak Goreng Kemasan Sederhana/DKI Jakarta/2024-12-01,18870.781499252866
Minyak Goreng Kemasan Sederhana/DKI Jakarta/2024-12-02,18853.32284655175
Minyak Goreng Kemasan Sederhana/DKI Jakarta/2024-12-03,18871.175822158893
Minyak Goreng Kemasan Sederhana/DKI Jakarta/2024-12-04,18851.865979357004
Minyak Goreng Kemasan Sederhana/DKI Jakarta/2024-12-05,18836.7867295818
Minyak Goreng Kemasan Sederhana/DKI Jakarta/2024-12-06,18839.35402044767
Minyak Goreng Kemasan Sederhana/DKI Jakarta/2024-12-07,18862.107091750204
Minyak Goreng Kemasan Sederhana/DKI Jakarta/2024-12-08,18864.738095274435
Minyak Goreng Kemasan Sederhana/DKI Jakarta/2024-12-09,18848.140695408725
Minyak Goreng Kemasan Sederhana/DKI Jakarta/2024-12-10,18871.141674987724
Minyak Goreng Kemasan Sederhana/DKI Jakarta/2024-12-11,18838.862137000044
Minyak Goreng Kemasan Sederhana/DKI Jakarta/2024-12-12,18861.958826999373
Minyak Goreng Kemasan Sederhana/DKI Jakarta/2024-12-13,18845.14594185757
Minyak Goreng Kemasan Sederhana/DKI Jakarta/2024-12-14,18852.679334239954
Minyak Goreng Kemasan Sederhana/DKI Jakarta/2024-12-15,18862.58029325045
Minyak Goreng Kemasan Sederhana/DKI Jakarta/2024-12-16,18849.38365527364
Minyak Goreng Kemasan Sederhana/DKI Jakarta/2024-12-17,18856.697660412712
Minyak Goreng Kemasan Sederhana/DKI Jakarta/2024-12-18,18876.810349522115
Minyak Goreng Kemasan Sederhana/DKI Jakarta/2024-12-19,18854.56396031715
Minyak Goreng Kemasan Sederhana/DKI Jakarta/2024-12-20,18875.01349707806
Minyak Goreng Kemasan Sederhana/DKI Jakarta/2024-12-21,18846.56103057433
Minyak Goreng Kemasan Sederhana/DKI Jakarta/2024-12-22,18870.585253068748
Minyak Goreng Kemasan Sederhana/DKI Jakarta/2024-12-23,18883.784581910204
Minyak Goreng Kemasan Sederhana/DKI Jakarta/2024-12-24,18827.134218739026
Minyak Goreng Kemasan Sederhana/DKI Jakarta/2024-12-25,18851.37904006668
Minyak Goreng Kemasan Sederhana/DKI Jakarta/2024-12-26,18871.26953639541
Minyak Goreng Kemasan Sederhana/DKI Jakarta/2024-12-27,18859.976019002872
Minyak Goreng Kemasan Sederhana/DKI Jakarta/2024-12-28,18868.15014249913
Minyak Goreng Kemasan Sederhana/DKI Jakarta/2024-12-29,18854.171738832887
Minyak Goreng Kemasan Sederhana/DKI Jakarta/2024-12-30,18864.168976876717
Minyak Goreng Kemasan Sederhana/DKI Jakarta/2024-12-31,18860.661752913675
Minyak Goreng Kemasan Sederhana/Gorontalo/2024-10-01,18879.82105947483
Minyak Goreng Kemasan Sederhana/Gorontalo/2024-10-02,18866.598614611896
Minyak Goreng Kemasan Sederhana/Gorontalo/2024-10-03,18867.80281180161
Minyak Goreng Kemasan Sederhana/Gorontalo/2024-10-04,18856.9528294939
Minyak Goreng Kemasan Sederhana/Gorontalo/2024-10-05,18855.856520697747
Minyak Goreng Kemasan Sederhana/Gorontalo/2024-10-06,18856.65343391185
Minyak Goreng Kemasan Sederhana/Gorontalo/2024-10-07,18868.625803958144
Minyak Goreng Kemasan Sederhana/Gorontalo/2024-10-08,18856.82098285042
Minyak Goreng Kemasan Sederhana/Gorontalo/2024-10-09,18867.110423615883
Minyak Goreng Kemasan Sederhana/Gorontalo/2024-10-10,18892.96037222989
Minyak Goreng Kemasan Sederhana/Gorontalo/2024-10-11,18875.52644362788
Minyak Goreng Kemasan Sederhana/Gorontalo/2024-10-12,18858.195702821497
Minyak Goreng Kemasan Sederhana/Gorontalo/2024-10-13,18880.305042069333
Minyak Goreng Kemasan Sederhana/Gorontalo/2024-10-14,18857.00786396893
Minyak Goreng Kemasan Sederhana/Gorontalo/2024-10-15,18833.410151763448
Minyak Goreng Kemasan Sederhana/Gorontalo/2024-10-16,18848.32169317033
Minyak Goreng Kemasan Sederhana/Gorontalo/2024-10-17,18835.3327315394
Minyak Goreng Kemasan Sederhana/Gorontalo/2024-10-18,18855.79294800277
Minyak Goreng Kemasan Sederhana/Gorontalo/2024-10-19,18860.177780261693
Minyak Goreng Kemasan Sederhana/Gorontalo/2024-10-20,18884.759454117844
Minyak Goreng Kemasan Sederhana/Gorontalo/2024-10-21,18867.361485123714
Minyak Goreng Kemasan Sederhana/Gorontalo/2024-10-22,18859.743593719508
Minyak Goreng Kemasan Sederhana/Gorontalo/2024-10-23,18874.922488935503
Minyak Goreng Kemasan Sederhana/Gorontalo/2024-10-24,18830.90552886981
Minyak Goreng Kemasan Sederhana/Gorontalo/2024-10-25,18866.32636189957
Minyak Goreng Kemasan Sederhana/Gorontalo/2024-10-26,18874.07501804696
Minyak Goreng Kemasan Sederhana/Gorontalo/2024-10-27,18841.510412680545
Minyak Goreng Kemasan Sederhana/Gorontalo/2024-10-28,18879.47321336228
Minyak Goreng Kemasan Sederhana/Gorontalo/2024-10-29,18867.81575027468
Minyak Goreng Kemasan Sederhana/Gorontalo/2024-10-30,18856.9034502691
Minyak Goreng Kemasan Sederhana/Gorontalo/2024-10-31,18872.076028872285
Minyak Goreng Kemasan Sederhana/Gorontalo/2024-11-01,18895.787554326627
Minyak Goreng Kemasan Sederhana/Gorontalo/2024-11-02,18865.548264516765
Minyak Goreng Kemasan Sederhana/Gorontalo/2024-11-03,18866.50885542935
Minyak Goreng Kemasan Sederhana/Gorontalo/2024-11-04,18856.265419432173
Minyak Goreng Kemasan Sederhana/Gorontalo/2024-11-05,18850.61251229403
Minyak Goreng Kemasan Sederhana/Gorontalo/2024-11-06,18874.93595566205
Minyak Goreng Kemasan Sederhana/Gorontalo/2024-11-07,18850.5221856334
Minyak Goreng Kemasan Sederhana/Gorontalo/2024-11-08,18863.951485635705
Minyak Goreng Kemasan Sederhana/Gorontalo/2024-11-09,18856.00054603707
Minyak Goreng Kemasan Sederhana/Gorontalo/2024-11-10,18869.849484808896
Minyak Goreng Kemasan Sederhana/Gorontalo/2024-11-11,18867.74576559271
Minyak Goreng Kemasan Sederhana/Gorontalo/2024-11-12,18877.935585051822
Minyak Goreng Kemasan Sederhana/Gorontalo/2024-11-13,18855.53209560232
Minyak Goreng Kemasan Sederhana/Gorontalo/2024-11-14,18859.00854850772
Minyak Goreng Kemasan Sederhana/Gorontalo/2024-11-15,18848.746187214547
Minyak Goreng Kemasan Sederhana/Gorontalo/2024-11-16,18856.483548938908
Minyak Goreng Kemasan Sederhana/Gorontalo/2024-11-17,18868.377504891945
Minyak Goreng Kemasan Sederhana/Gorontalo/2024-11-18,18873.772908930416
Minyak Goreng Kemasan Sederhana/Gorontalo/2024-11-19,18849.565544438483
Minyak Goreng Kemasan Sederhana/Gorontalo/2024-11-20,18875.5044566764
Minyak Goreng Kemasan Sederhana/Gorontalo/2024-11-21,18882.540589130796
Minyak Goreng Kemasan Sederhana/Gorontalo/2024-11-22,18868.900611453337
Minyak Goreng Kemasan Sederhana/Gorontalo/2024-11-23,18890.085229925557
Minyak Goreng Kemasan Sederhana/Gorontalo/2024-11-24,18851.71353922229
Minyak Goreng Kemasan Sederhana/Gorontalo/2024-11-25,18844.89696649936
Minyak Goreng Kemasan Sederhana/Gorontalo/2024-11-26,18837.165466532148
Minyak Goreng Kemasan Sederhana/Gorontalo/2024-11-27,18884.573209458547
Minyak Goreng Kemasan Sederhana/Gorontalo/2024-11-28,18872.10810666498
Minyak Goreng Kemasan Sederhana/Gorontalo/2024-11-29,18862.11076168309
Minyak Goreng Kemasan Sederhana/Gorontalo/2024-11-30,18866.96846188102
Minyak Goreng Kemasan Sederhana/Gorontalo/2024-12-01,18846.62209045308
Minyak Goreng Kemasan Sederhana/Gorontalo/2024-12-02,18898.321830513734
Minyak Goreng Kemasan Sederhana/Gorontalo/2024-12-03,18864.78613824935
Minyak Goreng Kemasan Sederhana/Gorontalo/2024-12-04,18864.49911783665
Minyak Goreng Kemasan Sederhana/Gorontalo/2024-12-05,18873.422140145994
Minyak Goreng Kemasan Sederhana/Gorontalo/2024-12-06,18869.878863885075
Minyak Goreng Kemasan Sederhana/Gorontalo/2024-12-07,18866.156542628007
Minyak Goreng Kemasan Sederhana/Gorontalo/2024-12-08,18851.47199198165
Minyak Goreng Kemasan Sederhana/Gorontalo/2024-12-09,18869.74074362573
Minyak Goreng Kemasan Sederhana/Gorontalo/2024-12-10,18890.160923948253
Minyak Goreng Kemasan Sederhana/Gorontalo/2024-12-11,18882.392669050907
Minyak Goreng Kemasan Sederhana/Gorontalo/2024-12-12,18885.979508390574
Minyak Goreng Kemasan Sederhana/Gorontalo/2024-12-13,18855.514734035707
Minyak Goreng Kemasan Sederhana/Gorontalo/2024-12-14,18848.58924393372
Minyak Goreng Kemasan Sederhana/Gorontalo/2024-12-15,18861.09446566515
Minyak Goreng Kemasan Sederhana/Gorontalo/2024-12-16,18863.722155726307
Minyak Goreng Kemasan Sederhana/Gorontalo/2024-12-17,18878.75571218376
Minyak Goreng Kemasan Sederhana/Gorontalo/2024-12-18,18838.41416216968
Minyak Goreng Kemasan Sederhana/Gorontalo/2024-12-19,18885.05826546276
Minyak Goreng Kemasan Sederhana/Gorontalo/2024-12-20,18860.628012631227
Minyak Goreng Kemasan Sederhana/Gorontalo/2024-12-21,18856.73561977276
Minyak Goreng Kemasan Sederhana/Gorontalo/2024-12-22,18848.263524908794
Minyak Goreng Kemasan Sederhana/Gorontalo/2024-12-23,18838.958600820093
Minyak Goreng Kemasan Sederhana/Gorontalo/2024-12-24,18874.65135497949
Minyak Goreng Kemasan Sederhana/Gorontalo/2024-12-25,18863.08619186477
Minyak Goreng Kemasan Sederhana/Gorontalo/2024-12-26,18843.909010670555
Minyak Goreng Kemasan Sederhana/Gorontalo/2024-12-27,18843.99175298283
Minyak Goreng Kemasan Sederhana/Gorontalo/2024-12-28,18857.55899990515
Minyak Goreng Kemasan Sederhana/Gorontalo/2024-12-29,18886.33711551311
Minyak Goreng Kemasan Sederhana/Gorontalo/2024-12-30,18858.90883385628
Minyak Goreng Kemasan Sederhana/Gorontalo/2024-12-31,18841.15491290426
Minyak Goreng Kemasan Sederhana/Jambi/2024-10-01,18859.35789806413
Minyak Goreng Kemasan Sederhana/Jambi/2024-10-02,18858.96730971714
Minyak Goreng Kemasan Sederhana/Jambi/2024-10-03,18823.873458642905
Minyak Goreng Kemasan Sederhana/Jambi/2024-10-04,18860.52064488713
Minyak Goreng Kemasan Sederhana/Jambi/2024-10-05,18857.544841958323
Minyak Goreng Kemasan Sederhana/Jambi/2024-10-06,18871.339376194253
Minyak Goreng Kemasan Sederhana/Jambi/2024-10-07,18888.82427120369
Minyak Goreng Kemasan Sederhana/Jambi/2024-10-08,18879.22437338442
Minyak Goreng Kemasan Sederhana/Jambi/2024-10-09,18859.02282606452
Minyak Goreng Kemasan Sederhana/Jambi/2024-10-10,18846.89661388253
Minyak Goreng Kemasan Sederhana/Jambi/2024-10-11,18900.16916908927
Minyak Goreng Kemasan Sederhana/Jambi/2024-10-12,18863.772730348337
Minyak Goreng Kemasan Sederhana/Jambi/2024-10-13,18863.117093594454
Minyak Goreng Kemasan Sederhana/Jambi/2024-10-14,18862.566192244245
Minyak Goreng Kemasan Sederhana/Jambi/2024-10-15,18865.7830547544
Minyak Goreng Kemasan Sederhana/Jambi/2024-10-16,18860.825583029648
Minyak Goreng Kemasan Sederhana/Jambi/2024-10-17,18854.610718029053
Minyak Goreng Kemasan Sederhana/Jambi/2024-10-18,18854.99873763231
Minyak Goreng Kemasan Sederhana/Jambi/2024-10-19,18862.441284734385
Minyak Goreng Kemasan Sederhana/Jambi/2024-10-20,18855.048453039504
Minyak Goreng Kemasan Sederhana/Jambi/2024-10-21,18852.59579801242
Minyak Goreng Kemasan Sederhana/Jambi/2024-10-22,18864.3481340669
Minyak Goreng Kemasan Sederhana/Jambi/2024-10-23,18859.22421811268
Minyak Goreng Kemasan Sederhana/Jambi/2024-10-24,18884.68827997226
Minyak Goreng Kemasan Sederhana/Jambi/2024-10-25,18824.53818230414
Minyak Goreng Kemasan Sederhana/Jambi/2024-10-26,18878.716847105297
Minyak Goreng Kemasan Sederhana/Jambi/2024-10-27,18880.95462942425
Minyak Goreng Kemasan Sederhana/Jambi/2024-10-28,18832.899621287877
Minyak Goreng Kemasan Sederhana/Jambi/2024-10-29,18857.954462405985
Minyak Goreng Kemasan Sederhana/Jambi/2024-10-30,18857.538210276063
Minyak Goreng Kemasan Sederhana/Jambi/2024-10-31,18842.53933674004
Minyak Goreng Kemasan Sederhana/Jambi/2024-11-01,18850.74231909616
Minyak Goreng Kemasan Sederhana/Jambi/2024-11-02,18845.15930104106
Minyak Goreng Kemasan Sederhana/Jambi/2024-11-03,18886.67957488297
Minyak Goreng Kemasan Sederhana/Jambi/2024-11-04,18875.696909748556
Minyak Goreng Kemasan Sederhana/Jambi/2024-11-05,18881.3233492414
Minyak Goreng Kemasan Sederhana/Jambi/2024-11-06,18873.36286448283
Minyak Goreng Kemasan Sederhana/Jambi/2024-11-07,18846.57051401253
Minyak Goreng Kemasan Sederhana/Jambi/2024-11-08,18855.32212764717
Minyak Goreng Kemasan Sederhana/Jambi/2024-11-09,18869.999966145315
Minyak Goreng Kemasan Sederhana/Jambi/2024-11-10,18845.223081308493
Minyak Goreng Kemasan Sederhana/Jambi/2024-11-11,18873.237298996457
Minyak Goreng Kemasan Sederhana/Jambi/2024-11-12,18859.43632792033
Minyak Goreng Kemasan Sederhana/Jambi/2024-11-13,18857.48927991868
Minyak Goreng Kemasan Sederhana/Jambi/2024-11-14,18873.20778881971
Minyak Goreng Kemasan Sederhana/Jambi/2024-11-15,18869.34690468352
Minyak Goreng Kemasan Sederhana/Jambi/2024-11-16,18857.689849236376
Minyak Goreng Kemasan Sederhana/Jambi/2024-11-17,18879.69869877346
Minyak Goreng Kemasan Sederhana/Jambi/2024-11-18,18847.26522771072
Minyak Goreng Kemasan Sederhana/Jambi/2024-11-19,18871.83215084414
Minyak Goreng Kemasan Sederhana/Jambi/2024-11-20,18871.5015851115
Minyak Goreng Kemasan Sederhana/Jambi/2024-11-21,18858.43423654439
Minyak Goreng Kemasan Sederhana/Jambi/2024-11-22,18867.636769410885
Minyak Goreng Kemasan Sederhana/Jambi/2024-11-23,18844.80346341276
Minyak Goreng Kemasan Sederhana/Jambi/2024-11-24,18876.292293917333
Minyak Goreng Kemasan Sederhana/Jambi/2024-11-25,18860.23867315617
Minyak Goreng Kemasan Sederhana/Jambi/2024-11-26,18855.348145812277
Minyak Goreng Kemasan Sederhana/Jambi/2024-11-27,18878.101622256218
Minyak Goreng Kemasan Sederhana/Jambi/2024-11-28,18852.718880142693
Minyak Goreng Kemasan Sederhana/Jambi/2024-11-29,18842.52558965384
Minyak Goreng Kemasan Sederhana/Jambi/2024-11-30,18840.38060960998
Minyak Goreng Kemasan Sederhana/Jambi/2024-12-01,18870.99649258092
Minyak Goreng Kemasan Sederhana/Jambi/2024-12-02,18843.395098876725
Minyak Goreng Kemasan Sederhana/Jambi/2024-12-03,18886.79501217509
Minyak Goreng Kemasan Sederhana/Jambi/2024-12-04,18832.60183133328
Minyak Goreng Kemasan Sederhana/Jambi/2024-12-05,18887.47451216076
Minyak Goreng Kemasan Sederhana/Jambi/2024-12-06,18865.970277502995
Minyak Goreng Kemasan Sederhana/Jambi/2024-12-07,18861.5153580991
Minyak Goreng Kemasan Sederhana/Jambi/2024-12-08,18855.026820298564
Minyak Goreng Kemasan Sederhana/Jambi/2024-12-09,18868.69361235631
Minyak Goreng Kemasan Sederhana/Jambi/2024-12-10,18862.37061776612
Minyak Goreng Kemasan Sederhana/Jambi/2024-12-11,18878.88760006912
Minyak Goreng Kemasan Sederhana/Jambi/2024-12-12,18864.569081554204
Minyak Goreng Kemasan Sederhana/Jambi/2024-12-13,18865.091315209287
Minyak Goreng Kemasan Sederhana/Jambi/2024-12-14,18857.65154324981
Minyak Goreng Kemasan Sederhana/Jambi/2024-12-15,18862.09105959465
Minyak Goreng Kemasan Sederhana/Jambi/2024-12-16,18867.37139358605
Minyak Goreng Kemasan Sederhana/Jambi/2024-12-17,18838.157870327348
Minyak Goreng Kemasan Sederhana/Jambi/2024-12-18,18843.398184644644
Minyak Goreng Kemasan Sederhana/Jambi/2024-12-19,18873.01431272266
Minyak Goreng Kemasan Sederhana/Jambi/2024-12-20,18864.64201801929
Minyak Goreng Kemasan Sederhana/Jambi/2024-12-21,18859.95951764028
Minyak Goreng Kemasan Sederhana/Jambi/2024-12-22,18863.182305876373
Minyak Goreng Kemasan Sederhana/Jambi/2024-12-23,18867.94727529205
Minyak Goreng Kemasan Sederhana/Jambi/2024-12-24,18855.101511413748
Minyak Goreng Kemasan Sederhana/Jambi/2024-12-25,18851.648169359512
Minyak Goreng Kemasan Sederhana/Jambi/2024-12-26,18865.750634130825
Minyak Goreng Kemasan Sederhana/Jambi/2024-12-27,18848.7518467042
Minyak Goreng Kemasan Sederhana/Jambi/2024-12-28,18868.825591123663
Minyak Goreng Kemasan Sederhana/Jambi/2024-12-29,18838.26767293846
Minyak Goreng Kemasan Sederhana/Jambi/2024-12-30,18877.614494865255
Minyak Goreng Kemasan Sederhana/Jambi/2024-12-31,18869.75708961943
Minyak Goreng Kemasan Sederhana/Jawa Barat/2024-10-01,18866.621906024186
Minyak Goreng Kemasan Sederhana/Jawa Barat/2024-10-02,18877.14155379788
Minyak Goreng Kemasan Sederhana/Jawa Barat/2024-10-03,18887.025996533725
Minyak Goreng Kemasan Sederhana/Jawa Barat/2024-10-04,18877.600161952432
Minyak Goreng Kemasan Sederhana/Jawa Barat/2024-10-05,18836.26568275642
Minyak Goreng Kemasan Sederhana/Jawa Barat/2024-10-06,18844.391407807645
Minyak Goreng Kemasan Sederhana/Jawa Barat/2024-10-07,18853.870140343697
Minyak Goreng Kemasan Sederhana/Jawa Barat/2024-10-08,18863.023224994915
Minyak Goreng Kemasan Sederhana/Jawa Barat/2024-10-09,18869.22505555394
Minyak Goreng Kemasan Sederhana/Jawa Barat/2024-10-10,18851.738257360397
Minyak Goreng Kemasan Sederhana/Jawa Barat/2024-10-11,18865.619207659835
Minyak Goreng Kemasan Sederhana/Jawa Barat/2024-10-12,18851.98000099267
Minyak Goreng Kemasan Sederhana/Jawa Barat/2024-10-13,18854.06269150157
Minyak Goreng Kemasan Sederhana/Jawa Barat/2024-10-14,18842.55165057952
Minyak Goreng Kemasan Sederhana/Jawa Barat/2024-10-15,18848.843631761152
Minyak Goreng Kemasan Sederhana/Jawa Barat/2024-10-16,18842.05021126125
Minyak Goreng Kemasan Sederhana/Jawa Barat/2024-10-17,18846.624275033275
Minyak Goreng Kemasan Sederhana/Jawa Barat/2024-10-18,18875.64460674703
Minyak Goreng Kemasan Sederhana/Jawa Barat/2024-10-19,18847.457407923623
Minyak Goreng Kemasan Sederhana/Jawa Barat/2024-10-20,18900.150179590662
Minyak Goreng Kemasan Sederhana/Jawa Barat/2024-10-21,18870.057052640877
Minyak Goreng Kemasan Sederhana/Jawa Barat/2024-10-22,18865.591258376706
Minyak Goreng Kemasan Sederhana/Jawa Barat/2024-10-23,18850.48926630818
Minyak Goreng Kemasan Sederhana/Jawa Barat/2024-10-24,18873.0536108132
Minyak Goreng Kemasan Sederhana/Jawa Barat/2024-10-25,18854.582114709807
Minyak Goreng Kemasan Sederhana/Jawa Barat/2024-10-26,18864.68174153862
Minyak Goreng Kemasan Sederhana/Jawa Barat/2024-10-27,18899.976987227677
Minyak Goreng Kemasan Sederhana/Jawa Barat/2024-10-28,18861.52481444715
Minyak Goreng Kemasan Sederhana/Jawa Barat/2024-10-29,18879.55311429821
Minyak Goreng Kemasan Sederhana/Jawa Barat/2024-10-30,18852.73577827927
Minyak Goreng Kemasan Sederhana/Jawa Barat/2024-10-31,18862.40892614905
Minyak Goreng Kemasan Sederhana/Jawa Barat/2024-11-01,18888.550770880844
Minyak Goreng Kemasan Sederhana/Jawa Barat/2024-11-02,18853.83903746897
Minyak Goreng Kemasan Sederhana/Jawa Barat/2024-11-03,18889.15369483471
Minyak Goreng Kemasan Sederhana/Jawa Barat/2024-11-04,18873.161347132373
Minyak Goreng Kemasan Sederhana/Jawa Barat/2024-11-05,18854.77278788867
Minyak Goreng Kemasan Sederhana/Jawa Barat/2024-11-06,18872.070612751915
Minyak Goreng Kemasan Sederhana/Jawa Barat/2024-11-07,18876.99481035899
Minyak Goreng Kemasan Sederhana/Jawa Barat/2024-11-08,18871.91719204924
Minyak Goreng Kemasan Sederhana/Jawa Barat/2024-11-09,18840.18379113488
Minyak Goreng Kemasan Sederhana/Jawa Barat/2024-11-10,18852.38890598097
Minyak Goreng Kemasan Sederhana/Jawa Barat/2024-11-11,18859.332193671027
Minyak Goreng Kemasan Sederhana/Jawa Barat/2024-11-12,18861.83789410246
Minyak Goreng Kemasan Sederhana/Jawa Barat/2024-11-13,18871.510048765063
Minyak Goreng Kemasan Sederhana/Jawa Barat/2024-11-14,18865.48796543476
Minyak Goreng Kemasan Sederhana/Jawa Barat/2024-11-15,18843.58408070561
Minyak Goreng Kemasan Sederhana/Jawa Barat/2024-11-16,18868.4194490375
Minyak Goreng Kemasan Sederhana/Jawa Barat/2024-11-17,18871.754702569124
Minyak Goreng Kemasan Sederhana/Jawa Barat/2024-11-18,18871.019354926764
Minyak Goreng Kemasan Sederhana/Jawa Barat/2024-11-19,18878.561568326608
Minyak Goreng Kemasan Sederhana/Jawa Barat/2024-11-20,18874.987873956343
Minyak Goreng Kemasan Sederhana/Jawa Barat/2024-11-21,18869.56285006749
Minyak Goreng Kemasan Sederhana/Jawa Barat/2024-11-22,18861.899676516765
Minyak Goreng Kemasan Sederhana/Jawa Barat/2024-11-23,18838.870231332232
Minyak Goreng Kemasan Sederhana/Jawa Barat/2024-11-24,18869.134892259222
Minyak Goreng Kemasan Sederhana/Jawa Barat/2024-11-25,18865.92207331817
Minyak Goreng Kemasan Sederhana/Jawa Barat/2024-11-26,18866.84700552632
Minyak Goreng Kemasan Sederhana/Jawa Barat/2024-11-27,18844.43235353884
Minyak Goreng Kemasan Sederhana/Jawa Barat/2024-11-28,18847.26532596677
Minyak Goreng Kemasan Sederhana/Jawa Barat/2024-11-29,18878.16160825628
Minyak Goreng Kemasan Sederhana/Jawa Barat/2024-11-30,18862.34281599103
Minyak Goreng Kemasan Sederhana/Jawa Barat/2024-12-01,18872.781316164168
Minyak Goreng Kemasan Sederhana/Jawa Barat/2024-12-02,18863.325399868983
Minyak Goreng Kemasan Sederhana/Jawa Barat/2024-12-03,18863.34621391981
Minyak Goreng Kemasan Sederhana/Jawa Barat/2024-12-04,18876.49868496305
Minyak Goreng Kemasan Sederhana/Jawa Barat/2024-12-05,18855.444825362447
Minyak Goreng Kemasan Sederhana/Jawa Barat/2024-12-06,18864.30695403208
Minyak Goreng Kemasan Sederhana/Jawa Barat/2024-12-07,18856.223228731204
Minyak Goreng Kemasan Sederhana/Jawa Barat/2024-12-08,18856.62537751817
Minyak Goreng Kemasan Sederhana/Jawa Barat/2024-12-09,18858.439655397884
Minyak Goreng Kemasan Sederhana/Jawa Barat/2024-12-10,18866.131204767546
Minyak Goreng Kemasan Sederhana/Jawa Barat/2024-12-11,18855.984749439143
Minyak Goreng Kemasan Sederhana/Jawa Barat/2024-12-12,18881.094632499484
Minyak Goreng Kemasan Sederhana/Jawa Barat/2024-12-13,18849.96449330838
Minyak Goreng Kemasan Sederhana/Jawa Barat/2024-12-14,18860.21016120856
Minyak Goreng Kemasan Sederhana/Jawa Barat/2024-12-15,18856.54959450836
Minyak Goreng Kemasan Sederhana/Jawa Barat/2024-12-16,18883.86289012992
Minyak Goreng Kemasan Sederhana/Jawa Barat/2024-12-17,18865.76090565056
Minyak Goreng Kemasan Sederhana/Jawa Barat/2024-12-18,18877.853134456946
Minyak Goreng Kemasan Sederhana/Jawa Barat/2024-12-19,18841.409450420197
Minyak Goreng Kemasan Sederhana/Jawa Barat/2024-12-20,18866.781446814755
Minyak Goreng Kemasan Sederhana/Jawa Barat/2024-12-21,18875.794350539967
Minyak Goreng Kemasan Sederhana/Jawa Barat/2024-12-22,18864.1066431821
Minyak Goreng Kemasan Sederhana/Jawa Barat/2024-12-23,18878.340069935104
Minyak Goreng Kemasan Sederhana/Jawa Barat/2024-12-24,18855.426820389504
Minyak Goreng Kemasan Sederhana/Jawa Barat/2024-12-25,18883.31812595209
Minyak Goreng Kemasan Sederhana/Jawa Barat/2024-12-26,18896.19587314353
Minyak Goreng Kemasan Sederhana/Jawa Barat/2024-12-27,18857.66274316472
Minyak Goreng Kemasan Sederhana/Jawa Barat/2024-12-28,18856.466042840697
Minyak Goreng Kemasan Sederhana/Jawa Barat/2024-12-29,18883.95563637081
Minyak Goreng Kemasan Sederhana/Jawa Barat/2024-12-30,18885.782415806025
Minyak Goreng Kemasan Sederhana/Jawa Barat/2024-12-31,18855.346162410056
Minyak Goreng Kemasan Sederhana/Jawa Tengah/2024-10-01,18856.832530378822
Minyak Goreng Kemasan Sederhana/Jawa Tengah/2024-10-02,18858.83613588617
Minyak Goreng Kemasan Sederhana/Jawa Tengah/2024-10-03,18843.45225378478
Minyak Goreng Kemasan Sederhana/Jawa Tengah/2024-10-04,18849.61640650915
Minyak Goreng Kemasan Sederhana/Jawa Tengah/2024-10-05,18847.39480360914
Minyak Goreng Kemasan Sederhana/Jawa Tengah/2024-10-06,18850.296360681747
Minyak Goreng Kemasan Sederhana/Jawa Tengah/2024-10-07,18860.557469610165
Minyak Goreng Kemasan Sederhana/Jawa Tengah/2024-10-08,18864.68660208229
Minyak Goreng Kemasan Sederhana/Jawa Tengah/2024-10-09,18884.72138613651
Minyak Goreng Kemasan Sederhana/Jawa Tengah/2024-10-10,18848.46258420363
Minyak Goreng Kemasan Sederhana/Jawa Tengah/2024-10-11,18877.165171276105
Minyak Goreng Kemasan Sederhana/Jawa Tengah/2024-10-12,18859.81759397943
Minyak Goreng Kemasan Sederhana/Jawa Tengah/2024-10-13,18862.19937292596
Minyak Goreng Kemasan Sederhana/Jawa Tengah/2024-10-14,18872.684594444785
Minyak Goreng Kemasan Sederhana/Jawa Tengah/2024-10-15,18846.662147819752
Minyak Goreng Kemasan Sederhana/Jawa Tengah/2024-10-16,18868.451469952608
Minyak Goreng Kemasan Sederhana/Jawa Tengah/2024-10-17,18865.32512017865
Minyak Goreng Kemasan Sederhana/Jawa Tengah/2024-10-18,18870.04450660976
Minyak Goreng Kemasan Sederhana/Jawa Tengah/2024-10-19,18867.10164765993
Minyak Goreng Kemasan Sederhana/Jawa Tengah/2024-10-20,18898.460056245785
Minyak Goreng Kemasan Sederhana/Jawa Tengah/2024-10-21,18853.68308117992
Minyak Goreng Kemasan Sederhana/Jawa Tengah/2024-10-22,18855.228366649004
Minyak Goreng Kemasan Sederhana/Jawa Tengah/2024-10-23,18853.894432967427
Minyak Goreng Kemasan Sederhana/Jawa Tengah/2024-10-24,18854.873974964405
Minyak Goreng Kemasan Sederhana/Jawa Tengah/2024-10-25,18853.688189379616
Minyak Goreng Kemasan Sederhana/Jawa Tengah/2024-10-26,18879.512859855786
Minyak Goreng Kemasan Sederhana/Jawa Tengah/2024-10-27,18883.47963957132
Minyak Goreng Kemasan Sederhana/Jawa Tengah/2024-10-28,18854.652927896663
Minyak Goreng Kemasan Sederhana/Jawa Tengah/2024-10-29,18850.86569213236
Minyak Goreng Kemasan Sederhana/Jawa Tengah/2024-10-30,18869.739979245784
Minyak Goreng Kemasan Sederhana/Jawa Tengah/2024-10-31,18854.921083189285
Minyak Goreng Kemasan Sederhana/Jawa Tengah/2024-11-01,18872.07819967544
Minyak Goreng Kemasan Sederhana/Jawa Tengah/2024-11-02,18865.8530967333
Minyak Goreng Kemasan Sederhana/Jawa Tengah/2024-11-03,18840.972489822565
Minyak Goreng Kemasan Sederhana/Jawa Tengah/2024-11-04,18885.31819267531
Minyak Goreng Kemasan Sederhana/Jawa Tengah/2024-11-05,18888.913803313662
Minyak Goreng Kemasan Sederhana/Jawa Tengah/2024-11-06,18854.0442932606
Minyak Goreng Kemasan Sederhana/Jawa Tengah/2024-11-07,18857.3028092926
Minyak Goreng Kemasan Sederhana/Jawa Tengah/2024-11-08,18867.05382749612
Minyak Goreng Kemasan Sederhana/Jawa Tengah/2024-11-09,18867.757269994712
Minyak Goreng Kemasan Sederhana/Jawa Tengah/2024-11-10,18872.448983179427
Minyak Goreng Kemasan Sederhana/Jawa Tengah/2024-11-11,18892.01654635444
Minyak Goreng Kemasan Sederhana/Jawa Tengah/2024-11-12,18860.35383388651
Minyak Goreng Kemasan Sederhana/Jawa Tengah/2024-11-13,18851.358743909168
Minyak Goreng Kemasan Sederhana/Jawa Tengah/2024-11-14,18842.9474702682
Minyak Goreng Kemasan Sederhana/Jawa Tengah/2024-11-15,18852.33399787271
Minyak Goreng Kemasan Sederhana/Jawa Tengah/2024-11-16,18862.25725125631
Minyak Goreng Kemasan Sederhana/Jawa Tengah/2024-11-17,18887.75731309957
Minyak Goreng Kemasan Sederhana/Jawa Tengah/2024-11-18,18855.42214660638
Minyak Goreng Kemasan Sederhana/Jawa Tengah/2024-11-19,18866.155151814422
Minyak Goreng Kemasan Sederhana/Jawa Tengah/2024-11-20,18862.677694456364
Minyak Goreng Kemasan Sederhana/Jawa Tengah/2024-11-21,18880.119441545303
Minyak Goreng Kemasan Sederhana/Jawa Tengah/2024-11-22,18899.4970544591
Minyak Goreng Kemasan Sederhana/Jawa Tengah/2024-11-23,18855.23022230093
Minyak Goreng Kemasan Sederhana/Jawa Tengah/2024-11-24,18855.82998176733
Minyak Goreng Kemasan Sederhana/Jawa Tengah/2024-11-25,18878.031434226585
Minyak Goreng Kemasan Sederhana/Jawa Tengah/2024-11-26,18872.78697354147
Minyak Goreng Kemasan Sederhana/Jawa Tengah/2024-11-27,18889.649648306782
Minyak Goreng Kemasan Sederhana/Jawa Tengah/2024-11-28,18871.36878940614
Minyak Goreng Kemasan Sederhana/Jawa Tengah/2024-11-29,18857.71408429734
Minyak Goreng Kemasan Sederhana/Jawa Tengah/2024-11-30,18871.46616894852
Minyak Goreng Kemasan Sederhana/Jawa Tengah/2024-12-01,18878.965798770823
Minyak Goreng Kemasan Sederhana/Jawa Tengah/2024-12-02,18874.793307663156
Minyak Goreng Kemasan Sederhana/Jawa Tengah/2024-12-03,18870.259091175805
Minyak Goreng Kemasan Sederhana/Jawa Tengah/2024-12-04,18878.35735965315
Minyak Goreng Kemasan Sederhana/Jawa Tengah/2024-12-05,18879.842970357968
Minyak Goreng Kemasan Sederhana/Jawa Tengah/2024-12-06,18882.92452727224
Minyak Goreng Kemasan Sederhana/Jawa Tengah/2024-12-07,18872.30661386057
Minyak Goreng Kemasan Sederhana/Jawa Tengah/2024-12-08,18860.496127377835
Minyak Goreng Kemasan Sederhana/Jawa Tengah/2024-12-09,18865.03937176865
Minyak Goreng Kemasan Sederhana/Jawa Tengah/2024-12-10,18880.3816967712
Minyak Goreng Kemasan Sederhana/Jawa Tengah/2024-12-11,18851.088921235405
Minyak Goreng Kemasan Sederhana/Jawa Tengah/2024-12-12,18868.252611843345
Minyak Goreng Kemasan Sederhana/Jawa Tengah/2024-12-13,18857.2212005518
Minyak Goreng Kemasan Sederhana/Jawa Tengah/2024-12-14,18863.33157340607
Minyak Goreng Kemasan Sederhana/Jawa Tengah/2024-12-15,18881.42319159037
Minyak Goreng Kemasan Sederhana/Jawa Tengah/2024-12-16,18865.681925064047
Minyak Goreng Kemasan Sederhana/Jawa Tengah/2024-12-17,18863.587690982084
Minyak Goreng Kemasan Sederhana/Jawa Tengah/2024-12-18,18843.229231295496
Minyak Goreng Kemasan Sederhana/Jawa Tengah/2024-12-19,18873.718723203456
Minyak Goreng Kemasan Sederhana/Jawa Tengah/2024-12-20,18872.2599163166
Minyak Goreng Kemasan Sederhana/Jawa Tengah/2024-12-21,18894.23220603612
Minyak Goreng Kemasan Sederhana/Jawa Tengah/2024-12-22,18858.459834286223
Minyak Goreng Kemasan Sederhana/Jawa Tengah/2024-12-23,18866.088014381752
Minyak Goreng Kemasan Sederhana/Jawa Tengah/2024-12-24,18866.525693227
Minyak Goreng Kemasan Sederhana/Jawa Tengah/2024-12-25,18885.751741645723
Minyak Goreng Kemasan Sederhana/Jawa Tengah/2024-12-26,18861.53587995418
Minyak Goreng Kemasan Sederhana/Jawa Tengah/2024-12-27,18866.95475100241
Minyak Goreng Kemasan Sederhana/Jawa Tengah/2024-12-28,18871.715771346408
Minyak Goreng Kemasan Sederhana/Jawa Tengah/2024-12-29,18865.61692553571
Minyak Goreng Kemasan Sederhana/Jawa Tengah/2024-12-30,18856.452563696206
Minyak Goreng Kemasan Sederhana/Jawa Tengah/2024-12-31,18865.72522374862
Minyak Goreng Kemasan Sederhana/Jawa Timur/2024-10-01,18878.458074840077
Minyak Goreng Kemasan Sederhana/Jawa Timur/2024-10-02,18848.054902464377
Minyak Goreng Kemasan Sederhana/Jawa Timur/2024-10-03,18864.84040399883
Minyak Goreng Kemasan Sederhana/Jawa Timur/2024-10-04,18852.780013392832
Minyak Goreng Kemasan Sederhana/Jawa Timur/2024-10-05,18880.215760092862
Minyak Goreng Kemasan Sederhana/Jawa Timur/2024-10-06,18840.864742881266
Minyak Goreng Kemasan Sederhana/Jawa Timur/2024-10-07,18854.82410671228
Minyak Goreng Kemasan Sederhana/Jawa Timur/2024-10-08,18868.376221997143
Minyak Goreng Kemasan Sederhana/Jawa Timur/2024-10-09,18885.579045614617
Minyak Goreng Kemasan Sederhana/Jawa Timur/2024-10-10,18861.963597611837
Minyak Goreng Kemasan Sederhana/Jawa Timur/2024-10-11,18854.877993583785
Minyak Goreng Kemasan Sederhana/Jawa Timur/2024-10-12,18890.148366478214
Minyak Goreng Kemasan Sederhana/Jawa Timur/2024-10-13,18841.95299896818
Minyak Goreng Kemasan Sederhana/Jawa Timur/2024-10-14,18831.084017050463
Minyak Goreng Kemasan Sederhana/Jawa Timur/2024-10-15,18869.28539524465
Minyak Goreng Kemasan Sederhana/Jawa Timur/2024-10-16,18855.19163186038
Minyak Goreng Kemasan Sederhana/Jawa Timur/2024-10-17,18847.383452982747
Minyak Goreng Kemasan Sederhana/Jawa Timur/2024-10-18,18871.7572885024
Minyak Goreng Kemasan Sederhana/Jawa Timur/2024-10-19,18866.11981002495
Minyak Goreng Kemasan Sederhana/Jawa Timur/2024-10-20,18854.749453569944
Minyak Goreng Kemasan Sederhana/Jawa Timur/2024-10-21,18844.3808770029
Minyak Goreng Kemasan Sederhana/Jawa Timur/2024-10-22,18875.54573562126
Minyak Goreng Kemasan Sederhana/Jawa Timur/2024-10-23,18872.328202805104
Minyak Goreng Kemasan Sederhana/Jawa Timur/2024-10-24,18861.47970560951
Minyak Goreng Kemasan Sederhana/Jawa Timur/2024-10-25,18889.64863016587
Minyak Goreng Kemasan Sederhana/Jawa Timur/2024-10-26,18847.42416091064
Minyak Goreng Kemasan Sederhana/Jawa Timur/2024-10-27,18840.830892533228
Minyak Goreng Kemasan Sederhana/Jawa Timur/2024-10-28,18852.898906735925
Minyak Goreng Kemasan Sederhana/Jawa Timur/2024-10-29,18862.25550907974
Minyak Goreng Kemasan Sederhana/Jawa Timur/2024-10-30,18865.83957548773
Minyak Goreng Kemasan Sederhana/Jawa Timur/2024-10-31,18858.688694022207
Minyak Goreng Kemasan Sederhana/Jawa Timur/2024-11-01,18868.012039520498
Minyak Goreng Kemasan Sederhana/Jawa Timur/2024-11-02,18844.7972985472
Minyak Goreng Kemasan Sederhana/Jawa Timur/2024-11-03,18883.81637247569
Minyak Goreng Kemasan Sederhana/Jawa Timur/2024-11-04,18861.726166658336
Minyak Goreng Kemasan Sederhana/Jawa Timur/2024-11-05,18879.09018610289
Minyak Goreng Kemasan Sederhana/Jawa Timur/2024-11-06,18867.876971301022
Minyak Goreng Kemasan Sederhana/Jawa Timur/2024-11-07,18869.52771717277
Minyak Goreng Kemasan Sederhana/Jawa Timur/2024-11-08,18871.163786409463
Minyak Goreng Kemasan Sederhana/Jawa Timur/2024-11-09,18869.3967804696
Minyak Goreng Kemasan Sederhana/Jawa Timur/2024-11-10,18872.219940083975
Minyak Goreng Kemasan Sederhana/Jawa Timur/2024-11-11,18882.15716930629
Minyak Goreng Kemasan Sederhana/Jawa Timur/2024-11-12,18865.76041913527
Minyak Goreng Kemasan Sederhana/Jawa Timur/2024-11-13,18873.1794693701
Minyak Goreng Kemasan Sederhana/Jawa Timur/2024-11-14,18861.616367992472
Minyak Goreng Kemasan Sederhana/Jawa Timur/2024-11-15,18883.76357037068
Minyak Goreng Kemasan Sederhana/Jawa Timur/2024-11-16,18853.12352365682
Minyak Goreng Kemasan Sederhana/Jawa Timur/2024-11-17,18888.98709530501
Minyak Goreng Kemasan Sederhana/Jawa Timur/2024-11-18,18862.334089490352
Minyak Goreng Kemasan Sederhana/Jawa Timur/2024-11-19,18842.2025596627
Minyak Goreng Kemasan Sederhana/Jawa Timur/2024-11-20,18864.769971161637
Minyak Goreng Kemasan Sederhana/Jawa Timur/2024-11-21,18853.056071624876
Minyak Goreng Kemasan Sederhana/Jawa Timur/2024-11-22,18875.0851774827
Minyak Goreng Kemasan Sederhana/Jawa Timur/2024-11-23,18853.46761023595
Minyak Goreng Kemasan Sederhana/Jawa Timur/2024-11-24,18856.456185493204
Minyak Goreng Kemasan Sederhana/Jawa Timur/2024-11-25,18835.561153053517
Minyak Goreng Kemasan Sederhana/Jawa Timur/2024-11-26,18856.14655556284
Minyak Goreng Kemasan Sederhana/Jawa Timur/2024-11-27,18826.860054277677
Minyak Goreng Kemasan Sederhana/Jawa Timur/2024-11-28,18837.45181709132
Minyak Goreng Kemasan Sederhana/Jawa Timur/2024-11-29,18870.366823280823
Minyak Goreng Kemasan Sederhana/Jawa Timur/2024-11-30,18871.077101161587
Minyak Goreng Kemasan Sederhana/Jawa Timur/2024-12-01,18867.59208761008
Minyak Goreng Kemasan Sederhana/Jawa Timur/2024-12-02,18848.91683221933
Minyak Goreng Kemasan Sederhana/Jawa Timur/2024-12-03,18862.22474119998
Minyak Goreng Kemasan Sederhana/Jawa Timur/2024-12-04,18862.863290757054
Minyak Goreng Kemasan Sederhana/Jawa Timur/2024-12-05,18846.14616006153
Minyak Goreng Kemasan Sederhana/Jawa Timur/2024-12-06,18884.679670877114
Minyak Goreng Kemasan Sederhana/Jawa Timur/2024-12-07,18875.61674322724
Minyak Goreng Kemasan Sederhana/Jawa Timur/2024-12-08,18859.716614313074
Minyak Goreng Kemasan Sederhana/Jawa Timur/2024-12-09,18863.304661476643
Minyak Goreng Kemasan Sederhana/Jawa Timur/2024-12-10,18865.93213636449
Minyak Goreng Kemasan Sederhana/Jawa Timur/2024-12-11,18833.357886097543
Minyak Goreng Kemasan Sederhana/Jawa Timur/2024-12-12,18859.337133884488
Minyak Goreng Kemasan Sederhana/Jawa Timur/2024-12-13,18852.6782888393
Minyak Goreng Kemasan Sederhana/Jawa Timur/2024-12-14,18847.56532189296
Minyak Goreng Kemasan Sederhana/Jawa Timur/2024-12-15,18857.50325020266
Minyak Goreng Kemasan Sederhana/Jawa Timur/2024-12-16,18887.5664312363
Minyak Goreng Kemasan Sederhana/Jawa Timur/2024-12-17,18872.192725379547
Minyak Goreng Kemasan Sederhana/Jawa Timur/2024-12-18,18854.64666389144
Minyak Goreng Kemasan Sederhana/Jawa Timur/2024-12-19,18871.20454553917
Minyak Goreng Kemasan Sederhana/Jawa Timur/2024-12-20,18883.17347483924
Minyak Goreng Kemasan Sederhana/Jawa Timur/2024-12-21,18876.301076398177
Minyak Goreng Kemasan Sederhana/Jawa Timur/2024-12-22,18863.77869381568
Minyak Goreng Kemasan Sederhana/Jawa Timur/2024-12-23,18853.549942075784
Minyak Goreng Kemasan Sederhana/Jawa Timur/2024-12-24,18873.02340425239
Minyak Goreng Kemasan Sederhana/Jawa Timur/2024-12-25,18868.61180851987
Minyak Goreng Kemasan Sederhana/Jawa Timur/2024-12-26,18875.874876019385
Minyak Goreng Kemasan Sederhana/Jawa Timur/2024-12-27,18872.110627222577
Minyak Goreng Kemasan Sederhana/Jawa Timur/2024-12-28,18878.10949018357
Minyak Goreng Kemasan Sederhana/Jawa Timur/2024-12-29,18855.16701073358
Minyak Goreng Kemasan Sederhana/Jawa Timur/2024-12-30,18881.986945691173
Minyak Goreng Kemasan Sederhana/Jawa Timur/2024-12-31,18865.776031301542
Minyak Goreng Kemasan Sederhana/Kalimantan Barat/2024-10-01,18892.958346564632
Minyak Goreng Kemasan Sederhana/Kalimantan Barat/2024-10-02,18852.938286970828
Minyak Goreng Kemasan Sederhana/Kalimantan Barat/2024-10-03,18888.04644894635
Minyak Goreng Kemasan Sederhana/Kalimantan Barat/2024-10-04,18865.78053613933
Minyak Goreng Kemasan Sederhana/Kalimantan Barat/2024-10-05,18853.485068769027
Minyak Goreng Kemasan Sederhana/Kalimantan Barat/2024-10-06,18855.91037962113
Minyak Goreng Kemasan Sederhana/Kalimantan Barat/2024-10-07,18858.277875741707
Minyak Goreng Kemasan Sederhana/Kalimantan Barat/2024-10-08,18869.05596141116
Minyak Goreng Kemasan Sederhana/Kalimantan Barat/2024-10-09,18870.48436952361
Minyak Goreng Kemasan Sederhana/Kalimantan Barat/2024-10-10,18854.610167957515
Minyak Goreng Kemasan Sederhana/Kalimantan Barat/2024-10-11,18862.56286976991
Minyak Goreng Kemasan Sederhana/Kalimantan Barat/2024-10-12,18893.928421947672
Minyak Goreng Kemasan Sederhana/Kalimantan Barat/2024-10-13,18887.92454607357
Minyak Goreng Kemasan Sederhana/Kalimantan Barat/2024-10-14,18869.23196497075
Minyak Goreng Kemasan Sederhana/Kalimantan Barat/2024-10-15,18863.46560806385
Minyak Goreng Kemasan Sederhana/Kalimantan Barat/2024-10-16,18864.65309958733
Minyak Goreng Kemasan Sederhana/Kalimantan Barat/2024-10-17,18871.797151509323
Minyak Goreng Kemasan Sederhana/Kalimantan Barat/2024-10-18,18848.108795323933
Minyak Goreng Kemasan Sederhana/Kalimantan Barat/2024-10-19,18859.18948390698
Minyak Goreng Kemasan Sederhana/Kalimantan Barat/2024-10-20,18838.75987351203
Minyak Goreng Kemasan Sederhana/Kalimantan Barat/2024-10-21,18868.58335916813
Minyak Goreng Kemasan Sederhana/Kalimantan Barat/2024-10-22,18871.73920875193
Minyak Goreng Kemasan Sederhana/Kalimantan Barat/2024-10-23,18855.80865822145
Minyak Goreng Kemasan Sederhana/Kalimantan Barat/2024-10-24,18885.70155797029
Minyak Goreng Kemasan Sederhana/Kalimantan Barat/2024-10-25,18845.17041723165
Minyak Goreng Kemasan Sederhana/Kalimantan Barat/2024-10-26,18841.716146177765
Minyak Goreng Kemasan Sederhana/Kalimantan Barat/2024-10-27,18866.16476240833
Minyak Goreng Kemasan Sederhana/Kalimantan Barat/2024-10-28,18878.073958418
Minyak Goreng Kemasan Sederhana/Kalimantan Barat/2024-10-29,18887.293138422425
Minyak Goreng Kemasan Sederhana/Kalimantan Barat/2024-10-30,18856.27231955228
Minyak Goreng Kemasan Sederhana/Kalimantan Barat/2024-10-31,18878.531168844715
Minyak Goreng Kemasan Sederhana/Kalimantan Barat/2024-11-01,18862.35796851328
Minyak Goreng Kemasan Sederhana/Kalimantan Barat/2024-11-02,18860.416372127394
Minyak Goreng Kemasan Sederhana/Kalimantan Barat/2024-11-03,18875.70791229307
Minyak Goreng Kemasan Sederhana/Kalimantan Barat/2024-11-04,18872.358917999398
Minyak Goreng Kemasan Sederhana/Kalimantan Barat/2024-11-05,18840.094507075868
Minyak Goreng Kemasan Sederhana/Kalimantan Barat/2024-11-06,18884.29085670058
Minyak Goreng Kemasan Sederhana/Kalimantan Barat/2024-11-07,18882.89459473928
Minyak Goreng Kemasan Sederhana/Kalimantan Barat/2024-11-08,18853.85936789584
Minyak Goreng Kemasan Sederhana/Kalimantan Barat/2024-11-09,18868.645367624093
Minyak Goreng Kemasan Sederhana/Kalimantan Barat/2024-11-10,18870.067364173992
Minyak Goreng Kemasan Sederhana/Kalimantan Barat/2024-11-11,18866.68913621674
Minyak Goreng Kemasan Sederhana/Kalimantan Barat/2024-11-12,18854.948847889635
Minyak Goreng Kemasan Sederhana/Kalimantan Barat/2024-11-13,18853.19256202544
Minyak Goreng Kemasan Sederhana/Kalimantan Barat/2024-11-14,18862.54550529126
Minyak Goreng Kemasan Sederhana/Kalimantan Barat/2024-11-15,18879.89267503369
Minyak Goreng Kemasan Sederhana/Kalimantan Barat/2024-11-16,18870.784973110836
Minyak Goreng Kemasan Sederhana/Kalimantan Barat/2024-11-17,18857.55017574912
Minyak Goreng Kemasan Sederhana/Kalimantan Barat/2024-11-18,18874.08708460858
Minyak Goreng Kemasan Sederhana/Kalimantan Barat/2024-11-19,18821.677982458
Minyak Goreng Kemasan Sederhana/Kalimantan Barat/2024-11-20,18879.545765556533
Minyak Goreng Kemasan Sederhana/Kalimantan Barat/2024-11-21,18837.730151007658
Minyak Goreng Kemasan Sederhana/Kalimantan Barat/2024-11-22,18856.98277865358
Minyak Goreng Kemasan Sederhana/Kalimantan Barat/2024-11-23,18845.70887661961
Minyak Goreng Kemasan Sederhana/Kalimantan Barat/2024-11-24,18842.67148355063
Minyak Goreng Kemasan Sederhana/Kalimantan Barat/2024-11-25,18878.26819610285
Minyak Goreng Kemasan Sederhana/Kalimantan Barat/2024-11-26,18854.77825494384
Minyak Goreng Kemasan Sederhana/Kalimantan Barat/2024-11-27,18867.63304835665
Minyak Goreng Kemasan Sederhana/Kalimantan Barat/2024-11-28,18862.23618903524
Minyak Goreng Kemasan Sederhana/Kalimantan Barat/2024-11-29,18869.82141453336
Minyak Goreng Kemasan Sederhana/Kalimantan Barat/2024-11-30,18864.027570093564
Minyak Goreng Kemasan Sederhana/Kalimantan Barat/2024-12-01,18844.34196619303
Minyak Goreng Kemasan Sederhana/Kalimantan Barat/2024-12-02,18877.33808692495
Minyak Goreng Kemasan Sederhana/Kalimantan Barat/2024-12-03,18855.767483871678
Minyak Goreng Kemasan Sederhana/Kalimantan Barat/2024-12-04,18840.38129399341
Minyak Goreng Kemasan Sederhana/Kalimantan Barat/2024-12-05,18856.71775422283
Minyak Goreng Kemasan Sederhana/Kalimantan Barat/2024-12-06,18884.217920733
Minyak Goreng Kemasan Sederhana/Kalimantan Barat/2024-12-07,18875.22383799065
Minyak Goreng Kemasan Sederhana/Kalimantan Barat/2024-12-08,18857.86811562004
Minyak Goreng Kemasan Sederhana/Kalimantan Barat/2024-12-09,18857.85934897373
Minyak Goreng Kemasan Sederhana/Kalimantan Barat/2024-12-10,18858.259233488483
Minyak Goreng Kemasan Sederhana/Kalimantan Barat/2024-12-11,18892.97987500481
Minyak Goreng Kemasan Sederhana/Kalimantan Barat/2024-12-12,18868.444603747317
Minyak Goreng Kemasan Sederhana/Kalimantan Barat/2024-12-13,18869.141022094875
Minyak Goreng Kemasan Sederhana/Kalimantan Barat/2024-12-14,18877.830535111032
Minyak Goreng Kemasan Sederhana/Kalimantan Barat/2024-12-15,18866.37231960475
Minyak Goreng Kemasan Sederhana/Kalimantan Barat/2024-12-16,18859.16537141484
Minyak Goreng Kemasan Sederhana/Kalimantan Barat/2024-12-17,18860.072948198544
Minyak Goreng Kemasan Sederhana/Kalimantan Barat/2024-12-18,18861.87889453773
Minyak Goreng Kemasan Sederhana/Kalimantan Barat/2024-12-19,18862.37658890624
Minyak Goreng Kemasan Sederhana/Kalimantan Barat/2024-12-20,18873.44910905274
Minyak Goreng Kemasan Sederhana/Kalimantan Barat/2024-12-21,18863.66744794117
Minyak Goreng Kemasan Sederhana/Kalimantan Barat/2024-12-22,18873.521644981185
Minyak Goreng Kemasan Sederhana/Kalimantan Barat/2024-12-23,18861.746934889277
Minyak Goreng Kemasan Sederhana/Kalimantan Barat/2024-12-24,18864.05382066009
Minyak Goreng Kemasan Sederhana/Kalimantan Barat/2024-12-25,18833.98811686999
Minyak Goreng Kemasan Sederhana/Kalimantan Barat/2024-12-26,18876.18083291358
Minyak Goreng Kemasan Sederhana/Kalimantan Barat/2024-12-27,18867.93144895082
Minyak Goreng Kemasan Sederhana/Kalimantan Barat/2024-12-28,18877.363323995334
Minyak Goreng Kemasan Sederhana/Kalimantan Barat/2024-12-29,18820.987259780635
Minyak Goreng Kemasan Sederhana/Kalimantan Barat/2024-12-30,18893.14819141367
Minyak Goreng Kemasan Sederhana/Kalimantan Barat/2024-12-31,18860.894648175035
Minyak Goreng Kemasan Sederhana/Kalimantan Selatan/2024-10-01,18878.958259835414
Minyak Goreng Kemasan Sederhana/Kalimantan Selatan/2024-10-02,18847.86105053255
Minyak Goreng Kemasan Sederhana/Kalimantan Selatan/2024-10-03,18871.786379874276
Minyak Goreng Kemasan Sederhana/Kalimantan Selatan/2024-10-04,18847.665475754275
Minyak Goreng Kemasan Sederhana/Kalimantan Selatan/2024-10-05,18853.88533532092
Minyak Goreng Kemasan Sederhana/Kalimantan Selatan/2024-10-06,18890.624277218125
Minyak Goreng Kemasan Sederhana/Kalimantan Selatan/2024-10-07,18860.154994076383
Minyak Goreng Kemasan Sederhana/Kalimantan Selatan/2024-10-08,18866.063151330018
Minyak Goreng Kemasan Sederhana/Kalimantan Selatan/2024-10-09,18875.51114216386
Minyak Goreng Kemasan Sederhana/Kalimantan Selatan/2024-10-10,18870.091275343075
Minyak Goreng Kemasan Sederhana/Kalimantan Selatan/2024-10-11,18865.09301106175
Minyak Goreng Kemasan Sederhana/Kalimantan Selatan/2024-10-12,18868.198869943877
Minyak Goreng Kemasan Sederhana/Kalimantan Selatan/2024-10-13,18897.70893976568
Minyak Goreng Kemasan Sederhana/Kalimantan Selatan/2024-10-14,18862.081314275027
Minyak Goreng Kemasan Sederhana/Kalimantan Selatan/2024-10-15,18865.82669162986
Minyak Goreng Kemasan Sederhana/Kalimantan Selatan/2024-10-16,18878.12543887054
Minyak Goreng Kemasan Sederhana/Kalimantan Selatan/2024-10-17,18878.919796959413
Minyak Goreng Kemasan Sederhana/Kalimantan Selatan/2024-10-18,18880.09971028523
Minyak Goreng Kemasan Sederhana/Kalimantan Selatan/2024-10-19,18872.162141361663
Minyak Goreng Kemasan Sederhana/Kalimantan Selatan/2024-10-20,18846.368518744268
Minyak Goreng Kemasan Sederhana/Kalimantan Selatan/2024-10-21,18886.562121310224
Minyak Goreng Kemasan Sederhana/Kalimantan Selatan/2024-10-22,18846.32015965529
Minyak Goreng Kemasan Sederhana/Kalimantan Selatan/2024-10-23,18867.296602622933
Minyak Goreng Kemasan Sederhana/Kalimantan Selatan/2024-10-24,18851.99602787757
Minyak Goreng Kemasan Sederhana/Kalimantan Selatan/2024-10-25,18861.986932793912
Minyak Goreng Kemasan Sederhana/Kalimantan Selatan/2024-10-26,18867.67483423996
Minyak Goreng Kemasan Sederhana/Kalimantan Selatan/2024-10-27,18867.56763154876
Minyak Goreng Kemasan Sederhana/Kalimantan Selatan/2024-10-28,18869.02345846596
Minyak Goreng Kemasan Sederhana/Kalimantan Selatan/2024-10-29,18886.27663722336
Minyak Goreng Kemasan Sederhana/Kalimantan Selatan/2024-10-30,18869.481117908257
Minyak Goreng Kemasan Sederhana/Kalimantan Selatan/2024-10-31,18859.38086429792
Minyak Goreng Kemasan Sederhana/Kalimantan Selatan/2024-11-01,18876.87223217373
Minyak Goreng Kemasan Sederhana/Kalimantan Selatan/2024-11-02,18880.13503605705
Minyak Goreng Kemasan Sederhana/Kalimantan Selatan/2024-11-03,18845.143748971008
Minyak Goreng Kemasan Sederhana/Kalimantan Selatan/2024-11-04,18871.5638176674
Minyak Goreng Kemasan Sederhana/Kalimantan Selatan/2024-11-05,18873.06610220972
Minyak Goreng Kemasan Sederhana/Kalimantan Selatan/2024-11-06,18858.60770976261
Minyak Goreng Kemasan Sederhana/Kalimantan Selatan/2024-11-07,18882.831121112104
Minyak Goreng Kemasan Sederhana/Kalimantan Selatan/2024-11-08,18860.743135759774
Minyak Goreng Kemasan Sederhana/Kalimantan Selatan/2024-11-09,18864.73337465406
Minyak Goreng Kemasan Sederhana/Kalimantan Selatan/2024-11-10,18860.409936887427
Minyak Goreng Kemasan Sederhana/Kalimantan Selatan/2024-11-11,18863.140976591592
Minyak Goreng Kemasan Sederhana/Kalimantan Selatan/2024-11-12,18847.04501182624
Minyak Goreng Kemasan Sederhana/Kalimantan Selatan/2024-11-13,18842.068277088136
Minyak Goreng Kemasan Sederhana/Kalimantan Selatan/2024-11-14,18885.666502323667
Minyak Goreng Kemasan Sederhana/Kalimantan Selatan/2024-11-15,18850.54651996456
Minyak Goreng Kemasan Sederhana/Kalimantan Selatan/2024-11-16,18848.563366432263
Minyak Goreng Kemasan Sederhana/Kalimantan Selatan/2024-11-17,18831.74148801389
Minyak Goreng Kemasan Sederhana/Kalimantan Selatan/2024-11-18,18852.88001006074
Minyak Goreng Kemasan Sederhana/Kalimantan Selatan/2024-11-19,18842.13344267954
Minyak Goreng Kemasan Sederhana/Kalimantan Selatan/2024-11-20,18883.77416995096
Minyak Goreng Kemasan Sederhana/Kalimantan Selatan/2024-11-21,18875.826323979098
Minyak Goreng Kemasan Sederhana/Kalimantan Selatan/2024-11-22,18852.953306141884
Minyak Goreng Kemasan Sederhana/Kalimantan Selatan/2024-11-23,18895.52325268489
Minyak Goreng Kemasan Sederhana/Kalimantan Selatan/2024-11-24,18877.128155667764
Minyak Goreng Kemasan Sederhana/Kalimantan Selatan/2024-11-25,18858.212961185
Minyak Goreng Kemasan Sederhana/Kalimantan Selatan/2024-11-26,18826.732328310645
Minyak Goreng Kemasan Sederhana/Kalimantan Selatan/2024-11-27,18896.080703118005
Minyak Goreng Kemasan Sederhana/Kalimantan Selatan/2024-11-28,18842.79903733575
Minyak Goreng Kemasan Sederhana/Kalimantan Selatan/2024-11-29,18839.095520242678
Minyak Goreng Kemasan Sederhana/Kalimantan Selatan/2024-11-30,18877.196325578618
Minyak Goreng Kemasan Sederhana/Kalimantan Selatan/2024-12-01,18898.038889480056
Minyak Goreng Kemasan Sederhana/Kalimantan Selatan/2024-12-02,18882.955128491834
Minyak Goreng Kemasan Sederhana/Kalimantan Selatan/2024-12-03,18871.078979655664
Minyak Goreng Kemasan Sederhana/Kalimantan Selatan/2024-12-04,18871.525516287464
Minyak Goreng Kemasan Sederhana/Kalimantan Selatan/2024-12-05,18875.27007387622
Minyak Goreng Kemasan Sederhana/Kalimantan Selatan/2024-12-06,18873.902215560505
Minyak Goreng Kemasan Sederhana/Kalimantan Selatan/2024-12-07,18866.98616394037
Minyak Goreng Kemasan Sederhana/Kalimantan Selatan/2024-12-08,18864.42393040049
Minyak Goreng Kemasan Sederhana/Kalimantan Selatan/2024-12-09,18862.00930244194
Minyak Goreng Kemasan Sederhana/Kalimantan Selatan/2024-12-10,18852.000533907983
Minyak Goreng Kemasan Sederhana/Kalimantan Selatan/2024-12-11,18858.85219823403
Minyak Goreng Kemasan Sederhana/Kalimantan Selatan/2024-12-12,18838.407036968794
Minyak Goreng Kemasan Sederhana/Kalimantan Selatan/2024-12-13,18861.10574133227
Minyak Goreng Kemasan Sederhana/Kalimantan Selatan/2024-12-14,18847.67564153298
Minyak Goreng Kemasan Sederhana/Kalimantan Selatan/2024-12-15,18845.658415303
Minyak Goreng Kemasan Sederhana/Kalimantan Selatan/2024-12-16,18863.97644093446
Minyak Goreng Kemasan Sederhana/Kalimantan Selatan/2024-12-17,18881.733586561764
Minyak Goreng Kemasan Sederhana/Kalimantan Selatan/2024-12-18,18876.209626050317
Minyak Goreng Kemasan Sederhana/Kalimantan Selatan/2024-12-19,18840.17979725232
Minyak Goreng Kemasan Sederhana/Kalimantan Selatan/2024-12-20,18848.588906390763
Minyak Goreng Kemasan Sederhana/Kalimantan Selatan/2024-12-21,18876.534694014947
Minyak Goreng Kemasan Sederhana/Kalimantan Selatan/2024-12-22,18848.69228069561
Minyak Goreng Kemasan Sederhana/Kalimantan Selatan/2024-12-23,18859.66349969193
Minyak Goreng Kemasan Sederhana/Kalimantan Selatan/2024-12-24,18870.765783210776
Minyak Goreng Kemasan Sederhana/Kalimantan Selatan/2024-12-25,18848.89702359805
Minyak Goreng Kemasan Sederhana/Kalimantan Selatan/2024-12-26,18864.44093185397
Minyak Goreng Kemasan Sederhana/Kalimantan Selatan/2024-12-27,18843.60317348448
Minyak Goreng Kemasan Sederhana/Kalimantan Selatan/2024-12-28,18854.209632181308
Minyak Goreng Kemasan Sederhana/Kalimantan Selatan/2024-12-29,18867.11823087928
Minyak Goreng Kemasan Sederhana/Kalimantan Selatan/2024-12-30,18839.34064453231
Minyak Goreng Kemasan Sederhana/Kalimantan Selatan/2024-12-31,18868.647729646767
Minyak Goreng Kemasan Sederhana/Kalimantan Tengah/2024-10-01,18862.09174128035
Minyak Goreng Kemasan Sederhana/Kalimantan Tengah/2024-10-02,18870.913667964127
Minyak Goreng Kemasan Sederhana/Kalimantan Tengah/2024-10-03,18866.15697851796
Minyak Goreng Kemasan Sederhana/Kalimantan Tengah/2024-10-04,18882.663678195902
Minyak Goreng Kemasan Sederhana/Kalimantan Tengah/2024-10-05,18864.728279572
Minyak Goreng Kemasan Sederhana/Kalimantan Tengah/2024-10-06,18856.699073792606
Minyak Goreng Kemasan Sederhana/Kalimantan Tengah/2024-10-07,18864.685906313476
Minyak Goreng Kemasan Sederhana/Kalimantan Tengah/2024-10-08,18870.780599333568
Minyak Goreng Kemasan Sederhana/Kalimantan Tengah/2024-10-09,18863.622775554995
Minyak Goreng Kemasan Sederhana/Kalimantan Tengah/2024-10-10,18863.50307681495
Minyak Goreng Kemasan Sederhana/Kalimantan Tengah/2024-10-11,18852.75292935112
Minyak Goreng Kemasan Sederhana/Kalimantan Tengah/2024-10-12,18853.31883421326
Minyak Goreng Kemasan Sederhana/Kalimantan Tengah/2024-10-13,18842.610365490997
Minyak Goreng Kemasan Sederhana/Kalimantan Tengah/2024-10-14,18887.77904105128
Minyak Goreng Kemasan Sederhana/Kalimantan Tengah/2024-10-15,18844.86622077073
Minyak Goreng Kemasan Sederhana/Kalimantan Tengah/2024-10-16,18852.884471626785
Minyak Goreng Kemasan Sederhana/Kalimantan Tengah/2024-10-17,18852.51528616298
Minyak Goreng Kemasan Sederhana/Kalimantan Tengah/2024-10-18,18875.815166011154
Minyak Goreng Kemasan Sederhana/Kalimantan Tengah/2024-10-19,18858.6455492911
Minyak Goreng Kemasan Sederhana/Kalimantan Tengah/2024-10-20,18880.978615560656
Minyak Goreng Kemasan Sederhana/Kalimantan Tengah/2024-10-21,18853.16553033956
Minyak Goreng Kemasan Sederhana/Kalimantan Tengah/2024-10-22,18866.954354868896
Minyak Goreng Kemasan Sederhana/Kalimantan Tengah/2024-10-23,18850.82238540921
Minyak Goreng Kemasan Sederhana/Kalimantan Tengah/2024-10-24,18893.970096988985
Minyak Goreng Kemasan Sederhana/Kalimantan Tengah/2024-10-25,18845.72295249246
Minyak Goreng Kemasan Sederhana/Kalimantan Tengah/2024-10-26,18867.400621168686
Minyak Goreng Kemasan Sederhana/Kalimantan Tengah/2024-10-27,18872.0904333909
Minyak Goreng Kemasan Sederhana/Kalimantan Tengah/2024-10-28,18868.90588377933
Minyak Goreng Kemasan Sederhana/Kalimantan Tengah/2024-10-29,18860.233092068396
Minyak Goreng Kemasan Sederhana/Kalimantan Tengah/2024-10-30,18861.03606989826
Minyak Goreng Kemasan Sederhana/Kalimantan Tengah/2024-10-31,18863.549688574807
Minyak Goreng Kemasan Sederhana/Kalimantan Tengah/2024-11-01,18860.787341561198
Minyak Goreng Kemasan Sederhana/Kalimantan Tengah/2024-11-02,18876.869220277287
Minyak Goreng Kemasan Sederhana/Kalimantan Tengah/2024-11-03,18894.91649412591
Minyak Goreng Kemasan Sederhana/Kalimantan Tengah/2024-11-04,18854.844809276667
Minyak Goreng Kemasan Sederhana/Kalimantan Tengah/2024-11-05,18843.085234022245
Minyak Goreng Kemasan Sederhana/Kalimantan Tengah/2024-11-06,18861.63741197031
Minyak Goreng Kemasan Sederhana/Kalimantan Tengah/2024-11-07,18900.26108931413
Minyak Goreng Kemasan Sederhana/Kalimantan Tengah/2024-11-08,18851.28089807868
Minyak Goreng Kemasan Sederhana/Kalimantan Tengah/2024-11-09,18886.644425232436
Minyak Goreng Kemasan Sederhana/Kalimantan Tengah/2024-11-10,18887.20299386495
Minyak Goreng Kemasan Sederhana/Kalimantan Tengah/2024-11-11,18854.901319652865
Minyak Goreng Kemasan Sederhana/Kalimantan Tengah/2024-11-12,18871.15243377603
Minyak Goreng Kemasan Sederhana/Kalimantan Tengah/2024-11-13,18886.48923250393
Minyak Goreng Kemasan Sederhana/Kalimantan Tengah/2024-11-14,18857.426929789544
Minyak Goreng Kemasan Sederhana/Kalimantan Tengah/2024-11-15,18859.968274350635
Minyak Goreng Kemasan Sederhana/Kalimantan Tengah/2024-11-16,18854.494630817942
Minyak Goreng Kemasan Sederhana/Kalimantan Tengah/2024-11-17,18848.22512758826
Minyak Goreng Kemasan Sederhana/Kalimantan Tengah/2024-11-18,18853.516055518376
Minyak Goreng Kemasan Sederhana/Kalimantan Tengah/2024-11-19,18844.569253288617
Minyak Goreng Kemasan Sederhana/Kalimantan Tengah/2024-11-20,18862.202998455567
Minyak Goreng Kemasan Sederhana/Kalimantan Tengah/2024-11-21,18850.505222230768
Minyak Goreng Kemasan Sederhana/Kalimantan Tengah/2024-11-22,18865.183895852624
Minyak Goreng Kemasan Sederhana/Kalimantan Tengah/2024-11-23,18839.89179685338
Minyak Goreng Kemasan Sederhana/Kalimantan Tengah/2024-11-24,18867.082161667466
Minyak Goreng Kemasan Sederhana/Kalimantan Tengah/2024-11-25,18874.65954500694
Minyak Goreng Kemasan Sederhana/Kalimantan Tengah/2024-11-26,18834.052755886787
Minyak Goreng Kemasan Sederhana/Kalimantan Tengah/2024-11-27,18868.330543629792
Minyak Goreng Kemasan Sederhana/Kalimantan Tengah/2024-11-28,18880.68802385297
Minyak Goreng Kemasan Sederhana/Kalimantan Tengah/2024-11-29,18845.403848667152
Minyak Goreng Kemasan Sederhana/Kalimantan Tengah/2024-11-30,18887.12875122684
Minyak Goreng Kemasan Sederhana/Kalimantan Tengah/2024-12-01,18868.981450812505
Minyak Goreng Kemasan Sederhana/Kalimantan Tengah/2024-12-02,18852.70920732372
Minyak Goreng Kemasan Sederhana/Kalimantan Tengah/2024-12-03,18862.10809208425
Minyak Goreng Kemasan Sederhana/Kalimantan Tengah/2024-12-04,18870.99816778211
Minyak Goreng Kemasan Sederhana/Kalimantan Tengah/2024-12-05,18864.01574988338
Minyak Goreng Kemasan Sederhana/Kalimantan Tengah/2024-12-06,18870.71484568959
Minyak Goreng Kemasan Sederhana/Kalimantan Tengah/2024-12-07,18849.587139763316
Minyak Goreng Kemasan Sederhana/Kalimantan Tengah/2024-12-08,18865.36722730076
Minyak Goreng Kemasan Sederhana/Kalimantan Tengah/2024-12-09,18842.449540711623
Minyak Goreng Kemasan Sederhana/Kalimantan Tengah/2024-12-10,18861.305258665907
Minyak Goreng Kemasan Sederhana/Kalimantan Tengah/2024-12-11,18849.666193763776
Minyak Goreng Kemasan Sederhana/Kalimantan Tengah/2024-12-12,18851.5634701483
Minyak Goreng Kemasan Sederhana/Kalimantan Tengah/2024-12-13,18879.98276725928
Minyak Goreng Kemasan Sederhana/Kalimantan Tengah/2024-12-14,18878.511296281114
Minyak Goreng Kemasan Sederhana/Kalimantan Tengah/2024-12-15,18871.733745763515
Minyak Goreng Kemasan Sederhana/Kalimantan Tengah/2024-12-16,18847.102373126527
Minyak Goreng Kemasan Sederhana/Kalimantan Tengah/2024-12-17,18858.33489736501
Minyak Goreng Kemasan Sederhana/Kalimantan Tengah/2024-12-18,18880.477079806176
Minyak Goreng Kemasan Sederhana/Kalimantan Tengah/2024-12-19,18864.967035050788
Minyak Goreng Kemasan Sederhana/Kalimantan Tengah/2024-12-20,18896.491652371824
Minyak Goreng Kemasan Sederhana/Kalimantan Tengah/2024-12-21,18868.609383008403
Minyak Goreng Kemasan Sederhana/Kalimantan Tengah/2024-12-22,18865.695678618787
Minyak Goreng Kemasan Sederhana/Kalimantan Tengah/2024-12-23,18858.44046115968
Minyak Goreng Kemasan Sederhana/Kalimantan Tengah/2024-12-24,18864.848673526187
Minyak Goreng Kemasan Sederhana/Kalimantan Tengah/2024-12-25,18860.708185426607
Minyak Goreng Kemasan Sederhana/Kalimantan Tengah/2024-12-26,18873.166511563693
Minyak Goreng Kemasan Sederhana/Kalimantan Tengah/2024-12-27,18876.76532398698
Minyak Goreng Kemasan Sederhana/Kalimantan Tengah/2024-12-28,18851.536919851456
Minyak Goreng Kemasan Sederhana/Kalimantan Tengah/2024-12-29,18843.64360023287
Minyak Goreng Kemasan Sederhana/Kalimantan Tengah/2024-12-30,18836.333272357617
Minyak Goreng Kemasan Sederhana/Kalimantan Tengah/2024-12-31,18869.86486899324
Minyak Goreng Kemasan Sederhana/Kalimantan Timur/2024-10-01,18845.6587226582
Minyak Goreng Kemasan Sederhana/Kalimantan Timur/2024-10-02,18830.008285203163
Minyak Goreng Kemasan Sederhana/Kalimantan Timur/2024-10-03,18866.3298675365
Minyak Goreng Kemasan Sederhana/Kalimantan Timur/2024-10-04,18897.092611897428
Minyak Goreng Kemasan Sederhana/Kalimantan Timur/2024-10-05,18862.827556900666
Minyak Goreng Kemasan Sederhana/Kalimantan Timur/2024-10-06,18875.05401243863
Minyak Goreng Kemasan Sederhana/Kalimantan Timur/2024-10-07,18864.10006163516
Minyak Goreng Kemasan Sederhana/Kalimantan Timur/2024-10-08,18861.48384899073
Minyak Goreng Kemasan Sederhana/Kalimantan Timur/2024-10-09,18876.220626551916
Minyak Goreng Kemasan Sederhana/Kalimantan Timur/2024-10-10,18858.71322974618
Minyak Goreng Kemasan Sederhana/Kalimantan Timur/2024-10-11,18866.78639853967
Minyak Goreng Kemasan Sederhana/Kalimantan Timur/2024-10-12,18867.57256217453
Minyak Goreng Kemasan Sederhana/Kalimantan Timur/2024-10-13,18853.24370692138
Minyak Goreng Kemasan Sederhana/Kalimantan Timur/2024-10-14,18877.27693059452
Minyak Goreng Kemasan Sederhana/Kalimantan Timur/2024-10-15,18860.382605880022
Minyak Goreng Kemasan Sederhana/Kalimantan Timur/2024-10-16,18851.974757143595
Minyak Goreng Kemasan Sederhana/Kalimantan Timur/2024-10-17,18870.682328894403
Minyak Goreng Kemasan Sederhana/Kalimantan Timur/2024-10-18,18849.90860345698
Minyak Goreng Kemasan Sederhana/Kalimantan Timur/2024-10-19,18863.323413395865
Minyak Goreng Kemasan Sederhana/Kalimantan Timur/2024-10-20,18862.783430725365
Minyak Goreng Kemasan Sederhana/Kalimantan Timur/2024-10-21,18878.63561427052
Minyak Goreng Kemasan Sederhana/Kalimantan Timur/2024-10-22,18869.78750152729
Minyak Goreng Kemasan Sederhana/Kalimantan Timur/2024-10-23,18862.55313613049
Minyak Goreng Kemasan Sederhana/Kalimantan Timur/2024-10-24,18874.7539906884
Minyak Goreng Kemasan Sederhana/Kalimantan Timur/2024-10-25,18883.041043730325
Minyak Goreng Kemasan Sederhana/Kalimantan Timur/2024-10-26,18870.99068903607
Minyak Goreng Kemasan Sederhana/Kalimantan Timur/2024-10-27,18863.065315230888
Minyak Goreng Kemasan Sederhana/Kalimantan Timur/2024-10-28,18843.924400502838
Minyak Goreng Kemasan Sederhana/Kalimantan Timur/2024-10-29,18847.496126018552
Minyak Goreng Kemasan Sederhana/Kalimantan Timur/2024-10-30,18858.496800950525
Minyak Goreng Kemasan Sederhana/Kalimantan Timur/2024-10-31,18853.482756957623
Minyak Goreng Kemasan Sederhana/Kalimantan Timur/2024-11-01,18859.118048361725
Minyak Goreng Kemasan Sederhana/Kalimantan Timur/2024-11-02,18862.839842367957
Minyak Goreng Kemasan Sederhana/Kalimantan Timur/2024-11-03,18870.47710832117
Minyak Goreng Kemasan Sederhana/Kalimantan Timur/2024-11-04,18861.8948548157
Minyak Goreng Kemasan Sederhana/Kalimantan Timur/2024-11-05,18869.958375818096
Minyak Goreng Kemasan Sederhana/Kalimantan Timur/2024-11-06,18863.84881953942
Minyak Goreng Kemasan Sederhana/Kalimantan Timur/2024-11-07,18834.317231592704
Minyak Goreng Kemasan Sederhana/Kalimantan Timur/2024-11-08,18849.316978707247
Minyak Goreng Kemasan Sederhana/Kalimantan Timur/2024-11-09,18860.436291288566
Minyak Goreng Kemasan Sederhana/Kalimantan Timur/2024-11-10,18844.38632802726
Minyak Goreng Kemasan Sederhana/Kalimantan Timur/2024-11-11,18869.96919804789
Minyak Goreng Kemasan Sederhana/Kalimantan Timur/2024-11-12,18883.94849680438
Minyak Goreng Kemasan Sederhana/Kalimantan Timur/2024-11-13,18880.55907796012
Minyak Goreng Kemasan Sederhana/Kalimantan Timur/2024-11-14,18859.825497864167
Minyak Goreng Kemasan Sederhana/Kalimantan Timur/2024-11-15,18884.496219906632
Minyak Goreng Kemasan Sederhana/Kalimantan Timur/2024-11-16,18865.067655897365
Minyak Goreng Kemasan Sederhana/Kalimantan Timur/2024-11-17,18858.035555350674
Minyak Goreng Kemasan Sederhana/Kalimantan Timur/2024-11-18,18854.03540496457
Minyak Goreng Kemasan Sederhana/Kalimantan Timur/2024-11-19,18858.536684483024
Minyak Goreng Kemasan Sederhana/Kalimantan Timur/2024-11-20,18857.295929122327
Minyak Goreng Kemasan Sederhana/Kalimantan Timur/2024-11-21,18865.382505972622
Minyak Goreng Kemasan Sederhana/Kalimantan Timur/2024-11-22,18865.240022921407
Minyak Goreng Kemasan Sederhana/Kalimantan Timur/2024-11-23,18862.959539871048
Minyak Goreng Kemasan Sederhana/Kalimantan Timur/2024-11-24,18869.240860896218
Minyak Goreng Kemasan Sederhana/Kalimantan Timur/2024-11-25,18880.152057541447
Minyak Goreng Kemasan Sederhana/Kalimantan Timur/2024-11-26,18876.661841999885
Minyak Goreng Kemasan Sederhana/Kalimantan Timur/2024-11-27,18841.41903984435
Minyak Goreng Kemasan Sederhana/Kalimantan Timur/2024-11-28,18825.943125615133
Minyak Goreng Kemasan Sederhana/Kalimantan Timur/2024-11-29,18876.44130089797
Minyak Goreng Kemasan Sederhana/Kalimantan Timur/2024-11-30,18842.641037580048
Minyak Goreng Kemasan Sederhana/Kalimantan Timur/2024-12-01,18858.172504686027
Minyak Goreng Kemasan Sederhana/Kalimantan Timur/2024-12-02,18844.370585576937
Minyak Goreng Kemasan Sederhana/Kalimantan Timur/2024-12-03,18835.626252137503
Minyak Goreng Kemasan Sederhana/Kalimantan Timur/2024-12-04,18869.20860373093
Minyak Goreng Kemasan Sederhana/Kalimantan Timur/2024-12-05,18871.945411575827
Minyak Goreng Kemasan Sederhana/Kalimantan Timur/2024-12-06,18853.870856924827
Minyak Goreng Kemasan Sederhana/Kalimantan Timur/2024-12-07,18825.40573422493
Minyak Goreng Kemasan Sederhana/Kalimantan Timur/2024-12-08,18854.62378514691
Minyak Goreng Kemasan Sederhana/Kalimantan Timur/2024-12-09,18867.554834633323
Minyak Goreng Kemasan Sederhana/Kalimantan Timur/2024-12-10,18840.056755057994
Minyak Goreng Kemasan Sederhana/Kalimantan Timur/2024-12-11,18863.788743650555
Minyak Goreng Kemasan Sederhana/Kalimantan Timur/2024-12-12,18861.539567829237
Minyak Goreng Kemasan Sederhana/Kalimantan Timur/2024-12-13,18871.24816476195
Minyak Goreng Kemasan Sederhana/Kalimantan Timur/2024-12-14,18864.64657120492
Minyak Goreng Kemasan Sederhana/Kalimantan Timur/2024-12-15,18848.82862869073
Minyak Goreng Kemasan Sederhana/Kalimantan Timur/2024-12-16,18880.237835198877
Minyak Goreng Kemasan Sederhana/Kalimantan Timur/2024-12-17,18860.620460513303
Minyak Goreng Kemasan Sederhana/Kalimantan Timur/2024-12-18,18862.52016430567
Minyak Goreng Kemasan Sederhana/Kalimantan Timur/2024-12-19,18849.40481506352
Minyak Goreng Kemasan Sederhana/Kalimantan Timur/2024-12-20,18856.498184998512
Minyak Goreng Kemasan Sederhana/Kalimantan Timur/2024-12-21,18850.10643126696
Minyak Goreng Kemasan Sederhana/Kalimantan Timur/2024-12-22,18860.048849690746
Minyak Goreng Kemasan Sederhana/Kalimantan Timur/2024-12-23,18887.14914285669
Minyak Goreng Kemasan Sederhana/Kalimantan Timur/2024-12-24,18843.05485956723
Minyak Goreng Kemasan Sederhana/Kalimantan Timur/2024-12-25,18839.5564195937
Minyak Goreng Kemasan Sederhana/Kalimantan Timur/2024-12-26,18884.213116567265
Minyak Goreng Kemasan Sederhana/Kalimantan Timur/2024-12-27,18859.88513014493
Minyak Goreng Kemasan Sederhana/Kalimantan Timur/2024-12-28,18853.22948668823
Minyak Goreng Kemasan Sederhana/Kalimantan Timur/2024-12-29,18877.969818699075
Minyak Goreng Kemasan Sederhana/Kalimantan Timur/2024-12-30,18854.14813672181
Minyak Goreng Kemasan Sederhana/Kalimantan Timur/2024-12-31,18889.35001544471
Minyak Goreng Kemasan Sederhana/Kalimantan Utara/2024-10-01,18872.72956452509
Minyak Goreng Kemasan Sederhana/Kalimantan Utara/2024-10-02,18855.85210264331
Minyak Goreng Kemasan Sederhana/Kalimantan Utara/2024-10-03,18894.14612026901
Minyak Goreng Kemasan Sederhana/Kalimantan Utara/2024-10-04,18854.146697981327
Minyak Goreng Kemasan Sederhana/Kalimantan Utara/2024-10-05,18873.65852632841
Minyak Goreng Kemasan Sederhana/Kalimantan Utara/2024-10-06,18867.24820872412
Minyak Goreng Kemasan Sederhana/Kalimantan Utara/2024-10-07,18881.7603453423
Minyak Goreng Kemasan Sederhana/Kalimantan Utara/2024-10-08,18885.520953092724
Minyak Goreng Kemasan Sederhana/Kalimantan Utara/2024-10-09,18863.37875765168
Minyak Goreng Kemasan Sederhana/Kalimantan Utara/2024-10-10,18852.008448581117
Minyak Goreng Kemasan Sederhana/Kalimantan Utara/2024-10-11,18869.57431652625
Minyak Goreng Kemasan Sederhana/Kalimantan Utara/2024-10-12,18853.10437001939
Minyak Goreng Kemasan Sederhana/Kalimantan Utara/2024-10-13,18892.06262143432
Minyak Goreng Kemasan Sederhana/Kalimantan Utara/2024-10-14,18864.89202289975
Minyak Goreng Kemasan Sederhana/Kalimantan Utara/2024-10-15,18857.626797681984
Minyak Goreng Kemasan Sederhana/Kalimantan Utara/2024-10-16,18865.58900265069
Minyak Goreng Kemasan Sederhana/Kalimantan Utara/2024-10-17,18843.413517375888
Minyak Goreng Kemasan Sederhana/Kalimantan Utara/2024-10-18,18848.84969085759
Minyak Goreng Kemasan Sederhana/Kalimantan Utara/2024-10-19,18880.001620091018
Minyak Goreng Kemasan Sederhana/Kalimantan Utara/2024-10-20,18853.31514889923
Minyak Goreng Kemasan Sederhana/Kalimantan Utara/2024-10-21,18847.75964053288
Minyak Goreng Kemasan Sederhana/Kalimantan Utara/2024-10-22,18870.6843977427
Minyak Goreng Kemasan Sederhana/Kalimantan Utara/2024-10-23,18880.08051201321
Minyak Goreng Kemasan Sederhana/Kalimantan Utara/2024-10-24,18873.32350594
Minyak Goreng Kemasan Sederhana/Kalimantan Utara/2024-10-25,18877.33491459572
Minyak Goreng Kemasan Sederhana/Kalimantan Utara/2024-10-26,18851.959557648534
Minyak Goreng Kemasan Sederhana/Kalimantan Utara/2024-10-27,18842.33233499157
Minyak Goreng Kemasan Sederhana/Kalimantan Utara/2024-10-28,18884.649781587155
Minyak Goreng Kemasan Sederhana/Kalimantan Utara/2024-10-29,18858.244108424613
Minyak Goreng Kemasan Sederhana/Kalimantan Utara/2024-10-30,18859.284212414685
Minyak Goreng Kemasan Sederhana/Kalimantan Utara/2024-10-31,18882.143295018683
Minyak Goreng Kemasan Sederhana/Kalimantan Utara/2024-11-01,18870.967811571067
Minyak Goreng Kemasan Sederhana/Kalimantan Utara/2024-11-02,18869.515188366026
Minyak Goreng Kemasan Sederhana/Kalimantan Utara/2024-11-03,18894.25750580769
Minyak Goreng Kemasan Sederhana/Kalimantan Utara/2024-11-04,18853.59943131686
Minyak Goreng Kemasan Sederhana/Kalimantan Utara/2024-11-05,18876.34749510262
Minyak Goreng Kemasan Sederhana/Kalimantan Utara/2024-11-06,18863.74080477757
Minyak Goreng Kemasan Sederhana/Kalimantan Utara/2024-11-07,18866.80377005487
Minyak Goreng Kemasan Sederhana/Kalimantan Utara/2024-11-08,18885.04260323528
Minyak Goreng Kemasan Sederhana/Kalimantan Utara/2024-11-09,18870.267223095685
Minyak Goreng Kemasan Sederhana/Kalimantan Utara/2024-11-10,18870.7081876671
Minyak Goreng Kemasan Sederhana/Kalimantan Utara/2024-11-11,18878.441797071053
Minyak Goreng Kemasan Sederhana/Kalimantan Utara/2024-11-12,18857.63213699945
Minyak Goreng Kemasan Sederhana/Kalimantan Utara/2024-11-13,18850.76646755255
Minyak Goreng Kemasan Sederhana/Kalimantan Utara/2024-11-14,18847.79006747035
Minyak Goreng Kemasan Sederhana/Kalimantan Utara/2024-11-15,18834.44911388185
Minyak Goreng Kemasan Sederhana/Kalimantan Utara/2024-11-16,18891.630030960325
Minyak Goreng Kemasan Sederhana/Kalimantan Utara/2024-11-17,18845.957980522708
Minyak Goreng Kemasan Sederhana/Kalimantan Utara/2024-11-18,18859.29297190955
Minyak Goreng Kemasan Sederhana/Kalimantan Utara/2024-11-19,18858.90810397224
Minyak Goreng Kemasan Sederhana/Kalimantan Utara/2024-11-20,18867.365674265475
Minyak Goreng Kemasan Sederhana/Kalimantan Utara/2024-11-21,18874.724616235057
Minyak Goreng Kemasan Sederhana/Kalimantan Utara/2024-11-22,18875.3722493166
Minyak Goreng Kemasan Sederhana/Kalimantan Utara/2024-11-23,18854.474413767537
Minyak Goreng Kemasan Sederhana/Kalimantan Utara/2024-11-24,18860.496074777235
Minyak Goreng Kemasan Sederhana/Kalimantan Utara/2024-11-25,18867.00626520477
Minyak Goreng Kemasan Sederhana/Kalimantan Utara/2024-11-26,18859.31521989064
Minyak Goreng Kemasan Sederhana/Kalimantan Utara/2024-11-27,18886.184483075
Minyak Goreng Kemasan Sederhana/Kalimantan Utara/2024-11-28,18870.02313449704
Minyak Goreng Kemasan Sederhana/Kalimantan Utara/2024-11-29,18873.554039592524
Minyak Goreng Kemasan Sederhana/Kalimantan Utara/2024-11-30,18872.5117685148
Minyak Goreng Kemasan Sederhana/Kalimantan Utara/2024-12-01,18879.903457823875
Minyak Goreng Kemasan Sederhana/Kalimantan Utara/2024-12-02,18865.53603611167
Minyak Goreng Kemasan Sederhana/Kalimantan Utara/2024-12-03,18844.141612838022
Minyak Goreng Kemasan Sederhana/Kalimantan Utara/2024-12-04,18868.701601133864
Minyak Goreng Kemasan Sederhana/Kalimantan Utara/2024-12-05,18853.48595343683
Minyak Goreng Kemasan Sederhana/Kalimantan Utara/2024-12-06,18855.26282512085
Minyak Goreng Kemasan Sederhana/Kalimantan Utara/2024-12-07,18871.40405220531
Minyak Goreng Kemasan Sederhana/Kalimantan Utara/2024-12-08,18880.841680556365
Minyak Goreng Kemasan Sederhana/Kalimantan Utara/2024-12-09,18863.22338555681
Minyak Goreng Kemasan Sederhana/Kalimantan Utara/2024-12-10,18867.386322578852
Minyak Goreng Kemasan Sederhana/Kalimantan Utara/2024-12-11,18887.55787727051
Minyak Goreng Kemasan Sederhana/Kalimantan Utara/2024-12-12,18866.40075211507
Minyak Goreng Kemasan Sederhana/Kalimantan Utara/2024-12-13,18900.57919680841
Minyak Goreng Kemasan Sederhana/Kalimantan Utara/2024-12-14,18871.102149964187
Minyak Goreng Kemasan Sederhana/Kalimantan Utara/2024-12-15,18837.425431498148
Minyak Goreng Kemasan Sederhana/Kalimantan Utara/2024-12-16,18873.82133476125
Minyak Goreng Kemasan Sederhana/Kalimantan Utara/2024-12-17,18868.4333543862
Minyak Goreng Kemasan Sederhana/Kalimantan Utara/2024-12-18,18881.586791063863
Minyak Goreng Kemasan Sederhana/Kalimantan Utara/2024-12-19,18872.66087959107
Minyak Goreng Kemasan Sederhana/Kalimantan Utara/2024-12-20,18860.911059587357
Minyak Goreng Kemasan Sederhana/Kalimantan Utara/2024-12-21,18845.191660709486
Minyak Goreng Kemasan Sederhana/Kalimantan Utara/2024-12-22,18859.889479229427
Minyak Goreng Kemasan Sederhana/Kalimantan Utara/2024-12-23,18850.602724826516
Minyak Goreng Kemasan Sederhana/Kalimantan Utara/2024-12-24,18854.3650439568
Minyak Goreng Kemasan Sederhana/Kalimantan Utara/2024-12-25,18870.678883609533
Minyak Goreng Kemasan Sederhana/Kalimantan Utara/2024-12-26,18886.802267926865
Minyak Goreng Kemasan Sederhana/Kalimantan Utara/2024-12-27,18868.62897996161
Minyak Goreng Kemasan Sederhana/Kalimantan Utara/2024-12-28,18845.60301830525
Minyak Goreng Kemasan Sederhana/Kalimantan Utara/2024-12-29,18869.35181744488
Minyak Goreng Kemasan Sederhana/Kalimantan Utara/2024-12-30,18880.238703582698
Minyak Goreng Kemasan Sederhana/Kalimantan Utara/2024-12-31,18854.08780708737
Minyak Goreng Kemasan Sederhana/Kepulauan Bangka Belitung/2024-10-01,18860.97531895809
Minyak Goreng Kemasan Sederhana/Kepulauan Bangka Belitung/2024-10-02,18863.128079993312
Minyak Goreng Kemasan Sederhana/Kepulauan Bangka Belitung/2024-10-03,18851.55271605167
Minyak Goreng Kemasan Sederhana/Kepulauan Bangka Belitung/2024-10-04,18872.300396792933
Minyak Goreng Kemasan Sederhana/Kepulauan Bangka Belitung/2024-10-05,18861.164515047552
Minyak Goreng Kemasan Sederhana/Kepulauan Bangka Belitung/2024-10-06,18868.988883643862
Minyak Goreng Kemasan Sederhana/Kepulauan Bangka Belitung/2024-10-07,18850.06749674055
Minyak Goreng Kemasan Sederhana/Kepulauan Bangka Belitung/2024-10-08,18856.5824965148
Minyak Goreng Kemasan Sederhana/Kepulauan Bangka Belitung/2024-10-09,18873.37313270724
Minyak Goreng Kemasan Sederhana/Kepulauan Bangka Belitung/2024-10-10,18857.518054585445
Minyak Goreng Kemasan Sederhana/Kepulauan Bangka Belitung/2024-10-11,18887.916159455403
Minyak Goreng Kemasan Sederhana/Kepulauan Bangka Belitung/2024-10-12,18857.13003544713
Minyak Goreng Kemasan Sederhana/Kepulauan Bangka Belitung/2024-10-13,18866.168134132942
Minyak Goreng Kemasan Sederhana/Kepulauan Bangka Belitung/2024-10-14,18876.416269556456
Minyak Goreng Kemasan Sederhana/Kepulauan Bangka Belitung/2024-10-15,18842.382206221515
Minyak Goreng Kemasan Sederhana/Kepulauan Bangka Belitung/2024-10-16,18837.4247648058
Minyak Goreng Kemasan Sederhana/Kepulauan Bangka Belitung/2024-10-17,18840.82899400767
Minyak Goreng Kemasan Sederhana/Kepulauan Bangka Belitung/2024-10-18,18879.814815745707
Minyak Goreng Kemasan Sederhana/Kepulauan Bangka Belitung/2024-10-19,18853.398538688296
Minyak Goreng Kemasan Sederhana/Kepulauan Bangka Belitung/2024-10-20,18898.73804235042
Minyak Goreng Kemasan Sederhana/Kepulauan Bangka Belitung/2024-10-21,18854.74700747417
Minyak Goreng Kemasan Sederhana/Kepulauan Bangka Belitung/2024-10-22,18865.587135119385
Minyak Goreng Kemasan Sederhana/Kepulauan Bangka Belitung/2024-10-23,18885.240087345406
Minyak Goreng Kemasan Sederhana/Kepulauan Bangka Belitung/2024-10-24,18891.957023273804
Minyak Goreng Kemasan Sederhana/Kepulauan Bangka Belitung/2024-10-25,18892.75918649081
Minyak Goreng Kemasan Sederhana/Kepulauan Bangka Belitung/2024-10-26,18880.40858380282
Minyak Goreng Kemasan Sederhana/Kepulauan Bangka Belitung/2024-10-27,18877.7404766777
Minyak Goreng Kemasan Sederhana/Kepulauan Bangka Belitung/2024-10-28,18871.49327102299
Minyak Goreng Kemasan Sederhana/Kepulauan Bangka Belitung/2024-10-29,18874.18353359169
Minyak Goreng Kemasan Sederhana/Kepulauan Bangka Belitung/2024-10-30,18854.93610026181
Minyak Goreng Kemasan Sederhana/Kepulauan Bangka Belitung/2024-10-31,18851.07063410383
Minyak Goreng Kemasan Sederhana/Kepulauan Bangka Belitung/2024-11-01,18862.86659262424
Minyak Goreng Kemasan Sederhana/Kepulauan Bangka Belitung/2024-11-02,18860.45173400482
Minyak Goreng Kemasan Sederhana/Kepulauan Bangka Belitung/2024-11-03,18856.354202787723
Minyak Goreng Kemasan Sederhana/Kepulauan Bangka Belitung/2024-11-04,18872.996826991886
Minyak Goreng Kemasan Sederhana/Kepulauan Bangka Belitung/2024-11-05,18876.745098487925
Minyak Goreng Kemasan Sederhana/Kepulauan Bangka Belitung/2024-11-06,18864.19528244833
Minyak Goreng Kemasan Sederhana/Kepulauan Bangka Belitung/2024-11-07,18884.305184731667
Minyak Goreng Kemasan Sederhana/Kepulauan Bangka Belitung/2024-11-08,18846.387567149268
Minyak Goreng Kemasan Sederhana/Kepulauan Bangka Belitung/2024-11-09,18860.1118961308
Minyak Goreng Kemasan Sederhana/Kepulauan Bangka Belitung/2024-11-10,18852.53823091584
Minyak Goreng Kemasan Sederhana/Kepulauan Bangka Belitung/2024-11-11,18835.8941764195
Minyak Goreng Kemasan Sederhana/Kepulauan Bangka Belitung/2024-11-12,18861.174620854494
Minyak Goreng Kemasan Sederhana/Kepulauan Bangka Belitung/2024-11-13,18859.64274089846
Minyak Goreng Kemasan Sederhana/Kepulauan Bangka Belitung/2024-11-14,18883.725635228035
Minyak Goreng Kemasan Sederhana/Kepulauan Bangka Belitung/2024-11-15,18872.047507169795
Minyak Goreng Kemasan Sederhana/Kepulauan Bangka Belitung/2024-11-16,18848.08861107031
Minyak Goreng Kemasan Sederhana/Kepulauan Bangka Belitung/2024-11-17,18889.75656212647
Minyak Goreng Kemasan Sederhana/Kepulauan Bangka Belitung/2024-11-18,18880.591966733093
Minyak Goreng Kemasan Sederhana/Kepulauan Bangka Belitung/2024-11-19,18871.342290092456
Minyak Goreng Kemasan Sederhana/Kepulauan Bangka Belitung/2024-11-20,18859.63670408396
Minyak Goreng Kemasan Sederhana/Kepulauan Bangka Belitung/2024-11-21,18849.025941657503
Minyak Goreng Kemasan Sederhana/Kepulauan Bangka Belitung/2024-11-22,18857.52712243531
Minyak Goreng Kemasan Sederhana/Kepulauan Bangka Belitung/2024-11-23,18878.676917039636
Minyak Goreng Kemasan Sederhana/Kepulauan Bangka Belitung/2024-11-24,18890.19801046304
Minyak Goreng Kemasan Sederhana/Kepulauan Bangka Belitung/2024-11-25,18885.25649776655
Minyak Goreng Kemasan Sederhana/Kepulauan Bangka Belitung/2024-11-26,18855.83852331304
Minyak Goreng Kemasan Sederhana/Kepulauan Bangka Belitung/2024-11-27,18846.707091973763
Minyak Goreng Kemasan Sederhana/Kepulauan Bangka Belitung/2024-11-28,18864.95500974821
Minyak Goreng Kemasan Sederhana/Kepulauan Bangka Belitung/2024-11-29,18837.31429966672
Minyak Goreng Kemasan Sederhana/Kepulauan Bangka Belitung/2024-11-30,18867.48112759012
Minyak Goreng Kemasan Sederhana/Kepulauan Bangka Belitung/2024-12-01,18859.93805783266
Minyak Goreng Kemasan Sederhana/Kepulauan Bangka Belitung/2024-12-02,18855.74927739876
Minyak Goreng Kemasan Sederhana/Kepulauan Bangka Belitung/2024-12-03,18839.829425751268
Minyak Goreng Kemasan Sederhana/Kepulauan Bangka Belitung/2024-12-04,18869.80544342484
Minyak Goreng Kemasan Sederhana/Kepulauan Bangka Belitung/2024-12-05,18855.00619675007
Minyak Goreng Kemasan Sederhana/Kepulauan Bangka Belitung/2024-12-06,18845.6103504885
Minyak Goreng Kemasan Sederhana/Kepulauan Bangka Belitung/2024-12-07,18820.7221038835
Minyak Goreng Kemasan Sederhana/Kepulauan Bangka Belitung/2024-12-08,18860.61717128209
Minyak Goreng Kemasan Sederhana/Kepulauan Bangka Belitung/2024-12-09,18886.15633015902
Minyak Goreng Kemasan Sederhana/Kepulauan Bangka Belitung/2024-12-10,18885.300668327403
Minyak Goreng Kemasan Sederhana/Kepulauan Bangka Belitung/2024-12-11,18856.298203960345
Minyak Goreng Kemasan Sederhana/Kepulauan Bangka Belitung/2024-12-12,18854.19740782888
Minyak Goreng Kemasan Sederhana/Kepulauan Bangka Belitung/2024-12-13,18869.701741966783
Minyak Goreng Kemasan Sederhana/Kepulauan Bangka Belitung/2024-12-14,18848.462129658088
Minyak Goreng Kemasan Sederhana/Kepulauan Bangka Belitung/2024-12-15,18867.284390590037
Minyak Goreng Kemasan Sederhana/Kepulauan Bangka Belitung/2024-12-16,18874.00574832089
Minyak Goreng Kemasan Sederhana/Kepulauan Bangka Belitung/2024-12-17,18880.67737236109
Minyak Goreng Kemasan Sederhana/Kepulauan Bangka Belitung/2024-12-18,18861.46554433001
Minyak Goreng Kemasan Sederhana/Kepulauan Bangka Belitung/2024-12-19,18859.966922371717
Minyak Goreng Kemasan Sederhana/Kepulauan Bangka Belitung/2024-12-20,18850.205164117644
Minyak Goreng Kemasan Sederhana/Kepulauan Bangka Belitung/2024-12-21,18850.944955167324
Minyak Goreng Kemasan Sederhana/Kepulauan Bangka Belitung/2024-12-22,18859.63677946332
Minyak Goreng Kemasan Sederhana/Kepulauan Bangka Belitung/2024-12-23,18867.824490851763
Minyak Goreng Kemasan Sederhana/Kepulauan Bangka Belitung/2024-12-24,18876.03216661781
Minyak Goreng Kemasan Sederhana/Kepulauan Bangka Belitung/2024-12-25,18851.288072975254
Minyak Goreng Kemasan Sederhana/Kepulauan Bangka Belitung/2024-12-26,18884.52462942287
Minyak Goreng Kemasan Sederhana/Kepulauan Bangka Belitung/2024-12-27,18858.99047196397
Minyak Goreng Kemasan Sederhana/Kepulauan Bangka Belitung/2024-12-28,18862.60611594803
Minyak Goreng Kemasan Sederhana/Kepulauan Bangka Belitung/2024-12-29,18852.09829367118
Minyak Goreng Kemasan Sederhana/Kepulauan Bangka Belitung/2024-12-30,18827.820475101944
Minyak Goreng Kemasan Sederhana/Kepulauan Bangka Belitung/2024-12-31,18875.63248845792
Minyak Goreng Kemasan Sederhana/Kepulauan Riau/2024-10-01,18872.555460725325
Minyak Goreng Kemasan Sederhana/Kepulauan Riau/2024-10-02,18858.561829401275
Minyak Goreng Kemasan Sederhana/Kepulauan Riau/2024-10-03,18863.88524726294
Minyak Goreng Kemasan Sederhana/Kepulauan Riau/2024-10-04,18870.384534373632
Minyak Goreng Kemasan Sederhana/Kepulauan Riau/2024-10-05,18840.29495563436
Minyak Goreng Kemasan Sederhana/Kepulauan Riau/2024-10-06,18855.25651334889
Minyak Goreng Kemasan Sederhana/Kepulauan Riau/2024-10-07,18874.41376508782
Minyak Goreng Kemasan Sederhana/Kepulauan Riau/2024-10-08,18844.757487671566
Minyak Goreng Kemasan Sederhana/Kepulauan Riau/2024-10-09,18867.165190014068
Minyak Goreng Kemasan Sederhana/Kepulauan Riau/2024-10-10,18843.27663283945
Minyak Goreng Kemasan Sederhana/Kepulauan Riau/2024-10-11,18869.66780465004
Minyak Goreng Kemasan Sederhana/Kepulauan Riau/2024-10-12,18862.39947299087
Minyak Goreng Kemasan Sederhana/Kepulauan Riau/2024-10-13,18839.53368514277
Minyak Goreng Kemasan Sederhana/Kepulauan Riau/2024-10-14,18879.777011153736
Minyak Goreng Kemasan Sederhana/Kepulauan Riau/2024-10-15,18852.28099094815
Minyak Goreng Kemasan Sederhana/Kepulauan Riau/2024-10-16,18851.18567232461
Minyak Goreng Kemasan Sederhana/Kepulauan Riau/2024-10-17,18865.819021164494
Minyak Goreng Kemasan Sederhana/Kepulauan Riau/2024-10-18,18879.543907460047
Minyak Goreng Kemasan Sederhana/Kepulauan Riau/2024-10-19,18848.20970863807
Minyak Goreng Kemasan Sederhana/Kepulauan Riau/2024-10-20,18863.808363495977
Minyak Goreng Kemasan Sederhana/Kepulauan Riau/2024-10-21,18869.12328602673
Minyak Goreng Kemasan Sederhana/Kepulauan Riau/2024-10-22,18872.94931681723
Minyak Goreng Kemasan Sederhana/Kepulauan Riau/2024-10-23,18865.469732833662
Minyak Goreng Kemasan Sederhana/Kepulauan Riau/2024-10-24,18857.602096287264
Minyak Goreng Kemasan Sederhana/Kepulauan Riau/2024-10-25,18850.93467865032
Minyak Goreng Kemasan Sederhana/Kepulauan Riau/2024-10-26,18864.16252165771
Minyak Goreng Kemasan Sederhana/Kepulauan Riau/2024-10-27,18847.394422238336
Minyak Goreng Kemasan Sederhana/Kepulauan Riau/2024-10-28,18820.59888263729
Minyak Goreng Kemasan Sederhana/Kepulauan Riau/2024-10-29,18867.582848305137
Minyak Goreng Kemasan Sederhana/Kepulauan Riau/2024-10-30,18873.83546214756
Minyak Goreng Kemasan Sederhana/Kepulauan Riau/2024-10-31,18827.377244375897
Minyak Goreng Kemasan Sederhana/Kepulauan Riau/2024-11-01,18846.80404181277
Minyak Goreng Kemasan Sederhana/Kepulauan Riau/2024-11-02,18870.2920170754
Minyak Goreng Kemasan Sederhana/Kepulauan Riau/2024-11-03,18891.866926571187
Minyak Goreng Kemasan Sederhana/Kepulauan Riau/2024-11-04,18863.216467595797
Minyak Goreng Kemasan Sederhana/Kepulauan Riau/2024-11-05,18852.376372565832
Minyak Goreng Kemasan Sederhana/Kepulauan Riau/2024-11-06,18860.267708980653
Minyak Goreng Kemasan Sederhana/Kepulauan Riau/2024-11-07,18882.81909975536
Minyak Goreng Kemasan Sederhana/Kepulauan Riau/2024-11-08,18853.56402208143
Minyak Goreng Kemasan Sederhana/Kepulauan Riau/2024-11-09,18851.34579071776
Minyak Goreng Kemasan Sederhana/Kepulauan Riau/2024-11-10,18855.926916513046
Minyak Goreng Kemasan Sederhana/Kepulauan Riau/2024-11-11,18849.11440331575
Minyak Goreng Kemasan Sederhana/Kepulauan Riau/2024-11-12,18864.568360406887
Minyak Goreng Kemasan Sederhana/Kepulauan Riau/2024-11-13,18885.788058114507
Minyak Goreng Kemasan Sederhana/Kepulauan Riau/2024-11-14,18867.592561239315
Minyak Goreng Kemasan Sederhana/Kepulauan Riau/2024-11-15,18859.26220081889
Minyak Goreng Kemasan Sederhana/Kepulauan Riau/2024-11-16,18858.690983062654
Minyak Goreng Kemasan Sederhana/Kepulauan Riau/2024-11-17,18840.2856188686
Minyak Goreng Kemasan Sederhana/Kepulauan Riau/2024-11-18,18875.699947793804
Minyak Goreng Kemasan Sederhana/Kepulauan Riau/2024-11-19,18861.78861881832
Minyak Goreng Kemasan Sederhana/Kepulauan Riau/2024-11-20,18860.302692294128
Minyak Goreng Kemasan Sederhana/Kepulauan Riau/2024-11-21,18909.14106375873
Minyak Goreng Kemasan Sederhana/Kepulauan Riau/2024-11-22,18867.240396060675
Minyak Goreng Kemasan Sederhana/Kepulauan Riau/2024-11-23,18852.03199954938
Minyak Goreng Kemasan Sederhana/Kepulauan Riau/2024-11-24,18856.743197938493
Minyak Goreng Kemasan Sederhana/Kepulauan Riau/2024-11-25,18879.54113314431
Minyak Goreng Kemasan Sederhana/Kepulauan Riau/2024-11-26,18864.555223917087
Minyak Goreng Kemasan Sederhana/Kepulauan Riau/2024-11-27,18842.093942869185
Minyak Goreng Kemasan Sederhana/Kepulauan Riau/2024-11-28,18876.22283354589
Minyak Goreng Kemasan Sederhana/Kepulauan Riau/2024-11-29,18853.242930509183
Minyak Goreng Kemasan Sederhana/Kepulauan Riau/2024-11-30,18890.034589946856
Minyak Goreng Kemasan Sederhana/Kepulauan Riau/2024-12-01,18878.550961839115
Minyak Goreng Kemasan Sederhana/Kepulauan Riau/2024-12-02,18856.43970432826
Minyak Goreng Kemasan Sederhana/Kepulauan Riau/2024-12-03,18881.46031704264
Minyak Goreng Kemasan Sederhana/Kepulauan Riau/2024-12-04,18863.897766605267
Minyak Goreng Kemasan Sederhana/Kepulauan Riau/2024-12-05,18875.26078152714
Minyak Goreng Kemasan Sederhana/Kepulauan Riau/2024-12-06,18869.932769069288
Minyak Goreng Kemasan Sederhana/Kepulauan Riau/2024-12-07,18850.66300284629
Minyak Goreng Kemasan Sederhana/Kepulauan Riau/2024-12-08,18853.59897382549
Minyak Goreng Kemasan Sederhana/Kepulauan Riau/2024-12-09,18877.825864403985
Minyak Goreng Kemasan Sederhana/Kepulauan Riau/2024-12-10,18858.069005749392
Minyak Goreng Kemasan Sederhana/Kepulauan Riau/2024-12-11,18857.071950958067
Minyak Goreng Kemasan Sederhana/Kepulauan Riau/2024-12-12,18849.088432557022
Minyak Goreng Kemasan Sederhana/Kepulauan Riau/2024-12-13,18869.047754854888
Minyak Goreng Kemasan Sederhana/Kepulauan Riau/2024-12-14,18892.77397214848
Minyak Goreng Kemasan Sederhana/Kepulauan Riau/2024-12-15,18847.461103275436
Minyak Goreng Kemasan Sederhana/Kepulauan Riau/2024-12-16,18863.266061093214
Minyak Goreng Kemasan Sederhana/Kepulauan Riau/2024-12-17,18883.3597191432
Minyak Goreng Kemasan Sederhana/Kepulauan Riau/2024-12-18,18861.762500062363
Minyak Goreng Kemasan Sederhana/Kepulauan Riau/2024-12-19,18869.46428868292
Minyak Goreng Kemasan Sederhana/Kepulauan Riau/2024-12-20,18847.53550456166
Minyak Goreng Kemasan Sederhana/Kepulauan Riau/2024-12-21,18869.115911556943
Minyak Goreng Kemasan Sederhana/Kepulauan Riau/2024-12-22,18860.206214561826
Minyak Goreng Kemasan Sederhana/Kepulauan Riau/2024-12-23,18877.185548620837
Minyak Goreng Kemasan Sederhana/Kepulauan Riau/2024-12-24,18880.104860308937
Minyak Goreng Kemasan Sederhana/Kepulauan Riau/2024-12-25,18900.403746998185
Minyak Goreng Kemasan Sederhana/Kepulauan Riau/2024-12-26,18871.30661185831
Minyak Goreng Kemasan Sederhana/Kepulauan Riau/2024-12-27,18867.63189502829
Minyak Goreng Kemasan Sederhana/Kepulauan Riau/2024-12-28,18865.72948436337
Minyak Goreng Kemasan Sederhana/Kepulauan Riau/2024-12-29,18857.80276555986
Minyak Goreng Kemasan Sederhana/Kepulauan Riau/2024-12-30,18867.815568389105
Minyak Goreng Kemasan Sederhana/Kepulauan Riau/2024-12-31,18858.639009710358
Minyak Goreng Kemasan Sederhana/Lampung/2024-10-01,18865.354200485915
Minyak Goreng Kemasan Sederhana/Lampung/2024-10-02,18881.98989126238
Minyak Goreng Kemasan Sederhana/Lampung/2024-10-03,18848.34404149339
Minyak Goreng Kemasan Sederhana/Lampung/2024-10-04,18879.417109219623
Minyak Goreng Kemasan Sederhana/Lampung/2024-10-05,18881.982906720077
Minyak Goreng Kemasan Sederhana/Lampung/2024-10-06,18861.2062024296
Minyak Goreng Kemasan Sederhana/Lampung/2024-10-07,18832.19801345841
Minyak Goreng Kemasan Sederhana/Lampung/2024-10-08,18854.116194673097
Minyak Goreng Kemasan Sederhana/Lampung/2024-10-09,18881.69162822996
Minyak Goreng Kemasan Sederhana/Lampung/2024-10-10,18862.58438979952
Minyak Goreng Kemasan Sederhana/Lampung/2024-10-11,18848.448857530853
Minyak Goreng Kemasan Sederhana/Lampung/2024-10-12,18855.607974835555
Minyak Goreng Kemasan Sederhana/Lampung/2024-10-13,18875.084836955048
Minyak Goreng Kemasan Sederhana/Lampung/2024-10-14,18870.830334560196
Minyak Goreng Kemasan Sederhana/Lampung/2024-10-15,18859.45649827428
Minyak Goreng Kemasan Sederhana/Lampung/2024-10-16,18857.605041240247
Minyak Goreng Kemasan Sederhana/Lampung/2024-10-17,18857.24408332008
Minyak Goreng Kemasan Sederhana/Lampung/2024-10-18,18849.561999672154
Minyak Goreng Kemasan Sederhana/Lampung/2024-10-19,18886.300732517386
Minyak Goreng Kemasan Sederhana/Lampung/2024-10-20,18858.24931090643
Minyak Goreng Kemasan Sederhana/Lampung/2024-10-21,18880.53586704025
Minyak Goreng Kemasan Sederhana/Lampung/2024-10-22,18884.939060545446
Minyak Goreng Kemasan Sederhana/Lampung/2024-10-23,18877.36767841337
Minyak Goreng Kemasan Sederhana/Lampung/2024-10-24,18856.667011236543
Minyak Goreng Kemasan Sederhana/Lampung/2024-10-25,18868.760117910668
Minyak Goreng Kemasan Sederhana/Lampung/2024-10-26,18862.565171358656
Minyak Goreng Kemasan Sederhana/Lampung/2024-10-27,18849.832834227567
Minyak Goreng Kemasan Sederhana/Lampung/2024-10-28,18867.6110915238
Minyak Goreng Kemasan Sederhana/Lampung/2024-10-29,18845.8468530729
Minyak Goreng Kemasan Sederhana/Lampung/2024-10-30,18880.1091068555
Minyak Goreng Kemasan Sederhana/Lampung/2024-10-31,18856.189324204857
Minyak Goreng Kemasan Sederhana/Lampung/2024-11-01,18865.82756904969
Minyak Goreng Kemasan Sederhana/Lampung/2024-11-02,18867.01651355665
Minyak Goreng Kemasan Sederhana/Lampung/2024-11-03,18859.167357212693
Minyak Goreng Kemasan Sederhana/Lampung/2024-11-04,18871.408826366667
Minyak Goreng Kemasan Sederhana/Lampung/2024-11-05,18856.040411796195
Minyak Goreng Kemasan Sederhana/Lampung/2024-11-06,18875.52894221764
Minyak Goreng Kemasan Sederhana/Lampung/2024-11-07,18843.430116480075
Minyak Goreng Kemasan Sederhana/Lampung/2024-11-08,18864.74500125921
Minyak Goreng Kemasan Sederhana/Lampung/2024-11-09,18890.984712645142
Minyak Goreng Kemasan Sederhana/Lampung/2024-11-10,18848.43395968314
Minyak Goreng Kemasan Sederhana/Lampung/2024-11-11,18853.10394149826
Minyak Goreng Kemasan Sederhana/Lampung/2024-11-12,18870.3551268934
Minyak Goreng Kemasan Sederhana/Lampung/2024-11-13,18865.51519291349
Minyak Goreng Kemasan Sederhana/Lampung/2024-11-14,18867.991405937857
Minyak Goreng Kemasan Sederhana/Lampung/2024-11-15,18869.99725276415
Minyak Goreng Kemasan Sederhana/Lampung/2024-11-16,18872.10410789076
Minyak Goreng Kemasan Sederhana/Lampung/2024-11-17,18878.98022133532
Minyak Goreng Kemasan Sederhana/Lampung/2024-11-18,18868.84826018608
Minyak Goreng Kemasan Sederhana/Lampung/2024-11-19,18859.42283193496
Minyak Goreng Kemasan Sederhana/Lampung/2024-11-20,18872.652082830984
Minyak Goreng Kemasan Sederhana/Lampung/2024-11-21,18890.419440502446
Minyak Goreng Kemasan Sederhana/Lampung/2024-11-22,18860.99534630121
Minyak Goreng Kemasan Sederhana/Lampung/2024-11-23,18848.807487460635
Minyak Goreng Kemasan Sederhana/Lampung/2024-11-24,18878.94230439128
Minyak Goreng Kemasan Sederhana/Lampung/2024-11-25,18861.172723107167
Minyak Goreng Kemasan Sederhana/Lampung/2024-11-26,18831.46238569718
Minyak Goreng Kemasan Sederhana/Lampung/2024-11-27,18875.18330232541
Minyak Goreng Kemasan Sederhana/Lampung/2024-11-28,18855.16566477235
Minyak Goreng Kemasan Sederhana/Lampung/2024-11-29,18861.60482156006
Minyak Goreng Kemasan Sederhana/Lampung/2024-11-30,18867.7214190658
Minyak Goreng Kemasan Sederhana/Lampung/2024-12-01,18865.67324790784
Minyak Goreng Kemasan Sederhana/Lampung/2024-12-02,18873.18595578816
Minyak Goreng Kemasan Sederhana/Lampung/2024-12-03,18856.611043525463
Minyak Goreng Kemasan Sederhana/Lampung/2024-12-04,18870.343515844783
Minyak Goreng Kemasan Sederhana/Lampung/2024-12-05,18859.158067466207
Minyak Goreng Kemasan Sederhana/Lampung/2024-12-06,18873.61097198642
Minyak Goreng Kemasan Sederhana/Lampung/2024-12-07,18871.82392630605
Minyak Goreng Kemasan Sederhana/Lampung/2024-12-08,18849.37338989605
Minyak Goreng Kemasan Sederhana/Lampung/2024-12-09,18878.636867232784
Minyak Goreng Kemasan Sederhana/Lampung/2024-12-10,18855.156468324058
Minyak Goreng Kemasan Sederhana/Lampung/2024-12-11,18874.613443755243
Minyak Goreng Kemasan Sederhana/Lampung/2024-12-12,18868.23254722013
Minyak Goreng Kemasan Sederhana/Lampung/2024-12-13,18889.52625410536
Minyak Goreng Kemasan Sederhana/Lampung/2024-12-14,18859.680396412816
Minyak Goreng Kemasan Sederhana/Lampung/2024-12-15,18857.858493520216
Minyak Goreng Kemasan Sederhana/Lampung/2024-12-16,18862.634312025075
Minyak Goreng Kemasan Sederhana/Lampung/2024-12-17,18858.526404640183
Minyak Goreng Kemasan Sederhana/Lampung/2024-12-18,18874.49595246078
Minyak Goreng Kemasan Sederhana/Lampung/2024-12-19,18839.51662013176
Minyak Goreng Kemasan Sederhana/Lampung/2024-12-20,18847.661612563774
Minyak Goreng Kemasan Sederhana/Lampung/2024-12-21,18847.418315140352
Minyak Goreng Kemasan Sederhana/Lampung/2024-12-22,18875.628528807258
Minyak Goreng Kemasan Sederhana/Lampung/2024-12-23,18886.82320651716
Minyak Goreng Kemasan Sederhana/Lampung/2024-12-24,18861.403364901005
Minyak Goreng Kemasan Sederhana/Lampung/2024-12-25,18860.47146427248
Minyak Goreng Kemasan Sederhana/Lampung/2024-12-26,18863.92956685813
Minyak Goreng Kemasan Sederhana/Lampung/2024-12-27,18879.735592600417
Minyak Goreng Kemasan Sederhana/Lampung/2024-12-28,18849.490442134516
Minyak Goreng Kemasan Sederhana/Lampung/2024-12-29,18866.36623684391
Minyak Goreng Kemasan Sederhana/Lampung/2024-12-30,18877.033074851908
Minyak Goreng Kemasan Sederhana/Lampung/2024-12-31,18870.16962725736
Minyak Goreng Kemasan Sederhana/Maluku Utara/2024-10-01,18865.659957394146
Minyak Goreng Kemasan Sederhana/Maluku Utara/2024-10-02,18877.40727496802
Minyak Goreng Kemasan Sederhana/Maluku Utara/2024-10-03,18823.78159465052
Minyak Goreng Kemasan Sederhana/Maluku Utara/2024-10-04,18872.72883270236
Minyak Goreng Kemasan Sederhana/Maluku Utara/2024-10-05,18853.446594373447
Minyak Goreng Kemasan Sederhana/Maluku Utara/2024-10-06,18836.393411560304
Minyak Goreng Kemasan Sederhana/Maluku Utara/2024-10-07,18869.30630176315
Minyak Goreng Kemasan Sederhana/Maluku Utara/2024-10-08,18881.607000470765
Minyak Goreng Kemasan Sederhana/Maluku Utara/2024-10-09,18860.92564440631
Minyak Goreng Kemasan Sederhana/Maluku Utara/2024-10-10,18876.709910563077
Minyak Goreng Kemasan Sederhana/Maluku Utara/2024-10-11,18886.25589197002
Minyak Goreng Kemasan Sederhana/Maluku Utara/2024-10-12,18881.95104912259
Minyak Goreng Kemasan Sederhana/Maluku Utara/2024-10-13,18886.65669746675
Minyak Goreng Kemasan Sederhana/Maluku Utara/2024-10-14,18873.65899130604
Minyak Goreng Kemasan Sederhana/Maluku Utara/2024-10-15,18864.007472801
Minyak Goreng Kemasan Sederhana/Maluku Utara/2024-10-16,18839.724285267417
Minyak Goreng Kemasan Sederhana/Maluku Utara/2024-10-17,18859.35327386209
Minyak Goreng Kemasan Sederhana/Maluku Utara/2024-10-18,18850.70802620807
Minyak Goreng Kemasan Sederhana/Maluku Utara/2024-10-19,18894.015018814214
Minyak Goreng Kemasan Sederhana/Maluku Utara/2024-10-20,18860.36919966059
Minyak Goreng Kemasan Sederhana/Maluku Utara/2024-10-21,18864.69904106629
Minyak Goreng Kemasan Sederhana/Maluku Utara/2024-10-22,18870.899124996973
Minyak Goreng Kemasan Sederhana/Maluku Utara/2024-10-23,18863.546662576435
Minyak Goreng Kemasan Sederhana/Maluku Utara/2024-10-24,18887.45416766861
Minyak Goreng Kemasan Sederhana/Maluku Utara/2024-10-25,18853.901543405125
Minyak Goreng Kemasan Sederhana/Maluku Utara/2024-10-26,18865.732714889156
Minyak Goreng Kemasan Sederhana/Maluku Utara/2024-10-27,18852.1669289991
Minyak Goreng Kemasan Sederhana/Maluku Utara/2024-10-28,18843.805890302465
Minyak Goreng Kemasan Sederhana/Maluku Utara/2024-10-29,18854.059053685
Minyak Goreng Kemasan Sederhana/Maluku Utara/2024-10-30,18861.55396944338
Minyak Goreng Kemasan Sederhana/Maluku Utara/2024-10-31,18855.88535017876
Minyak Goreng Kemasan Sederhana/Maluku Utara/2024-11-01,18852.13726715787
Minyak Goreng Kemasan Sederhana/Maluku Utara/2024-11-02,18842.06824013709
Minyak Goreng Kemasan Sederhana/Maluku Utara/2024-11-03,18860.984888096595
Minyak Goreng Kemasan Sederhana/Maluku Utara/2024-11-04,18840.17867674505
Minyak Goreng Kemasan Sederhana/Maluku Utara/2024-11-05,18872.38122139949
Minyak Goreng Kemasan Sederhana/Maluku Utara/2024-11-06,18863.02072554924
Minyak Goreng Kemasan Sederhana/Maluku Utara/2024-11-07,18841.624126274543
Minyak Goreng Kemasan Sederhana/Maluku Utara/2024-11-08,18858.43912043244
Minyak Goreng Kemasan Sederhana/Maluku Utara/2024-11-09,18851.812501058597
Minyak Goreng Kemasan Sederhana/Maluku Utara/2024-11-10,18867.22496927736
Minyak Goreng Kemasan Sederhana/Maluku Utara/2024-11-11,18881.86598448304
Minyak Goreng Kemasan Sederhana/Maluku Utara/2024-11-12,18835.76915788117
Minyak Goreng Kemasan Sederhana/Maluku Utara/2024-11-13,18864.58064018277
Minyak Goreng Kemasan Sederhana/Maluku Utara/2024-11-14,18860.59725116173
Minyak Goreng Kemasan Sederhana/Maluku Utara/2024-11-15,18872.634224031048
Minyak Goreng Kemasan Sederhana/Maluku Utara/2024-11-16,18866.001824536143
Minyak Goreng Kemasan Sederhana/Maluku Utara/2024-11-17,18852.029418621754
Minyak Goreng Kemasan Sederhana/Maluku Utara/2024-11-18,18858.296599491518
Minyak Goreng Kemasan Sederhana/Maluku Utara/2024-11-19,18851.391626079425
Minyak Goreng Kemasan Sederhana/Maluku Utara/2024-11-20,18878.49246260036
Minyak Goreng Kemasan Sederhana/Maluku Utara/2024-11-21,18863.223965665704
Minyak Goreng Kemasan Sederhana/Maluku Utara/2024-11-22,18890.43838687953
Minyak Goreng Kemasan Sederhana/Maluku Utara/2024-11-23,18862.03727594895
Minyak Goreng Kemasan Sederhana/Maluku Utara/2024-11-24,18852.66006025614
Minyak Goreng Kemasan Sederhana/Maluku Utara/2024-11-25,18841.00187347908
Minyak Goreng Kemasan Sederhana/Maluku Utara/2024-11-26,18836.81195411532
Minyak Goreng Kemasan Sederhana/Maluku Utara/2024-11-27,18839.27702708134
Minyak Goreng Kemasan Sederhana/Maluku Utara/2024-11-28,18863.94943297369
Minyak Goreng Kemasan Sederhana/Maluku Utara/2024-11-29,18867.32367825525
Minyak Goreng Kemasan Sederhana/Maluku Utara/2024-11-30,18838.208006205798
Minyak Goreng Kemasan Sederhana/Maluku Utara/2024-12-01,18874.77339206805
Minyak Goreng Kemasan Sederhana/Maluku Utara/2024-12-02,18855.88783684624
Minyak Goreng Kemasan Sederhana/Maluku Utara/2024-12-03,18865.04052013987
Minyak Goreng Kemasan Sederhana/Maluku Utara/2024-12-04,18886.255057682385
Minyak Goreng Kemasan Sederhana/Maluku Utara/2024-12-05,18875.8987060343
Minyak Goreng Kemasan Sederhana/Maluku Utara/2024-12-06,18859.028009336034
Minyak Goreng Kemasan Sederhana/Maluku Utara/2024-12-07,18850.013932307804
Minyak Goreng Kemasan Sederhana/Maluku Utara/2024-12-08,18831.764284631263
Minyak Goreng Kemasan Sederhana/Maluku Utara/2024-12-09,18852.50448577715
Minyak Goreng Kemasan Sederhana/Maluku Utara/2024-12-10,18858.44884460644
Minyak Goreng Kemasan Sederhana/Maluku Utara/2024-12-11,18846.57273669721
Minyak Goreng Kemasan Sederhana/Maluku Utara/2024-12-12,18859.00667839301
Minyak Goreng Kemasan Sederhana/Maluku Utara/2024-12-13,18862.615629970103
Minyak Goreng Kemasan Sederhana/Maluku Utara/2024-12-14,18859.261693563825
Minyak Goreng Kemasan Sederhana/Maluku Utara/2024-12-15,18853.505559402347
Minyak Goreng Kemasan Sederhana/Maluku Utara/2024-12-16,18865.357004557976
Minyak Goreng Kemasan Sederhana/Maluku Utara/2024-12-17,18869.31328023296
Minyak Goreng Kemasan Sederhana/Maluku Utara/2024-12-18,18847.130076978377
Minyak Goreng Kemasan Sederhana/Maluku Utara/2024-12-19,18883.34107062669
Minyak Goreng Kemasan Sederhana/Maluku Utara/2024-12-20,18861.48821401465
Minyak Goreng Kemasan Sederhana/Maluku Utara/2024-12-21,18863.188323688824
Minyak Goreng Kemasan Sederhana/Maluku Utara/2024-12-22,18873.168042423706
Minyak Goreng Kemasan Sederhana/Maluku Utara/2024-12-23,18866.291640623826
Minyak Goreng Kemasan Sederhana/Maluku Utara/2024-12-24,18876.71370471045
Minyak Goreng Kemasan Sederhana/Maluku Utara/2024-12-25,18867.072050380764
Minyak Goreng Kemasan Sederhana/Maluku Utara/2024-12-26,18854.049379150256
Minyak Goreng Kemasan Sederhana/Maluku Utara/2024-12-27,18868.148817126304
Minyak Goreng Kemasan Sederhana/Maluku Utara/2024-12-28,18846.358076787943
Minyak Goreng Kemasan Sederhana/Maluku Utara/2024-12-29,18864.48702851672
Minyak Goreng Kemasan Sederhana/Maluku Utara/2024-12-30,18862.434383401756
Minyak Goreng Kemasan Sederhana/Maluku Utara/2024-12-31,18859.902600899102
Minyak Goreng Kemasan Sederhana/Maluku/2024-10-01,18861.054646214103
Minyak Goreng Kemasan Sederhana/Maluku/2024-10-02,18835.672503179503
Minyak Goreng Kemasan Sederhana/Maluku/2024-10-03,18854.97172461854
Minyak Goreng Kemasan Sederhana/Maluku/2024-10-04,18863.496305445507
Minyak Goreng Kemasan Sederhana/Maluku/2024-10-05,18864.30307365542
Minyak Goreng Kemasan Sederhana/Maluku/2024-10-06,18847.59206238981
Minyak Goreng Kemasan Sederhana/Maluku/2024-10-07,18881.001593556328
Minyak Goreng Kemasan Sederhana/Maluku/2024-10-08,18850.376101057693
Minyak Goreng Kemasan Sederhana/Maluku/2024-10-09,18876.949972451894
Minyak Goreng Kemasan Sederhana/Maluku/2024-10-10,18869.099802835302
Minyak Goreng Kemasan Sederhana/Maluku/2024-10-11,18853.56021282025
Minyak Goreng Kemasan Sederhana/Maluku/2024-10-12,18888.616064461257
Minyak Goreng Kemasan Sederhana/Maluku/2024-10-13,18845.635536278874
Minyak Goreng Kemasan Sederhana/Maluku/2024-10-14,18876.221751254765
Minyak Goreng Kemasan Sederhana/Maluku/2024-10-15,18877.4005610492
Minyak Goreng Kemasan Sederhana/Maluku/2024-10-16,18853.20708444271
Minyak Goreng Kemasan Sederhana/Maluku/2024-10-17,18883.073728486517
Minyak Goreng Kemasan Sederhana/Maluku/2024-10-18,18859.295598356213
Minyak Goreng Kemasan Sederhana/Maluku/2024-10-19,18867.09477102164
Minyak Goreng Kemasan Sederhana/Maluku/2024-10-20,18866.68404147881
Minyak Goreng Kemasan Sederhana/Maluku/2024-10-21,18860.971097920887
Minyak Goreng Kemasan Sederhana/Maluku/2024-10-22,18874.65326152033
Minyak Goreng Kemasan Sederhana/Maluku/2024-10-23,18874.402531770917
Minyak Goreng Kemasan Sederhana/Maluku/2024-10-24,18837.60249276282
Minyak Goreng Kemasan Sederhana/Maluku/2024-10-25,18881.79796957945
Minyak Goreng Kemasan Sederhana/Maluku/2024-10-26,18838.84806673452
Minyak Goreng Kemasan Sederhana/Maluku/2024-10-27,18877.863292239985
Minyak Goreng Kemasan Sederhana/Maluku/2024-10-28,18879.226401673717
Minyak Goreng Kemasan Sederhana/Maluku/2024-10-29,18847.121863589637
Minyak Goreng Kemasan Sederhana/Maluku/2024-10-30,18856.96821355357
Minyak Goreng Kemasan Sederhana/Maluku/2024-10-31,18846.908502721017
Minyak Goreng Kemasan Sederhana/Maluku/2024-11-01,18859.80409901317
Minyak Goreng Kemasan Sederhana/Maluku/2024-11-02,18858.10768081779
Minyak Goreng Kemasan Sederhana/Maluku/2024-11-03,18873.488253793872
Minyak Goreng Kemasan Sederhana/Maluku/2024-11-04,18881.88437373526
Minyak Goreng Kemasan Sederhana/Maluku/2024-11-05,18883.120321860257
Minyak Goreng Kemasan Sederhana/Maluku/2024-11-06,18854.777112789136
Minyak Goreng Kemasan Sederhana/Maluku/2024-11-07,18859.88660392104
Minyak Goreng Kemasan Sederhana/Maluku/2024-11-08,18838.544835083823
Minyak Goreng Kemasan Sederhana/Maluku/2024-11-09,18851.249114532773
Minyak Goreng Kemasan Sederhana/Maluku/2024-11-10,18876.41849287389
Minyak Goreng Kemasan Sederhana/Maluku/2024-11-11,18885.57189659006
Minyak Goreng Kemasan Sederhana/Maluku/2024-11-12,18845.046160799637
Minyak Goreng Kemasan Sederhana/Maluku/2024-11-13,18854.338523700044
Minyak Goreng Kemasan Sederhana/Maluku/2024-11-14,18862.53317569973
Minyak Goreng Kemasan Sederhana/Maluku/2024-11-15,18866.97124911384
Minyak Goreng Kemasan Sederhana/Maluku/2024-11-16,18851.19506649452
Minyak Goreng Kemasan Sederhana/Maluku/2024-11-17,18869.054442778597
Minyak Goreng Kemasan Sederhana/Maluku/2024-11-18,18856.05581947289
Minyak Goreng Kemasan Sederhana/Maluku/2024-11-19,18862.70622258133
Minyak Goreng Kemasan Sederhana/Maluku/2024-11-20,18870.82382989213
Minyak Goreng Kemasan Sederhana/Maluku/2024-11-21,18863.008416782
Minyak Goreng Kemasan Sederhana/Maluku/2024-11-22,18856.59802145622
Minyak Goreng Kemasan Sederhana/Maluku/2024-11-23,18861.32865671941
Minyak Goreng Kemasan Sederhana/Maluku/2024-11-24,18861.636240649168
Minyak Goreng Kemasan Sederhana/Maluku/2024-11-25,18857.558909566545
Minyak Goreng Kemasan Sederhana/Maluku/2024-11-26,18859.16893388373
Minyak Goreng Kemasan Sederhana/Maluku/2024-11-27,18886.05855897727
Minyak Goreng Kemasan Sederhana/Maluku/2024-11-28,18871.03569910701
Minyak Goreng Kemasan Sederhana/Maluku/2024-11-29,18858.63786738549
Minyak Goreng Kemasan Sederhana/Maluku/2024-11-30,18873.00503465194
Minyak Goreng Kemasan Sederhana/Maluku/2024-12-01,18858.082843180327
Minyak Goreng Kemasan Sederhana/Maluku/2024-12-02,18879.89840227656
Minyak Goreng Kemasan Sederhana/Maluku/2024-12-03,18868.266638064397
Minyak Goreng Kemasan Sederhana/Maluku/2024-12-04,18861.36206399078
Minyak Goreng Kemasan Sederhana/Maluku/2024-12-05,18869.39690157857
Minyak Goreng Kemasan Sederhana/Maluku/2024-12-06,18840.17436055486
Minyak Goreng Kemasan Sederhana/Maluku/2024-12-07,18846.603583143016
Minyak Goreng Kemasan Sederhana/Maluku/2024-12-08,18845.58198216342
Minyak Goreng Kemasan Sederhana/Maluku/2024-12-09,18863.689613090497
Minyak Goreng Kemasan Sederhana/Maluku/2024-12-10,18886.45068681713
Minyak Goreng Kemasan Sederhana/Maluku/2024-12-11,18894.882530952967
Minyak Goreng Kemasan Sederhana/Maluku/2024-12-12,18872.152309945184
Minyak Goreng Kemasan Sederhana/Maluku/2024-12-13,18870.16601250096
Minyak Goreng Kemasan Sederhana/Maluku/2024-12-14,18836.84209374038
Minyak Goreng Kemasan Sederhana/Maluku/2024-12-15,18855.059324617723
Minyak Goreng Kemasan Sederhana/Maluku/2024-12-16,18851.510944455706
Minyak Goreng Kemasan Sederhana/Maluku/2024-12-17,18853.45987980684
Minyak Goreng Kemasan Sederhana/Maluku/2024-12-18,18859.3049660816
Minyak Goreng Kemasan Sederhana/Maluku/2024-12-19,18854.928486763743
Minyak Goreng Kemasan Sederhana/Maluku/2024-12-20,18833.77324442817
Minyak Goreng Kemasan Sederhana/Maluku/2024-12-21,18872.63058510938
Minyak Goreng Kemasan Sederhana/Maluku/2024-12-22,18846.453934169524
Minyak Goreng Kemasan Sederhana/Maluku/2024-12-23,18865.45181625015
Minyak Goreng Kemasan Sederhana/Maluku/2024-12-24,18892.359772738204
Minyak Goreng Kemasan Sederhana/Maluku/2024-12-25,18849.60580023501
Minyak Goreng Kemasan Sederhana/Maluku/2024-12-26,18826.285262031
Minyak Goreng Kemasan Sederhana/Maluku/2024-12-27,18858.77504986744
Minyak Goreng Kemasan Sederhana/Maluku/2024-12-28,18878.628252433537
Minyak Goreng Kemasan Sederhana/Maluku/2024-12-29,18890.85026325844
Minyak Goreng Kemasan Sederhana/Maluku/2024-12-30,18845.11563843881
Minyak Goreng Kemasan Sederhana/Maluku/2024-12-31,18870.106002987694
Minyak Goreng Kemasan Sederhana/Nusa Tenggara Barat/2024-10-01,18856.179289551703
Minyak Goreng Kemasan Sederhana/Nusa Tenggara Barat/2024-10-02,18861.381662381104
Minyak Goreng Kemasan Sederhana/Nusa Tenggara Barat/2024-10-03,18901.1967756646
Minyak Goreng Kemasan Sederhana/Nusa Tenggara Barat/2024-10-04,18841.157411938417
Minyak Goreng Kemasan Sederhana/Nusa Tenggara Barat/2024-10-05,18866.588753355805
Minyak Goreng Kemasan Sederhana/Nusa Tenggara Barat/2024-10-06,18869.68609144716
Minyak Goreng Kemasan Sederhana/Nusa Tenggara Barat/2024-10-07,18878.634032824262
Minyak Goreng Kemasan Sederhana/Nusa Tenggara Barat/2024-10-08,18864.333915074967
Minyak Goreng Kemasan Sederhana/Nusa Tenggara Barat/2024-10-09,18867.374994960443
Minyak Goreng Kemasan Sederhana/Nusa Tenggara Barat/2024-10-10,18857.24566969897
Minyak Goreng Kemasan Sederhana/Nusa Tenggara Barat/2024-10-11,18866.81151019505
Minyak Goreng Kemasan Sederhana/Nusa Tenggara Barat/2024-10-12,18857.947156290866
Minyak Goreng Kemasan Sederhana/Nusa Tenggara Barat/2024-10-13,18871.91374555009
Minyak Goreng Kemasan Sederhana/Nusa Tenggara Barat/2024-10-14,18857.564710286
Minyak Goreng Kemasan Sederhana/Nusa Tenggara Barat/2024-10-15,18868.374608119204
Minyak Goreng Kemasan Sederhana/Nusa Tenggara Barat/2024-10-16,18862.49181498255
Minyak Goreng Kemasan Sederhana/Nusa Tenggara Barat/2024-10-17,18879.216921092997
Minyak Goreng Kemasan Sederhana/Nusa Tenggara Barat/2024-10-18,18862.17143271748
Minyak Goreng Kemasan Sederhana/Nusa Tenggara Barat/2024-10-19,18837.24780675544
Minyak Goreng Kemasan Sederhana/Nusa Tenggara Barat/2024-10-20,18881.18388670824
Minyak Goreng Kemasan Sederhana/Nusa Tenggara Barat/2024-10-21,18849.80344018044
Minyak Goreng Kemasan Sederhana/Nusa Tenggara Barat/2024-10-22,18853.45107265677
Minyak Goreng Kemasan Sederhana/Nusa Tenggara Barat/2024-10-23,18854.29224122525
Minyak Goreng Kemasan Sederhana/Nusa Tenggara Barat/2024-10-24,18882.67674951528
Minyak Goreng Kemasan Sederhana/Nusa Tenggara Barat/2024-10-25,18831.997955555184
Minyak Goreng Kemasan Sederhana/Nusa Tenggara Barat/2024-10-26,18908.339648324767
Minyak Goreng Kemasan Sederhana/Nusa Tenggara Barat/2024-10-27,18878.20364791572
Minyak Goreng Kemasan Sederhana/Nusa Tenggara Barat/2024-10-28,18866.14720357001
Minyak Goreng Kemasan Sederhana/Nusa Tenggara Barat/2024-10-29,18862.12076030105
Minyak Goreng Kemasan Sederhana/Nusa Tenggara Barat/2024-10-30,18867.049320673625
Minyak Goreng Kemasan Sederhana/Nusa Tenggara Barat/2024-10-31,18870.459570094423
Minyak Goreng Kemasan Sederhana/Nusa Tenggara Barat/2024-11-01,18872.256027947973
Minyak Goreng Kemasan Sederhana/Nusa Tenggara Barat/2024-11-02,18870.95875577484
Minyak Goreng Kemasan Sederhana/Nusa Tenggara Barat/2024-11-03,18864.21227511112
Minyak Goreng Kemasan Sederhana/Nusa Tenggara Barat/2024-11-04,18860.058636961963
Minyak Goreng Kemasan Sederhana/Nusa Tenggara Barat/2024-11-05,18860.72550754642
Minyak Goreng Kemasan Sederhana/Nusa Tenggara Barat/2024-11-06,18860.09381733848
Minyak Goreng Kemasan Sederhana/Nusa Tenggara Barat/2024-11-07,18879.328678891867
Minyak Goreng Kemasan Sederhana/Nusa Tenggara Barat/2024-11-08,18871.50817872598
Minyak Goreng Kemasan Sederhana/Nusa Tenggara Barat/2024-11-09,18820.348356421728
Minyak Goreng Kemasan Sederhana/Nusa Tenggara Barat/2024-11-10,18872.41071411206
Minyak Goreng Kemasan Sederhana/Nusa Tenggara Barat/2024-11-11,18865.734578610387
Minyak Goreng Kemasan Sederhana/Nusa Tenggara Barat/2024-11-12,18862.64460277025
Minyak Goreng Kemasan Sederhana/Nusa Tenggara Barat/2024-11-13,18857.290983385767
Minyak Goreng Kemasan Sederhana/Nusa Tenggara Barat/2024-11-14,18879.188872065428
Minyak Goreng Kemasan Sederhana/Nusa Tenggara Barat/2024-11-15,18876.632488007057
Minyak Goreng Kemasan Sederhana/Nusa Tenggara Barat/2024-11-16,18851.726735175707
Minyak Goreng Kemasan Sederhana/Nusa Tenggara Barat/2024-11-17,18868.808212315125
Minyak Goreng Kemasan Sederhana/Nusa Tenggara Barat/2024-11-18,18848.8490727605
Minyak Goreng Kemasan Sederhana/Nusa Tenggara Barat/2024-11-19,18842.94314265396
Minyak Goreng Kemasan Sederhana/Nusa Tenggara Barat/2024-11-20,18853.84265422608
Minyak Goreng Kemasan Sederhana/Nusa Tenggara Barat/2024-11-21,18874.402605543262
Minyak Goreng Kemasan Sederhana/Nusa Tenggara Barat/2024-11-22,18876.193283751225
Minyak Goreng Kemasan Sederhana/Nusa Tenggara Barat/2024-11-23,18870.34322083771
Minyak Goreng Kemasan Sederhana/Nusa Tenggara Barat/2024-11-24,18873.4124286477
Minyak Goreng Kemasan Sederhana/Nusa Tenggara Barat/2024-11-25,18870.387995306766
Minyak Goreng Kemasan Sederhana/Nusa Tenggara Barat/2024-11-26,18853.628915047422
Minyak Goreng Kemasan Sederhana/Nusa Tenggara Barat/2024-11-27,18869.168251259813
Minyak Goreng Kemasan Sederhana/Nusa Tenggara Barat/2024-11-28,18874.50272209692
Minyak Goreng Kemasan Sederhana/Nusa Tenggara Barat/2024-11-29,18873.83508339737
Minyak Goreng Kemasan Sederhana/Nusa Tenggara Barat/2024-11-30,18880.12697084187
Minyak Goreng Kemasan Sederhana/Nusa Tenggara Barat/2024-12-01,18873.1693369862
Minyak Goreng Kemasan Sederhana/Nusa Tenggara Barat/2024-12-02,18868.003249435533
Minyak Goreng Kemasan Sederhana/Nusa Tenggara Barat/2024-12-03,18878.407674085694
Minyak Goreng Kemasan Sederhana/Nusa Tenggara Barat/2024-12-04,18862.53150360917
Minyak Goreng Kemasan Sederhana/Nusa Tenggara Barat/2024-12-05,18850.14881991686
Minyak Goreng Kemasan Sederhana/Nusa Tenggara Barat/2024-12-06,18860.554774123284
Minyak Goreng Kemasan Sederhana/Nusa Tenggara Barat/2024-12-07,18852.131720839592
Minyak Goreng Kemasan Sederhana/Nusa Tenggara Barat/2024-12-08,18853.14109874745
Minyak Goreng Kemasan Sederhana/Nusa Tenggara Barat/2024-12-09,18860.44212397248
Minyak Goreng Kemasan Sederhana/Nusa Tenggara Barat/2024-12-10,18851.00932252917
Minyak Goreng Kemasan Sederhana/Nusa Tenggara Barat/2024-12-11,18858.0697730228
Minyak Goreng Kemasan Sederhana/Nusa Tenggara Barat/2024-12-12,18835.064838491915
Minyak Goreng Kemasan Sederhana/Nusa Tenggara Barat/2024-12-13,18864.999412078378
Minyak Goreng Kemasan Sederhana/Nusa Tenggara Barat/2024-12-14,18861.80254982584
Minyak Goreng Kemasan Sederhana/Nusa Tenggara Barat/2024-12-15,18850.23752980301
Minyak Goreng Kemasan Sederhana/Nusa Tenggara Barat/2024-12-16,18871.933573296246
Minyak Goreng Kemasan Sederhana/Nusa Tenggara Barat/2024-12-17,18876.48835340944
Minyak Goreng Kemasan Sederhana/Nusa Tenggara Barat/2024-12-18,18839.643301918357
Minyak Goreng Kemasan Sederhana/Nusa Tenggara Barat/2024-12-19,18851.87371537993
Minyak Goreng Kemasan Sederhana/Nusa Tenggara Barat/2024-12-20,18851.780810207347
Minyak Goreng Kemasan Sederhana/Nusa Tenggara Barat/2024-12-21,18849.136102254542
Minyak Goreng Kemasan Sederhana/Nusa Tenggara Barat/2024-12-22,18873.7386344952
Minyak Goreng Kemasan Sederhana/Nusa Tenggara Barat/2024-12-23,18859.13863660768
Minyak Goreng Kemasan Sederhana/Nusa Tenggara Barat/2024-12-24,18859.086144912868
Minyak Goreng Kemasan Sederhana/Nusa Tenggara Barat/2024-12-25,18833.906154500157
Minyak Goreng Kemasan Sederhana/Nusa Tenggara Barat/2024-12-26,18872.114191796
Minyak Goreng Kemasan Sederhana/Nusa Tenggara Barat/2024-12-27,18844.85380301572
Minyak Goreng Kemasan Sederhana/Nusa Tenggara Barat/2024-12-28,18862.979256751278
Minyak Goreng Kemasan Sederhana/Nusa Tenggara Barat/2024-12-29,18866.269798108264
Minyak Goreng Kemasan Sederhana/Nusa Tenggara Barat/2024-12-30,18882.587171528725
Minyak Goreng Kemasan Sederhana/Nusa Tenggara Barat/2024-12-31,18843.96805977784
Minyak Goreng Kemasan Sederhana/Nusa Tenggara Timur/2024-10-01,18819.2029099381
Minyak Goreng Kemasan Sederhana/Nusa Tenggara Timur/2024-10-02,18865.576975981752
Minyak Goreng Kemasan Sederhana/Nusa Tenggara Timur/2024-10-03,18887.788704597995
Minyak Goreng Kemasan Sederhana/Nusa Tenggara Timur/2024-10-04,18880.148818589067
Minyak Goreng Kemasan Sederhana/Nusa Tenggara Timur/2024-10-05,18865.95061740973
Minyak Goreng Kemasan Sederhana/Nusa Tenggara Timur/2024-10-06,18855.79818020392
Minyak Goreng Kemasan Sederhana/Nusa Tenggara Timur/2024-10-07,18874.599905133367
Minyak Goreng Kemasan Sederhana/Nusa Tenggara Timur/2024-10-08,18848.821719563934
Minyak Goreng Kemasan Sederhana/Nusa Tenggara Timur/2024-10-09,18869.81152611813
Minyak Goreng Kemasan Sederhana/Nusa Tenggara Timur/2024-10-10,18870.232977085565
Minyak Goreng Kemasan Sederhana/Nusa Tenggara Timur/2024-10-11,18878.26377102357
Minyak Goreng Kemasan Sederhana/Nusa Tenggara Timur/2024-10-12,18902.866179367866
Minyak Goreng Kemasan Sederhana/Nusa Tenggara Timur/2024-10-13,18868.59632688624
Minyak Goreng Kemasan Sederhana/Nusa Tenggara Timur/2024-10-14,18855.547336270098
Minyak Goreng Kemasan Sederhana/Nusa Tenggara Timur/2024-10-15,18862.54521226573
Minyak Goreng Kemasan Sederhana/Nusa Tenggara Timur/2024-10-16,18837.30508468586
Minyak Goreng Kemasan Sederhana/Nusa Tenggara Timur/2024-10-17,18852.858298741616
Minyak Goreng Kemasan Sederhana/Nusa Tenggara Timur/2024-10-18,18856.302314993
Minyak Goreng Kemasan Sederhana/Nusa Tenggara Timur/2024-10-19,18854.083349644698
Minyak Goreng Kemasan Sederhana/Nusa Tenggara Timur/2024-10-20,18863.91056323641
Minyak Goreng Kemasan Sederhana/Nusa Tenggara Timur/2024-10-21,18850.24664996715
Minyak Goreng Kemasan Sederhana/Nusa Tenggara Timur/2024-10-22,18878.96938574937
Minyak Goreng Kemasan Sederhana/Nusa Tenggara Timur/2024-10-23,18862.918441203496
Minyak Goreng Kemasan Sederhana/Nusa Tenggara Timur/2024-10-24,18862.780805747338
Minyak Goreng Kemasan Sederhana/Nusa Tenggara Timur/2024-10-25,18858.168614270624
Minyak Goreng Kemasan Sederhana/Nusa Tenggara Timur/2024-10-26,18865.162090610665
Minyak Goreng Kemasan Sederhana/Nusa Tenggara Timur/2024-10-27,18874.860133260678
Minyak Goreng Kemasan Sederhana/Nusa Tenggara Timur/2024-10-28,18850.362270501075
Minyak Goreng Kemasan Sederhana/Nusa Tenggara Timur/2024-10-29,18853.3880968888
Minyak Goreng Kemasan Sederhana/Nusa Tenggara Timur/2024-10-30,18858.518496808418
Minyak Goreng Kemasan Sederhana/Nusa Tenggara Timur/2024-10-31,18843.43169091789
Minyak Goreng Kemasan Sederhana/Nusa Tenggara Timur/2024-11-01,18850.634010727168
Minyak Goreng Kemasan Sederhana/Nusa Tenggara Timur/2024-11-02,18854.73831343008
Minyak Goreng Kemasan Sederhana/Nusa Tenggara Timur/2024-11-03,18874.26304820257
Minyak Goreng Kemasan Sederhana/Nusa Tenggara Timur/2024-11-04,18866.15038759631
Minyak Goreng Kemasan Sederhana/Nusa Tenggara Timur/2024-11-05,18865.71798422461
Minyak Goreng Kemasan Sederhana/Nusa Tenggara Timur/2024-11-06,18875.233627417005
Minyak Goreng Kemasan Sederhana/Nusa Tenggara Timur/2024-11-07,18860.92675514793
Minyak Goreng Kemasan Sederhana/Nusa Tenggara Timur/2024-11-08,18868.56808117169
Minyak Goreng Kemasan Sederhana/Nusa Tenggara Timur/2024-11-09,18861.42113453689
Minyak Goreng Kemasan Sederhana/Nusa Tenggara Timur/2024-11-10,18866.757011375623
Minyak Goreng Kemasan Sederhana/Nusa Tenggara Timur/2024-11-11,18854.47902865981
Minyak Goreng Kemasan Sederhana/Nusa Tenggara Timur/2024-11-12,18827.609449905944
Minyak Goreng Kemasan Sederhana/Nusa Tenggara Timur/2024-11-13,18860.94609497728
Minyak Goreng Kemasan Sederhana/Nusa Tenggara Timur/2024-11-14,18882.39006903701
Minyak Goreng Kemasan Sederhana/Nusa Tenggara Timur/2024-11-15,18875.75809153869
Minyak Goreng Kemasan Sederhana/Nusa Tenggara Timur/2024-11-16,18876.891201213268
Minyak Goreng Kemasan Sederhana/Nusa Tenggara Timur/2024-11-17,18880.810521663585
Minyak Goreng Kemasan Sederhana/Nusa Tenggara Timur/2024-11-18,18864.19891182147
Minyak Goreng Kemasan Sederhana/Nusa Tenggara Timur/2024-11-19,18865.771921409258
Minyak Goreng Kemasan Sederhana/Nusa Tenggara Timur/2024-11-20,18853.97389016266
Minyak Goreng Kemasan Sederhana/Nusa Tenggara Timur/2024-11-21,18858.33975564964
Minyak Goreng Kemasan Sederhana/Nusa Tenggara Timur/2024-11-22,18871.82977004905
Minyak Goreng Kemasan Sederhana/Nusa Tenggara Timur/2024-11-23,18880.34370228032
Minyak Goreng Kemasan Sederhana/Nusa Tenggara Timur/2024-11-24,18860.896723443995
Minyak Goreng Kemasan Sederhana/Nusa Tenggara Timur/2024-11-25,18856.39819432073
Minyak Goreng Kemasan Sederhana/Nusa Tenggara Timur/2024-11-26,18862.92308668474
Minyak Goreng Kemasan Sederhana/Nusa Tenggara Timur/2024-11-27,18871.618925770552
Minyak Goreng Kemasan Sederhana/Nusa Tenggara Timur/2024-11-28,18842.013208731307
Minyak Goreng Kemasan Sederhana/Nusa Tenggara Timur/2024-11-29,18829.67434966302
Minyak Goreng Kemasan Sederhana/Nusa Tenggara Timur/2024-11-30,18854.298169869435
Minyak Goreng Kemasan Sederhana/Nusa Tenggara Timur/2024-12-01,18843.53020943613
Minyak Goreng Kemasan Sederhana/Nusa Tenggara Timur/2024-12-02,18852.937404004373
Minyak Goreng Kemasan Sederhana/Nusa Tenggara Timur/2024-12-03,18857.88685291025
Minyak Goreng Kemasan Sederhana/Nusa Tenggara Timur/2024-12-04,18854.37999106164
Minyak Goreng Kemasan Sederhana/Nusa Tenggara Timur/2024-12-05,18882.906576551857
Minyak Goreng Kemasan Sederhana/Nusa Tenggara Timur/2024-12-06,18867.645625413817
Minyak Goreng Kemasan Sederhana/Nusa Tenggara Timur/2024-12-07,18867.265316972265
Minyak Goreng Kemasan Sederhana/Nusa Tenggara Timur/2024-12-08,18871.92294192639
Minyak Goreng Kemasan Sederhana/Nusa Tenggara Timur/2024-12-09,18846.42891251575
Minyak Goreng Kemasan Sederhana/Nusa Tenggara Timur/2024-12-10,18877.95834013397
Minyak Goreng Kemasan Sederhana/Nusa Tenggara Timur/2024-12-11,18861.81862769536
Minyak Goreng Kemasan Sederhana/Nusa Tenggara Timur/2024-12-12,18872.62178190872
Minyak Goreng Kemasan Sederhana/Nusa Tenggara Timur/2024-12-13,18847.398501464053
Minyak Goreng Kemasan Sederhana/Nusa Tenggara Timur/2024-12-14,18840.42216360225
Minyak Goreng Kemasan Sederhana/Nusa Tenggara Timur/2024-12-15,18874.755776515547
Minyak Goreng Kemasan Sederhana/Nusa Tenggara Timur/2024-12-16,18868.31560280828
Minyak Goreng Kemasan Sederhana/Nusa Tenggara Timur/2024-12-17,18849.85672519708
Minyak Goreng Kemasan Sederhana/Nusa Tenggara Timur/2024-12-18,18850.325602998026
Minyak Goreng Kemasan Sederhana/Nusa Tenggara Timur/2024-12-19,18879.208011178915
Minyak Goreng Kemasan Sederhana/Nusa Tenggara Timur/2024-12-20,18845.696699398555
Minyak Goreng Kemasan Sederhana/Nusa Tenggara Timur/2024-12-21,18886.695906472734
Minyak Goreng Kemasan Sederhana/Nusa Tenggara Timur/2024-12-22,18849.877438726773
Minyak Goreng Kemasan Sederhana/Nusa Tenggara Timur/2024-12-23,18872.157243950125
Minyak Goreng Kemasan Sederhana/Nusa Tenggara Timur/2024-12-24,18858.158136634396
Minyak Goreng Kemasan Sederhana/Nusa Tenggara Timur/2024-12-25,18871.64759948697
Minyak Goreng Kemasan Sederhana/Nusa Tenggara Timur/2024-12-26,18855.03847525804
Minyak Goreng Kemasan Sederhana/Nusa Tenggara Timur/2024-12-27,18860.558741573423
Minyak Goreng Kemasan Sederhana/Nusa Tenggara Timur/2024-12-28,18863.507817701236
Minyak Goreng Kemasan Sederhana/Nusa Tenggara Timur/2024-12-29,18848.407089052293
Minyak Goreng Kemasan Sederhana/Nusa Tenggara Timur/2024-12-30,18873.640126073773
Minyak Goreng Kemasan Sederhana/Nusa Tenggara Timur/2024-12-31,18855.485811206087
Minyak Goreng Kemasan Sederhana/Papua Barat/2024-10-01,18859.606074069983
Minyak Goreng Kemasan Sederhana/Papua Barat/2024-10-02,18848.52055850343
Minyak Goreng Kemasan Sederhana/Papua Barat/2024-10-03,18825.82134013629
Minyak Goreng Kemasan Sederhana/Papua Barat/2024-10-04,18859.142544446942
Minyak Goreng Kemasan Sederhana/Papua Barat/2024-10-05,18895.66904716452
Minyak Goreng Kemasan Sederhana/Papua Barat/2024-10-06,18873.44011395451
Minyak Goreng Kemasan Sederhana/Papua Barat/2024-10-07,18862.63661709233
Minyak Goreng Kemasan Sederhana/Papua Barat/2024-10-08,18859.109655228443
Minyak Goreng Kemasan Sederhana/Papua Barat/2024-10-09,18863.24067529733
Minyak Goreng Kemasan Sederhana/Papua Barat/2024-10-10,18870.83591600322
Minyak Goreng Kemasan Sederhana/Papua Barat/2024-10-11,18845.821185556502
Minyak Goreng Kemasan Sederhana/Papua Barat/2024-10-12,18879.04713045236
Minyak Goreng Kemasan Sederhana/Papua Barat/2024-10-13,18873.27179528166
Minyak Goreng Kemasan Sederhana/Papua Barat/2024-10-14,18873.3123938525
Minyak Goreng Kemasan Sederhana/Papua Barat/2024-10-15,18869.26311980294
Minyak Goreng Kemasan Sederhana/Papua Barat/2024-10-16,18863.19942781113
Minyak Goreng Kemasan Sederhana/Papua Barat/2024-10-17,18872.656245381888
Minyak Goreng Kemasan Sederhana/Papua Barat/2024-10-18,18871.48295181639
Minyak Goreng Kemasan Sederhana/Papua Barat/2024-10-19,18857.790106881912
Minyak Goreng Kemasan Sederhana/Papua Barat/2024-10-20,18854.6115900176
Minyak Goreng Kemasan Sederhana/Papua Barat/2024-10-21,18864.389985338024
Minyak Goreng Kemasan Sederhana/Papua Barat/2024-10-22,18885.34012413531
Minyak Goreng Kemasan Sederhana/Papua Barat/2024-10-23,18844.9772777709
Minyak Goreng Kemasan Sederhana/Papua Barat/2024-10-24,18841.670539031
Minyak Goreng Kemasan Sederhana/Papua Barat/2024-10-25,18865.30063478761
Minyak Goreng Kemasan Sederhana/Papua Barat/2024-10-26,18863.65212894287
Minyak Goreng Kemasan Sederhana/Papua Barat/2024-10-27,18865.396665435823
Minyak Goreng Kemasan Sederhana/Papua Barat/2024-10-28,18866.44707778149
Minyak Goreng Kemasan Sederhana/Papua Barat/2024-10-29,18859.68421431683
Minyak Goreng Kemasan Sederhana/Papua Barat/2024-10-30,18884.48373089376
Minyak Goreng Kemasan Sederhana/Papua Barat/2024-10-31,18839.739657097944
Minyak Goreng Kemasan Sederhana/Papua Barat/2024-11-01,18850.92155113035
Minyak Goreng Kemasan Sederhana/Papua Barat/2024-11-02,18861.42065670173
Minyak Goreng Kemasan Sederhana/Papua Barat/2024-11-03,18839.127512792515
Minyak Goreng Kemasan Sederhana/Papua Barat/2024-11-04,18859.569121666827
Minyak Goreng Kemasan Sederhana/Papua Barat/2024-11-05,18885.485026817936
Minyak Goreng Kemasan Sederhana/Papua Barat/2024-11-06,18863.217810751838
Minyak Goreng Kemasan Sederhana/Papua Barat/2024-11-07,18866.25522848981
Minyak Goreng Kemasan Sederhana/Papua Barat/2024-11-08,18844.67243218188
Minyak Goreng Kemasan Sederhana/Papua Barat/2024-11-09,18853.9925721453
Minyak Goreng Kemasan Sederhana/Papua Barat/2024-11-10,18857.48384286902
Minyak Goreng Kemasan Sederhana/Papua Barat/2024-11-11,18858.02710185516
Minyak Goreng Kemasan Sederhana/Papua Barat/2024-11-12,18881.00021546499
Minyak Goreng Kemasan Sederhana/Papua Barat/2024-11-13,18870.988962754403
Minyak Goreng Kemasan Sederhana/Papua Barat/2024-11-14,18846.82521416245
Minyak Goreng Kemasan Sederhana/Papua Barat/2024-11-15,18866.484016215163
Minyak Goreng Kemasan Sederhana/Papua Barat/2024-11-16,18870.12804410998
Minyak Goreng Kemasan Sederhana/Papua Barat/2024-11-17,18879.421024836287
Minyak Goreng Kemasan Sederhana/Papua Barat/2024-11-18,18885.796437068988
Minyak Goreng Kemasan Sederhana/Papua Barat/2024-11-19,18848.22024226889
Minyak Goreng Kemasan Sederhana/Papua Barat/2024-11-20,18851.176912854604
Minyak Goreng Kemasan Sederhana/Papua Barat/2024-11-21,18844.70988201517
Minyak Goreng Kemasan Sederhana/Papua Barat/2024-11-22,18859.527611238216
Minyak Goreng Kemasan Sederhana/Papua Barat/2024-11-23,18869.06677293253
Minyak Goreng Kemasan Sederhana/Papua Barat/2024-11-24,18876.461872199718
Minyak Goreng Kemasan Sederhana/Papua Barat/2024-11-25,18861.81592436063
Minyak Goreng Kemasan Sederhana/Papua Barat/2024-11-26,18858.285110972058
Minyak Goreng Kemasan Sederhana/Papua Barat/2024-11-27,18865.112396607205
Minyak Goreng Kemasan Sederhana/Papua Barat/2024-11-28,18850.82534084854
Minyak Goreng Kemasan Sederhana/Papua Barat/2024-11-29,18893.16504252269
Minyak Goreng Kemasan Sederhana/Papua Barat/2024-11-30,18839.641837416857
Minyak Goreng Kemasan Sederhana/Papua Barat/2024-12-01,18865.58987520451
Minyak Goreng Kemasan Sederhana/Papua Barat/2024-12-02,18892.210558293456
Minyak Goreng Kemasan Sederhana/Papua Barat/2024-12-03,18863.013882813622
Minyak Goreng Kemasan Sederhana/Papua Barat/2024-12-04,18860.16430788142
Minyak Goreng Kemasan Sederhana/Papua Barat/2024-12-05,18857.74081793241
Minyak Goreng Kemasan Sederhana/Papua Barat/2024-12-06,18860.303969598725
Minyak Goreng Kemasan Sederhana/Papua Barat/2024-12-07,18882.78974183713
Minyak Goreng Kemasan Sederhana/Papua Barat/2024-12-08,18830.89501007512
Minyak Goreng Kemasan Sederhana/Papua Barat/2024-12-09,18885.11448396774
Minyak Goreng Kemasan Sederhana/Papua Barat/2024-12-10,18842.301260988912
Minyak Goreng Kemasan Sederhana/Papua Barat/2024-12-11,18859.055201168325
Minyak Goreng Kemasan Sederhana/Papua Barat/2024-12-12,18856.70140628845
Minyak Goreng Kemasan Sederhana/Papua Barat/2024-12-13,18871.251626395515
Minyak Goreng Kemasan Sederhana/Papua Barat/2024-12-14,18839.779896883283
Minyak Goreng Kemasan Sederhana/Papua Barat/2024-12-15,18869.48220602603
Minyak Goreng Kemasan Sederhana/Papua Barat/2024-12-16,18892.220741254125
Minyak Goreng Kemasan Sederhana/Papua Barat/2024-12-17,18843.18119962106
Minyak Goreng Kemasan Sederhana/Papua Barat/2024-12-18,18865.66176048021
Minyak Goreng Kemasan Sederhana/Papua Barat/2024-12-19,18853.332134521504
Minyak Goreng Kemasan Sederhana/Papua Barat/2024-12-20,18869.08087955113
Minyak Goreng Kemasan Sederhana/Papua Barat/2024-12-21,18863.192639977904
Minyak Goreng Kemasan Sederhana/Papua Barat/2024-12-22,18853.62883812089
Minyak Goreng Kemasan Sederhana/Papua Barat/2024-12-23,18869.97821816007
Minyak Goreng Kemasan Sederhana/Papua Barat/2024-12-24,18889.03642717798
Minyak Goreng Kemasan Sederhana/Papua Barat/2024-12-25,18860.1517890686
Minyak Goreng Kemasan Sederhana/Papua Barat/2024-12-26,18873.335154338467
Minyak Goreng Kemasan Sederhana/Papua Barat/2024-12-27,18844.193135225025
Minyak Goreng Kemasan Sederhana/Papua Barat/2024-12-28,18849.06941312173
Minyak Goreng Kemasan Sederhana/Papua Barat/2024-12-29,18869.754321611177
Minyak Goreng Kemasan Sederhana/Papua Barat/2024-12-30,18884.400527434733
Minyak Goreng Kemasan Sederhana/Papua Barat/2024-12-31,18868.0635468834
Minyak Goreng Kemasan Sederhana/Papua/2024-10-01,18858.383400336097
Minyak Goreng Kemasan Sederhana/Papua/2024-10-02,18862.905185487205
Minyak Goreng Kemasan Sederhana/Papua/2024-10-03,18844.813681672786
Minyak Goreng Kemasan Sederhana/Papua/2024-10-04,18871.66682301177
Minyak Goreng Kemasan Sederhana/Papua/2024-10-05,18875.68870353608
Minyak Goreng Kemasan Sederhana/Papua/2024-10-06,18856.370673153782
Minyak Goreng Kemasan Sederhana/Papua/2024-10-07,18856.11079034041
Minyak Goreng Kemasan Sederhana/Papua/2024-10-08,18866.76447961279
Minyak Goreng Kemasan Sederhana/Papua/2024-10-09,18856.593188479063
Minyak Goreng Kemasan Sederhana/Papua/2024-10-10,18861.958062398964
Minyak Goreng Kemasan Sederhana/Papua/2024-10-11,18893.31245960749
Minyak Goreng Kemasan Sederhana/Papua/2024-10-12,18859.339329734128
Minyak Goreng Kemasan Sederhana/Papua/2024-10-13,18857.727865217297
Minyak Goreng Kemasan Sederhana/Papua/2024-10-14,18853.541183275567
Minyak Goreng Kemasan Sederhana/Papua/2024-10-15,18873.68887814389
Minyak Goreng Kemasan Sederhana/Papua/2024-10-16,18860.29191788014
Minyak Goreng Kemasan Sederhana/Papua/2024-10-17,18853.51467309237
Minyak Goreng Kemasan Sederhana/Papua/2024-10-18,18882.04354905604
Minyak Goreng Kemasan Sederhana/Papua/2024-10-19,18883.466592551216
Minyak Goreng Kemasan Sederhana/Papua/2024-10-20,18854.223299306494
Minyak Goreng Kemasan Sederhana/Papua/2024-10-21,18835.894128150063
Minyak Goreng Kemasan Sederhana/Papua/2024-10-22,18877.500904352077
Minyak Goreng Kemasan Sederhana/Papua/2024-10-23,18853.00427160106
Minyak Goreng Kemasan Sederhana/Papua/2024-10-24,18874.361083257503
Minyak Goreng Kemasan Sederhana/Papua/2024-10-25,18834.394866428527
Minyak Goreng Kemasan Sederhana/Papua/2024-10-26,18875.83729625101
Minyak Goreng Kemasan Sederhana/Papua/2024-10-27,18845.38168615308
Minyak Goreng Kemasan Sederhana/Papua/2024-10-28,18873.49448732144
Minyak Goreng Kemasan Sederhana/Papua/2024-10-29,18863.122070331043
Minyak Goreng Kemasan Sederhana/Papua/2024-10-30,18849.105560793832
Minyak Goreng Kemasan Sederhana/Papua/2024-10-31,18857.02290611714
Minyak Goreng Kemasan Sederhana/Papua/2024-11-01,18872.851061363748
Minyak Goreng Kemasan Sederhana/Papua/2024-11-02,18864.448444487032
Minyak Goreng Kemasan Sederhana/Papua/2024-11-03,18871.37580763394
Minyak Goreng Kemasan Sederhana/Papua/2024-11-04,18891.52775614257
Minyak Goreng Kemasan Sederhana/Papua/2024-11-05,18840.27040672181
Minyak Goreng Kemasan Sederhana/Papua/2024-11-06,18886.327324534588
Minyak Goreng Kemasan Sederhana/Papua/2024-11-07,18864.426171877712
Minyak Goreng Kemasan Sederhana/Papua/2024-11-08,18849.90402786059
Minyak Goreng Kemasan Sederhana/Papua/2024-11-09,18843.65690905434
Minyak Goreng Kemasan Sederhana/Papua/2024-11-10,18860.17760680671
Minyak Goreng Kemasan Sederhana/Papua/2024-11-11,18876.25788417357
Minyak Goreng Kemasan Sederhana/Papua/2024-11-12,18860.94416988161
Minyak Goreng Kemasan Sederhana/Papua/2024-11-13,18884.79196116309
Minyak Goreng Kemasan Sederhana/Papua/2024-11-14,18841.90722672793
Minyak Goreng Kemasan Sederhana/Papua/2024-11-15,18862.740435670155
Minyak Goreng Kemasan Sederhana/Papua/2024-11-16,18844.78493516338
Minyak Goreng Kemasan Sederhana/Papua/2024-11-17,18868.179628691385
Minyak Goreng Kemasan Sederhana/Papua/2024-11-18,18875.75463511569
Minyak Goreng Kemasan Sederhana/Papua/2024-11-19,18856.824206622525
Minyak Goreng Kemasan Sederhana/Papua/2024-11-20,18825.21505360304
Minyak Goreng Kemasan Sederhana/Papua/2024-11-21,18865.79555372406
Minyak Goreng Kemasan Sederhana/Papua/2024-11-22,18868.90932252329
Minyak Goreng Kemasan Sederhana/Papua/2024-11-23,18868.248800105008
Minyak Goreng Kemasan Sederhana/Papua/2024-11-24,18880.805476103946
Minyak Goreng Kemasan Sederhana/Papua/2024-11-25,18847.41013425532
Minyak Goreng Kemasan Sederhana/Papua/2024-11-26,18872.762719528444
Minyak Goreng Kemasan Sederhana/Papua/2024-11-27,18880.179002097728
Minyak Goreng Kemasan Sederhana/Papua/2024-11-28,18837.167387080404
Minyak Goreng Kemasan Sederhana/Papua/2024-11-29,18867.542943157583
Minyak Goreng Kemasan Sederhana/Papua/2024-11-30,18855.616589770663
Minyak Goreng Kemasan Sederhana/Papua/2024-12-01,18861.73526533298
Minyak Goreng Kemasan Sederhana/Papua/2024-12-02,18867.94864736609
Minyak Goreng Kemasan Sederhana/Papua/2024-12-03,18855.86198796292
Minyak Goreng Kemasan Sederhana/Papua/2024-12-04,18853.13342893784
Minyak Goreng Kemasan Sederhana/Papua/2024-12-05,18863.40985746213
Minyak Goreng Kemasan Sederhana/Papua/2024-12-06,18847.175723980006
Minyak Goreng Kemasan Sederhana/Papua/2024-12-07,18847.19629260194
Minyak Goreng Kemasan Sederhana/Papua/2024-12-08,18872.01055378113
Minyak Goreng Kemasan Sederhana/Papua/2024-12-09,18845.823956185875
Minyak Goreng Kemasan Sederhana/Papua/2024-12-10,18872.13602596693
Minyak Goreng Kemasan Sederhana/Papua/2024-12-11,18869.612233140884
Minyak Goreng Kemasan Sederhana/Papua/2024-12-12,18837.93147902331
Minyak Goreng Kemasan Sederhana/Papua/2024-12-13,18853.10655190832
Minyak Goreng Kemasan Sederhana/Papua/2024-12-14,18880.143715405186
Minyak Goreng Kemasan Sederhana/Papua/2024-12-15,18848.71141688437
Minyak Goreng Kemasan Sederhana/Papua/2024-12-16,18856.192408245803
Minyak Goreng Kemasan Sederhana/Papua/2024-12-17,18869.604554711637
Minyak Goreng Kemasan Sederhana/Papua/2024-12-18,18874.256343122823
Minyak Goreng Kemasan Sederhana/Papua/2024-12-19,18859.273993761275
Minyak Goreng Kemasan Sederhana/Papua/2024-12-20,18854.26547526849
Minyak Goreng Kemasan Sederhana/Papua/2024-12-21,18883.50664747783
Minyak Goreng Kemasan Sederhana/Papua/2024-12-22,18888.08895048304
Minyak Goreng Kemasan Sederhana/Papua/2024-12-23,18877.086065622552
Minyak Goreng Kemasan Sederhana/Papua/2024-12-24,18864.15056767087
Minyak Goreng Kemasan Sederhana/Papua/2024-12-25,18851.21443338207
Minyak Goreng Kemasan Sederhana/Papua/2024-12-26,18850.89335949308
Minyak Goreng Kemasan Sederhana/Papua/2024-12-27,18870.479716965707
Minyak Goreng Kemasan Sederhana/Papua/2024-12-28,18868.97246385176
Minyak Goreng Kemasan Sederhana/Papua/2024-12-29,18883.20594831272
Minyak Goreng Kemasan Sederhana/Papua/2024-12-30,18872.33180626364
Minyak Goreng Kemasan Sederhana/Papua/2024-12-31,18841.15581988839
Minyak Goreng Kemasan Sederhana/Riau/2024-10-01,18878.14416043708
Minyak Goreng Kemasan Sederhana/Riau/2024-10-02,18848.46683185806
Minyak Goreng Kemasan Sederhana/Riau/2024-10-03,18857.35681150574
Minyak Goreng Kemasan Sederhana/Riau/2024-10-04,18866.5375137686
Minyak Goreng Kemasan Sederhana/Riau/2024-10-05,18891.80609804026
Minyak Goreng Kemasan Sederhana/Riau/2024-10-06,18907.936762437257
Minyak Goreng Kemasan Sederhana/Riau/2024-10-07,18871.698783669148
Minyak Goreng Kemasan Sederhana/Riau/2024-10-08,18860.26336340314
Minyak Goreng Kemasan Sederhana/Riau/2024-10-09,18870.653314788557
Minyak Goreng Kemasan Sederhana/Riau/2024-10-10,18875.76575372956
Minyak Goreng Kemasan Sederhana/Riau/2024-10-11,18858.27323860737
Minyak Goreng Kemasan Sederhana/Riau/2024-10-12,18888.904157248075
Minyak Goreng Kemasan Sederhana/Riau/2024-10-13,18866.246106055503
Minyak Goreng Kemasan Sederhana/Riau/2024-10-14,18870.12111470739
Minyak Goreng Kemasan Sederhana/Riau/2024-10-15,18872.555820834124
Minyak Goreng Kemasan Sederhana/Riau/2024-10-16,18869.018621173203
Minyak Goreng Kemasan Sederhana/Riau/2024-10-17,18875.06052298162
Minyak Goreng Kemasan Sederhana/Riau/2024-10-18,18853.9796621466
Minyak Goreng Kemasan Sederhana/Riau/2024-10-19,18854.833083609527
Minyak Goreng Kemasan Sederhana/Riau/2024-10-20,18846.98885464102
Minyak Goreng Kemasan Sederhana/Riau/2024-10-21,18869.277965527337
Minyak Goreng Kemasan Sederhana/Riau/2024-10-22,18874.191863873504
Minyak Goreng Kemasan Sederhana/Riau/2024-10-23,18869.542478283645
Minyak Goreng Kemasan Sederhana/Riau/2024-10-24,18887.156547140003
Minyak Goreng Kemasan Sederhana/Riau/2024-10-25,18862.834431774
Minyak Goreng Kemasan Sederhana/Riau/2024-10-26,18872.596607504493
Minyak Goreng Kemasan Sederhana/Riau/2024-10-27,18847.111231245563
Minyak Goreng Kemasan Sederhana/Riau/2024-10-28,18857.311522194945
Minyak Goreng Kemasan Sederhana/Riau/2024-10-29,18872.98452629693
Minyak Goreng Kemasan Sederhana/Riau/2024-10-30,18875.20762943727
Minyak Goreng Kemasan Sederhana/Riau/2024-10-31,18858.659775975226
Minyak Goreng Kemasan Sederhana/Riau/2024-11-01,18861.87892360049
Minyak Goreng Kemasan Sederhana/Riau/2024-11-02,18840.941659810356
Minyak Goreng Kemasan Sederhana/Riau/2024-11-03,18857.746843448254
Minyak Goreng Kemasan Sederhana/Riau/2024-11-04,18875.78849013934
Minyak Goreng Kemasan Sederhana/Riau/2024-11-05,18871.217633537508
Minyak Goreng Kemasan Sederhana/Riau/2024-11-06,18870.163424741502
Minyak Goreng Kemasan Sederhana/Riau/2024-11-07,18863.636001700637
Minyak Goreng Kemasan Sederhana/Riau/2024-11-08,18863.01769472908
Minyak Goreng Kemasan Sederhana/Riau/2024-11-09,18853.35618085411
Minyak Goreng Kemasan Sederhana/Riau/2024-11-10,18873.032164191336
Minyak Goreng Kemasan Sederhana/Riau/2024-11-11,18869.00973731908
Minyak Goreng Kemasan Sederhana/Riau/2024-11-12,18870.038246658267
Minyak Goreng Kemasan Sederhana/Riau/2024-11-13,18855.300201598227
Minyak Goreng Kemasan Sederhana/Riau/2024-11-14,18831.7421712228
Minyak Goreng Kemasan Sederhana/Riau/2024-11-15,18878.798580453316
Minyak Goreng Kemasan Sederhana/Riau/2024-11-16,18855.9834634121
Minyak Goreng Kemasan Sederhana/Riau/2024-11-17,18850.37453793129
Minyak Goreng Kemasan Sederhana/Riau/2024-11-18,18872.692641298872
Minyak Goreng Kemasan Sederhana/Riau/2024-11-19,18857.240399135226
Minyak Goreng Kemasan Sederhana/Riau/2024-11-20,18878.259811310047
Minyak Goreng Kemasan Sederhana/Riau/2024-11-21,18871.847645859867
Minyak Goreng Kemasan Sederhana/Riau/2024-11-22,18872.81126301367
Minyak Goreng Kemasan Sederhana/Riau/2024-11-23,18843.140929723995
Minyak Goreng Kemasan Sederhana/Riau/2024-11-24,18880.46037784064
Minyak Goreng Kemasan Sederhana/Riau/2024-11-25,18866.6974858693
Minyak Goreng Kemasan Sederhana/Riau/2024-11-26,18857.569533871887
Minyak Goreng Kemasan Sederhana/Riau/2024-11-27,18864.99123361125
Minyak Goreng Kemasan Sederhana/Riau/2024-11-28,18837.20144133211
Minyak Goreng Kemasan Sederhana/Riau/2024-11-29,18868.831382605946
Minyak Goreng Kemasan Sederhana/Riau/2024-11-30,18848.013554022786
Minyak Goreng Kemasan Sederhana/Riau/2024-12-01,18842.894498726346
Minyak Goreng Kemasan Sederhana/Riau/2024-12-02,18839.84729797116
Minyak Goreng Kemasan Sederhana/Riau/2024-12-03,18877.071675945008
Minyak Goreng Kemasan Sederhana/Riau/2024-12-04,18852.525873422943
Minyak Goreng Kemasan Sederhana/Riau/2024-12-05,18884.100644128222
Minyak Goreng Kemasan Sederhana/Riau/2024-12-06,18855.158813287733
Minyak Goreng Kemasan Sederhana/Riau/2024-12-07,18838.198556117288
Minyak Goreng Kemasan Sederhana/Riau/2024-12-08,18846.75186827156
Minyak Goreng Kemasan Sederhana/Riau/2024-12-09,18880.43932342445
Minyak Goreng Kemasan Sederhana/Riau/2024-12-10,18860.38343914235
Minyak Goreng Kemasan Sederhana/Riau/2024-12-11,18854.81728942247
Minyak Goreng Kemasan Sederhana/Riau/2024-12-12,18865.23197742713
Minyak Goreng Kemasan Sederhana/Riau/2024-12-13,18870.17959541541
Minyak Goreng Kemasan Sederhana/Riau/2024-12-14,18879.091676974615
Minyak Goreng Kemasan Sederhana/Riau/2024-12-15,18883.884914173752
Minyak Goreng Kemasan Sederhana/Riau/2024-12-16,18857.707185359533
Minyak Goreng Kemasan Sederhana/Riau/2024-12-17,18843.718665729324
Minyak Goreng Kemasan Sederhana/Riau/2024-12-18,18856.929837691307
Minyak Goreng Kemasan Sederhana/Riau/2024-12-19,18866.683443125632
Minyak Goreng Kemasan Sederhana/Riau/2024-12-20,18848.963406863037
Minyak Goreng Kemasan Sederhana/Riau/2024-12-21,18848.694903215262
Minyak Goreng Kemasan Sederhana/Riau/2024-12-22,18867.339698359046
Minyak Goreng Kemasan Sederhana/Riau/2024-12-23,18862.05557008388
Minyak Goreng Kemasan Sederhana/Riau/2024-12-24,18863.390235440405
Minyak Goreng Kemasan Sederhana/Riau/2024-12-25,18851.93494371676
Minyak Goreng Kemasan Sederhana/Riau/2024-12-26,18859.58000446769
Minyak Goreng Kemasan Sederhana/Riau/2024-12-27,18849.53560925338
Minyak Goreng Kemasan Sederhana/Riau/2024-12-28,18875.80256773216
Minyak Goreng Kemasan Sederhana/Riau/2024-12-29,18877.902424613592
Minyak Goreng Kemasan Sederhana/Riau/2024-12-30,18836.188758982706
Minyak Goreng Kemasan Sederhana/Riau/2024-12-31,18849.45920540964
Minyak Goreng Kemasan Sederhana/Sulawesi Barat/2024-10-01,18841.250657343324
Minyak Goreng Kemasan Sederhana/Sulawesi Barat/2024-10-02,18852.798381802342
Minyak Goreng Kemasan Sederhana/Sulawesi Barat/2024-10-03,18859.76015586878
Minyak Goreng Kemasan Sederhana/Sulawesi Barat/2024-10-04,18839.82410874735
Minyak Goreng Kemasan Sederhana/Sulawesi Barat/2024-10-05,18847.88173593931
Minyak Goreng Kemasan Sederhana/Sulawesi Barat/2024-10-06,18846.57561252309
Minyak Goreng Kemasan Sederhana/Sulawesi Barat/2024-10-07,18863.98908649424
Minyak Goreng Kemasan Sederhana/Sulawesi Barat/2024-10-08,18862.22345549607
Minyak Goreng Kemasan Sederhana/Sulawesi Barat/2024-10-09,18851.447745377493
Minyak Goreng Kemasan Sederhana/Sulawesi Barat/2024-10-10,18865.224813763427
Minyak Goreng Kemasan Sederhana/Sulawesi Barat/2024-10-11,18855.00132688417
Minyak Goreng Kemasan Sederhana/Sulawesi Barat/2024-10-12,18858.98277747021
Minyak Goreng Kemasan Sederhana/Sulawesi Barat/2024-10-13,18887.14148641887
Minyak Goreng Kemasan Sederhana/Sulawesi Barat/2024-10-14,18882.32087923956
Minyak Goreng Kemasan Sederhana/Sulawesi Barat/2024-10-15,18844.101812240944
Minyak Goreng Kemasan Sederhana/Sulawesi Barat/2024-10-16,18874.92722044819
Minyak Goreng Kemasan Sederhana/Sulawesi Barat/2024-10-17,18874.661777885285
Minyak Goreng Kemasan Sederhana/Sulawesi Barat/2024-10-18,18846.29239487824
Minyak Goreng Kemasan Sederhana/Sulawesi Barat/2024-10-19,18874.7686316074
Minyak Goreng Kemasan Sederhana/Sulawesi Barat/2024-10-20,18885.179603250894
Minyak Goreng Kemasan Sederhana/Sulawesi Barat/2024-10-21,18846.66471331052
Minyak Goreng Kemasan Sederhana/Sulawesi Barat/2024-10-22,18849.63304203939
Minyak Goreng Kemasan Sederhana/Sulawesi Barat/2024-10-23,18877.64781054784
Minyak Goreng Kemasan Sederhana/Sulawesi Barat/2024-10-24,18866.84579634117
Minyak Goreng Kemasan Sederhana/Sulawesi Barat/2024-10-25,18870.898993247523
Minyak Goreng Kemasan Sederhana/Sulawesi Barat/2024-10-26,18867.846047215047
Minyak Goreng Kemasan Sederhana/Sulawesi Barat/2024-10-27,18868.57142631432
Minyak Goreng Kemasan Sederhana/Sulawesi Barat/2024-10-28,18843.712521211844
Minyak Goreng Kemasan Sederhana/Sulawesi Barat/2024-10-29,18878.077134661264
Minyak Goreng Kemasan Sederhana/Sulawesi Barat/2024-10-30,18879.84723232344
Minyak Goreng Kemasan Sederhana/Sulawesi Barat/2024-10-31,18859.59462548968
Minyak Goreng Kemasan Sederhana/Sulawesi Barat/2024-11-01,18862.286041376818
Minyak Goreng Kemasan Sederhana/Sulawesi Barat/2024-11-02,18840.75007886311
Minyak Goreng Kemasan Sederhana/Sulawesi Barat/2024-11-03,18870.360148948323
Minyak Goreng Kemasan Sederhana/Sulawesi Barat/2024-11-04,18871.196940361388
Minyak Goreng Kemasan Sederhana/Sulawesi Barat/2024-11-05,18862.015123675752
Minyak Goreng Kemasan Sederhana/Sulawesi Barat/2024-11-06,18879.192355733816
Minyak Goreng Kemasan Sederhana/Sulawesi Barat/2024-11-07,18858.07911194119
Minyak Goreng Kemasan Sederhana/Sulawesi Barat/2024-11-08,18871.08906709602
Minyak Goreng Kemasan Sederhana/Sulawesi Barat/2024-11-09,18848.154081681256
Minyak Goreng Kemasan Sederhana/Sulawesi Barat/2024-11-10,18862.574486463043
Minyak Goreng Kemasan Sederhana/Sulawesi Barat/2024-11-11,18860.391371496786
Minyak Goreng Kemasan Sederhana/Sulawesi Barat/2024-11-12,18866.177155950827
Minyak Goreng Kemasan Sederhana/Sulawesi Barat/2024-11-13,18857.56591774611
Minyak Goreng Kemasan Sederhana/Sulawesi Barat/2024-11-14,18861.012155917106
Minyak Goreng Kemasan Sederhana/Sulawesi Barat/2024-11-15,18874.873870287436
Minyak Goreng Kemasan Sederhana/Sulawesi Barat/2024-11-16,18856.59254424913
Minyak Goreng Kemasan Sederhana/Sulawesi Barat/2024-11-17,18839.65752908024
Minyak Goreng Kemasan Sederhana/Sulawesi Barat/2024-11-18,18888.243622891783
Minyak Goreng Kemasan Sederhana/Sulawesi Barat/2024-11-19,18882.91432247653
Minyak Goreng Kemasan Sederhana/Sulawesi Barat/2024-11-20,18844.207760483296
Minyak Goreng Kemasan Sederhana/Sulawesi Barat/2024-11-21,18872.900127899487
Minyak Goreng Kemasan Sederhana/Sulawesi Barat/2024-11-22,18855.634035054216
Minyak Goreng Kemasan Sederhana/Sulawesi Barat/2024-11-23,18866.72986564584
Minyak Goreng Kemasan Sederhana/Sulawesi Barat/2024-11-24,18867.174834337584
Minyak Goreng Kemasan Sederhana/Sulawesi Barat/2024-11-25,18859.52199513459
Minyak Goreng Kemasan Sederhana/Sulawesi Barat/2024-11-26,18851.569113035428
Minyak Goreng Kemasan Sederhana/Sulawesi Barat/2024-11-27,18852.91869662192
Minyak Goreng Kemasan Sederhana/Sulawesi Barat/2024-11-28,18849.65201960903
Minyak Goreng Kemasan Sederhana/Sulawesi Barat/2024-11-29,18850.461263968104
Minyak Goreng Kemasan Sederhana/Sulawesi Barat/2024-11-30,18860.846205625767
Minyak Goreng Kemasan Sederhana/Sulawesi Barat/2024-12-01,18851.49364312191
Minyak Goreng Kemasan Sederhana/Sulawesi Barat/2024-12-02,18871.93603049404
Minyak Goreng Kemasan Sederhana/Sulawesi Barat/2024-12-03,18884.32611546784
Minyak Goreng Kemasan Sederhana/Sulawesi Barat/2024-12-04,18854.51819412509
Minyak Goreng Kemasan Sederhana/Sulawesi Barat/2024-12-05,18866.38122771143
Minyak Goreng Kemasan Sederhana/Sulawesi Barat/2024-12-06,18870.14922874144
Minyak Goreng Kemasan Sederhana/Sulawesi Barat/2024-12-07,18869.748472928684
Minyak Goreng Kemasan Sederhana/Sulawesi Barat/2024-12-08,18864.01502426119
Minyak Goreng Kemasan Sederhana/Sulawesi Barat/2024-12-09,18873.667024814928
Minyak Goreng Kemasan Sederhana/Sulawesi Barat/2024-12-10,18869.896810937676
Minyak Goreng Kemasan Sederhana/Sulawesi Barat/2024-12-11,18844.998191565544
Minyak Goreng Kemasan Sederhana/Sulawesi Barat/2024-12-12,18875.49794425581
Minyak Goreng Kemasan Sederhana/Sulawesi Barat/2024-12-13,18875.760475694253
Minyak Goreng Kemasan Sederhana/Sulawesi Barat/2024-12-14,18851.8655892445
Minyak Goreng Kemasan Sederhana/Sulawesi Barat/2024-12-15,18863.4646577747
Minyak Goreng Kemasan Sederhana/Sulawesi Barat/2024-12-16,18872.807783825745
Minyak Goreng Kemasan Sederhana/Sulawesi Barat/2024-12-17,18859.88527284993
Minyak Goreng Kemasan Sederhana/Sulawesi Barat/2024-12-18,18878.448611399195
Minyak Goreng Kemasan Sederhana/Sulawesi Barat/2024-12-19,18897.136486803032
Minyak Goreng Kemasan Sederhana/Sulawesi Barat/2024-12-20,18851.5369694757
Minyak Goreng Kemasan Sederhana/Sulawesi Barat/2024-12-21,18842.92249255162
Minyak Goreng Kemasan Sederhana/Sulawesi Barat/2024-12-22,18867.313730431422
Minyak Goreng Kemasan Sederhana/Sulawesi Barat/2024-12-23,18873.36127843264
Minyak Goreng Kemasan Sederhana/Sulawesi Barat/2024-12-24,18859.57326325865
Minyak Goreng Kemasan Sederhana/Sulawesi Barat/2024-12-25,18883.95384395718
Minyak Goreng Kemasan Sederhana/Sulawesi Barat/2024-12-26,18843.53686584351
Minyak Goreng Kemasan Sederhana/Sulawesi Barat/2024-12-27,18872.94660990496
Minyak Goreng Kemasan Sederhana/Sulawesi Barat/2024-12-28,18854.144585865124
Minyak Goreng Kemasan Sederhana/Sulawesi Barat/2024-12-29,18887.806340100447
Minyak Goreng Kemasan Sederhana/Sulawesi Barat/2024-12-30,18891.76046554376
Minyak Goreng Kemasan Sederhana/Sulawesi Barat/2024-12-31,18851.816795806888
Minyak Goreng Kemasan Sederhana/Sulawesi Selatan/2024-10-01,18854.959676711493
Minyak Goreng Kemasan Sederhana/Sulawesi Selatan/2024-10-02,18875.35942874224
Minyak Goreng Kemasan Sederhana/Sulawesi Selatan/2024-10-03,18857.31107418034
Minyak Goreng Kemasan Sederhana/Sulawesi Selatan/2024-10-04,18862.258039581877
Minyak Goreng Kemasan Sederhana/Sulawesi Selatan/2024-10-05,18863.282983817768
Minyak Goreng Kemasan Sederhana/Sulawesi Selatan/2024-10-06,18835.12493535183
Minyak Goreng Kemasan Sederhana/Sulawesi Selatan/2024-10-07,18862.715118864548
Minyak Goreng Kemasan Sederhana/Sulawesi Selatan/2024-10-08,18852.50322452772
Minyak Goreng Kemasan Sederhana/Sulawesi Selatan/2024-10-09,18855.06398637707
Minyak Goreng Kemasan Sederhana/Sulawesi Selatan/2024-10-10,18882.934392507843
Minyak Goreng Kemasan Sederhana/Sulawesi Selatan/2024-10-11,18844.72538603544
Minyak Goreng Kemasan Sederhana/Sulawesi Selatan/2024-10-12,18874.687960889125
Minyak Goreng Kemasan Sederhana/Sulawesi Selatan/2024-10-13,18858.87698444424
Minyak Goreng Kemasan Sederhana/Sulawesi Selatan/2024-10-14,18858.86544307654
Minyak Goreng Kemasan Sederhana/Sulawesi Selatan/2024-10-15,18874.357410476867
Minyak Goreng Kemasan Sederhana/Sulawesi Selatan/2024-10-16,18867.838259888835
Minyak Goreng Kemasan Sederhana/Sulawesi Selatan/2024-10-17,18871.176029589937
Minyak Goreng Kemasan Sederhana/Sulawesi Selatan/2024-10-18,18876.93155028817
Minyak Goreng Kemasan Sederhana/Sulawesi Selatan/2024-10-19,18858.119195685267
Minyak Goreng Kemasan Sederhana/Sulawesi Selatan/2024-10-20,18854.052283754743
Minyak Goreng Kemasan Sederhana/Sulawesi Selatan/2024-10-21,18847.20605860897
Minyak Goreng Kemasan Sederhana/Sulawesi Selatan/2024-10-22,18850.966233350824
Minyak Goreng Kemasan Sederhana/Sulawesi Selatan/2024-10-23,18905.269168771854
Minyak Goreng Kemasan Sederhana/Sulawesi Selatan/2024-10-24,18880.934280822148
Minyak Goreng Kemasan Sederhana/Sulawesi Selatan/2024-10-25,18843.356362303894
Minyak Goreng Kemasan Sederhana/Sulawesi Selatan/2024-10-26,18843.770633118893
Minyak Goreng Kemasan Sederhana/Sulawesi Selatan/2024-10-27,18869.89126794489
Minyak Goreng Kemasan Sederhana/Sulawesi Selatan/2024-10-28,18870.83802499893
Minyak Goreng Kemasan Sederhana/Sulawesi Selatan/2024-10-29,18870.861463305107
Minyak Goreng Kemasan Sederhana/Sulawesi Selatan/2024-10-30,18859.22452825931
Minyak Goreng Kemasan Sederhana/Sulawesi Selatan/2024-10-31,18861.09928148139
Minyak Goreng Kemasan Sederhana/Sulawesi Selatan/2024-11-01,18867.662052973224
Minyak Goreng Kemasan Sederhana/Sulawesi Selatan/2024-11-02,18864.158889793373
Minyak Goreng Kemasan Sederhana/Sulawesi Selatan/2024-11-03,18830.78732579426
Minyak Goreng Kemasan Sederhana/Sulawesi Selatan/2024-11-04,18859.588706167524
Minyak Goreng Kemasan Sederhana/Sulawesi Selatan/2024-11-05,18850.228459752616
Minyak Goreng Kemasan Sederhana/Sulawesi Selatan/2024-11-06,18864.412411189573
Minyak Goreng Kemasan Sederhana/Sulawesi Selatan/2024-11-07,18905.05824040341
Minyak Goreng Kemasan Sederhana/Sulawesi Selatan/2024-11-08,18868.23536079434
Minyak Goreng Kemasan Sederhana/Sulawesi Selatan/2024-11-09,18858.37657232469
Minyak Goreng Kemasan Sederhana/Sulawesi Selatan/2024-11-10,18876.260075800044
Minyak Goreng Kemasan Sederhana/Sulawesi Selatan/2024-11-11,18869.90316525564
Minyak Goreng Kemasan Sederhana/Sulawesi Selatan/2024-11-12,18868.99702021601
Minyak Goreng Kemasan Sederhana/Sulawesi Selatan/2024-11-13,18871.700629940155
Minyak Goreng Kemasan Sederhana/Sulawesi Selatan/2024-11-14,18892.687381950265
Minyak Goreng Kemasan Sederhana/Sulawesi Selatan/2024-11-15,18846.543925200327
Minyak Goreng Kemasan Sederhana/Sulawesi Selatan/2024-11-16,18869.772067119146
Minyak Goreng Kemasan Sederhana/Sulawesi Selatan/2024-11-17,18849.50451353562
Minyak Goreng Kemasan Sederhana/Sulawesi Selatan/2024-11-18,18870.9574265303
Minyak Goreng Kemasan Sederhana/Sulawesi Selatan/2024-11-19,18849.615906122424
Minyak Goreng Kemasan Sederhana/Sulawesi Selatan/2024-11-20,18856.87335468789
Minyak Goreng Kemasan Sederhana/Sulawesi Selatan/2024-11-21,18858.643519139147
Minyak Goreng Kemasan Sederhana/Sulawesi Selatan/2024-11-22,18877.042037217987
Minyak Goreng Kemasan Sederhana/Sulawesi Selatan/2024-11-23,18876.211621487088
Minyak Goreng Kemasan Sederhana/Sulawesi Selatan/2024-11-24,18844.881582512557
Minyak Goreng Kemasan Sederhana/Sulawesi Selatan/2024-11-25,18863.710707543232
Minyak Goreng Kemasan Sederhana/Sulawesi Selatan/2024-11-26,18852.643077830176
Minyak Goreng Kemasan Sederhana/Sulawesi Selatan/2024-11-27,18844.696461376603
Minyak Goreng Kemasan Sederhana/Sulawesi Selatan/2024-11-28,18859.45590162933
Minyak Goreng Kemasan Sederhana/Sulawesi Selatan/2024-11-29,18857.52908202417
Minyak Goreng Kemasan Sederhana/Sulawesi Selatan/2024-11-30,18897.42429378316
Minyak Goreng Kemasan Sederhana/Sulawesi Selatan/2024-12-01,18869.183267648084
Minyak Goreng Kemasan Sederhana/Sulawesi Selatan/2024-12-02,18842.972105641828
Minyak Goreng Kemasan Sederhana/Sulawesi Selatan/2024-12-03,18854.73938686609
Minyak Goreng Kemasan Sederhana/Sulawesi Selatan/2024-12-04,18877.701690296923
Minyak Goreng Kemasan Sederhana/Sulawesi Selatan/2024-12-05,18893.149176814124
Minyak Goreng Kemasan Sederhana/Sulawesi Selatan/2024-12-06,18839.955658919236
Minyak Goreng Kemasan Sederhana/Sulawesi Selatan/2024-12-07,18835.70036588591
Minyak Goreng Kemasan Sederhana/Sulawesi Selatan/2024-12-08,18890.000821613525
Minyak Goreng Kemasan Sederhana/Sulawesi Selatan/2024-12-09,18868.555766250967
Minyak Goreng Kemasan Sederhana/Sulawesi Selatan/2024-12-10,18850.345441117923
Minyak Goreng Kemasan Sederhana/Sulawesi Selatan/2024-12-11,18870.65510175671
Minyak Goreng Kemasan Sederhana/Sulawesi Selatan/2024-12-12,18824.758547444435
Minyak Goreng Kemasan Sederhana/Sulawesi Selatan/2024-12-13,18862.964309743304
Minyak Goreng Kemasan Sederhana/Sulawesi Selatan/2024-12-14,18866.82942270057
Minyak Goreng Kemasan Sederhana/Sulawesi Selatan/2024-12-15,18875.465278117128
Minyak Goreng Kemasan Sederhana/Sulawesi Selatan/2024-12-16,18848.2375888081
Minyak Goreng Kemasan Sederhana/Sulawesi Selatan/2024-12-17,18864.155909841244
Minyak Goreng Kemasan Sederhana/Sulawesi Selatan/2024-12-18,18849.51836054392
Minyak Goreng Kemasan Sederhana/Sulawesi Selatan/2024-12-19,18866.612554393338
Minyak Goreng Kemasan Sederhana/Sulawesi Selatan/2024-12-20,18849.953794744764
Minyak Goreng Kemasan Sederhana/Sulawesi Selatan/2024-12-21,18856.94956788928
Minyak Goreng Kemasan Sederhana/Sulawesi Selatan/2024-12-22,18848.499335387503
Minyak Goreng Kemasan Sederhana/Sulawesi Selatan/2024-12-23,18871.864939971285
Minyak Goreng Kemasan Sederhana/Sulawesi Selatan/2024-12-24,18875.27535813959
Minyak Goreng Kemasan Sederhana/Sulawesi Selatan/2024-12-25,18859.518914935
Minyak Goreng Kemasan Sederhana/Sulawesi Selatan/2024-12-26,18863.469003090137
Minyak Goreng Kemasan Sederhana/Sulawesi Selatan/2024-12-27,18841.94463847537
Minyak Goreng Kemasan Sederhana/Sulawesi Selatan/2024-12-28,18858.57711842808
Minyak Goreng Kemasan Sederhana/Sulawesi Selatan/2024-12-29,18862.18864704127
Minyak Goreng Kemasan Sederhana/Sulawesi Selatan/2024-12-30,18900.58251907959
Minyak Goreng Kemasan Sederhana/Sulawesi Selatan/2024-12-31,18846.81784453202
Minyak Goreng Kemasan Sederhana/Sulawesi Tengah/2024-10-01,18884.111879807435
Minyak Goreng Kemasan Sederhana/Sulawesi Tengah/2024-10-02,18877.346656458245
Minyak Goreng Kemasan Sederhana/Sulawesi Tengah/2024-10-03,18866.97812909686
Minyak Goreng Kemasan Sederhana/Sulawesi Tengah/2024-10-04,18888.37444263567
Minyak Goreng Kemasan Sederhana/Sulawesi Tengah/2024-10-05,18868.302298204908
Minyak Goreng Kemasan Sederhana/Sulawesi Tengah/2024-10-06,18868.549179623067
Minyak Goreng Kemasan Sederhana/Sulawesi Tengah/2024-10-07,18862.14643249993
Minyak Goreng Kemasan Sederhana/Sulawesi Tengah/2024-10-08,18880.628667841305
Minyak Goreng Kemasan Sederhana/Sulawesi Tengah/2024-10-09,18878.788685956773
Minyak Goreng Kemasan Sederhana/Sulawesi Tengah/2024-10-10,18853.85770907033
Minyak Goreng Kemasan Sederhana/Sulawesi Tengah/2024-10-11,18843.81711431885
Minyak Goreng Kemasan Sederhana/Sulawesi Tengah/2024-10-12,18859.9769563488
Minyak Goreng Kemasan Sederhana/Sulawesi Tengah/2024-10-13,18851.333535365862
Minyak Goreng Kemasan Sederhana/Sulawesi Tengah/2024-10-14,18861.62502873425
Minyak Goreng Kemasan Sederhana/Sulawesi Tengah/2024-10-15,18880.094362494827
Minyak Goreng Kemasan Sederhana/Sulawesi Tengah/2024-10-16,18856.295230470456
Minyak Goreng Kemasan Sederhana/Sulawesi Tengah/2024-10-17,18862.29550288373
Minyak Goreng Kemasan Sederhana/Sulawesi Tengah/2024-10-18,18863.75542058468
Minyak Goreng Kemasan Sederhana/Sulawesi Tengah/2024-10-19,18875.19791227154
Minyak Goreng Kemasan Sederhana/Sulawesi Tengah/2024-10-20,18830.38792902609
Minyak Goreng Kemasan Sederhana/Sulawesi Tengah/2024-10-21,18854.13243306233
Minyak Goreng Kemasan Sederhana/Sulawesi Tengah/2024-10-22,18865.915436382664
Minyak Goreng Kemasan Sederhana/Sulawesi Tengah/2024-10-23,18879.870272878383
Minyak Goreng Kemasan Sederhana/Sulawesi Tengah/2024-10-24,18855.794325613995
Minyak Goreng Kemasan Sederhana/Sulawesi Tengah/2024-10-25,18835.74917663029
Minyak Goreng Kemasan Sederhana/Sulawesi Tengah/2024-10-26,18871.886812485423
Minyak Goreng Kemasan Sederhana/Sulawesi Tengah/2024-10-27,18853.71750088572
Minyak Goreng Kemasan Sederhana/Sulawesi Tengah/2024-10-28,18845.69301122758
Minyak Goreng Kemasan Sederhana/Sulawesi Tengah/2024-10-29,18853.119612874256
Minyak Goreng Kemasan Sederhana/Sulawesi Tengah/2024-10-30,18859.36485157274
Minyak Goreng Kemasan Sederhana/Sulawesi Tengah/2024-10-31,18853.58314990292
Minyak Goreng Kemasan Sederhana/Sulawesi Tengah/2024-11-01,18830.109291469274
Minyak Goreng Kemasan Sederhana/Sulawesi Tengah/2024-11-02,18874.40419518601
Minyak Goreng Kemasan Sederhana/Sulawesi Tengah/2024-11-03,18880.19862177759
Minyak Goreng Kemasan Sederhana/Sulawesi Tengah/2024-11-04,18872.347323807564
Minyak Goreng Kemasan Sederhana/Sulawesi Tengah/2024-11-05,18846.445523752456
Minyak Goreng Kemasan Sederhana/Sulawesi Tengah/2024-11-06,18859.99851363396
Minyak Goreng Kemasan Sederhana/Sulawesi Tengah/2024-11-07,18862.821036547237
Minyak Goreng Kemasan Sederhana/Sulawesi Tengah/2024-11-08,18871.58400279804
Minyak Goreng Kemasan Sederhana/Sulawesi Tengah/2024-11-09,18872.590799937047
Minyak Goreng Kemasan Sederhana/Sulawesi Tengah/2024-11-10,18852.287038989954
Minyak Goreng Kemasan Sederhana/Sulawesi Tengah/2024-11-11,18864.10246762972
Minyak Goreng Kemasan Sederhana/Sulawesi Tengah/2024-11-12,18869.53534907191
Minyak Goreng Kemasan Sederhana/Sulawesi Tengah/2024-11-13,18883.990928291285
Minyak Goreng Kemasan Sederhana/Sulawesi Tengah/2024-11-14,18873.11436455426
Minyak Goreng Kemasan Sederhana/Sulawesi Tengah/2024-11-15,18874.338370611964
Minyak Goreng Kemasan Sederhana/Sulawesi Tengah/2024-11-16,18864.1289754797
Minyak Goreng Kemasan Sederhana/Sulawesi Tengah/2024-11-17,18883.33421975814
Minyak Goreng Kemasan Sederhana/Sulawesi Tengah/2024-11-18,18868.847451504287
Minyak Goreng Kemasan Sederhana/Sulawesi Tengah/2024-11-19,18850.449743069654
Minyak Goreng Kemasan Sederhana/Sulawesi Tengah/2024-11-20,18883.23159198644
Minyak Goreng Kemasan Sederhana/Sulawesi Tengah/2024-11-21,18873.01877111779
Minyak Goreng Kemasan Sederhana/Sulawesi Tengah/2024-11-22,18856.50163378067
Minyak Goreng Kemasan Sederhana/Sulawesi Tengah/2024-11-23,18855.97397377859
Minyak Goreng Kemasan Sederhana/Sulawesi Tengah/2024-11-24,18867.20887505386
Minyak Goreng Kemasan Sederhana/Sulawesi Tengah/2024-11-25,18869.62082508981
Minyak Goreng Kemasan Sederhana/Sulawesi Tengah/2024-11-26,18865.77158205002
Minyak Goreng Kemasan Sederhana/Sulawesi Tengah/2024-11-27,18867.42216194706
Minyak Goreng Kemasan Sederhana/Sulawesi Tengah/2024-11-28,18887.52519513443
Minyak Goreng Kemasan Sederhana/Sulawesi Tengah/2024-11-29,18878.427838865104
Minyak Goreng Kemasan Sederhana/Sulawesi Tengah/2024-11-30,18865.67521545594
Minyak Goreng Kemasan Sederhana/Sulawesi Tengah/2024-12-01,18876.542502635613
Minyak Goreng Kemasan Sederhana/Sulawesi Tengah/2024-12-02,18847.96791778073
Minyak Goreng Kemasan Sederhana/Sulawesi Tengah/2024-12-03,18868.67610910884
Minyak Goreng Kemasan Sederhana/Sulawesi Tengah/2024-12-04,18889.108206067856
Minyak Goreng Kemasan Sederhana/Sulawesi Tengah/2024-12-05,18859.758861317827
Minyak Goreng Kemasan Sederhana/Sulawesi Tengah/2024-12-06,18850.64451215522
Minyak Goreng Kemasan Sederhana/Sulawesi Tengah/2024-12-07,18853.47535657689
Minyak Goreng Kemasan Sederhana/Sulawesi Tengah/2024-12-08,18847.141166701465
Minyak Goreng Kemasan Sederhana/Sulawesi Tengah/2024-12-09,18851.55469074356
Minyak Goreng Kemasan Sederhana/Sulawesi Tengah/2024-12-10,18856.34287689084
Minyak Goreng Kemasan Sederhana/Sulawesi Tengah/2024-12-11,18841.26398293949
Minyak Goreng Kemasan Sederhana/Sulawesi Tengah/2024-12-12,18861.63927213019
Minyak Goreng Kemasan Sederhana/Sulawesi Tengah/2024-12-13,18874.62676803025
Minyak Goreng Kemasan Sederhana/Sulawesi Tengah/2024-12-14,18849.476593393825
Minyak Goreng Kemasan Sederhana/Sulawesi Tengah/2024-12-15,18884.909642059523
Minyak Goreng Kemasan Sederhana/Sulawesi Tengah/2024-12-16,18870.310020993416
Minyak Goreng Kemasan Sederhana/Sulawesi Tengah/2024-12-17,18877.83483659221
Minyak Goreng Kemasan Sederhana/Sulawesi Tengah/2024-12-18,18853.3921783769
Minyak Goreng Kemasan Sederhana/Sulawesi Tengah/2024-12-19,18875.286138197145
Minyak Goreng Kemasan Sederhana/Sulawesi Tengah/2024-12-20,18847.10785782625
Minyak Goreng Kemasan Sederhana/Sulawesi Tengah/2024-12-21,18875.80327838857
Minyak Goreng Kemasan Sederhana/Sulawesi Tengah/2024-12-22,18865.403107998653
Minyak Goreng Kemasan Sederhana/Sulawesi Tengah/2024-12-23,18870.924688567797
Minyak Goreng Kemasan Sederhana/Sulawesi Tengah/2024-12-24,18845.896727947005
Minyak Goreng Kemasan Sederhana/Sulawesi Tengah/2024-12-25,18849.957797260555
Minyak Goreng Kemasan Sederhana/Sulawesi Tengah/2024-12-26,18871.561329825552
Minyak Goreng Kemasan Sederhana/Sulawesi Tengah/2024-12-27,18849.18650596354
Minyak Goreng Kemasan Sederhana/Sulawesi Tengah/2024-12-28,18869.603942409543
Minyak Goreng Kemasan Sederhana/Sulawesi Tengah/2024-12-29,18843.123816900414
Minyak Goreng Kemasan Sederhana/Sulawesi Tengah/2024-12-30,18875.19419654685
Minyak Goreng Kemasan Sederhana/Sulawesi Tengah/2024-12-31,18845.072588819312
Minyak Goreng Kemasan Sederhana/Sulawesi Tenggara/2024-10-01,18870.91091715121
Minyak Goreng Kemasan Sederhana/Sulawesi Tenggara/2024-10-02,18871.97250705827
Minyak Goreng Kemasan Sederhana/Sulawesi Tenggara/2024-10-03,18852.828495768485
Minyak Goreng Kemasan Sederhana/Sulawesi Tenggara/2024-10-04,18871.341260273264
Minyak Goreng Kemasan Sederhana/Sulawesi Tenggara/2024-10-05,18866.68578482755
Minyak Goreng Kemasan Sederhana/Sulawesi Tenggara/2024-10-06,18855.114798466595
Minyak Goreng Kemasan Sederhana/Sulawesi Tenggara/2024-10-07,18848.314912678517
Minyak Goreng Kemasan Sederhana/Sulawesi Tenggara/2024-10-08,18834.50312492171
Minyak Goreng Kemasan Sederhana/Sulawesi Tenggara/2024-10-09,18867.46127560181
Minyak Goreng Kemasan Sederhana/Sulawesi Tenggara/2024-10-10,18838.96662588302
Minyak Goreng Kemasan Sederhana/Sulawesi Tenggara/2024-10-11,18862.412120725403
Minyak Goreng Kemasan Sederhana/Sulawesi Tenggara/2024-10-12,18857.51240207543
Minyak Goreng Kemasan Sederhana/Sulawesi Tenggara/2024-10-13,18871.82193367248
Minyak Goreng Kemasan Sederhana/Sulawesi Tenggara/2024-10-14,18858.54282530561
Minyak Goreng Kemasan Sederhana/Sulawesi Tenggara/2024-10-15,18858.146130964087
Minyak Goreng Kemasan Sederhana/Sulawesi Tenggara/2024-10-16,18873.510507009803
Minyak Goreng Kemasan Sederhana/Sulawesi Tenggara/2024-10-17,18867.76597394519
Minyak Goreng Kemasan Sederhana/Sulawesi Tenggara/2024-10-18,18867.49233455861
Minyak Goreng Kemasan Sederhana/Sulawesi Tenggara/2024-10-19,18869.70888380504
Minyak Goreng Kemasan Sederhana/Sulawesi Tenggara/2024-10-20,18840.68544594548
Minyak Goreng Kemasan Sederhana/Sulawesi Tenggara/2024-10-21,18873.87123675522
Minyak Goreng Kemasan Sederhana/Sulawesi Tenggara/2024-10-22,18871.781962876987
Minyak Goreng Kemasan Sederhana/Sulawesi Tenggara/2024-10-23,18848.197239728244
Minyak Goreng Kemasan Sederhana/Sulawesi Tenggara/2024-10-24,18859.38196686584
Minyak Goreng Kemasan Sederhana/Sulawesi Tenggara/2024-10-25,18862.34640427295
Minyak Goreng Kemasan Sederhana/Sulawesi Tenggara/2024-10-26,18860.96837568215
Minyak Goreng Kemasan Sederhana/Sulawesi Tenggara/2024-10-27,18867.748629968635
Minyak Goreng Kemasan Sederhana/Sulawesi Tenggara/2024-10-28,18883.636893078365
Minyak Goreng Kemasan Sederhana/Sulawesi Tenggara/2024-10-29,18878.575842371072
Minyak Goreng Kemasan Sederhana/Sulawesi Tenggara/2024-10-30,18843.918856494965
Minyak Goreng Kemasan Sederhana/Sulawesi Tenggara/2024-10-31,18871.92095639461
Minyak Goreng Kemasan Sederhana/Sulawesi Tenggara/2024-11-01,18882.153995863
Minyak Goreng Kemasan Sederhana/Sulawesi Tenggara/2024-11-02,18868.51514963617
Minyak Goreng Kemasan Sederhana/Sulawesi Tenggara/2024-11-03,18878.70922618998
Minyak Goreng Kemasan Sederhana/Sulawesi Tenggara/2024-11-04,18892.046453843373
Minyak Goreng Kemasan Sederhana/Sulawesi Tenggara/2024-11-05,18877.735366700854
Minyak Goreng Kemasan Sederhana/Sulawesi Tenggara/2024-11-06,18866.5246062005
Minyak Goreng Kemasan Sederhana/Sulawesi Tenggara/2024-11-07,18878.04486275864
Minyak Goreng Kemasan Sederhana/Sulawesi Tenggara/2024-11-08,18865.01293946061
Minyak Goreng Kemasan Sederhana/Sulawesi Tenggara/2024-11-09,18863.261480475507
Minyak Goreng Kemasan Sederhana/Sulawesi Tenggara/2024-11-10,18857.8281295428
Minyak Goreng Kemasan Sederhana/Sulawesi Tenggara/2024-11-11,18885.54849009895
Minyak Goreng Kemasan Sederhana/Sulawesi Tenggara/2024-11-12,18851.06730761412
Minyak Goreng Kemasan Sederhana/Sulawesi Tenggara/2024-11-13,18885.09905215744
Minyak Goreng Kemasan Sederhana/Sulawesi Tenggara/2024-11-14,18870.15182026301
Minyak Goreng Kemasan Sederhana/Sulawesi Tenggara/2024-11-15,18842.658125487007
Minyak Goreng Kemasan Sederhana/Sulawesi Tenggara/2024-11-16,18868.237787485512
Minyak Goreng Kemasan Sederhana/Sulawesi Tenggara/2024-11-17,18832.51401625705
Minyak Goreng Kemasan Sederhana/Sulawesi Tenggara/2024-11-18,18871.970727629963
Minyak Goreng Kemasan Sederhana/Sulawesi Tenggara/2024-11-19,18875.176018122584
Minyak Goreng Kemasan Sederhana/Sulawesi Tenggara/2024-11-20,18854.34009157597
Minyak Goreng Kemasan Sederhana/Sulawesi Tenggara/2024-11-21,18864.704004965643
Minyak Goreng Kemasan Sederhana/Sulawesi Tenggara/2024-11-22,18891.20516993413
Minyak Goreng Kemasan Sederhana/Sulawesi Tenggara/2024-11-23,18855.59390663633
Minyak Goreng Kemasan Sederhana/Sulawesi Tenggara/2024-11-24,18847.5859694412
Minyak Goreng Kemasan Sederhana/Sulawesi Tenggara/2024-11-25,18884.365021533704
Minyak Goreng Kemasan Sederhana/Sulawesi Tenggara/2024-11-26,18891.327204888097
Minyak Goreng Kemasan Sederhana/Sulawesi Tenggara/2024-11-27,18862.96894467556
Minyak Goreng Kemasan Sederhana/Sulawesi Tenggara/2024-11-28,18877.55807779344
Minyak Goreng Kemasan Sederhana/Sulawesi Tenggara/2024-11-29,18882.335571104704
Minyak Goreng Kemasan Sederhana/Sulawesi Tenggara/2024-11-30,18852.166731438057
Minyak Goreng Kemasan Sederhana/Sulawesi Tenggara/2024-12-01,18855.889822705976
Minyak Goreng Kemasan Sederhana/Sulawesi Tenggara/2024-12-02,18880.734429173903
Minyak Goreng Kemasan Sederhana/Sulawesi Tenggara/2024-12-03,18887.30886860641
Minyak Goreng Kemasan Sederhana/Sulawesi Tenggara/2024-12-04,18871.06409385882
Minyak Goreng Kemasan Sederhana/Sulawesi Tenggara/2024-12-05,18850.17864620304
Minyak Goreng Kemasan Sederhana/Sulawesi Tenggara/2024-12-06,18891.68150619488
Minyak Goreng Kemasan Sederhana/Sulawesi Tenggara/2024-12-07,18855.2287438708
Minyak Goreng Kemasan Sederhana/Sulawesi Tenggara/2024-12-08,18858.06375868757
Minyak Goreng Kemasan Sederhana/Sulawesi Tenggara/2024-12-09,18867.871361412548
Minyak Goreng Kemasan Sederhana/Sulawesi Tenggara/2024-12-10,18885.414538206074
Minyak Goreng Kemasan Sederhana/Sulawesi Tenggara/2024-12-11,18875.27818686913
Minyak Goreng Kemasan Sederhana/Sulawesi Tenggara/2024-12-12,18868.921321760936
Minyak Goreng Kemasan Sederhana/Sulawesi Tenggara/2024-12-13,18869.62232682681
Minyak Goreng Kemasan Sederhana/Sulawesi Tenggara/2024-12-14,18863.545391845688
Minyak Goreng Kemasan Sederhana/Sulawesi Tenggara/2024-12-15,18870.995454879798
Minyak Goreng Kemasan Sederhana/Sulawesi Tenggara/2024-12-16,18826.295793025634
Minyak Goreng Kemasan Sederhana/Sulawesi Tenggara/2024-12-17,18858.621550116964
Minyak Goreng Kemasan Sederhana/Sulawesi Tenggara/2024-12-18,18866.208600260063
Minyak Goreng Kemasan Sederhana/Sulawesi Tenggara/2024-12-19,18845.64141460216
Minyak Goreng Kemasan Sederhana/Sulawesi Tenggara/2024-12-20,18867.62942014324
Minyak Goreng Kemasan Sederhana/Sulawesi Tenggara/2024-12-21,18859.394958489545
Minyak Goreng Kemasan Sederhana/Sulawesi Tenggara/2024-12-22,18888.32891655348
Minyak Goreng Kemasan Sederhana/Sulawesi Tenggara/2024-12-23,18885.68755846235
Minyak Goreng Kemasan Sederhana/Sulawesi Tenggara/2024-12-24,18856.172121965148
Minyak Goreng Kemasan Sederhana/Sulawesi Tenggara/2024-12-25,18860.731813187373
Minyak Goreng Kemasan Sederhana/Sulawesi Tenggara/2024-12-26,18861.84492779636
Minyak Goreng Kemasan Sederhana/Sulawesi Tenggara/2024-12-27,18856.376910531173
Minyak Goreng Kemasan Sederhana/Sulawesi Tenggara/2024-12-28,18865.73875932295
Minyak Goreng Kemasan Sederhana/Sulawesi Tenggara/2024-12-29,18851.938031099264
Minyak Goreng Kemasan Sederhana/Sulawesi Tenggara/2024-12-30,18846.547878789286
Minyak Goreng Kemasan Sederhana/Sulawesi Tenggara/2024-12-31,18871.911468622697
Minyak Goreng Kemasan Sederhana/Sulawesi Utara/2024-10-01,18872.023790940708
Minyak Goreng Kemasan Sederhana/Sulawesi Utara/2024-10-02,18851.271615747
Minyak Goreng Kemasan Sederhana/Sulawesi Utara/2024-10-03,18875.87722429349
Minyak Goreng Kemasan Sederhana/Sulawesi Utara/2024-10-04,18853.772290220622
Minyak Goreng Kemasan Sederhana/Sulawesi Utara/2024-10-05,18866.580437606972
Minyak Goreng Kemasan Sederhana/Sulawesi Utara/2024-10-06,18874.791307439737
Minyak Goreng Kemasan Sederhana/Sulawesi Utara/2024-10-07,18862.42884499668
Minyak Goreng Kemasan Sederhana/Sulawesi Utara/2024-10-08,18869.498585633148
Minyak Goreng Kemasan Sederhana/Sulawesi Utara/2024-10-09,18855.439253058605
Minyak Goreng Kemasan Sederhana/Sulawesi Utara/2024-10-10,18860.071258271942
Minyak Goreng Kemasan Sederhana/Sulawesi Utara/2024-10-11,18859.935280955364
Minyak Goreng Kemasan Sederhana/Sulawesi Utara/2024-10-12,18852.107462229375
Minyak Goreng Kemasan Sederhana/Sulawesi Utara/2024-10-13,18860.35633928542
Minyak Goreng Kemasan Sederhana/Sulawesi Utara/2024-10-14,18840.496580538424
Minyak Goreng Kemasan Sederhana/Sulawesi Utara/2024-10-15,18855.35894940637
Minyak Goreng Kemasan Sederhana/Sulawesi Utara/2024-10-16,18857.82558701446
Minyak Goreng Kemasan Sederhana/Sulawesi Utara/2024-10-17,18858.146700229136
Minyak Goreng Kemasan Sederhana/Sulawesi Utara/2024-10-18,18858.681939718143
Minyak Goreng Kemasan Sederhana/Sulawesi Utara/2024-10-19,18861.624539496024
Minyak Goreng Kemasan Sederhana/Sulawesi Utara/2024-10-20,18869.856168584585
Minyak Goreng Kemasan Sederhana/Sulawesi Utara/2024-10-21,18875.575553918137
Minyak Goreng Kemasan Sederhana/Sulawesi Utara/2024-10-22,18853.50899550165
Minyak Goreng Kemasan Sederhana/Sulawesi Utara/2024-10-23,18845.497080898236
Minyak Goreng Kemasan Sederhana/Sulawesi Utara/2024-10-24,18847.830092351945
Minyak Goreng Kemasan Sederhana/Sulawesi Utara/2024-10-25,18855.86235918744
Minyak Goreng Kemasan Sederhana/Sulawesi Utara/2024-10-26,18856.90132160377
Minyak Goreng Kemasan Sederhana/Sulawesi Utara/2024-10-27,18850.46340661192
Minyak Goreng Kemasan Sederhana/Sulawesi Utara/2024-10-28,18843.060374447618
Minyak Goreng Kemasan Sederhana/Sulawesi Utara/2024-10-29,18855.125609868137
Minyak Goreng Kemasan Sederhana/Sulawesi Utara/2024-10-30,18864.230125507944
Minyak Goreng Kemasan Sederhana/Sulawesi Utara/2024-10-31,18870.48275189692
Minyak Goreng Kemasan Sederhana/Sulawesi Utara/2024-11-01,18854.71622104277
Minyak Goreng Kemasan Sederhana/Sulawesi Utara/2024-11-02,18856.93660321164
Minyak Goreng Kemasan Sederhana/Sulawesi Utara/2024-11-03,18849.499921836323
Minyak Goreng Kemasan Sederhana/Sulawesi Utara/2024-11-04,18862.46030854703
Minyak Goreng Kemasan Sederhana/Sulawesi Utara/2024-11-05,18850.633007451062
Minyak Goreng Kemasan Sederhana/Sulawesi Utara/2024-11-06,18870.773480773158
Minyak Goreng Kemasan Sederhana/Sulawesi Utara/2024-11-07,18837.062012605555
Minyak Goreng Kemasan Sederhana/Sulawesi Utara/2024-11-08,18857.471899051587
Minyak Goreng Kemasan Sederhana/Sulawesi Utara/2024-11-09,18866.815085305265
Minyak Goreng Kemasan Sederhana/Sulawesi Utara/2024-11-10,18865.19957735941
Minyak Goreng Kemasan Sederhana/Sulawesi Utara/2024-11-11,18901.90165016383
Minyak Goreng Kemasan Sederhana/Sulawesi Utara/2024-11-12,18867.979389205804
Minyak Goreng Kemasan Sederhana/Sulawesi Utara/2024-11-13,18848.380059034786
Minyak Goreng Kemasan Sederhana/Sulawesi Utara/2024-11-14,18861.533437524173
Minyak Goreng Kemasan Sederhana/Sulawesi Utara/2024-11-15,18837.201280632653
Minyak Goreng Kemasan Sederhana/Sulawesi Utara/2024-11-16,18861.74862621242
Minyak Goreng Kemasan Sederhana/Sulawesi Utara/2024-11-17,18850.03570783261
Minyak Goreng Kemasan Sederhana/Sulawesi Utara/2024-11-18,18874.956584933894
Minyak Goreng Kemasan Sederhana/Sulawesi Utara/2024-11-19,18854.604762933574
Minyak Goreng Kemasan Sederhana/Sulawesi Utara/2024-11-20,18861.225059924716
Minyak Goreng Kemasan Sederhana/Sulawesi Utara/2024-11-21,18853.71467137983
Minyak Goreng Kemasan Sederhana/Sulawesi Utara/2024-11-22,18888.088251086127
Minyak Goreng Kemasan Sederhana/Sulawesi Utara/2024-11-23,18858.264912477247
Minyak Goreng Kemasan Sederhana/Sulawesi Utara/2024-11-24,18889.444799093595
Minyak Goreng Kemasan Sederhana/Sulawesi Utara/2024-11-25,18874.701664164884
Minyak Goreng Kemasan Sederhana/Sulawesi Utara/2024-11-26,18869.89417291831
Minyak Goreng Kemasan Sederhana/Sulawesi Utara/2024-11-27,18868.2534781058
Minyak Goreng Kemasan Sederhana/Sulawesi Utara/2024-11-28,18868.616323983897
Minyak Goreng Kemasan Sederhana/Sulawesi Utara/2024-11-29,18835.009130203347
Minyak Goreng Kemasan Sederhana/Sulawesi Utara/2024-11-30,18858.878135864677
Minyak Goreng Kemasan Sederhana/Sulawesi Utara/2024-12-01,18875.150531361724
Minyak Goreng Kemasan Sederhana/Sulawesi Utara/2024-12-02,18862.207574348355
Minyak Goreng Kemasan Sederhana/Sulawesi Utara/2024-12-03,18842.572949406534
Minyak Goreng Kemasan Sederhana/Sulawesi Utara/2024-12-04,18862.15680073879
Minyak Goreng Kemasan Sederhana/Sulawesi Utara/2024-12-05,18887.58524648491
Minyak Goreng Kemasan Sederhana/Sulawesi Utara/2024-12-06,18880.96630520616
Minyak Goreng Kemasan Sederhana/Sulawesi Utara/2024-12-07,18862.017830926805
Minyak Goreng Kemasan Sederhana/Sulawesi Utara/2024-12-08,18876.68927737269
Minyak Goreng Kemasan Sederhana/Sulawesi Utara/2024-12-09,18857.60963601701
Minyak Goreng Kemasan Sederhana/Sulawesi Utara/2024-12-10,18838.249027217116
Minyak Goreng Kemasan Sederhana/Sulawesi Utara/2024-12-11,18849.532238445583
Minyak Goreng Kemasan Sederhana/Sulawesi Utara/2024-12-12,18885.33141006041
Minyak Goreng Kemasan Sederhana/Sulawesi Utara/2024-12-13,18858.91344351519
Minyak Goreng Kemasan Sederhana/Sulawesi Utara/2024-12-14,18859.392049796097
Minyak Goreng Kemasan Sederhana/Sulawesi Utara/2024-12-15,18858.5747797443
Minyak Goreng Kemasan Sederhana/Sulawesi Utara/2024-12-16,18890.48103380831
Minyak Goreng Kemasan Sederhana/Sulawesi Utara/2024-12-17,18886.453942570563
Minyak Goreng Kemasan Sederhana/Sulawesi Utara/2024-12-18,18895.036031490486
Minyak Goreng Kemasan Sederhana/Sulawesi Utara/2024-12-19,18860.61299579223
Minyak Goreng Kemasan Sederhana/Sulawesi Utara/2024-12-20,18867.19510690773
Minyak Goreng Kemasan Sederhana/Sulawesi Utara/2024-12-21,18840.959483468243
Minyak Goreng Kemasan Sederhana/Sulawesi Utara/2024-12-22,18884.296561621333
Minyak Goreng Kemasan Sederhana/Sulawesi Utara/2024-12-23,18846.00986404613
Minyak Goreng Kemasan Sederhana/Sulawesi Utara/2024-12-24,18866.053635667045
Minyak Goreng Kemasan Sederhana/Sulawesi Utara/2024-12-25,18847.03013788784
Minyak Goreng Kemasan Sederhana/Sulawesi Utara/2024-12-26,18854.39060260463
Minyak Goreng Kemasan Sederhana/Sulawesi Utara/2024-12-27,18850.794657083647
Minyak Goreng Kemasan Sederhana/Sulawesi Utara/2024-12-28,18853.26281988657
Minyak Goreng Kemasan Sederhana/Sulawesi Utara/2024-12-29,18854.22958797107
Minyak Goreng Kemasan Sederhana/Sulawesi Utara/2024-12-30,18853.8647720295
Minyak Goreng Kemasan Sederhana/Sulawesi Utara/2024-12-31,18874.096933564662
Minyak Goreng Kemasan Sederhana/Sumatera Barat/2024-10-01,18846.778041355174
Minyak Goreng Kemasan Sederhana/Sumatera Barat/2024-10-02,18866.10815289221
Minyak Goreng Kemasan Sederhana/Sumatera Barat/2024-10-03,18880.547457531928
Minyak Goreng Kemasan Sederhana/Sumatera Barat/2024-10-04,18855.48606023346
Minyak Goreng Kemasan Sederhana/Sumatera Barat/2024-10-05,18852.522356212616
Minyak Goreng Kemasan Sederhana/Sumatera Barat/2024-10-06,18859.578210647243
Minyak Goreng Kemasan Sederhana/Sumatera Barat/2024-10-07,18879.99395667647
Minyak Goreng Kemasan Sederhana/Sumatera Barat/2024-10-08,18865.72547908923
Minyak Goreng Kemasan Sederhana/Sumatera Barat/2024-10-09,18855.225220291468
Minyak Goreng Kemasan Sederhana/Sumatera Barat/2024-10-10,18869.920374620186
Minyak Goreng Kemasan Sederhana/Sumatera Barat/2024-10-11,18846.95790468683
Minyak Goreng Kemasan Sederhana/Sumatera Barat/2024-10-12,18872.77927224512
Minyak Goreng Kemasan Sederhana/Sumatera Barat/2024-10-13,18868.83072386196
Minyak Goreng Kemasan Sederhana/Sumatera Barat/2024-10-14,18858.459396566413
Minyak Goreng Kemasan Sederhana/Sumatera Barat/2024-10-15,18850.775499107487
Minyak Goreng Kemasan Sederhana/Sumatera Barat/2024-10-16,18850.07924103312
Minyak Goreng Kemasan Sederhana/Sumatera Barat/2024-10-17,18870.657826996357
Minyak Goreng Kemasan Sederhana/Sumatera Barat/2024-10-18,18880.70701017352
Minyak Goreng Kemasan Sederhana/Sumatera Barat/2024-10-19,18853.689338543085
Minyak Goreng Kemasan Sederhana/Sumatera Barat/2024-10-20,18869.551364615807
Minyak Goreng Kemasan Sederhana/Sumatera Barat/2024-10-21,18832.70220579668
Minyak Goreng Kemasan Sederhana/Sumatera Barat/2024-10-22,18854.45211544044
Minyak Goreng Kemasan Sederhana/Sumatera Barat/2024-10-23,18862.238473136396
Minyak Goreng Kemasan Sederhana/Sumatera Barat/2024-10-24,18848.80179878076
Minyak Goreng Kemasan Sederhana/Sumatera Barat/2024-10-25,18848.380467505864
Minyak Goreng Kemasan Sederhana/Sumatera Barat/2024-10-26,18851.95888008876
Minyak Goreng Kemasan Sederhana/Sumatera Barat/2024-10-27,18866.152059391847
Minyak Goreng Kemasan Sederhana/Sumatera Barat/2024-10-28,18859.437943538
Minyak Goreng Kemasan Sederhana/Sumatera Barat/2024-10-29,18830.14185452761
Minyak Goreng Kemasan Sederhana/Sumatera Barat/2024-10-30,18831.48936200868
Minyak Goreng Kemasan Sederhana/Sumatera Barat/2024-10-31,18852.14691755852
Minyak Goreng Kemasan Sederhana/Sumatera Barat/2024-11-01,18866.621147010188
Minyak Goreng Kemasan Sederhana/Sumatera Barat/2024-11-02,18820.347471667123
Minyak Goreng Kemasan Sederhana/Sumatera Barat/2024-11-03,18852.60854059941
Minyak Goreng Kemasan Sederhana/Sumatera Barat/2024-11-04,18852.61782893996
Minyak Goreng Kemasan Sederhana/Sumatera Barat/2024-11-05,18880.68253720217
Minyak Goreng Kemasan Sederhana/Sumatera Barat/2024-11-06,18856.078813113607
Minyak Goreng Kemasan Sederhana/Sumatera Barat/2024-11-07,18868.2057232937
Minyak Goreng Kemasan Sederhana/Sumatera Barat/2024-11-08,18864.960379052784
Minyak Goreng Kemasan Sederhana/Sumatera Barat/2024-11-09,18832.071898626225
Minyak Goreng Kemasan Sederhana/Sumatera Barat/2024-11-10,18874.03653934106
Minyak Goreng Kemasan Sederhana/Sumatera Barat/2024-11-11,18866.033671471007
Minyak Goreng Kemasan Sederhana/Sumatera Barat/2024-11-12,18870.273489813146
Minyak Goreng Kemasan Sederhana/Sumatera Barat/2024-11-13,18919.754359615872
Minyak Goreng Kemasan Sederhana/Sumatera Barat/2024-11-14,18832.74439200899
Minyak Goreng Kemasan Sederhana/Sumatera Barat/2024-11-15,18887.883337888365
Minyak Goreng Kemasan Sederhana/Sumatera Barat/2024-11-16,18858.75415570038
Minyak Goreng Kemasan Sederhana/Sumatera Barat/2024-11-17,18867.075014326183
Minyak Goreng Kemasan Sederhana/Sumatera Barat/2024-11-18,18862.256577040236
Minyak Goreng Kemasan Sederhana/Sumatera Barat/2024-11-19,18856.7739067971
Minyak Goreng Kemasan Sederhana/Sumatera Barat/2024-11-20,18854.666150403664
Minyak Goreng Kemasan Sederhana/Sumatera Barat/2024-11-21,18867.685638557607
Minyak Goreng Kemasan Sederhana/Sumatera Barat/2024-11-22,18840.951794215514
Minyak Goreng Kemasan Sederhana/Sumatera Barat/2024-11-23,18873.78134358421
Minyak Goreng Kemasan Sederhana/Sumatera Barat/2024-11-24,18856.890327282465
Minyak Goreng Kemasan Sederhana/Sumatera Barat/2024-11-25,18846.555783001226
Minyak Goreng Kemasan Sederhana/Sumatera Barat/2024-11-26,18856.40074810764
Minyak Goreng Kemasan Sederhana/Sumatera Barat/2024-11-27,18880.833380358985
Minyak Goreng Kemasan Sederhana/Sumatera Barat/2024-11-28,18855.165564867828
Minyak Goreng Kemasan Sederhana/Sumatera Barat/2024-11-29,18868.104664576047
Minyak Goreng Kemasan Sederhana/Sumatera Barat/2024-11-30,18852.33361806561
Minyak Goreng Kemasan Sederhana/Sumatera Barat/2024-12-01,18873.88764130219
Minyak Goreng Kemasan Sederhana/Sumatera Barat/2024-12-02,18872.83932485026
Minyak Goreng Kemasan Sederhana/Sumatera Barat/2024-12-03,18889.67717583737
Minyak Goreng Kemasan Sederhana/Sumatera Barat/2024-12-04,18860.37385922757
Minyak Goreng Kemasan Sederhana/Sumatera Barat/2024-12-05,18872.595350192107
Minyak Goreng Kemasan Sederhana/Sumatera Barat/2024-12-06,18864.335136705697
Minyak Goreng Kemasan Sederhana/Sumatera Barat/2024-12-07,18881.67537431637
Minyak Goreng Kemasan Sederhana/Sumatera Barat/2024-12-08,18852.50913180409
Minyak Goreng Kemasan Sederhana/Sumatera Barat/2024-12-09,18873.70065263278
Minyak Goreng Kemasan Sederhana/Sumatera Barat/2024-12-10,18860.09687169132
Minyak Goreng Kemasan Sederhana/Sumatera Barat/2024-12-11,18861.98621141312
Minyak Goreng Kemasan Sederhana/Sumatera Barat/2024-12-12,18864.24371562709
Minyak Goreng Kemasan Sederhana/Sumatera Barat/2024-12-13,18866.56704896405
Minyak Goreng Kemasan Sederhana/Sumatera Barat/2024-12-14,18861.23283206259
Minyak Goreng Kemasan Sederhana/Sumatera Barat/2024-12-15,18866.023779227868
Minyak Goreng Kemasan Sederhana/Sumatera Barat/2024-12-16,18885.76136542612
Minyak Goreng Kemasan Sederhana/Sumatera Barat/2024-12-17,18877.181490659645
Minyak Goreng Kemasan Sederhana/Sumatera Barat/2024-12-18,18875.497922947685
Minyak Goreng Kemasan Sederhana/Sumatera Barat/2024-12-19,18856.3207402621
Minyak Goreng Kemasan Sederhana/Sumatera Barat/2024-12-20,18850.04218207492
Minyak Goreng Kemasan Sederhana/Sumatera Barat/2024-12-21,18876.745031166512
Minyak Goreng Kemasan Sederhana/Sumatera Barat/2024-12-22,18875.59769917322
Minyak Goreng Kemasan Sederhana/Sumatera Barat/2024-12-23,18884.23483664001
Minyak Goreng Kemasan Sederhana/Sumatera Barat/2024-12-24,18854.17180485739
Minyak Goreng Kemasan Sederhana/Sumatera Barat/2024-12-25,18859.59233945726
Minyak Goreng Kemasan Sederhana/Sumatera Barat/2024-12-26,18839.181143832728
Minyak Goreng Kemasan Sederhana/Sumatera Barat/2024-12-27,18857.2337620642
Minyak Goreng Kemasan Sederhana/Sumatera Barat/2024-12-28,18877.10199649761
Minyak Goreng Kemasan Sederhana/Sumatera Barat/2024-12-29,18855.803789828355
Minyak Goreng Kemasan Sederhana/Sumatera Barat/2024-12-30,18872.187469385597
Minyak Goreng Kemasan Sederhana/Sumatera Barat/2024-12-31,18860.157589670664
Minyak Goreng Kemasan Sederhana/Sumatera Selatan/2024-10-01,18867.606715894355
Minyak Goreng Kemasan Sederhana/Sumatera Selatan/2024-10-02,18846.300674080387
Minyak Goreng Kemasan Sederhana/Sumatera Selatan/2024-10-03,18864.14899415728
Minyak Goreng Kemasan Sederhana/Sumatera Selatan/2024-10-04,18819.61370309746
Minyak Goreng Kemasan Sederhana/Sumatera Selatan/2024-10-05,18859.286869460266
Minyak Goreng Kemasan Sederhana/Sumatera Selatan/2024-10-06,18837.433441562804
Minyak Goreng Kemasan Sederhana/Sumatera Selatan/2024-10-07,18877.56868842925
Minyak Goreng Kemasan Sederhana/Sumatera Selatan/2024-10-08,18872.22536830341
Minyak Goreng Kemasan Sederhana/Sumatera Selatan/2024-10-09,18869.16416382449
Minyak Goreng Kemasan Sederhana/Sumatera Selatan/2024-10-10,18884.934575309195
Minyak Goreng Kemasan Sederhana/Sumatera Selatan/2024-10-11,18849.17827572641
Minyak Goreng Kemasan Sederhana/Sumatera Selatan/2024-10-12,18888.211474420965
Minyak Goreng Kemasan Sederhana/Sumatera Selatan/2024-10-13,18876.410489484027
Minyak Goreng Kemasan Sederhana/Sumatera Selatan/2024-10-14,18859.490906637955
Minyak Goreng Kemasan Sederhana/Sumatera Selatan/2024-10-15,18879.355461492007
Minyak Goreng Kemasan Sederhana/Sumatera Selatan/2024-10-16,18846.89997821156
Minyak Goreng Kemasan Sederhana/Sumatera Selatan/2024-10-17,18850.979209796707
Minyak Goreng Kemasan Sederhana/Sumatera Selatan/2024-10-18,18854.1050803969
Minyak Goreng Kemasan Sederhana/Sumatera Selatan/2024-10-19,18855.257598655757
Minyak Goreng Kemasan Sederhana/Sumatera Selatan/2024-10-20,18847.15920740116
Minyak Goreng Kemasan Sederhana/Sumatera Selatan/2024-10-21,18879.412274115
Minyak Goreng Kemasan Sederhana/Sumatera Selatan/2024-10-22,18858.929462089345
Minyak Goreng Kemasan Sederhana/Sumatera Selatan/2024-10-23,18868.018547831536
Minyak Goreng Kemasan Sederhana/Sumatera Selatan/2024-10-24,18854.65864513626
Minyak Goreng Kemasan Sederhana/Sumatera Selatan/2024-10-25,18836.559138685152
Minyak Goreng Kemasan Sederhana/Sumatera Selatan/2024-10-26,18866.82497955325
Minyak Goreng Kemasan Sederhana/Sumatera Selatan/2024-10-27,18834.829331362467
Minyak Goreng Kemasan Sederhana/Sumatera Selatan/2024-10-28,18860.67164207537
Minyak Goreng Kemasan Sederhana/Sumatera Selatan/2024-10-29,18841.468603078087
Minyak Goreng Kemasan Sederhana/Sumatera Selatan/2024-10-30,18889.886894662537
Minyak Goreng Kemasan Sederhana/Sumatera Selatan/2024-10-31,18875.73410867523
Minyak Goreng Kemasan Sederhana/Sumatera Selatan/2024-11-01,18864.44640816949
Minyak Goreng Kemasan Sederhana/Sumatera Selatan/2024-11-02,18881.209730156806
Minyak Goreng Kemasan Sederhana/Sumatera Selatan/2024-11-03,18850.663591722107
Minyak Goreng Kemasan Sederhana/Sumatera Selatan/2024-11-04,18870.783224675528
Minyak Goreng Kemasan Sederhana/Sumatera Selatan/2024-11-05,18865.808036782302
Minyak Goreng Kemasan Sederhana/Sumatera Selatan/2024-11-06,18866.7375797804
Minyak Goreng Kemasan Sederhana/Sumatera Selatan/2024-11-07,18881.334907502653
Minyak Goreng Kemasan Sederhana/Sumatera Selatan/2024-11-08,18873.519502801533
Minyak Goreng Kemasan Sederhana/Sumatera Selatan/2024-11-09,18867.095205807887
Minyak Goreng Kemasan Sederhana/Sumatera Selatan/2024-11-10,18838.95815545403
Minyak Goreng Kemasan Sederhana/Sumatera Selatan/2024-11-11,18849.017153460543
Minyak Goreng Kemasan Sederhana/Sumatera Selatan/2024-11-12,18861.139024713662
Minyak Goreng Kemasan Sederhana/Sumatera Selatan/2024-11-13,18863.79862034892
Minyak Goreng Kemasan Sederhana/Sumatera Selatan/2024-11-14,18845.929075181662
Minyak Goreng Kemasan Sederhana/Sumatera Selatan/2024-11-15,18897.16621496628
Minyak Goreng Kemasan Sederhana/Sumatera Selatan/2024-11-16,18884.86780633817
Minyak Goreng Kemasan Sederhana/Sumatera Selatan/2024-11-17,18871.63212230569
Minyak Goreng Kemasan Sederhana/Sumatera Selatan/2024-11-18,18863.958298713176
Minyak Goreng Kemasan Sederhana/Sumatera Selatan/2024-11-19,18859.843360663675
Minyak Goreng Kemasan Sederhana/Sumatera Selatan/2024-11-20,18849.13481759099
Minyak Goreng Kemasan Sederhana/Sumatera Selatan/2024-11-21,18864.037104837407
Minyak Goreng Kemasan Sederhana/Sumatera Selatan/2024-11-22,18866.646846545664
Minyak Goreng Kemasan Sederhana/Sumatera Selatan/2024-11-23,18844.93886388332
Minyak Goreng Kemasan Sederhana/Sumatera Selatan/2024-11-24,18867.75321112616
Minyak Goreng Kemasan Sederhana/Sumatera Selatan/2024-11-25,18860.667806869893
Minyak Goreng Kemasan Sederhana/Sumatera Selatan/2024-11-26,18835.2967099098
Minyak Goreng Kemasan Sederhana/Sumatera Selatan/2024-11-27,18850.2586771226
Minyak Goreng Kemasan Sederhana/Sumatera Selatan/2024-11-28,18855.83983345817
Minyak Goreng Kemasan Sederhana/Sumatera Selatan/2024-11-29,18888.966202195785
Minyak Goreng Kemasan Sederhana/Sumatera Selatan/2024-11-30,18870.6008420255
Minyak Goreng Kemasan Sederhana/Sumatera Selatan/2024-12-01,18843.58209435369
Minyak Goreng Kemasan Sederhana/Sumatera Selatan/2024-12-02,18869.951639027782
Minyak Goreng Kemasan Sederhana/Sumatera Selatan/2024-12-03,18840.515607392397
Minyak Goreng Kemasan Sederhana/Sumatera Selatan/2024-12-04,18878.589223552757
Minyak Goreng Kemasan Sederhana/Sumatera Selatan/2024-12-05,18856.095119267524
Minyak Goreng Kemasan Sederhana/Sumatera Selatan/2024-12-06,18861.55990175349
Minyak Goreng Kemasan Sederhana/Sumatera Selatan/2024-12-07,18882.108587243005
Minyak Goreng Kemasan Sederhana/Sumatera Selatan/2024-12-08,18844.28157894408
Minyak Goreng Kemasan Sederhana/Sumatera Selatan/2024-12-09,18842.68980032982
Minyak Goreng Kemasan Sederhana/Sumatera Selatan/2024-12-10,18854.46685856132
Minyak Goreng Kemasan Sederhana/Sumatera Selatan/2024-12-11,18877.601151336024
Minyak Goreng Kemasan Sederhana/Sumatera Selatan/2024-12-12,18840.68104034112
Minyak Goreng Kemasan Sederhana/Sumatera Selatan/2024-12-13,18821.29980833238
Minyak Goreng Kemasan Sederhana/Sumatera Selatan/2024-12-14,18854.92706554261
Minyak Goreng Kemasan Sederhana/Sumatera Selatan/2024-12-15,18868.69085793891
Minyak Goreng Kemasan Sederhana/Sumatera Selatan/2024-12-16,18878.15339349187
Minyak Goreng Kemasan Sederhana/Sumatera Selatan/2024-12-17,18855.20369292538
Minyak Goreng Kemasan Sederhana/Sumatera Selatan/2024-12-18,18856.959349200468
Minyak Goreng Kemasan Sederhana/Sumatera Selatan/2024-12-19,18879.620103836976
Minyak Goreng Kemasan Sederhana/Sumatera Selatan/2024-12-20,18835.84777744021
Minyak Goreng Kemasan Sederhana/Sumatera Selatan/2024-12-21,18857.290949769536
Minyak Goreng Kemasan Sederhana/Sumatera Selatan/2024-12-22,18865.672150721814
Minyak Goreng Kemasan Sederhana/Sumatera Selatan/2024-12-23,18869.41864260223
Minyak Goreng Kemasan Sederhana/Sumatera Selatan/2024-12-24,18855.535131445664
Minyak Goreng Kemasan Sederhana/Sumatera Selatan/2024-12-25,18863.41403535041
Minyak Goreng Kemasan Sederhana/Sumatera Selatan/2024-12-26,18826.892706286675
Minyak Goreng Kemasan Sederhana/Sumatera Selatan/2024-12-27,18853.386187077023
Minyak Goreng Kemasan Sederhana/Sumatera Selatan/2024-12-28,18868.28323301948
Minyak Goreng Kemasan Sederhana/Sumatera Selatan/2024-12-29,18847.289185432317
Minyak Goreng Kemasan Sederhana/Sumatera Selatan/2024-12-30,18862.55570615234
Minyak Goreng Kemasan Sederhana/Sumatera Selatan/2024-12-31,18868.632519511422
Minyak Goreng Kemasan Sederhana/Sumatera Utara/2024-10-01,18857.95646588141
Minyak Goreng Kemasan Sederhana/Sumatera Utara/2024-10-02,18865.38319431915
Minyak Goreng Kemasan Sederhana/Sumatera Utara/2024-10-03,18848.978265169342
Minyak Goreng Kemasan Sederhana/Sumatera Utara/2024-10-04,18859.92439667507
Minyak Goreng Kemasan Sederhana/Sumatera Utara/2024-10-05,18871.749352337312
Minyak Goreng Kemasan Sederhana/Sumatera Utara/2024-10-06,18865.187892079284
Minyak Goreng Kemasan Sederhana/Sumatera Utara/2024-10-07,18854.42441373581
Minyak Goreng Kemasan Sederhana/Sumatera Utara/2024-10-08,18866.16135438954
Minyak Goreng Kemasan Sederhana/Sumatera Utara/2024-10-09,18873.260626158222
Minyak Goreng Kemasan Sederhana/Sumatera Utara/2024-10-10,18833.239084462886
Minyak Goreng Kemasan Sederhana/Sumatera Utara/2024-10-11,18879.694996528466
Minyak Goreng Kemasan Sederhana/Sumatera Utara/2024-10-12,18858.04758884284
Minyak Goreng Kemasan Sederhana/Sumatera Utara/2024-10-13,18869.07512835477
Minyak Goreng Kemasan Sederhana/Sumatera Utara/2024-10-14,18880.24761307177
Minyak Goreng Kemasan Sederhana/Sumatera Utara/2024-10-15,18843.058152227542
Minyak Goreng Kemasan Sederhana/Sumatera Utara/2024-10-16,18852.64508795184
Minyak Goreng Kemasan Sederhana/Sumatera Utara/2024-10-17,18858.738214312747
Minyak Goreng Kemasan Sederhana/Sumatera Utara/2024-10-18,18851.569288847008
Minyak Goreng Kemasan Sederhana/Sumatera Utara/2024-10-19,18887.65007978288
Minyak Goreng Kemasan Sederhana/Sumatera Utara/2024-10-20,18850.512221793884
Minyak Goreng Kemasan Sederhana/Sumatera Utara/2024-10-21,18854.87296651363
Minyak Goreng Kemasan Sederhana/Sumatera Utara/2024-10-22,18865.87431971271
Minyak Goreng Kemasan Sederhana/Sumatera Utara/2024-10-23,18845.51230066408
Minyak Goreng Kemasan Sederhana/Sumatera Utara/2024-10-24,18857.187297605797
Minyak Goreng Kemasan Sederhana/Sumatera Utara/2024-10-25,18867.09600916706
Minyak Goreng Kemasan Sederhana/Sumatera Utara/2024-10-26,18858.09672755949
Minyak Goreng Kemasan Sederhana/Sumatera Utara/2024-10-27,18861.56351122364
Minyak Goreng Kemasan Sederhana/Sumatera Utara/2024-10-28,18855.25246805426
Minyak Goreng Kemasan Sederhana/Sumatera Utara/2024-10-29,18840.990930311207
Minyak Goreng Kemasan Sederhana/Sumatera Utara/2024-10-30,18867.53207354946
Minyak Goreng Kemasan Sederhana/Sumatera Utara/2024-10-31,18887.896086821736
Minyak Goreng Kemasan Sederhana/Sumatera Utara/2024-11-01,18863.18183824633
Minyak Goreng Kemasan Sederhana/Sumatera Utara/2024-11-02,18866.176521802525
Minyak Goreng Kemasan Sederhana/Sumatera Utara/2024-11-03,18872.94377438638
Minyak Goreng Kemasan Sederhana/Sumatera Utara/2024-11-04,18844.53974275377
Minyak Goreng Kemasan Sederhana/Sumatera Utara/2024-11-05,18887.562216129085
Minyak Goreng Kemasan Sederhana/Sumatera Utara/2024-11-06,18865.84449433199
Minyak Goreng Kemasan Sederhana/Sumatera Utara/2024-11-07,18886.53932583741
Minyak Goreng Kemasan Sederhana/Sumatera Utara/2024-11-08,18852.30355404208
Minyak Goreng Kemasan Sederhana/Sumatera Utara/2024-11-09,18889.23495775885
Minyak Goreng Kemasan Sederhana/Sumatera Utara/2024-11-10,18874.13712738116
Minyak Goreng Kemasan Sederhana/Sumatera Utara/2024-11-11,18870.92163204496
Minyak Goreng Kemasan Sederhana/Sumatera Utara/2024-11-12,18866.30334246453
Minyak Goreng Kemasan Sederhana/Sumatera Utara/2024-11-13,18859.31757246974
Minyak Goreng Kemasan Sederhana/Sumatera Utara/2024-11-14,18880.295165151158
Minyak Goreng Kemasan Sederhana/Sumatera Utara/2024-11-15,18864.947389551995
Minyak Goreng Kemasan Sederhana/Sumatera Utara/2024-11-16,18834.43879035032
Minyak Goreng Kemasan Sederhana/Sumatera Utara/2024-11-17,18846.742284389493
Minyak Goreng Kemasan Sederhana/Sumatera Utara/2024-11-18,18860.22501272592
Minyak Goreng Kemasan Sederhana/Sumatera Utara/2024-11-19,18866.5811006338
Minyak Goreng Kemasan Sederhana/Sumatera Utara/2024-11-20,18861.088270068278
Minyak Goreng Kemasan Sederhana/Sumatera Utara/2024-11-21,18880.269913157503
Minyak Goreng Kemasan Sederhana/Sumatera Utara/2024-11-22,18834.66995177229
Minyak Goreng Kemasan Sederhana/Sumatera Utara/2024-11-23,18864.99412126397
Minyak Goreng Kemasan Sederhana/Sumatera Utara/2024-11-24,18836.59712660104
Minyak Goreng Kemasan Sederhana/Sumatera Utara/2024-11-25,18873.551145537695
Minyak Goreng Kemasan Sederhana/Sumatera Utara/2024-11-26,18860.98006610013
Minyak Goreng Kemasan Sederhana/Sumatera Utara/2024-11-27,18868.55727515226
Minyak Goreng Kemasan Sederhana/Sumatera Utara/2024-11-28,18850.409279998446
Minyak Goreng Kemasan Sederhana/Sumatera Utara/2024-11-29,18881.43785747435
Minyak Goreng Kemasan Sederhana/Sumatera Utara/2024-11-30,18877.996165932334
Minyak Goreng Kemasan Sederhana/Sumatera Utara/2024-12-01,18871.36323206187
Minyak Goreng Kemasan Sederhana/Sumatera Utara/2024-12-02,18861.040462890604
Minyak Goreng Kemasan Sederhana/Sumatera Utara/2024-12-03,18871.30985625886
Minyak Goreng Kemasan Sederhana/Sumatera Utara/2024-12-04,18852.681980840647
Minyak Goreng Kemasan Sederhana/Sumatera Utara/2024-12-05,18875.301055438456
Minyak Goreng Kemasan Sederhana/Sumatera Utara/2024-12-06,18886.794462907576
Minyak Goreng Kemasan Sederhana/Sumatera Utara/2024-12-07,18878.414338018527
Minyak Goreng Kemasan Sederhana/Sumatera Utara/2024-12-08,18852.35321669058
Minyak Goreng Kemasan Sederhana/Sumatera Utara/2024-12-09,18868.147569121007
Minyak Goreng Kemasan Sederhana/Sumatera Utara/2024-12-10,18844.195037666053
Minyak Goreng Kemasan Sederhana/Sumatera Utara/2024-12-11,18871.201759208536
Minyak Goreng Kemasan Sederhana/Sumatera Utara/2024-12-12,18869.43868834937
Minyak Goreng Kemasan Sederhana/Sumatera Utara/2024-12-13,18835.846696902623
Minyak Goreng Kemasan Sederhana/Sumatera Utara/2024-12-14,18846.0966620274
Minyak Goreng Kemasan Sederhana/Sumatera Utara/2024-12-15,18858.29691447177
Minyak Goreng Kemasan Sederhana/Sumatera Utara/2024-12-16,18857.684827805755
Minyak Goreng Kemasan Sederhana/Sumatera Utara/2024-12-17,18844.14539720856
Minyak Goreng Kemasan Sederhana/Sumatera Utara/2024-12-18,18867.06185343421
Minyak Goreng Kemasan Sederhana/Sumatera Utara/2024-12-19,18865.93900892427
Minyak Goreng Kemasan Sederhana/Sumatera Utara/2024-12-20,18860.10307008971
Minyak Goreng Kemasan Sederhana/Sumatera Utara/2024-12-21,18851.974086284263
Minyak Goreng Kemasan Sederhana/Sumatera Utara/2024-12-22,18878.09724885734
Minyak Goreng Kemasan Sederhana/Sumatera Utara/2024-12-23,18886.880254924232
Minyak Goreng Kemasan Sederhana/Sumatera Utara/2024-12-24,18855.915075137706
Minyak Goreng Kemasan Sederhana/Sumatera Utara/2024-12-25,18854.053294478737
Minyak Goreng Kemasan Sederhana/Sumatera Utara/2024-12-26,18870.0265034216
Minyak Goreng Kemasan Sederhana/Sumatera Utara/2024-12-27,18857.73236417037
Minyak Goreng Kemasan Sederhana/Sumatera Utara/2024-12-28,18860.897433887687
Minyak Goreng Kemasan Sederhana/Sumatera Utara/2024-12-29,18873.62317106873
Minyak Goreng Kemasan Sederhana/Sumatera Utara/2024-12-30,18835.274292330385
Minyak Goreng Kemasan Sederhana/Sumatera Utara/2024-12-31,18882.000094275976
