id,price
Bawang Merah/Aceh/2024-10-01,18030.05990878956
Bawang Merah/Aceh/2024-10-02,18010.88782299783
Bawang Merah/Aceh/2024-10-03,18026.38258873214
Bawang Merah/Aceh/2024-10-04,18045.121724470744
Bawang Merah/Aceh/2024-10-05,18024.03441795412
Bawang Merah/Aceh/2024-10-06,18033.621413905406
Bawang Merah/Aceh/2024-10-07,18062.20060337011
Bawang Merah/Aceh/2024-10-08,18055.672593267624
Bawang Merah/Aceh/2024-10-09,18039.918709496353
Bawang Merah/Aceh/2024-10-10,18055.61698382515
Bawang Merah/Aceh/2024-10-11,18045.73887413554
Bawang Merah/Aceh/2024-10-12,18050.506740822482
Bawang Merah/Aceh/2024-10-13,18058.704565172604
Bawang Merah/Aceh/2024-10-14,18022.275325728493
Bawang Merah/Aceh/2024-10-15,18027.4447685866
Bawang Merah/Aceh/2024-10-16,18042.84096521674
Bawang Merah/Aceh/2024-10-17,18034.294912521615
Bawang Merah/Aceh/2024-10-18,18052.404608240617
Bawang Merah/Aceh/2024-10-19,18026.420585128904
Bawang Merah/Aceh/2024-10-20,18022.056811794624
Bawang Merah/Aceh/2024-10-21,18070.945953022707
Bawang Merah/Aceh/2024-10-22,18042.75213973966
Bawang Merah/Aceh/2024-10-23,18049.587460363866
Bawang Merah/Aceh/2024-10-24,18022.646697113414
Bawang Merah/Aceh/2024-10-25,18041.020139739303
Bawang Merah/Aceh/2024-10-26,18057.87570477871
Bawang Merah/Aceh/2024-10-27,18030.05245023102
Bawang Merah/Aceh/2024-10-28,18054.178425301172
Bawang Merah/Aceh/2024-10-29,18035.964068142624
Bawang Merah/Aceh/2024-10-30,18046.48896520136
Bawang Merah/Aceh/2024-10-31,18042.523946359815
Bawang Merah/Aceh/2024-11-01,18077.984505506007
Bawang Merah/Aceh/2024-11-02,18052.861602087418
Bawang Merah/Aceh/2024-11-03,18034.98262069717
Bawang Merah/Aceh/2024-11-04,18069.41439753386
Bawang Merah/Aceh/2024-11-05,18038.54791264437
Bawang Merah/Aceh/2024-11-06,18065.100047153977
Bawang Merah/Aceh/2024-11-07,18023.299422540586
Bawang Merah/Aceh/2024-11-08,18032.133169164903
Bawang Merah/Aceh/2024-11-09,18059.94969295709
Bawang Merah/Aceh/2024-11-10,18061.938606880067
Bawang Merah/Aceh/2024-11-11,18055.058913559904
Bawang Merah/Aceh/2024-11-12,18045.27471992247
Bawang Merah/Aceh/2024-11-13,18049.336402818368
Bawang Merah/Aceh/2024-11-14,18036.156355516872
Bawang Merah/Aceh/2024-11-15,18046.080857044075
Bawang Merah/Aceh/2024-11-16,18046.39325853624
Bawang Merah/Aceh/2024-11-17,18068.220560357022
Bawang Merah/Aceh/2024-11-18,18057.352239685388
Bawang Merah/Aceh/2024-11-19,18023.428700515135
Bawang Merah/Aceh/2024-11-20,18060.62508156052
Bawang Merah/Aceh/2024-11-21,18050.44498168928
Bawang Merah/Aceh/2024-11-22,18047.25531690762
Bawang Merah/Aceh/2024-11-23,18062.85595817974
Bawang Merah/Aceh/2024-11-24,18067.116030968908
Bawang Merah/Aceh/2024-11-25,18074.05411001306
Bawang Merah/Aceh/2024-11-26,18045.027839566268
Bawang Merah/Aceh/2024-11-27,18055.962579470503
Bawang Merah/Aceh/2024-11-28,18069.98738790949
Bawang Merah/Aceh/2024-11-29,18080.23045774274
Bawang Merah/Aceh/2024-11-30,18055.923415055524
Bawang Merah/Aceh/2024-12-01,18057.36032631098
Bawang Merah/Aceh/2024-12-02,18047.412069194346
Bawang Merah/Aceh/2024-12-03,18047.909727422462
Bawang Merah/Aceh/2024-12-04,18077.588740294723
Bawang Merah/Aceh/2024-12-05,18080.19234009833
Bawang Merah/Aceh/2024-12-06,18058.24292794107
Bawang Merah/Aceh/2024-12-07,18076.73605410178
Bawang Merah/Aceh/2024-12-08,18071.436811399286
Bawang Merah/Aceh/2024-12-09,18061.55325985359
Bawang Merah/Aceh/2024-12-10,18075.961680605928
Bawang Merah/Aceh/2024-12-11,18091.934905975406
Bawang Merah/Aceh/2024-12-12,18070.60195811456
Bawang Merah/Aceh/2024-12-13,18095.770977569053
Bawang Merah/Aceh/2024-12-14,18029.78392703752
Bawang Merah/Aceh/2024-12-15,18088.93614238156
Bawang Merah/Aceh/2024-12-16,18076.970076135698
Bawang Merah/Aceh/2024-12-17,18065.68793344055
Bawang Merah/Aceh/2024-12-18,18072.323969188576
Bawang Merah/Aceh/2024-12-19,18031.12495322038
Bawang Merah/Aceh/2024-12-20,18069.88250424518
Bawang Merah/Aceh/2024-12-21,18072.783759922277
Bawang Merah/Aceh/2024-12-22,18086.99664892712
Bawang Merah/Aceh/2024-12-23,18054.552389812023
Bawang Merah/Aceh/2024-12-24,18047.38968823604
Bawang Merah/Aceh/2024-12-25,18061.713074478794
Bawang Merah/Aceh/2024-12-26,18083.508593091392
Bawang Merah/Aceh/2024-12-27,18072.334979200303
Bawang Merah/Aceh/2024-12-28,18052.273411563343
Bawang Merah/Aceh/2024-12-29,18071.444274180812
Bawang Merah/Aceh/2024-12-30,18070.03495180976
Bawang Merah/Aceh/2024-12-31,18086.263950070483
Bawang Merah/Bali/2024-10-01,18055.66651493689
Bawang Merah/Bali/2024-10-02,18060.437681095715
Bawang Merah/Bali/2024-10-03,18063.806113957547
Bawang Merah/Bali/2024-10-04,18045.59001319845
Bawang Merah/Bali/2024-10-05,18072.468918011517
Bawang Merah/Bali/2024-10-06,18064.941058626042
Bawang Merah/Bali/2024-10-07,18062.16767833046
Bawang Merah/Bali/2024-10-08,18058.593509968818
Bawang Merah/Bali/2024-10-09,18038.721925138783
Bawang Merah/Bali/2024-10-10,18058.749699897337
Bawang Merah/Bali/2024-10-11,18056.083987280927
Bawang Merah/Bali/2024-10-12,18046.107426914816
Bawang Merah/Bali/2024-10-13,18053.86665293793
Bawang Merah/Bali/2024-10-14,18060.89963063709
Bawang Merah/Bali/2024-10-15,18088.948764163426
Bawang Merah/Bali/2024-10-16,18061.36540554017
Bawang Merah/Bali/2024-10-17,18064.0581771126
Bawang Merah/Bali/2024-10-18,18063.684913410827
Bawang Merah/Bali/2024-10-19,18037.535391313737
Bawang Merah/Bali/2024-10-20,18069.249177528054
Bawang Merah/Bali/2024-10-21,18063.03429561254
Bawang Merah/Bali/2024-10-22,18101.298677281527
Bawang Merah/Bali/2024-10-23,18058.463597658327
Bawang Merah/Bali/2024-10-24,18066.82804902876
Bawang Merah/Bali/2024-10-25,18070.20450290357
Bawang Merah/Bali/2024-10-26,18052.65106824493
Bawang Merah/Bali/2024-10-27,18092.170751371363
Bawang Merah/Bali/2024-10-28,18077.020453245175
Bawang Merah/Bali/2024-10-29,18080.814150135622
Bawang Merah/Bali/2024-10-30,18055.116213681325
Bawang Merah/Bali/2024-10-31,18092.9893284166
Bawang Merah/Bali/2024-11-01,18054.455720979928
Bawang Merah/Bali/2024-11-02,18081.763750297912
Bawang Merah/Bali/2024-11-03,18106.577859509373
Bawang Merah/Bali/2024-11-04,18053.918327509447
Bawang Merah/Bali/2024-11-05,18066.875769734455
Bawang Merah/Bali/2024-11-06,18072.604255600607
Bawang Merah/Bali/2024-11-07,18068.6120539284
Bawang Merah/Bali/2024-11-08,18049.904389631185
Bawang Merah/Bali/2024-11-09,18065.015865764017
Bawang Merah/Bali/2024-11-10,18049.555469807834
Bawang Merah/Bali/2024-11-11,18073.173805274597
Bawang Merah/Bali/2024-11-12,18047.64659425289
Bawang Merah/Bali/2024-11-13,18084.66088479451
Bawang Merah/Bali/2024-11-14,18050.245148808473
Bawang Merah/Bali/2024-11-15,18056.737483484183
Bawang Merah/Bali/2024-11-16,18078.54654016831
Bawang Merah/Bali/2024-11-17,18042.81184023364
Bawang Merah/Bali/2024-11-18,18070.539203262197
Bawang Merah/Bali/2024-11-19,18081.4745794698
Bawang Merah/Bali/2024-11-20,18038.098256499834
Bawang Merah/Bali/2024-11-21,18068.84245920838
Bawang Merah/Bali/2024-11-22,18065.304846042913
Bawang Merah/Bali/2024-11-23,18079.38076798305
Bawang Merah/Bali/2024-11-24,18045.578189954864
Bawang Merah/Bali/2024-11-25,18038.68822983423
Bawang Merah/Bali/2024-11-26,18074.399713873612
Bawang Merah/Bali/2024-11-27,18068.611761122156
Bawang Merah/Bali/2024-11-28,18066.726253914967
Bawang Merah/Bali/2024-11-29,18062.72929330258
Bawang Merah/Bali/2024-11-30,18050.262174971936
Bawang Merah/Bali/2024-12-01,18071.89473507029
Bawang Merah/Bali/2024-12-02,18070.202295749506
Bawang Merah/Bali/2024-12-03,18052.725895291824
Bawang Merah/Bali/2024-12-04,18093.180418895336
Bawang Merah/Bali/2024-12-05,18071.47315033631
Bawang Merah/Bali/2024-12-06,18049.98260823722
Bawang Merah/Bali/2024-12-07,18078.987005402418
Bawang Merah/Bali/2024-12-08,18052.280589005644
Bawang Merah/Bali/2024-12-09,18085.299368833235
Bawang Merah/Bali/2024-12-10,18084.55232872885
Bawang Merah/Bali/2024-12-11,18051.851162673833
Bawang Merah/Bali/2024-12-12,18086.168080044103
Bawang Merah/Bali/2024-12-13,18075.268143417685
Bawang Merah/Bali/2024-12-14,18088.09354217103
Bawang Merah/Bali/2024-12-15,18103.194731722473
Bawang Merah/Bali/2024-12-16,18067.09193649319
Bawang Merah/Bali/2024-12-17,18067.20796120338
Bawang Merah/Bali/2024-12-18,18063.778302542385
Bawang Merah/Bali/2024-12-19,18066.040512999374
Bawang Merah/Bali/2024-12-20,18074.606593338987
Bawang Merah/Bali/2024-12-21,18072.270921342784
Bawang Merah/Bali/2024-12-22,18071.550064463285
Bawang Merah/Bali/2024-12-23,18080.97154967654
Bawang Merah/Bali/2024-12-24,18070.013432859618
Bawang Merah/Bali/2024-12-25,18095.300940139176
Bawang Merah/Bali/2024-12-26,18068.09641358412
Bawang Merah/Bali/2024-12-27,18117.60087547291
Bawang Merah/Bali/2024-12-28,18086.981833478407
Bawang Merah/Bali/2024-12-29,18064.499524419345
Bawang Merah/Bali/2024-12-30,18065.59544493822
Bawang Merah/Bali/2024-12-31,18087.31468219155
Bawang Merah/Banten/2024-10-01,18080.25046524932
Bawang Merah/Banten/2024-10-02,18085.061083894274
Bawang Merah/Banten/2024-10-03,18078.266675251103
Bawang Merah/Banten/2024-10-04,18073.12603342713
Bawang Merah/Banten/2024-10-05,18064.65303335384
Bawang Merah/Banten/2024-10-06,18051.339498255707
Bawang Merah/Banten/2024-10-07,18066.591251469403
Bawang Merah/Banten/2024-10-08,18083.160993963516
Bawang Merah/Banten/2024-10-09,18069.881522124484
Bawang Merah/Banten/2024-10-10,18044.61018049824
Bawang Merah/Banten/2024-10-11,18067.375342743955
Bawang Merah/Banten/2024-10-12,18074.72297415752
Bawang Merah/Banten/2024-10-13,18054.543403421892
Bawang Merah/Banten/2024-10-14,18066.069876222882
Bawang Merah/Banten/2024-10-15,18062.253724110997
Bawang Merah/Banten/2024-10-16,18048.11741137764
Bawang Merah/Banten/2024-10-17,18071.058545997
Bawang Merah/Banten/2024-10-18,18070.54330258169
Bawang Merah/Banten/2024-10-19,18081.136682982364
Bawang Merah/Banten/2024-10-20,18080.45852530523
Bawang Merah/Banten/2024-10-21,18042.8711544277
Bawang Merah/Banten/2024-10-22,18055.75950329432
Bawang Merah/Banten/2024-10-23,18078.32601653034
Bawang Merah/Banten/2024-10-24,18077.55695263854
Bawang Merah/Banten/2024-10-25,18073.771090522245
Bawang Merah/Banten/2024-10-26,18123.55852393862
Bawang Merah/Banten/2024-10-27,18079.572843561644
Bawang Merah/Banten/2024-10-28,18096.369766052885
Bawang Merah/Banten/2024-10-29,18096.24392167936
Bawang Merah/Banten/2024-10-30,18095.372629861053
Bawang Merah/Banten/2024-10-31,18086.068251112818
Bawang Merah/Banten/2024-11-01,18095.179592704884
Bawang Merah/Banten/2024-11-02,18074.06475301358
Bawang Merah/Banten/2024-11-03,18081.26534007493
Bawang Merah/Banten/2024-11-04,18074.968237923007
Bawang Merah/Banten/2024-11-05,18081.025057715728
Bawang Merah/Banten/2024-11-06,18115.97725236032
Bawang Merah/Banten/2024-11-07,18045.388828863866
Bawang Merah/Banten/2024-11-08,18088.500381504302
Bawang Merah/Banten/2024-11-09,18051.338378367585
Bawang Merah/Banten/2024-11-10,18070.64388655872
Bawang Merah/Banten/2024-11-11,18094.506140920203
Bawang Merah/Banten/2024-11-12,18065.80647595467
Bawang Merah/Banten/2024-11-13,18054.746614111886
Bawang Merah/Banten/2024-11-14,18055.401315706345
Bawang Merah/Banten/2024-11-15,18082.571288514257
Bawang Merah/Banten/2024-11-16,18059.76997692155
Bawang Merah/Banten/2024-11-17,18067.216592619472
Bawang Merah/Banten/2024-11-18,18063.869886674816
Bawang Merah/Banten/2024-11-19,18055.418993565574
Bawang Merah/Banten/2024-11-20,18103.469363348246
Bawang Merah/Banten/2024-11-21,18075.28304570653
Bawang Merah/Banten/2024-11-22,18035.480073124552
Bawang Merah/Banten/2024-11-23,18071.538400874524
Bawang Merah/Banten/2024-11-24,18059.0405177805
Bawang Merah/Banten/2024-11-25,18087.296310616726
Bawang Merah/Banten/2024-11-26,18050.797013967473
Bawang Merah/Banten/2024-11-27,18058.009185611423
Bawang Merah/Banten/2024-11-28,18075.824097457567
Bawang Merah/Banten/2024-11-29,18080.16695682208
Bawang Merah/Banten/2024-11-30,18049.53878517448
Bawang Merah/Banten/2024-12-01,18057.400794443398
Bawang Merah/Banten/2024-12-02,18058.71311927768
Bawang Merah/Banten/2024-12-03,18057.667770016946
Bawang Merah/Banten/2024-12-04,18093.036902998214
Bawang Merah/Banten/2024-12-05,18066.170741573686
Bawang Merah/Banten/2024-12-06,18043.427270397962
Bawang Merah/Banten/2024-12-07,18080.54775994372
Bawang Merah/Banten/2024-12-08,18102.283328427748
Bawang Merah/Banten/2024-12-09,18089.20706743519
Bawang Merah/Banten/2024-12-10,18043.27896008001
Bawang Merah/Banten/2024-12-11,18061.6945800842
Bawang Merah/Banten/2024-12-12,18098.54232326009
Bawang Merah/Banten/2024-12-13,18066.151115388835
Bawang Merah/Banten/2024-12-14,18077.048475430573
Bawang Merah/Banten/2024-12-15,18077.058629145115
Bawang Merah/Banten/2024-12-16,18057.854253671507
Bawang Merah/Banten/2024-12-17,18075.723459199813
Bawang Merah/Banten/2024-12-18,18017.27401743184
Bawang Merah/Banten/2024-12-19,18052.60485582575
Bawang Merah/Banten/2024-12-20,18060.105463705695
Bawang Merah/Banten/2024-12-21,18037.788464651672
Bawang Merah/Banten/2024-12-22,18082.18717899189
Bawang Merah/Banten/2024-12-23,18025.454081680473
Bawang Merah/Banten/2024-12-24,18050.584254855858
Bawang Merah/Banten/2024-12-25,18059.591304189536
Bawang Merah/Banten/2024-12-26,18078.311477088544
Bawang Merah/Banten/2024-12-27,18037.015664556726
Bawang Merah/Banten/2024-12-28,18070.80285911193
Bawang Merah/Banten/2024-12-29,18060.655745082397
Bawang Merah/Banten/2024-12-30,18047.3585864358
Bawang Merah/Banten/2024-12-31,18070.73158988076
Bawang Merah/Bengkulu/2024-10-01,18060.86133820533
Bawang Merah/Bengkulu/2024-10-02,18054.363881001016
Bawang Merah/Bengkulu/2024-10-03,18062.183941226318
Bawang Merah/Bengkulu/2024-10-04,18054.365689452923
Bawang Merah/Bengkulu/2024-10-05,18065.92455121936
Bawang Merah/Bengkulu/2024-10-06,18071.843081908857
Bawang Merah/Bengkulu/2024-10-07,18086.746376949694
Bawang Merah/Bengkulu/2024-10-08,18044.24953077113
Bawang Merah/Bengkulu/2024-10-09,18099.516763092724
Bawang Merah/Bengkulu/2024-10-10,18038.058881904773
Bawang Merah/Bengkulu/2024-10-11,18068.138452903368
Bawang Merah/Bengkulu/2024-10-12,18079.118477761876
Bawang Merah/Bengkulu/2024-10-13,18068.55370327788
Bawang Merah/Bengkulu/2024-10-14,18060.75138077214
Bawang Merah/Bengkulu/2024-10-15,18058.044845501798
Bawang Merah/Bengkulu/2024-10-16,18060.99951607786
Bawang Merah/Bengkulu/2024-10-17,18058.969705146304
Bawang Merah/Bengkulu/2024-10-18,18077.812864484793
Bawang Merah/Bengkulu/2024-10-19,18068.259600719608
Bawang Merah/Bengkulu/2024-10-20,18052.171000068873
Bawang Merah/Bengkulu/2024-10-21,18079.469874342667
Bawang Merah/Bengkulu/2024-10-22,18071.341116136013
Bawang Merah/Bengkulu/2024-10-23,18082.227266934802
Bawang Merah/Bengkulu/2024-10-24,18077.196293888675
Bawang Merah/Bengkulu/2024-10-25,18054.48337566632
Bawang Merah/Bengkulu/2024-10-26,18064.431026334925
Bawang Merah/Bengkulu/2024-10-27,18083.33572041952
Bawang Merah/Bengkulu/2024-10-28,18081.283312140215
Bawang Merah/Bengkulu/2024-10-29,18068.309080779505
Bawang Merah/Bengkulu/2024-10-30,18068.69151178083
Bawang Merah/Bengkulu/2024-10-31,18092.254375343477
Bawang Merah/Bengkulu/2024-11-01,18065.53333321719
Bawang Merah/Bengkulu/2024-11-02,18081.983933724234
Bawang Merah/Bengkulu/2024-11-03,18068.250980105637
Bawang Merah/Bengkulu/2024-11-04,18069.879614716774
Bawang Merah/Bengkulu/2024-11-05,18093.086773802857
Bawang Merah/Bengkulu/2024-11-06,18084.170934909125
Bawang Merah/Bengkulu/2024-11-07,18087.35076257951
Bawang Merah/Bengkulu/2024-11-08,18094.69705979938
Bawang Merah/Bengkulu/2024-11-09,18078.157110548873
Bawang Merah/Bengkulu/2024-11-10,18093.431046460686
Bawang Merah/Bengkulu/2024-11-11,18075.932009495933
Bawang Merah/Bengkulu/2024-11-12,18086.79013801804
Bawang Merah/Bengkulu/2024-11-13,18079.12255623391
Bawang Merah/Bengkulu/2024-11-14,18079.80672079506
Bawang Merah/Bengkulu/2024-11-15,18089.195309776707
Bawang Merah/Bengkulu/2024-11-16,18063.38952619819
Bawang Merah/Bengkulu/2024-11-17,18111.621290128798
Bawang Merah/Bengkulu/2024-11-18,18060.60891244383
Bawang Merah/Bengkulu/2024-11-19,18057.9383910784
Bawang Merah/Bengkulu/2024-11-20,18095.866573140564
Bawang Merah/Bengkulu/2024-11-21,18086.85548486169
Bawang Merah/Bengkulu/2024-11-22,18088.976529528045
Bawang Merah/Bengkulu/2024-11-23,18080.17670433845
Bawang Merah/Bengkulu/2024-11-24,18075.13012706266
Bawang Merah/Bengkulu/2024-11-25,18068.03805658121
Bawang Merah/Bengkulu/2024-11-26,18080.004692158323
Bawang Merah/Bengkulu/2024-11-27,18065.810780554268
Bawang Merah/Bengkulu/2024-11-28,18088.821747837355
Bawang Merah/Bengkulu/2024-11-29,18069.318305834662
Bawang Merah/Bengkulu/2024-11-30,18058.17938274719
Bawang Merah/Bengkulu/2024-12-01,18067.725863319247
Bawang Merah/Bengkulu/2024-12-02,18077.156655875326
Bawang Merah/Bengkulu/2024-12-03,18063.03215499683
Bawang Merah/Bengkulu/2024-12-04,18053.368763652536
Bawang Merah/Bengkulu/2024-12-05,18069.372794124978
Bawang Merah/Bengkulu/2024-12-06,18071.445678091153
Bawang Merah/Bengkulu/2024-12-07,18059.043250849096
Bawang Merah/Bengkulu/2024-12-08,18056.1067851229
Bawang Merah/Bengkulu/2024-12-09,18067.250263139944
Bawang Merah/Bengkulu/2024-12-10,18043.014995605852
Bawang Merah/Bengkulu/2024-12-11,18041.454747829754
Bawang Merah/Bengkulu/2024-12-12,18048.28159469212
Bawang Merah/Bengkulu/2024-12-13,18054.60329344239
Bawang Merah/Bengkulu/2024-12-14,18061.766064267344
Bawang Merah/Bengkulu/2024-12-15,18075.830921457236
Bawang Merah/Bengkulu/2024-12-16,18068.795772700865
Bawang Merah/Bengkulu/2024-12-17,18057.284395492847
Bawang Merah/Bengkulu/2024-12-18,18063.507563782267
Bawang Merah/Bengkulu/2024-12-19,18050.450523172232
Bawang Merah/Bengkulu/2024-12-20,18067.008125075765
Bawang Merah/Bengkulu/2024-12-21,18058.964710788765
Bawang Merah/Bengkulu/2024-12-22,18066.432229973725
Bawang Merah/Bengkulu/2024-12-23,18048.780848636867
Bawang Merah/Bengkulu/2024-12-24,18069.32004050422
Bawang Merah/Bengkulu/2024-12-25,18088.598907816733
Bawang Merah/Bengkulu/2024-12-26,18061.488209548614
Bawang Merah/Bengkulu/2024-12-27,18071.7087970093
Bawang Merah/Bengkulu/2024-12-28,18076.61477525646
Bawang Merah/Bengkulu/2024-12-29,18065.236240675185
Bawang Merah/Bengkulu/2024-12-30,18076.377550162717
Bawang Merah/Bengkulu/2024-12-31,18068.190621676655
Bawang Merah/DI Yogyakarta/2024-10-01,18072.186746154806
Bawang Merah/DI Yogyakarta/2024-10-02,18058.148573088667
Bawang Merah/DI Yogyakarta/2024-10-03,18069.01357761002
Bawang Merah/DI Yogyakarta/2024-10-04,18077.643707213578
Bawang Merah/DI Yogyakarta/2024-10-05,18091.025053146488
Bawang Merah/DI Yogyakarta/2024-10-06,18084.080361291853
Bawang Merah/DI Yogyakarta/2024-10-07,18103.99107665681
Bawang Merah/DI Yogyakarta/2024-10-08,18063.21790695677
Bawang Merah/DI Yogyakarta/2024-10-09,18093.738340333613
Bawang Merah/DI Yogyakarta/2024-10-10,18085.027420427617
Bawang Merah/DI Yogyakarta/2024-10-11,18116.182542110622
Bawang Merah/DI Yogyakarta/2024-10-12,18069.47714956093
Bawang Merah/DI Yogyakarta/2024-10-13,18064.350442490322
Bawang Merah/DI Yogyakarta/2024-10-14,18074.407158219146
Bawang Merah/DI Yogyakarta/2024-10-15,18047.112478801937
Bawang Merah/DI Yogyakarta/2024-10-16,18070.925920228154
Bawang Merah/DI Yogyakarta/2024-10-17,18054.283443444772
Bawang Merah/DI Yogyakarta/2024-10-18,18067.271668171703
Bawang Merah/DI Yogyakarta/2024-10-19,18069.953924433205
Bawang Merah/DI Yogyakarta/2024-10-20,18091.326508218837
Bawang Merah/DI Yogyakarta/2024-10-21,18081.98229260794
Bawang Merah/DI Yogyakarta/2024-10-22,18057.469486394813
Bawang Merah/DI Yogyakarta/2024-10-23,18057.379523793865
Bawang Merah/DI Yogyakarta/2024-10-24,18081.285160692387
Bawang Merah/DI Yogyakarta/2024-10-25,18053.074917937214
Bawang Merah/DI Yogyakarta/2024-10-26,18097.858637772657
Bawang Merah/DI Yogyakarta/2024-10-27,18083.606798132663
Bawang Merah/DI Yogyakarta/2024-10-28,18060.994242973236
Bawang Merah/DI Yogyakarta/2024-10-29,18045.659394481852
Bawang Merah/DI Yogyakarta/2024-10-30,18092.300915493386
Bawang Merah/DI Yogyakarta/2024-10-31,18074.39568440285
Bawang Merah/DI Yogyakarta/2024-11-01,18089.441570442596
Bawang Merah/DI Yogyakarta/2024-11-02,18040.458925398285
Bawang Merah/DI Yogyakarta/2024-11-03,18058.75106023082
Bawang Merah/DI Yogyakarta/2024-11-04,18075.431069819224
Bawang Merah/DI Yogyakarta/2024-11-05,18069.870843807264
Bawang Merah/DI Yogyakarta/2024-11-06,18059.8878672303
Bawang Merah/DI Yogyakarta/2024-11-07,18069.81413264625
Bawang Merah/DI Yogyakarta/2024-11-08,18049.152148602738
Bawang Merah/DI Yogyakarta/2024-11-09,18065.965907175945
Bawang Merah/DI Yogyakarta/2024-11-10,18067.076299576984
Bawang Merah/DI Yogyakarta/2024-11-11,18071.441822339017
Bawang Merah/DI Yogyakarta/2024-11-12,18075.7070821083
Bawang Merah/DI Yogyakarta/2024-11-13,18044.754245470052
Bawang Merah/DI Yogyakarta/2024-11-14,18042.48948305776
Bawang Merah/DI Yogyakarta/2024-11-15,18086.90704456229
Bawang Merah/DI Yogyakarta/2024-11-16,18070.68297390753
Bawang Merah/DI Yogyakarta/2024-11-17,18051.166039974127
Bawang Merah/DI Yogyakarta/2024-11-18,18084.07450676777
Bawang Merah/DI Yogyakarta/2024-11-19,18066.24277410592
Bawang Merah/DI Yogyakarta/2024-11-20,18090.98729477446
Bawang Merah/DI Yogyakarta/2024-11-21,18069.05492976833
Bawang Merah/DI Yogyakarta/2024-11-22,18101.537077905476
Bawang Merah/DI Yogyakarta/2024-11-23,18104.196419562304
Bawang Merah/DI Yogyakarta/2024-11-24,18071.92486796184
Bawang Merah/DI Yogyakarta/2024-11-25,18097.187984754855
Bawang Merah/DI Yogyakarta/2024-11-26,18091.20203519807
Bawang Merah/DI Yogyakarta/2024-11-27,18109.05639057792
Bawang Merah/DI Yogyakarta/2024-11-28,18069.418880291963
Bawang Merah/DI Yogyakarta/2024-11-29,18092.100721977335
Bawang Merah/DI Yogyakarta/2024-11-30,18103.239309489698
Bawang Merah/DI Yogyakarta/2024-12-01,18056.543565128588
Bawang Merah/DI Yogyakarta/2024-12-02,18065.085287609454
Bawang Merah/DI Yogyakarta/2024-12-03,18043.547673642286
Bawang Merah/DI Yogyakarta/2024-12-04,18073.528748262266
Bawang Merah/DI Yogyakarta/2024-12-05,18083.663436167724
Bawang Merah/DI Yogyakarta/2024-12-06,18086.082794739665
Bawang Merah/DI Yogyakarta/2024-12-07,18066.09954762209
Bawang Merah/DI Yogyakarta/2024-12-08,18092.462461188035
Bawang Merah/DI Yogyakarta/2024-12-09,18053.0200290742
Bawang Merah/DI Yogyakarta/2024-12-10,18048.8965673585
Bawang Merah/DI Yogyakarta/2024-12-11,18072.400950547533
Bawang Merah/DI Yogyakarta/2024-12-12,18074.593406966425
Bawang Merah/DI Yogyakarta/2024-12-13,18068.383722889892
Bawang Merah/DI Yogyakarta/2024-12-14,18027.929328456954
Bawang Merah/DI Yogyakarta/2024-12-15,18061.736080309947
Bawang Merah/DI Yogyakarta/2024-12-16,18045.412647828816
Bawang Merah/DI Yogyakarta/2024-12-17,18073.317882975283
Bawang Merah/DI Yogyakarta/2024-12-18,18063.257232025768
Bawang Merah/DI Yogyakarta/2024-12-19,18038.197717367326
Bawang Merah/DI Yogyakarta/2024-12-20,18052.636155556585
Bawang Merah/DI Yogyakarta/2024-12-21,18042.101669469503
Bawang Merah/DI Yogyakarta/2024-12-22,18060.700540694248
Bawang Merah/DI Yogyakarta/2024-12-23,18071.46008980385
Bawang Merah/DI Yogyakarta/2024-12-24,18037.05438983248
Bawang Merah/DI Yogyakarta/2024-12-25,18065.012594361644
Bawang Merah/DI Yogyakarta/2024-12-26,18048.824728498563
Bawang Merah/DI Yogyakarta/2024-12-27,18048.438586978697
Bawang Merah/DI Yogyakarta/2024-12-28,18058.030830783224
Bawang Merah/DI Yogyakarta/2024-12-29,18037.79254975893
Bawang Merah/DI Yogyakarta/2024-12-30,18049.572415932438
Bawang Merah/DI Yogyakarta/2024-12-31,18034.995508287302
Bawang Merah/DKI Jakarta/2024-10-01,18085.507411045488
Bawang Merah/DKI Jakarta/2024-10-02,18055.047883880736
Bawang Merah/DKI Jakarta/2024-10-03,18041.505839487934
Bawang Merah/DKI Jakarta/2024-10-04,18060.368226813014
Bawang Merah/DKI Jakarta/2024-10-05,18056.535287218347
Bawang Merah/DKI Jakarta/2024-10-06,18061.278403243086
Bawang Merah/DKI Jakarta/2024-10-07,18066.840256954787
Bawang Merah/DKI Jakarta/2024-10-08,18069.46104114924
Bawang Merah/DKI Jakarta/2024-10-09,18053.944615158984
Bawang Merah/DKI Jakarta/2024-10-10,18053.601845149395
Bawang Merah/DKI Jakarta/2024-10-11,18059.778752779028
Bawang Merah/DKI Jakarta/2024-10-12,18027.00861388207
Bawang Merah/DKI Jakarta/2024-10-13,18036.655545353067
Bawang Merah/DKI Jakarta/2024-10-14,18077.586067786193
Bawang Merah/DKI Jakarta/2024-10-15,18080.92510186446
Bawang Merah/DKI Jakarta/2024-10-16,18050.462767463963
Bawang Merah/DKI Jakarta/2024-10-17,18062.212179553808
Bawang Merah/DKI Jakarta/2024-10-18,18066.679990739744
Bawang Merah/DKI Jakarta/2024-10-19,18119.356606855075
Bawang Merah/DKI Jakarta/2024-10-20,18086.527489279208
Bawang Merah/DKI Jakarta/2024-10-21,18064.846261947092
Bawang Merah/DKI Jakarta/2024-10-22,18059.04901361482
Bawang Merah/DKI Jakarta/2024-10-23,18053.294521951364
Bawang Merah/DKI Jakarta/2024-10-24,18085.782454588865
Bawang Merah/DKI Jakarta/2024-10-25,18057.676227090047
Bawang Merah/DKI Jakarta/2024-10-26,18041.252091827475
Bawang Merah/DKI Jakarta/2024-10-27,18052.71139410429
Bawang Merah/DKI Jakarta/2024-10-28,18045.66407605367
Bawang Merah/DKI Jakarta/2024-10-29,18091.596431581496
Bawang Merah/DKI Jakarta/2024-10-30,18070.872945727475
Bawang Merah/DKI Jakarta/2024-10-31,18056.75186146004
Bawang Merah/DKI Jakarta/2024-11-01,18086.437961885575
Bawang Merah/DKI Jakarta/2024-11-02,18067.9281829532
Bawang Merah/DKI Jakarta/2024-11-03,18060.28819948526
Bawang Merah/DKI Jakarta/2024-11-04,18093.07018377196
Bawang Merah/DKI Jakarta/2024-11-05,18077.323538576857
Bawang Merah/DKI Jakarta/2024-11-06,18056.95617503798
Bawang Merah/DKI Jakarta/2024-11-07,18066.93328031496
Bawang Merah/DKI Jakarta/2024-11-08,18056.746203557064
Bawang Merah/DKI Jakarta/2024-11-09,18051.46520107921
Bawang Merah/DKI Jakarta/2024-11-10,18081.13850815509
Bawang Merah/DKI Jakarta/2024-11-11,18092.986741241988
Bawang Merah/DKI Jakarta/2024-11-12,18042.330363130917
Bawang Merah/DKI Jakarta/2024-11-13,18073.698694987437
Bawang Merah/DKI Jakarta/2024-11-14,18056.99172494618
Bawang Merah/DKI Jakarta/2024-11-15,18064.50829323294
Bawang Merah/DKI Jakarta/2024-11-16,18059.1648963973
Bawang Merah/DKI Jakarta/2024-11-17,18046.15172419975
Bawang Merah/DKI Jakarta/2024-11-18,18065.730834467202
Bawang Merah/DKI Jakarta/2024-11-19,18047.598223957684
Bawang Merah/DKI Jakarta/2024-11-20,18065.463867156497
Bawang Merah/DKI Jakarta/2024-11-21,18058.202378006714
Bawang Merah/DKI Jakarta/2024-11-22,18054.40419890534
Bawang Merah/DKI Jakarta/2024-11-23,18046.781414159217
Bawang Merah/DKI Jakarta/2024-11-24,18049.38651916733
Bawang Merah/DKI Jakarta/2024-11-25,18072.94644288771
Bawang Merah/DKI Jakarta/2024-11-26,18066.25364889511
Bawang Merah/DKI Jakarta/2024-11-27,18042.05238392115
Bawang Merah/DKI Jakarta/2024-11-28,18059.848367878996
Bawang Merah/DKI Jakarta/2024-11-29,18073.286448027226
Bawang Merah/DKI Jakarta/2024-11-30,18037.5135081291
Bawang Merah/DKI Jakarta/2024-12-01,18069.161294184534
Bawang Merah/DKI Jakarta/2024-12-02,18046.95045271081
Bawang Merah/DKI Jakarta/2024-12-03,18070.94744611697
Bawang Merah/DKI Jakarta/2024-12-04,18049.212920987673
Bawang Merah/DKI Jakarta/2024-12-05,18027.636728640282
Bawang Merah/DKI Jakarta/2024-12-06,18034.932964688087
Bawang Merah/DKI Jakarta/2024-12-07,18056.414852421953
Bawang Merah/DKI Jakarta/2024-12-08,18060.08680016382
Bawang Merah/DKI Jakarta/2024-12-09,18034.499336966237
Bawang Merah/DKI Jakarta/2024-12-10,18057.72287708657
Bawang Merah/DKI Jakarta/2024-12-11,18025.819968247248
Bawang Merah/DKI Jakarta/2024-12-12,18055.05514243238
Bawang Merah/DKI Jakarta/2024-12-13,18034.055235698223
Bawang Merah/DKI Jakarta/2024-12-14,18038.38770298523
Bawang Merah/DKI Jakarta/2024-12-15,18051.803016548412
Bawang Merah/DKI Jakarta/2024-12-16,18032.63556275086
Bawang Merah/DKI Jakarta/2024-12-17,18044.745574411812
Bawang Merah/DKI Jakarta/2024-12-18,18063.35319545673
Bawang Merah/DKI Jakarta/2024-12-19,18040.55866586766
Bawang Merah/DKI Jakarta/2024-12-20,18065.507447526514
Bawang Merah/DKI Jakarta/2024-12-21,18032.78842541494
Bawang Merah/DKI Jakarta/2024-12-22,18064.103669270564
Bawang Merah/DKI Jakarta/2024-12-23,18080.921568696027
Bawang Merah/DKI Jakarta/2024-12-24,18015.511847653786
Bawang Merah/DKI Jakarta/2024-12-25,18045.966981710004
Bawang Merah/DKI Jakarta/2024-12-26,18063.783345934622
Bawang Merah/DKI Jakarta/2024-12-27,18056.585163989836
Bawang Merah/DKI Jakarta/2024-12-28,18062.86266666303
Bawang Merah/DKI Jakarta/2024-12-29,18038.46914239427
Bawang Merah/DKI Jakarta/2024-12-30,18059.553640951806
Bawang Merah/DKI Jakarta/2024-12-31,18058.322147176514
Bawang Merah/Gorontalo/2024-10-01,18077.448598740266
Bawang Merah/Gorontalo/2024-10-02,18063.048135798006
Bawang Merah/Gorontalo/2024-10-03,18063.236762567798
Bawang Merah/Gorontalo/2024-10-04,18057.69962840001
Bawang Merah/Gorontalo/2024-10-05,18057.708170231504
Bawang Merah/Gorontalo/2024-10-06,18060.205637872456
Bawang Merah/Gorontalo/2024-10-07,18069.263652640424
Bawang Merah/Gorontalo/2024-10-08,18055.601972745833
Bawang Merah/Gorontalo/2024-10-09,18066.302181766183
Bawang Merah/Gorontalo/2024-10-10,18096.10603561951
Bawang Merah/Gorontalo/2024-10-11,18079.13842481408
Bawang Merah/Gorontalo/2024-10-12,18062.851922615762
Bawang Merah/Gorontalo/2024-10-13,18088.2319079814
Bawang Merah/Gorontalo/2024-10-14,18067.915868184187
Bawang Merah/Gorontalo/2024-10-15,18045.01386105555
Bawang Merah/Gorontalo/2024-10-16,18055.171762287886
Bawang Merah/Gorontalo/2024-10-17,18037.649706473985
Bawang Merah/Gorontalo/2024-10-18,18061.732007151768
Bawang Merah/Gorontalo/2024-10-19,18058.863156032745
Bawang Merah/Gorontalo/2024-10-20,18081.298171616625
Bawang Merah/Gorontalo/2024-10-21,18062.58615240385
Bawang Merah/Gorontalo/2024-10-22,18054.850245633017
Bawang Merah/Gorontalo/2024-10-23,18078.597905916664
Bawang Merah/Gorontalo/2024-10-24,18030.731044131637
Bawang Merah/Gorontalo/2024-10-25,18071.5289406472
Bawang Merah/Gorontalo/2024-10-26,18074.598626918665
Bawang Merah/Gorontalo/2024-10-27,18037.86832726234
Bawang Merah/Gorontalo/2024-10-28,18081.533482027207
Bawang Merah/Gorontalo/2024-10-29,18063.168606585117
Bawang Merah/Gorontalo/2024-10-30,18059.932406433778
Bawang Merah/Gorontalo/2024-10-31,18074.864825065328
Bawang Merah/Gorontalo/2024-11-01,18098.197394374103
Bawang Merah/Gorontalo/2024-11-02,18073.633001671406
Bawang Merah/Gorontalo/2024-11-03,18072.5867153651
Bawang Merah/Gorontalo/2024-11-04,18064.34389471741
Bawang Merah/Gorontalo/2024-11-05,18062.56367255405
Bawang Merah/Gorontalo/2024-11-06,18089.93249810877
Bawang Merah/Gorontalo/2024-11-07,18055.970683978558
Bawang Merah/Gorontalo/2024-11-08,18069.947155942926
Bawang Merah/Gorontalo/2024-11-09,18060.046195920528
Bawang Merah/Gorontalo/2024-11-10,18076.49354121655
Bawang Merah/Gorontalo/2024-11-11,18076.167007904263
Bawang Merah/Gorontalo/2024-11-12,18081.652479313267
Bawang Merah/Gorontalo/2024-11-13,18060.728191287148
Bawang Merah/Gorontalo/2024-11-14,18064.96364966306
Bawang Merah/Gorontalo/2024-11-15,18056.75381401051
Bawang Merah/Gorontalo/2024-11-16,18063.540517782814
Bawang Merah/Gorontalo/2024-11-17,18074.266420912274
Bawang Merah/Gorontalo/2024-11-18,18075.734270225214
Bawang Merah/Gorontalo/2024-11-19,18050.00011687881
Bawang Merah/Gorontalo/2024-11-20,18078.862278610497
Bawang Merah/Gorontalo/2024-11-21,18089.570861976797
Bawang Merah/Gorontalo/2024-11-22,18076.629013615766
Bawang Merah/Gorontalo/2024-11-23,18100.07221773448
Bawang Merah/Gorontalo/2024-11-24,18057.56594541161
Bawang Merah/Gorontalo/2024-11-25,18058.021427005056
Bawang Merah/Gorontalo/2024-11-26,18049.25064446044
Bawang Merah/Gorontalo/2024-11-27,18097.26768922405
Bawang Merah/Gorontalo/2024-11-28,18082.39597912556
Bawang Merah/Gorontalo/2024-11-29,18062.57008962325
Bawang Merah/Gorontalo/2024-11-30,18071.078970323564
Bawang Merah/Gorontalo/2024-12-01,18052.051564053425
Bawang Merah/Gorontalo/2024-12-02,18116.294309754474
Bawang Merah/Gorontalo/2024-12-03,18073.136850991665
Bawang Merah/Gorontalo/2024-12-04,18070.716699035413
Bawang Merah/Gorontalo/2024-12-05,18084.265994648085
Bawang Merah/Gorontalo/2024-12-06,18082.27022927384
Bawang Merah/Gorontalo/2024-12-07,18086.72732162582
Bawang Merah/Gorontalo/2024-12-08,18060.84841248163
Bawang Merah/Gorontalo/2024-12-09,18082.420132698346
Bawang Merah/Gorontalo/2024-12-10,18107.43165390774
Bawang Merah/Gorontalo/2024-12-11,18098.270260016114
Bawang Merah/Gorontalo/2024-12-12,18103.145380750593
Bawang Merah/Gorontalo/2024-12-13,18069.634838740152
Bawang Merah/Gorontalo/2024-12-14,18070.134189270208
Bawang Merah/Gorontalo/2024-12-15,18086.476179423888
Bawang Merah/Gorontalo/2024-12-16,18084.072290085704
Bawang Merah/Gorontalo/2024-12-17,18096.966236614713
Bawang Merah/Gorontalo/2024-12-18,18046.103513418413
Bawang Merah/Gorontalo/2024-12-19,18100.37503359804
Bawang Merah/Gorontalo/2024-12-20,18076.19294575524
Bawang Merah/Gorontalo/2024-12-21,18070.45524657621
Bawang Merah/Gorontalo/2024-12-22,18059.649293328937
Bawang Merah/Gorontalo/2024-12-23,18042.710565790025
Bawang Merah/Gorontalo/2024-12-24,18089.460436126283
Bawang Merah/Gorontalo/2024-12-25,18068.860968918983
Bawang Merah/Gorontalo/2024-12-26,18044.17401179868
Bawang Merah/Gorontalo/2024-12-27,18041.89398079332
Bawang Merah/Gorontalo/2024-12-28,18057.14500491815
Bawang Merah/Gorontalo/2024-12-29,18094.309943065145
Bawang Merah/Gorontalo/2024-12-30,18055.434798766957
Bawang Merah/Gorontalo/2024-12-31,18032.511377147533
Bawang Merah/Jambi/2024-10-01,18056.247347895624
Bawang Merah/Jambi/2024-10-02,18060.43336523847
Bawang Merah/Jambi/2024-10-03,18022.13985802104
Bawang Merah/Jambi/2024-10-04,18052.730045303477
Bawang Merah/Jambi/2024-10-05,18047.07899910588
Bawang Merah/Jambi/2024-10-06,18066.004156240524
Bawang Merah/Jambi/2024-10-07,18082.655589016333
Bawang Merah/Jambi/2024-10-08,18068.627016904684
Bawang Merah/Jambi/2024-10-09,18056.352154526816
Bawang Merah/Jambi/2024-10-10,18045.755463788664
Bawang Merah/Jambi/2024-10-11,18109.861865016912
Bawang Merah/Jambi/2024-10-12,18070.446387340617
Bawang Merah/Jambi/2024-10-13,18066.33479341298
Bawang Merah/Jambi/2024-10-14,18065.92603665681
Bawang Merah/Jambi/2024-10-15,18073.465995162085
Bawang Merah/Jambi/2024-10-16,18076.17693498057
Bawang Merah/Jambi/2024-10-17,18059.16265302838
Bawang Merah/Jambi/2024-10-18,18059.138858813036
Bawang Merah/Jambi/2024-10-19,18067.73284299104
Bawang Merah/Jambi/2024-10-20,18059.87409352564
Bawang Merah/Jambi/2024-10-21,18054.96318453643
Bawang Merah/Jambi/2024-10-22,18064.21490879609
Bawang Merah/Jambi/2024-10-23,18058.869685242145
Bawang Merah/Jambi/2024-10-24,18087.843592920453
Bawang Merah/Jambi/2024-10-25,18019.655586834386
Bawang Merah/Jambi/2024-10-26,18079.926970249704
Bawang Merah/Jambi/2024-10-27,18084.1091873029
Bawang Merah/Jambi/2024-10-28,18030.600497818694
Bawang Merah/Jambi/2024-10-29,18059.428429016007
Bawang Merah/Jambi/2024-10-30,18050.424059945664
Bawang Merah/Jambi/2024-10-31,18044.541741791294
Bawang Merah/Jambi/2024-11-01,18048.373131643883
Bawang Merah/Jambi/2024-11-02,18033.373641141166
Bawang Merah/Jambi/2024-11-03,18084.172697725233
Bawang Merah/Jambi/2024-11-04,18068.614940043404
Bawang Merah/Jambi/2024-11-05,18074.978444714983
Bawang Merah/Jambi/2024-11-06,18070.117499964632
Bawang Merah/Jambi/2024-11-07,18044.52824860187
Bawang Merah/Jambi/2024-11-08,18063.711678370208
Bawang Merah/Jambi/2024-11-09,18075.221388874263
Bawang Merah/Jambi/2024-11-10,18046.747039772257
Bawang Merah/Jambi/2024-11-11,18074.400101105508
Bawang Merah/Jambi/2024-11-12,18056.40087319105
Bawang Merah/Jambi/2024-11-13,18059.10663249017
Bawang Merah/Jambi/2024-11-14,18076.421714332206
Bawang Merah/Jambi/2024-11-15,18068.61727240577
Bawang Merah/Jambi/2024-11-16,18060.704172918216
Bawang Merah/Jambi/2024-11-17,18082.66559095351
Bawang Merah/Jambi/2024-11-18,18049.5730522248
Bawang Merah/Jambi/2024-11-19,18079.43840111145
Bawang Merah/Jambi/2024-11-20,18076.851467317072
Bawang Merah/Jambi/2024-11-21,18062.396274952825
Bawang Merah/Jambi/2024-11-22,18075.197190970248
Bawang Merah/Jambi/2024-11-23,18046.00941336456
Bawang Merah/Jambi/2024-11-24,18086.24915968134
Bawang Merah/Jambi/2024-11-25,18065.61051094165
Bawang Merah/Jambi/2024-11-26,18057.613103714644
Bawang Merah/Jambi/2024-11-27,18084.10227013589
Bawang Merah/Jambi/2024-11-28,18053.61310808589
Bawang Merah/Jambi/2024-11-29,18048.48877535464
Bawang Merah/Jambi/2024-11-30,18040.203989004258
Bawang Merah/Jambi/2024-12-01,18073.29123762263
Bawang Merah/Jambi/2024-12-02,18043.384996368088
Bawang Merah/Jambi/2024-12-03,18084.23751919866
Bawang Merah/Jambi/2024-12-04,18022.87283504734
Bawang Merah/Jambi/2024-12-05,18085.3635985225
Bawang Merah/Jambi/2024-12-06,18066.650703778825
Bawang Merah/Jambi/2024-12-07,18058.16472072067
Bawang Merah/Jambi/2024-12-08,18056.132857765366
Bawang Merah/Jambi/2024-12-09,18064.55854053398
Bawang Merah/Jambi/2024-12-10,18068.6989887415
Bawang Merah/Jambi/2024-12-11,18081.308358699003
Bawang Merah/Jambi/2024-12-12,18064.75532016411
Bawang Merah/Jambi/2024-12-13,18067.516602797168
Bawang Merah/Jambi/2024-12-14,18062.60065677844
Bawang Merah/Jambi/2024-12-15,18068.82067488499
Bawang Merah/Jambi/2024-12-16,18074.878627240654
Bawang Merah/Jambi/2024-12-17,18038.693159497638
Bawang Merah/Jambi/2024-12-18,18044.364366662467
Bawang Merah/Jambi/2024-12-19,18076.066303663385
Bawang Merah/Jambi/2024-12-20,18066.17803863345
Bawang Merah/Jambi/2024-12-21,18058.065429120048
Bawang Merah/Jambi/2024-12-22,18056.498922855448
Bawang Merah/Jambi/2024-12-23,18067.329292426533
Bawang Merah/Jambi/2024-12-24,18058.2580064085
Bawang Merah/Jambi/2024-12-25,18050.694504003477
Bawang Merah/Jambi/2024-12-26,18064.518059513874
Bawang Merah/Jambi/2024-12-27,18045.860243406663
Bawang Merah/Jambi/2024-12-28,18068.696053058484
Bawang Merah/Jambi/2024-12-29,18031.97362263139
Bawang Merah/Jambi/2024-12-30,18074.894711647605
Bawang Merah/Jambi/2024-12-31,18067.36877432442
Bawang Merah/Jawa Barat/2024-10-01,18061.85953356531
Bawang Merah/Jawa Barat/2024-10-02,18077.370135871257
Bawang Merah/Jawa Barat/2024-10-03,18086.46383800306
Bawang Merah/Jawa Barat/2024-10-04,18086.27236250162
Bawang Merah/Jawa Barat/2024-10-05,18040.09209786573
Bawang Merah/Jawa Barat/2024-10-06,18050.362844096664
Bawang Merah/Jawa Barat/2024-10-07,18063.051996054775
Bawang Merah/Jawa Barat/2024-10-08,18070.767133558784
Bawang Merah/Jawa Barat/2024-10-09,18072.455252584128
Bawang Merah/Jawa Barat/2024-10-10,18045.108092791634
Bawang Merah/Jawa Barat/2024-10-11,18065.17500979954
Bawang Merah/Jawa Barat/2024-10-12,18053.31461514828
Bawang Merah/Jawa Barat/2024-10-13,18055.41386638551
Bawang Merah/Jawa Barat/2024-10-14,18039.524451768397
Bawang Merah/Jawa Barat/2024-10-15,18042.244873110118
Bawang Merah/Jawa Barat/2024-10-16,18037.153376099843
Bawang Merah/Jawa Barat/2024-10-17,18038.442722991786
Bawang Merah/Jawa Barat/2024-10-18,18068.629665128665
Bawang Merah/Jawa Barat/2024-10-19,18033.239169145625
Bawang Merah/Jawa Barat/2024-10-20,18092.271492504617
Bawang Merah/Jawa Barat/2024-10-21,18059.991389569936
Bawang Merah/Jawa Barat/2024-10-22,18060.197318977935
Bawang Merah/Jawa Barat/2024-10-23,18049.592091188275
Bawang Merah/Jawa Barat/2024-10-24,18072.424616429795
Bawang Merah/Jawa Barat/2024-10-25,18060.472582806167
Bawang Merah/Jawa Barat/2024-10-26,18063.63002724822
Bawang Merah/Jawa Barat/2024-10-27,18103.254590505312
Bawang Merah/Jawa Barat/2024-10-28,18062.140141527452
Bawang Merah/Jawa Barat/2024-10-29,18088.05477514743
Bawang Merah/Jawa Barat/2024-10-30,18058.63930595827
Bawang Merah/Jawa Barat/2024-10-31,18073.38078720792
Bawang Merah/Jawa Barat/2024-11-01,18106.20664738525
Bawang Merah/Jawa Barat/2024-11-02,18060.46876943999
Bawang Merah/Jawa Barat/2024-11-03,18103.901781630793
Bawang Merah/Jawa Barat/2024-11-04,18083.681672923274
Bawang Merah/Jawa Barat/2024-11-05,18069.894494271026
Bawang Merah/Jawa Barat/2024-11-06,18092.411258078155
Bawang Merah/Jawa Barat/2024-11-07,18091.614543931137
Bawang Merah/Jawa Barat/2024-11-08,18092.974751943162
Bawang Merah/Jawa Barat/2024-11-09,18052.893412084166
Bawang Merah/Jawa Barat/2024-11-10,18065.960318346682
Bawang Merah/Jawa Barat/2024-11-11,18076.500258484393
Bawang Merah/Jawa Barat/2024-11-12,18075.31790839249
Bawang Merah/Jawa Barat/2024-11-13,18081.776573440246
Bawang Merah/Jawa Barat/2024-11-14,18068.589383097464
Bawang Merah/Jawa Barat/2024-11-15,18049.430852243335
Bawang Merah/Jawa Barat/2024-11-16,18078.665618574785
Bawang Merah/Jawa Barat/2024-11-17,18080.937182539787
Bawang Merah/Jawa Barat/2024-11-18,18079.104039439088
Bawang Merah/Jawa Barat/2024-11-19,18084.6236400098
Bawang Merah/Jawa Barat/2024-11-20,18081.813866017816
Bawang Merah/Jawa Barat/2024-11-21,18083.719267759305
Bawang Merah/Jawa Barat/2024-11-22,18075.979779603662
Bawang Merah/Jawa Barat/2024-11-23,18050.393106503267
Bawang Merah/Jawa Barat/2024-11-24,18083.701589270746
Bawang Merah/Jawa Barat/2024-11-25,18077.732646139953
Bawang Merah/Jawa Barat/2024-11-26,18076.820808046188
Bawang Merah/Jawa Barat/2024-11-27,18048.955986031822
Bawang Merah/Jawa Barat/2024-11-28,18050.19999468605
Bawang Merah/Jawa Barat/2024-11-29,18089.501116932875
Bawang Merah/Jawa Barat/2024-11-30,18067.82225073365
Bawang Merah/Jawa Barat/2024-12-01,18076.5510423573
Bawang Merah/Jawa Barat/2024-12-02,18063.083202697217
Bawang Merah/Jawa Barat/2024-12-03,18068.327654491775
Bawang Merah/Jawa Barat/2024-12-04,18089.000398750886
Bawang Merah/Jawa Barat/2024-12-05,18061.041089282473
Bawang Merah/Jawa Barat/2024-12-06,18072.002995218867
Bawang Merah/Jawa Barat/2024-12-07,18061.469728118143
Bawang Merah/Jawa Barat/2024-12-08,18063.947657784018
Bawang Merah/Jawa Barat/2024-12-09,18066.490979680042
Bawang Merah/Jawa Barat/2024-12-10,18068.95753014744
Bawang Merah/Jawa Barat/2024-12-11,18059.019789009057
Bawang Merah/Jawa Barat/2024-12-12,18085.045635668503
Bawang Merah/Jawa Barat/2024-12-13,18051.87093849743
Bawang Merah/Jawa Barat/2024-12-14,18064.07265002628
Bawang Merah/Jawa Barat/2024-12-15,18059.90556205423
Bawang Merah/Jawa Barat/2024-12-16,18089.20530381734
Bawang Merah/Jawa Barat/2024-12-17,18071.547119576935
Bawang Merah/Jawa Barat/2024-12-18,18080.26891035895
Bawang Merah/Jawa Barat/2024-12-19,18044.773300763267
Bawang Merah/Jawa Barat/2024-12-20,18074.739344857222
Bawang Merah/Jawa Barat/2024-12-21,18088.05161901735
Bawang Merah/Jawa Barat/2024-12-22,18070.344715478233
Bawang Merah/Jawa Barat/2024-12-23,18086.17984758595
Bawang Merah/Jawa Barat/2024-12-24,18058.343680639588
Bawang Merah/Jawa Barat/2024-12-25,18097.53631469217
Bawang Merah/Jawa Barat/2024-12-26,18113.063310924834
Bawang Merah/Jawa Barat/2024-12-27,18068.69319845971
Bawang Merah/Jawa Barat/2024-12-28,18071.10227812222
Bawang Merah/Jawa Barat/2024-12-29,18100.793514998437
Bawang Merah/Jawa Barat/2024-12-30,18110.866039128457
Bawang Merah/Jawa Barat/2024-12-31,18075.45599076043
Bawang Merah/Jawa Tengah/2024-10-01,18070.065507981384
Bawang Merah/Jawa Tengah/2024-10-02,18076.85151625168
Bawang Merah/Jawa Tengah/2024-10-03,18064.031884053245
Bawang Merah/Jawa Tengah/2024-10-04,18065.994119697425
Bawang Merah/Jawa Tengah/2024-10-05,18054.55185544485
Bawang Merah/Jawa Tengah/2024-10-06,18056.304504879787
Bawang Merah/Jawa Tengah/2024-10-07,18066.735216985275
Bawang Merah/Jawa Tengah/2024-10-08,18067.140643662235
Bawang Merah/Jawa Tengah/2024-10-09,18087.81227673246
Bawang Merah/Jawa Tengah/2024-10-10,18046.304349508253
Bawang Merah/Jawa Tengah/2024-10-11,18081.128601966302
Bawang Merah/Jawa Tengah/2024-10-12,18065.085524972026
Bawang Merah/Jawa Tengah/2024-10-13,18068.49871621387
Bawang Merah/Jawa Tengah/2024-10-14,18080.95014219921
Bawang Merah/Jawa Tengah/2024-10-15,18046.67480033329
Bawang Merah/Jawa Tengah/2024-10-16,18077.002576192972
Bawang Merah/Jawa Tengah/2024-10-17,18070.009841567895
Bawang Merah/Jawa Tengah/2024-10-18,18076.1389390514
Bawang Merah/Jawa Tengah/2024-10-19,18073.176002168322
Bawang Merah/Jawa Tengah/2024-10-20,18104.803007719955
Bawang Merah/Jawa Tengah/2024-10-21,18062.908970712742
Bawang Merah/Jawa Tengah/2024-10-22,18064.824556178028
Bawang Merah/Jawa Tengah/2024-10-23,18065.198891862223
Bawang Merah/Jawa Tengah/2024-10-24,18066.063293208987
Bawang Merah/Jawa Tengah/2024-10-25,18064.946292950124
Bawang Merah/Jawa Tengah/2024-10-26,18084.291063876222
Bawang Merah/Jawa Tengah/2024-10-27,18089.305649134298
Bawang Merah/Jawa Tengah/2024-10-28,18059.076903939273
Bawang Merah/Jawa Tengah/2024-10-29,18056.874830709236
Bawang Merah/Jawa Tengah/2024-10-30,18079.45260485843
Bawang Merah/Jawa Tengah/2024-10-31,18065.232195164466
Bawang Merah/Jawa Tengah/2024-11-01,18080.87991366255
Bawang Merah/Jawa Tengah/2024-11-02,18068.31981732206
Bawang Merah/Jawa Tengah/2024-11-03,18043.30709794899
Bawang Merah/Jawa Tengah/2024-11-04,18095.942379051365
Bawang Merah/Jawa Tengah/2024-11-05,18097.409351399907
Bawang Merah/Jawa Tengah/2024-11-06,18061.090860165485
Bawang Merah/Jawa Tengah/2024-11-07,18062.789561223173
Bawang Merah/Jawa Tengah/2024-11-08,18074.730937109067
Bawang Merah/Jawa Tengah/2024-11-09,18084.66845983607
Bawang Merah/Jawa Tengah/2024-11-10,18084.84527223033
Bawang Merah/Jawa Tengah/2024-11-11,18100.30538089662
Bawang Merah/Jawa Tengah/2024-11-12,18069.671314761596
Bawang Merah/Jawa Tengah/2024-11-13,18064.82036443122
Bawang Merah/Jawa Tengah/2024-11-14,18057.34791299185
Bawang Merah/Jawa Tengah/2024-11-15,18065.958360744844
Bawang Merah/Jawa Tengah/2024-11-16,18074.20959950758
Bawang Merah/Jawa Tengah/2024-11-17,18095.020472601533
Bawang Merah/Jawa Tengah/2024-11-18,18057.632317273023
Bawang Merah/Jawa Tengah/2024-11-19,18070.9556104325
Bawang Merah/Jawa Tengah/2024-11-20,18071.04525631138
Bawang Merah/Jawa Tengah/2024-11-21,18092.593464491798
Bawang Merah/Jawa Tengah/2024-11-22,18114.842334891207
Bawang Merah/Jawa Tengah/2024-11-23,18061.20674353228
Bawang Merah/Jawa Tengah/2024-11-24,18068.208817662216
Bawang Merah/Jawa Tengah/2024-11-25,18095.947464896573
Bawang Merah/Jawa Tengah/2024-11-26,18094.02473620784
Bawang Merah/Jawa Tengah/2024-11-27,18111.323250371664
Bawang Merah/Jawa Tengah/2024-11-28,18083.0142020106
Bawang Merah/Jawa Tengah/2024-11-29,18075.102159978505
Bawang Merah/Jawa Tengah/2024-11-30,18096.76645888705
Bawang Merah/Jawa Tengah/2024-12-01,18104.202221023676
Bawang Merah/Jawa Tengah/2024-12-02,18099.447500677223
Bawang Merah/Jawa Tengah/2024-12-03,18089.16832672221
Bawang Merah/Jawa Tengah/2024-12-04,18100.641510308647
Bawang Merah/Jawa Tengah/2024-12-05,18108.06829853631
Bawang Merah/Jawa Tengah/2024-12-06,18112.27733410315
Bawang Merah/Jawa Tengah/2024-12-07,18099.60357274663
Bawang Merah/Jawa Tengah/2024-12-08,18086.97073263767
Bawang Merah/Jawa Tengah/2024-12-09,18095.40874155898
Bawang Merah/Jawa Tengah/2024-12-10,18112.702488488554
Bawang Merah/Jawa Tengah/2024-12-11,18078.242306491513
Bawang Merah/Jawa Tengah/2024-12-12,18093.16849227952
Bawang Merah/Jawa Tengah/2024-12-13,18079.313251184005
Bawang Merah/Jawa Tengah/2024-12-14,18087.62031535826
Bawang Merah/Jawa Tengah/2024-12-15,18106.69367330105
Bawang Merah/Jawa Tengah/2024-12-16,18082.810732613474
Bawang Merah/Jawa Tengah/2024-12-17,18083.46217448536
Bawang Merah/Jawa Tengah/2024-12-18,18059.494022742598
Bawang Merah/Jawa Tengah/2024-12-19,18095.2012187448
Bawang Merah/Jawa Tengah/2024-12-20,18093.108731193584
Bawang Merah/Jawa Tengah/2024-12-21,18111.365973634798
Bawang Merah/Jawa Tengah/2024-12-22,18072.375224425145
Bawang Merah/Jawa Tengah/2024-12-23,18081.600211762896
Bawang Merah/Jawa Tengah/2024-12-24,18090.234017591625
Bawang Merah/Jawa Tengah/2024-12-25,18110.40693732208
Bawang Merah/Jawa Tengah/2024-12-26,18083.18103366618
Bawang Merah/Jawa Tengah/2024-12-27,18083.10113763672
Bawang Merah/Jawa Tengah/2024-12-28,18092.879235979162
Bawang Merah/Jawa Tengah/2024-12-29,18088.739916091996
Bawang Merah/Jawa Tengah/2024-12-30,18079.012172194096
Bawang Merah/Jawa Tengah/2024-12-31,18083.13779785576
Bawang Merah/Jawa Timur/2024-10-01,18097.967190420066
Bawang Merah/Jawa Timur/2024-10-02,18065.25327221558
Bawang Merah/Jawa Timur/2024-10-03,18081.712572476576
Bawang Merah/Jawa Timur/2024-10-04,18066.466693139646
Bawang Merah/Jawa Timur/2024-10-05,18097.323419654724
Bawang Merah/Jawa Timur/2024-10-06,18052.92013678729
Bawang Merah/Jawa Timur/2024-10-07,18062.335223161463
Bawang Merah/Jawa Timur/2024-10-08,18079.498543553866
Bawang Merah/Jawa Timur/2024-10-09,18096.090333327782
Bawang Merah/Jawa Timur/2024-10-10,18072.28893441051
Bawang Merah/Jawa Timur/2024-10-11,18057.891996821712
Bawang Merah/Jawa Timur/2024-10-12,18102.720249388745
Bawang Merah/Jawa Timur/2024-10-13,18053.604910991326
Bawang Merah/Jawa Timur/2024-10-14,18041.11984782301
Bawang Merah/Jawa Timur/2024-10-15,18076.507469261054
Bawang Merah/Jawa Timur/2024-10-16,18059.759240843647
Bawang Merah/Jawa Timur/2024-10-17,18053.870004321187
Bawang Merah/Jawa Timur/2024-10-18,18070.173330655445
Bawang Merah/Jawa Timur/2024-10-19,18064.1543569707
Bawang Merah/Jawa Timur/2024-10-20,18057.195505199234
Bawang Merah/Jawa Timur/2024-10-21,18041.727909412526
Bawang Merah/Jawa Timur/2024-10-22,18076.190383067238
Bawang Merah/Jawa Timur/2024-10-23,18074.524502144814
Bawang Merah/Jawa Timur/2024-10-24,18060.262263885645
Bawang Merah/Jawa Timur/2024-10-25,18091.032443845877
Bawang Merah/Jawa Timur/2024-10-26,18046.368994652235
Bawang Merah/Jawa Timur/2024-10-27,18046.47659000777
Bawang Merah/Jawa Timur/2024-10-28,18057.216468184248
Bawang Merah/Jawa Timur/2024-10-29,18064.22317798249
Bawang Merah/Jawa Timur/2024-10-30,18069.185057607818
Bawang Merah/Jawa Timur/2024-10-31,18052.285955841293
Bawang Merah/Jawa Timur/2024-11-01,18064.78620698375
Bawang Merah/Jawa Timur/2024-11-02,18042.688369227497
Bawang Merah/Jawa Timur/2024-11-03,18086.889227759188
Bawang Merah/Jawa Timur/2024-11-04,18061.652641934743
Bawang Merah/Jawa Timur/2024-11-05,18078.95117023346
Bawang Merah/Jawa Timur/2024-11-06,18069.921642676043
Bawang Merah/Jawa Timur/2024-11-07,18072.401704401756
Bawang Merah/Jawa Timur/2024-11-08,18082.248776180673
Bawang Merah/Jawa Timur/2024-11-09,18076.55760601774
Bawang Merah/Jawa Timur/2024-11-10,18083.309530840343
Bawang Merah/Jawa Timur/2024-11-11,18093.709238955686
Bawang Merah/Jawa Timur/2024-11-12,18078.108877652146
Bawang Merah/Jawa Timur/2024-11-13,18089.02496295936
Bawang Merah/Jawa Timur/2024-11-14,18076.49694574853
Bawang Merah/Jawa Timur/2024-11-15,18103.245221040732
Bawang Merah/Jawa Timur/2024-11-16,18070.068766548076
Bawang Merah/Jawa Timur/2024-11-17,18107.603989771636
Bawang Merah/Jawa Timur/2024-11-18,18080.417323693233
Bawang Merah/Jawa Timur/2024-11-19,18057.60233636626
Bawang Merah/Jawa Timur/2024-11-20,18085.17033197192
Bawang Merah/Jawa Timur/2024-11-21,18066.30490959593
Bawang Merah/Jawa Timur/2024-11-22,18093.609880659664
Bawang Merah/Jawa Timur/2024-11-23,18061.3924125429
Bawang Merah/Jawa Timur/2024-11-24,18062.85351220843
Bawang Merah/Jawa Timur/2024-11-25,18043.95870131988
Bawang Merah/Jawa Timur/2024-11-26,18062.68763542765
Bawang Merah/Jawa Timur/2024-11-27,18030.775465003295
Bawang Merah/Jawa Timur/2024-11-28,18034.273934686917
Bawang Merah/Jawa Timur/2024-11-29,18068.819163598997
Bawang Merah/Jawa Timur/2024-11-30,18065.163567255822
Bawang Merah/Jawa Timur/2024-12-01,18061.188544476005
Bawang Merah/Jawa Timur/2024-12-02,18035.598939371877
Bawang Merah/Jawa Timur/2024-12-03,18056.333615130632
Bawang Merah/Jawa Timur/2024-12-04,18063.137738609235
Bawang Merah/Jawa Timur/2024-12-05,18041.23834914804
Bawang Merah/Jawa Timur/2024-12-06,18080.891468701484
Bawang Merah/Jawa Timur/2024-12-07,18068.81209413684
Bawang Merah/Jawa Timur/2024-12-08,18057.592382567687
Bawang Merah/Jawa Timur/2024-12-09,18063.13149155821
Bawang Merah/Jawa Timur/2024-12-10,18065.78880644407
Bawang Merah/Jawa Timur/2024-12-11,18036.18028132915
Bawang Merah/Jawa Timur/2024-12-12,18059.846569892103
Bawang Merah/Jawa Timur/2024-12-13,18049.74654392549
Bawang Merah/Jawa Timur/2024-12-14,18044.050182846368
Bawang Merah/Jawa Timur/2024-12-15,18052.805546677344
Bawang Merah/Jawa Timur/2024-12-16,18081.872470892056
Bawang Merah/Jawa Timur/2024-12-17,18068.253664656928
Bawang Merah/Jawa Timur/2024-12-18,18048.20218232164
Bawang Merah/Jawa Timur/2024-12-19,18069.09456198201
Bawang Merah/Jawa Timur/2024-12-20,18087.49155118162
Bawang Merah/Jawa Timur/2024-12-21,18084.206541404434
Bawang Merah/Jawa Timur/2024-12-22,18067.220884849572
Bawang Merah/Jawa Timur/2024-12-23,18056.444375176583
Bawang Merah/Jawa Timur/2024-12-24,18084.75623716978
Bawang Merah/Jawa Timur/2024-12-25,18081.60353932932
Bawang Merah/Jawa Timur/2024-12-26,18086.380503036627
Bawang Merah/Jawa Timur/2024-12-27,18079.602357362415
Bawang Merah/Jawa Timur/2024-12-28,18088.785341299536
Bawang Merah/Jawa Timur/2024-12-29,18070.151378148377
Bawang Merah/Jawa Timur/2024-12-30,18099.37761537727
Bawang Merah/Jawa Timur/2024-12-31,18081.918671022348
Bawang Merah/Kalimantan Barat/2024-10-01,18111.58689386633
Bawang Merah/Kalimantan Barat/2024-10-02,18069.258972875956
Bawang Merah/Kalimantan Barat/2024-10-03,18107.96387292401
Bawang Merah/Kalimantan Barat/2024-10-04,18089.00040056123
Bawang Merah/Kalimantan Barat/2024-10-05,18073.384472844216
Bawang Merah/Kalimantan Barat/2024-10-06,18078.559235427154
Bawang Merah/Kalimantan Barat/2024-10-07,18074.272785640107
Bawang Merah/Kalimantan Barat/2024-10-08,18090.526988576337
Bawang Merah/Kalimantan Barat/2024-10-09,18085.256086860303
Bawang Merah/Kalimantan Barat/2024-10-10,18065.198770889743
Bawang Merah/Kalimantan Barat/2024-10-11,18075.629191221404
Bawang Merah/Kalimantan Barat/2024-10-12,18110.630889657183
Bawang Merah/Kalimantan Barat/2024-10-13,18106.380547449007
Bawang Merah/Kalimantan Barat/2024-10-14,18084.555301339627
Bawang Merah/Kalimantan Barat/2024-10-15,18078.75372468046
Bawang Merah/Kalimantan Barat/2024-10-16,18086.83324488539
Bawang Merah/Kalimantan Barat/2024-10-17,18099.58949754121
Bawang Merah/Kalimantan Barat/2024-10-18,18068.23675124436
Bawang Merah/Kalimantan Barat/2024-10-19,18075.054472988308
Bawang Merah/Kalimantan Barat/2024-10-20,18051.71329130857
Bawang Merah/Kalimantan Barat/2024-10-21,18085.039437414038
Bawang Merah/Kalimantan Barat/2024-10-22,18086.35364323022
Bawang Merah/Kalimantan Barat/2024-10-23,18061.134719768273
Bawang Merah/Kalimantan Barat/2024-10-24,18095.370881991923
Bawang Merah/Kalimantan Barat/2024-10-25,18049.97646774001
Bawang Merah/Kalimantan Barat/2024-10-26,18052.609321293796
Bawang Merah/Kalimantan Barat/2024-10-27,18076.304421591947
Bawang Merah/Kalimantan Barat/2024-10-28,18084.63991024472
Bawang Merah/Kalimantan Barat/2024-10-29,18097.4553540939
Bawang Merah/Kalimantan Barat/2024-10-30,18056.289589874206
Bawang Merah/Kalimantan Barat/2024-10-31,18087.16829035837
Bawang Merah/Kalimantan Barat/2024-11-01,18076.12428265937
Bawang Merah/Kalimantan Barat/2024-11-02,18075.086099808163
Bawang Merah/Kalimantan Barat/2024-11-03,18090.70162961776
Bawang Merah/Kalimantan Barat/2024-11-04,18081.482420176046
Bawang Merah/Kalimantan Barat/2024-11-05,18052.009500348
Bawang Merah/Kalimantan Barat/2024-11-06,18098.644543967122
Bawang Merah/Kalimantan Barat/2024-11-07,18097.74516046421
Bawang Merah/Kalimantan Barat/2024-11-08,18067.36081319271
Bawang Merah/Kalimantan Barat/2024-11-09,18081.08999464671
Bawang Merah/Kalimantan Barat/2024-11-10,18082.049851483178
Bawang Merah/Kalimantan Barat/2024-11-11,18086.88983366463
Bawang Merah/Kalimantan Barat/2024-11-12,18069.842359104226
Bawang Merah/Kalimantan Barat/2024-11-13,18062.799747738347
Bawang Merah/Kalimantan Barat/2024-11-14,18075.864711812545
Bawang Merah/Kalimantan Barat/2024-11-15,18093.915470978525
Bawang Merah/Kalimantan Barat/2024-11-16,18082.453602363807
Bawang Merah/Kalimantan Barat/2024-11-17,18064.931955119242
Bawang Merah/Kalimantan Barat/2024-11-18,18085.027600934038
Bawang Merah/Kalimantan Barat/2024-11-19,18031.015274955254
Bawang Merah/Kalimantan Barat/2024-11-20,18095.268438694766
Bawang Merah/Kalimantan Barat/2024-11-21,18042.82062153311
Bawang Merah/Kalimantan Barat/2024-11-22,18060.626451585118
Bawang Merah/Kalimantan Barat/2024-11-23,18048.071704075082
Bawang Merah/Kalimantan Barat/2024-11-24,18037.81866774906
Bawang Merah/Kalimantan Barat/2024-11-25,18084.62262936616
Bawang Merah/Kalimantan Barat/2024-11-26,18047.51496599146
Bawang Merah/Kalimantan Barat/2024-11-27,18063.984050597683
Bawang Merah/Kalimantan Barat/2024-11-28,18056.366407422454
Bawang Merah/Kalimantan Barat/2024-11-29,18067.326754726306
Bawang Merah/Kalimantan Barat/2024-11-30,18067.562818573664
Bawang Merah/Kalimantan Barat/2024-12-01,18039.264573518532
Bawang Merah/Kalimantan Barat/2024-12-02,18079.305467597856
Bawang Merah/Kalimantan Barat/2024-12-03,18054.500478340615
Bawang Merah/Kalimantan Barat/2024-12-04,18038.758763046608
Bawang Merah/Kalimantan Barat/2024-12-05,18054.408532894922
Bawang Merah/Kalimantan Barat/2024-12-06,18081.938500119322
Bawang Merah/Kalimantan Barat/2024-12-07,18076.9168900125
Bawang Merah/Kalimantan Barat/2024-12-08,18052.5122175525
Bawang Merah/Kalimantan Barat/2024-12-09,18054.072792848216
Bawang Merah/Kalimantan Barat/2024-12-10,18061.14721688135
Bawang Merah/Kalimantan Barat/2024-12-11,18102.89088712703
Bawang Merah/Kalimantan Barat/2024-12-12,18071.8118020962
Bawang Merah/Kalimantan Barat/2024-12-13,18070.107348106558
Bawang Merah/Kalimantan Barat/2024-12-14,18084.65674930588
Bawang Merah/Kalimantan Barat/2024-12-15,18077.84776710367
Bawang Merah/Kalimantan Barat/2024-12-16,18075.09071968282
Bawang Merah/Kalimantan Barat/2024-12-17,18069.255362290805
Bawang Merah/Kalimantan Barat/2024-12-18,18072.277611122656
Bawang Merah/Kalimantan Barat/2024-12-19,18074.42626967081
Bawang Merah/Kalimantan Barat/2024-12-20,18084.049466450408
Bawang Merah/Kalimantan Barat/2024-12-21,18072.25082936328
Bawang Merah/Kalimantan Barat/2024-12-22,18083.043052042667
Bawang Merah/Kalimantan Barat/2024-12-23,18071.803896340687
Bawang Merah/Kalimantan Barat/2024-12-24,18075.66989091257
Bawang Merah/Kalimantan Barat/2024-12-25,18042.95337047436
Bawang Merah/Kalimantan Barat/2024-12-26,18086.737406291188
Bawang Merah/Kalimantan Barat/2024-12-27,18077.4102688665
Bawang Merah/Kalimantan Barat/2024-12-28,18084.690577424393
Bawang Merah/Kalimantan Barat/2024-12-29,18021.949601606997
Bawang Merah/Kalimantan Barat/2024-12-30,18099.74042060548
Bawang Merah/Kalimantan Barat/2024-12-31,18071.50749272464
Bawang Merah/Kalimantan Selatan/2024-10-01,18087.622783782746
Bawang Merah/Kalimantan Selatan/2024-10-02,18051.529697301376
Bawang Merah/Kalimantan Selatan/2024-10-03,18073.58759741127
Bawang Merah/Kalimantan Selatan/2024-10-04,18060.869570246916
Bawang Merah/Kalimantan Selatan/2024-10-05,18060.22644460515
Bawang Merah/Kalimantan Selatan/2024-10-06,18100.233265955834
Bawang Merah/Kalimantan Selatan/2024-10-07,18060.98918117503
Bawang Merah/Kalimantan Selatan/2024-10-08,18072.609882659544
Bawang Merah/Kalimantan Selatan/2024-10-09,18082.42031345911
Bawang Merah/Kalimantan Selatan/2024-10-10,18079.887038418878
Bawang Merah/Kalimantan Selatan/2024-10-11,18079.167844326163
Bawang Merah/Kalimantan Selatan/2024-10-12,18076.073164286852
Bawang Merah/Kalimantan Selatan/2024-10-13,18113.316192575025
Bawang Merah/Kalimantan Selatan/2024-10-14,18076.523928941526
Bawang Merah/Kalimantan Selatan/2024-10-15,18081.33083319443
Bawang Merah/Kalimantan Selatan/2024-10-16,18096.461043500367
Bawang Merah/Kalimantan Selatan/2024-10-17,18099.64044101567
Bawang Merah/Kalimantan Selatan/2024-10-18,18105.28503279103
Bawang Merah/Kalimantan Selatan/2024-10-19,18090.63806196974
Bawang Merah/Kalimantan Selatan/2024-10-20,18066.383177507778
Bawang Merah/Kalimantan Selatan/2024-10-21,18114.320175533016
Bawang Merah/Kalimantan Selatan/2024-10-22,18068.96670302912
Bawang Merah/Kalimantan Selatan/2024-10-23,18090.0657744231
Bawang Merah/Kalimantan Selatan/2024-10-24,18068.1443077702
Bawang Merah/Kalimantan Selatan/2024-10-25,18077.1929422047
Bawang Merah/Kalimantan Selatan/2024-10-26,18088.23912015539
Bawang Merah/Kalimantan Selatan/2024-10-27,18078.898002943144
Bawang Merah/Kalimantan Selatan/2024-10-28,18083.458882101615
Bawang Merah/Kalimantan Selatan/2024-10-29,18099.8126806218
Bawang Merah/Kalimantan Selatan/2024-10-30,18085.180157519502
Bawang Merah/Kalimantan Selatan/2024-10-31,18076.381095753983
Bawang Merah/Kalimantan Selatan/2024-11-01,18095.12059429168
Bawang Merah/Kalimantan Selatan/2024-11-02,18100.979349006306
Bawang Merah/Kalimantan Selatan/2024-11-03,18063.818282622327
Bawang Merah/Kalimantan Selatan/2024-11-04,18089.656416994454
Bawang Merah/Kalimantan Selatan/2024-11-05,18091.321313292134
Bawang Merah/Kalimantan Selatan/2024-11-06,18078.17475162221
Bawang Merah/Kalimantan Selatan/2024-11-07,18102.72732616576
Bawang Merah/Kalimantan Selatan/2024-11-08,18073.694872114684
Bawang Merah/Kalimantan Selatan/2024-11-09,18084.21813498731
Bawang Merah/Kalimantan Selatan/2024-11-10,18078.578673577176
Bawang Merah/Kalimantan Selatan/2024-11-11,18079.7470896531
Bawang Merah/Kalimantan Selatan/2024-11-12,18063.388006484693
Bawang Merah/Kalimantan Selatan/2024-11-13,18051.28547279826
Bawang Merah/Kalimantan Selatan/2024-11-14,18100.204618004424
Bawang Merah/Kalimantan Selatan/2024-11-15,18058.037586161572
Bawang Merah/Kalimantan Selatan/2024-11-16,18053.793228820567
Bawang Merah/Kalimantan Selatan/2024-11-17,18031.565990511514
Bawang Merah/Kalimantan Selatan/2024-11-18,18055.464851433328
Bawang Merah/Kalimantan Selatan/2024-11-19,18046.999562330235
Bawang Merah/Kalimantan Selatan/2024-11-20,18081.983810590813
Bawang Merah/Kalimantan Selatan/2024-11-21,18070.20728118856
Bawang Merah/Kalimantan Selatan/2024-11-22,18043.175531813522
Bawang Merah/Kalimantan Selatan/2024-11-23,18097.998041397062
Bawang Merah/Kalimantan Selatan/2024-11-24,18080.170547000394
Bawang Merah/Kalimantan Selatan/2024-11-25,18065.92891045515
Bawang Merah/Kalimantan Selatan/2024-11-26,18028.13729712944
Bawang Merah/Kalimantan Selatan/2024-11-27,18104.26640490796
Bawang Merah/Kalimantan Selatan/2024-11-28,18052.79584665926
Bawang Merah/Kalimantan Selatan/2024-11-29,18040.780857822283
Bawang Merah/Kalimantan Selatan/2024-11-30,18078.639266513965
Bawang Merah/Kalimantan Selatan/2024-12-01,18099.939616762636
Bawang Merah/Kalimantan Selatan/2024-12-02,18094.519891103726
Bawang Merah/Kalimantan Selatan/2024-12-03,18072.734158464395
Bawang Merah/Kalimantan Selatan/2024-12-04,18079.254199017403
Bawang Merah/Kalimantan Selatan/2024-12-05,18094.77390961904
Bawang Merah/Kalimantan Selatan/2024-12-06,18095.67582093729
Bawang Merah/Kalimantan Selatan/2024-12-07,18084.628181059597
Bawang Merah/Kalimantan Selatan/2024-12-08,18079.35053642263
Bawang Merah/Kalimantan Selatan/2024-12-09,18080.304124326976
Bawang Merah/Kalimantan Selatan/2024-12-10,18071.294279629823
Bawang Merah/Kalimantan Selatan/2024-12-11,18076.069914651005
Bawang Merah/Kalimantan Selatan/2024-12-12,18048.996977053677
Bawang Merah/Kalimantan Selatan/2024-12-13,18071.795747455057
Bawang Merah/Kalimantan Selatan/2024-12-14,18055.092132996757
Bawang Merah/Kalimantan Selatan/2024-12-15,18049.470514813125
Bawang Merah/Kalimantan Selatan/2024-12-16,18067.680316592883
Bawang Merah/Kalimantan Selatan/2024-12-17,18082.670593010575
Bawang Merah/Kalimantan Selatan/2024-12-18,18078.869815331054
Bawang Merah/Kalimantan Selatan/2024-12-19,18037.0007845935
Bawang Merah/Kalimantan Selatan/2024-12-20,18048.75642527197
Bawang Merah/Kalimantan Selatan/2024-12-21,18083.80354949386
Bawang Merah/Kalimantan Selatan/2024-12-22,18052.258874805244
Bawang Merah/Kalimantan Selatan/2024-12-23,18058.86361036692
Bawang Merah/Kalimantan Selatan/2024-12-24,18065.428858360563
Bawang Merah/Kalimantan Selatan/2024-12-25,18047.15765586091
Bawang Merah/Kalimantan Selatan/2024-12-26,18068.07784778538
Bawang Merah/Kalimantan Selatan/2024-12-27,18038.208048088185
Bawang Merah/Kalimantan Selatan/2024-12-28,18051.173014297132
Bawang Merah/Kalimantan Selatan/2024-12-29,18064.980206698572
Bawang Merah/Kalimantan Selatan/2024-12-30,18030.966390152997
Bawang Merah/Kalimantan Selatan/2024-12-31,18065.060379351224
Bawang Merah/Kalimantan Tengah/2024-10-01,18052.789965122985
Bawang Merah/Kalimantan Tengah/2024-10-02,18065.771826438722
Bawang Merah/Kalimantan Tengah/2024-10-03,18061.502405980027
Bawang Merah/Kalimantan Tengah/2024-10-04,18077.154960237043
Bawang Merah/Kalimantan Tengah/2024-10-05,18065.442118544455
Bawang Merah/Kalimantan Tengah/2024-10-06,18056.21505806401
Bawang Merah/Kalimantan Tengah/2024-10-07,18068.436220598924
Bawang Merah/Kalimantan Tengah/2024-10-08,18075.226284241406
Bawang Merah/Kalimantan Tengah/2024-10-09,18068.937845060485
Bawang Merah/Kalimantan Tengah/2024-10-10,18066.08232842696
Bawang Merah/Kalimantan Tengah/2024-10-11,18054.429434720943
Bawang Merah/Kalimantan Tengah/2024-10-12,18057.951937233895
Bawang Merah/Kalimantan Tengah/2024-10-13,18045.246077940705
Bawang Merah/Kalimantan Tengah/2024-10-14,18092.228931432535
Bawang Merah/Kalimantan Tengah/2024-10-15,18041.980472677715
Bawang Merah/Kalimantan Tengah/2024-10-16,18049.033826565927
Bawang Merah/Kalimantan Tengah/2024-10-17,18049.538744952813
Bawang Merah/Kalimantan Tengah/2024-10-18,18075.159395622148
Bawang Merah/Kalimantan Tengah/2024-10-19,18060.033227735035
Bawang Merah/Kalimantan Tengah/2024-10-20,18075.246700472333
Bawang Merah/Kalimantan Tengah/2024-10-21,18048.940381587538
Bawang Merah/Kalimantan Tengah/2024-10-22,18067.699589673313
Bawang Merah/Kalimantan Tengah/2024-10-23,18053.810753226724
Bawang Merah/Kalimantan Tengah/2024-10-24,18098.51478214411
Bawang Merah/Kalimantan Tengah/2024-10-25,18046.455095675105
Bawang Merah/Kalimantan Tengah/2024-10-26,18067.616214410802
Bawang Merah/Kalimantan Tengah/2024-10-27,18077.439819747702
Bawang Merah/Kalimantan Tengah/2024-10-28,18073.99299489158
Bawang Merah/Kalimantan Tengah/2024-10-29,18069.17295836909
Bawang Merah/Kalimantan Tengah/2024-10-30,18061.87618999685
Bawang Merah/Kalimantan Tengah/2024-10-31,18070.814780694425
Bawang Merah/Kalimantan Tengah/2024-11-01,18068.586483408515
Bawang Merah/Kalimantan Tengah/2024-11-02,18084.386764629322
Bawang Merah/Kalimantan Tengah/2024-11-03,18103.49170369432
Bawang Merah/Kalimantan Tengah/2024-11-04,18060.388106734754
Bawang Merah/Kalimantan Tengah/2024-11-05,18051.3632149365
Bawang Merah/Kalimantan Tengah/2024-11-06,18073.222425731437
Bawang Merah/Kalimantan Tengah/2024-11-07,18118.070494863256
Bawang Merah/Kalimantan Tengah/2024-11-08,18062.11299275949
Bawang Merah/Kalimantan Tengah/2024-11-09,18093.719574766375
Bawang Merah/Kalimantan Tengah/2024-11-10,18098.88240986302
Bawang Merah/Kalimantan Tengah/2024-11-11,18072.19348180725
Bawang Merah/Kalimantan Tengah/2024-11-12,18094.651291075807
Bawang Merah/Kalimantan Tengah/2024-11-13,18103.01901859835
Bawang Merah/Kalimantan Tengah/2024-11-14,18078.085981586155
Bawang Merah/Kalimantan Tengah/2024-11-15,18079.978220096964
Bawang Merah/Kalimantan Tengah/2024-11-16,18070.59644720282
Bawang Merah/Kalimantan Tengah/2024-11-17,18067.275920952437
Bawang Merah/Kalimantan Tengah/2024-11-18,18069.828227271602
Bawang Merah/Kalimantan Tengah/2024-11-19,18053.13780091756
Bawang Merah/Kalimantan Tengah/2024-11-20,18071.27507851592
Bawang Merah/Kalimantan Tengah/2024-11-21,18054.851679576554
Bawang Merah/Kalimantan Tengah/2024-11-22,18069.35612583495
Bawang Merah/Kalimantan Tengah/2024-11-23,18039.490626407278
Bawang Merah/Kalimantan Tengah/2024-11-24,18067.136194581155
Bawang Merah/Kalimantan Tengah/2024-11-25,18077.12571392491
Bawang Merah/Kalimantan Tengah/2024-11-26,18028.682441520476
Bawang Merah/Kalimantan Tengah/2024-11-27,18067.738557409615
Bawang Merah/Kalimantan Tengah/2024-11-28,18077.976224102273
Bawang Merah/Kalimantan Tengah/2024-11-29,18044.56187809568
Bawang Merah/Kalimantan Tengah/2024-11-30,18089.300645264102
Bawang Merah/Kalimantan Tengah/2024-12-01,18064.525023096372
Bawang Merah/Kalimantan Tengah/2024-12-02,18056.584971582208
Bawang Merah/Kalimantan Tengah/2024-12-03,18066.97727340565
Bawang Merah/Kalimantan Tengah/2024-12-04,18073.37961350631
Bawang Merah/Kalimantan Tengah/2024-12-05,18072.135561734693
Bawang Merah/Kalimantan Tengah/2024-12-06,18073.72176726013
Bawang Merah/Kalimantan Tengah/2024-12-07,18050.996606977536
Bawang Merah/Kalimantan Tengah/2024-12-08,18071.631789356914
Bawang Merah/Kalimantan Tengah/2024-12-09,18046.475889084213
Bawang Merah/Kalimantan Tengah/2024-12-10,18065.20803595404
Bawang Merah/Kalimantan Tengah/2024-12-11,18049.77902458301
Bawang Merah/Kalimantan Tengah/2024-12-12,18048.29020898745
Bawang Merah/Kalimantan Tengah/2024-12-13,18081.708473086
Bawang Merah/Kalimantan Tengah/2024-12-14,18075.549054290568
Bawang Merah/Kalimantan Tengah/2024-12-15,18071.940622646656
Bawang Merah/Kalimantan Tengah/2024-12-16,18044.234062861455
Bawang Merah/Kalimantan Tengah/2024-12-17,18060.74205474909
Bawang Merah/Kalimantan Tengah/2024-12-18,18090.45852830161
Bawang Merah/Kalimantan Tengah/2024-12-19,18069.52297823946
Bawang Merah/Kalimantan Tengah/2024-12-20,18102.44621618504
Bawang Merah/Kalimantan Tengah/2024-12-21,18071.032269958494
Bawang Merah/Kalimantan Tengah/2024-12-22,18076.51597081473
Bawang Merah/Kalimantan Tengah/2024-12-23,18073.95688796435
Bawang Merah/Kalimantan Tengah/2024-12-24,18078.233018367453
Bawang Merah/Kalimantan Tengah/2024-12-25,18076.54150916293
Bawang Merah/Kalimantan Tengah/2024-12-26,18083.514554515088
Bawang Merah/Kalimantan Tengah/2024-12-27,18089.116304432937
Bawang Merah/Kalimantan Tengah/2024-12-28,18061.70958160585
Bawang Merah/Kalimantan Tengah/2024-12-29,18054.1160985438
Bawang Merah/Kalimantan Tengah/2024-12-30,18045.06703538328
Bawang Merah/Kalimantan Tengah/2024-12-31,18081.02165027125
Bawang Merah/Kalimantan Timur/2024-10-01,18050.564715925226
Bawang Merah/Kalimantan Timur/2024-10-02,18025.889438182705
Bawang Merah/Kalimantan Timur/2024-10-03,18064.74727803571
Bawang Merah/Kalimantan Timur/2024-10-04,18098.499920971964
Bawang Merah/Kalimantan Timur/2024-10-05,18062.439855314515
Bawang Merah/Kalimantan Timur/2024-10-06,18070.491070722288
Bawang Merah/Kalimantan Timur/2024-10-07,18061.481049221493
Bawang Merah/Kalimantan Timur/2024-10-08,18070.367827693786
Bawang Merah/Kalimantan Timur/2024-10-09,18089.020954280233
Bawang Merah/Kalimantan Timur/2024-10-10,18062.096073560308
Bawang Merah/Kalimantan Timur/2024-10-11,18073.243627162938
Bawang Merah/Kalimantan Timur/2024-10-12,18074.257316542968
Bawang Merah/Kalimantan Timur/2024-10-13,18061.403497261024
Bawang Merah/Kalimantan Timur/2024-10-14,18088.87961281273
Bawang Merah/Kalimantan Timur/2024-10-15,18065.409144211346
Bawang Merah/Kalimantan Timur/2024-10-16,18058.7658305029
Bawang Merah/Kalimantan Timur/2024-10-17,18078.96775360986
Bawang Merah/Kalimantan Timur/2024-10-18,18054.78335153456
Bawang Merah/Kalimantan Timur/2024-10-19,18072.082275643672
Bawang Merah/Kalimantan Timur/2024-10-20,18065.60218625635
Bawang Merah/Kalimantan Timur/2024-10-21,18083.41638301975
Bawang Merah/Kalimantan Timur/2024-10-22,18076.450963163516
Bawang Merah/Kalimantan Timur/2024-10-23,18065.97442475004
Bawang Merah/Kalimantan Timur/2024-10-24,18084.21276239331
Bawang Merah/Kalimantan Timur/2024-10-25,18094.073030372303
Bawang Merah/Kalimantan Timur/2024-10-26,18084.2353466241
Bawang Merah/Kalimantan Timur/2024-10-27,18074.601434069613
Bawang Merah/Kalimantan Timur/2024-10-28,18054.31575999802
Bawang Merah/Kalimantan Timur/2024-10-29,18061.921804726222
Bawang Merah/Kalimantan Timur/2024-10-30,18072.009868211688
Bawang Merah/Kalimantan Timur/2024-10-31,18060.94682948555
Bawang Merah/Kalimantan Timur/2024-11-01,18062.90034938502
Bawang Merah/Kalimantan Timur/2024-11-02,18063.690518747622
Bawang Merah/Kalimantan Timur/2024-11-03,18073.887662441004
Bawang Merah/Kalimantan Timur/2024-11-04,18065.305921245086
Bawang Merah/Kalimantan Timur/2024-11-05,18072.541563349983
Bawang Merah/Kalimantan Timur/2024-11-06,18067.31913511153
Bawang Merah/Kalimantan Timur/2024-11-07,18035.79794179898
Bawang Merah/Kalimantan Timur/2024-11-08,18052.87836356735
Bawang Merah/Kalimantan Timur/2024-11-09,18062.15749652057
Bawang Merah/Kalimantan Timur/2024-11-10,18043.179128966625
Bawang Merah/Kalimantan Timur/2024-11-11,18067.40733902613
Bawang Merah/Kalimantan Timur/2024-11-12,18078.28239180426
Bawang Merah/Kalimantan Timur/2024-11-13,18079.232741910353
Bawang Merah/Kalimantan Timur/2024-11-14,18059.088605751767
Bawang Merah/Kalimantan Timur/2024-11-15,18087.373871759737
Bawang Merah/Kalimantan Timur/2024-11-16,18073.397762812056
Bawang Merah/Kalimantan Timur/2024-11-17,18067.60457379672
Bawang Merah/Kalimantan Timur/2024-11-18,18061.99250920867
Bawang Merah/Kalimantan Timur/2024-11-19,18064.777631641824
Bawang Merah/Kalimantan Timur/2024-11-20,18066.666863631886
Bawang Merah/Kalimantan Timur/2024-11-21,18070.55206846599
Bawang Merah/Kalimantan Timur/2024-11-22,18068.517051175917
Bawang Merah/Kalimantan Timur/2024-11-23,18065.609208396094
Bawang Merah/Kalimantan Timur/2024-11-24,18073.95257535198
Bawang Merah/Kalimantan Timur/2024-11-25,18087.128890365693
Bawang Merah/Kalimantan Timur/2024-11-26,18084.600714361302
Bawang Merah/Kalimantan Timur/2024-11-27,18046.38515572413
Bawang Merah/Kalimantan Timur/2024-11-28,18030.245526046096
Bawang Merah/Kalimantan Timur/2024-11-29,18087.078409945458
Bawang Merah/Kalimantan Timur/2024-11-30,18048.13554679095
Bawang Merah/Kalimantan Timur/2024-12-01,18059.7050807033
Bawang Merah/Kalimantan Timur/2024-12-02,18036.555483837365
Bawang Merah/Kalimantan Timur/2024-12-03,18028.078824675762
Bawang Merah/Kalimantan Timur/2024-12-04,18072.11696300924
Bawang Merah/Kalimantan Timur/2024-12-05,18065.61171723284
Bawang Merah/Kalimantan Timur/2024-12-06,18044.811156905125
Bawang Merah/Kalimantan Timur/2024-12-07,18009.543110443403
Bawang Merah/Kalimantan Timur/2024-12-08,18045.068337820834
Bawang Merah/Kalimantan Timur/2024-12-09,18065.534970951066
Bawang Merah/Kalimantan Timur/2024-12-10,18028.45095488977
Bawang Merah/Kalimantan Timur/2024-12-11,18048.434994382536
Bawang Merah/Kalimantan Timur/2024-12-12,18043.57653382181
Bawang Merah/Kalimantan Timur/2024-12-13,18062.649073879576
Bawang Merah/Kalimantan Timur/2024-12-14,18056.246876362646
Bawang Merah/Kalimantan Timur/2024-12-15,18033.76539534798
Bawang Merah/Kalimantan Timur/2024-12-16,18074.266504343177
Bawang Merah/Kalimantan Timur/2024-12-17,18053.517659833047
Bawang Merah/Kalimantan Timur/2024-12-18,18058.82859620875
Bawang Merah/Kalimantan Timur/2024-12-19,18042.23067066127
Bawang Merah/Kalimantan Timur/2024-12-20,18049.295820071362
Bawang Merah/Kalimantan Timur/2024-12-21,18048.00607280829
Bawang Merah/Kalimantan Timur/2024-12-22,18053.502770132283
Bawang Merah/Kalimantan Timur/2024-12-23,18083.118173873507
Bawang Merah/Kalimantan Timur/2024-12-24,18031.821660983835
Bawang Merah/Kalimantan Timur/2024-12-25,18030.921083241097
Bawang Merah/Kalimantan Timur/2024-12-26,18081.19285701588
Bawang Merah/Kalimantan Timur/2024-12-27,18055.82729280245
Bawang Merah/Kalimantan Timur/2024-12-28,18049.1769068578
Bawang Merah/Kalimantan Timur/2024-12-29,18068.114423879004
Bawang Merah/Kalimantan Timur/2024-12-30,18047.729796158997
Bawang Merah/Kalimantan Timur/2024-12-31,18094.80203837254
Bawang Merah/Kalimantan Utara/2024-10-01,18071.097273475574
Bawang Merah/Kalimantan Utara/2024-10-02,18054.596992275925
Bawang Merah/Kalimantan Utara/2024-10-03,18102.07960098344
Bawang Merah/Kalimantan Utara/2024-10-04,18058.449997694144
Bawang Merah/Kalimantan Utara/2024-10-05,18087.72199881812
Bawang Merah/Kalimantan Utara/2024-10-06,18075.28083167816
Bawang Merah/Kalimantan Utara/2024-10-07,18092.509974193512
Bawang Merah/Kalimantan Utara/2024-10-08,18103.857666235388
Bawang Merah/Kalimantan Utara/2024-10-09,18073.943464010445
Bawang Merah/Kalimantan Utara/2024-10-10,18068.512778554297
Bawang Merah/Kalimantan Utara/2024-10-11,18087.14267670757
Bawang Merah/Kalimantan Utara/2024-10-12,18071.39443583279
Bawang Merah/Kalimantan Utara/2024-10-13,18112.205191344627
Bawang Merah/Kalimantan Utara/2024-10-14,18075.978882514733
Bawang Merah/Kalimantan Utara/2024-10-15,18070.095431178772
Bawang Merah/Kalimantan Utara/2024-10-16,18082.986029270603
Bawang Merah/Kalimantan Utara/2024-10-17,18057.137596595872
Bawang Merah/Kalimantan Utara/2024-10-18,18065.853239728433
Bawang Merah/Kalimantan Utara/2024-10-19,18090.54997474528
Bawang Merah/Kalimantan Utara/2024-10-20,18059.61429051931
Bawang Merah/Kalimantan Utara/2024-10-21,18053.756989467176
Bawang Merah/Kalimantan Utara/2024-10-22,18075.05293373231
Bawang Merah/Kalimantan Utara/2024-10-23,18088.52644749826
Bawang Merah/Kalimantan Utara/2024-10-24,18082.715364543605
Bawang Merah/Kalimantan Utara/2024-10-25,18082.090718853276
Bawang Merah/Kalimantan Utara/2024-10-26,18057.78475345389
Bawang Merah/Kalimantan Utara/2024-10-27,18053.32500905323
Bawang Merah/Kalimantan Utara/2024-10-28,18100.509990243703
Bawang Merah/Kalimantan Utara/2024-10-29,18067.414459005213
Bawang Merah/Kalimantan Utara/2024-10-30,18065.900693916712
Bawang Merah/Kalimantan Utara/2024-10-31,18088.03705707926
Bawang Merah/Kalimantan Utara/2024-11-01,18079.68935207819
Bawang Merah/Kalimantan Utara/2024-11-02,18084.957112721695
Bawang Merah/Kalimantan Utara/2024-11-03,18106.434208525287
Bawang Merah/Kalimantan Utara/2024-11-04,18065.04191302835
Bawang Merah/Kalimantan Utara/2024-11-05,18095.45853302822
Bawang Merah/Kalimantan Utara/2024-11-06,18080.849965540492
Bawang Merah/Kalimantan Utara/2024-11-07,18086.095367884576
Bawang Merah/Kalimantan Utara/2024-11-08,18107.00033423093
Bawang Merah/Kalimantan Utara/2024-11-09,18085.12935945096
Bawang Merah/Kalimantan Utara/2024-11-10,18092.176839101678
Bawang Merah/Kalimantan Utara/2024-11-11,18099.414465355298
Bawang Merah/Kalimantan Utara/2024-11-12,18079.39741874385
Bawang Merah/Kalimantan Utara/2024-11-13,18073.649739704066
Bawang Merah/Kalimantan Utara/2024-11-14,18065.291659354174
Bawang Merah/Kalimantan Utara/2024-11-15,18050.049764503405
Bawang Merah/Kalimantan Utara/2024-11-16,18110.93130991194
Bawang Merah/Kalimantan Utara/2024-11-17,18053.464063164178
Bawang Merah/Kalimantan Utara/2024-11-18,18065.62872610395
Bawang Merah/Kalimantan Utara/2024-11-19,18063.631816168407
Bawang Merah/Kalimantan Utara/2024-11-20,18074.03768920057
Bawang Merah/Kalimantan Utara/2024-11-21,18088.39244147234
Bawang Merah/Kalimantan Utara/2024-11-22,18078.040603179463
Bawang Merah/Kalimantan Utara/2024-11-23,18059.717133726146
Bawang Merah/Kalimantan Utara/2024-11-24,18068.401713301108
Bawang Merah/Kalimantan Utara/2024-11-25,18078.409228727192
Bawang Merah/Kalimantan Utara/2024-11-26,18070.016820866433
Bawang Merah/Kalimantan Utara/2024-11-27,18095.565581364594
Bawang Merah/Kalimantan Utara/2024-11-28,18076.16264895444
Bawang Merah/Kalimantan Utara/2024-11-29,18084.556559335142
Bawang Merah/Kalimantan Utara/2024-11-30,18086.4802767038
Bawang Merah/Kalimantan Utara/2024-12-01,18095.653022681818
Bawang Merah/Kalimantan Utara/2024-12-02,18083.9655676545
Bawang Merah/Kalimantan Utara/2024-12-03,18057.44947196037
Bawang Merah/Kalimantan Utara/2024-12-04,18086.669278429297
Bawang Merah/Kalimantan Utara/2024-12-05,18069.146252300678
Bawang Merah/Kalimantan Utara/2024-12-06,18069.37788691612
Bawang Merah/Kalimantan Utara/2024-12-07,18081.85358566192
Bawang Merah/Kalimantan Utara/2024-12-08,18089.37941746674
Bawang Merah/Kalimantan Utara/2024-12-09,18075.080789571486
Bawang Merah/Kalimantan Utara/2024-12-10,18077.18526182254
Bawang Merah/Kalimantan Utara/2024-12-11,18102.06785935303
Bawang Merah/Kalimantan Utara/2024-12-12,18082.166243860487
Bawang Merah/Kalimantan Utara/2024-12-13,18121.109997731885
Bawang Merah/Kalimantan Utara/2024-12-14,18088.150523708387
Bawang Merah/Kalimantan Utara/2024-12-15,18055.28821983253
Bawang Merah/Kalimantan Utara/2024-12-16,18099.71795548978
Bawang Merah/Kalimantan Utara/2024-12-17,18090.493349108852
Bawang Merah/Kalimantan Utara/2024-12-18,18107.51552268713
Bawang Merah/Kalimantan Utara/2024-12-19,18088.851505595023
Bawang Merah/Kalimantan Utara/2024-12-20,18075.53591355034
Bawang Merah/Kalimantan Utara/2024-12-21,18067.70877146451
Bawang Merah/Kalimantan Utara/2024-12-22,18081.10779305099
Bawang Merah/Kalimantan Utara/2024-12-23,18069.42385101192
Bawang Merah/Kalimantan Utara/2024-12-24,18066.146837842614
Bawang Merah/Kalimantan Utara/2024-12-25,18080.886722195602
Bawang Merah/Kalimantan Utara/2024-12-26,18097.600636430878
Bawang Merah/Kalimantan Utara/2024-12-27,18079.523497892114
Bawang Merah/Kalimantan Utara/2024-12-28,18053.048398096646
Bawang Merah/Kalimantan Utara/2024-12-29,18081.401210251053
Bawang Merah/Kalimantan Utara/2024-12-30,18096.78494164653
Bawang Merah/Kalimantan Utara/2024-12-31,18067.63066422136
Bawang Merah/Kepulauan Bangka Belitung/2024-10-01,18069.790719973767
Bawang Merah/Kepulauan Bangka Belitung/2024-10-02,18070.719862960046
Bawang Merah/Kepulauan Bangka Belitung/2024-10-03,18064.15387012361
Bawang Merah/Kepulauan Bangka Belitung/2024-10-04,18085.684451794503
Bawang Merah/Kepulauan Bangka Belitung/2024-10-05,18066.643909071438
Bawang Merah/Kepulauan Bangka Belitung/2024-10-06,18076.33821761327
Bawang Merah/Kepulauan Bangka Belitung/2024-10-07,18055.899891232086
Bawang Merah/Kepulauan Bangka Belitung/2024-10-08,18063.14265564799
Bawang Merah/Kepulauan Bangka Belitung/2024-10-09,18083.496319237398
Bawang Merah/Kepulauan Bangka Belitung/2024-10-10,18061.382316166688
Bawang Merah/Kepulauan Bangka Belitung/2024-10-11,18095.718498587215
Bawang Merah/Kepulauan Bangka Belitung/2024-10-12,18059.76433247272
Bawang Merah/Kepulauan Bangka Belitung/2024-10-13,18074.207060752873
Bawang Merah/Kepulauan Bangka Belitung/2024-10-14,18088.715174155324
Bawang Merah/Kepulauan Bangka Belitung/2024-10-15,18048.58448588556
Bawang Merah/Kepulauan Bangka Belitung/2024-10-16,18046.562062914752
Bawang Merah/Kepulauan Bangka Belitung/2024-10-17,18042.58930203088
Bawang Merah/Kepulauan Bangka Belitung/2024-10-18,18088.22595998739
Bawang Merah/Kepulauan Bangka Belitung/2024-10-19,18055.812300822738
Bawang Merah/Kepulauan Bangka Belitung/2024-10-20,18097.606136059243
Bawang Merah/Kepulauan Bangka Belitung/2024-10-21,18050.972577001743
Bawang Merah/Kepulauan Bangka Belitung/2024-10-22,18068.336540942073
Bawang Merah/Kepulauan Bangka Belitung/2024-10-23,18097.980243018803
Bawang Merah/Kepulauan Bangka Belitung/2024-10-24,18101.458762921564
Bawang Merah/Kepulauan Bangka Belitung/2024-10-25,18108.91861010352
Bawang Merah/Kepulauan Bangka Belitung/2024-10-26,18091.351822019707
Bawang Merah/Kepulauan Bangka Belitung/2024-10-27,18098.97883089781
Bawang Merah/Kepulauan Bangka Belitung/2024-10-28,18099.949338355782
Bawang Merah/Kepulauan Bangka Belitung/2024-10-29,18103.528387691404
Bawang Merah/Kepulauan Bangka Belitung/2024-10-30,18081.805920937393
Bawang Merah/Kepulauan Bangka Belitung/2024-10-31,18074.214873471657
Bawang Merah/Kepulauan Bangka Belitung/2024-11-01,18087.874174862423
Bawang Merah/Kepulauan Bangka Belitung/2024-11-02,18082.98367522599
Bawang Merah/Kepulauan Bangka Belitung/2024-11-03,18075.06347974555
Bawang Merah/Kepulauan Bangka Belitung/2024-11-04,18087.87134162658
Bawang Merah/Kepulauan Bangka Belitung/2024-11-05,18091.89061774962
Bawang Merah/Kepulauan Bangka Belitung/2024-11-06,18080.526634447673
Bawang Merah/Kepulauan Bangka Belitung/2024-11-07,18101.893067620407
Bawang Merah/Kepulauan Bangka Belitung/2024-11-08,18060.42314009041
Bawang Merah/Kepulauan Bangka Belitung/2024-11-09,18078.504359232018
Bawang Merah/Kepulauan Bangka Belitung/2024-11-10,18068.957848594346
Bawang Merah/Kepulauan Bangka Belitung/2024-11-11,18047.132470969336
Bawang Merah/Kepulauan Bangka Belitung/2024-11-12,18074.218865943283
Bawang Merah/Kepulauan Bangka Belitung/2024-11-13,18064.39607892575
Bawang Merah/Kepulauan Bangka Belitung/2024-11-14,18092.46038052892
Bawang Merah/Kepulauan Bangka Belitung/2024-11-15,18075.459840604184
Bawang Merah/Kepulauan Bangka Belitung/2024-11-16,18048.87443909955
Bawang Merah/Kepulauan Bangka Belitung/2024-11-17,18101.809005554926
Bawang Merah/Kepulauan Bangka Belitung/2024-11-18,18091.82918988491
Bawang Merah/Kepulauan Bangka Belitung/2024-11-19,18085.767077871827
Bawang Merah/Kepulauan Bangka Belitung/2024-11-20,18069.500272954007
Bawang Merah/Kepulauan Bangka Belitung/2024-11-21,18058.723458131055
Bawang Merah/Kepulauan Bangka Belitung/2024-11-22,18077.04746675158
Bawang Merah/Kepulauan Bangka Belitung/2024-11-23,18094.461295595964
Bawang Merah/Kepulauan Bangka Belitung/2024-11-24,18103.31583015798
Bawang Merah/Kepulauan Bangka Belitung/2024-11-25,18095.91340631194
Bawang Merah/Kepulauan Bangka Belitung/2024-11-26,18066.804891985317
Bawang Merah/Kepulauan Bangka Belitung/2024-11-27,18064.16960353286
Bawang Merah/Kepulauan Bangka Belitung/2024-11-28,18087.055685360116
Bawang Merah/Kepulauan Bangka Belitung/2024-11-29,18053.61718655721
Bawang Merah/Kepulauan Bangka Belitung/2024-11-30,18080.284480906263
Bawang Merah/Kepulauan Bangka Belitung/2024-12-01,18066.084661681703
Bawang Merah/Kepulauan Bangka Belitung/2024-12-02,18061.84773115485
Bawang Merah/Kepulauan Bangka Belitung/2024-12-03,18045.258335249302
Bawang Merah/Kepulauan Bangka Belitung/2024-12-04,18073.09026999878
Bawang Merah/Kepulauan Bangka Belitung/2024-12-05,18059.197704795708
Bawang Merah/Kepulauan Bangka Belitung/2024-12-06,18044.04618601801
Bawang Merah/Kepulauan Bangka Belitung/2024-12-07,18014.379996685282
Bawang Merah/Kepulauan Bangka Belitung/2024-12-08,18057.23597742815
Bawang Merah/Kepulauan Bangka Belitung/2024-12-09,18087.57025126221
Bawang Merah/Kepulauan Bangka Belitung/2024-12-10,18079.889293335185
Bawang Merah/Kepulauan Bangka Belitung/2024-12-11,18044.29178362005
Bawang Merah/Kepulauan Bangka Belitung/2024-12-12,18045.056227859313
Bawang Merah/Kepulauan Bangka Belitung/2024-12-13,18075.112602023935
Bawang Merah/Kepulauan Bangka Belitung/2024-12-14,18053.826221697083
Bawang Merah/Kepulauan Bangka Belitung/2024-12-15,18067.84906174784
Bawang Merah/Kepulauan Bangka Belitung/2024-12-16,18069.302045680415
Bawang Merah/Kepulauan Bangka Belitung/2024-12-17,18081.097158503602
Bawang Merah/Kepulauan Bangka Belitung/2024-12-18,18065.649049329593
Bawang Merah/Kepulauan Bangka Belitung/2024-12-19,18061.95180211433
Bawang Merah/Kepulauan Bangka Belitung/2024-12-20,18055.093387276684
Bawang Merah/Kepulauan Bangka Belitung/2024-12-21,18055.881118646445
Bawang Merah/Kepulauan Bangka Belitung/2024-12-22,18064.499170363855
Bawang Merah/Kepulauan Bangka Belitung/2024-12-23,18068.873385336738
Bawang Merah/Kepulauan Bangka Belitung/2024-12-24,18076.416976175344
Bawang Merah/Kepulauan Bangka Belitung/2024-12-25,18048.940950410142
Bawang Merah/Kepulauan Bangka Belitung/2024-12-26,18088.16253774866
Bawang Merah/Kepulauan Bangka Belitung/2024-12-27,18062.831388837207
Bawang Merah/Kepulauan Bangka Belitung/2024-12-28,18068.059952111413
Bawang Merah/Kepulauan Bangka Belitung/2024-12-29,18056.3760957517
Bawang Merah/Kepulauan Bangka Belitung/2024-12-30,18026.465550727225
Bawang Merah/Kepulauan Bangka Belitung/2024-12-31,18083.575128157623
Bawang Merah/Kepulauan Riau/2024-10-01,18073.667057576848
Bawang Merah/Kepulauan Riau/2024-10-02,18056.62794408729
Bawang Merah/Kepulauan Riau/2024-10-03,18059.92306243376
Bawang Merah/Kepulauan Riau/2024-10-04,18067.992097273174
Bawang Merah/Kepulauan Riau/2024-10-05,18045.21377588933
Bawang Merah/Kepulauan Riau/2024-10-06,18056.405840179115
Bawang Merah/Kepulauan Riau/2024-10-07,18073.6695226234
Bawang Merah/Kepulauan Riau/2024-10-08,18041.406271449196
Bawang Merah/Kepulauan Riau/2024-10-09,18065.880445572922
Bawang Merah/Kepulauan Riau/2024-10-10,18036.14462823206
Bawang Merah/Kepulauan Riau/2024-10-11,18068.337445274894
Bawang Merah/Kepulauan Riau/2024-10-12,18060.3492138819
Bawang Merah/Kepulauan Riau/2024-10-13,18029.72426060907
Bawang Merah/Kepulauan Riau/2024-10-14,18077.7438722864
Bawang Merah/Kepulauan Riau/2024-10-15,18043.78103908973
Bawang Merah/Kepulauan Riau/2024-10-16,18047.816584952994
Bawang Merah/Kepulauan Riau/2024-10-17,18060.052505546933
Bawang Merah/Kepulauan Riau/2024-10-18,18072.995510613368
Bawang Merah/Kepulauan Riau/2024-10-19,18045.713651290273
Bawang Merah/Kepulauan Riau/2024-10-20,18057.07988494849
Bawang Merah/Kepulauan Riau/2024-10-21,18066.31135678649
Bawang Merah/Kepulauan Riau/2024-10-22,18073.726731124938
Bawang Merah/Kepulauan Riau/2024-10-23,18065.985668445875
Bawang Merah/Kepulauan Riau/2024-10-24,18054.1211785407
Bawang Merah/Kepulauan Riau/2024-10-25,18051.32049613761
Bawang Merah/Kepulauan Riau/2024-10-26,18067.681598271538
Bawang Merah/Kepulauan Riau/2024-10-27,18048.05402712369
Bawang Merah/Kepulauan Riau/2024-10-28,18014.211386625564
Bawang Merah/Kepulauan Riau/2024-10-29,18064.25385022136
Bawang Merah/Kepulauan Riau/2024-10-30,18070.45754329067
Bawang Merah/Kepulauan Riau/2024-10-31,18017.81326927241
Bawang Merah/Kepulauan Riau/2024-11-01,18033.64095061202
Bawang Merah/Kepulauan Riau/2024-11-02,18058.030981178563
Bawang Merah/Kepulauan Riau/2024-11-03,18090.145154010428
Bawang Merah/Kepulauan Riau/2024-11-04,18053.980223795672
Bawang Merah/Kepulauan Riau/2024-11-05,18036.38142643595
Bawang Merah/Kepulauan Riau/2024-11-06,18054.7680448592
Bawang Merah/Kepulauan Riau/2024-11-07,18086.53177136004
Bawang Merah/Kepulauan Riau/2024-11-08,18055.269176679056
Bawang Merah/Kepulauan Riau/2024-11-09,18044.303320837247
Bawang Merah/Kepulauan Riau/2024-11-10,18049.880250966133
Bawang Merah/Kepulauan Riau/2024-11-11,18048.07954303872
Bawang Merah/Kepulauan Riau/2024-11-12,18066.321867535367
Bawang Merah/Kepulauan Riau/2024-11-13,18081.76004744501
Bawang Merah/Kepulauan Riau/2024-11-14,18060.895320439708
Bawang Merah/Kepulauan Riau/2024-11-15,18055.77943262409
Bawang Merah/Kepulauan Riau/2024-11-16,18058.426731537464
Bawang Merah/Kepulauan Riau/2024-11-17,18042.30002298648
Bawang Merah/Kepulauan Riau/2024-11-18,18080.602391563814
Bawang Merah/Kepulauan Riau/2024-11-19,18059.15260361686
Bawang Merah/Kepulauan Riau/2024-11-20,18056.96209710905
Bawang Merah/Kepulauan Riau/2024-11-21,18112.387526003142
Bawang Merah/Kepulauan Riau/2024-11-22,18067.829438745368
Bawang Merah/Kepulauan Riau/2024-11-23,18059.22222772135
Bawang Merah/Kepulauan Riau/2024-11-24,18062.19339556188
Bawang Merah/Kepulauan Riau/2024-11-25,18091.04389275847
Bawang Merah/Kepulauan Riau/2024-11-26,18079.796940862838
Bawang Merah/Kepulauan Riau/2024-11-27,18044.255689059
Bawang Merah/Kepulauan Riau/2024-11-28,18082.489992915504
Bawang Merah/Kepulauan Riau/2024-11-29,18060.00631090441
Bawang Merah/Kepulauan Riau/2024-11-30,18103.69586672851
Bawang Merah/Kepulauan Riau/2024-12-01,18086.07878165866
Bawang Merah/Kepulauan Riau/2024-12-02,18059.790482474717
Bawang Merah/Kepulauan Riau/2024-12-03,18096.630681543596
Bawang Merah/Kepulauan Riau/2024-12-04,18076.473787665705
Bawang Merah/Kepulauan Riau/2024-12-05,18095.544196883984
Bawang Merah/Kepulauan Riau/2024-12-06,18084.124421833425
Bawang Merah/Kepulauan Riau/2024-12-07,18061.541136196865
Bawang Merah/Kepulauan Riau/2024-12-08,18071.07659403743
Bawang Merah/Kepulauan Riau/2024-12-09,18093.56581052502
Bawang Merah/Kepulauan Riau/2024-12-10,18072.627097136578
Bawang Merah/Kepulauan Riau/2024-12-11,18066.729266685623
Bawang Merah/Kepulauan Riau/2024-12-12,18055.077798931292
Bawang Merah/Kepulauan Riau/2024-12-13,18080.31120069208
Bawang Merah/Kepulauan Riau/2024-12-14,18107.507211312517
Bawang Merah/Kepulauan Riau/2024-12-15,18052.012235453905
Bawang Merah/Kepulauan Riau/2024-12-16,18069.697513248604
Bawang Merah/Kepulauan Riau/2024-12-17,18093.74471026674
Bawang Merah/Kepulauan Riau/2024-12-18,18075.998284719648
Bawang Merah/Kepulauan Riau/2024-12-19,18084.55784533186
Bawang Merah/Kepulauan Riau/2024-12-20,18051.60662742339
Bawang Merah/Kepulauan Riau/2024-12-21,18081.92197213163
Bawang Merah/Kepulauan Riau/2024-12-22,18074.096802920893
Bawang Merah/Kepulauan Riau/2024-12-23,18087.95100718207
Bawang Merah/Kepulauan Riau/2024-12-24,18091.00183810255
Bawang Merah/Kepulauan Riau/2024-12-25,18111.3818339036
Bawang Merah/Kepulauan Riau/2024-12-26,18087.968358566664
Bawang Merah/Kepulauan Riau/2024-12-27,18085.874286572165
Bawang Merah/Kepulauan Riau/2024-12-28,18088.581134332686
Bawang Merah/Kepulauan Riau/2024-12-29,18081.13944383433
Bawang Merah/Kepulauan Riau/2024-12-30,18092.603365517567
Bawang Merah/Kepulauan Riau/2024-12-31,18076.22617345969
Bawang Merah/Lampung/2024-10-01,18083.074090819446
Bawang Merah/Lampung/2024-10-02,18101.316266983828
Bawang Merah/Lampung/2024-10-03,18063.093131198246
Bawang Merah/Lampung/2024-10-04,18098.60618746981
Bawang Merah/Lampung/2024-10-05,18099.20677568867
Bawang Merah/Lampung/2024-10-06,18079.03801942424
Bawang Merah/Lampung/2024-10-07,18048.111675940752
Bawang Merah/Lampung/2024-10-08,18067.063413922555
Bawang Merah/Lampung/2024-10-09,18102.186189314507
Bawang Merah/Lampung/2024-10-10,18075.718845871193
Bawang Merah/Lampung/2024-10-11,18053.49896216428
Bawang Merah/Lampung/2024-10-12,18059.143337408525
Bawang Merah/Lampung/2024-10-13,18087.149618614312
Bawang Merah/Lampung/2024-10-14,18084.56432141444
Bawang Merah/Lampung/2024-10-15,18063.930159619544
Bawang Merah/Lampung/2024-10-16,18060.243207182728
Bawang Merah/Lampung/2024-10-17,18064.474599712164
Bawang Merah/Lampung/2024-10-18,18059.479127088114
Bawang Merah/Lampung/2024-10-19,18095.478104826238
Bawang Merah/Lampung/2024-10-20,18059.68284273335
Bawang Merah/Lampung/2024-10-21,18085.51676105311
Bawang Merah/Lampung/2024-10-22,18093.399835446235
Bawang Merah/Lampung/2024-10-23,18088.196920215192
Bawang Merah/Lampung/2024-10-24,18071.315301966628
Bawang Merah/Lampung/2024-10-25,18080.807174399313
Bawang Merah/Lampung/2024-10-26,18080.140296394187
Bawang Merah/Lampung/2024-10-27,18065.375777598616
Bawang Merah/Lampung/2024-10-28,18081.357750416388
Bawang Merah/Lampung/2024-10-29,18053.87870442851
Bawang Merah/Lampung/2024-10-30,18092.705723592004
Bawang Merah/Lampung/2024-10-31,18064.255349070558
Bawang Merah/Lampung/2024-11-01,18072.84588899992
Bawang Merah/Lampung/2024-11-02,18076.1485846781
Bawang Merah/Lampung/2024-11-03,18064.880718882705
Bawang Merah/Lampung/2024-11-04,18083.91267463038
Bawang Merah/Lampung/2024-11-05,18061.414987228447
Bawang Merah/Lampung/2024-11-06,18085.225302594954
Bawang Merah/Lampung/2024-11-07,18049.64066501298
Bawang Merah/Lampung/2024-11-08,18071.89524240829
Bawang Merah/Lampung/2024-11-09,18102.68949698244
Bawang Merah/Lampung/2024-11-10,18052.209618097033
Bawang Merah/Lampung/2024-11-11,18060.428040696268
Bawang Merah/Lampung/2024-11-12,18075.24506863957
Bawang Merah/Lampung/2024-11-13,18075.70974444103
Bawang Merah/Lampung/2024-11-14,18078.881752161735
Bawang Merah/Lampung/2024-11-15,18072.12481863397
Bawang Merah/Lampung/2024-11-16,18079.535597222548
Bawang Merah/Lampung/2024-11-17,18091.179570706365
Bawang Merah/Lampung/2024-11-18,18080.718182997887
Bawang Merah/Lampung/2024-11-19,18071.33027533364
Bawang Merah/Lampung/2024-11-20,18086.201332267286
Bawang Merah/Lampung/2024-11-21,18108.441014685646
Bawang Merah/Lampung/2024-11-22,18077.28557897757
Bawang Merah/Lampung/2024-11-23,18062.049205564792
Bawang Merah/Lampung/2024-11-24,18096.059720095756
Bawang Merah/Lampung/2024-11-25,18079.920706724308
Bawang Merah/Lampung/2024-11-26,18046.567764767344
Bawang Merah/Lampung/2024-11-27,18086.664971284314
Bawang Merah/Lampung/2024-11-28,18063.448579138992
Bawang Merah/Lampung/2024-11-29,18074.067793925034
Bawang Merah/Lampung/2024-11-30,18074.291307336396
Bawang Merah/Lampung/2024-12-01,18069.034987135987
Bawang Merah/Lampung/2024-12-02,18084.371765918164
Bawang Merah/Lampung/2024-12-03,18062.19594118542
Bawang Merah/Lampung/2024-12-04,18080.03058305058
Bawang Merah/Lampung/2024-12-05,18067.4660520879
Bawang Merah/Lampung/2024-12-06,18083.23145054054
Bawang Merah/Lampung/2024-12-07,18082.780548818453
Bawang Merah/Lampung/2024-12-08,18055.164662891766
Bawang Merah/Lampung/2024-12-09,18091.04180858519
Bawang Merah/Lampung/2024-12-10,18063.603884024018
Bawang Merah/Lampung/2024-12-11,18087.456004793796
Bawang Merah/Lampung/2024-12-12,18078.351236797273
Bawang Merah/Lampung/2024-12-13,18099.97672569639
Bawang Merah/Lampung/2024-12-14,18073.731813997438
Bawang Merah/Lampung/2024-12-15,18069.020531461272
Bawang Merah/Lampung/2024-12-16,18079.205368257262
Bawang Merah/Lampung/2024-12-17,18072.85723619493
Bawang Merah/Lampung/2024-12-18,18091.041078506965
Bawang Merah/Lampung/2024-12-19,18045.992867086014
Bawang Merah/Lampung/2024-12-20,18054.916701616577
Bawang Merah/Lampung/2024-12-21,18055.04751377875
Bawang Merah/Lampung/2024-12-22,18084.09097075095
Bawang Merah/Lampung/2024-12-23,18094.508807910755
Bawang Merah/Lampung/2024-12-24,18058.347620446937
Bawang Merah/Lampung/2024-12-25,18063.22464242034
Bawang Merah/Lampung/2024-12-26,18071.30747376405
Bawang Merah/Lampung/2024-12-27,18094.0170764091
Bawang Merah/Lampung/2024-12-28,18058.071516804615
Bawang Merah/Lampung/2024-12-29,18070.442197660293
Bawang Merah/Lampung/2024-12-30,18085.684221170042
Bawang Merah/Lampung/2024-12-31,18081.104899014084
Bawang Merah/Maluku Utara/2024-10-01,18077.685316547177
Bawang Merah/Maluku Utara/2024-10-02,18085.68620913444
Bawang Merah/Maluku Utara/2024-10-03,18031.31531415375
Bawang Merah/Maluku Utara/2024-10-04,18087.149615628623
Bawang Merah/Maluku Utara/2024-10-05,18062.311912855803
Bawang Merah/Maluku Utara/2024-10-06,18040.327758025716
Bawang Merah/Maluku Utara/2024-10-07,18074.44094126926
Bawang Merah/Maluku Utara/2024-10-08,18081.33033648168
Bawang Merah/Maluku Utara/2024-10-09,18066.378785145167
Bawang Merah/Maluku Utara/2024-10-10,18078.182133915983
Bawang Merah/Maluku Utara/2024-10-11,18089.994504930124
Bawang Merah/Maluku Utara/2024-10-12,18094.538718931548
Bawang Merah/Maluku Utara/2024-10-13,18101.421593274434
Bawang Merah/Maluku Utara/2024-10-14,18087.682089113983
Bawang Merah/Maluku Utara/2024-10-15,18082.89337608938
Bawang Merah/Maluku Utara/2024-10-16,18059.27270007109
Bawang Merah/Maluku Utara/2024-10-17,18080.51367335004
Bawang Merah/Maluku Utara/2024-10-18,18068.0610623927
Bawang Merah/Maluku Utara/2024-10-19,18110.447654977415
Bawang Merah/Maluku Utara/2024-10-20,18070.147414709518
Bawang Merah/Maluku Utara/2024-10-21,18073.54735525356
Bawang Merah/Maluku Utara/2024-10-22,18085.982321001822
Bawang Merah/Maluku Utara/2024-10-23,18078.01208968159
Bawang Merah/Maluku Utara/2024-10-24,18108.820760500337
Bawang Merah/Maluku Utara/2024-10-25,18064.01283822107
Bawang Merah/Maluku Utara/2024-10-26,18080.38604935797
Bawang Merah/Maluku Utara/2024-10-27,18067.89043610414
Bawang Merah/Maluku Utara/2024-10-28,18057.27709957843
Bawang Merah/Maluku Utara/2024-10-29,18068.647031836466
Bawang Merah/Maluku Utara/2024-10-30,18067.555857375493
Bawang Merah/Maluku Utara/2024-10-31,18062.40092549467
Bawang Merah/Maluku Utara/2024-11-01,18054.216097698725
Bawang Merah/Maluku Utara/2024-11-02,18041.32232737057
Bawang Merah/Maluku Utara/2024-11-03,18063.492507939336
Bawang Merah/Maluku Utara/2024-11-04,18037.812634323698
Bawang Merah/Maluku Utara/2024-11-05,18070.652093453064
Bawang Merah/Maluku Utara/2024-11-06,18057.17681049739
Bawang Merah/Maluku Utara/2024-11-07,18032.096791194588
Bawang Merah/Maluku Utara/2024-11-08,18053.79470745376
Bawang Merah/Maluku Utara/2024-11-09,18043.275020832454
Bawang Merah/Maluku Utara/2024-11-10,18064.293895110568
Bawang Merah/Maluku Utara/2024-11-11,18075.32658354726
Bawang Merah/Maluku Utara/2024-11-12,18021.967436802253
Bawang Merah/Maluku Utara/2024-11-13,18059.54197620816
Bawang Merah/Maluku Utara/2024-11-14,18054.854591107134
Bawang Merah/Maluku Utara/2024-11-15,18071.401746267955
Bawang Merah/Maluku Utara/2024-11-16,18061.814080220505
Bawang Merah/Maluku Utara/2024-11-17,18040.37932506107
Bawang Merah/Maluku Utara/2024-11-18,18056.755829153295
Bawang Merah/Maluku Utara/2024-11-19,18048.5162682662
Bawang Merah/Maluku Utara/2024-11-20,18079.207304108495
Bawang Merah/Maluku Utara/2024-11-21,18058.226448067446
Bawang Merah/Maluku Utara/2024-11-22,18087.04009904979
Bawang Merah/Maluku Utara/2024-11-23,18061.434278943405
Bawang Merah/Maluku Utara/2024-11-24,18053.480496061366
Bawang Merah/Maluku Utara/2024-11-25,18045.71456453659
Bawang Merah/Maluku Utara/2024-11-26,18036.820169742135
Bawang Merah/Maluku Utara/2024-11-27,18040.602413847733
Bawang Merah/Maluku Utara/2024-11-28,18060.732904864686
Bawang Merah/Maluku Utara/2024-11-29,18060.891488258894
Bawang Merah/Maluku Utara/2024-11-30,18025.669904758804
Bawang Merah/Maluku Utara/2024-12-01,18065.683469015967
Bawang Merah/Maluku Utara/2024-12-02,18046.787932745887
Bawang Merah/Maluku Utara/2024-12-03,18059.95546323954
Bawang Merah/Maluku Utara/2024-12-04,18081.20732592248
Bawang Merah/Maluku Utara/2024-12-05,18067.75033848955
Bawang Merah/Maluku Utara/2024-12-06,18058.603061011858
Bawang Merah/Maluku Utara/2024-12-07,18047.785643442876
Bawang Merah/Maluku Utara/2024-12-08,18031.87981053619
Bawang Merah/Maluku Utara/2024-12-09,18055.031313236253
Bawang Merah/Maluku Utara/2024-12-10,18056.005072807002
Bawang Merah/Maluku Utara/2024-12-11,18038.822665515647
Bawang Merah/Maluku Utara/2024-12-12,18049.46188032709
Bawang Merah/Maluku Utara/2024-12-13,18052.344124707524
Bawang Merah/Maluku Utara/2024-12-14,18052.192982123317
Bawang Merah/Maluku Utara/2024-12-15,18043.937138813475
Bawang Merah/Maluku Utara/2024-12-16,18054.945591952317
Bawang Merah/Maluku Utara/2024-12-17,18062.31008660176
Bawang Merah/Maluku Utara/2024-12-18,18038.32487947962
Bawang Merah/Maluku Utara/2024-12-19,18078.36669460456
Bawang Merah/Maluku Utara/2024-12-20,18054.452952298037
Bawang Merah/Maluku Utara/2024-12-21,18059.814605009513
Bawang Merah/Maluku Utara/2024-12-22,18071.8613295663
Bawang Merah/Maluku Utara/2024-12-23,18063.463435631576
Bawang Merah/Maluku Utara/2024-12-24,18082.079622230754
Bawang Merah/Maluku Utara/2024-12-25,18067.916939359784
Bawang Merah/Maluku Utara/2024-12-26,18057.00787397793
Bawang Merah/Maluku Utara/2024-12-27,18075.14465191232
Bawang Merah/Maluku Utara/2024-12-28,18050.08638841399
Bawang Merah/Maluku Utara/2024-12-29,18071.410709978358
Bawang Merah/Maluku Utara/2024-12-30,18064.55420936674
Bawang Merah/Maluku Utara/2024-12-31,18060.58210402087
Bawang Merah/Maluku/2024-10-01,18063.827080502797
Bawang Merah/Maluku/2024-10-02,18032.125734491085
Bawang Merah/Maluku/2024-10-03,18056.326094893982
Bawang Merah/Maluku/2024-10-04,18062.787859163607
Bawang Merah/Maluku/2024-10-05,18061.3785116052
Bawang Merah/Maluku/2024-10-06,18040.702197967938
Bawang Merah/Maluku/2024-10-07,18074.42178340827
Bawang Merah/Maluku/2024-10-08,18046.678792486036
Bawang Merah/Maluku/2024-10-09,18076.696111474
Bawang Merah/Maluku/2024-10-10,18066.94510581556
Bawang Merah/Maluku/2024-10-11,18049.27767244678
Bawang Merah/Maluku/2024-10-12,18094.256846774544
Bawang Merah/Maluku/2024-10-13,18043.861413272694
Bawang Merah/Maluku/2024-10-14,18083.2763694742
Bawang Merah/Maluku/2024-10-15,18082.04035516742
Bawang Merah/Maluku/2024-10-16,18055.636055305295
Bawang Merah/Maluku/2024-10-17,18094.97023184348
Bawang Merah/Maluku/2024-10-18,18062.32123509887
Bawang Merah/Maluku/2024-10-19,18079.28765190774
Bawang Merah/Maluku/2024-10-20,18076.670201544624
Bawang Merah/Maluku/2024-10-21,18068.07454190236
Bawang Merah/Maluku/2024-10-22,18088.775843439114
Bawang Merah/Maluku/2024-10-23,18083.1749938438
Bawang Merah/Maluku/2024-10-24,18046.27537849901
Bawang Merah/Maluku/2024-10-25,18094.316742116476
Bawang Merah/Maluku/2024-10-26,18046.056787306567
Bawang Merah/Maluku/2024-10-27,18090.981641645987
Bawang Merah/Maluku/2024-10-28,18088.078809461735
Bawang Merah/Maluku/2024-10-29,18049.270083181495
Bawang Merah/Maluku/2024-10-30,18067.63638142786
Bawang Merah/Maluku/2024-10-31,18049.875290100874
Bawang Merah/Maluku/2024-11-01,18070.632842192732
Bawang Merah/Maluku/2024-11-02,18062.638046225446
Bawang Merah/Maluku/2024-11-03,18072.937367091487
Bawang Merah/Maluku/2024-11-04,18085.28709058407
Bawang Merah/Maluku/2024-11-05,18086.4036422818
Bawang Merah/Maluku/2024-11-06,18061.013732206826
Bawang Merah/Maluku/2024-11-07,18067.58205284387
Bawang Merah/Maluku/2024-11-08,18047.013767215365
Bawang Merah/Maluku/2024-11-09,18060.84216004335
Bawang Merah/Maluku/2024-11-10,18084.45213940317
Bawang Merah/Maluku/2024-11-11,18088.965160497348
Bawang Merah/Maluku/2024-11-12,18044.689392194417
Bawang Merah/Maluku/2024-11-13,18054.593425176576
Bawang Merah/Maluku/2024-11-14,18069.05551960461
Bawang Merah/Maluku/2024-11-15,18076.094817267425
Bawang Merah/Maluku/2024-11-16,18053.88901571418
Bawang Merah/Maluku/2024-11-17,18066.2992443291
Bawang Merah/Maluku/2024-11-18,18056.671248801576
Bawang Merah/Maluku/2024-11-19,18066.76413963967
Bawang Merah/Maluku/2024-11-20,18074.549108818883
Bawang Merah/Maluku/2024-11-21,18062.407128327082
Bawang Merah/Maluku/2024-11-22,18058.162638102367
Bawang Merah/Maluku/2024-11-23,18062.85444444757
Bawang Merah/Maluku/2024-11-24,18065.39899203764
Bawang Merah/Maluku/2024-11-25,18060.365779784654
Bawang Merah/Maluku/2024-11-26,18058.938539065733
Bawang Merah/Maluku/2024-11-27,18088.643915293662
Bawang Merah/Maluku/2024-11-28,18073.817102338027
Bawang Merah/Maluku/2024-11-29,18061.448893290275
Bawang Merah/Maluku/2024-11-30,18078.333810223732
Bawang Merah/Maluku/2024-12-01,18064.599397783684
Bawang Merah/Maluku/2024-12-02,18092.81123384641
Bawang Merah/Maluku/2024-12-03,18075.859218429167
Bawang Merah/Maluku/2024-12-04,18068.187640875545
Bawang Merah/Maluku/2024-12-05,18080.94903637643
Bawang Merah/Maluku/2024-12-06,18047.808741493063
Bawang Merah/Maluku/2024-12-07,18057.66933367838
Bawang Merah/Maluku/2024-12-08,18050.11603967255
Bawang Merah/Maluku/2024-12-09,18068.217306109687
Bawang Merah/Maluku/2024-12-10,18092.04926704553
Bawang Merah/Maluku/2024-12-11,18094.943773761894
Bawang Merah/Maluku/2024-12-12,18074.89389799977
Bawang Merah/Maluku/2024-12-13,18077.10807992644
Bawang Merah/Maluku/2024-12-14,18047.91789230393
Bawang Merah/Maluku/2024-12-15,18071.200785284553
Bawang Merah/Maluku/2024-12-16,18062.763893657237
Bawang Merah/Maluku/2024-12-17,18058.455499652806
Bawang Merah/Maluku/2024-12-18,18063.005918329716
Bawang Merah/Maluku/2024-12-19,18053.840624385975
Bawang Merah/Maluku/2024-12-20,18033.235828777862
Bawang Merah/Maluku/2024-12-21,18073.40548836702
Bawang Merah/Maluku/2024-12-22,18042.204485257847
Bawang Merah/Maluku/2024-12-23,18062.199738780462
Bawang Merah/Maluku/2024-12-24,18089.114698400623
Bawang Merah/Maluku/2024-12-25,18041.699445466118
Bawang Merah/Maluku/2024-12-26,18023.19587638164
Bawang Merah/Maluku/2024-12-27,18054.434547537337
Bawang Merah/Maluku/2024-12-28,18080.121980898788
Bawang Merah/Maluku/2024-12-29,18092.57525977274
Bawang Merah/Maluku/2024-12-30,18032.3763605802
Bawang Merah/Maluku/2024-12-31,18064.124837416635
Bawang Merah/Nusa Tenggara Barat/2024-10-01,18059.295140158116
Bawang Merah/Nusa Tenggara Barat/2024-10-02,18068.218552073235
Bawang Merah/Nusa Tenggara Barat/2024-10-03,18108.394993598366
Bawang Merah/Nusa Tenggara Barat/2024-10-04,18033.824622931174
Bawang Merah/Nusa Tenggara Barat/2024-10-05,18071.316103147106
Bawang Merah/Nusa Tenggara Barat/2024-10-06,18075.850576821384
Bawang Merah/Nusa Tenggara Barat/2024-10-07,18088.921160630252
Bawang Merah/Nusa Tenggara Barat/2024-10-08,18074.701346520025
Bawang Merah/Nusa Tenggara Barat/2024-10-09,18067.698131476256
Bawang Merah/Nusa Tenggara Barat/2024-10-10,18067.147532114534
Bawang Merah/Nusa Tenggara Barat/2024-10-11,18078.92295440207
Bawang Merah/Nusa Tenggara Barat/2024-10-12,18068.991415696502
Bawang Merah/Nusa Tenggara Barat/2024-10-13,18080.18320900383
Bawang Merah/Nusa Tenggara Barat/2024-10-14,18063.48061784725
Bawang Merah/Nusa Tenggara Barat/2024-10-15,18076.665021937366
Bawang Merah/Nusa Tenggara Barat/2024-10-16,18071.75928162151
Bawang Merah/Nusa Tenggara Barat/2024-10-17,18088.70757983093
Bawang Merah/Nusa Tenggara Barat/2024-10-18,18071.296573616746
Bawang Merah/Nusa Tenggara Barat/2024-10-19,18041.957768738393
Bawang Merah/Nusa Tenggara Barat/2024-10-20,18093.17544005185
Bawang Merah/Nusa Tenggara Barat/2024-10-21,18057.15026636727
Bawang Merah/Nusa Tenggara Barat/2024-10-22,18061.13100860325
Bawang Merah/Nusa Tenggara Barat/2024-10-23,18056.12889869688
Bawang Merah/Nusa Tenggara Barat/2024-10-24,18085.626026872666
Bawang Merah/Nusa Tenggara Barat/2024-10-25,18036.112283930546
Bawang Merah/Nusa Tenggara Barat/2024-10-26,18112.94950930596
Bawang Merah/Nusa Tenggara Barat/2024-10-27,18081.99868264021
Bawang Merah/Nusa Tenggara Barat/2024-10-28,18071.5729990918
Bawang Merah/Nusa Tenggara Barat/2024-10-29,18072.56629045416
Bawang Merah/Nusa Tenggara Barat/2024-10-30,18075.30673100709
Bawang Merah/Nusa Tenggara Barat/2024-10-31,18091.279207097003
Bawang Merah/Nusa Tenggara Barat/2024-11-01,18084.40034964476
Bawang Merah/Nusa Tenggara Barat/2024-11-02,18081.99271746963
Bawang Merah/Nusa Tenggara Barat/2024-11-03,18076.78343836054
Bawang Merah/Nusa Tenggara Barat/2024-11-04,18074.59577655479
Bawang Merah/Nusa Tenggara Barat/2024-11-05,18077.19190101896
Bawang Merah/Nusa Tenggara Barat/2024-11-06,18073.477036798344
Bawang Merah/Nusa Tenggara Barat/2024-11-07,18093.103801120375
Bawang Merah/Nusa Tenggara Barat/2024-11-08,18083.382042818015
Bawang Merah/Nusa Tenggara Barat/2024-11-09,18027.06087563605
Bawang Merah/Nusa Tenggara Barat/2024-11-10,18084.950626251528
Bawang Merah/Nusa Tenggara Barat/2024-11-11,18076.319490376718
Bawang Merah/Nusa Tenggara Barat/2024-11-12,18072.767746810434
Bawang Merah/Nusa Tenggara Barat/2024-11-13,18060.54472069935
Bawang Merah/Nusa Tenggara Barat/2024-11-14,18079.997273030287
Bawang Merah/Nusa Tenggara Barat/2024-11-15,18089.3248521696
Bawang Merah/Nusa Tenggara Barat/2024-11-16,18058.960814992533
Bawang Merah/Nusa Tenggara Barat/2024-11-17,18077.139102190224
Bawang Merah/Nusa Tenggara Barat/2024-11-18,18054.916665643155
Bawang Merah/Nusa Tenggara Barat/2024-11-19,18051.61380226323
Bawang Merah/Nusa Tenggara Barat/2024-11-20,18060.753877803218
Bawang Merah/Nusa Tenggara Barat/2024-11-21,18077.60360287057
Bawang Merah/Nusa Tenggara Barat/2024-11-22,18080.281718506423
Bawang Merah/Nusa Tenggara Barat/2024-11-23,18069.68096634698
Bawang Merah/Nusa Tenggara Barat/2024-11-24,18076.23243206734
Bawang Merah/Nusa Tenggara Barat/2024-11-25,18078.160430134692
Bawang Merah/Nusa Tenggara Barat/2024-11-26,18063.410115669834
Bawang Merah/Nusa Tenggara Barat/2024-11-27,18079.909462445336
Bawang Merah/Nusa Tenggara Barat/2024-11-28,18084.05336054518
Bawang Merah/Nusa Tenggara Barat/2024-11-29,18084.848130190603
Bawang Merah/Nusa Tenggara Barat/2024-11-30,18092.151760828718
Bawang Merah/Nusa Tenggara Barat/2024-12-01,18084.75404565104
Bawang Merah/Nusa Tenggara Barat/2024-12-02,18084.425185431046
Bawang Merah/Nusa Tenggara Barat/2024-12-03,18097.599282206065
Bawang Merah/Nusa Tenggara Barat/2024-12-04,18080.921317440578
Bawang Merah/Nusa Tenggara Barat/2024-12-05,18067.993228106916
Bawang Merah/Nusa Tenggara Barat/2024-12-06,18077.62037946689
Bawang Merah/Nusa Tenggara Barat/2024-12-07,18067.64324220007
Bawang Merah/Nusa Tenggara Barat/2024-12-08,18067.54812071246
Bawang Merah/Nusa Tenggara Barat/2024-12-09,18069.88333375599
Bawang Merah/Nusa Tenggara Barat/2024-12-10,18056.71100811804
Bawang Merah/Nusa Tenggara Barat/2024-12-11,18064.750739204537
Bawang Merah/Nusa Tenggara Barat/2024-12-12,18036.08753144987
Bawang Merah/Nusa Tenggara Barat/2024-12-13,18068.372750861243
Bawang Merah/Nusa Tenggara Barat/2024-12-14,18062.807058383514
Bawang Merah/Nusa Tenggara Barat/2024-12-15,18046.377052234693
Bawang Merah/Nusa Tenggara Barat/2024-12-16,18070.095032239104
Bawang Merah/Nusa Tenggara Barat/2024-12-17,18072.268838648073
Bawang Merah/Nusa Tenggara Barat/2024-12-18,18038.115885562715
Bawang Merah/Nusa Tenggara Barat/2024-12-19,18049.39500801368
Bawang Merah/Nusa Tenggara Barat/2024-12-20,18047.53253958616
Bawang Merah/Nusa Tenggara Barat/2024-12-21,18047.379017507912
Bawang Merah/Nusa Tenggara Barat/2024-12-22,18071.243749271984
Bawang Merah/Nusa Tenggara Barat/2024-12-23,18048.79718289338
Bawang Merah/Nusa Tenggara Barat/2024-12-24,18051.38406236331
Bawang Merah/Nusa Tenggara Barat/2024-12-25,18024.290474190806
Bawang Merah/Nusa Tenggara Barat/2024-12-26,18067.65781386342
Bawang Merah/Nusa Tenggara Barat/2024-12-27,18038.68099126825
Bawang Merah/Nusa Tenggara Barat/2024-12-28,18053.329366995495
Bawang Merah/Nusa Tenggara Barat/2024-12-29,18056.294222968594
Bawang Merah/Nusa Tenggara Barat/2024-12-30,18072.67894293501
Bawang Merah/Nusa Tenggara Barat/2024-12-31,18037.85465695311
Bawang Merah/Nusa Tenggara Timur/2024-10-01,18006.263469894737
Bawang Merah/Nusa Tenggara Timur/2024-10-02,18060.47920889953
Bawang Merah/Nusa Tenggara Timur/2024-10-03,18084.94020727325
Bawang Merah/Nusa Tenggara Timur/2024-10-04,18074.343060379644
Bawang Merah/Nusa Tenggara Timur/2024-10-05,18051.906863220927
Bawang Merah/Nusa Tenggara Timur/2024-10-06,18044.834598682133
Bawang Merah/Nusa Tenggara Timur/2024-10-07,18080.76116611066
Bawang Merah/Nusa Tenggara Timur/2024-10-08,18053.723161295326
Bawang Merah/Nusa Tenggara Timur/2024-10-09,18071.191267999588
Bawang Merah/Nusa Tenggara Timur/2024-10-10,18067.888290926367
Bawang Merah/Nusa Tenggara Timur/2024-10-11,18079.668540698134
Bawang Merah/Nusa Tenggara Timur/2024-10-12,18113.53719172628
Bawang Merah/Nusa Tenggara Timur/2024-10-13,18073.59434248584
Bawang Merah/Nusa Tenggara Timur/2024-10-14,18065.89269199142
Bawang Merah/Nusa Tenggara Timur/2024-10-15,18076.161822507358
Bawang Merah/Nusa Tenggara Timur/2024-10-16,18051.741039486384
Bawang Merah/Nusa Tenggara Timur/2024-10-17,18068.85305300717
Bawang Merah/Nusa Tenggara Timur/2024-10-18,18061.83981410432
Bawang Merah/Nusa Tenggara Timur/2024-10-19,18057.848832879725
Bawang Merah/Nusa Tenggara Timur/2024-10-20,18068.2603367798
Bawang Merah/Nusa Tenggara Timur/2024-10-21,18048.70664842768
Bawang Merah/Nusa Tenggara Timur/2024-10-22,18082.706834785993
Bawang Merah/Nusa Tenggara Timur/2024-10-23,18063.045056048355
Bawang Merah/Nusa Tenggara Timur/2024-10-24,18063.380508392947
Bawang Merah/Nusa Tenggara Timur/2024-10-25,18060.12820944698
Bawang Merah/Nusa Tenggara Timur/2024-10-26,18066.767351286424
Bawang Merah/Nusa Tenggara Timur/2024-10-27,18082.398691532882
Bawang Merah/Nusa Tenggara Timur/2024-10-28,18050.81998181243
Bawang Merah/Nusa Tenggara Timur/2024-10-29,18054.765860384898
Bawang Merah/Nusa Tenggara Timur/2024-10-30,18060.578392575604
Bawang Merah/Nusa Tenggara Timur/2024-10-31,18044.64084966123
Bawang Merah/Nusa Tenggara Timur/2024-11-01,18051.43638495973
Bawang Merah/Nusa Tenggara Timur/2024-11-02,18049.405921662037
Bawang Merah/Nusa Tenggara Timur/2024-11-03,18071.64662564546
Bawang Merah/Nusa Tenggara Timur/2024-11-04,18061.704348131563
Bawang Merah/Nusa Tenggara Timur/2024-11-05,18059.11428444054
Bawang Merah/Nusa Tenggara Timur/2024-11-06,18073.22033298312
Bawang Merah/Nusa Tenggara Timur/2024-11-07,18059.98675267592
Bawang Merah/Nusa Tenggara Timur/2024-11-08,18072.59274375646
Bawang Merah/Nusa Tenggara Timur/2024-11-09,18062.87347824958
Bawang Merah/Nusa Tenggara Timur/2024-11-10,18069.80272952822
Bawang Merah/Nusa Tenggara Timur/2024-11-11,18058.281105343503
Bawang Merah/Nusa Tenggara Timur/2024-11-12,18026.23014210337
Bawang Merah/Nusa Tenggara Timur/2024-11-13,18063.586888670332
Bawang Merah/Nusa Tenggara Timur/2024-11-14,18084.62196618866
Bawang Merah/Nusa Tenggara Timur/2024-11-15,18075.600812519984
Bawang Merah/Nusa Tenggara Timur/2024-11-16,18073.704880186997
Bawang Merah/Nusa Tenggara Timur/2024-11-17,18079.29261569595
Bawang Merah/Nusa Tenggara Timur/2024-11-18,18073.138829935157
Bawang Merah/Nusa Tenggara Timur/2024-11-19,18078.458612391118
Bawang Merah/Nusa Tenggara Timur/2024-11-20,18063.088994764043
Bawang Merah/Nusa Tenggara Timur/2024-11-21,18067.61568349526
Bawang Merah/Nusa Tenggara Timur/2024-11-22,18082.479811884637
Bawang Merah/Nusa Tenggara Timur/2024-11-23,18090.242166142372
Bawang Merah/Nusa Tenggara Timur/2024-11-24,18069.07428493245
Bawang Merah/Nusa Tenggara Timur/2024-11-25,18062.996737833342
Bawang Merah/Nusa Tenggara Timur/2024-11-26,18073.366990669172
Bawang Merah/Nusa Tenggara Timur/2024-11-27,18085.26441470072
Bawang Merah/Nusa Tenggara Timur/2024-11-28,18050.563518239444
Bawang Merah/Nusa Tenggara Timur/2024-11-29,18031.46296279538
Bawang Merah/Nusa Tenggara Timur/2024-11-30,18058.143256246574
Bawang Merah/Nusa Tenggara Timur/2024-12-01,18046.785491218292
Bawang Merah/Nusa Tenggara Timur/2024-12-02,18053.76668635098
Bawang Merah/Nusa Tenggara Timur/2024-12-03,18050.00726356465
Bawang Merah/Nusa Tenggara Timur/2024-12-04,18044.299057046654
Bawang Merah/Nusa Tenggara Timur/2024-12-05,18080.111704339142
Bawang Merah/Nusa Tenggara Timur/2024-12-06,18060.676522606147
Bawang Merah/Nusa Tenggara Timur/2024-12-07,18062.862213045304
Bawang Merah/Nusa Tenggara Timur/2024-12-08,18069.388109434945
Bawang Merah/Nusa Tenggara Timur/2024-12-09,18044.20260377193
Bawang Merah/Nusa Tenggara Timur/2024-12-10,18084.643961276717
Bawang Merah/Nusa Tenggara Timur/2024-12-11,18062.34199853779
Bawang Merah/Nusa Tenggara Timur/2024-12-12,18075.36640694396
Bawang Merah/Nusa Tenggara Timur/2024-12-13,18048.16041878044
Bawang Merah/Nusa Tenggara Timur/2024-12-14,18038.893490050912
Bawang Merah/Nusa Tenggara Timur/2024-12-15,18082.279966434922
Bawang Merah/Nusa Tenggara Timur/2024-12-16,18069.017900981755
Bawang Merah/Nusa Tenggara Timur/2024-12-17,18048.311030533092
Bawang Merah/Nusa Tenggara Timur/2024-12-18,18044.257782623452
Bawang Merah/Nusa Tenggara Timur/2024-12-19,18078.832338597298
Bawang Merah/Nusa Tenggara Timur/2024-12-20,18047.911456866263
Bawang Merah/Nusa Tenggara Timur/2024-12-21,18087.517531760936
Bawang Merah/Nusa Tenggara Timur/2024-12-22,18043.972682218875
Bawang Merah/Nusa Tenggara Timur/2024-12-23,18072.057862529622
Bawang Merah/Nusa Tenggara Timur/2024-12-24,18061.99990744573
Bawang Merah/Nusa Tenggara Timur/2024-12-25,18072.894698432166
Bawang Merah/Nusa Tenggara Timur/2024-12-26,18059.376859350516
Bawang Merah/Nusa Tenggara Timur/2024-12-27,18058.991351749995
Bawang Merah/Nusa Tenggara Timur/2024-12-28,18067.807557128905
Bawang Merah/Nusa Tenggara Timur/2024-12-29,18048.93766928292
Bawang Merah/Nusa Tenggara Timur/2024-12-30,18077.24187305035
Bawang Merah/Nusa Tenggara Timur/2024-12-31,18054.111370296367
Bawang Merah/Papua Barat/2024-10-01,18059.28834807303
Bawang Merah/Papua Barat/2024-10-02,18047.63115900995
Bawang Merah/Papua Barat/2024-10-03,18019.838542544145
Bawang Merah/Papua Barat/2024-10-04,18059.546277588102
Bawang Merah/Papua Barat/2024-10-05,18094.145375776356
Bawang Merah/Papua Barat/2024-10-06,18067.65562887106
Bawang Merah/Papua Barat/2024-10-07,18053.795411989802
Bawang Merah/Papua Barat/2024-10-08,18052.595419161673
Bawang Merah/Papua Barat/2024-10-09,18069.152288104797
Bawang Merah/Papua Barat/2024-10-10,18079.818284587887
Bawang Merah/Papua Barat/2024-10-11,18044.12261091621
Bawang Merah/Papua Barat/2024-10-12,18079.355745273206
Bawang Merah/Papua Barat/2024-10-13,18075.540161229746
Bawang Merah/Papua Barat/2024-10-14,18079.774219042432
Bawang Merah/Papua Barat/2024-10-15,18075.728148834485
Bawang Merah/Papua Barat/2024-10-16,18066.442427471266
Bawang Merah/Papua Barat/2024-10-17,18085.09265441976
Bawang Merah/Papua Barat/2024-10-18,18082.960012791773
Bawang Merah/Papua Barat/2024-10-19,18068.192274516947
Bawang Merah/Papua Barat/2024-10-20,18063.690259940104
Bawang Merah/Papua Barat/2024-10-21,18074.15881704249
Bawang Merah/Papua Barat/2024-10-22,18099.78732926361
Bawang Merah/Papua Barat/2024-10-23,18052.537480603307
Bawang Merah/Papua Barat/2024-10-24,18046.166135383435
Bawang Merah/Papua Barat/2024-10-25,18072.726460809004
Bawang Merah/Papua Barat/2024-10-26,18072.386790698038
Bawang Merah/Papua Barat/2024-10-27,18073.04215116277
Bawang Merah/Papua Barat/2024-10-28,18064.625404012026
Bawang Merah/Papua Barat/2024-10-29,18060.34560652176
Bawang Merah/Papua Barat/2024-10-30,18093.909341891555
Bawang Merah/Papua Barat/2024-10-31,18043.707969278086
Bawang Merah/Papua Barat/2024-11-01,18055.173310354043
Bawang Merah/Papua Barat/2024-11-02,18064.711860251504
Bawang Merah/Papua Barat/2024-11-03,18039.643353111504
Bawang Merah/Papua Barat/2024-11-04,18063.59043403058
Bawang Merah/Papua Barat/2024-11-05,18082.779095945916
Bawang Merah/Papua Barat/2024-11-06,18060.314351091125
Bawang Merah/Papua Barat/2024-11-07,18065.395529998626
Bawang Merah/Papua Barat/2024-11-08,18040.54498089244
Bawang Merah/Papua Barat/2024-11-09,18057.19188642552
Bawang Merah/Papua Barat/2024-11-10,18060.77237816337
Bawang Merah/Papua Barat/2024-11-11,18055.078494892376
Bawang Merah/Papua Barat/2024-11-12,18079.76561138711
Bawang Merah/Papua Barat/2024-11-13,18065.892784468222
Bawang Merah/Papua Barat/2024-11-14,18044.69167103258
Bawang Merah/Papua Barat/2024-11-15,18067.90819890566
Bawang Merah/Papua Barat/2024-11-16,18072.43724912996
Bawang Merah/Papua Barat/2024-11-17,18085.568735893696
Bawang Merah/Papua Barat/2024-11-18,18089.10443684564
Bawang Merah/Papua Barat/2024-11-19,18048.188839762395
Bawang Merah/Papua Barat/2024-11-20,18058.913267298718
Bawang Merah/Papua Barat/2024-11-21,18052.79575237128
Bawang Merah/Papua Barat/2024-11-22,18068.369982165405
Bawang Merah/Papua Barat/2024-11-23,18074.15143415561
Bawang Merah/Papua Barat/2024-11-24,18074.938757459502
Bawang Merah/Papua Barat/2024-11-25,18061.988795813246
Bawang Merah/Papua Barat/2024-11-26,18059.933584680275
Bawang Merah/Papua Barat/2024-11-27,18071.56236173612
Bawang Merah/Papua Barat/2024-11-28,18055.69204600445
Bawang Merah/Papua Barat/2024-11-29,18100.741821666557
Bawang Merah/Papua Barat/2024-11-30,18039.220835144304
Bawang Merah/Papua Barat/2024-12-01,18069.333173911356
Bawang Merah/Papua Barat/2024-12-02,18100.984426930576
Bawang Merah/Papua Barat/2024-12-03,18068.31327091227
Bawang Merah/Papua Barat/2024-12-04,18070.28212633341
Bawang Merah/Papua Barat/2024-12-05,18059.510637990243
Bawang Merah/Papua Barat/2024-12-06,18071.415330519787
Bawang Merah/Papua Barat/2024-12-07,18097.95566218525
Bawang Merah/Papua Barat/2024-12-08,18032.647745014496
Bawang Merah/Papua Barat/2024-12-09,18093.10268704708
Bawang Merah/Papua Barat/2024-12-10,18045.21332600728
Bawang Merah/Papua Barat/2024-12-11,18066.454944272373
Bawang Merah/Papua Barat/2024-12-12,18062.928390894966
Bawang Merah/Papua Barat/2024-12-13,18069.58907874886
Bawang Merah/Papua Barat/2024-12-14,18043.1964867579
Bawang Merah/Papua Barat/2024-12-15,18067.57409346806
Bawang Merah/Papua Barat/2024-12-16,18097.06922543519
Bawang Merah/Papua Barat/2024-12-17,18042.231415135604
Bawang Merah/Papua Barat/2024-12-18,18067.78641067081
Bawang Merah/Papua Barat/2024-12-19,18052.41383615831
Bawang Merah/Papua Barat/2024-12-20,18075.931445464692
Bawang Merah/Papua Barat/2024-12-21,18069.256180703578
Bawang Merah/Papua Barat/2024-12-22,18049.264322146973
Bawang Merah/Papua Barat/2024-12-23,18072.987811683888
Bawang Merah/Papua Barat/2024-12-24,18093.14522307422
Bawang Merah/Papua Barat/2024-12-25,18065.560176545616
Bawang Merah/Papua Barat/2024-12-26,18078.695143821027
Bawang Merah/Papua Barat/2024-12-27,18046.64364167982
Bawang Merah/Papua Barat/2024-12-28,18058.162638738235
Bawang Merah/Papua Barat/2024-12-29,18080.49760370885
Bawang Merah/Papua Barat/2024-12-30,18089.739608234464
Bawang Merah/Papua Barat/2024-12-31,18072.436698605372
Bawang Merah/Papua/2024-10-01,18058.999985669674
Bawang Merah/Papua/2024-10-02,18070.641975455248
Bawang Merah/Papua/2024-10-03,18054.792429405228
Bawang Merah/Papua/2024-10-04,18082.29745918048
Bawang Merah/Papua/2024-10-05,18081.040528560065
Bawang Merah/Papua/2024-10-06,18058.439209981807
Bawang Merah/Papua/2024-10-07,18060.91537159029
Bawang Merah/Papua/2024-10-08,18072.121833036086
Bawang Merah/Papua/2024-10-09,18064.984834860967
Bawang Merah/Papua/2024-10-10,18067.301787142755
Bawang Merah/Papua/2024-10-11,18098.0539519269
Bawang Merah/Papua/2024-10-12,18063.271958074663
Bawang Merah/Papua/2024-10-13,18064.615002718914
Bawang Merah/Papua/2024-10-14,18059.936282066155
Bawang Merah/Papua/2024-10-15,18084.104979882195
Bawang Merah/Papua/2024-10-16,18070.847824539393
Bawang Merah/Papua/2024-10-17,18055.667693782078
Bawang Merah/Papua/2024-10-18,18088.60248027891
Bawang Merah/Papua/2024-10-19,18091.753569689747
Bawang Merah/Papua/2024-10-20,18063.484272373018
Bawang Merah/Papua/2024-10-21,18040.543356560105
Bawang Merah/Papua/2024-10-22,18086.723013269515
Bawang Merah/Papua/2024-10-23,18064.14003404919
Bawang Merah/Papua/2024-10-24,18083.218661139887
Bawang Merah/Papua/2024-10-25,18032.162823343413
Bawang Merah/Papua/2024-10-26,18078.217476283015
Bawang Merah/Papua/2024-10-27,18051.52125862993
Bawang Merah/Papua/2024-10-28,18076.75078090009
Bawang Merah/Papua/2024-10-29,18065.104198472112
Bawang Merah/Papua/2024-10-30,18043.484134651604
Bawang Merah/Papua/2024-10-31,18060.562356982045
Bawang Merah/Papua/2024-11-01,18073.507965798584
Bawang Merah/Papua/2024-11-02,18067.193338199377
Bawang Merah/Papua/2024-11-03,18070.994772088055
Bawang Merah/Papua/2024-11-04,18092.701119526475
Bawang Merah/Papua/2024-11-05,18042.607827998276
Bawang Merah/Papua/2024-11-06,18096.618395627207
Bawang Merah/Papua/2024-11-07,18072.006039928423
Bawang Merah/Papua/2024-11-08,18057.754548188983
Bawang Merah/Papua/2024-11-09,18051.429749912313
Bawang Merah/Papua/2024-11-10,18062.81366345507
Bawang Merah/Papua/2024-11-11,18087.558772636366
Bawang Merah/Papua/2024-11-12,18062.58514139606
Bawang Merah/Papua/2024-11-13,18086.98454452724
Bawang Merah/Papua/2024-11-14,18041.935495272755
Bawang Merah/Papua/2024-11-15,18069.877945289605
Bawang Merah/Papua/2024-11-16,18051.8179432168
Bawang Merah/Papua/2024-11-17,18071.817497745855
Bawang Merah/Papua/2024-11-18,18080.748682558333
Bawang Merah/Papua/2024-11-19,18053.140398663672
Bawang Merah/Papua/2024-11-20,18024.012647604497
Bawang Merah/Papua/2024-11-21,18066.432881677367
Bawang Merah/Papua/2024-11-22,18072.30045010588
Bawang Merah/Papua/2024-11-23,18068.443660202964
Bawang Merah/Papua/2024-11-24,18075.41452312448
Bawang Merah/Papua/2024-11-25,18039.763324108822
Bawang Merah/Papua/2024-11-26,18078.76502535041
Bawang Merah/Papua/2024-11-27,18087.1085090445
Bawang Merah/Papua/2024-11-28,18038.175595440145
Bawang Merah/Papua/2024-11-29,18071.255482307148
Bawang Merah/Papua/2024-11-30,18054.666934535497
Bawang Merah/Papua/2024-12-01,18068.45264693077
Bawang Merah/Papua/2024-12-02,18071.652234903864
Bawang Merah/Papua/2024-12-03,18051.161209198384
Bawang Merah/Papua/2024-12-04,18054.751096404896
Bawang Merah/Papua/2024-12-05,18063.513937525557
Bawang Merah/Papua/2024-12-06,18047.305858822485
Bawang Merah/Papua/2024-12-07,18044.812039393473
Bawang Merah/Papua/2024-12-08,18068.54997910292
Bawang Merah/Papua/2024-12-09,18040.036825435633
Bawang Merah/Papua/2024-12-10,18069.06926895932
Bawang Merah/Papua/2024-12-11,18063.074241573715
Bawang Merah/Papua/2024-12-12,18030.03034513207
Bawang Merah/Papua/2024-12-13,18049.776911927882
Bawang Merah/Papua/2024-12-14,18075.464237189266
Bawang Merah/Papua/2024-12-15,18044.56859942005
Bawang Merah/Papua/2024-12-16,18048.76142529088
Bawang Merah/Papua/2024-12-17,18060.244735571338
Bawang Merah/Papua/2024-12-18,18071.964369483747
Bawang Merah/Papua/2024-12-19,18057.74162254568
Bawang Merah/Papua/2024-12-20,18047.19150645504
Bawang Merah/Papua/2024-12-21,18083.162167202772
Bawang Merah/Papua/2024-12-22,18091.895751610544
Bawang Merah/Papua/2024-12-23,18081.73668706626
Bawang Merah/Papua/2024-12-24,18067.001771835952
Bawang Merah/Papua/2024-12-25,18056.705763571546
Bawang Merah/Papua/2024-12-26,18064.12524618629
Bawang Merah/Papua/2024-12-27,18083.57696807235
Bawang Merah/Papua/2024-12-28,18076.3695697436
Bawang Merah/Papua/2024-12-29,18088.930257634238
Bawang Merah/Papua/2024-12-30,18078.159185596436
Bawang Merah/Papua/2024-12-31,18048.720715550564
Bawang Merah/Riau/2024-10-01,18093.27691806336
Bawang Merah/Riau/2024-10-02,18058.39333186196
Bawang Merah/Riau/2024-10-03,18067.863310973775
Bawang Merah/Riau/2024-10-04,18073.20605212736
Bawang Merah/Riau/2024-10-05,18098.753419751287
Bawang Merah/Riau/2024-10-06,18123.939385488542
Bawang Merah/Riau/2024-10-07,18080.312654954356
Bawang Merah/Riau/2024-10-08,18075.080782756122
Bawang Merah/Riau/2024-10-09,18092.547632225745
Bawang Merah/Riau/2024-10-10,18103.720571748963
Bawang Merah/Riau/2024-10-11,18083.29065598237
Bawang Merah/Riau/2024-10-12,18108.08978719337
Bawang Merah/Riau/2024-10-13,18085.558744427126
Bawang Merah/Riau/2024-10-14,18094.91464490538
Bawang Merah/Riau/2024-10-15,18098.342985228363
Bawang Merah/Riau/2024-10-16,18091.854509211513
Bawang Merah/Riau/2024-10-17,18101.832468006894
Bawang Merah/Riau/2024-10-18,18074.73072972625
Bawang Merah/Riau/2024-10-19,18077.68512321233
Bawang Merah/Riau/2024-10-20,18067.742067877236
Bawang Merah/Riau/2024-10-21,18089.074148828047
Bawang Merah/Riau/2024-10-22,18092.16516913302
Bawang Merah/Riau/2024-10-23,18081.249468240178
Bawang Merah/Riau/2024-10-24,18102.53345354607
Bawang Merah/Riau/2024-10-25,18077.27531728034
Bawang Merah/Riau/2024-10-26,18093.53880829068
Bawang Merah/Riau/2024-10-27,18065.15467262
Bawang Merah/Riau/2024-10-28,18074.78226123478
Bawang Merah/Riau/2024-10-29,18092.938893049413
Bawang Merah/Riau/2024-10-30,18089.744261677326
Bawang Merah/Riau/2024-10-31,18072.646012896363
Bawang Merah/Riau/2024-11-01,18072.551401625693
Bawang Merah/Riau/2024-11-02,18053.2533246314
Bawang Merah/Riau/2024-11-03,18072.915526917346
Bawang Merah/Riau/2024-11-04,18088.001394072347
Bawang Merah/Riau/2024-11-05,18078.1025830325
Bawang Merah/Riau/2024-11-06,18076.771177495095
Bawang Merah/Riau/2024-11-07,18069.61485529249
Bawang Merah/Riau/2024-11-08,18075.095634787296
Bawang Merah/Riau/2024-11-09,18065.620129722232
Bawang Merah/Riau/2024-11-10,18083.948777891943
Bawang Merah/Riau/2024-11-11,18078.34497561802
Bawang Merah/Riau/2024-11-12,18078.78694713625
Bawang Merah/Riau/2024-11-13,18063.968292520716
Bawang Merah/Riau/2024-11-14,18037.578649561812
Bawang Merah/Riau/2024-11-15,18091.48595459756
Bawang Merah/Riau/2024-11-16,18062.341954617088
Bawang Merah/Riau/2024-11-17,18053.25421054863
Bawang Merah/Riau/2024-11-18,18074.157258074974
Bawang Merah/Riau/2024-11-19,18056.35227283453
Bawang Merah/Riau/2024-11-20,18087.693782977465
Bawang Merah/Riau/2024-11-21,18073.885806907812
Bawang Merah/Riau/2024-11-22,18076.422158305828
Bawang Merah/Riau/2024-11-23,18048.42305549502
Bawang Merah/Riau/2024-11-24,18088.932879400727
Bawang Merah/Riau/2024-11-25,18078.259597147164
Bawang Merah/Riau/2024-11-26,18064.25721881238
Bawang Merah/Riau/2024-11-27,18071.93890680744
Bawang Merah/Riau/2024-11-28,18039.31805019851
Bawang Merah/Riau/2024-11-29,18080.341852612895
Bawang Merah/Riau/2024-11-30,18051.460524507733
Bawang Merah/Riau/2024-12-01,18042.110922265965
Bawang Merah/Riau/2024-12-02,18037.86583602848
Bawang Merah/Riau/2024-12-03,18075.15465359334
Bawang Merah/Riau/2024-12-04,18051.505477298353
Bawang Merah/Riau/2024-12-05,18078.994070138655
Bawang Merah/Riau/2024-12-06,18046.52106936936
Bawang Merah/Riau/2024-12-07,18031.695532589893
Bawang Merah/Riau/2024-12-08,18046.63069309856
Bawang Merah/Riau/2024-12-09,18078.723197306623
Bawang Merah/Riau/2024-12-10,18057.26878806586
Bawang Merah/Riau/2024-12-11,18043.802280514945
Bawang Merah/Riau/2024-12-12,18056.537609244788
Bawang Merah/Riau/2024-12-13,18068.461349478115
Bawang Merah/Riau/2024-12-14,18082.02327475859
Bawang Merah/Riau/2024-12-15,18082.558030141543
Bawang Merah/Riau/2024-12-16,18055.242960089046
Bawang Merah/Riau/2024-12-17,18046.14688367675
Bawang Merah/Riau/2024-12-18,18063.97234100455
Bawang Merah/Riau/2024-12-19,18074.47792926619
Bawang Merah/Riau/2024-12-20,18050.167004536273
Bawang Merah/Riau/2024-12-21,18044.05467580188
Bawang Merah/Riau/2024-12-22,18065.39580396877
Bawang Merah/Riau/2024-12-23,18062.508393001983
Bawang Merah/Riau/2024-12-24,18062.620527245777
Bawang Merah/Riau/2024-12-25,18045.184830386188
Bawang Merah/Riau/2024-12-26,18055.306715431347
Bawang Merah/Riau/2024-12-27,18047.86271285733
Bawang Merah/Riau/2024-12-28,18074.62373022829
Bawang Merah/Riau/2024-12-29,18075.32386428656
Bawang Merah/Riau/2024-12-30,18027.596689418526
Bawang Merah/Riau/2024-12-31,18045.59376912107
Bawang Merah/Sulawesi Barat/2024-10-01,18036.436551563394
Bawang Merah/Sulawesi Barat/2024-10-02,18051.618191628964
Bawang Merah/Sulawesi Barat/2024-10-03,18053.891360837486
Bawang Merah/Sulawesi Barat/2024-10-04,18023.260724836226
Bawang Merah/Sulawesi Barat/2024-10-05,18035.807748650906
Bawang Merah/Sulawesi Barat/2024-10-06,18033.26155930504
Bawang Merah/Sulawesi Barat/2024-10-07,18053.848646872982
Bawang Merah/Sulawesi Barat/2024-10-08,18048.46843054491
Bawang Merah/Sulawesi Barat/2024-10-09,18031.52647101092
Bawang Merah/Sulawesi Barat/2024-10-10,18050.567393676007
Bawang Merah/Sulawesi Barat/2024-10-11,18040.756254557575
Bawang Merah/Sulawesi Barat/2024-10-12,18048.316322137387
Bawang Merah/Sulawesi Barat/2024-10-13,18077.12318402427
Bawang Merah/Sulawesi Barat/2024-10-14,18071.463339077112
Bawang Merah/Sulawesi Barat/2024-10-15,18035.088013322646
Bawang Merah/Sulawesi Barat/2024-10-16,18070.672285443045
Bawang Merah/Sulawesi Barat/2024-10-17,18075.314790567078
Bawang Merah/Sulawesi Barat/2024-10-18,18048.03058496676
Bawang Merah/Sulawesi Barat/2024-10-19,18075.62920242604
Bawang Merah/Sulawesi Barat/2024-10-20,18084.237764620095
Bawang Merah/Sulawesi Barat/2024-10-21,18050.09386279995
Bawang Merah/Sulawesi Barat/2024-10-22,18052.609312304718
Bawang Merah/Sulawesi Barat/2024-10-23,18080.6844061366
Bawang Merah/Sulawesi Barat/2024-10-24,18073.800034557342
Bawang Merah/Sulawesi Barat/2024-10-25,18076.353667193118
Bawang Merah/Sulawesi Barat/2024-10-26,18068.164317628394
Bawang Merah/Sulawesi Barat/2024-10-27,18074.047277747526
Bawang Merah/Sulawesi Barat/2024-10-28,18051.962682617905
Bawang Merah/Sulawesi Barat/2024-10-29,18087.629572772108
Bawang Merah/Sulawesi Barat/2024-10-30,18088.875141772514
Bawang Merah/Sulawesi Barat/2024-10-31,18065.36332493202
Bawang Merah/Sulawesi Barat/2024-11-01,18069.765127611794
Bawang Merah/Sulawesi Barat/2024-11-02,18045.404413222077
Bawang Merah/Sulawesi Barat/2024-11-03,18083.959142742624
Bawang Merah/Sulawesi Barat/2024-11-04,18080.57159645664
Bawang Merah/Sulawesi Barat/2024-11-05,18065.003845085732
Bawang Merah/Sulawesi Barat/2024-11-06,18085.04007908867
Bawang Merah/Sulawesi Barat/2024-11-07,18061.726743549912
Bawang Merah/Sulawesi Barat/2024-11-08,18084.064018321176
Bawang Merah/Sulawesi Barat/2024-11-09,18056.194170685543
Bawang Merah/Sulawesi Barat/2024-11-10,18069.90285628049
Bawang Merah/Sulawesi Barat/2024-11-11,18069.231514134925
Bawang Merah/Sulawesi Barat/2024-11-12,18071.40080505853
Bawang Merah/Sulawesi Barat/2024-11-13,18063.960175147047
Bawang Merah/Sulawesi Barat/2024-11-14,18063.226003875676
Bawang Merah/Sulawesi Barat/2024-11-15,18081.68052899377
Bawang Merah/Sulawesi Barat/2024-11-16,18061.105491662292
Bawang Merah/Sulawesi Barat/2024-11-17,18042.046381702206
Bawang Merah/Sulawesi Barat/2024-11-18,18094.341720210792
Bawang Merah/Sulawesi Barat/2024-11-19,18089.199810327427
Bawang Merah/Sulawesi Barat/2024-11-20,18048.31636651133
Bawang Merah/Sulawesi Barat/2024-11-21,18076.739412195573
Bawang Merah/Sulawesi Barat/2024-11-22,18059.642533458536
Bawang Merah/Sulawesi Barat/2024-11-23,18080.412626814
Bawang Merah/Sulawesi Barat/2024-11-24,18074.90288910169
Bawang Merah/Sulawesi Barat/2024-11-25,18060.719667620513
Bawang Merah/Sulawesi Barat/2024-11-26,18057.63777578494
Bawang Merah/Sulawesi Barat/2024-11-27,18056.76784255386
Bawang Merah/Sulawesi Barat/2024-11-28,18055.06196269691
Bawang Merah/Sulawesi Barat/2024-11-29,18051.707645347033
Bawang Merah/Sulawesi Barat/2024-11-30,18059.46392814649
Bawang Merah/Sulawesi Barat/2024-12-01,18047.79013342373
Bawang Merah/Sulawesi Barat/2024-12-02,18069.58450600249
Bawang Merah/Sulawesi Barat/2024-12-03,18082.3642293809
Bawang Merah/Sulawesi Barat/2024-12-04,18050.332099868116
Bawang Merah/Sulawesi Barat/2024-12-05,18066.230686677423
Bawang Merah/Sulawesi Barat/2024-12-06,18071.33042627669
Bawang Merah/Sulawesi Barat/2024-12-07,18075.99871294811
Bawang Merah/Sulawesi Barat/2024-12-08,18069.417963200256
Bawang Merah/Sulawesi Barat/2024-12-09,18076.01474887694
Bawang Merah/Sulawesi Barat/2024-12-10,18077.16104008918
Bawang Merah/Sulawesi Barat/2024-12-11,18051.274032438196
Bawang Merah/Sulawesi Barat/2024-12-12,18085.287366045563
Bawang Merah/Sulawesi Barat/2024-12-13,18084.372192971063
Bawang Merah/Sulawesi Barat/2024-12-14,18058.88045846219
Bawang Merah/Sulawesi Barat/2024-12-15,18070.799048971778
Bawang Merah/Sulawesi Barat/2024-12-16,18079.402278705227
Bawang Merah/Sulawesi Barat/2024-12-17,18071.217007080388
Bawang Merah/Sulawesi Barat/2024-12-18,18088.835021905892
Bawang Merah/Sulawesi Barat/2024-12-19,18106.661269348228
Bawang Merah/Sulawesi Barat/2024-12-20,18061.475729741956
Bawang Merah/Sulawesi Barat/2024-12-21,18054.78095257713
Bawang Merah/Sulawesi Barat/2024-12-22,18081.729869346444
Bawang Merah/Sulawesi Barat/2024-12-23,18090.539200172963
Bawang Merah/Sulawesi Barat/2024-12-24,18072.58715294185
Bawang Merah/Sulawesi Barat/2024-12-25,18090.87962474624
Bawang Merah/Sulawesi Barat/2024-12-26,18049.677544564325
Bawang Merah/Sulawesi Barat/2024-12-27,18088.610221604864
Bawang Merah/Sulawesi Barat/2024-12-28,18066.81150923504
Bawang Merah/Sulawesi Barat/2024-12-29,18100.200978157052
Bawang Merah/Sulawesi Barat/2024-12-30,18105.971349913372
Bawang Merah/Sulawesi Barat/2024-12-31,18058.550728854218
Bawang Merah/Sulawesi Selatan/2024-10-01,18071.08096008425
Bawang Merah/Sulawesi Selatan/2024-10-02,18092.026274140062
Bawang Merah/Sulawesi Selatan/2024-10-03,18076.704036031475
Bawang Merah/Sulawesi Selatan/2024-10-04,18077.467844875362
Bawang Merah/Sulawesi Selatan/2024-10-05,18070.670501797842
Bawang Merah/Sulawesi Selatan/2024-10-06,18044.19863602589
Bawang Merah/Sulawesi Selatan/2024-10-07,18075.888937394415
Bawang Merah/Sulawesi Selatan/2024-10-08,18059.19744028198
Bawang Merah/Sulawesi Selatan/2024-10-09,18059.67457611257
Bawang Merah/Sulawesi Selatan/2024-10-10,18087.065741398193
Bawang Merah/Sulawesi Selatan/2024-10-11,18041.609950743
Bawang Merah/Sulawesi Selatan/2024-10-12,18080.60373493003
Bawang Merah/Sulawesi Selatan/2024-10-13,18060.149712688093
Bawang Merah/Sulawesi Selatan/2024-10-14,18061.86909880163
Bawang Merah/Sulawesi Selatan/2024-10-15,18080.98541852639
Bawang Merah/Sulawesi Selatan/2024-10-16,18067.75481170094
Bawang Merah/Sulawesi Selatan/2024-10-17,18078.789826233748
Bawang Merah/Sulawesi Selatan/2024-10-18,18082.274702772374
Bawang Merah/Sulawesi Selatan/2024-10-19,18064.668828163485
Bawang Merah/Sulawesi Selatan/2024-10-20,18063.597287021017
Bawang Merah/Sulawesi Selatan/2024-10-21,18053.703515111865
Bawang Merah/Sulawesi Selatan/2024-10-22,18058.49015595211
Bawang Merah/Sulawesi Selatan/2024-10-23,18116.09359707955
Bawang Merah/Sulawesi Selatan/2024-10-24,18084.987270921618
Bawang Merah/Sulawesi Selatan/2024-10-25,18045.30897793544
Bawang Merah/Sulawesi Selatan/2024-10-26,18048.10287329979
Bawang Merah/Sulawesi Selatan/2024-10-27,18082.06633073282
Bawang Merah/Sulawesi Selatan/2024-10-28,18087.623512678958
Bawang Merah/Sulawesi Selatan/2024-10-29,18075.556752098157
Bawang Merah/Sulawesi Selatan/2024-10-30,18057.786357354526
Bawang Merah/Sulawesi Selatan/2024-10-31,18066.30931585588
Bawang Merah/Sulawesi Selatan/2024-11-01,18080.440853230113
Bawang Merah/Sulawesi Selatan/2024-11-02,18074.372491244536
Bawang Merah/Sulawesi Selatan/2024-11-03,18032.800413588237
Bawang Merah/Sulawesi Selatan/2024-11-04,18062.031966317514
Bawang Merah/Sulawesi Selatan/2024-11-05,18053.576237938385
Bawang Merah/Sulawesi Selatan/2024-11-06,18068.97925902439
Bawang Merah/Sulawesi Selatan/2024-11-07,18108.60773904305
Bawang Merah/Sulawesi Selatan/2024-11-08,18063.00678892774
Bawang Merah/Sulawesi Selatan/2024-11-09,18061.677585105175
Bawang Merah/Sulawesi Selatan/2024-11-10,18084.042405808068
Bawang Merah/Sulawesi Selatan/2024-11-11,18082.922823844667
Bawang Merah/Sulawesi Selatan/2024-11-12,18084.763333951465
Bawang Merah/Sulawesi Selatan/2024-11-13,18079.04872781453
Bawang Merah/Sulawesi Selatan/2024-11-14,18106.260138832356
Bawang Merah/Sulawesi Selatan/2024-11-15,18060.95776278934
Bawang Merah/Sulawesi Selatan/2024-11-16,18086.841172859844
Bawang Merah/Sulawesi Selatan/2024-11-17,18064.433319197924
Bawang Merah/Sulawesi Selatan/2024-11-18,18087.333945109538
Bawang Merah/Sulawesi Selatan/2024-11-19,18064.12172616685
Bawang Merah/Sulawesi Selatan/2024-11-20,18063.801137410417
Bawang Merah/Sulawesi Selatan/2024-11-21,18069.167205834427
Bawang Merah/Sulawesi Selatan/2024-11-22,18085.41930593532
Bawang Merah/Sulawesi Selatan/2024-11-23,18086.778490474648
Bawang Merah/Sulawesi Selatan/2024-11-24,18048.05329391264
Bawang Merah/Sulawesi Selatan/2024-11-25,18070.998062805957
Bawang Merah/Sulawesi Selatan/2024-11-26,18060.888635080057
Bawang Merah/Sulawesi Selatan/2024-11-27,18052.632736029318
Bawang Merah/Sulawesi Selatan/2024-11-28,18064.299283992546
Bawang Merah/Sulawesi Selatan/2024-11-29,18055.766829394288
Bawang Merah/Sulawesi Selatan/2024-11-30,18103.344741414898
Bawang Merah/Sulawesi Selatan/2024-12-01,18069.564412775017
Bawang Merah/Sulawesi Selatan/2024-12-02,18042.15024869915
Bawang Merah/Sulawesi Selatan/2024-12-03,18059.319857876708
Bawang Merah/Sulawesi Selatan/2024-12-04,18085.625568105
Bawang Merah/Sulawesi Selatan/2024-12-05,18106.953562956158
Bawang Merah/Sulawesi Selatan/2024-12-06,18039.09655793176
Bawang Merah/Sulawesi Selatan/2024-12-07,18033.755278938508
Bawang Merah/Sulawesi Selatan/2024-12-08,18100.80067811549
Bawang Merah/Sulawesi Selatan/2024-12-09,18080.23287372032
Bawang Merah/Sulawesi Selatan/2024-12-10,18056.361461654247
Bawang Merah/Sulawesi Selatan/2024-12-11,18067.435498154024
Bawang Merah/Sulawesi Selatan/2024-12-12,18023.4581519989
Bawang Merah/Sulawesi Selatan/2024-12-13,18075.135419677186
Bawang Merah/Sulawesi Selatan/2024-12-14,18070.179758295795
Bawang Merah/Sulawesi Selatan/2024-12-15,18074.015984154714
Bawang Merah/Sulawesi Selatan/2024-12-16,18043.84962315394
Bawang Merah/Sulawesi Selatan/2024-12-17,18059.04930275878
Bawang Merah/Sulawesi Selatan/2024-12-18,18053.40873034278
Bawang Merah/Sulawesi Selatan/2024-12-19,18068.875943851508
Bawang Merah/Sulawesi Selatan/2024-12-20,18047.57282234872
Bawang Merah/Sulawesi Selatan/2024-12-21,18050.497935847052
Bawang Merah/Sulawesi Selatan/2024-12-22,18044.21727276806
Bawang Merah/Sulawesi Selatan/2024-12-23,18069.457751914477
Bawang Merah/Sulawesi Selatan/2024-12-24,18073.361563761544
Bawang Merah/Sulawesi Selatan/2024-12-25,18052.27189201981
Bawang Merah/Sulawesi Selatan/2024-12-26,18059.2864202714
Bawang Merah/Sulawesi Selatan/2024-12-27,18037.600180798323
Bawang Merah/Sulawesi Selatan/2024-12-28,18060.223332324138
Bawang Merah/Sulawesi Selatan/2024-12-29,18061.07218081439
Bawang Merah/Sulawesi Selatan/2024-12-30,18099.15045294525
Bawang Merah/Sulawesi Selatan/2024-12-31,18041.006004793
Bawang Merah/Sulawesi Tengah/2024-10-01,18082.778493320882
Bawang Merah/Sulawesi Tengah/2024-10-02,18082.98515676922
Bawang Merah/Sulawesi Tengah/2024-10-03,18074.53656518259
Bawang Merah/Sulawesi Tengah/2024-10-04,18102.252220521365
Bawang Merah/Sulawesi Tengah/2024-10-05,18073.539520067236
Bawang Merah/Sulawesi Tengah/2024-10-06,18084.586211199192
Bawang Merah/Sulawesi Tengah/2024-10-07,18077.646362426723
Bawang Merah/Sulawesi Tengah/2024-10-08,18098.222204793958
Bawang Merah/Sulawesi Tengah/2024-10-09,18099.27798473943
Bawang Merah/Sulawesi Tengah/2024-10-10,18067.176264789774
Bawang Merah/Sulawesi Tengah/2024-10-11,18059.200151589626
Bawang Merah/Sulawesi Tengah/2024-10-12,18076.60423998138
Bawang Merah/Sulawesi Tengah/2024-10-13,18067.882706179556
Bawang Merah/Sulawesi Tengah/2024-10-14,18073.899853278144
Bawang Merah/Sulawesi Tengah/2024-10-15,18087.116990110087
Bawang Merah/Sulawesi Tengah/2024-10-16,18060.882788215604
Bawang Merah/Sulawesi Tengah/2024-10-17,18071.30926667741
Bawang Merah/Sulawesi Tengah/2024-10-18,18071.87210431623
Bawang Merah/Sulawesi Tengah/2024-10-19,18086.002842170597
Bawang Merah/Sulawesi Tengah/2024-10-20,18036.264102143832
Bawang Merah/Sulawesi Tengah/2024-10-21,18057.628789100643
Bawang Merah/Sulawesi Tengah/2024-10-22,18072.088196267025
Bawang Merah/Sulawesi Tengah/2024-10-23,18086.388140015875
Bawang Merah/Sulawesi Tengah/2024-10-24,18057.673441584866
Bawang Merah/Sulawesi Tengah/2024-10-25,18029.02319856046
Bawang Merah/Sulawesi Tengah/2024-10-26,18076.103584947865
Bawang Merah/Sulawesi Tengah/2024-10-27,18057.554602832864
Bawang Merah/Sulawesi Tengah/2024-10-28,18046.010287584617
Bawang Merah/Sulawesi Tengah/2024-10-29,18046.794518864277
Bawang Merah/Sulawesi Tengah/2024-10-30,18052.254236546123
Bawang Merah/Sulawesi Tengah/2024-10-31,18052.496123490055
Bawang Merah/Sulawesi Tengah/2024-11-01,18020.24991807826
Bawang Merah/Sulawesi Tengah/2024-11-02,18067.18145921471
Bawang Merah/Sulawesi Tengah/2024-11-03,18073.51637966602
Bawang Merah/Sulawesi Tengah/2024-11-04,18064.6335567686
Bawang Merah/Sulawesi Tengah/2024-11-05,18036.25346509406
Bawang Merah/Sulawesi Tengah/2024-11-06,18051.42887594595
Bawang Merah/Sulawesi Tengah/2024-11-07,18064.65941680829
Bawang Merah/Sulawesi Tengah/2024-11-08,18072.139165585017
Bawang Merah/Sulawesi Tengah/2024-11-09,18068.96899109421
Bawang Merah/Sulawesi Tengah/2024-11-10,18044.416351465516
Bawang Merah/Sulawesi Tengah/2024-11-11,18063.936775052996
Bawang Merah/Sulawesi Tengah/2024-11-12,18072.986611746674
Bawang Merah/Sulawesi Tengah/2024-11-13,18088.973692392952
Bawang Merah/Sulawesi Tengah/2024-11-14,18075.302742069303
Bawang Merah/Sulawesi Tengah/2024-11-15,18076.353222376445
Bawang Merah/Sulawesi Tengah/2024-11-16,18072.769535566636
Bawang Merah/Sulawesi Tengah/2024-11-17,18097.656879248567
Bawang Merah/Sulawesi Tengah/2024-11-18,18083.616767847732
Bawang Merah/Sulawesi Tengah/2024-11-19,18060.951700152284
Bawang Merah/Sulawesi Tengah/2024-11-20,18098.529231303448
Bawang Merah/Sulawesi Tengah/2024-11-21,18088.533242585476
Bawang Merah/Sulawesi Tengah/2024-11-22,18073.3695868278
Bawang Merah/Sulawesi Tengah/2024-11-23,18068.647055993115
Bawang Merah/Sulawesi Tengah/2024-11-24,18079.897578566444
Bawang Merah/Sulawesi Tengah/2024-11-25,18088.054721743414
Bawang Merah/Sulawesi Tengah/2024-11-26,18078.898903475223
Bawang Merah/Sulawesi Tengah/2024-11-27,18077.90694231725
Bawang Merah/Sulawesi Tengah/2024-11-28,18101.633662343087
Bawang Merah/Sulawesi Tengah/2024-11-29,18095.404182496335
Bawang Merah/Sulawesi Tengah/2024-11-30,18083.10934853627
Bawang Merah/Sulawesi Tengah/2024-12-01,18095.03056626213
Bawang Merah/Sulawesi Tengah/2024-12-02,18066.013511453537
Bawang Merah/Sulawesi Tengah/2024-12-03,18092.172794796745
Bawang Merah/Sulawesi Tengah/2024-12-04,18111.1514447922
Bawang Merah/Sulawesi Tengah/2024-12-05,18076.502829084107
Bawang Merah/Sulawesi Tengah/2024-12-06,18067.702012652062
Bawang Merah/Sulawesi Tengah/2024-12-07,18067.967975149633
Bawang Merah/Sulawesi Tengah/2024-12-08,18065.663389619385
Bawang Merah/Sulawesi Tengah/2024-12-09,18067.41287008584
Bawang Merah/Sulawesi Tengah/2024-12-10,18063.55140418286
Bawang Merah/Sulawesi Tengah/2024-12-11,18044.347518172675
Bawang Merah/Sulawesi Tengah/2024-12-12,18066.144527140234
Bawang Merah/Sulawesi Tengah/2024-12-13,18078.829871082526
Bawang Merah/Sulawesi Tengah/2024-12-14,18048.935256966433
Bawang Merah/Sulawesi Tengah/2024-12-15,18086.439513630103
Bawang Merah/Sulawesi Tengah/2024-12-16,18070.07786193194
Bawang Merah/Sulawesi Tengah/2024-12-17,18084.937038540582
Bawang Merah/Sulawesi Tengah/2024-12-18,18059.409092092854
Bawang Merah/Sulawesi Tengah/2024-12-19,18081.623527334716
Bawang Merah/Sulawesi Tengah/2024-12-20,18057.19690876212
Bawang Merah/Sulawesi Tengah/2024-12-21,18085.433924403347
Bawang Merah/Sulawesi Tengah/2024-12-22,18074.649079509298
Bawang Merah/Sulawesi Tengah/2024-12-23,18077.28504015534
Bawang Merah/Sulawesi Tengah/2024-12-24,18053.334654154994
Bawang Merah/Sulawesi Tengah/2024-12-25,18055.035558695734
Bawang Merah/Sulawesi Tengah/2024-12-26,18082.587140870604
Bawang Merah/Sulawesi Tengah/2024-12-27,18053.22507903365
Bawang Merah/Sulawesi Tengah/2024-12-28,18073.557441524958
Bawang Merah/Sulawesi Tengah/2024-12-29,18040.297106791102
Bawang Merah/Sulawesi Tengah/2024-12-30,18078.336358546574
Bawang Merah/Sulawesi Tengah/2024-12-31,18047.366742162267
Bawang Merah/Sulawesi Tenggara/2024-10-01,18070.203561700684
Bawang Merah/Sulawesi Tenggara/2024-10-02,18073.538029434603
Bawang Merah/Sulawesi Tenggara/2024-10-03,18048.90092189775
Bawang Merah/Sulawesi Tenggara/2024-10-04,18075.76028292486
Bawang Merah/Sulawesi Tenggara/2024-10-05,18066.47494654713
Bawang Merah/Sulawesi Tenggara/2024-10-06,18058.553132380755
Bawang Merah/Sulawesi Tenggara/2024-10-07,18049.67036260984
Bawang Merah/Sulawesi Tenggara/2024-10-08,18030.953303667447
Bawang Merah/Sulawesi Tenggara/2024-10-09,18070.78255332246
Bawang Merah/Sulawesi Tenggara/2024-10-10,18034.559865281743
Bawang Merah/Sulawesi Tenggara/2024-10-11,18057.10644647525
Bawang Merah/Sulawesi Tenggara/2024-10-12,18048.64869066734
Bawang Merah/Sulawesi Tenggara/2024-10-13,18063.461325297012
Bawang Merah/Sulawesi Tenggara/2024-10-14,18053.645300311124
Bawang Merah/Sulawesi Tenggara/2024-10-15,18048.1076343407
Bawang Merah/Sulawesi Tenggara/2024-10-16,18070.37306987389
Bawang Merah/Sulawesi Tenggara/2024-10-17,18063.664830248017
Bawang Merah/Sulawesi Tenggara/2024-10-18,18066.102928830653
Bawang Merah/Sulawesi Tenggara/2024-10-19,18067.6072380905
Bawang Merah/Sulawesi Tenggara/2024-10-20,18037.4942062575
Bawang Merah/Sulawesi Tenggara/2024-10-21,18078.25281148698
Bawang Merah/Sulawesi Tenggara/2024-10-22,18073.80002086724
Bawang Merah/Sulawesi Tenggara/2024-10-23,18047.531341062342
Bawang Merah/Sulawesi Tenggara/2024-10-24,18058.85892071968
Bawang Merah/Sulawesi Tenggara/2024-10-25,18060.003549054323
Bawang Merah/Sulawesi Tenggara/2024-10-26,18065.316790349643
Bawang Merah/Sulawesi Tenggara/2024-10-27,18068.495351139747
Bawang Merah/Sulawesi Tenggara/2024-10-28,18082.471364356814
Bawang Merah/Sulawesi Tenggara/2024-10-29,18081.441098702675
Bawang Merah/Sulawesi Tenggara/2024-10-30,18045.69505155298
Bawang Merah/Sulawesi Tenggara/2024-10-31,18079.467199493996
Bawang Merah/Sulawesi Tenggara/2024-11-01,18092.433166534374
Bawang Merah/Sulawesi Tenggara/2024-11-02,18078.940828838815
Bawang Merah/Sulawesi Tenggara/2024-11-03,18088.39900130038
Bawang Merah/Sulawesi Tenggara/2024-11-04,18101.75970642996
Bawang Merah/Sulawesi Tenggara/2024-11-05,18096.263464508207
Bawang Merah/Sulawesi Tenggara/2024-11-06,18086.650462913665
Bawang Merah/Sulawesi Tenggara/2024-11-07,18098.95665002055
Bawang Merah/Sulawesi Tenggara/2024-11-08,18088.24710621124
Bawang Merah/Sulawesi Tenggara/2024-11-09,18087.931776220707
Bawang Merah/Sulawesi Tenggara/2024-11-10,18079.415263299892
Bawang Merah/Sulawesi Tenggara/2024-11-11,18108.49356586289
Bawang Merah/Sulawesi Tenggara/2024-11-12,18071.33208236231
Bawang Merah/Sulawesi Tenggara/2024-11-13,18106.499810671754
Bawang Merah/Sulawesi Tenggara/2024-11-14,18090.21357664755
Bawang Merah/Sulawesi Tenggara/2024-11-15,18060.28520502838
Bawang Merah/Sulawesi Tenggara/2024-11-16,18091.37002475962
Bawang Merah/Sulawesi Tenggara/2024-11-17,18045.28940687903
Bawang Merah/Sulawesi Tenggara/2024-11-18,18091.89227461939
Bawang Merah/Sulawesi Tenggara/2024-11-19,18088.24008449785
Bawang Merah/Sulawesi Tenggara/2024-11-20,18060.282103715017
Bawang Merah/Sulawesi Tenggara/2024-11-21,18075.90447849493
Bawang Merah/Sulawesi Tenggara/2024-11-22,18100.524546778266
Bawang Merah/Sulawesi Tenggara/2024-11-23,18070.222161608395
Bawang Merah/Sulawesi Tenggara/2024-11-24,18058.111639621293
Bawang Merah/Sulawesi Tenggara/2024-11-25,18095.496278434628
Bawang Merah/Sulawesi Tenggara/2024-11-26,18108.11067571528
Bawang Merah/Sulawesi Tenggara/2024-11-27,18078.76682591337
Bawang Merah/Sulawesi Tenggara/2024-11-28,18090.213389373937
Bawang Merah/Sulawesi Tenggara/2024-11-29,18099.38206866024
Bawang Merah/Sulawesi Tenggara/2024-11-30,18074.839474148193
Bawang Merah/Sulawesi Tenggara/2024-12-01,18077.986476853337
Bawang Merah/Sulawesi Tenggara/2024-12-02,18099.826026861057
Bawang Merah/Sulawesi Tenggara/2024-12-03,18109.482256940108
Bawang Merah/Sulawesi Tenggara/2024-12-04,18091.548527901443
Bawang Merah/Sulawesi Tenggara/2024-12-05,18065.84625441568
Bawang Merah/Sulawesi Tenggara/2024-12-06,18116.05389955711
Bawang Merah/Sulawesi Tenggara/2024-12-07,18079.898035384893
Bawang Merah/Sulawesi Tenggara/2024-12-08,18081.454851103328
Bawang Merah/Sulawesi Tenggara/2024-12-09,18086.832555965175
Bawang Merah/Sulawesi Tenggara/2024-12-10,18104.96759397137
Bawang Merah/Sulawesi Tenggara/2024-12-11,18100.640073895425
Bawang Merah/Sulawesi Tenggara/2024-12-12,18086.859712609363
Bawang Merah/Sulawesi Tenggara/2024-12-13,18090.707153003135
Bawang Merah/Sulawesi Tenggara/2024-12-14,18087.157503344162
Bawang Merah/Sulawesi Tenggara/2024-12-15,18097.503298899705
Bawang Merah/Sulawesi Tenggara/2024-12-16,18044.496839224787
Bawang Merah/Sulawesi Tenggara/2024-12-17,18076.332987102734
Bawang Merah/Sulawesi Tenggara/2024-12-18,18083.387126102934
Bawang Merah/Sulawesi Tenggara/2024-12-19,18057.646625722446
Bawang Merah/Sulawesi Tenggara/2024-12-20,18078.89294971162
Bawang Merah/Sulawesi Tenggara/2024-12-21,18061.65168919528
Bawang Merah/Sulawesi Tenggara/2024-12-22,18100.37387742345
Bawang Merah/Sulawesi Tenggara/2024-12-23,18097.075589926942
Bawang Merah/Sulawesi Tenggara/2024-12-24,18062.530850370946
Bawang Merah/Sulawesi Tenggara/2024-12-25,18073.48548965838
Bawang Merah/Sulawesi Tenggara/2024-12-26,18074.879309669526
Bawang Merah/Sulawesi Tenggara/2024-12-27,18074.13200563744
Bawang Merah/Sulawesi Tenggara/2024-12-28,18078.66784677053
Bawang Merah/Sulawesi Tenggara/2024-12-29,18056.94716596911
Bawang Merah/Sulawesi Tenggara/2024-12-30,18053.485805329037
Bawang Merah/Sulawesi Tenggara/2024-12-31,18080.670385626905
Bawang Merah/Sulawesi Utara/2024-10-01,18079.14449533262
Bawang Merah/Sulawesi Utara/2024-10-02,18054.691147971625
Bawang Merah/Sulawesi Utara/2024-10-03,18078.714431055458
Bawang Merah/Sulawesi Utara/2024-10-04,18057.036249078054
Bawang Merah/Sulawesi Utara/2024-10-05,18075.7986152636
Bawang Merah/Sulawesi Utara/2024-10-06,18081.978656620387
Bawang Merah/Sulawesi Utara/2024-10-07,18065.466333440432
Bawang Merah/Sulawesi Utara/2024-10-08,18077.76408916059
Bawang Merah/Sulawesi Utara/2024-10-09,18060.123116237435
Bawang Merah/Sulawesi Utara/2024-10-10,18069.373222193874
Bawang Merah/Sulawesi Utara/2024-10-11,18068.11764496687
Bawang Merah/Sulawesi Utara/2024-10-12,18055.88905428591
Bawang Merah/Sulawesi Utara/2024-10-13,18065.517684200382
Bawang Merah/Sulawesi Utara/2024-10-14,18039.81760909428
Bawang Merah/Sulawesi Utara/2024-10-15,18057.201161830373
Bawang Merah/Sulawesi Utara/2024-10-16,18057.601571355157
Bawang Merah/Sulawesi Utara/2024-10-17,18054.754674660402
Bawang Merah/Sulawesi Utara/2024-10-18,18054.775589844892
Bawang Merah/Sulawesi Utara/2024-10-19,18054.337830544635
Bawang Merah/Sulawesi Utara/2024-10-20,18067.17859125884
Bawang Merah/Sulawesi Utara/2024-10-21,18073.531692318444
Bawang Merah/Sulawesi Utara/2024-10-22,18049.456176964686
Bawang Merah/Sulawesi Utara/2024-10-23,18041.90115746509
Bawang Merah/Sulawesi Utara/2024-10-24,18045.456312810446
Bawang Merah/Sulawesi Utara/2024-10-25,18055.057959339923
Bawang Merah/Sulawesi Utara/2024-10-26,18053.757944083183
Bawang Merah/Sulawesi Utara/2024-10-27,18040.659206682412
Bawang Merah/Sulawesi Utara/2024-10-28,18031.686565190088
Bawang Merah/Sulawesi Utara/2024-10-29,18046.41462640736
Bawang Merah/Sulawesi Utara/2024-10-30,18056.840411533507
Bawang Merah/Sulawesi Utara/2024-10-31,18061.00425298178
Bawang Merah/Sulawesi Utara/2024-11-01,18040.384469998255
Bawang Merah/Sulawesi Utara/2024-11-02,18044.38327595822
Bawang Merah/Sulawesi Utara/2024-11-03,18040.854006761005
Bawang Merah/Sulawesi Utara/2024-11-04,18056.12454440398
Bawang Merah/Sulawesi Utara/2024-11-05,18040.763088311673
Bawang Merah/Sulawesi Utara/2024-11-06,18059.496611435698
Bawang Merah/Sulawesi Utara/2024-11-07,18023.224477005922
Bawang Merah/Sulawesi Utara/2024-11-08,18046.49919200185
Bawang Merah/Sulawesi Utara/2024-11-09,18058.407983881927
Bawang Merah/Sulawesi Utara/2024-11-10,18053.616340070606
Bawang Merah/Sulawesi Utara/2024-11-11,18095.913865907336
Bawang Merah/Sulawesi Utara/2024-11-12,18056.136992812753
Bawang Merah/Sulawesi Utara/2024-11-13,18044.062845032575
Bawang Merah/Sulawesi Utara/2024-11-14,18062.885172986124
Bawang Merah/Sulawesi Utara/2024-11-15,18036.888316080607
Bawang Merah/Sulawesi Utara/2024-11-16,18066.259775475482
Bawang Merah/Sulawesi Utara/2024-11-17,18043.09687504563
Bawang Merah/Sulawesi Utara/2024-11-18,18069.98817937819
Bawang Merah/Sulawesi Utara/2024-11-19,18049.127066300247
Bawang Merah/Sulawesi Utara/2024-11-20,18053.54969251105
Bawang Merah/Sulawesi Utara/2024-11-21,18050.253733571713
Bawang Merah/Sulawesi Utara/2024-11-22,18085.30725845133
Bawang Merah/Sulawesi Utara/2024-11-23,18056.40552422881
Bawang Merah/Sulawesi Utara/2024-11-24,18088.232658714252
Bawang Merah/Sulawesi Utara/2024-11-25,18075.818821851637
Bawang Merah/Sulawesi Utara/2024-11-26,18074.69639219254
Bawang Merah/Sulawesi Utara/2024-11-27,18079.44613154214
Bawang Merah/Sulawesi Utara/2024-11-28,18077.06692611059
Bawang Merah/Sulawesi Utara/2024-11-29,18045.38510581597
Bawang Merah/Sulawesi Utara/2024-11-30,18067.980824830986
Bawang Merah/Sulawesi Utara/2024-12-01,18084.562714547403
Bawang Merah/Sulawesi Utara/2024-12-02,18068.99262116251
Bawang Merah/Sulawesi Utara/2024-12-03,18044.30721288036
Bawang Merah/Sulawesi Utara/2024-12-04,18062.596421265247
Bawang Merah/Sulawesi Utara/2024-12-05,18096.325214240525
Bawang Merah/Sulawesi Utara/2024-12-06,18089.459532212673
Bawang Merah/Sulawesi Utara/2024-12-07,18064.721363580484
Bawang Merah/Sulawesi Utara/2024-12-08,18081.580900123277
Bawang Merah/Sulawesi Utara/2024-12-09,18069.035928808138
Bawang Merah/Sulawesi Utara/2024-12-10,18052.197251870784
Bawang Merah/Sulawesi Utara/2024-12-11,18058.92882842744
Bawang Merah/Sulawesi Utara/2024-12-12,18093.184481442622
Bawang Merah/Sulawesi Utara/2024-12-13,18064.821292539913
Bawang Merah/Sulawesi Utara/2024-12-14,18061.685718602577
Bawang Merah/Sulawesi Utara/2024-12-15,18060.032827568757
Bawang Merah/Sulawesi Utara/2024-12-16,18099.74157314792
Bawang Merah/Sulawesi Utara/2024-12-17,18099.263510172757
Bawang Merah/Sulawesi Utara/2024-12-18,18104.162173586905
Bawang Merah/Sulawesi Utara/2024-12-19,18070.26209510609
Bawang Merah/Sulawesi Utara/2024-12-20,18084.01227027466
Bawang Merah/Sulawesi Utara/2024-12-21,18062.95946947349
Bawang Merah/Sulawesi Utara/2024-12-22,18107.889762059065
Bawang Merah/Sulawesi Utara/2024-12-23,18061.585240358294
Bawang Merah/Sulawesi Utara/2024-12-24,18077.293775807335
Bawang Merah/Sulawesi Utara/2024-12-25,18058.30996964023
Bawang Merah/Sulawesi Utara/2024-12-26,18064.164711279784
Bawang Merah/Sulawesi Utara/2024-12-27,18063.309952004547
Bawang Merah/Sulawesi Utara/2024-12-28,18056.187311628975
Bawang Merah/Sulawesi Utara/2024-12-29,18058.074429382075
Bawang Merah/Sulawesi Utara/2024-12-30,18053.588371902348
Bawang Merah/Sulawesi Utara/2024-12-31,18076.232946472082
Bawang Merah/Sumatera Barat/2024-10-01,18044.01791089445
Bawang Merah/Sumatera Barat/2024-10-02,18064.128342177228
Bawang Merah/Sumatera Barat/2024-10-03,18080.964168350794
Bawang Merah/Sumatera Barat/2024-10-04,18054.122429007224
Bawang Merah/Sumatera Barat/2024-10-05,18053.556360012528
Bawang Merah/Sumatera Barat/2024-10-06,18057.18829315507
Bawang Merah/Sumatera Barat/2024-10-07,18084.712787500393
Bawang Merah/Sumatera Barat/2024-10-08,18069.061295803785
Bawang Merah/Sumatera Barat/2024-10-09,18052.700609321633
Bawang Merah/Sumatera Barat/2024-10-10,18071.560462061654
Bawang Merah/Sumatera Barat/2024-10-11,18049.338990473698
Bawang Merah/Sumatera Barat/2024-10-12,18080.62240574137
Bawang Merah/Sumatera Barat/2024-10-13,18070.91032508721
Bawang Merah/Sumatera Barat/2024-10-14,18058.085988859744
Bawang Merah/Sumatera Barat/2024-10-15,18053.032085587387
Bawang Merah/Sumatera Barat/2024-10-16,18050.082830972813
Bawang Merah/Sumatera Barat/2024-10-17,18076.77692316227
Bawang Merah/Sumatera Barat/2024-10-18,18083.030933650578
Bawang Merah/Sumatera Barat/2024-10-19,18050.731213731655
Bawang Merah/Sumatera Barat/2024-10-20,18069.646802240833
Bawang Merah/Sumatera Barat/2024-10-21,18031.787757640053
Bawang Merah/Sumatera Barat/2024-10-22,18059.815661788547
Bawang Merah/Sumatera Barat/2024-10-23,18064.465482779447
Bawang Merah/Sumatera Barat/2024-10-24,18043.044516627444
Bawang Merah/Sumatera Barat/2024-10-25,18043.5612161824
Bawang Merah/Sumatera Barat/2024-10-26,18042.562526557624
Bawang Merah/Sumatera Barat/2024-10-27,18063.14815478972
Bawang Merah/Sumatera Barat/2024-10-28,18053.127838993496
Bawang Merah/Sumatera Barat/2024-10-29,18015.900561793176
Bawang Merah/Sumatera Barat/2024-10-30,18018.408320902236
Bawang Merah/Sumatera Barat/2024-10-31,18042.13261248324
Bawang Merah/Sumatera Barat/2024-11-01,18058.482452862347
Bawang Merah/Sumatera Barat/2024-11-02,17999.81891725785
Bawang Merah/Sumatera Barat/2024-11-03,18029.664517274778
Bawang Merah/Sumatera Barat/2024-11-04,18032.88714962444
Bawang Merah/Sumatera Barat/2024-11-05,18067.56222690016
Bawang Merah/Sumatera Barat/2024-11-06,18037.28670369049
Bawang Merah/Sumatera Barat/2024-11-07,18042.84280206686
Bawang Merah/Sumatera Barat/2024-11-08,18049.713141000084
Bawang Merah/Sumatera Barat/2024-11-09,18017.147407441455
Bawang Merah/Sumatera Barat/2024-11-10,18067.073558732147
Bawang Merah/Sumatera Barat/2024-11-11,18051.467014070808
Bawang Merah/Sumatera Barat/2024-11-12,18058.1299807062
Bawang Merah/Sumatera Barat/2024-11-13,18114.578247806094
Bawang Merah/Sumatera Barat/2024-11-14,18019.394611955693
Bawang Merah/Sumatera Barat/2024-11-15,18092.905222954447
Bawang Merah/Sumatera Barat/2024-11-16,18060.10490666864
Bawang Merah/Sumatera Barat/2024-11-17,18073.938303199357
Bawang Merah/Sumatera Barat/2024-11-18,18072.25691661434
Bawang Merah/Sumatera Barat/2024-11-19,18052.856540117937
Bawang Merah/Sumatera Barat/2024-11-20,18063.873179932027
Bawang Merah/Sumatera Barat/2024-11-21,18071.28856766779
Bawang Merah/Sumatera Barat/2024-11-22,18043.16234075814
Bawang Merah/Sumatera Barat/2024-11-23,18076.733494239983
Bawang Merah/Sumatera Barat/2024-11-24,18054.943917744775
Bawang Merah/Sumatera Barat/2024-11-25,18045.833631909558
Bawang Merah/Sumatera Barat/2024-11-26,18055.698023566216
Bawang Merah/Sumatera Barat/2024-11-27,18079.208516742947
Bawang Merah/Sumatera Barat/2024-11-28,18054.970437858286
Bawang Merah/Sumatera Barat/2024-11-29,18064.588054210697
Bawang Merah/Sumatera Barat/2024-11-30,18048.14845292984
Bawang Merah/Sumatera Barat/2024-12-01,18076.150352724246
Bawang Merah/Sumatera Barat/2024-12-02,18077.171355646464
Bawang Merah/Sumatera Barat/2024-12-03,18091.80740055374
Bawang Merah/Sumatera Barat/2024-12-04,18062.85470734844
Bawang Merah/Sumatera Barat/2024-12-05,18078.109347368852
Bawang Merah/Sumatera Barat/2024-12-06,18076.301171582836
Bawang Merah/Sumatera Barat/2024-12-07,18095.9701897237
Bawang Merah/Sumatera Barat/2024-12-08,18064.17735931971
Bawang Merah/Sumatera Barat/2024-12-09,18083.731734805533
Bawang Merah/Sumatera Barat/2024-12-10,18072.78526795955
Bawang Merah/Sumatera Barat/2024-12-11,18075.12355055547
Bawang Merah/Sumatera Barat/2024-12-12,18078.310705064217
Bawang Merah/Sumatera Barat/2024-12-13,18075.453899291126
Bawang Merah/Sumatera Barat/2024-12-14,18072.820189277492
Bawang Merah/Sumatera Barat/2024-12-15,18075.953284315634
Bawang Merah/Sumatera Barat/2024-12-16,18098.675530556997
Bawang Merah/Sumatera Barat/2024-12-17,18090.06781669605
Bawang Merah/Sumatera Barat/2024-12-18,18089.002328007595
Bawang Merah/Sumatera Barat/2024-12-19,18069.91388216432
Bawang Merah/Sumatera Barat/2024-12-20,18066.137964633974
Bawang Merah/Sumatera Barat/2024-12-21,18098.101116299313
Bawang Merah/Sumatera Barat/2024-12-22,18092.640145464684
Bawang Merah/Sumatera Barat/2024-12-23,18100.299295721186
Bawang Merah/Sumatera Barat/2024-12-24,18065.421296035835
Bawang Merah/Sumatera Barat/2024-12-25,18075.349671976903
Bawang Merah/Sumatera Barat/2024-12-26,18058.046127684334
Bawang Merah/Sumatera Barat/2024-12-27,18073.71772617432
Bawang Merah/Sumatera Barat/2024-12-28,18091.803520407848
Bawang Merah/Sumatera Barat/2024-12-29,18060.85887279448
Bawang Merah/Sumatera Barat/2024-12-30,18080.487598355307
Bawang Merah/Sumatera Barat/2024-12-31,18066.302444431945
Bawang Merah/Sumatera Selatan/2024-10-01,18078.97105836957
Bawang Merah/Sumatera Selatan/2024-10-02,18055.7408551292
Bawang Merah/Sumatera Selatan/2024-10-03,18069.909706839924
Bawang Merah/Sumatera Selatan/2024-10-04,18022.736191938417
Bawang Merah/Sumatera Selatan/2024-10-05,18063.186294438627
Bawang Merah/Sumatera Selatan/2024-10-06,18037.966471101918
Bawang Merah/Sumatera Selatan/2024-10-07,18076.611055533755
Bawang Merah/Sumatera Selatan/2024-10-08,18068.947466178248
Bawang Merah/Sumatera Selatan/2024-10-09,18059.31444367007
Bawang Merah/Sumatera Selatan/2024-10-10,18086.113483019
Bawang Merah/Sumatera Selatan/2024-10-11,18046.420074817703
Bawang Merah/Sumatera Selatan/2024-10-12,18097.809652491014
Bawang Merah/Sumatera Selatan/2024-10-13,18083.00601038069
Bawang Merah/Sumatera Selatan/2024-10-14,18065.232220330636
Bawang Merah/Sumatera Selatan/2024-10-15,18091.689036576012
Bawang Merah/Sumatera Selatan/2024-10-16,18052.793567464803
Bawang Merah/Sumatera Selatan/2024-10-17,18065.871072901406
Bawang Merah/Sumatera Selatan/2024-10-18,18063.00432421955
Bawang Merah/Sumatera Selatan/2024-10-19,18060.552887950307
Bawang Merah/Sumatera Selatan/2024-10-20,18052.660374559066
Bawang Merah/Sumatera Selatan/2024-10-21,18081.25887703616
Bawang Merah/Sumatera Selatan/2024-10-22,18060.10597795803
Bawang Merah/Sumatera Selatan/2024-10-23,18069.353021756477
Bawang Merah/Sumatera Selatan/2024-10-24,18054.788052135416
Bawang Merah/Sumatera Selatan/2024-10-25,18035.492008922585
Bawang Merah/Sumatera Selatan/2024-10-26,18071.74961651742
Bawang Merah/Sumatera Selatan/2024-10-27,18030.570273744095
Bawang Merah/Sumatera Selatan/2024-10-28,18058.782590547962
Bawang Merah/Sumatera Selatan/2024-10-29,18032.856016857895
Bawang Merah/Sumatera Selatan/2024-10-30,18084.953099785078
Bawang Merah/Sumatera Selatan/2024-10-31,18072.36212482386
Bawang Merah/Sumatera Selatan/2024-11-01,18054.748549988864
Bawang Merah/Sumatera Selatan/2024-11-02,18081.124646141583
Bawang Merah/Sumatera Selatan/2024-11-03,18048.308034799935
Bawang Merah/Sumatera Selatan/2024-11-04,18080.155510800087
Bawang Merah/Sumatera Selatan/2024-11-05,18069.99584386155
Bawang Merah/Sumatera Selatan/2024-11-06,18069.48785043969
Bawang Merah/Sumatera Selatan/2024-11-07,18089.612753821468
Bawang Merah/Sumatera Selatan/2024-11-08,18078.029272299857
Bawang Merah/Sumatera Selatan/2024-11-09,18078.184826405846
Bawang Merah/Sumatera Selatan/2024-11-10,18045.930287978612
Bawang Merah/Sumatera Selatan/2024-11-11,18058.186930068925
Bawang Merah/Sumatera Selatan/2024-11-12,18072.28045604186
Bawang Merah/Sumatera Selatan/2024-11-13,18069.9523984213
Bawang Merah/Sumatera Selatan/2024-11-14,18046.770748354676
Bawang Merah/Sumatera Selatan/2024-11-15,18099.08539086098
Bawang Merah/Sumatera Selatan/2024-11-16,18090.069133866513
Bawang Merah/Sumatera Selatan/2024-11-17,18079.333464747673
Bawang Merah/Sumatera Selatan/2024-11-18,18071.764986385406
Bawang Merah/Sumatera Selatan/2024-11-19,18069.025813736796
Bawang Merah/Sumatera Selatan/2024-11-20,18066.33456589987
Bawang Merah/Sumatera Selatan/2024-11-21,18077.24296782645
Bawang Merah/Sumatera Selatan/2024-11-22,18075.757765396644
Bawang Merah/Sumatera Selatan/2024-11-23,18049.59206085565
Bawang Merah/Sumatera Selatan/2024-11-24,18074.27344589264
Bawang Merah/Sumatera Selatan/2024-11-25,18066.261917031254
Bawang Merah/Sumatera Selatan/2024-11-26,18038.622857416274
Bawang Merah/Sumatera Selatan/2024-11-27,18051.822573390906
Bawang Merah/Sumatera Selatan/2024-11-28,18054.20353309725
Bawang Merah/Sumatera Selatan/2024-11-29,18093.451521781062
Bawang Merah/Sumatera Selatan/2024-11-30,18067.9691765673
Bawang Merah/Sumatera Selatan/2024-12-01,18035.71127728239
Bawang Merah/Sumatera Selatan/2024-12-02,18071.081705685065
Bawang Merah/Sumatera Selatan/2024-12-03,18041.479072751237
Bawang Merah/Sumatera Selatan/2024-12-04,18086.426217612097
Bawang Merah/Sumatera Selatan/2024-12-05,18052.58080350218
Bawang Merah/Sumatera Selatan/2024-12-06,18055.86648331412
Bawang Merah/Sumatera Selatan/2024-12-07,18085.49890066554
Bawang Merah/Sumatera Selatan/2024-12-08,18041.176660574856
Bawang Merah/Sumatera Selatan/2024-12-09,18045.616535038225
Bawang Merah/Sumatera Selatan/2024-12-10,18051.29593870519
Bawang Merah/Sumatera Selatan/2024-12-11,18078.526279950485
Bawang Merah/Sumatera Selatan/2024-12-12,18038.18979426767
Bawang Merah/Sumatera Selatan/2024-12-13,18008.23052513252
Bawang Merah/Sumatera Selatan/2024-12-14,18048.19410017103
Bawang Merah/Sumatera Selatan/2024-12-15,18064.41403955603
Bawang Merah/Sumatera Selatan/2024-12-16,18073.75894693373
Bawang Merah/Sumatera Selatan/2024-12-17,18038.01521965551
Bawang Merah/Sumatera Selatan/2024-12-18,18040.81167690661
Bawang Merah/Sumatera Selatan/2024-12-19,18077.83258196398
Bawang Merah/Sumatera Selatan/2024-12-20,18031.550811288304
Bawang Merah/Sumatera Selatan/2024-12-21,18052.75605399379
Bawang Merah/Sumatera Selatan/2024-12-22,18055.501989729622
Bawang Merah/Sumatera Selatan/2024-12-23,18063.100852590323
Bawang Merah/Sumatera Selatan/2024-12-24,18051.46269140028
Bawang Merah/Sumatera Selatan/2024-12-25,18053.209546441594
Bawang Merah/Sumatera Selatan/2024-12-26,18018.546392624758
Bawang Merah/Sumatera Selatan/2024-12-27,18047.565547978218
Bawang Merah/Sumatera Selatan/2024-12-28,18063.503764143195
Bawang Merah/Sumatera Selatan/2024-12-29,18035.906780943533
Bawang Merah/Sumatera Selatan/2024-12-30,18050.79536086848
Bawang Merah/Sumatera Selatan/2024-12-31,18054.284992339864
Bawang Merah/Sumatera Utara/2024-10-01,18049.631587770302
Bawang Merah/Sumatera Utara/2024-10-02,18058.788939466005
Bawang Merah/Sumatera Utara/2024-10-03,18036.777326822423
Bawang Merah/Sumatera Utara/2024-10-04,18052.815093811336
Bawang Merah/Sumatera Utara/2024-10-05,18065.95807162867
Bawang Merah/Sumatera Utara/2024-10-06,18058.017778894842
Bawang Merah/Sumatera Utara/2024-10-07,18047.113340820313
Bawang Merah/Sumatera Utara/2024-10-08,18058.488440435787
Bawang Merah/Sumatera Utara/2024-10-09,18071.439811868357
Bawang Merah/Sumatera Utara/2024-10-10,18028.508239265357
Bawang Merah/Sumatera Utara/2024-10-11,18077.325681032533
Bawang Merah/Sumatera Utara/2024-10-12,18052.512596603432
Bawang Merah/Sumatera Utara/2024-10-13,18067.54037027227
Bawang Merah/Sumatera Utara/2024-10-14,18080.131638128736
Bawang Merah/Sumatera Utara/2024-10-15,18035.523570922785
Bawang Merah/Sumatera Utara/2024-10-16,18055.3602711483
Bawang Merah/Sumatera Utara/2024-10-17,18057.442527812604
Bawang Merah/Sumatera Utara/2024-10-18,18051.288016509086
Bawang Merah/Sumatera Utara/2024-10-19,18089.178876311445
Bawang Merah/Sumatera Utara/2024-10-20,18040.959859128994
Bawang Merah/Sumatera Utara/2024-10-21,18051.933979503738
Bawang Merah/Sumatera Utara/2024-10-22,18065.08496281731
Bawang Merah/Sumatera Utara/2024-10-23,18042.89958358802
Bawang Merah/Sumatera Utara/2024-10-24,18058.003734796726
Bawang Merah/Sumatera Utara/2024-10-25,18059.868257106285
Bawang Merah/Sumatera Utara/2024-10-26,18053.00384747289
Bawang Merah/Sumatera Utara/2024-10-27,18057.901941131313
Bawang Merah/Sumatera Utara/2024-10-28,18048.009159868
Bawang Merah/Sumatera Utara/2024-10-29,18035.4204499854
Bawang Merah/Sumatera Utara/2024-10-30,18063.590035616773
Bawang Merah/Sumatera Utara/2024-10-31,18084.50427949084
Bawang Merah/Sumatera Utara/2024-11-01,18057.177983491514
Bawang Merah/Sumatera Utara/2024-11-02,18060.260530893724
Bawang Merah/Sumatera Utara/2024-11-03,18070.79487909987
Bawang Merah/Sumatera Utara/2024-11-04,18047.19470769445
Bawang Merah/Sumatera Utara/2024-11-05,18095.656518569853
Bawang Merah/Sumatera Utara/2024-11-06,18066.280907331682
Bawang Merah/Sumatera Utara/2024-11-07,18091.996168476955
Bawang Merah/Sumatera Utara/2024-11-08,18057.02302617954
Bawang Merah/Sumatera Utara/2024-11-09,18098.518812767197
Bawang Merah/Sumatera Utara/2024-11-10,18090.31332198569
Bawang Merah/Sumatera Utara/2024-11-11,18082.674972703364
Bawang Merah/Sumatera Utara/2024-11-12,18082.004251774797
Bawang Merah/Sumatera Utara/2024-11-13,18071.605008968283
Bawang Merah/Sumatera Utara/2024-11-14,18102.413956511075
Bawang Merah/Sumatera Utara/2024-11-15,18081.87773880317
Bawang Merah/Sumatera Utara/2024-11-16,18046.225079103242
Bawang Merah/Sumatera Utara/2024-11-17,18059.00842136354
Bawang Merah/Sumatera Utara/2024-11-18,18071.992778994583
Bawang Merah/Sumatera Utara/2024-11-19,18080.43393641216
Bawang Merah/Sumatera Utara/2024-11-20,18065.568490212445
Bawang Merah/Sumatera Utara/2024-11-21,18081.585006690697
Bawang Merah/Sumatera Utara/2024-11-22,18036.64633376015
Bawang Merah/Sumatera Utara/2024-11-23,18073.100690806357
Bawang Merah/Sumatera Utara/2024-11-24,18040.379057228758
Bawang Merah/Sumatera Utara/2024-11-25,18077.050403353758
Bawang Merah/Sumatera Utara/2024-11-26,18062.15906917602
Bawang Merah/Sumatera Utara/2024-11-27,18064.179951908
Bawang Merah/Sumatera Utara/2024-11-28,18050.24809299743
Bawang Merah/Sumatera Utara/2024-11-29,18081.294040819266
Bawang Merah/Sumatera Utara/2024-11-30,18084.08184929766
Bawang Merah/Sumatera Utara/2024-12-01,18074.101431563966
Bawang Merah/Sumatera Utara/2024-12-02,18064.56938725443
Bawang Merah/Sumatera Utara/2024-12-03,18077.723761262194
Bawang Merah/Sumatera Utara/2024-12-04,18063.629763196474
Bawang Merah/Sumatera Utara/2024-12-05,18086.929359188285
Bawang Merah/Sumatera Utara/2024-12-06,18096.829944556775
Bawang Merah/Sumatera Utara/2024-12-07,18087.998230991685
Bawang Merah/Sumatera Utara/2024-12-08,18063.26012343661
Bawang Merah/Sumatera Utara/2024-12-09,18081.563868562393
Bawang Merah/Sumatera Utara/2024-12-10,18059.98559870289
Bawang Merah/Sumatera Utara/2024-12-11,18088.27723636388
Bawang Merah/Sumatera Utara/2024-12-12,18081.001234473686
Bawang Merah/Sumatera Utara/2024-12-13,18039.971806022473
Bawang Merah/Sumatera Utara/2024-12-14,18053.6816705664
Bawang Merah/Sumatera Utara/2024-12-15,18063.899870086272
Bawang Merah/Sumatera Utara/2024-12-16,18065.218888760723
Bawang Merah/Sumatera Utara/2024-12-17,18043.535143653906
Bawang Merah/Sumatera Utara/2024-12-18,18062.33496588329
Bawang Merah/Sumatera Utara/2024-12-19,18064.6140181788
Bawang Merah/Sumatera Utara/2024-12-20,18058.942757340854
Bawang Merah/Sumatera Utara/2024-12-21,18048.583283640262
Bawang Merah/Sumatera Utara/2024-12-22,18075.334630061974
Bawang Merah/Sumatera Utara/2024-12-23,18089.652001340055
Bawang Merah/Sumatera Utara/2024-12-24,18055.93342034184
Bawang Merah/Sumatera Utara/2024-12-25,18054.117760161986
Bawang Merah/Sumatera Utara/2024-12-26,18073.565897885514
Bawang Merah/Sumatera Utara/2024-12-27,18065.291518132464
Bawang Merah/Sumatera Utara/2024-12-28,18067.005527970246
Bawang Merah/Sumatera Utara/2024-12-29,18074.34368616895
Bawang Merah/Sumatera Utara/2024-12-30,18034.151109611485
Bawang Merah/Sumatera Utara/2024-12-31,18089.02489911278
