id,price
Cabai Rawit Merah/Aceh/2024-10-01,49013.50779226147
Cabai Rawit Merah/Aceh/2024-10-02,48983.02217730566
Cabai Rawit Merah/Aceh/2024-10-03,49020.75616155414
Cabai Rawit Merah/Aceh/2024-10-04,49062.78174671
Cabai Rawit Merah/Aceh/2024-10-05,48978.41862287308
Cabai Rawit Merah/Aceh/2024-10-06,48978.41950052463
Cabai Rawit Merah/Aceh/2024-10-07,49065.47927803235
Cabai Rawit Merah/Aceh/2024-10-08,49026.50551880749
Cabai Rawit Merah/Aceh/2024-10-09,48967.1208932614
Cabai Rawit Merah/Aceh/2024-10-10,49015.70901816508
Cabai Rawit Merah/Aceh/2024-10-11,48967.41166006844
Cabai Rawit Merah/Aceh/2024-10-12,48967.30071059728
Cabai Rawit Merah/Aceh/2024-10-13,49001.27708798242
Cabai Rawit Merah/Aceh/2024-10-14,48897.80275345869
Cabai Rawit Merah/Aceh/2024-10-15,48906.84612167217
Cabai Rawit Merah/Aceh/2024-10-16,48962.66433604895
Cabai Rawit Merah/Aceh/2024-10-17,48941.03343639826
Cabai Rawit Merah/Aceh/2024-10-18,49004.74699128352
Cabai Rawit Merah/Aceh/2024-10-19,48946.06502163854
Cabai Rawit Merah/Aceh/2024-10-20,48921.85451579094
Cabai Rawit Merah/Aceh/2024-10-21,49060.02651382598
Cabai Rawit Merah/Aceh/2024-10-22,48978.82041668022
Cabai Rawit Merah/Aceh/2024-10-23,48992.90222945369
Cabai Rawit Merah/Aceh/2024-10-24,48921.25730059891
Cabai Rawit Merah/Aceh/2024-10-25,48963.52418667368
Cabai Rawit Merah/Aceh/2024-10-26,48994.98581107579
Cabai Rawit Merah/Aceh/2024-10-27,48934.40035266228
Cabai Rawit Merah/Aceh/2024-10-28,49007.69748230182
Cabai Rawit Merah/Aceh/2024-10-29,48960.82302508767
Cabai Rawit Merah/Aceh/2024-10-30,48975.65576040237
Cabai Rawit Merah/Aceh/2024-10-31,48960.77193248699
Cabai Rawit Merah/Aceh/2024-11-01,49078.58884589198
Cabai Rawit Merah/Aceh/2024-11-02,48989.01223192743
Cabai Rawit Merah/Aceh/2024-11-03,48938.87902179177
Cabai Rawit Merah/Aceh/2024-11-04,49029.15113427936
Cabai Rawit Merah/Aceh/2024-11-05,48931.0471396826
Cabai Rawit Merah/Aceh/2024-11-06,48999.68811222759
Cabai Rawit Merah/Aceh/2024-11-07,48895.57548194484
Cabai Rawit Merah/Aceh/2024-11-08,48925.89325856655
Cabai Rawit Merah/Aceh/2024-11-09,48999.1115156009
Cabai Rawit Merah/Aceh/2024-11-10,49025.11399312658
Cabai Rawit Merah/Aceh/2024-11-11,48997.88742586005
Cabai Rawit Merah/Aceh/2024-11-12,48984.10758955363
Cabai Rawit Merah/Aceh/2024-11-13,48975.20409178
Cabai Rawit Merah/Aceh/2024-11-14,48918.67589895899
Cabai Rawit Merah/Aceh/2024-11-15,48955.10030542081
Cabai Rawit Merah/Aceh/2024-11-16,48967.54468394027
Cabai Rawit Merah/Aceh/2024-11-17,49040.4129619046
Cabai Rawit Merah/Aceh/2024-11-18,49006.15726574285
Cabai Rawit Merah/Aceh/2024-11-19,48905.01563635526
Cabai Rawit Merah/Aceh/2024-11-20,49005.21966421567
Cabai Rawit Merah/Aceh/2024-11-21,48971.17232975591
Cabai Rawit Merah/Aceh/2024-11-22,48957.16096721161
Cabai Rawit Merah/Aceh/2024-11-23,49019.02698186511
Cabai Rawit Merah/Aceh/2024-11-24,49039.1587985829
Cabai Rawit Merah/Aceh/2024-11-25,49034.371491291786
Cabai Rawit Merah/Aceh/2024-11-26,48949.36910052492
Cabai Rawit Merah/Aceh/2024-11-27,48974.81500484119
Cabai Rawit Merah/Aceh/2024-11-28,49005.564693392174
Cabai Rawit Merah/Aceh/2024-11-29,49036.496854048535
Cabai Rawit Merah/Aceh/2024-11-30,48966.65494840391
Cabai Rawit Merah/Aceh/2024-12-01,48980.74666504912
Cabai Rawit Merah/Aceh/2024-12-02,48936.54471943199
Cabai Rawit Merah/Aceh/2024-12-03,48932.22995702581
Cabai Rawit Merah/Aceh/2024-12-04,49028.67000574701
Cabai Rawit Merah/Aceh/2024-12-05,49054.77374861928
Cabai Rawit Merah/Aceh/2024-12-06,48986.20283919556
Cabai Rawit Merah/Aceh/2024-12-07,49037.84023818316
Cabai Rawit Merah/Aceh/2024-12-08,49007.02273496501
Cabai Rawit Merah/Aceh/2024-12-09,48958.68818361256
Cabai Rawit Merah/Aceh/2024-12-10,49007.01137116252
Cabai Rawit Merah/Aceh/2024-12-11,49063.50229747621
Cabai Rawit Merah/Aceh/2024-12-12,48987.940465416286
Cabai Rawit Merah/Aceh/2024-12-13,49064.77968060955
Cabai Rawit Merah/Aceh/2024-12-14,48863.8852749923
Cabai Rawit Merah/Aceh/2024-12-15,49029.120524490296
Cabai Rawit Merah/Aceh/2024-12-16,48993.8397148864
Cabai Rawit Merah/Aceh/2024-12-17,48975.3048098389
Cabai Rawit Merah/Aceh/2024-12-18,48994.06573607939
Cabai Rawit Merah/Aceh/2024-12-19,48894.23592265193
Cabai Rawit Merah/Aceh/2024-12-20,48979.11381434482
Cabai Rawit Merah/Aceh/2024-12-21,49006.805293548685
Cabai Rawit Merah/Aceh/2024-12-22,49060.61445106191
Cabai Rawit Merah/Aceh/2024-12-23,48964.77768155702
Cabai Rawit Merah/Aceh/2024-12-24,48950.84395580168
Cabai Rawit Merah/Aceh/2024-12-25,48965.57082667983
Cabai Rawit Merah/Aceh/2024-12-26,49033.60932404032
Cabai Rawit Merah/Aceh/2024-12-27,49005.44384313195
Cabai Rawit Merah/Aceh/2024-12-28,48964.22609559223
Cabai Rawit Merah/Aceh/2024-12-29,49014.302433617006
Cabai Rawit Merah/Aceh/2024-12-30,48994.32110416056
Cabai Rawit Merah/Aceh/2024-12-31,49036.1655573524
Cabai Rawit Merah/Bali/2024-10-01,48955.95446521669
Cabai Rawit Merah/Bali/2024-10-02,48973.92915110804
Cabai Rawit Merah/Bali/2024-10-03,48970.83513949143
Cabai Rawit Merah/Bali/2024-10-04,48919.39630470554
Cabai Rawit Merah/Bali/2024-10-05,49003.87713204827
Cabai Rawit Merah/Bali/2024-10-06,49002.193412122986
Cabai Rawit Merah/Bali/2024-10-07,48989.90556066186
Cabai Rawit Merah/Bali/2024-10-08,48978.39745809511
Cabai Rawit Merah/Bali/2024-10-09,48921.707533999615
Cabai Rawit Merah/Bali/2024-10-10,48969.46494921127
Cabai Rawit Merah/Bali/2024-10-11,48973.20631876343
Cabai Rawit Merah/Bali/2024-10-12,48951.142369141446
Cabai Rawit Merah/Bali/2024-10-13,48981.9165865987
Cabai Rawit Merah/Bali/2024-10-14,49009.05862601762
Cabai Rawit Merah/Bali/2024-10-15,49080.21678924244
Cabai Rawit Merah/Bali/2024-10-16,48998.04174949619
Cabai Rawit Merah/Bali/2024-10-17,49002.025463047095
Cabai Rawit Merah/Bali/2024-10-18,48986.08637847125
Cabai Rawit Merah/Bali/2024-10-19,48897.53954073117
Cabai Rawit Merah/Bali/2024-10-20,48988.38765409576
Cabai Rawit Merah/Bali/2024-10-21,48992.55190294103
Cabai Rawit Merah/Bali/2024-10-22,49107.9215478932
Cabai Rawit Merah/Bali/2024-10-23,48980.4247563575
Cabai Rawit Merah/Bali/2024-10-24,49004.137616469336
Cabai Rawit Merah/Bali/2024-10-25,48987.99405144221
Cabai Rawit Merah/Bali/2024-10-26,48933.55186783472
Cabai Rawit Merah/Bali/2024-10-27,49044.52809565359
Cabai Rawit Merah/Bali/2024-10-28,49025.76091734574
Cabai Rawit Merah/Bali/2024-10-29,49027.63812831366
Cabai Rawit Merah/Bali/2024-10-30,48946.00020902743
Cabai Rawit Merah/Bali/2024-10-31,49057.00921725556
Cabai Rawit Merah/Bali/2024-11-01,48922.35708519252
Cabai Rawit Merah/Bali/2024-11-02,49017.8357583157
Cabai Rawit Merah/Bali/2024-11-03,49094.825172567296
Cabai Rawit Merah/Bali/2024-11-04,48942.104195618405
Cabai Rawit Merah/Bali/2024-11-05,48962.47228734185
Cabai Rawit Merah/Bali/2024-11-06,48994.4446384971
Cabai Rawit Merah/Bali/2024-11-07,48965.488440575
Cabai Rawit Merah/Bali/2024-11-08,48915.21233649354
Cabai Rawit Merah/Bali/2024-11-09,48992.95176617257
Cabai Rawit Merah/Bali/2024-11-10,48938.65839483255
Cabai Rawit Merah/Bali/2024-11-11,49012.39745707498
Cabai Rawit Merah/Bali/2024-11-12,48945.51798080868
Cabai Rawit Merah/Bali/2024-11-13,49064.07307118214
Cabai Rawit Merah/Bali/2024-11-14,48952.05582655264
Cabai Rawit Merah/Bali/2024-11-15,48974.19787904602
Cabai Rawit Merah/Bali/2024-11-16,49028.71771039895
Cabai Rawit Merah/Bali/2024-11-17,48930.56591756426
Cabai Rawit Merah/Bali/2024-11-18,49000.5808776034
Cabai Rawit Merah/Bali/2024-11-19,49052.41669053007
Cabai Rawit Merah/Bali/2024-11-20,48912.484265742096
Cabai Rawit Merah/Bali/2024-11-21,48998.5246880737
Cabai Rawit Merah/Bali/2024-11-22,49002.137299757655
Cabai Rawit Merah/Bali/2024-11-23,49027.19604992427
Cabai Rawit Merah/Bali/2024-11-24,48930.27374266805
Cabai Rawit Merah/Bali/2024-11-25,48926.26440608003
Cabai Rawit Merah/Bali/2024-11-26,49014.71899011982
Cabai Rawit Merah/Bali/2024-11-27,49003.91861423056
Cabai Rawit Merah/Bali/2024-11-28,49001.68641258268
Cabai Rawit Merah/Bali/2024-11-29,49006.29316730342
Cabai Rawit Merah/Bali/2024-11-30,48957.01193255932
Cabai Rawit Merah/Bali/2024-12-01,49000.81106417444
Cabai Rawit Merah/Bali/2024-12-02,49003.7309307496
Cabai Rawit Merah/Bali/2024-12-03,48955.36398110547
Cabai Rawit Merah/Bali/2024-12-04,49079.23698974976
Cabai Rawit Merah/Bali/2024-12-05,49012.40919986478
Cabai Rawit Merah/Bali/2024-12-06,48932.46539422948
Cabai Rawit Merah/Bali/2024-12-07,49021.18190296707
Cabai Rawit Merah/Bali/2024-12-08,48942.8655281576
Cabai Rawit Merah/Bali/2024-12-09,49027.448829124296
Cabai Rawit Merah/Bali/2024-12-10,49045.284960036704
Cabai Rawit Merah/Bali/2024-12-11,48950.258859252426
Cabai Rawit Merah/Bali/2024-12-12,49035.91256106726
Cabai Rawit Merah/Bali/2024-12-13,49009.47817216188
Cabai Rawit Merah/Bali/2024-12-14,49029.12805784032
Cabai Rawit Merah/Bali/2024-12-15,49080.72643369989
Cabai Rawit Merah/Bali/2024-12-16,48977.879273418046
Cabai Rawit Merah/Bali/2024-12-17,48953.47347645674
Cabai Rawit Merah/Bali/2024-12-18,48946.95462638526
Cabai Rawit Merah/Bali/2024-12-19,48950.49314346348
Cabai Rawit Merah/Bali/2024-12-20,48985.95869371315
Cabai Rawit Merah/Bali/2024-12-21,49006.038874694124
Cabai Rawit Merah/Bali/2024-12-22,49002.94404538249
Cabai Rawit Merah/Bali/2024-12-23,49029.37353685761
Cabai Rawit Merah/Bali/2024-12-24,48990.28448489487
Cabai Rawit Merah/Bali/2024-12-25,49059.44529312448
Cabai Rawit Merah/Bali/2024-12-26,48976.95420898964
Cabai Rawit Merah/Bali/2024-12-27,49120.2571482548
Cabai Rawit Merah/Bali/2024-12-28,49019.699217873895
Cabai Rawit Merah/Bali/2024-12-29,48948.50813089377
Cabai Rawit Merah/Bali/2024-12-30,48938.24675865909
Cabai Rawit Merah/Bali/2024-12-31,49012.824361652034
Cabai Rawit Merah/Banten/2024-10-01,48978.932079848535
Cabai Rawit Merah/Banten/2024-10-02,49023.93966885745
Cabai Rawit Merah/Banten/2024-10-03,49012.38045843927
Cabai Rawit Merah/Banten/2024-10-04,48986.16368961759
Cabai Rawit Merah/Banten/2024-10-05,48949.00548903552
Cabai Rawit Merah/Banten/2024-10-06,48916.93185367737
Cabai Rawit Merah/Banten/2024-10-07,48968.22297188245
Cabai Rawit Merah/Banten/2024-10-08,49030.77626050216
Cabai Rawit Merah/Banten/2024-10-09,48999.93874913528
Cabai Rawit Merah/Banten/2024-10-10,48929.85148356749
Cabai Rawit Merah/Banten/2024-10-11,48997.97459486719
Cabai Rawit Merah/Banten/2024-10-12,49008.159562771136
Cabai Rawit Merah/Banten/2024-10-13,48947.225935141934
Cabai Rawit Merah/Banten/2024-10-14,48997.04060120724
Cabai Rawit Merah/Banten/2024-10-15,48992.454760754816
Cabai Rawit Merah/Banten/2024-10-16,48934.78575083641
Cabai Rawit Merah/Banten/2024-10-17,49006.83776202004
Cabai Rawit Merah/Banten/2024-10-18,49016.58366224037
Cabai Rawit Merah/Banten/2024-10-19,49041.65804085685
Cabai Rawit Merah/Banten/2024-10-20,49040.253791285504
Cabai Rawit Merah/Banten/2024-10-21,48923.51779148298
Cabai Rawit Merah/Banten/2024-10-22,48944.63515755258
Cabai Rawit Merah/Banten/2024-10-23,49014.3876122154
Cabai Rawit Merah/Banten/2024-10-24,49014.327506753936
Cabai Rawit Merah/Banten/2024-10-25,49014.38788652682
Cabai Rawit Merah/Banten/2024-10-26,49174.63153437971
Cabai Rawit Merah/Banten/2024-10-27,49017.06914147715
Cabai Rawit Merah/Banten/2024-10-28,49044.17981837464
Cabai Rawit Merah/Banten/2024-10-29,49035.46302990669
Cabai Rawit Merah/Banten/2024-10-30,49020.93469962848
Cabai Rawit Merah/Banten/2024-10-31,48974.52494501209
Cabai Rawit Merah/Banten/2024-11-01,49026.09915728671
Cabai Rawit Merah/Banten/2024-11-02,48952.55696638717
Cabai Rawit Merah/Banten/2024-11-03,48978.29075325387
Cabai Rawit Merah/Banten/2024-11-04,48966.35785036943
Cabai Rawit Merah/Banten/2024-11-05,48993.59105608336
Cabai Rawit Merah/Banten/2024-11-06,49100.78808911851
Cabai Rawit Merah/Banten/2024-11-07,48900.01188626173
Cabai Rawit Merah/Banten/2024-11-08,49022.60798687973
Cabai Rawit Merah/Banten/2024-11-09,48912.23313381703
Cabai Rawit Merah/Banten/2024-11-10,48967.00278329791
Cabai Rawit Merah/Banten/2024-11-11,49041.94137892552
Cabai Rawit Merah/Banten/2024-11-12,48992.74606790846
Cabai Rawit Merah/Banten/2024-11-13,48937.91716937199
Cabai Rawit Merah/Banten/2024-11-14,48955.31804653084
Cabai Rawit Merah/Banten/2024-11-15,49022.28810203979
Cabai Rawit Merah/Banten/2024-11-16,48954.595065260255
Cabai Rawit Merah/Banten/2024-11-17,49000.05239379213
Cabai Rawit Merah/Banten/2024-11-18,48991.84800460227
Cabai Rawit Merah/Banten/2024-11-19,48958.37660015486
Cabai Rawit Merah/Banten/2024-11-20,49092.5920781162
Cabai Rawit Merah/Banten/2024-11-21,49020.09499118309
Cabai Rawit Merah/Banten/2024-11-22,48892.43238641827
Cabai Rawit Merah/Banten/2024-11-23,48998.61221423299
Cabai Rawit Merah/Banten/2024-11-24,48957.88777449101
Cabai Rawit Merah/Banten/2024-11-25,49030.58621674128
Cabai Rawit Merah/Banten/2024-11-26,48951.61082055508
Cabai Rawit Merah/Banten/2024-11-27,48984.15145689264
Cabai Rawit Merah/Banten/2024-11-28,49013.90495316916
Cabai Rawit Merah/Banten/2024-11-29,49031.2255550965
Cabai Rawit Merah/Banten/2024-11-30,48932.0335688464
Cabai Rawit Merah/Banten/2024-12-01,48973.60069589732
Cabai Rawit Merah/Banten/2024-12-02,48966.858016938415
Cabai Rawit Merah/Banten/2024-12-03,48958.29368499891
Cabai Rawit Merah/Banten/2024-12-04,49074.42047682157
Cabai Rawit Merah/Banten/2024-12-05,49009.10338830524
Cabai Rawit Merah/Banten/2024-12-06,48929.12460693951
Cabai Rawit Merah/Banten/2024-12-07,49033.7273142955
Cabai Rawit Merah/Banten/2024-12-08,49091.54615633108
Cabai Rawit Merah/Banten/2024-12-09,49039.2297416874
Cabai Rawit Merah/Banten/2024-12-10,48916.71478627795
Cabai Rawit Merah/Banten/2024-12-11,48966.41222007726
Cabai Rawit Merah/Banten/2024-12-12,49050.48574241632
Cabai Rawit Merah/Banten/2024-12-13,48955.68505307028
Cabai Rawit Merah/Banten/2024-12-14,49010.968237926776
Cabai Rawit Merah/Banten/2024-12-15,49026.85067885728
Cabai Rawit Merah/Banten/2024-12-16,48945.15801417662
Cabai Rawit Merah/Banten/2024-12-17,48986.80263215072
Cabai Rawit Merah/Banten/2024-12-18,48834.04552056362
Cabai Rawit Merah/Banten/2024-12-19,48940.47896008245
Cabai Rawit Merah/Banten/2024-12-20,48977.53412728675
Cabai Rawit Merah/Banten/2024-12-21,48929.753080409326
Cabai Rawit Merah/Banten/2024-12-22,49068.03255770461
Cabai Rawit Merah/Banten/2024-12-23,48920.99788801748
Cabai Rawit Merah/Banten/2024-12-24,48968.53331792547
Cabai Rawit Merah/Banten/2024-12-25,48995.9370852646
Cabai Rawit Merah/Banten/2024-12-26,49058.85637862827
Cabai Rawit Merah/Banten/2024-12-27,48920.723928524574
Cabai Rawit Merah/Banten/2024-12-28,49045.5041549862
Cabai Rawit Merah/Banten/2024-12-29,48990.15164144643
Cabai Rawit Merah/Banten/2024-12-30,48942.537743704415
Cabai Rawit Merah/Banten/2024-12-31,49011.8462245688
Cabai Rawit Merah/Bengkulu/2024-10-01,48999.217154114274
Cabai Rawit Merah/Bengkulu/2024-10-02,48960.84370576421
Cabai Rawit Merah/Bengkulu/2024-10-03,48993.011453174935
Cabai Rawit Merah/Bengkulu/2024-10-04,48971.16111683254
Cabai Rawit Merah/Bengkulu/2024-10-05,48995.110350742085
Cabai Rawit Merah/Bengkulu/2024-10-06,49021.44944590618
Cabai Rawit Merah/Bengkulu/2024-10-07,49065.80561937553
Cabai Rawit Merah/Bengkulu/2024-10-08,48930.232259561504
Cabai Rawit Merah/Bengkulu/2024-10-09,49092.06833898738
Cabai Rawit Merah/Bengkulu/2024-10-10,48895.939906388514
Cabai Rawit Merah/Bengkulu/2024-10-11,48982.373305897054
Cabai Rawit Merah/Bengkulu/2024-10-12,49017.90585901406
Cabai Rawit Merah/Bengkulu/2024-10-13,49003.150774213245
Cabai Rawit Merah/Bengkulu/2024-10-14,48959.76428560493
Cabai Rawit Merah/Bengkulu/2024-10-15,48979.66803172079
Cabai Rawit Merah/Bengkulu/2024-10-16,48965.991122171086
Cabai Rawit Merah/Bengkulu/2024-10-17,48961.36464963094
Cabai Rawit Merah/Bengkulu/2024-10-18,49030.44998363085
Cabai Rawit Merah/Bengkulu/2024-10-19,49006.80059665522
Cabai Rawit Merah/Bengkulu/2024-10-20,48956.39328792847
Cabai Rawit Merah/Bengkulu/2024-10-21,49032.85047208583
Cabai Rawit Merah/Bengkulu/2024-10-22,49004.41394224079
Cabai Rawit Merah/Bengkulu/2024-10-23,49028.68636612141
Cabai Rawit Merah/Bengkulu/2024-10-24,49019.88917856733
Cabai Rawit Merah/Bengkulu/2024-10-25,48949.8599954718
Cabai Rawit Merah/Bengkulu/2024-10-26,48962.76604191051
Cabai Rawit Merah/Bengkulu/2024-10-27,49025.53837297932
Cabai Rawit Merah/Bengkulu/2024-10-28,49018.964565230286
Cabai Rawit Merah/Bengkulu/2024-10-29,48988.65678044056
Cabai Rawit Merah/Bengkulu/2024-10-30,48995.293165153766
Cabai Rawit Merah/Bengkulu/2024-10-31,49051.00167715481
Cabai Rawit Merah/Bengkulu/2024-11-01,48961.2589049317
Cabai Rawit Merah/Bengkulu/2024-11-02,49015.926875766985
Cabai Rawit Merah/Bengkulu/2024-11-03,48979.95305433329
Cabai Rawit Merah/Bengkulu/2024-11-04,48979.20947747797
Cabai Rawit Merah/Bengkulu/2024-11-05,49042.41323148823
Cabai Rawit Merah/Bengkulu/2024-11-06,49029.28892177681
Cabai Rawit Merah/Bengkulu/2024-11-07,49028.71740006973
Cabai Rawit Merah/Bengkulu/2024-11-08,49052.33708980867
Cabai Rawit Merah/Bengkulu/2024-11-09,48990.66900209584
Cabai Rawit Merah/Bengkulu/2024-11-10,49022.40164239336
Cabai Rawit Merah/Bengkulu/2024-11-11,48974.76465180407
Cabai Rawit Merah/Bengkulu/2024-11-12,49005.224030828605
Cabai Rawit Merah/Bengkulu/2024-11-13,48983.41233258771
Cabai Rawit Merah/Bengkulu/2024-11-14,48994.31720514249
Cabai Rawit Merah/Bengkulu/2024-11-15,49018.23415252024
Cabai Rawit Merah/Bengkulu/2024-11-16,48950.37715082679
Cabai Rawit Merah/Bengkulu/2024-11-17,49090.11684695667
Cabai Rawit Merah/Bengkulu/2024-11-18,48941.360996459225
Cabai Rawit Merah/Bengkulu/2024-11-19,48931.36665115539
Cabai Rawit Merah/Bengkulu/2024-11-20,49045.26185006442
Cabai Rawit Merah/Bengkulu/2024-11-21,49027.66841077066
Cabai Rawit Merah/Bengkulu/2024-11-22,49019.62472345652
Cabai Rawit Merah/Bengkulu/2024-11-23,49019.82735053778
Cabai Rawit Merah/Bengkulu/2024-11-24,48989.0724634505
Cabai Rawit Merah/Bengkulu/2024-11-25,48946.58308178331
Cabai Rawit Merah/Bengkulu/2024-11-26,48993.299974564
Cabai Rawit Merah/Bengkulu/2024-11-27,48957.14956587536
Cabai Rawit Merah/Bengkulu/2024-11-28,49036.47623395798
Cabai Rawit Merah/Bengkulu/2024-11-29,48982.59987429098
Cabai Rawit Merah/Bengkulu/2024-11-30,48950.027658897845
Cabai Rawit Merah/Bengkulu/2024-12-01,48974.23040792633
Cabai Rawit Merah/Bengkulu/2024-12-02,49009.48530962392
Cabai Rawit Merah/Bengkulu/2024-12-03,48962.59563003489
Cabai Rawit Merah/Bengkulu/2024-12-04,48950.18496178431
Cabai Rawit Merah/Bengkulu/2024-12-05,49001.35965276739
Cabai Rawit Merah/Bengkulu/2024-12-06,49001.42116485223
Cabai Rawit Merah/Bengkulu/2024-12-07,48965.32164130944
Cabai Rawit Merah/Bengkulu/2024-12-08,48967.04536160771
Cabai Rawit Merah/Bengkulu/2024-12-09,49000.8010132908
Cabai Rawit Merah/Bengkulu/2024-12-10,48920.1370638639
Cabai Rawit Merah/Bengkulu/2024-12-11,48922.087204901385
Cabai Rawit Merah/Bengkulu/2024-12-12,48955.16721541355
Cabai Rawit Merah/Bengkulu/2024-12-13,48979.41229126978
Cabai Rawit Merah/Bengkulu/2024-12-14,49004.58675480716
Cabai Rawit Merah/Bengkulu/2024-12-15,49060.49237624429
Cabai Rawit Merah/Bengkulu/2024-12-16,49030.8366861793
Cabai Rawit Merah/Bengkulu/2024-12-17,48981.98158736269
Cabai Rawit Merah/Bengkulu/2024-12-18,48988.74754910839
Cabai Rawit Merah/Bengkulu/2024-12-19,48941.52872607266
Cabai Rawit Merah/Bengkulu/2024-12-20,48988.77177336916
Cabai Rawit Merah/Bengkulu/2024-12-21,48975.80171001516
Cabai Rawit Merah/Bengkulu/2024-12-22,49005.15402085664
Cabai Rawit Merah/Bengkulu/2024-12-23,48949.94440301321
Cabai Rawit Merah/Bengkulu/2024-12-24,49014.59420374156
Cabai Rawit Merah/Bengkulu/2024-12-25,49063.24775789754
Cabai Rawit Merah/Bengkulu/2024-12-26,48984.43864981708
Cabai Rawit Merah/Bengkulu/2024-12-27,49008.94675230417
Cabai Rawit Merah/Bengkulu/2024-12-28,49022.794557324734
Cabai Rawit Merah/Bengkulu/2024-12-29,48970.39783162486
Cabai Rawit Merah/Bengkulu/2024-12-30,49000.41938346008
Cabai Rawit Merah/Bengkulu/2024-12-31,48990.26496811664
Cabai Rawit Merah/DI Yogyakarta/2024-10-01,48994.34991233107
Cabai Rawit Merah/DI Yogyakarta/2024-10-02,48952.54781896249
Cabai Rawit Merah/DI Yogyakarta/2024-10-03,48990.83700295775
Cabai Rawit Merah/DI Yogyakarta/2024-10-04,49013.56942645823
Cabai Rawit Merah/DI Yogyakarta/2024-10-05,49059.330346710434
Cabai Rawit Merah/DI Yogyakarta/2024-10-06,49035.715338330025
Cabai Rawit Merah/DI Yogyakarta/2024-10-07,49093.03567018428
Cabai Rawit Merah/DI Yogyakarta/2024-10-08,48952.8199331401
Cabai Rawit Merah/DI Yogyakarta/2024-10-09,49031.54131953285
Cabai Rawit Merah/DI Yogyakarta/2024-10-10,48998.46320217083
Cabai Rawit Merah/DI Yogyakarta/2024-10-11,49094.7941941941
Cabai Rawit Merah/DI Yogyakarta/2024-10-12,48950.85388753289
Cabai Rawit Merah/DI Yogyakarta/2024-10-13,48949.34503101632
Cabai Rawit Merah/DI Yogyakarta/2024-10-14,48960.883492140965
Cabai Rawit Merah/DI Yogyakarta/2024-10-15,48887.69125537677
Cabai Rawit Merah/DI Yogyakarta/2024-10-16,48964.41858301074
Cabai Rawit Merah/DI Yogyakarta/2024-10-17,48953.21354747325
Cabai Rawit Merah/DI Yogyakarta/2024-10-18,48996.88030528303
Cabai Rawit Merah/DI Yogyakarta/2024-10-19,49006.06769421206
Cabai Rawit Merah/DI Yogyakarta/2024-10-20,49079.7357110002
Cabai Rawit Merah/DI Yogyakarta/2024-10-21,49035.29050084347
Cabai Rawit Merah/DI Yogyakarta/2024-10-22,48961.96298451963
Cabai Rawit Merah/DI Yogyakarta/2024-10-23,48946.527321583984
Cabai Rawit Merah/DI Yogyakarta/2024-10-24,49013.27794064465
Cabai Rawit Merah/DI Yogyakarta/2024-10-25,48926.27557904284
Cabai Rawit Merah/DI Yogyakarta/2024-10-26,49077.58945675439
Cabai Rawit Merah/DI Yogyakarta/2024-10-27,49046.285591114814
Cabai Rawit Merah/DI Yogyakarta/2024-10-28,48967.134913678135
Cabai Rawit Merah/DI Yogyakarta/2024-10-29,48907.41205824842
Cabai Rawit Merah/DI Yogyakarta/2024-10-30,49054.660487776775
Cabai Rawit Merah/DI Yogyakarta/2024-10-31,48984.16150366958
Cabai Rawit Merah/DI Yogyakarta/2024-11-01,49049.08845631744
Cabai Rawit Merah/DI Yogyakarta/2024-11-02,48913.11096277815
Cabai Rawit Merah/DI Yogyakarta/2024-11-03,48960.88399838444
Cabai Rawit Merah/DI Yogyakarta/2024-11-04,48989.91226082569
Cabai Rawit Merah/DI Yogyakarta/2024-11-05,48991.91580050696
Cabai Rawit Merah/DI Yogyakarta/2024-11-06,48968.052348803874
Cabai Rawit Merah/DI Yogyakarta/2024-11-07,49019.56330856079
Cabai Rawit Merah/DI Yogyakarta/2024-11-08,48938.403244119
Cabai Rawit Merah/DI Yogyakarta/2024-11-09,48982.82456961826
Cabai Rawit Merah/DI Yogyakarta/2024-11-10,48995.43569004432
Cabai Rawit Merah/DI Yogyakarta/2024-11-11,49014.35863735808
Cabai Rawit Merah/DI Yogyakarta/2024-11-12,49023.82522373487
Cabai Rawit Merah/DI Yogyakarta/2024-11-13,48935.66558933548
Cabai Rawit Merah/DI Yogyakarta/2024-11-14,48916.00682062853
Cabai Rawit Merah/DI Yogyakarta/2024-11-15,49051.00223184768
Cabai Rawit Merah/DI Yogyakarta/2024-11-16,49005.61484609624
Cabai Rawit Merah/DI Yogyakarta/2024-11-17,48953.72497700365
Cabai Rawit Merah/DI Yogyakarta/2024-11-18,49064.1316167426
Cabai Rawit Merah/DI Yogyakarta/2024-11-19,48995.21386955018
Cabai Rawit Merah/DI Yogyakarta/2024-11-20,49046.279175790856
Cabai Rawit Merah/DI Yogyakarta/2024-11-21,48992.90204879925
Cabai Rawit Merah/DI Yogyakarta/2024-11-22,49088.59798777538
Cabai Rawit Merah/DI Yogyakarta/2024-11-23,49073.93546438208
Cabai Rawit Merah/DI Yogyakarta/2024-11-24,48977.70778315113
Cabai Rawit Merah/DI Yogyakarta/2024-11-25,49036.30640968291
Cabai Rawit Merah/DI Yogyakarta/2024-11-26,49020.64561599215
Cabai Rawit Merah/DI Yogyakarta/2024-11-27,49055.36954814632
Cabai Rawit Merah/DI Yogyakarta/2024-11-28,48943.33427479754
Cabai Rawit Merah/DI Yogyakarta/2024-11-29,49022.598198144784
Cabai Rawit Merah/DI Yogyakarta/2024-11-30,49040.47609215146
Cabai Rawit Merah/DI Yogyakarta/2024-12-01,48905.2226500575
Cabai Rawit Merah/DI Yogyakarta/2024-12-02,48932.85167350061
Cabai Rawit Merah/DI Yogyakarta/2024-12-03,48891.75574176845
Cabai Rawit Merah/DI Yogyakarta/2024-12-04,48976.725873027535
Cabai Rawit Merah/DI Yogyakarta/2024-12-05,49024.10949588314
Cabai Rawit Merah/DI Yogyakarta/2024-12-06,49061.78855598728
Cabai Rawit Merah/DI Yogyakarta/2024-12-07,48993.217243456376
Cabai Rawit Merah/DI Yogyakarta/2024-12-08,49067.85075080322
Cabai Rawit Merah/DI Yogyakarta/2024-12-09,48923.40125819188
Cabai Rawit Merah/DI Yogyakarta/2024-12-10,48907.88051106853
Cabai Rawit Merah/DI Yogyakarta/2024-12-11,48986.99370865832
Cabai Rawit Merah/DI Yogyakarta/2024-12-12,49008.0994390984
Cabai Rawit Merah/DI Yogyakarta/2024-12-13,48988.09047823896
Cabai Rawit Merah/DI Yogyakarta/2024-12-14,48890.4010302792
Cabai Rawit Merah/DI Yogyakarta/2024-12-15,48985.38134819829
Cabai Rawit Merah/DI Yogyakarta/2024-12-16,48927.03200854822
Cabai Rawit Merah/DI Yogyakarta/2024-12-17,49021.811391765135
Cabai Rawit Merah/DI Yogyakarta/2024-12-18,49007.260508519445
Cabai Rawit Merah/DI Yogyakarta/2024-12-19,48944.53584645269
Cabai Rawit Merah/DI Yogyakarta/2024-12-20,48964.98919342277
Cabai Rawit Merah/DI Yogyakarta/2024-12-21,48938.80682794075
Cabai Rawit Merah/DI Yogyakarta/2024-12-22,48986.65104069534
Cabai Rawit Merah/DI Yogyakarta/2024-12-23,49035.51693009226
Cabai Rawit Merah/DI Yogyakarta/2024-12-24,48942.33483532124
Cabai Rawit Merah/DI Yogyakarta/2024-12-25,49013.859625704135
Cabai Rawit Merah/DI Yogyakarta/2024-12-26,48964.2022681384
Cabai Rawit Merah/DI Yogyakarta/2024-12-27,48951.59414887315
Cabai Rawit Merah/DI Yogyakarta/2024-12-28,48984.5217335492
Cabai Rawit Merah/DI Yogyakarta/2024-12-29,48939.957642873
Cabai Rawit Merah/DI Yogyakarta/2024-12-30,48963.07922221836
Cabai Rawit Merah/DI Yogyakarta/2024-12-31,48932.14934304561
Cabai Rawit Merah/DKI Jakarta/2024-10-01,49083.987369588125
Cabai Rawit Merah/DKI Jakarta/2024-10-02,48991.35308095335
Cabai Rawit Merah/DKI Jakarta/2024-10-03,48956.06592754768
Cabai Rawit Merah/DKI Jakarta/2024-10-04,48999.93353433439
Cabai Rawit Merah/DKI Jakarta/2024-10-05,48984.26744262317
Cabai Rawit Merah/DKI Jakarta/2024-10-06,48979.05167156213
Cabai Rawit Merah/DKI Jakarta/2024-10-07,49019.14665499285
Cabai Rawit Merah/DKI Jakarta/2024-10-08,49026.02852446349
Cabai Rawit Merah/DKI Jakarta/2024-10-09,48964.19073715251
Cabai Rawit Merah/DKI Jakarta/2024-10-10,48962.01504215049
Cabai Rawit Merah/DKI Jakarta/2024-10-11,48976.45502147526
Cabai Rawit Merah/DKI Jakarta/2024-10-12,48879.14408062258
Cabai Rawit Merah/DKI Jakarta/2024-10-13,48916.91516702334
Cabai Rawit Merah/DKI Jakarta/2024-10-14,49055.28421401481
Cabai Rawit Merah/DKI Jakarta/2024-10-15,49068.635557815614
Cabai Rawit Merah/DKI Jakarta/2024-10-16,48977.70358044424
Cabai Rawit Merah/DKI Jakarta/2024-10-17,49017.340797050136
Cabai Rawit Merah/DKI Jakarta/2024-10-18,49004.603721337495
Cabai Rawit Merah/DKI Jakarta/2024-10-19,49137.47926003921
Cabai Rawit Merah/DKI Jakarta/2024-10-20,49043.4119886367
Cabai Rawit Merah/DKI Jakarta/2024-10-21,48983.51923176602
Cabai Rawit Merah/DKI Jakarta/2024-10-22,48943.7848832076
Cabai Rawit Merah/DKI Jakarta/2024-10-23,48912.5346208161
Cabai Rawit Merah/DKI Jakarta/2024-10-24,48999.4291795788
Cabai Rawit Merah/DKI Jakarta/2024-10-25,48953.347484176105
Cabai Rawit Merah/DKI Jakarta/2024-10-26,48921.37690062965
Cabai Rawit Merah/DKI Jakarta/2024-10-27,48958.61761333532
Cabai Rawit Merah/DKI Jakarta/2024-10-28,48937.73427066376
Cabai Rawit Merah/DKI Jakarta/2024-10-29,49070.66047287086
Cabai Rawit Merah/DKI Jakarta/2024-10-30,49031.987840623966
Cabai Rawit Merah/DKI Jakarta/2024-10-31,48989.27725515861
Cabai Rawit Merah/DKI Jakarta/2024-11-01,49060.71312744265
Cabai Rawit Merah/DKI Jakarta/2024-11-02,48993.37501514194
Cabai Rawit Merah/DKI Jakarta/2024-11-03,48948.31011603775
Cabai Rawit Merah/DKI Jakarta/2024-11-04,49062.78646703623
Cabai Rawit Merah/DKI Jakarta/2024-11-05,49015.53381571956
Cabai Rawit Merah/DKI Jakarta/2024-11-06,48939.861867205465
Cabai Rawit Merah/DKI Jakarta/2024-11-07,48980.5221155747
Cabai Rawit Merah/DKI Jakarta/2024-11-08,48947.62153796403
Cabai Rawit Merah/DKI Jakarta/2024-11-09,48923.27158764798
Cabai Rawit Merah/DKI Jakarta/2024-11-10,49034.12633557138
Cabai Rawit Merah/DKI Jakarta/2024-11-11,49081.33196490444
Cabai Rawit Merah/DKI Jakarta/2024-11-12,48922.51422625793
Cabai Rawit Merah/DKI Jakarta/2024-11-13,49016.68860486885
Cabai Rawit Merah/DKI Jakarta/2024-11-14,48958.4227087485
Cabai Rawit Merah/DKI Jakarta/2024-11-15,48966.27346053376
Cabai Rawit Merah/DKI Jakarta/2024-11-16,48961.21928942215
Cabai Rawit Merah/DKI Jakarta/2024-11-17,48948.17945700336
Cabai Rawit Merah/DKI Jakarta/2024-11-18,48991.9897326286
Cabai Rawit Merah/DKI Jakarta/2024-11-19,48949.76571857374
Cabai Rawit Merah/DKI Jakarta/2024-11-20,49002.64478514383
Cabai Rawit Merah/DKI Jakarta/2024-11-21,48987.24810587744
Cabai Rawit Merah/DKI Jakarta/2024-11-22,48978.18810646767
Cabai Rawit Merah/DKI Jakarta/2024-11-23,48946.0876628656
Cabai Rawit Merah/DKI Jakarta/2024-11-24,48961.96910500096
Cabai Rawit Merah/DKI Jakarta/2024-11-25,49025.92691105817
Cabai Rawit Merah/DKI Jakarta/2024-11-26,49013.70940308189
Cabai Rawit Merah/DKI Jakarta/2024-11-27,48942.72724455234
Cabai Rawit Merah/DKI Jakarta/2024-11-28,48994.42917721012
Cabai Rawit Merah/DKI Jakarta/2024-11-29,49025.73476163803
Cabai Rawit Merah/DKI Jakarta/2024-11-30,48909.5114664044
Cabai Rawit Merah/DKI Jakarta/2024-12-01,49015.74723694768
Cabai Rawit Merah/DKI Jakarta/2024-12-02,48957.84727155279
Cabai Rawit Merah/DKI Jakarta/2024-12-03,49017.05496903269
Cabai Rawit Merah/DKI Jakarta/2024-12-04,48953.015790209225
Cabai Rawit Merah/DKI Jakarta/2024-12-05,48903.00683849016
Cabai Rawit Merah/DKI Jakarta/2024-12-06,48911.5211781628
Cabai Rawit Merah/DKI Jakarta/2024-12-07,48991.968624271954
Cabai Rawit Merah/DKI Jakarta/2024-12-08,49002.12938941434
Cabai Rawit Merah/DKI Jakarta/2024-12-09,48946.24310750746
Cabai Rawit Merah/DKI Jakarta/2024-12-10,49020.3189537091
Cabai Rawit Merah/DKI Jakarta/2024-12-11,48909.88969965851
Cabai Rawit Merah/DKI Jakarta/2024-12-12,48986.48771776317
Cabai Rawit Merah/DKI Jakarta/2024-12-13,48931.51872769159
Cabai Rawit Merah/DKI Jakarta/2024-12-14,48958.36508445844
Cabai Rawit Merah/DKI Jakarta/2024-12-15,48991.93569375438
Cabai Rawit Merah/DKI Jakarta/2024-12-16,48948.35103102209
Cabai Rawit Merah/DKI Jakarta/2024-12-17,48971.197350329145
Cabai Rawit Merah/DKI Jakarta/2024-12-18,49037.97256397401
Cabai Rawit Merah/DKI Jakarta/2024-12-19,48961.963264213024
Cabai Rawit Merah/DKI Jakarta/2024-12-20,49029.78217658034
Cabai Rawit Merah/DKI Jakarta/2024-12-21,48935.42246345522
Cabai Rawit Merah/DKI Jakarta/2024-12-22,49015.09649572851
Cabai Rawit Merah/DKI Jakarta/2024-12-23,49058.87079014606
Cabai Rawit Merah/DKI Jakarta/2024-12-24,48870.99545807464
Cabai Rawit Merah/DKI Jakarta/2024-12-25,48951.40104832378
Cabai Rawit Merah/DKI Jakarta/2024-12-26,49017.3656912903
Cabai Rawit Merah/DKI Jakarta/2024-12-27,48979.911971108326
Cabai Rawit Merah/DKI Jakarta/2024-12-28,49007.479021101884
Cabai Rawit Merah/DKI Jakarta/2024-12-29,48960.6623045428
Cabai Rawit Merah/DKI Jakarta/2024-12-30,48993.81747445656
Cabai Rawit Merah/DKI Jakarta/2024-12-31,48982.18622778
Cabai Rawit Merah/Gorontalo/2024-10-01,49045.72604317055
Cabai Rawit Merah/Gorontalo/2024-10-02,49001.87515834403
Cabai Rawit Merah/Gorontalo/2024-10-03,49005.86875668074
Cabai Rawit Merah/Gorontalo/2024-10-04,48969.88604734474
Cabai Rawit Merah/Gorontalo/2024-10-05,48966.250285737406
Cabai Rawit Merah/Gorontalo/2024-10-06,48968.893185796456
Cabai Rawit Merah/Gorontalo/2024-10-07,49008.59812703267
Cabai Rawit Merah/Gorontalo/2024-10-08,48969.448540876096
Cabai Rawit Merah/Gorontalo/2024-10-09,49003.57237812258
Cabai Rawit Merah/Gorontalo/2024-10-10,49089.301175103086
Cabai Rawit Merah/Gorontalo/2024-10-11,49031.48343719416
Cabai Rawit Merah/Gorontalo/2024-10-12,48974.00794695643
Cabai Rawit Merah/Gorontalo/2024-10-13,49047.331408720034
Cabai Rawit Merah/Gorontalo/2024-10-14,48970.06884978654
Cabai Rawit Merah/Gorontalo/2024-10-15,48891.80943888457
Cabai Rawit Merah/Gorontalo/2024-10-16,48941.26173772363
Cabai Rawit Merah/Gorontalo/2024-10-17,48899.84262002276
Cabai Rawit Merah/Gorontalo/2024-10-18,48972.78376887288
Cabai Rawit Merah/Gorontalo/2024-10-19,48990.54401433086
Cabai Rawit Merah/Gorontalo/2024-10-20,49070.14621346605
Cabai Rawit Merah/Gorontalo/2024-10-21,49005.35585546472
Cabai Rawit Merah/Gorontalo/2024-10-22,48979.14099516704
Cabai Rawit Merah/Gorontalo/2024-10-23,49029.48060766295
Cabai Rawit Merah/Gorontalo/2024-10-24,48883.50293121142
Cabai Rawit Merah/Gorontalo/2024-10-25,49000.97252800483
Cabai Rawit Merah/Gorontalo/2024-10-26,49026.669859330825
Cabai Rawit Merah/Gorontalo/2024-10-27,48918.67256363222
Cabai Rawit Merah/Gorontalo/2024-10-28,49044.57233936447
Cabai Rawit Merah/Gorontalo/2024-10-29,49005.911415425566
Cabai Rawit Merah/Gorontalo/2024-10-30,48969.72219670728
Cabai Rawit Merah/Gorontalo/2024-10-31,49020.0405209743
Cabai Rawit Merah/Gorontalo/2024-11-01,49098.67731047797
Cabai Rawit Merah/Gorontalo/2024-11-02,48998.392064520216
Cabai Rawit Merah/Gorontalo/2024-11-03,49001.57769570575
Cabai Rawit Merah/Gorontalo/2024-11-04,48967.60646439667
Cabai Rawit Merah/Gorontalo/2024-11-05,48948.85931198841
Cabai Rawit Merah/Gorontalo/2024-11-06,49029.52544755414
Cabai Rawit Merah/Gorontalo/2024-11-07,48948.55928772519
Cabai Rawit Merah/Gorontalo/2024-11-08,48993.09615095521
Cabai Rawit Merah/Gorontalo/2024-11-09,48966.72759140585
Cabai Rawit Merah/Gorontalo/2024-11-10,49012.6562515366
Cabai Rawit Merah/Gorontalo/2024-11-11,49005.6795686915
Cabai Rawit Merah/Gorontalo/2024-11-12,49039.472950397634
Cabai Rawit Merah/Gorontalo/2024-11-13,48965.17421959813
Cabai Rawit Merah/Gorontalo/2024-11-14,48976.70356025274
Cabai Rawit Merah/Gorontalo/2024-11-15,48942.66958299655
Cabai Rawit Merah/Gorontalo/2024-11-16,48968.32965424768
Cabai Rawit Merah/Gorontalo/2024-11-17,49007.77465037646
Cabai Rawit Merah/Gorontalo/2024-11-18,49026.00345946218
Cabai Rawit Merah/Gorontalo/2024-11-19,48945.3865228705
Cabai Rawit Merah/Gorontalo/2024-11-20,49031.41035872297
Cabai Rawit Merah/Gorontalo/2024-11-21,49054.74514221492
Cabai Rawit Merah/Gorontalo/2024-11-22,49009.50964141293
Cabai Rawit Merah/Gorontalo/2024-11-23,49079.76634225032
Cabai Rawit Merah/Gorontalo/2024-11-24,48952.51052406603
Cabai Rawit Merah/Gorontalo/2024-11-25,48929.90431749152
Cabai Rawit Merah/Gorontalo/2024-11-26,48904.26348942759
Cabai Rawit Merah/Gorontalo/2024-11-27,49061.486193746285
Cabai Rawit Merah/Gorontalo/2024-11-28,49021.07666160834
Cabai Rawit Merah/Gorontalo/2024-11-29,48986.99130762919
Cabai Rawit Merah/Gorontalo/2024-11-30,49003.10152271342
Cabai Rawit Merah/Gorontalo/2024-12-01,48935.62506968686
Cabai Rawit Merah/Gorontalo/2024-12-02,49107.08230338585
Cabai Rawit Merah/Gorontalo/2024-12-03,48995.86438877349
Cabai Rawit Merah/Gorontalo/2024-12-04,48994.9124787978
Cabai Rawit Merah/Gorontalo/2024-12-05,49024.50487034679
Cabai Rawit Merah/Gorontalo/2024-12-06,49012.754006210285
Cabai Rawit Merah/Gorontalo/2024-12-07,49000.409536283376
Cabai Rawit Merah/Gorontalo/2024-12-08,48951.70940338665
Cabai Rawit Merah/Gorontalo/2024-12-09,49012.29587278133
Cabai Rawit Merah/Gorontalo/2024-12-10,49080.017338059726
Cabai Rawit Merah/Gorontalo/2024-12-11,49054.25463386813
Cabai Rawit Merah/Gorontalo/2024-12-12,49066.15007786649
Cabai Rawit Merah/Gorontalo/2024-12-13,48965.11689211039
Cabai Rawit Merah/Gorontalo/2024-12-14,48942.14948993591
Cabai Rawit Merah/Gorontalo/2024-12-15,48983.62179458298
Cabai Rawit Merah/Gorontalo/2024-12-16,48992.33597706782
Cabai Rawit Merah/Gorontalo/2024-12-17,49042.19299803782
Cabai Rawit Merah/Gorontalo/2024-12-18,48908.40409004202
Cabai Rawit Merah/Gorontalo/2024-12-19,49063.094600477096
Cabai Rawit Merah/Gorontalo/2024-12-20,48982.074313656274
Cabai Rawit Merah/Gorontalo/2024-12-21,48969.16560381971
Cabai Rawit Merah/Gorontalo/2024-12-22,48941.06875701898
Cabai Rawit Merah/Gorontalo/2024-12-23,48910.20975525568
Cabai Rawit Merah/Gorontalo/2024-12-24,49029.18115519499
Cabai Rawit Merah/Gorontalo/2024-12-25,48993.18005559866
Cabai Rawit Merah/Gorontalo/2024-12-26,48927.72835868767
Cabai Rawit Merah/Gorontalo/2024-12-27,48927.482665109856
Cabai Rawit Merah/Gorontalo/2024-12-28,48973.538879473774
Cabai Rawit Merah/Gorontalo/2024-12-29,49069.7907145954
Cabai Rawit Merah/Gorontalo/2024-12-30,48977.19692225968
Cabai Rawit Merah/Gorontalo/2024-12-31,48917.493405682326
Cabai Rawit Merah/Jambi/2024-10-01,48977.86194602852
Cabai Rawit Merah/Jambi/2024-10-02,48976.56676019897
Cabai Rawit Merah/Jambi/2024-10-03,48860.18153026009
Cabai Rawit Merah/Jambi/2024-10-04,48987.05323174618
Cabai Rawit Merah/Jambi/2024-10-05,48978.57257090109
Cabai Rawit Merah/Jambi/2024-10-06,49023.08513181263
Cabai Rawit Merah/Jambi/2024-10-07,49078.42915406755
Cabai Rawit Merah/Jambi/2024-10-08,49043.74690786173
Cabai Rawit Merah/Jambi/2024-10-09,48976.75101763938
Cabai Rawit Merah/Jambi/2024-10-10,48936.53580295944
Cabai Rawit Merah/Jambi/2024-10-11,49113.20895824352
Cabai Rawit Merah/Jambi/2024-10-12,48992.50379211943
Cabai Rawit Merah/Jambi/2024-10-13,48990.32922443133
Cabai Rawit Merah/Jambi/2024-10-14,48988.502144211925
Cabai Rawit Merah/Jambi/2024-10-15,48999.17065108461
Cabai Rawit Merah/Jambi/2024-10-16,48982.7298757455
Cabai Rawit Merah/Jambi/2024-10-17,48962.11854606481
Cabai Rawit Merah/Jambi/2024-10-18,48963.40533811232
Cabai Rawit Merah/Jambi/2024-10-19,48988.08775799076
Cabai Rawit Merah/Jambi/2024-10-20,48963.57012481176
Cabai Rawit Merah/Jambi/2024-10-21,48955.4360706302
Cabai Rawit Merah/Jambi/2024-10-22,48994.76986237791
Cabai Rawit Merah/Jambi/2024-10-23,48977.41853843215
Cabai Rawit Merah/Jambi/2024-10-24,49061.86756308695
Cabai Rawit Merah/Jambi/2024-10-25,48862.385840282026
Cabai Rawit Merah/Jambi/2024-10-26,49042.063980734034
Cabai Rawit Merah/Jambi/2024-10-27,49049.4854312846
Cabai Rawit Merah/Jambi/2024-10-28,48890.11585111633
Cabai Rawit Merah/Jambi/2024-10-29,48973.20771863453
Cabai Rawit Merah/Jambi/2024-10-30,48971.82702798487
Cabai Rawit Merah/Jambi/2024-10-31,48922.08508307616
Cabai Rawit Merah/Jambi/2024-11-01,48952.31675108316
Cabai Rawit Merah/Jambi/2024-11-02,48936.34055874966
Cabai Rawit Merah/Jambi/2024-11-03,49073.7873018952
Cabai Rawit Merah/Jambi/2024-11-04,49034.58231468107
Cabai Rawit Merah/Jambi/2024-11-05,49050.70796714693
Cabai Rawit Merah/Jambi/2024-11-06,49024.30814551533
Cabai Rawit Merah/Jambi/2024-11-07,48935.45428991123
Cabai Rawit Merah/Jambi/2024-11-08,48964.47838287322
Cabai Rawit Merah/Jambi/2024-11-09,49013.1557011643
Cabai Rawit Merah/Jambi/2024-11-10,48930.985504492666
Cabai Rawit Merah/Jambi/2024-11-11,49023.891595066816
Cabai Rawit Merah/Jambi/2024-11-12,48978.121925526895
Cabai Rawit Merah/Jambi/2024-11-13,48971.6648984797
Cabai Rawit Merah/Jambi/2024-11-14,49023.793781202505
Cabai Rawit Merah/Jambi/2024-11-15,49010.989495319314
Cabai Rawit Merah/Jambi/2024-11-16,48972.33022732882
Cabai Rawit Merah/Jambi/2024-11-17,49045.32028203542
Cabai Rawit Merah/Jambi/2024-11-18,48937.75804097596
Cabai Rawit Merah/Jambi/2024-11-19,49019.23183144126
Cabai Rawit Merah/Jambi/2024-11-20,49018.13545415485
Cabai Rawit Merah/Jambi/2024-11-21,48974.79887687037
Cabai Rawit Merah/Jambi/2024-11-22,49005.31821906188
Cabai Rawit Merah/Jambi/2024-11-23,48929.59374104716
Cabai Rawit Merah/Jambi/2024-11-24,49034.023391742616
Cabai Rawit Merah/Jambi/2024-11-25,48980.78309073142
Cabai Rawit Merah/Jambi/2024-11-26,48964.56404350423
Cabai Rawit Merah/Jambi/2024-11-27,49040.02368544009
Cabai Rawit Merah/Jambi/2024-11-28,48955.84434950849
Cabai Rawit Merah/Jambi/2024-11-29,48922.03952802403
Cabai Rawit Merah/Jambi/2024-11-30,48914.92573953256
Cabai Rawit Merah/Jambi/2024-12-01,49018.75499198636
Cabai Rawit Merah/Jambi/2024-12-02,48928.18611584704
Cabai Rawit Merah/Jambi/2024-12-03,49073.9083425763
Cabai Rawit Merah/Jambi/2024-12-04,48889.70550568464
Cabai Rawit Merah/Jambi/2024-12-05,49071.10776703069
Cabai Rawit Merah/Jambi/2024-12-06,48999.79135967964
Cabai Rawit Merah/Jambi/2024-12-07,48985.017015838064
Cabai Rawit Merah/Jambi/2024-12-08,48963.49865029109
Cabai Rawit Merah/Jambi/2024-12-09,49008.82295307957
Cabai Rawit Merah/Jambi/2024-12-10,48987.853684293696
Cabai Rawit Merah/Jambi/2024-12-11,49042.63031934568
Cabai Rawit Merah/Jambi/2024-12-12,48995.14439908784
Cabai Rawit Merah/Jambi/2024-12-13,48996.87640579224
Cabai Rawit Merah/Jambi/2024-12-14,48972.20329670565
Cabai Rawit Merah/Jambi/2024-12-15,48986.92648631665
Cabai Rawit Merah/Jambi/2024-12-16,49004.438180601865
Cabai Rawit Merah/Jambi/2024-12-17,48907.5543207747
Cabai Rawit Merah/Jambi/2024-12-18,48924.93322231221
Cabai Rawit Merah/Jambi/2024-12-19,49025.34459231631
Cabai Rawit Merah/Jambi/2024-12-20,48997.86340932463
Cabai Rawit Merah/Jambi/2024-12-21,48980.82689870693
Cabai Rawit Merah/Jambi/2024-12-22,48990.5449935886
Cabai Rawit Merah/Jambi/2024-12-23,49006.347783712525
Cabai Rawit Merah/Jambi/2024-12-24,48963.746302173735
Cabai Rawit Merah/Jambi/2024-12-25,48952.29353478127
Cabai Rawit Merah/Jambi/2024-12-26,48999.062880967416
Cabai Rawit Merah/Jambi/2024-12-27,48942.68811961344
Cabai Rawit Merah/Jambi/2024-12-28,49009.26059367369
Cabai Rawit Merah/Jambi/2024-12-29,48907.91823753384
Cabai Rawit Merah/Jambi/2024-12-30,49039.07034432773
Cabai Rawit Merah/Jambi/2024-12-31,49012.34979645351
Cabai Rawit Merah/Jawa Barat/2024-10-01,49001.952223107146
Cabai Rawit Merah/Jawa Barat/2024-10-02,49036.839733265406
Cabai Rawit Merah/Jawa Barat/2024-10-03,49069.62052488435
Cabai Rawit Merah/Jawa Barat/2024-10-04,49038.36103647448
Cabai Rawit Merah/Jawa Barat/2024-10-05,48901.2794116572
Cabai Rawit Merah/Jawa Barat/2024-10-06,48928.227593733405
Cabai Rawit Merah/Jawa Barat/2024-10-07,48959.6627990314
Cabai Rawit Merah/Jawa Barat/2024-10-08,48990.91302675458
Cabai Rawit Merah/Jawa Barat/2024-10-09,49014.5130790582
Cabai Rawit Merah/Jawa Barat/2024-10-10,48954.81650817076
Cabai Rawit Merah/Jawa Barat/2024-10-11,48998.626821614285
Cabai Rawit Merah/Jawa Barat/2024-10-12,48953.393949331214
Cabai Rawit Merah/Jawa Barat/2024-10-13,48960.3010356752
Cabai Rawit Merah/Jawa Barat/2024-10-14,48922.12575971325
Cabai Rawit Merah/Jawa Barat/2024-10-15,48945.33519777911
Cabai Rawit Merah/Jawa Barat/2024-10-16,48924.76502812388
Cabai Rawit Merah/Jawa Barat/2024-10-17,48942.80772949327
Cabai Rawit Merah/Jawa Barat/2024-10-18,49040.245650214536
Cabai Rawit Merah/Jawa Barat/2024-10-19,48944.07870465646
Cabai Rawit Merah/Jawa Barat/2024-10-20,49116.04182212577
Cabai Rawit Merah/Jawa Barat/2024-10-21,49013.34452197194
Cabai Rawit Merah/Jawa Barat/2024-10-22,48998.5344704607
Cabai Rawit Merah/Jawa Barat/2024-10-23,48948.45048969967
Cabai Rawit Merah/Jawa Barat/2024-10-24,49023.28278735363
Cabai Rawit Merah/Jawa Barat/2024-10-25,48962.024097407695
Cabai Rawit Merah/Jawa Barat/2024-10-26,48995.5180782016
Cabai Rawit Merah/Jawa Barat/2024-10-27,49112.57112361
Cabai Rawit Merah/Jawa Barat/2024-10-28,48985.048394746445
Cabai Rawit Merah/Jawa Barat/2024-10-29,49044.83766256783
Cabai Rawit Merah/Jawa Barat/2024-10-30,48955.90071240678
Cabai Rawit Merah/Jawa Barat/2024-10-31,48987.98092691419
Cabai Rawit Merah/Jawa Barat/2024-11-01,49074.6777142273
Cabai Rawit Merah/Jawa Barat/2024-11-02,48959.55941698042
Cabai Rawit Merah/Jawa Barat/2024-11-03,49076.67696445073
Cabai Rawit Merah/Jawa Barat/2024-11-04,49023.63990512015
Cabai Rawit Merah/Jawa Barat/2024-11-05,48962.65632054733
Cabai Rawit Merah/Jawa Barat/2024-11-06,49020.02289877879
Cabai Rawit Merah/Jawa Barat/2024-11-07,49036.35330598256
Cabai Rawit Merah/Jawa Barat/2024-11-08,49019.514058745706
Cabai Rawit Merah/Jawa Barat/2024-11-09,48914.27324345049
Cabai Rawit Merah/Jawa Barat/2024-11-10,48954.75022027199
Cabai Rawit Merah/Jawa Barat/2024-11-11,48977.777004055344
Cabai Rawit Merah/Jawa Barat/2024-11-12,48986.08672756786
Cabai Rawit Merah/Jawa Barat/2024-11-13,49019.45883911189
Cabai Rawit Merah/Jawa Barat/2024-11-14,48998.19148060588
Cabai Rawit Merah/Jawa Barat/2024-11-15,48925.54969204936
Cabai Rawit Merah/Jawa Barat/2024-11-16,49007.91378966877
Cabai Rawit Merah/Jawa Barat/2024-11-17,49018.97482109302
Cabai Rawit Merah/Jawa Barat/2024-11-18,49016.53611491888
Cabai Rawit Merah/Jawa Barat/2024-11-19,49041.54901435012
Cabai Rawit Merah/Jawa Barat/2024-11-20,49029.69728951198
Cabai Rawit Merah/Jawa Barat/2024-11-21,49011.706049847846
Cabai Rawit Merah/Jawa Barat/2024-11-22,48986.2919625245
Cabai Rawit Merah/Jawa Barat/2024-11-23,48909.91713390827
Cabai Rawit Merah/Jawa Barat/2024-11-24,49010.28673523665
Cabai Rawit Merah/Jawa Barat/2024-11-25,48999.63156691124
Cabai Rawit Merah/Jawa Barat/2024-11-26,49002.69883229383
Cabai Rawit Merah/Jawa Barat/2024-11-27,48928.362831670616
Cabai Rawit Merah/Jawa Barat/2024-11-28,48937.75809855282
Cabai Rawit Merah/Jawa Barat/2024-11-29,49040.222676605634
Cabai Rawit Merah/Jawa Barat/2024-11-30,48987.76112480914
Cabai Rawit Merah/Jawa Barat/2024-12-01,49022.379284638526
Cabai Rawit Merah/Jawa Barat/2024-12-02,48991.019675557385
Cabai Rawit Merah/Jawa Barat/2024-12-03,48991.08893576323
Cabai Rawit Merah/Jawa Barat/2024-12-04,49034.70797410875
Cabai Rawit Merah/Jawa Barat/2024-12-05,48964.884868204455
Cabai Rawit Merah/Jawa Barat/2024-12-06,48994.275258492686
Cabai Rawit Merah/Jawa Barat/2024-12-07,48967.4663285753
Cabai Rawit Merah/Jawa Barat/2024-12-08,48968.79999651858
Cabai Rawit Merah/Jawa Barat/2024-12-09,48974.81684795058
Cabai Rawit Merah/Jawa Barat/2024-12-10,49000.32489772868
Cabai Rawit Merah/Jawa Barat/2024-12-11,48966.67523935512
Cabai Rawit Merah/Jawa Barat/2024-12-12,49049.94959425873
Cabai Rawit Merah/Jawa Barat/2024-12-13,48946.70970380914
Cabai Rawit Merah/Jawa Barat/2024-12-14,48980.68849796672
Cabai Rawit Merah/Jawa Barat/2024-12-15,48968.54865193652
Cabai Rawit Merah/Jawa Barat/2024-12-16,49059.13038413461
Cabai Rawit Merah/Jawa Barat/2024-12-17,48999.09703485148
Cabai Rawit Merah/Jawa Barat/2024-12-18,49039.1995470991
Cabai Rawit Merah/Jawa Barat/2024-12-19,48918.33796500337
Cabai Rawit Merah/Jawa Barat/2024-12-20,49002.4816996141
Cabai Rawit Merah/Jawa Barat/2024-12-21,49032.37215591409
Cabai Rawit Merah/Jawa Barat/2024-12-22,48993.61084048153
Cabai Rawit Merah/Jawa Barat/2024-12-23,49040.8145625066
Cabai Rawit Merah/Jawa Barat/2024-12-24,48964.824995562834
Cabai Rawit Merah/Jawa Barat/2024-12-25,49057.32396127746
Cabai Rawit Merah/Jawa Barat/2024-12-26,49100.031726866975
Cabai Rawit Merah/Jawa Barat/2024-12-27,48972.240493747966
Cabai Rawit Merah/Jawa Barat/2024-12-28,48968.27190109136
Cabai Rawit Merah/Jawa Barat/2024-12-29,49059.43832537958
Cabai Rawit Merah/Jawa Barat/2024-12-30,49065.4967979252
Cabai Rawit Merah/Jawa Barat/2024-12-31,48964.55793076878
Cabai Rawit Merah/Jawa Tengah/2024-10-01,48969.487069596405
Cabai Rawit Merah/Jawa Tengah/2024-10-02,48976.13196794802
Cabai Rawit Merah/Jawa Tengah/2024-10-03,48925.1129306301
Cabai Rawit Merah/Jawa Tengah/2024-10-04,48945.55545218412
Cabai Rawit Merah/Jawa Tengah/2024-10-05,48941.45075379743
Cabai Rawit Merah/Jawa Tengah/2024-10-06,48952.79764868035
Cabai Rawit Merah/Jawa Tengah/2024-10-07,48987.99466243381
Cabai Rawit Merah/Jawa Tengah/2024-10-08,49000.90458842208
Cabai Rawit Merah/Jawa Tengah/2024-10-09,49064.10021355355
Cabai Rawit Merah/Jawa Tengah/2024-10-10,48941.72866666804
Cabai Rawit Merah/Jawa Tengah/2024-10-11,49036.91807613149
Cabai Rawit Merah/Jawa Tengah/2024-10-12,48979.38674937446
Cabai Rawit Merah/Jawa Tengah/2024-10-13,48987.28571442384
Cabai Rawit Merah/Jawa Tengah/2024-10-14,49022.05889241781
Cabai Rawit Merah/Jawa Tengah/2024-10-15,48935.75788012642
Cabai Rawit Merah/Jawa Tengah/2024-10-16,49008.02009111086
Cabai Rawit Merah/Jawa Tengah/2024-10-17,48997.65172481397
Cabai Rawit Merah/Jawa Tengah/2024-10-18,49013.30311106533
Cabai Rawit Merah/Jawa Tengah/2024-10-19,49003.54343451884
Cabai Rawit Merah/Jawa Tengah/2024-10-20,49107.540357357306
Cabai Rawit Merah/Jawa Tengah/2024-10-21,48959.0423288989
Cabai Rawit Merah/Jawa Tengah/2024-10-22,48964.16716571472
Cabai Rawit Merah/Jawa Tengah/2024-10-23,48959.74336306407
Cabai Rawit Merah/Jawa Tengah/2024-10-24,48962.99184360663
Cabai Rawit Merah/Jawa Tengah/2024-10-25,48959.0592160713
Cabai Rawit Merah/Jawa Tengah/2024-10-26,49046.74526966594
Cabai Rawit Merah/Jawa Tengah/2024-10-27,49057.85913986254
Cabai Rawit Merah/Jawa Tengah/2024-10-28,48962.25838774453
Cabai Rawit Merah/Jawa Tengah/2024-10-29,48949.698563870574
Cabai Rawit Merah/Jawa Tengah/2024-10-30,49012.29335567774
Cabai Rawit Merah/Jawa Tengah/2024-10-31,48963.14807327576
Cabai Rawit Merah/Jawa Tengah/2024-11-01,49020.04772022367
Cabai Rawit Merah/Jawa Tengah/2024-11-02,48999.4025805264
Cabai Rawit Merah/Jawa Tengah/2024-11-03,48916.88865046832
Cabai Rawit Merah/Jawa Tengah/2024-11-04,49063.95678378841
Cabai Rawit Merah/Jawa Tengah/2024-11-05,49075.881209601066
Cabai Rawit Merah/Jawa Tengah/2024-11-06,48960.24012707927
Cabai Rawit Merah/Jawa Tengah/2024-11-07,48971.04666633775
Cabai Rawit Merah/Jawa Tengah/2024-11-08,49003.38498685852
Cabai Rawit Merah/Jawa Tengah/2024-11-09,49005.71813324039
Cabai Rawit Merah/Jawa Tengah/2024-11-10,49021.27749357141
Cabai Rawit Merah/Jawa Tengah/2024-11-11,49086.17108981379
Cabai Rawit Merah/Jawa Tengah/2024-11-12,48981.165099087
Cabai Rawit Merah/Jawa Tengah/2024-11-13,48951.33395279117
Cabai Rawit Merah/Jawa Tengah/2024-11-14,48923.43886708848
Cabai Rawit Merah/Jawa Tengah/2024-11-15,48954.56828404517
Cabai Rawit Merah/Jawa Tengah/2024-11-16,48988.06994154703
Cabai Rawit Merah/Jawa Tengah/2024-11-17,49075.81754087099
Cabai Rawit Merah/Jawa Tengah/2024-11-18,48964.8092092685
Cabai Rawit Merah/Jawa Tengah/2024-11-19,49000.404279920025
Cabai Rawit Merah/Jawa Tengah/2024-11-20,48988.87189426435
Cabai Rawit Merah/Jawa Tengah/2024-11-21,49046.71582967481
Cabai Rawit Merah/Jawa Tengah/2024-11-22,49110.97976122854
Cabai Rawit Merah/Jawa Tengah/2024-11-23,48964.173140943945
Cabai Rawit Merah/Jawa Tengah/2024-11-24,48966.162397252585
Cabai Rawit Merah/Jawa Tengah/2024-11-25,49039.79136106227
Cabai Rawit Merah/Jawa Tengah/2024-11-26,49022.39869062947
Cabai Rawit Merah/Jawa Tengah/2024-11-27,49078.321922894655
Cabai Rawit Merah/Jawa Tengah/2024-11-28,49017.6950327272
Cabai Rawit Merah/Jawa Tengah/2024-11-29,48972.41081508391
Cabai Rawit Merah/Jawa Tengah/2024-11-30,49018.01839350439
Cabai Rawit Merah/Jawa Tengah/2024-12-01,49042.890104572936
Cabai Rawit Merah/Jawa Tengah/2024-12-02,49029.05242353136
Cabai Rawit Merah/Jawa Tengah/2024-12-03,49014.01495584042
Cabai Rawit Merah/Jawa Tengah/2024-12-04,49040.87208096291
Cabai Rawit Merah/Jawa Tengah/2024-12-05,49045.7991197629
Cabai Rawit Merah/Jawa Tengah/2024-12-06,49056.01884563898
Cabai Rawit Merah/Jawa Tengah/2024-12-07,49020.80559050111
Cabai Rawit Merah/Jawa Tengah/2024-12-08,48981.63734089767
Cabai Rawit Merah/Jawa Tengah/2024-12-09,48996.70460563612
Cabai Rawit Merah/Jawa Tengah/2024-12-10,49047.58578726309
Cabai Rawit Merah/Jawa Tengah/2024-12-11,48950.43914892058
Cabai Rawit Merah/Jawa Tengah/2024-12-12,49007.3606161646
Cabai Rawit Merah/Jawa Tengah/2024-12-13,48970.77600130736
Cabai Rawit Merah/Jawa Tengah/2024-12-14,48991.04047140482
Cabai Rawit Merah/Jawa Tengah/2024-12-15,49051.03945980281
Cabai Rawit Merah/Jawa Tengah/2024-12-16,48998.83497851756
Cabai Rawit Merah/Jawa Tengah/2024-12-17,48991.88984158844
Cabai Rawit Merah/Jawa Tengah/2024-12-18,48924.37306656436
Cabai Rawit Merah/Jawa Tengah/2024-12-19,49025.48845809727
Cabai Rawit Merah/Jawa Tengah/2024-12-20,49020.650436649
Cabai Rawit Merah/Jawa Tengah/2024-12-21,49093.519137102
Cabai Rawit Merah/Jawa Tengah/2024-12-22,48974.88371553951
Cabai Rawit Merah/Jawa Tengah/2024-12-23,49000.181929456514
Cabai Rawit Merah/Jawa Tengah/2024-12-24,49001.63375118431
Cabai Rawit Merah/Jawa Tengah/2024-12-25,49065.39496285937
Cabai Rawit Merah/Jawa Tengah/2024-12-26,48985.08546797389
Cabai Rawit Merah/Jawa Tengah/2024-12-27,49003.05637390481
Cabai Rawit Merah/Jawa Tengah/2024-12-28,49018.84594213438
Cabai Rawit Merah/Jawa Tengah/2024-12-29,48998.61977185369
Cabai Rawit Merah/Jawa Tengah/2024-12-30,48968.22710944379
Cabai Rawit Merah/Jawa Tengah/2024-12-31,48998.97873519874
Cabai Rawit Merah/Jawa Timur/2024-10-01,49041.20598539475
Cabai Rawit Merah/Jawa Timur/2024-10-02,48940.37691752682
Cabai Rawit Merah/Jawa Timur/2024-10-03,48996.04426622347
Cabai Rawit Merah/Jawa Timur/2024-10-04,48956.04718118363
Cabai Rawit Merah/Jawa Timur/2024-10-05,49047.03511732572
Cabai Rawit Merah/Jawa Timur/2024-10-06,48916.531390162825
Cabai Rawit Merah/Jawa Timur/2024-10-07,48962.82603133887
Cabai Rawit Merah/Jawa Timur/2024-10-08,49007.77036001485
Cabai Rawit Merah/Jawa Timur/2024-10-09,49064.8217152437
Cabai Rawit Merah/Jawa Timur/2024-10-10,48986.50357478806
Cabai Rawit Merah/Jawa Timur/2024-10-11,48963.00475959008
Cabai Rawit Merah/Jawa Timur/2024-10-12,49079.975674593545
Cabai Rawit Merah/Jawa Timur/2024-10-13,48920.14074982341
Cabai Rawit Merah/Jawa Timur/2024-10-14,48884.09485134713
Cabai Rawit Merah/Jawa Timur/2024-10-15,49010.78557701991
Cabai Rawit Merah/Jawa Timur/2024-10-16,48965.55634426751
Cabai Rawit Merah/Jawa Timur/2024-10-17,48940.63029948279
Cabai Rawit Merah/Jawa Timur/2024-10-18,49023.668319918776
Cabai Rawit Merah/Jawa Timur/2024-10-19,49001.36494109768
Cabai Rawit Merah/Jawa Timur/2024-10-20,48962.57855904522
Cabai Rawit Merah/Jawa Timur/2024-10-21,48928.19216859499
Cabai Rawit Merah/Jawa Timur/2024-10-22,49031.54729194436
Cabai Rawit Merah/Jawa Timur/2024-10-23,49020.876776693054
Cabai Rawit Merah/Jawa Timur/2024-10-24,48984.89872430193
Cabai Rawit Merah/Jawa Timur/2024-10-25,49078.3180992008
Cabai Rawit Merah/Jawa Timur/2024-10-26,48938.28507322285
Cabai Rawit Merah/Jawa Timur/2024-10-27,48916.41941506769
Cabai Rawit Merah/Jawa Timur/2024-10-28,48956.44163991354
Cabai Rawit Merah/Jawa Timur/2024-10-29,48987.471705454285
Cabai Rawit Merah/Jawa Timur/2024-10-30,49001.34306385345
Cabai Rawit Merah/Jawa Timur/2024-10-31,48978.0780075872
Cabai Rawit Merah/Jawa Timur/2024-11-01,49006.56235311042
Cabai Rawit Merah/Jawa Timur/2024-11-02,48929.57322435208
Cabai Rawit Merah/Jawa Timur/2024-11-03,49058.97611303339
Cabai Rawit Merah/Jawa Timur/2024-11-04,48985.71617690038
Cabai Rawit Merah/Jawa Timur/2024-11-05,49043.30217546228
Cabai Rawit Merah/Jawa Timur/2024-11-06,49006.11477071045
Cabai Rawit Merah/Jawa Timur/2024-11-07,49011.58933841324
Cabai Rawit Merah/Jawa Timur/2024-11-08,49017.01544716198
Cabai Rawit Merah/Jawa Timur/2024-11-09,49011.15522526091
Cabai Rawit Merah/Jawa Timur/2024-11-10,49020.51803836469
Cabai Rawit Merah/Jawa Timur/2024-11-11,49053.473765836665
Cabai Rawit Merah/Jawa Timur/2024-11-12,48999.09565388152
Cabai Rawit Merah/Jawa Timur/2024-11-13,49023.70022031448
Cabai Rawit Merah/Jawa Timur/2024-11-14,48985.35238053703
Cabai Rawit Merah/Jawa Timur/2024-11-15,49058.80135789183
Cabai Rawit Merah/Jawa Timur/2024-11-16,48957.18672020947
Cabai Rawit Merah/Jawa Timur/2024-11-17,49076.12448971024
Cabai Rawit Merah/Jawa Timur/2024-11-18,48987.732541957055
Cabai Rawit Merah/Jawa Timur/2024-11-19,48920.96833900132
Cabai Rawit Merah/Jawa Timur/2024-11-20,48995.81093322786
Cabai Rawit Merah/Jawa Timur/2024-11-21,48956.96275407983
Cabai Rawit Merah/Jawa Timur/2024-11-22,49030.020094139705
Cabai Rawit Merah/Jawa Timur/2024-11-23,48958.32729414685
Cabai Rawit Merah/Jawa Timur/2024-11-24,48968.23860209413
Cabai Rawit Merah/Jawa Timur/2024-11-25,48898.94251658968
Cabai Rawit Merah/Jawa Timur/2024-11-26,48967.944746760666
Cabai Rawit Merah/Jawa Timur/2024-11-27,48873.28856137688
Cabai Rawit Merah/Jawa Timur/2024-11-28,48913.61592526282
Cabai Rawit Merah/Jawa Timur/2024-11-29,49026.16760541319
Cabai Rawit Merah/Jawa Timur/2024-11-30,49027.38626804516
Cabai Rawit Merah/Jawa Timur/2024-12-01,49010.08622893343
Cabai Rawit Merah/Jawa Timur/2024-12-02,48943.23491970234
Cabai Rawit Merah/Jawa Timur/2024-12-03,48987.36963111853
Cabai Rawit Merah/Jawa Timur/2024-12-04,48989.48754872978
Cabai Rawit Merah/Jawa Timur/2024-12-05,48934.04673039038
Cabai Rawit Merah/Jawa Timur/2024-12-06,49061.83906554845
Cabai Rawit Merah/Jawa Timur/2024-12-07,49031.78269207021
Cabai Rawit Merah/Jawa Timur/2024-12-08,48979.05169954389
Cabai Rawit Merah/Jawa Timur/2024-12-09,48990.95116705352
Cabai Rawit Merah/Jawa Timur/2024-12-10,48999.66499364371
Cabai Rawit Merah/Jawa Timur/2024-12-11,48891.6359798862
Cabai Rawit Merah/Jawa Timur/2024-12-12,48977.79326257719
Cabai Rawit Merah/Jawa Timur/2024-12-13,48956.9177832309
Cabai Rawit Merah/Jawa Timur/2024-12-14,48941.57183017847
Cabai Rawit Merah/Jawa Timur/2024-12-15,48976.164196295285
Cabai Rawit Merah/Jawa Timur/2024-12-16,49075.96760639025
Cabai Rawit Merah/Jawa Timur/2024-12-17,49020.42726487303
Cabai Rawit Merah/Jawa Timur/2024-12-18,48962.23759591867
Cabai Rawit Merah/Jawa Timur/2024-12-19,49017.15031664835
Cabai Rawit Merah/Jawa Timur/2024-12-20,49056.84427624435
Cabai Rawit Merah/Jawa Timur/2024-12-21,49034.05276834728
Cabai Rawit Merah/Jawa Timur/2024-12-22,48992.52337261824
Cabai Rawit Merah/Jawa Timur/2024-12-23,48958.60078650919
Cabai Rawit Merah/Jawa Timur/2024-12-24,49023.18269977252
Cabai Rawit Merah/Jawa Timur/2024-12-25,49008.552034510685
Cabai Rawit Merah/Jawa Timur/2024-12-26,49032.63906744988
Cabai Rawit Merah/Jawa Timur/2024-12-27,49020.15524502276
Cabai Rawit Merah/Jawa Timur/2024-12-28,49040.04993959403
Cabai Rawit Merah/Jawa Timur/2024-12-29,48963.96373867503
Cabai Rawit Merah/Jawa Timur/2024-12-30,49052.90930795358
Cabai Rawit Merah/Jawa Timur/2024-12-31,48999.14748370976
Cabai Rawit Merah/Kalimantan Barat/2024-10-01,49089.29483278007
Cabai Rawit Merah/Kalimantan Barat/2024-10-02,48956.57236568162
Cabai Rawit Merah/Kalimantan Barat/2024-10-03,49073.00500262309
Cabai Rawit Merah/Kalimantan Barat/2024-10-04,48999.16254874629
Cabai Rawit Merah/Kalimantan Barat/2024-10-05,48958.38578382292
Cabai Rawit Merah/Kalimantan Barat/2024-10-06,48966.42911803975
Cabai Rawit Merah/Kalimantan Barat/2024-10-07,48974.28039360437
Cabai Rawit Merah/Kalimantan Barat/2024-10-08,49010.024879625824
Cabai Rawit Merah/Kalimantan Barat/2024-10-09,49014.76174678894
Cabai Rawit Merah/Kalimantan Barat/2024-10-10,48962.116542955184
Cabai Rawit Merah/Kalimantan Barat/2024-10-11,48988.49098247907
Cabai Rawit Merah/Kalimantan Barat/2024-10-12,49092.511739400834
Cabai Rawit Merah/Kalimantan Barat/2024-10-13,49072.60058097727
Cabai Rawit Merah/Kalimantan Barat/2024-10-14,49010.60859553736
Cabai Rawit Merah/Kalimantan Barat/2024-10-15,48991.48514477536
Cabai Rawit Merah/Kalimantan Barat/2024-10-16,48995.42357296639
Cabai Rawit Merah/Kalimantan Barat/2024-10-17,49019.11620681518
Cabai Rawit Merah/Kalimantan Barat/2024-10-18,48940.55589814564
Cabai Rawit Merah/Kalimantan Barat/2024-10-19,48977.30363211234
Cabai Rawit Merah/Kalimantan Barat/2024-10-20,48909.550803524864
Cabai Rawit Merah/Kalimantan Barat/2024-10-21,49008.82713038683
Cabai Rawit Merah/Kalimantan Barat/2024-10-22,49020.732314934576
Cabai Rawit Merah/Kalimantan Barat/2024-10-23,48966.461979795655
Cabai Rawit Merah/Kalimantan Barat/2024-10-24,49065.22796143972
Cabai Rawit Merah/Kalimantan Barat/2024-10-25,48930.81061689288
Cabai Rawit Merah/Kalimantan Barat/2024-10-26,48919.35514415812
Cabai Rawit Merah/Kalimantan Barat/2024-10-27,49000.436438648605
Cabai Rawit Merah/Kalimantan Barat/2024-10-28,49039.93190534454
Cabai Rawit Merah/Kalimantan Barat/2024-10-29,49070.50642031678
Cabai Rawit Merah/Kalimantan Barat/2024-10-30,48967.62881138914
Cabai Rawit Merah/Kalimantan Barat/2024-10-31,49041.44832273631
Cabai Rawit Merah/Kalimantan Barat/2024-11-01,48987.8118416362
Cabai Rawit Merah/Kalimantan Barat/2024-11-02,48981.37278701024
Cabai Rawit Merah/Kalimantan Barat/2024-11-03,49032.08552797048
Cabai Rawit Merah/Kalimantan Barat/2024-11-04,49020.978712073374
Cabai Rawit Merah/Kalimantan Barat/2024-11-05,48913.97717765847
Cabai Rawit Merah/Kalimantan Barat/2024-11-06,49060.54976357599
Cabai Rawit Merah/Kalimantan Barat/2024-11-07,49055.91923759647
Cabai Rawit Merah/Kalimantan Barat/2024-11-08,48959.62691232863
Cabai Rawit Merah/Kalimantan Barat/2024-11-09,49008.66313315161
Cabai Rawit Merah/Kalimantan Barat/2024-11-10,49013.37902317991
Cabai Rawit Merah/Kalimantan Barat/2024-11-11,49002.17575757886
Cabai Rawit Merah/Kalimantan Barat/2024-11-12,48963.24009844392
Cabai Rawit Merah/Kalimantan Barat/2024-11-13,48957.41535704972
Cabai Rawit Merah/Kalimantan Barat/2024-11-14,48988.43353802206
Cabai Rawit Merah/Kalimantan Barat/2024-11-15,49045.96358470781
Cabai Rawit Merah/Kalimantan Barat/2024-11-16,49015.75870399085
Cabai Rawit Merah/Kalimantan Barat/2024-11-17,48971.86685334992
Cabai Rawit Merah/Kalimantan Barat/2024-11-18,49026.70996628999
Cabai Rawit Merah/Kalimantan Barat/2024-11-19,48852.90063412362
Cabai Rawit Merah/Kalimantan Barat/2024-11-20,49044.813273323096
Cabai Rawit Merah/Kalimantan Barat/2024-11-21,48906.1357792015
Cabai Rawit Merah/Kalimantan Barat/2024-11-22,48972.25911860772
Cabai Rawit Merah/Kalimantan Barat/2024-11-23,48935.90416378548
Cabai Rawit Merah/Kalimantan Barat/2024-11-24,48927.50156064164
Cabai Rawit Merah/Kalimantan Barat/2024-11-25,49045.39193832019
Cabai Rawit Merah/Kalimantan Barat/2024-11-26,48967.20527350879
Cabai Rawit Merah/Kalimantan Barat/2024-11-27,49006.2958401536
Cabai Rawit Merah/Kalimantan Barat/2024-11-28,48987.4073820842
Cabai Rawit Merah/Kalimantan Barat/2024-11-29,49012.563212959205
Cabai Rawit Merah/Kalimantan Barat/2024-11-30,48993.34870988279
Cabai Rawit Merah/Kalimantan Barat/2024-12-01,48928.06325002173
Cabai Rawit Merah/Kalimantan Barat/2024-12-02,49037.49160495485
Cabai Rawit Merah/Kalimantan Barat/2024-12-03,48965.95482524493
Cabai Rawit Merah/Kalimantan Barat/2024-12-04,48914.92806287696
Cabai Rawit Merah/Kalimantan Barat/2024-12-05,48969.10615778984
Cabai Rawit Merah/Kalimantan Barat/2024-12-06,49061.712264187925
Cabai Rawit Merah/Kalimantan Barat/2024-12-07,49030.47976885447
Cabai Rawit Merah/Kalimantan Barat/2024-12-08,48972.92114361781
Cabai Rawit Merah/Kalimantan Barat/2024-12-09,48972.89219511795
Cabai Rawit Merah/Kalimantan Barat/2024-12-10,48974.21865788117
Cabai Rawit Merah/Kalimantan Barat/2024-12-11,49089.3662296772
Cabai Rawit Merah/Kalimantan Barat/2024-12-12,49007.99726637871
Cabai Rawit Merah/Kalimantan Barat/2024-12-13,49010.30681382325
Cabai Rawit Merah/Kalimantan Barat/2024-12-14,49039.1248669307
Cabai Rawit Merah/Kalimantan Barat/2024-12-15,49001.1250136328
Cabai Rawit Merah/Kalimantan Barat/2024-12-16,48977.22404105909
Cabai Rawit Merah/Kalimantan Barat/2024-12-17,48980.23369527381
Cabai Rawit Merah/Kalimantan Barat/2024-12-18,48986.22289810799
Cabai Rawit Merah/Kalimantan Barat/2024-12-19,48987.873379664976
Cabai Rawit Merah/Kalimantan Barat/2024-12-20,49024.59411326349
Cabai Rawit Merah/Kalimantan Barat/2024-12-21,48992.154186518885
Cabai Rawit Merah/Kalimantan Barat/2024-12-22,49024.834707113485
Cabai Rawit Merah/Kalimantan Barat/2024-12-23,48985.78514206682
Cabai Rawit Merah/Kalimantan Barat/2024-12-24,48993.43576723497
Cabai Rawit Merah/Kalimantan Barat/2024-12-25,48893.725933497386
Cabai Rawit Merah/Kalimantan Barat/2024-12-26,49033.6536889271
Cabai Rawit Merah/Kalimantan Barat/2024-12-27,49006.29538667702
Cabai Rawit Merah/Kalimantan Barat/2024-12-28,49037.575086525925
Cabai Rawit Merah/Kalimantan Barat/2024-12-29,48850.60960020277
Cabai Rawit Merah/Kalimantan Barat/2024-12-30,49089.9240226828
Cabai Rawit Merah/Kalimantan Barat/2024-12-31,48982.95869081467
Cabai Rawit Merah/Kalimantan Selatan/2024-10-01,49042.86470897872
Cabai Rawit Merah/Kalimantan Selatan/2024-10-02,48939.73393775056
Cabai Rawit Merah/Kalimantan Selatan/2024-10-03,49019.07978624917
Cabai Rawit Merah/Kalimantan Selatan/2024-10-04,48939.08569146045
Cabai Rawit Merah/Kalimantan Selatan/2024-10-05,48959.71290547372
Cabai Rawit Merah/Kalimantan Selatan/2024-10-06,49081.55384140559
Cabai Rawit Merah/Kalimantan Selatan/2024-10-07,48980.50538077796
Cabai Rawit Merah/Kalimantan Selatan/2024-10-08,49000.099348459946
Cabai Rawit Merah/Kalimantan Selatan/2024-10-09,49031.43263777856
Cabai Rawit Merah/Kalimantan Selatan/2024-10-10,49013.45841158323
Cabai Rawit Merah/Kalimantan Selatan/2024-10-11,48996.88233396563
Cabai Rawit Merah/Kalimantan Selatan/2024-10-12,49007.18238658379
Cabai Rawit Merah/Kalimantan Selatan/2024-10-13,49105.0496415904
Cabai Rawit Merah/Kalimantan Selatan/2024-10-14,48986.8942921456
Cabai Rawit Merah/Kalimantan Selatan/2024-10-15,48999.31545780053
Cabai Rawit Merah/Kalimantan Selatan/2024-10-16,49040.1030464268
Cabai Rawit Merah/Kalimantan Selatan/2024-10-17,49042.73754421231
Cabai Rawit Merah/Kalimantan Selatan/2024-10-18,49046.65066122334
Cabai Rawit Merah/Kalimantan Selatan/2024-10-19,49020.326283199545
Cabai Rawit Merah/Kalimantan Selatan/2024-10-20,48934.78448243522
Cabai Rawit Merah/Kalimantan Selatan/2024-10-21,49068.0825766967
Cabai Rawit Merah/Kalimantan Selatan/2024-10-22,48934.62408651637
Cabai Rawit Merah/Kalimantan Selatan/2024-10-23,49004.19017969834
Cabai Rawit Merah/Kalimantan Selatan/2024-10-24,48953.44720818778
Cabai Rawit Merah/Kalimantan Selatan/2024-10-25,48986.58092779162
Cabai Rawit Merah/Kalimantan Selatan/2024-10-26,49005.44440356648
Cabai Rawit Merah/Kalimantan Selatan/2024-10-27,49005.08860839087
Cabai Rawit Merah/Kalimantan Selatan/2024-10-28,49009.91689015313
Cabai Rawit Merah/Kalimantan Selatan/2024-10-29,49067.135296772765
Cabai Rawit Merah/Kalimantan Selatan/2024-10-30,49011.434832430336
Cabai Rawit Merah/Kalimantan Selatan/2024-10-31,48977.93848681411
Cabai Rawit Merah/Kalimantan Selatan/2024-11-01,49035.94687723994
Cabai Rawit Merah/Kalimantan Selatan/2024-11-02,49046.76769038006
Cabai Rawit Merah/Kalimantan Selatan/2024-11-03,48930.72263931803
Cabai Rawit Merah/Kalimantan Selatan/2024-11-04,49018.34194945179
Cabai Rawit Merah/Kalimantan Selatan/2024-11-05,49023.3240886113
Cabai Rawit Merah/Kalimantan Selatan/2024-11-06,48975.37436212801
Cabai Rawit Merah/Kalimantan Selatan/2024-11-07,49055.70873372378
Cabai Rawit Merah/Kalimantan Selatan/2024-11-08,48982.456054226976
Cabai Rawit Merah/Kalimantan Selatan/2024-11-09,48995.68952883673
Cabai Rawit Merah/Kalimantan Selatan/2024-11-10,48981.35124844871
Cabai Rawit Merah/Kalimantan Selatan/2024-11-11,48990.408394208185
Cabai Rawit Merah/Kalimantan Selatan/2024-11-12,48937.02780666685
Cabai Rawit Merah/Kalimantan Selatan/2024-11-13,48920.522736128034
Cabai Rawit Merah/Kalimantan Selatan/2024-11-14,49066.21312623445
Cabai Rawit Merah/Kalimantan Selatan/2024-11-15,48948.9971012076
Cabai Rawit Merah/Kalimantan Selatan/2024-11-16,48942.06286497812
Cabai Rawit Merah/Kalimantan Selatan/2024-11-17,48886.27476870882
Cabai Rawit Merah/Kalimantan Selatan/2024-11-18,48958.98324221315
Cabai Rawit Merah/Kalimantan Selatan/2024-11-19,48926.13800373655
Cabai Rawit Merah/Kalimantan Selatan/2024-11-20,49068.49367913947
Cabai Rawit Merah/Kalimantan Selatan/2024-11-21,49038.14155170101
Cabai Rawit Merah/Kalimantan Selatan/2024-11-22,48956.621495604064
Cabai Rawit Merah/Kalimantan Selatan/2024-11-23,49097.8007628965
Cabai Rawit Merah/Kalimantan Selatan/2024-11-24,49036.795496458544
Cabai Rawit Merah/Kalimantan Selatan/2024-11-25,48974.06548662562
Cabai Rawit Merah/Kalimantan Selatan/2024-11-26,48869.6630046574
Cabai Rawit Merah/Kalimantan Selatan/2024-11-27,49099.64977711133
Cabai Rawit Merah/Kalimantan Selatan/2024-11-28,48922.94658637679
Cabai Rawit Merah/Kalimantan Selatan/2024-11-29,48910.66387046023
Cabai Rawit Merah/Kalimantan Selatan/2024-11-30,49038.754131859925
Cabai Rawit Merah/Kalimantan Selatan/2024-12-01,49106.79370660008
Cabai Rawit Merah/Kalimantan Selatan/2024-12-02,49056.11999167196
Cabai Rawit Merah/Kalimantan Selatan/2024-12-03,49016.73372911217
Cabai Rawit Merah/Kalimantan Selatan/2024-12-04,49018.21503410604
Cabai Rawit Merah/Kalimantan Selatan/2024-12-05,49030.63389245138
Cabai Rawit Merah/Kalimantan Selatan/2024-12-06,49026.09749275205
Cabai Rawit Merah/Kalimantan Selatan/2024-12-07,49003.16085579038
Cabai Rawit Merah/Kalimantan Selatan/2024-12-08,48994.66335976973
Cabai Rawit Merah/Kalimantan Selatan/2024-12-09,48986.6554721755
Cabai Rawit Merah/Kalimantan Selatan/2024-12-10,48953.462366606
Cabai Rawit Merah/Kalimantan Selatan/2024-12-11,48976.18509401979
Cabai Rawit Merah/Kalimantan Selatan/2024-12-12,48908.380638886
Cabai Rawit Merah/Kalimantan Selatan/2024-12-13,48984.938836663234
Cabai Rawit Merah/Kalimantan Selatan/2024-12-14,48942.1973181713
Cabai Rawit Merah/Kalimantan Selatan/2024-12-15,48936.67611046192
Cabai Rawit Merah/Kalimantan Selatan/2024-12-16,48998.29673901136
Cabai Rawit Merah/Kalimantan Selatan/2024-12-17,49056.49056839332
Cabai Rawit Merah/Kalimantan Selatan/2024-12-18,49033.748892291806
Cabai Rawit Merah/Kalimantan Selatan/2024-12-19,48914.25965832182
Cabai Rawit Merah/Kalimantan Selatan/2024-12-20,48942.14783394996
Cabai Rawit Merah/Kalimantan Selatan/2024-12-21,49034.82735872128
Cabai Rawit Merah/Kalimantan Selatan/2024-12-22,48942.49073593072
Cabai Rawit Merah/Kalimantan Selatan/2024-12-23,48978.87540718594
Cabai Rawit Merah/Kalimantan Selatan/2024-12-24,49016.06823237598
Cabai Rawit Merah/Kalimantan Selatan/2024-12-25,48943.16951257557
Cabai Rawit Merah/Kalimantan Selatan/2024-12-26,48994.719421437454
Cabai Rawit Merah/Kalimantan Selatan/2024-12-27,48925.612921895336
Cabai Rawit Merah/Kalimantan Selatan/2024-12-28,48960.78827805501
Cabai Rawit Merah/Kalimantan Selatan/2024-12-29,49005.01304993377
Cabai Rawit Merah/Kalimantan Selatan/2024-12-30,48913.17962735312
Cabai Rawit Merah/Kalimantan Selatan/2024-12-31,49010.80746103581
Cabai Rawit Merah/Kalimantan Tengah/2024-10-01,48988.71715178614
Cabai Rawit Merah/Kalimantan Tengah/2024-10-02,49016.18541804511
Cabai Rawit Merah/Kalimantan Tengah/2024-10-03,49000.41040953896
Cabai Rawit Merah/Kalimantan Tengah/2024-10-04,49055.153211583056
Cabai Rawit Merah/Kalimantan Tengah/2024-10-05,48995.672559970575
Cabai Rawit Merah/Kalimantan Tengah/2024-10-06,48969.04452796532
Cabai Rawit Merah/Kalimantan Tengah/2024-10-07,48995.53212276552
Cabai Rawit Merah/Kalimantan Tengah/2024-10-08,49015.74450285037
Cabai Rawit Merah/Kalimantan Tengah/2024-10-09,48992.00628545688
Cabai Rawit Merah/Kalimantan Tengah/2024-10-10,48991.60913782404
Cabai Rawit Merah/Kalimantan Tengah/2024-10-11,48955.9573596952
Cabai Rawit Merah/Kalimantan Tengah/2024-10-12,48957.83419754632
Cabai Rawit Merah/Kalimantan Tengah/2024-10-13,48922.32058909778
Cabai Rawit Merah/Kalimantan Tengah/2024-10-14,49073.65817281509
Cabai Rawit Merah/Kalimantan Tengah/2024-10-15,48929.941636598334
Cabai Rawit Merah/Kalimantan Tengah/2024-10-16,48956.39333808518
Cabai Rawit Merah/Kalimantan Tengah/2024-10-17,48955.16902544392
Cabai Rawit Merah/Kalimantan Tengah/2024-10-18,49032.625891887285
Cabai Rawit Merah/Kalimantan Tengah/2024-10-19,48975.49962059303
Cabai Rawit Merah/Kalimantan Tengah/2024-10-20,49049.56469271831
Cabai Rawit Merah/Kalimantan Tengah/2024-10-21,48957.32561976766
Cabai Rawit Merah/Kalimantan Tengah/2024-10-22,49003.05500651216
Cabai Rawit Merah/Kalimantan Tengah/2024-10-23,48949.55508458028
Cabai Rawit Merah/Kalimantan Tengah/2024-10-24,49092.6499862361
Cabai Rawit Merah/Kalimantan Tengah/2024-10-25,48932.64325889409
Cabai Rawit Merah/Kalimantan Tengah/2024-10-26,49004.53491418898
Cabai Rawit Merah/Kalimantan Tengah/2024-10-27,49020.08832787579
Cabai Rawit Merah/Kalimantan Tengah/2024-10-28,49009.52707289363
Cabai Rawit Merah/Kalimantan Tengah/2024-10-29,48980.7647962411
Cabai Rawit Merah/Kalimantan Tengah/2024-10-30,48983.427522820966
Cabai Rawit Merah/Kalimantan Tengah/2024-10-31,48991.76386409943
Cabai Rawit Merah/Kalimantan Tengah/2024-11-01,48982.60278349894
Cabai Rawit Merah/Kalimantan Tengah/2024-11-02,49035.93660242495
Cabai Rawit Merah/Kalimantan Tengah/2024-11-03,49095.78852731317
Cabai Rawit Merah/Kalimantan Tengah/2024-11-04,48962.89495758179
Cabai Rawit Merah/Kalimantan Tengah/2024-11-05,48923.89563935068
Cabai Rawit Merah/Kalimantan Tengah/2024-11-06,48985.42211710788
Cabai Rawit Merah/Kalimantan Tengah/2024-11-07,49113.51365930151
Cabai Rawit Merah/Kalimantan Tengah/2024-11-08,48951.07565976095
Cabai Rawit Merah/Kalimantan Tengah/2024-11-09,49068.35495701129
Cabai Rawit Merah/Kalimantan Tengah/2024-11-10,49070.20757230971
Cabai Rawit Merah/Kalimantan Tengah/2024-11-11,48963.082690471296
Cabai Rawit Merah/Kalimantan Tengah/2024-11-12,49016.97801192352
Cabai Rawit Merah/Kalimantan Tengah/2024-11-13,49067.8406694806
Cabai Rawit Merah/Kalimantan Tengah/2024-11-14,48971.4586929042
Cabai Rawit Merah/Kalimantan Tengah/2024-11-15,48979.886644457394
Cabai Rawit Merah/Kalimantan Tengah/2024-11-16,48961.73366186758
Cabai Rawit Merah/Kalimantan Tengah/2024-11-17,48940.941595037104
Cabai Rawit Merah/Kalimantan Tengah/2024-11-18,48958.48827996757
Cabai Rawit Merah/Kalimantan Tengah/2024-11-19,48930.89811194462
Cabai Rawit Merah/Kalimantan Tengah/2024-11-20,48991.29637092206
Cabai Rawit Merah/Kalimantan Tengah/2024-11-21,48952.69315816154
Cabai Rawit Merah/Kalimantan Tengah/2024-11-22,49000.884089962376
Cabai Rawit Merah/Kalimantan Tengah/2024-11-23,48914.960706130914
Cabai Rawit Merah/Kalimantan Tengah/2024-11-24,49005.54575925961
Cabai Rawit Merah/Kalimantan Tengah/2024-11-25,49029.678251165904
Cabai Rawit Merah/Kalimantan Tengah/2024-11-26,48893.93990879056
Cabai Rawit Merah/Kalimantan Tengah/2024-11-27,49007.61880078259
Cabai Rawit Merah/Kalimantan Tengah/2024-11-28,49048.60106410059
Cabai Rawit Merah/Kalimantan Tengah/2024-11-29,48931.58487598023
Cabai Rawit Merah/Kalimantan Tengah/2024-11-30,49069.96122890304
Cabai Rawit Merah/Kalimantan Tengah/2024-12-01,49009.77746870212
Cabai Rawit Merah/Kalimantan Tengah/2024-12-02,48955.812556746176
Cabai Rawit Merah/Kalimantan Tengah/2024-12-03,48986.983008618445
Cabai Rawit Merah/Kalimantan Tengah/2024-12-04,49016.46590354975
Cabai Rawit Merah/Kalimantan Tengah/2024-12-05,48993.30959877622
Cabai Rawit Merah/Kalimantan Tengah/2024-12-06,49015.52622290874
Cabai Rawit Merah/Kalimantan Tengah/2024-12-07,48945.45830255148
Cabai Rawit Merah/Kalimantan Tengah/2024-12-08,48997.79147614271
Cabai Rawit Merah/Kalimantan Tengah/2024-12-09,48921.78730150403
Cabai Rawit Merah/Kalimantan Tengah/2024-12-10,48984.32024229126
Cabai Rawit Merah/Kalimantan Tengah/2024-12-11,48946.2631364813
Cabai Rawit Merah/Kalimantan Tengah/2024-12-12,48954.34688610623
Cabai Rawit Merah/Kalimantan Tengah/2024-12-13,49049.00545942963
Cabai Rawit Merah/Kalimantan Tengah/2024-12-14,49042.0542851761
Cabai Rawit Merah/Kalimantan Tengah/2024-12-15,49018.90519476713
Cabai Rawit Merah/Kalimantan Tengah/2024-12-16,48937.21784288661
Cabai Rawit Merah/Kalimantan Tengah/2024-12-17,48974.46958948444
Cabai Rawit Merah/Kalimantan Tengah/2024-12-18,49047.90200815162
Cabai Rawit Merah/Kalimantan Tengah/2024-12-19,48996.46433262732
Cabai Rawit Merah/Kalimantan Tengah/2024-12-20,49101.01238051983
Cabai Rawit Merah/Kalimantan Tengah/2024-12-21,49008.54368649692
Cabai Rawit Merah/Kalimantan Tengah/2024-12-22,48998.88096638371
Cabai Rawit Merah/Kalimantan Tengah/2024-12-23,48974.81996731056
Cabai Rawit Merah/Kalimantan Tengah/2024-12-24,48996.07206686677
Cabai Rawit Merah/Kalimantan Tengah/2024-12-25,48982.34053845402
Cabai Rawit Merah/Kalimantan Tengah/2024-12-26,49023.65697877906
Cabai Rawit Merah/Kalimantan Tengah/2024-12-27,49035.59204087332
Cabai Rawit Merah/Kalimantan Tengah/2024-12-28,48951.92460491105
Cabai Rawit Merah/Kalimantan Tengah/2024-12-29,48925.74729717264
Cabai Rawit Merah/Kalimantan Tengah/2024-12-30,48901.50331534783
Cabai Rawit Merah/Kalimantan Tengah/2024-12-31,49014.04921469728
Cabai Rawit Merah/Kalimantan Timur/2024-10-01,48936.6869281211
Cabai Rawit Merah/Kalimantan Timur/2024-10-02,48886.29853630726
Cabai Rawit Merah/Kalimantan Timur/2024-10-03,49008.3156349232
Cabai Rawit Merah/Kalimantan Timur/2024-10-04,49109.34994665491
Cabai Rawit Merah/Kalimantan Timur/2024-10-05,48989.36861175767
Cabai Rawit Merah/Kalimantan Timur/2024-10-06,49029.91639859863
Cabai Rawit Merah/Kalimantan Timur/2024-10-07,48993.58901344594
Cabai Rawit Merah/Kalimantan Timur/2024-10-08,48984.91303773663
Cabai Rawit Merah/Kalimantan Timur/2024-10-09,49033.78605398532
Cabai Rawit Merah/Kalimantan Timur/2024-10-10,48975.72421906785
Cabai Rawit Merah/Kalimantan Timur/2024-10-11,49002.49810362428
Cabai Rawit Merah/Kalimantan Timur/2024-10-12,49005.10526436316
Cabai Rawit Merah/Kalimantan Timur/2024-10-13,48957.58506335714
Cabai Rawit Merah/Kalimantan Timur/2024-10-14,49037.28885770393
Cabai Rawit Merah/Kalimantan Timur/2024-10-15,48981.2604111853
Cabai Rawit Merah/Kalimantan Timur/2024-10-16,48953.376683832525
Cabai Rawit Merah/Kalimantan Timur/2024-10-17,49015.41842001281
Cabai Rawit Merah/Kalimantan Timur/2024-10-18,48946.52440441861
Cabai Rawit Merah/Kalimantan Timur/2024-10-19,48991.01333801408
Cabai Rawit Merah/Kalimantan Timur/2024-10-20,48989.222361181215
Cabai Rawit Merah/Kalimantan Timur/2024-10-21,49041.7945265874
Cabai Rawit Merah/Kalimantan Timur/2024-10-22,49012.45077967092
Cabai Rawit Merah/Kalimantan Timur/2024-10-23,48988.458701847165
Cabai Rawit Merah/Kalimantan Timur/2024-10-24,49028.92180024741
Cabai Rawit Merah/Kalimantan Timur/2024-10-25,49056.40504607868
Cabai Rawit Merah/Kalimantan Timur/2024-10-26,49016.441351438094
Cabai Rawit Merah/Kalimantan Timur/2024-10-27,48990.15759614546
Cabai Rawit Merah/Kalimantan Timur/2024-10-28,48926.67872175565
Cabai Rawit Merah/Kalimantan Timur/2024-10-29,48938.52404228362
Cabai Rawit Merah/Kalimantan Timur/2024-10-30,48975.00649060038
Cabai Rawit Merah/Kalimantan Timur/2024-10-31,48960.39718243439
Cabai Rawit Merah/Kalimantan Timur/2024-11-01,48980.68339136429
Cabai Rawit Merah/Kalimantan Timur/2024-11-02,48992.37968983279
Cabai Rawit Merah/Kalimantan Timur/2024-11-03,49015.09082429564
Cabai Rawit Merah/Kalimantan Timur/2024-11-04,48986.27548893703
Cabai Rawit Merah/Kalimantan Timur/2024-11-05,49013.017395454175
Cabai Rawit Merah/Kalimantan Timur/2024-11-06,48992.75579441485
Cabai Rawit Merah/Kalimantan Timur/2024-11-07,48894.817319803005
Cabai Rawit Merah/Kalimantan Timur/2024-11-08,48944.56243012605
Cabai Rawit Merah/Kalimantan Timur/2024-11-09,48982.74251068276
Cabai Rawit Merah/Kalimantan Timur/2024-11-10,48931.58208203494
Cabai Rawit Merah/Kalimantan Timur/2024-11-11,49018.46276140287
Cabai Rawit Merah/Kalimantan Timur/2024-11-12,49063.15187996073
Cabai Rawit Merah/Kalimantan Timur/2024-11-13,49048.17342807252
Cabai Rawit Merah/Kalimantan Timur/2024-11-14,48979.41283661271
Cabai Rawit Merah/Kalimantan Timur/2024-11-15,49061.2309193304
Cabai Rawit Merah/Kalimantan Timur/2024-11-16,48996.79835343598
Cabai Rawit Merah/Kalimantan Timur/2024-11-17,48973.47712021158
Cabai Rawit Merah/Kalimantan Timur/2024-11-18,48960.21086456689
Cabai Rawit Merah/Kalimantan Timur/2024-11-19,48975.13874242176
Cabai Rawit Merah/Kalimantan Timur/2024-11-20,48971.02390260392
Cabai Rawit Merah/Kalimantan Timur/2024-11-21,48997.84194957633
Cabai Rawit Merah/Kalimantan Timur/2024-11-22,48997.369347388834
Cabai Rawit Merah/Kalimantan Timur/2024-11-23,48989.80639148776
Cabai Rawit Merah/Kalimantan Timur/2024-11-24,49010.63784758143
Cabai Rawit Merah/Kalimantan Timur/2024-11-25,49046.82378270774
Cabai Rawit Merah/Kalimantan Timur/2024-11-26,49035.248942742895
Cabai Rawit Merah/Kalimantan Timur/2024-11-27,48918.36982101578
Cabai Rawit Merah/Kalimantan Timur/2024-11-28,48867.04555055733
Cabai Rawit Merah/Kalimantan Timur/2024-11-29,49034.51761199772
Cabai Rawit Merah/Kalimantan Timur/2024-11-30,48924.03580295922
Cabai Rawit Merah/Kalimantan Timur/2024-12-01,48978.86889674243
Cabai Rawit Merah/Kalimantan Timur/2024-12-02,48933.48207909845
Cabai Rawit Merah/Kalimantan Timur/2024-12-03,48903.145951964645
Cabai Rawit Merah/Kalimantan Timur/2024-12-04,49015.65597783039
Cabai Rawit Merah/Kalimantan Timur/2024-12-05,49026.10724373579
Cabai Rawit Merah/Kalimantan Timur/2024-12-06,48961.98143562744
Cabai Rawit Merah/Kalimantan Timur/2024-12-07,48865.26282762321
Cabai Rawit Merah/Kalimantan Timur/2024-12-08,48963.43464347215
Cabai Rawit Merah/Kalimantan Timur/2024-12-09,49008.47093507207
Cabai Rawit Merah/Kalimantan Timur/2024-12-10,48918.65678375424
Cabai Rawit Merah/Kalimantan Timur/2024-12-11,48998.463007000006
Cabai Rawit Merah/Kalimantan Timur/2024-12-12,48988.92479561194
Cabai Rawit Merah/Kalimantan Timur/2024-12-13,49017.47219075068
Cabai Rawit Merah/Kalimantan Timur/2024-12-14,48995.40129626029
Cabai Rawit Merah/Kalimantan Timur/2024-12-15,48942.94265200383
Cabai Rawit Merah/Kalimantan Timur/2024-12-16,49047.10834507017
Cabai Rawit Merah/Kalimantan Timur/2024-12-17,48982.04928570537
Cabai Rawit Merah/Kalimantan Timur/2024-12-18,48988.34946143261
Cabai Rawit Merah/Kalimantan Timur/2024-12-19,48944.85367687289
Cabai Rawit Merah/Kalimantan Timur/2024-12-20,48968.37810383442
Cabai Rawit Merah/Kalimantan Timur/2024-12-21,48947.18058767844
Cabai Rawit Merah/Kalimantan Timur/2024-12-22,48981.35691086377
Cabai Rawit Merah/Kalimantan Timur/2024-12-23,49071.83999234097
Cabai Rawit Merah/Kalimantan Timur/2024-12-24,48923.794422635976
Cabai Rawit Merah/Kalimantan Timur/2024-12-25,48912.19234294391
Cabai Rawit Merah/Kalimantan Timur/2024-12-26,49060.29178530919
Cabai Rawit Merah/Kalimantan Timur/2024-12-27,48979.61056527748
Cabai Rawit Merah/Kalimantan Timur/2024-12-28,48957.537778193306
Cabai Rawit Merah/Kalimantan Timur/2024-12-29,49039.58633974824
Cabai Rawit Merah/Kalimantan Timur/2024-12-30,48960.5843524609
Cabai Rawit Merah/Kalimantan Timur/2024-12-31,49077.3280598076
Cabai Rawit Merah/Kalimantan Utara/2024-10-01,49022.20783440821
Cabai Rawit Merah/Kalimantan Utara/2024-10-02,48966.23556216499
Cabai Rawit Merah/Kalimantan Utara/2024-10-03,49093.233982172
Cabai Rawit Merah/Kalimantan Utara/2024-10-04,48960.57990295872
Cabai Rawit Merah/Kalimantan Utara/2024-10-05,49025.28908952144
Cabai Rawit Merah/Kalimantan Utara/2024-10-06,49004.02972199206
Cabai Rawit Merah/Kalimantan Utara/2024-10-07,49052.15773924559
Cabai Rawit Merah/Kalimantan Utara/2024-10-08,49064.62955805135
Cabai Rawit Merah/Kalimantan Utara/2024-10-09,48991.19700684491
Cabai Rawit Merah/Kalimantan Utara/2024-10-10,48953.48875790228
Cabai Rawit Merah/Kalimantan Utara/2024-10-11,49011.74416662649
Cabai Rawit Merah/Kalimantan Utara/2024-10-12,48957.12325276164
Cabai Rawit Merah/Kalimantan Utara/2024-10-13,49086.32414355603
Cabai Rawit Merah/Kalimantan Utara/2024-10-14,48996.21538355287
Cabai Rawit Merah/Kalimantan Utara/2024-10-15,48972.12105167671
Cabai Rawit Merah/Kalimantan Utara/2024-10-16,48998.52707899969
Cabai Rawit Merah/Kalimantan Utara/2024-10-17,48924.98430427535
Cabai Rawit Merah/Kalimantan Utara/2024-10-18,48943.01291391436
Cabai Rawit Merah/Kalimantan Utara/2024-10-19,49047.29262406899
Cabai Rawit Merah/Kalimantan Utara/2024-10-20,48958.12229293174
Cabai Rawit Merah/Kalimantan Utara/2024-10-21,48939.39742499242
Cabai Rawit Merah/Kalimantan Utara/2024-10-22,49015.4249949745
Cabai Rawit Merah/Kalimantan Utara/2024-10-23,49046.586419764106
Cabai Rawit Merah/Kalimantan Utara/2024-10-24,49024.17761688385
Cabai Rawit Merah/Kalimantan Utara/2024-10-25,49037.48094116306
Cabai Rawit Merah/Kalimantan Utara/2024-10-26,48953.32634778373
Cabai Rawit Merah/Kalimantan Utara/2024-10-27,48921.39886885251
Cabai Rawit Merah/Kalimantan Utara/2024-10-28,49061.74033421405
Cabai Rawit Merah/Kalimantan Utara/2024-10-29,48974.16838982297
Cabai Rawit Merah/Kalimantan Utara/2024-10-30,48977.61766444201
Cabai Rawit Merah/Kalimantan Utara/2024-10-31,49053.42735968686
Cabai Rawit Merah/Kalimantan Utara/2024-11-01,49016.36515870111
Cabai Rawit Merah/Kalimantan Utara/2024-11-02,49011.547948858926
Cabai Rawit Merah/Kalimantan Utara/2024-11-03,49093.6032022064
Cabai Rawit Merah/Kalimantan Utara/2024-11-04,48958.76498411919
Cabai Rawit Merah/Kalimantan Utara/2024-11-05,49034.20680071801
Cabai Rawit Merah/Kalimantan Utara/2024-11-06,48992.39787841839
Cabai Rawit Merah/Kalimantan Utara/2024-11-07,49002.5558933526
Cabai Rawit Merah/Kalimantan Utara/2024-11-08,49063.04314118473
Cabai Rawit Merah/Kalimantan Utara/2024-11-09,49014.04183510479
Cabai Rawit Merah/Kalimantan Utara/2024-11-10,49015.50444629973
Cabai Rawit Merah/Kalimantan Utara/2024-11-11,49041.15214490046
Cabai Rawit Merah/Kalimantan Utara/2024-11-12,48972.13911668962
Cabai Rawit Merah/Kalimantan Utara/2024-11-13,48949.36987116607
Cabai Rawit Merah/Kalimantan Utara/2024-11-14,48939.49874421872
Cabai Rawit Merah/Kalimantan Utara/2024-11-15,48895.25469409275
Cabai Rawit Merah/Kalimantan Utara/2024-11-16,49088.3796780194
Cabai Rawit Merah/Kalimantan Utara/2024-11-17,48936.69438223746
Cabai Rawit Merah/Kalimantan Utara/2024-11-18,48979.037445218746
Cabai Rawit Merah/Kalimantan Utara/2024-11-19,48976.37008839142
Cabai Rawit Merah/Kalimantan Utara/2024-11-20,49004.4189090029
Cabai Rawit Merah/Kalimantan Utara/2024-11-21,49028.82434706958
Cabai Rawit Merah/Kalimantan Utara/2024-11-22,49030.97185271334
Cabai Rawit Merah/Kalimantan Utara/2024-11-23,48961.66652463568
Cabai Rawit Merah/Kalimantan Utara/2024-11-24,48981.63684451779
Cabai Rawit Merah/Kalimantan Utara/2024-11-25,49003.227304979664
Cabai Rawit Merah/Kalimantan Utara/2024-11-26,48977.72069434202
Cabai Rawit Merah/Kalimantan Utara/2024-11-27,49066.829766275245
Cabai Rawit Merah/Kalimantan Utara/2024-11-28,49013.23219684183
Cabai Rawit Merah/Kalimantan Utara/2024-11-29,49024.94224788139
Cabai Rawit Merah/Kalimantan Utara/2024-11-30,49021.48576844974
Cabai Rawit Merah/Kalimantan Utara/2024-12-01,49045.99964879221
Cabai Rawit Merah/Kalimantan Utara/2024-12-02,48998.35168910292
Cabai Rawit Merah/Kalimantan Utara/2024-12-03,48927.39912029401
Cabai Rawit Merah/Kalimantan Utara/2024-12-04,49008.84982264453
Cabai Rawit Merah/Kalimantan Utara/2024-12-05,48958.388556766666
Cabai Rawit Merah/Kalimantan Utara/2024-12-06,48964.28122913224
Cabai Rawit Merah/Kalimantan Utara/2024-12-07,49017.81174572972
Cabai Rawit Merah/Kalimantan Utara/2024-12-08,49049.110633150354
Cabai Rawit Merah/Kalimantan Utara/2024-12-09,48990.68153424908
Cabai Rawit Merah/Kalimantan Utara/2024-12-10,49004.48751224548
Cabai Rawit Merah/Kalimantan Utara/2024-12-11,49071.38459670187
Cabai Rawit Merah/Kalimantan Utara/2024-12-12,49001.21930718115
Cabai Rawit Merah/Kalimantan Utara/2024-12-13,49114.568666443
Cabai Rawit Merah/Kalimantan Utara/2024-12-14,49016.81100034688
Cabai Rawit Merah/Kalimantan Utara/2024-12-15,48905.125744288525
Cabai Rawit Merah/Kalimantan Utara/2024-12-16,49025.82915243979
Cabai Rawit Merah/Kalimantan Utara/2024-12-17,49007.960263058936
Cabai Rawit Merah/Kalimantan Utara/2024-12-18,49051.58227132465
Cabai Rawit Merah/Kalimantan Utara/2024-12-19,49021.9800298775
Cabai Rawit Merah/Kalimantan Utara/2024-12-20,48983.01297452346
Cabai Rawit Merah/Kalimantan Utara/2024-12-21,48930.88151587357
Cabai Rawit Merah/Kalimantan Utara/2024-12-22,48979.62527474159
Cabai Rawit Merah/Kalimantan Utara/2024-12-23,48948.82660244696
Cabai Rawit Merah/Kalimantan Utara/2024-12-24,48961.78899975801
Cabai Rawit Merah/Kalimantan Utara/2024-12-25,49017.917952117765
Cabai Rawit Merah/Kalimantan Utara/2024-12-26,49069.83289221293
Cabai Rawit Merah/Kalimantan Utara/2024-12-27,49008.60853473026
Cabai Rawit Merah/Kalimantan Utara/2024-12-28,48932.2453840804
Cabai Rawit Merah/Kalimantan Utara/2024-12-29,49011.00607416082
Cabai Rawit Merah/Kalimantan Utara/2024-12-30,49047.11143960093
Cabai Rawit Merah/Kalimantan Utara/2024-12-31,48960.38456148724
Cabai Rawit Merah/Kepulauan Bangka Belitung/2024-10-01,48983.22610212059
Cabai Rawit Merah/Kepulauan Bangka Belitung/2024-10-02,48990.365462975096
Cabai Rawit Merah/Kepulauan Bangka Belitung/2024-10-03,48951.97711661046
Cabai Rawit Merah/Kepulauan Bangka Belitung/2024-10-04,49020.784614518416
Cabai Rawit Merah/Kepulauan Bangka Belitung/2024-10-05,48983.853390871845
Cabai Rawit Merah/Kepulauan Bangka Belitung/2024-10-06,49009.80219047768
Cabai Rawit Merah/Kepulauan Bangka Belitung/2024-10-07,48947.05135794284
Cabai Rawit Merah/Kepulauan Bangka Belitung/2024-10-08,48968.65769657609
Cabai Rawit Merah/Kepulauan Bangka Belitung/2024-10-09,49024.342234814925
Cabai Rawit Merah/Kepulauan Bangka Belitung/2024-10-10,48971.76034464064
Cabai Rawit Merah/Kepulauan Bangka Belitung/2024-10-11,49072.57258875238
Cabai Rawit Merah/Kepulauan Bangka Belitung/2024-10-12,48970.47348259391
Cabai Rawit Merah/Kepulauan Bangka Belitung/2024-10-13,49000.44762063269
Cabai Rawit Merah/Kepulauan Bangka Belitung/2024-10-14,49034.43465173803
Cabai Rawit Merah/Kepulauan Bangka Belitung/2024-10-15,48921.5640828959
Cabai Rawit Merah/Kepulauan Bangka Belitung/2024-10-16,48905.12328287656
Cabai Rawit Merah/Kepulauan Bangka Belitung/2024-10-17,48916.41276109356
Cabai Rawit Merah/Kepulauan Bangka Belitung/2024-10-18,49050.277408694645
Cabai Rawit Merah/Kepulauan Bangka Belitung/2024-10-19,48963.16501989002
Cabai Rawit Merah/Kepulauan Bangka Belitung/2024-10-20,49112.48012884087
Cabai Rawit Merah/Kepulauan Bangka Belitung/2024-10-21,48962.57021430686
Cabai Rawit Merah/Kepulauan Bangka Belitung/2024-10-22,48998.52076032372
Cabai Rawit Merah/Kepulauan Bangka Belitung/2024-10-23,49063.69809517225
Cabai Rawit Merah/Kepulauan Bangka Belitung/2024-10-24,49085.97404523552
Cabai Rawit Merah/Kepulauan Bangka Belitung/2024-10-25,49088.63455313708
Cabai Rawit Merah/Kepulauan Bangka Belitung/2024-10-26,49047.67483019038
Cabai Rawit Merah/Kepulauan Bangka Belitung/2024-10-27,49038.82666225154
Cabai Rawit Merah/Kepulauan Bangka Belitung/2024-10-28,49018.10865038783
Cabai Rawit Merah/Kepulauan Bangka Belitung/2024-10-29,49027.03058078195
Cabai Rawit Merah/Kepulauan Bangka Belitung/2024-10-30,48963.19825147101
Cabai Rawit Merah/Kepulauan Bangka Belitung/2024-10-31,48950.378608807776
Cabai Rawit Merah/Kepulauan Bangka Belitung/2024-11-01,48989.49855269463
Cabai Rawit Merah/Kepulauan Bangka Belitung/2024-11-02,48981.48973916931
Cabai Rawit Merah/Kepulauan Bangka Belitung/2024-11-03,48967.90054772093
Cabai Rawit Merah/Kepulauan Bangka Belitung/2024-11-04,49023.09396875807
Cabai Rawit Merah/Kepulauan Bangka Belitung/2024-11-05,49035.52480408114
Cabai Rawit Merah/Kepulauan Bangka Belitung/2024-11-06,48993.90474999814
Cabai Rawit Merah/Kepulauan Bangka Belitung/2024-11-07,49060.597263158445
Cabai Rawit Merah/Kepulauan Bangka Belitung/2024-11-08,48934.84743992268
Cabai Rawit Merah/Kepulauan Bangka Belitung/2024-11-09,48980.362933697965
Cabai Rawit Merah/Kepulauan Bangka Belitung/2024-11-10,48955.24556653136
Cabai Rawit Merah/Kepulauan Bangka Belitung/2024-11-11,48900.04706225411
Cabai Rawit Merah/Kepulauan Bangka Belitung/2024-11-12,48985.690701342166
Cabai Rawit Merah/Kepulauan Bangka Belitung/2024-11-13,48983.81474495274
Cabai Rawit Merah/Kepulauan Bangka Belitung/2024-11-14,49062.32140748374
Cabai Rawit Merah/Kepulauan Bangka Belitung/2024-11-15,49019.94553815266
Cabai Rawit Merah/Kepulauan Bangka Belitung/2024-11-16,48940.48844043389
Cabai Rawit Merah/Kepulauan Bangka Belitung/2024-11-17,49078.67631292472
Cabai Rawit Merah/Kepulauan Bangka Belitung/2024-11-18,49048.28294749816
Cabai Rawit Merah/Kepulauan Bangka Belitung/2024-11-19,49017.60743659493
Cabai Rawit Merah/Kepulauan Bangka Belitung/2024-11-20,48978.78695362063
Cabai Rawit Merah/Kepulauan Bangka Belitung/2024-11-21,48943.59744977346
Cabai Rawit Merah/Kepulauan Bangka Belitung/2024-11-22,48971.79095380754
Cabai Rawit Merah/Kepulauan Bangka Belitung/2024-11-23,49041.93180709895
Cabai Rawit Merah/Kepulauan Bangka Belitung/2024-11-24,49080.14013500145
Cabai Rawit Merah/Kepulauan Bangka Belitung/2024-11-25,49063.7520715439
Cabai Rawit Merah/Kepulauan Bangka Belitung/2024-11-26,48966.19050980257
Cabai Rawit Merah/Kepulauan Bangka Belitung/2024-11-27,48935.907344234896
Cabai Rawit Merah/Kepulauan Bangka Belitung/2024-11-28,48996.42484540252
Cabai Rawit Merah/Kepulauan Bangka Belitung/2024-11-29,48904.75706159861
Cabai Rawit Merah/Kepulauan Bangka Belitung/2024-11-30,49005.17572802694
Cabai Rawit Merah/Kepulauan Bangka Belitung/2024-12-01,48982.57351989871
Cabai Rawit Merah/Kepulauan Bangka Belitung/2024-12-02,48967.28535748157
Cabai Rawit Merah/Kepulauan Bangka Belitung/2024-12-03,48913.09766874636
Cabai Rawit Merah/Kepulauan Bangka Belitung/2024-12-04,49014.31819080296
Cabai Rawit Merah/Kepulauan Bangka Belitung/2024-12-05,48964.0849679324
Cabai Rawit Merah/Kepulauan Bangka Belitung/2024-12-06,48933.49180233962
Cabai Rawit Merah/Kepulauan Bangka Belitung/2024-12-07,48851.76134450921
Cabai Rawit Merah/Kepulauan Bangka Belitung/2024-12-08,48988.33893243676
Cabai Rawit Merah/Kepulauan Bangka Belitung/2024-12-09,49074.74662436827
Cabai Rawit Merah/Kepulauan Bangka Belitung/2024-12-10,49069.41763103527
Cabai Rawit Merah/Kepulauan Bangka Belitung/2024-12-11,48967.7144934461
Cabai Rawit Merah/Kepulauan Bangka Belitung/2024-12-12,48960.747719339735
Cabai Rawit Merah/Kepulauan Bangka Belitung/2024-12-13,49012.16674234275
Cabai Rawit Merah/Kepulauan Bangka Belitung/2024-12-14,48941.727767313685
Cabai Rawit Merah/Kepulauan Bangka Belitung/2024-12-15,49004.14959029836
Cabai Rawit Merah/Kepulauan Bangka Belitung/2024-12-16,49026.44002596987
Cabai Rawit Merah/Kepulauan Bangka Belitung/2024-12-17,49048.56584681551
Cabai Rawit Merah/Kepulauan Bangka Belitung/2024-12-18,48984.85190293134
Cabai Rawit Merah/Kepulauan Bangka Belitung/2024-12-19,48979.88189247647
Cabai Rawit Merah/Kepulauan Bangka Belitung/2024-12-20,48947.50822194238
Cabai Rawit Merah/Kepulauan Bangka Belitung/2024-12-21,48949.96161057217
Cabai Rawit Merah/Kepulauan Bangka Belitung/2024-12-22,48978.78700687044
Cabai Rawit Merah/Kepulauan Bangka Belitung/2024-12-23,49007.297488150674
Cabai Rawit Merah/Kepulauan Bangka Belitung/2024-12-24,49033.52168982683
Cabai Rawit Merah/Kepulauan Bangka Belitung/2024-12-25,48951.0990789895
Cabai Rawit Merah/Kepulauan Bangka Belitung/2024-12-26,49061.324921997664
Cabai Rawit Merah/Kepulauan Bangka Belitung/2024-12-27,48976.64362910672
Cabai Rawit Merah/Kepulauan Bangka Belitung/2024-12-28,48988.63463656909
Cabai Rawit Merah/Kepulauan Bangka Belitung/2024-12-29,48953.7864875589
Cabai Rawit Merah/Kepulauan Bangka Belitung/2024-12-30,48873.2714295207
Cabai Rawit Merah/Kepulauan Bangka Belitung/2024-12-31,49032.10381940924
Cabai Rawit Merah/Kepulauan Riau/2024-10-01,49025.03626620831
Cabai Rawit Merah/Kepulauan Riau/2024-10-02,48976.15333888823
Cabai Rawit Merah/Kepulauan Riau/2024-10-03,48992.87626345953
Cabai Rawit Merah/Kepulauan Riau/2024-10-04,49014.43063571368
Cabai Rawit Merah/Kepulauan Riau/2024-10-05,48914.64196293951
Cabai Rawit Merah/Kepulauan Riau/2024-10-06,48964.260314663385
Cabai Rawit Merah/Kepulauan Riau/2024-10-07,49027.79322601712
Cabai Rawit Merah/Kepulauan Riau/2024-10-08,48929.441159834
Cabai Rawit Merah/Kepulauan Riau/2024-10-09,49003.7539874646
Cabai Rawit Merah/Kepulauan Riau/2024-10-10,48924.52989340539
Cabai Rawit Merah/Kepulauan Riau/2024-10-11,49012.05370975703
Cabai Rawit Merah/Kepulauan Riau/2024-10-12,48987.94903991115
Cabai Rawit Merah/Kepulauan Riau/2024-10-13,48912.11680335159
Cabai Rawit Merah/Kepulauan Riau/2024-10-14,49045.57985405145
Cabai Rawit Merah/Kepulauan Riau/2024-10-15,48954.39200903147
Cabai Rawit Merah/Kepulauan Riau/2024-10-16,48950.75965642864
Cabai Rawit Merah/Kepulauan Riau/2024-10-17,48999.28955445935
Cabai Rawit Merah/Kepulauan Riau/2024-10-18,49044.80673554261
Cabai Rawit Merah/Kepulauan Riau/2024-10-19,48940.89024502283
Cabai Rawit Merah/Kepulauan Riau/2024-10-20,48992.62142929524
Cabai Rawit Merah/Kepulauan Riau/2024-10-21,49010.247958174274
Cabai Rawit Merah/Kepulauan Riau/2024-10-22,49022.9367101131
Cabai Rawit Merah/Kepulauan Riau/2024-10-23,48998.13142538792
Cabai Rawit Merah/Kepulauan Riau/2024-10-24,48972.03907834047
Cabai Rawit Merah/Kepulauan Riau/2024-10-25,48949.92745800043
Cabai Rawit Merah/Kepulauan Riau/2024-10-26,48993.79624522775
Cabai Rawit Merah/Kepulauan Riau/2024-10-27,48938.18643003493
Cabai Rawit Merah/Kepulauan Riau/2024-10-28,48849.4047544805
Cabai Rawit Merah/Kepulauan Riau/2024-10-29,49010.6194495623
Cabai Rawit Merah/Kepulauan Riau/2024-10-30,49033.05823812474
Cabai Rawit Merah/Kepulauan Riau/2024-10-31,48876.21439995821
Cabai Rawit Merah/Kepulauan Riau/2024-11-01,48941.18216361707
Cabai Rawit Merah/Kepulauan Riau/2024-11-02,49019.3857703255
Cabai Rawit Merah/Kepulauan Riau/2024-11-03,49088.44151393393
Cabai Rawit Merah/Kepulauan Riau/2024-11-04,48990.65841267724
Cabai Rawit Merah/Kepulauan Riau/2024-11-05,48954.70827887557
Cabai Rawit Merah/Kepulauan Riau/2024-11-06,48980.87951030728
Cabai Rawit Merah/Kepulauan Riau/2024-11-07,49055.66909861732
Cabai Rawit Merah/Kepulauan Riau/2024-11-08,48958.64749931091
Cabai Rawit Merah/Kepulauan Riau/2024-11-09,48951.29067290504
Cabai Rawit Merah/Kepulauan Riau/2024-11-10,48966.48351383894
Cabai Rawit Merah/Kepulauan Riau/2024-11-11,48943.89057353288
Cabai Rawit Merah/Kepulauan Riau/2024-11-12,48995.54973552691
Cabai Rawit Merah/Kepulauan Riau/2024-11-13,49067.66158631291
Cabai Rawit Merah/Kepulauan Riau/2024-11-14,49005.1712494207
Cabai Rawit Merah/Kepulauan Riau/2024-11-15,48977.5446115522
Cabai Rawit Merah/Kepulauan Riau/2024-11-16,48975.65036864802
Cabai Rawit Merah/Kepulauan Riau/2024-11-17,48914.61103426962
Cabai Rawit Merah/Kepulauan Riau/2024-11-18,49032.05902508672
Cabai Rawit Merah/Kepulauan Riau/2024-11-19,48985.92320375384
Cabai Rawit Merah/Kepulauan Riau/2024-11-20,48980.99518911196
Cabai Rawit Merah/Kepulauan Riau/2024-11-21,49142.962732511485
Cabai Rawit Merah/Kepulauan Riau/2024-11-22,49004.00352591823
Cabai Rawit Merah/Kepulauan Riau/2024-11-23,48953.56677288305
Cabai Rawit Merah/Kepulauan Riau/2024-11-24,48969.19098643498
Cabai Rawit Merah/Kepulauan Riau/2024-11-25,49044.79812501944
Cabai Rawit Merah/Kepulauan Riau/2024-11-26,48995.098906651845
Cabai Rawit Merah/Kepulauan Riau/2024-11-27,48920.60787198353
Cabai Rawit Merah/Kepulauan Riau/2024-11-28,49033.792854584375
Cabai Rawit Merah/Kepulauan Riau/2024-11-29,48957.582434808646
Cabai Rawit Merah/Kepulauan Riau/2024-11-30,49079.59827467935
Cabai Rawit Merah/Kepulauan Riau/2024-12-01,49041.51383900578
Cabai Rawit Merah/Kepulauan Riau/2024-12-02,48968.18417648428
Cabai Rawit Merah/Kepulauan Riau/2024-12-03,49051.16281512383
Cabai Rawit Merah/Kepulauan Riau/2024-12-04,48992.91837280842
Cabai Rawit Merah/Kepulauan Riau/2024-12-05,49030.6028249202
Cabai Rawit Merah/Kepulauan Riau/2024-12-06,49012.932813079045
Cabai Rawit Merah/Kepulauan Riau/2024-12-07,48949.02650841052
Cabai Rawit Merah/Kepulauan Riau/2024-12-08,48958.76346689528
Cabai Rawit Merah/Kepulauan Riau/2024-12-09,49039.10932334671
Cabai Rawit Merah/Kepulauan Riau/2024-12-10,48973.58766160344
Cabai Rawit Merah/Kepulauan Riau/2024-12-11,48970.28088702395
Cabai Rawit Merah/Kepulauan Riau/2024-12-12,48943.804301052674
Cabai Rawit Merah/Kepulauan Riau/2024-12-13,49009.99746667271
Cabai Rawit Merah/Kepulauan Riau/2024-12-14,49088.68310537421
Cabai Rawit Merah/Kepulauan Riau/2024-12-15,48938.407409990985
Cabai Rawit Merah/Kepulauan Riau/2024-12-16,48990.82304546937
Cabai Rawit Merah/Kepulauan Riau/2024-12-17,49057.46175781187
Cabai Rawit Merah/Kepulauan Riau/2024-12-18,48985.83694124399
Cabai Rawit Merah/Kepulauan Riau/2024-12-19,49011.37912731628
Cabai Rawit Merah/Kepulauan Riau/2024-12-20,48938.6542974234
Cabai Rawit Merah/Kepulauan Riau/2024-12-21,49010.22371611371
Cabai Rawit Merah/Kepulauan Riau/2024-12-22,48980.67560604974
Cabai Rawit Merah/Kepulauan Riau/2024-12-23,49036.98561976627
Cabai Rawit Merah/Kepulauan Riau/2024-12-24,49046.66725785378
Cabai Rawit Merah/Kepulauan Riau/2024-12-25,49113.98646505
Cabai Rawit Merah/Kepulauan Riau/2024-12-26,49017.48905967956
Cabai Rawit Merah/Kepulauan Riau/2024-12-27,49005.30237559969
Cabai Rawit Merah/Kepulauan Riau/2024-12-28,48998.9934195413
Cabai Rawit Merah/Kepulauan Riau/2024-12-29,48972.70523946815
Cabai Rawit Merah/Kepulauan Riau/2024-12-30,49005.911581288085
Cabai Rawit Merah/Kepulauan Riau/2024-12-31,48975.47807581643
Cabai Rawit Merah/Lampung/2024-10-01,48997.74823825661
Cabai Rawit Merah/Lampung/2024-10-02,49052.91877259294
Cabai Rawit Merah/Lampung/2024-10-03,48941.33572848246
Cabai Rawit Merah/Lampung/2024-10-04,49044.38649026629
Cabai Rawit Merah/Lampung/2024-10-05,49052.89569849039
Cabai Rawit Merah/Lampung/2024-10-06,48983.991982683896
Cabai Rawit Merah/Lampung/2024-10-07,48887.78930790284
Cabai Rawit Merah/Lampung/2024-10-08,48960.47858085065
Cabai Rawit Merah/Lampung/2024-10-09,49051.92981011343
Cabai Rawit Merah/Lampung/2024-10-10,48988.5623335981
Cabai Rawit Merah/Lampung/2024-10-11,48941.68305411792
Cabai Rawit Merah/Lampung/2024-10-12,48965.42556136015
Cabai Rawit Merah/Lampung/2024-10-13,49030.01887538768
Cabai Rawit Merah/Lampung/2024-10-14,49015.90930162307
Cabai Rawit Merah/Lampung/2024-10-15,48978.188943665285
Cabai Rawit Merah/Lampung/2024-10-16,48972.04880920896
Cabai Rawit Merah/Lampung/2024-10-17,48970.85188969684
Cabai Rawit Merah/Lampung/2024-10-18,48945.37508894635
Cabai Rawit Merah/Lampung/2024-10-19,49067.2152063814
Cabai Rawit Merah/Lampung/2024-10-20,48974.18539293425
Cabai Rawit Merah/Lampung/2024-10-21,49048.096558713216
Cabai Rawit Merah/Lampung/2024-10-22,49062.69939460747
Cabai Rawit Merah/Lampung/2024-10-23,49037.58984944876
Cabai Rawit Merah/Lampung/2024-10-24,48968.93846401638
Cabai Rawit Merah/Lampung/2024-10-25,49009.04392339427
Cabai Rawit Merah/Lampung/2024-10-26,48988.49913413918
Cabai Rawit Merah/Lampung/2024-10-27,48946.27348112904
Cabai Rawit Merah/Lampung/2024-10-28,49005.233060943225
Cabai Rawit Merah/Lampung/2024-10-29,48933.053983800266
Cabai Rawit Merah/Lampung/2024-10-30,49046.68128744062
Cabai Rawit Merah/Lampung/2024-10-31,48967.35367301502
Cabai Rawit Merah/Lampung/2024-11-01,48999.31792054242
Cabai Rawit Merah/Lampung/2024-11-02,49003.261077979885
Cabai Rawit Merah/Lampung/2024-11-03,48977.230108083546
Cabai Rawit Merah/Lampung/2024-11-04,49017.8278828036
Cabai Rawit Merah/Lampung/2024-11-05,48966.859945251264
Cabai Rawit Merah/Lampung/2024-11-06,49031.49175928528
Cabai Rawit Merah/Lampung/2024-11-07,48925.03924621584
Cabai Rawit Merah/Lampung/2024-11-08,48995.7278547894
Cabai Rawit Merah/Lampung/2024-11-09,49082.7492248602
Cabai Rawit Merah/Lampung/2024-11-10,48941.63387941973
Cabai Rawit Merah/Lampung/2024-11-11,48957.121491794
Cabai Rawit Merah/Lampung/2024-11-12,49014.33321608788
Cabai Rawit Merah/Lampung/2024-11-13,48998.28224280637
Cabai Rawit Merah/Lampung/2024-11-14,49006.49433527968
Cabai Rawit Merah/Lampung/2024-11-15,49013.14625537741
Cabai Rawit Merah/Lampung/2024-11-16,49020.13360643205
Cabai Rawit Merah/Lampung/2024-11-17,49042.93770304234
Cabai Rawit Merah/Lampung/2024-11-18,49009.336077379245
Cabai Rawit Merah/Lampung/2024-11-19,48978.07768612824
Cabai Rawit Merah/Lampung/2024-11-20,49021.951178246585
Cabai Rawit Merah/Lampung/2024-11-21,49080.8748251798
Cabai Rawit Merah/Lampung/2024-11-22,48983.29278906038
Cabai Rawit Merah/Lampung/2024-11-23,48942.87289695569
Cabai Rawit Merah/Lampung/2024-11-24,49042.81199109823
Cabai Rawit Merah/Lampung/2024-11-25,48983.88105920477
Cabai Rawit Merah/Lampung/2024-11-26,48885.34965485745
Cabai Rawit Merah/Lampung/2024-11-27,49030.34531853017
Cabai Rawit Merah/Lampung/2024-11-28,48963.95882779821
Cabai Rawit Merah/Lampung/2024-11-29,48985.31371236912
Cabai Rawit Merah/Lampung/2024-11-30,49005.59859338556
Cabai Rawit Merah/Lampung/2024-12-01,48998.80604063788
Cabai Rawit Merah/Lampung/2024-12-02,49023.721481470624
Cabai Rawit Merah/Lampung/2024-12-03,48968.75236985325
Cabai Rawit Merah/Lampung/2024-12-04,49014.2948523004
Cabai Rawit Merah/Lampung/2024-12-05,48977.19947843067
Cabai Rawit Merah/Lampung/2024-12-06,49025.13104052938
Cabai Rawit Merah/Lampung/2024-12-07,49019.20448405031
Cabai Rawit Merah/Lampung/2024-12-08,48944.74949424999
Cabai Rawit Merah/Lampung/2024-12-09,49041.79895018961
Cabai Rawit Merah/Lampung/2024-12-10,48963.92854332996
Cabai Rawit Merah/Lampung/2024-12-11,49028.45569054106
Cabai Rawit Merah/Lampung/2024-12-12,49007.29400232738
Cabai Rawit Merah/Lampung/2024-12-13,49077.9123765551
Cabai Rawit Merah/Lampung/2024-12-14,48978.93183693038
Cabai Rawit Merah/Lampung/2024-12-15,48972.889626372205
Cabai Rawit Merah/Lampung/2024-12-16,48988.728306978
Cabai Rawit Merah/Lampung/2024-12-17,48975.10475767316
Cabai Rawit Merah/Lampung/2024-12-18,49028.06607830204
Cabai Rawit Merah/Lampung/2024-12-19,48912.06038781936
Cabai Rawit Merah/Lampung/2024-12-20,48939.07243244703
Cabai Rawit Merah/Lampung/2024-12-21,48938.39448258261
Cabai Rawit Merah/Lampung/2024-12-22,49035.28481249623
Cabai Rawit Merah/Lampung/2024-12-23,49071.78739782539
Cabai Rawit Merah/Lampung/2024-12-24,48984.64526188908
Cabai Rawit Merah/Lampung/2024-12-25,48981.55501164129
Cabai Rawit Merah/Lampung/2024-12-26,48993.02369205236
Cabai Rawit Merah/Lampung/2024-12-27,49045.44299439154
Cabai Rawit Merah/Lampung/2024-12-28,48945.13790079826
Cabai Rawit Merah/Lampung/2024-12-29,49001.10453672093
Cabai Rawit Merah/Lampung/2024-12-30,49036.48006322565
Cabai Rawit Merah/Lampung/2024-12-31,49013.71818625101
Cabai Rawit Merah/Maluku Utara/2024-10-01,48998.76235746823
Cabai Rawit Merah/Maluku Utara/2024-10-02,49037.72104222531
Cabai Rawit Merah/Maluku Utara/2024-10-03,48859.87710511789
Cabai Rawit Merah/Maluku Utara/2024-10-04,49022.20563990087
Cabai Rawit Merah/Maluku Utara/2024-10-05,48958.25788332649
Cabai Rawit Merah/Maluku Utara/2024-10-06,48901.77065582144
Cabai Rawit Merah/Maluku Utara/2024-10-07,49014.20315690057
Cabai Rawit Merah/Maluku Utara/2024-10-08,49055.60984096016
Cabai Rawit Merah/Maluku Utara/2024-10-09,48983.06120051988
Cabai Rawit Merah/Maluku Utara/2024-10-10,49035.40805322702
Cabai Rawit Merah/Maluku Utara/2024-10-11,49067.06651512097
Cabai Rawit Merah/Maluku Utara/2024-10-12,49052.79031426588
Cabai Rawit Merah/Maluku Utara/2024-10-13,49068.39621108084
Cabai Rawit Merah/Maluku Utara/2024-10-14,49025.29061368749
Cabai Rawit Merah/Maluku Utara/2024-10-15,48993.28254214509
Cabai Rawit Merah/Maluku Utara/2024-10-16,48912.74982156136
Cabai Rawit Merah/Maluku Utara/2024-10-17,48977.84718265899
Cabai Rawit Merah/Maluku Utara/2024-10-18,48949.17587749767
Cabai Rawit Merah/Maluku Utara/2024-10-19,49093.88818767192
Cabai Rawit Merah/Maluku Utara/2024-10-20,48981.215700418645
Cabai Rawit Merah/Maluku Utara/2024-10-21,48995.57521782877
Cabai Rawit Merah/Maluku Utara/2024-10-22,49016.13745604303
Cabai Rawit Merah/Maluku Utara/2024-10-23,48991.7538644521
Cabai Rawit Merah/Maluku Utara/2024-10-24,49071.04085102172
Cabai Rawit Merah/Maluku Utara/2024-10-25,48959.76671160359
Cabai Rawit Merah/Maluku Utara/2024-10-26,48999.00368612136
Cabai Rawit Merah/Maluku Utara/2024-10-27,48954.01418123186
Cabai Rawit Merah/Maluku Utara/2024-10-28,48926.28556945046
Cabai Rawit Merah/Maluku Utara/2024-10-29,48960.28907853577
Cabai Rawit Merah/Maluku Utara/2024-10-30,48987.88190710976
Cabai Rawit Merah/Maluku Utara/2024-10-31,48969.049041112026
Cabai Rawit Merah/Maluku Utara/2024-11-01,48956.41647830414
Cabai Rawit Merah/Maluku Utara/2024-11-02,48922.142007309936
Cabai Rawit Merah/Maluku Utara/2024-11-03,48985.6701413596
Cabai Rawit Merah/Maluku Utara/2024-11-04,48917.41772661648
Cabai Rawit Merah/Maluku Utara/2024-11-05,49026.15059904286
Cabai Rawit Merah/Maluku Utara/2024-11-06,48993.61790740647
Cabai Rawit Merah/Maluku Utara/2024-11-07,48919.68225498172
Cabai Rawit Merah/Maluku Utara/2024-11-08,48974.8148591682
Cabai Rawit Merah/Maluku Utara/2024-11-09,48953.54873120523
Cabai Rawit Merah/Maluku Utara/2024-11-10,49004.98394089031
Cabai Rawit Merah/Maluku Utara/2024-11-11,49054.01570120221
Cabai Rawit Merah/Maluku Utara/2024-11-12,48899.63211108
Cabai Rawit Merah/Maluku Utara/2024-11-13,48995.18269634129
Cabai Rawit Merah/Maluku Utara/2024-11-14,48981.9722248089
Cabai Rawit Merah/Maluku Utara/2024-11-15,49021.89170094649
Cabai Rawit Merah/Maluku Utara/2024-11-16,48999.895946457735
Cabai Rawit Merah/Maluku Utara/2024-11-17,48953.55769482375
Cabai Rawit Merah/Maluku Utara/2024-11-18,48974.34241748803
Cabai Rawit Merah/Maluku Utara/2024-11-19,48951.44277067838
Cabai Rawit Merah/Maluku Utara/2024-11-20,49041.31992161625
Cabai Rawit Merah/Maluku Utara/2024-11-21,48990.68335080985
Cabai Rawit Merah/Maluku Utara/2024-11-22,49080.93719390786
Cabai Rawit Merah/Maluku Utara/2024-11-23,48986.74795732103
Cabai Rawit Merah/Maluku Utara/2024-11-24,48955.6495118053
Cabai Rawit Merah/Maluku Utara/2024-11-25,48916.98650975871
Cabai Rawit Merah/Maluku Utara/2024-11-26,48903.09088658399
Cabai Rawit Merah/Maluku Utara/2024-11-27,48913.605233873015
Cabai Rawit Merah/Maluku Utara/2024-11-28,49002.48475880078
Cabai Rawit Merah/Maluku Utara/2024-11-29,49014.08383170338
Cabai Rawit Merah/Maluku Utara/2024-11-30,48913.74599241013
Cabai Rawit Merah/Maluku Utara/2024-12-01,49032.63105801269
Cabai Rawit Merah/Maluku Utara/2024-12-02,48966.46810813022
Cabai Rawit Merah/Maluku Utara/2024-12-03,48996.70789541974
Cabai Rawit Merah/Maluku Utara/2024-12-04,49067.06369463442
Cabai Rawit Merah/Maluku Utara/2024-12-05,49032.7178647783
Cabai Rawit Merah/Maluku Utara/2024-12-06,48976.768225321066
Cabai Rawit Merah/Maluku Utara/2024-12-07,48946.873931536014
Cabai Rawit Merah/Maluku Utara/2024-12-08,48886.350925831655
Cabai Rawit Merah/Maluku Utara/2024-12-09,48955.1336363024
Cabai Rawit Merah/Maluku Utara/2024-12-10,48979.52367043204
Cabai Rawit Merah/Maluku Utara/2024-12-11,48942.26490993966
Cabai Rawit Merah/Maluku Utara/2024-12-12,48983.35806615967
Cabai Rawit Merah/Maluku Utara/2024-12-13,48993.34950593738
Cabai Rawit Merah/Maluku Utara/2024-12-14,48978.86461949916
Cabai Rawit Merah/Maluku Utara/2024-12-15,48958.45318449431
Cabai Rawit Merah/Maluku Utara/2024-12-16,48997.757323054815
Cabai Rawit Merah/Maluku Utara/2024-12-17,49010.87801899623
Cabai Rawit Merah/Maluku Utara/2024-12-18,48937.309666256864
Cabai Rawit Merah/Maluku Utara/2024-12-19,49057.39973303772
Cabai Rawit Merah/Maluku Utara/2024-12-20,48984.92697733869
Cabai Rawit Merah/Maluku Utara/2024-12-21,48990.56532664687
Cabai Rawit Merah/Maluku Utara/2024-12-22,49023.66207360694
Cabai Rawit Merah/Maluku Utara/2024-12-23,49000.857181662985
Cabai Rawit Merah/Maluku Utara/2024-12-24,49035.42108326591
Cabai Rawit Merah/Maluku Utara/2024-12-25,49003.445367558736
Cabai Rawit Merah/Maluku Utara/2024-12-26,48960.257083345045
Cabai Rawit Merah/Maluku Utara/2024-12-27,49007.01649878221
Cabai Rawit Merah/Maluku Utara/2024-12-28,48934.74962023306
Cabai Rawit Merah/Maluku Utara/2024-12-29,48994.87240367472
Cabai Rawit Merah/Maluku Utara/2024-12-30,48988.064834647645
Cabai Rawit Merah/Maluku Utara/2024-12-31,48979.66836218651
Cabai Rawit Merah/Maluku/2024-10-01,48983.48905775479
Cabai Rawit Merah/Maluku/2024-10-02,48899.31167283734
Cabai Rawit Merah/Maluku/2024-10-03,48963.315698525
Cabai Rawit Merah/Maluku/2024-10-04,48994.11764233048
Cabai Rawit Merah/Maluku/2024-10-05,48997.33480617363
Cabai Rawit Merah/Maluku/2024-10-06,48940.32080374181
Cabai Rawit Merah/Maluku/2024-10-07,49050.42718406351
Cabai Rawit Merah/Maluku/2024-10-08,48948.07475933084
Cabai Rawit Merah/Maluku/2024-10-09,49036.20439096949
Cabai Rawit Merah/Maluku/2024-10-10,49010.17009642738
Cabai Rawit Merah/Maluku/2024-10-11,48958.63463377219
Cabai Rawit Merah/Maluku/2024-10-12,49074.89400339693
Cabai Rawit Merah/Maluku/2024-10-13,48932.35329819628
Cabai Rawit Merah/Maluku/2024-10-14,49033.7895514399
Cabai Rawit Merah/Maluku/2024-10-15,49037.69884773293
Cabai Rawit Merah/Maluku/2024-10-16,48957.463608606085
Cabai Rawit Merah/Maluku/2024-10-17,49056.51345965619
Cabai Rawit Merah/Maluku/2024-10-18,48977.65551419341
Cabai Rawit Merah/Maluku/2024-10-19,49003.52091500731
Cabai Rawit Merah/Maluku/2024-10-20,49002.1586825422
Cabai Rawit Merah/Maluku/2024-10-21,48983.21217501827
Cabai Rawit Merah/Maluku/2024-10-22,49028.58779579262
Cabai Rawit Merah/Maluku/2024-10-23,49027.75611493871
Cabai Rawit Merah/Maluku/2024-10-24,48905.712592380936
Cabai Rawit Merah/Maluku/2024-10-25,49052.282408915686
Cabai Rawit Merah/Maluku/2024-10-26,48909.84337686482
Cabai Rawit Merah/Maluku/2024-10-27,49039.23341321341
Cabai Rawit Merah/Maluku/2024-10-28,49043.75388487241
Cabai Rawit Merah/Maluku/2024-10-29,48937.28233795631
Cabai Rawit Merah/Maluku/2024-10-30,48969.937031254005
Cabai Rawit Merah/Maluku/2024-10-31,48936.57485550012
Cabai Rawit Merah/Maluku/2024-11-01,48979.34197679678
Cabai Rawit Merah/Maluku/2024-11-02,48974.87131518336
Cabai Rawit Merah/Maluku/2024-11-03,49027.09180573796
Cabai Rawit Merah/Maluku/2024-11-04,49052.56860186436
Cabai Rawit Merah/Maluku/2024-11-05,49056.66760628236
Cabai Rawit Merah/Maluku/2024-11-06,48962.670484789895
Cabai Rawit Merah/Maluku/2024-11-07,48979.61573907177
Cabai Rawit Merah/Maluku/2024-11-08,48908.83804377647
Cabai Rawit Merah/Maluku/2024-11-09,48950.970378038655
Cabai Rawit Merah/Maluku/2024-11-10,49035.98325762055
Cabai Rawit Merah/Maluku/2024-11-11,49067.22486482147
Cabai Rawit Merah/Maluku/2024-11-12,48930.39838990562
Cabai Rawit Merah/Maluku/2024-11-13,48961.21564433035
Cabai Rawit Merah/Maluku/2024-11-14,48988.39264817722
Cabai Rawit Merah/Maluku/2024-11-15,49003.111159765984
Cabai Rawit Merah/Maluku/2024-11-16,48950.79086490009
Cabai Rawit Merah/Maluku/2024-11-17,49010.01941398726
Cabai Rawit Merah/Maluku/2024-11-18,48966.91095382815
Cabai Rawit Merah/Maluku/2024-11-19,48988.96639759726
Cabai Rawit Merah/Maluku/2024-11-20,49015.88762223677
Cabai Rawit Merah/Maluku/2024-11-21,48989.96854048149
Cabai Rawit Merah/Maluku/2024-11-22,48968.70923713192
Cabai Rawit Merah/Maluku/2024-11-23,48984.39787534273
Cabai Rawit Merah/Maluku/2024-11-24,48985.4180000308
Cabai Rawit Merah/Maluku/2024-11-25,48971.895925484925
Cabai Rawit Merah/Maluku/2024-11-26,48977.23530118319
Cabai Rawit Merah/Maluku/2024-11-27,49066.411990757806
Cabai Rawit Merah/Maluku/2024-11-28,49016.59026508577
Cabai Rawit Merah/Maluku/2024-11-29,48975.474180099656
Cabai Rawit Merah/Maluku/2024-11-30,49023.121528454125
Cabai Rawit Merah/Maluku/2024-12-01,48973.63371301298
Cabai Rawit Merah/Maluku/2024-12-02,49045.98288258023
Cabai Rawit Merah/Maluku/2024-12-03,49007.407114824535
Cabai Rawit Merah/Maluku/2024-12-04,48984.508792380606
Cabai Rawit Merah/Maluku/2024-12-05,49011.15560902128
Cabai Rawit Merah/Maluku/2024-12-06,48914.241967884496
Cabai Rawit Merah/Maluku/2024-12-07,48935.56385303021
Cabai Rawit Merah/Maluku/2024-12-08,48932.33935548406
Cabai Rawit Merah/Maluku/2024-12-09,48996.522844455285
Cabai Rawit Merah/Maluku/2024-12-10,49072.83881583241
Cabai Rawit Merah/Maluku/2024-12-11,49096.78561857412
Cabai Rawit Merah/Maluku/2024-12-12,49020.29328482344
Cabai Rawit Merah/Maluku/2024-12-13,49013.70628770303
Cabai Rawit Merah/Maluku/2024-12-14,48903.1912350824
Cabai Rawit Merah/Maluku/2024-12-15,48963.60691259979
Cabai Rawit Merah/Maluku/2024-12-16,48951.83876418498
Cabai Rawit Merah/Maluku/2024-12-17,48959.85301837965
Cabai Rawit Merah/Maluku/2024-12-18,48981.58734353747
Cabai Rawit Merah/Maluku/2024-12-19,48966.99455536439
Cabai Rawit Merah/Maluku/2024-12-20,48894.63292624438
Cabai Rawit Merah/Maluku/2024-12-21,49025.567531551926
Cabai Rawit Merah/Maluku/2024-12-22,48938.15712699982
Cabai Rawit Merah/Maluku/2024-12-23,49001.146380169695
Cabai Rawit Merah/Maluku/2024-12-24,49089.23767648983
Cabai Rawit Merah/Maluku/2024-12-25,48945.51999138264
Cabai Rawit Merah/Maluku/2024-12-26,48868.1801041076
Cabai Rawit Merah/Maluku/2024-12-27,48975.92907828755
Cabai Rawit Merah/Maluku/2024-12-28,49042.517938503246
Cabai Rawit Merah/Maluku/2024-12-29,49083.68140673592
Cabai Rawit Merah/Maluku/2024-12-30,48930.62868028055
Cabai Rawit Merah/Maluku/2024-12-31,49013.506896623
Cabai Rawit Merah/Nusa Tenggara Barat/2024-10-01,48967.320787577984
Cabai Rawit Merah/Nusa Tenggara Barat/2024-10-02,48984.57398520061
Cabai Rawit Merah/Nusa Tenggara Barat/2024-10-03,49116.61660759608
Cabai Rawit Merah/Nusa Tenggara Barat/2024-10-04,48917.501890214895
Cabai Rawit Merah/Nusa Tenggara Barat/2024-10-05,49001.8425975667
Cabai Rawit Merah/Nusa Tenggara Barat/2024-10-06,49012.11458858123
Cabai Rawit Merah/Nusa Tenggara Barat/2024-10-07,49041.78963958655
Cabai Rawit Merah/Nusa Tenggara Barat/2024-10-08,48994.36479726499
Cabai Rawit Merah/Nusa Tenggara Barat/2024-10-09,49004.44989168741
Cabai Rawit Merah/Nusa Tenggara Barat/2024-10-10,48970.85729384453
Cabai Rawit Merah/Nusa Tenggara Barat/2024-10-11,49002.58145543386
Cabai Rawit Merah/Nusa Tenggara Barat/2024-10-12,48973.183667494704
Cabai Rawit Merah/Nusa Tenggara Barat/2024-10-13,49019.50227107352
Cabai Rawit Merah/Nusa Tenggara Barat/2024-10-14,48971.91514509973
Cabai Rawit Merah/Nusa Tenggara Barat/2024-10-15,49007.76504352228
Cabai Rawit Merah/Nusa Tenggara Barat/2024-10-16,48988.25542588092
Cabai Rawit Merah/Nusa Tenggara Barat/2024-10-17,49043.7225329106
Cabai Rawit Merah/Nusa Tenggara Barat/2024-10-18,48987.19298200366
Cabai Rawit Merah/Nusa Tenggara Barat/2024-10-19,48904.53624052517
Cabai Rawit Merah/Nusa Tenggara Barat/2024-10-20,49050.2458829907
Cabai Rawit Merah/Nusa Tenggara Barat/2024-10-21,48946.17573046158
Cabai Rawit Merah/Nusa Tenggara Barat/2024-10-22,48958.27269933016
Cabai Rawit Merah/Nusa Tenggara Barat/2024-10-23,48961.06213529267
Cabai Rawit Merah/Nusa Tenggara Barat/2024-10-24,49055.64749993637
Cabai Rawit Merah/Nusa Tenggara Barat/2024-10-25,48887.12556779637
Cabai Rawit Merah/Nusa Tenggara Barat/2024-10-26,49140.304847639214
Cabai Rawit Merah/Nusa Tenggara Barat/2024-10-27,49040.36198957773
Cabai Rawit Merah/Nusa Tenggara Barat/2024-10-28,49000.37822442033
Cabai Rawit Merah/Nusa Tenggara Barat/2024-10-29,48987.02514667683
Cabai Rawit Merah/Nusa Tenggara Barat/2024-10-30,49003.37016563401
Cabai Rawit Merah/Nusa Tenggara Barat/2024-10-31,49014.68027105486
Cabai Rawit Merah/Nusa Tenggara Barat/2024-11-01,49020.63761280842
Cabai Rawit Merah/Nusa Tenggara Barat/2024-11-02,49016.335233379454
Cabai Rawit Merah/Nusa Tenggara Barat/2024-11-03,48993.96124753009
Cabai Rawit Merah/Nusa Tenggara Barat/2024-11-04,48980.18621561805
Cabai Rawit Merah/Nusa Tenggara Barat/2024-11-05,48982.397824546926
Cabai Rawit Merah/Nusa Tenggara Barat/2024-11-06,48980.30283412712
Cabai Rawit Merah/Nusa Tenggara Barat/2024-11-07,49044.09320213185
Cabai Rawit Merah/Nusa Tenggara Barat/2024-11-08,49018.15721389946
Cabai Rawit Merah/Nusa Tenggara Barat/2024-11-09,48848.49086694937
Cabai Rawit Merah/Nusa Tenggara Barat/2024-11-10,49021.1504528782
Cabai Rawit Merah/Nusa Tenggara Barat/2024-11-11,48999.009688111626
Cabai Rawit Merah/Nusa Tenggara Barat/2024-11-12,48988.76205960367
Cabai Rawit Merah/Nusa Tenggara Barat/2024-11-13,48971.00712497703
Cabai Rawit Merah/Nusa Tenggara Barat/2024-11-14,49043.62918920878
Cabai Rawit Merah/Nusa Tenggara Barat/2024-11-15,49035.15161107619
Cabai Rawit Merah/Nusa Tenggara Barat/2024-11-16,48952.55416191547
Cabai Rawit Merah/Nusa Tenggara Barat/2024-11-17,49009.20317323424
Cabai Rawit Merah/Nusa Tenggara Barat/2024-11-18,48943.01075674604
Cabai Rawit Merah/Nusa Tenggara Barat/2024-11-19,48923.42440768123
Cabai Rawit Merah/Nusa Tenggara Barat/2024-11-20,48959.57128639297
Cabai Rawit Merah/Nusa Tenggara Barat/2024-11-21,49031.06394262501
Cabai Rawit Merah/Nusa Tenggara Barat/2024-11-22,49035.42004399183
Cabai Rawit Merah/Nusa Tenggara Barat/2024-11-23,49014.293462577465
Cabai Rawit Merah/Nusa Tenggara Barat/2024-11-24,49024.472376979
Cabai Rawit Merah/Nusa Tenggara Barat/2024-11-25,49014.44245336941
Cabai Rawit Merah/Nusa Tenggara Barat/2024-11-26,48958.862853359766
Cabai Rawit Merah/Nusa Tenggara Barat/2024-11-27,49010.39742064819
Cabai Rawit Merah/Nusa Tenggara Barat/2024-11-28,49028.08854700175
Cabai Rawit Merah/Nusa Tenggara Barat/2024-11-29,49025.87433704089
Cabai Rawit Merah/Nusa Tenggara Barat/2024-11-30,49046.7406925145
Cabai Rawit Merah/Nusa Tenggara Barat/2024-12-01,49023.66643843385
Cabai Rawit Merah/Nusa Tenggara Barat/2024-12-02,49006.53384555216
Cabai Rawit Merah/Nusa Tenggara Barat/2024-12-03,49041.03912254885
Cabai Rawit Merah/Nusa Tenggara Barat/2024-12-04,48988.38740690782
Cabai Rawit Merah/Nusa Tenggara Barat/2024-12-05,48947.32146940391
Cabai Rawit Merah/Nusa Tenggara Barat/2024-12-06,48981.83162228117
Cabai Rawit Merah/Nusa Tenggara Barat/2024-12-07,48953.89732750096
Cabai Rawit Merah/Nusa Tenggara Barat/2024-12-08,48957.24470217218
Cabai Rawit Merah/Nusa Tenggara Barat/2024-12-09,48982.72168745159
Cabai Rawit Merah/Nusa Tenggara Barat/2024-12-10,48951.61557142108
Cabai Rawit Merah/Nusa Tenggara Barat/2024-12-11,48974.87470085168
Cabai Rawit Merah/Nusa Tenggara Barat/2024-12-12,48898.74671037767
Cabai Rawit Merah/Nusa Tenggara Barat/2024-12-13,48999.90035687867
Cabai Rawit Merah/Nusa Tenggara Barat/2024-12-14,48989.71790086752
Cabai Rawit Merah/Nusa Tenggara Barat/2024-12-15,48950.43114347909
Cabai Rawit Merah/Nusa Tenggara Barat/2024-12-16,49021.31070289486
Cabai Rawit Merah/Nusa Tenggara Barat/2024-12-17,49034.67320976658
Cabai Rawit Merah/Nusa Tenggara Barat/2024-12-18,48912.48060459419
Cabai Rawit Merah/Nusa Tenggara Barat/2024-12-19,48953.04149960369
Cabai Rawit Merah/Nusa Tenggara Barat/2024-12-20,48952.73337109841
Cabai Rawit Merah/Nusa Tenggara Barat/2024-12-21,48944.53510269022
Cabai Rawit Merah/Nusa Tenggara Barat/2024-12-22,49029.483539427645
Cabai Rawit Merah/Nusa Tenggara Barat/2024-12-23,48980.35416226926
Cabai Rawit Merah/Nusa Tenggara Barat/2024-12-24,48976.96054318607
Cabai Rawit Merah/Nusa Tenggara Barat/2024-12-25,48893.45375587143
Cabai Rawit Merah/Nusa Tenggara Barat/2024-12-26,49020.1669056028
Cabai Rawit Merah/Nusa Tenggara Barat/2024-12-27,48930.162878131225
Cabai Rawit Merah/Nusa Tenggara Barat/2024-12-28,48992.53741926231
Cabai Rawit Merah/Nusa Tenggara Barat/2024-12-29,49002.97698722152
Cabai Rawit Merah/Nusa Tenggara Barat/2024-12-30,49054.98585034642
Cabai Rawit Merah/Nusa Tenggara Barat/2024-12-31,48926.82319139563
Cabai Rawit Merah/Nusa Tenggara Timur/2024-10-01,48844.69201996815
Cabai Rawit Merah/Nusa Tenggara Timur/2024-10-02,48998.48703279941
Cabai Rawit Merah/Nusa Tenggara Timur/2024-10-03,49076.10359498345
Cabai Rawit Merah/Nusa Tenggara Timur/2024-10-04,49049.14245972287
Cabai Rawit Merah/Nusa Tenggara Timur/2024-10-05,48999.725729719234
Cabai Rawit Merah/Nusa Tenggara Timur/2024-10-06,48966.05650133294
Cabai Rawit Merah/Nusa Tenggara Timur/2024-10-07,49028.41105934864
Cabai Rawit Merah/Nusa Tenggara Timur/2024-10-08,48942.92034668274
Cabai Rawit Merah/Nusa Tenggara Timur/2024-10-09,49012.5306515378
Cabai Rawit Merah/Nusa Tenggara Timur/2024-10-10,49013.928154359855
Cabai Rawit Merah/Nusa Tenggara Timur/2024-10-11,49040.561471218
Cabai Rawit Merah/Nusa Tenggara Timur/2024-10-12,49122.15298057118
Cabai Rawit Merah/Nusa Tenggara Timur/2024-10-13,49008.50049449841
Cabai Rawit Merah/Nusa Tenggara Timur/2024-10-14,48965.225175095045
Cabai Rawit Merah/Nusa Tenggara Timur/2024-10-15,48988.43301336484
Cabai Rawit Merah/Nusa Tenggara Timur/2024-10-16,48904.72667989839
Cabai Rawit Merah/Nusa Tenggara Timur/2024-10-17,48956.307164340695
Cabai Rawit Merah/Nusa Tenggara Timur/2024-10-18,48970.01032569299
Cabai Rawit Merah/Nusa Tenggara Timur/2024-10-19,48964.49825858195
Cabai Rawit Merah/Nusa Tenggara Timur/2024-10-20,48996.974565237
Cabai Rawit Merah/Nusa Tenggara Timur/2024-10-21,48950.17511364829
Cabai Rawit Merah/Nusa Tenggara Timur/2024-10-22,49043.4812899486
Cabai Rawit Merah/Nusa Tenggara Timur/2024-10-23,48989.67010979375
Cabai Rawit Merah/Nusa Tenggara Timur/2024-10-24,48989.21370936264
Cabai Rawit Merah/Nusa Tenggara Timur/2024-10-25,48973.91794954618
Cabai Rawit Merah/Nusa Tenggara Timur/2024-10-26,48997.11110737619
Cabai Rawit Merah/Nusa Tenggara Timur/2024-10-27,49029.27381136627
Cabai Rawit Merah/Nusa Tenggara Timur/2024-10-28,48948.02896322809
Cabai Rawit Merah/Nusa Tenggara Timur/2024-10-29,48958.06382867196
Cabai Rawit Merah/Nusa Tenggara Timur/2024-10-30,48975.07826386851
Cabai Rawit Merah/Nusa Tenggara Timur/2024-10-31,48925.04439613864
Cabai Rawit Merah/Nusa Tenggara Timur/2024-11-01,48950.327230297546
Cabai Rawit Merah/Nusa Tenggara Timur/2024-11-02,48966.79634733992
Cabai Rawit Merah/Nusa Tenggara Timur/2024-11-03,49031.639790696325
Cabai Rawit Merah/Nusa Tenggara Timur/2024-11-04,49002.26566496518
Cabai Rawit Merah/Nusa Tenggara Timur/2024-11-05,48998.95435045749
Cabai Rawit Merah/Nusa Tenggara Timur/2024-11-06,49030.5122523834
Cabai Rawit Merah/Nusa Tenggara Timur/2024-11-07,48983.06513457639
Cabai Rawit Merah/Nusa Tenggara Timur/2024-11-08,49008.40692775112
Cabai Rawit Merah/Nusa Tenggara Timur/2024-11-09,48984.70472965032
Cabai Rawit Merah/Nusa Tenggara Timur/2024-11-10,49002.40062617801
Cabai Rawit Merah/Nusa Tenggara Timur/2024-11-11,48961.68193677151
Cabai Rawit Merah/Nusa Tenggara Timur/2024-11-12,48872.57156788975
Cabai Rawit Merah/Nusa Tenggara Timur/2024-11-13,48983.21346993659
Cabai Rawit Merah/Nusa Tenggara Timur/2024-11-14,49057.96690575921
Cabai Rawit Merah/Nusa Tenggara Timur/2024-11-15,49034.12806356738
Cabai Rawit Merah/Nusa Tenggara Timur/2024-11-16,49036.0091780434
Cabai Rawit Merah/Nusa Tenggara Timur/2024-11-17,49049.00740514175
Cabai Rawit Merah/Nusa Tenggara Timur/2024-11-18,48993.91716203871
Cabai Rawit Merah/Nusa Tenggara Timur/2024-11-19,48999.13405040541
Cabai Rawit Merah/Nusa Tenggara Timur/2024-11-20,48960.00696425208
Cabai Rawit Merah/Nusa Tenggara Timur/2024-11-21,48974.485808806414
Cabai Rawit Merah/Nusa Tenggara Timur/2024-11-22,49019.22391788955
Cabai Rawit Merah/Nusa Tenggara Timur/2024-11-23,49047.45931735447
Cabai Rawit Merah/Nusa Tenggara Timur/2024-11-24,48982.9653943816
Cabai Rawit Merah/Nusa Tenggara Timur/2024-11-25,48968.04651273748
Cabai Rawit Merah/Nusa Tenggara Timur/2024-11-26,48989.68580222773
Cabai Rawit Merah/Nusa Tenggara Timur/2024-11-27,49018.52472779439
Cabai Rawit Merah/Nusa Tenggara Timur/2024-11-28,48920.34028633834
Cabai Rawit Merah/Nusa Tenggara Timur/2024-11-29,48879.41949203478
Cabai Rawit Merah/Nusa Tenggara Timur/2024-11-30,48963.22863480611
Cabai Rawit Merah/Nusa Tenggara Timur/2024-12-01,48931.05308210555
Cabai Rawit Merah/Nusa Tenggara Timur/2024-12-02,48965.26383188501
Cabai Rawit Merah/Nusa Tenggara Timur/2024-12-03,48982.5646470561
Cabai Rawit Merah/Nusa Tenggara Timur/2024-12-04,48967.8990694541
Cabai Rawit Merah/Nusa Tenggara Timur/2024-12-05,49059.39362288961
Cabai Rawit Merah/Nusa Tenggara Timur/2024-12-06,49005.34721350982
Cabai Rawit Merah/Nusa Tenggara Timur/2024-12-07,49004.08619148941
Cabai Rawit Merah/Nusa Tenggara Timur/2024-12-08,49019.53285935303
Cabai Rawit Merah/Nusa Tenggara Timur/2024-12-09,48934.98459342468
Cabai Rawit Merah/Nusa Tenggara Timur/2024-12-10,49039.54886246129
Cabai Rawit Merah/Nusa Tenggara Timur/2024-12-11,48986.0229219014
Cabai Rawit Merah/Nusa Tenggara Timur/2024-12-12,49021.85045578995
Cabai Rawit Merah/Nusa Tenggara Timur/2024-12-13,48938.19999414554
Cabai Rawit Merah/Nusa Tenggara Timur/2024-12-14,48915.063602806185
Cabai Rawit Merah/Nusa Tenggara Timur/2024-12-15,49028.92766910687
Cabai Rawit Merah/Nusa Tenggara Timur/2024-12-16,49007.73178520679
Cabai Rawit Merah/Nusa Tenggara Timur/2024-12-17,48946.3522302131
Cabai Rawit Merah/Nusa Tenggara Timur/2024-12-18,48947.9070908788
Cabai Rawit Merah/Nusa Tenggara Timur/2024-12-19,49043.69280522767
Cabai Rawit Merah/Nusa Tenggara Timur/2024-12-20,48932.55612161897
Cabai Rawit Merah/Nusa Tenggara Timur/2024-12-21,49068.52568934434
Cabai Rawit Merah/Nusa Tenggara Timur/2024-12-22,48946.42092454195
Cabai Rawit Merah/Nusa Tenggara Timur/2024-12-23,49020.30979103477
Cabai Rawit Merah/Nusa Tenggara Timur/2024-12-24,48973.88330883579
Cabai Rawit Merah/Nusa Tenggara Timur/2024-12-25,49018.61960665486
Cabai Rawit Merah/Nusa Tenggara Timur/2024-12-26,48963.537302786855
Cabai Rawit Merah/Nusa Tenggara Timur/2024-12-27,48981.84447587879
Cabai Rawit Merah/Nusa Tenggara Timur/2024-12-28,48991.62491415037
Cabai Rawit Merah/Nusa Tenggara Timur/2024-12-29,48941.54478357216
Cabai Rawit Merah/Nusa Tenggara Timur/2024-12-30,49025.227601918
Cabai Rawit Merah/Nusa Tenggara Timur/2024-12-31,48965.02054322055
Cabai Rawit Merah/Papua Barat/2024-10-01,48978.68501456751
Cabai Rawit Merah/Papua Barat/2024-10-02,48941.92103988878
Cabai Rawit Merah/Papua Barat/2024-10-03,48866.6413393837
Cabai Rawit Merah/Papua Barat/2024-10-04,48980.48885344924
Cabai Rawit Merah/Papua Barat/2024-10-05,49105.49072197214
Cabai Rawit Merah/Papua Barat/2024-10-06,49027.32912200592
Cabai Rawit Merah/Papua Barat/2024-10-07,48988.73527185951
Cabai Rawit Merah/Papua Barat/2024-10-08,48977.038709511005
Cabai Rawit Merah/Papua Barat/2024-10-09,48990.739285288735
Cabai Rawit Merah/Papua Barat/2024-10-10,49015.92818750624
Cabai Rawit Merah/Papua Barat/2024-10-11,48932.969003157305
Cabai Rawit Merah/Papua Barat/2024-10-12,49043.159385746585
Cabai Rawit Merah/Papua Barat/2024-10-13,49024.0060700532
Cabai Rawit Merah/Papua Barat/2024-10-14,49024.14078265346
Cabai Rawit Merah/Papua Barat/2024-10-15,49010.71182796472
Cabai Rawit Merah/Papua Barat/2024-10-16,48990.60222388799
Cabai Rawit Merah/Papua Barat/2024-10-17,49021.96505446735
Cabai Rawit Merah/Papua Barat/2024-10-18,49018.07385545211
Cabai Rawit Merah/Papua Barat/2024-10-19,48972.662864764985
Cabai Rawit Merah/Papua Barat/2024-10-20,48962.12158100911
Cabai Rawit Merah/Papua Barat/2024-10-21,48994.55058766079
Cabai Rawit Merah/Papua Barat/2024-10-22,49064.02960668656
Cabai Rawit Merah/Papua Barat/2024-10-23,48930.17019669322
Cabai Rawit Merah/Papua Barat/2024-10-24,48919.20367803938
Cabai Rawit Merah/Papua Barat/2024-10-25,48997.570521488
Cabai Rawit Merah/Papua Barat/2024-10-26,48992.10343626437
Cabai Rawit Merah/Papua Barat/2024-10-27,48997.98243719634
Cabai Rawit Merah/Papua Barat/2024-10-28,49001.372261933
Cabai Rawit Merah/Papua Barat/2024-10-29,48978.9441051469
Cabai Rawit Merah/Papua Barat/2024-10-30,49061.18941135432
Cabai Rawit Merah/Papua Barat/2024-10-31,48912.80022835508
Cabai Rawit Merah/Papua Barat/2024-11-01,48949.88386825066
Cabai Rawit Merah/Papua Barat/2024-11-02,48984.70303764652
Cabai Rawit Merah/Papua Barat/2024-11-03,48910.76997052003
Cabai Rawit Merah/Papua Barat/2024-11-04,48981.21731564331
Cabai Rawit Merah/Papua Barat/2024-11-05,49069.427812556765
Cabai Rawit Merah/Papua Barat/2024-11-06,48990.6627955774
Cabai Rawit Merah/Papua Barat/2024-11-07,49000.736209875206
Cabai Rawit Merah/Papua Barat/2024-11-08,48929.15913555028
Cabai Rawit Merah/Papua Barat/2024-11-09,48960.06868865151
Cabai Rawit Merah/Papua Barat/2024-11-10,48971.64711744786
Cabai Rawit Merah/Papua Barat/2024-11-11,48974.40651692239
Cabai Rawit Merah/Papua Barat/2024-11-12,49051.19238404675
Cabai Rawit Merah/Papua Barat/2024-11-13,49016.43503618462
Cabai Rawit Merah/Papua Barat/2024-11-14,48936.29860163852
Cabai Rawit Merah/Papua Barat/2024-11-15,49001.495175878685
Cabai Rawit Merah/Papua Barat/2024-11-16,49013.58029782857
Cabai Rawit Merah/Papua Barat/2024-11-17,49044.39956543988
Cabai Rawit Merah/Papua Barat/2024-11-18,49065.5428151245
Cabai Rawit Merah/Papua Barat/2024-11-19,48940.92519663068
Cabai Rawit Merah/Papua Barat/2024-11-20,48950.73096423711
Cabai Rawit Merah/Papua Barat/2024-11-21,48929.28372761583
Cabai Rawit Merah/Papua Barat/2024-11-22,48978.42508667665
Cabai Rawit Merah/Papua Barat/2024-11-23,49012.05030759439
Cabai Rawit Merah/Papua Barat/2024-11-24,49037.06229586571
Cabai Rawit Merah/Papua Barat/2024-11-25,48986.01361674426
Cabai Rawit Merah/Papua Barat/2024-11-26,48974.30417389141
Cabai Rawit Merah/Papua Barat/2024-11-27,48996.94640954535
Cabai Rawit Merah/Papua Barat/2024-11-28,48949.56486811098
Cabai Rawit Merah/Papua Barat/2024-11-29,49089.98014019246
Cabai Rawit Merah/Papua Barat/2024-11-30,48912.47569406703
Cabai Rawit Merah/Papua Barat/2024-12-01,48998.52977599808
Cabai Rawit Merah/Papua Barat/2024-12-02,49086.81463600832
Cabai Rawit Merah/Papua Barat/2024-12-03,48989.986828990855
Cabai Rawit Merah/Papua Barat/2024-12-04,48980.53668043329
Cabai Rawit Merah/Papua Barat/2024-12-05,48972.499188319394
Cabai Rawit Merah/Papua Barat/2024-12-06,48980.99989018128
Cabai Rawit Merah/Papua Barat/2024-12-07,49055.57164662066
Cabai Rawit Merah/Papua Barat/2024-12-08,48883.46772475609
Cabai Rawit Merah/Papua Barat/2024-12-09,49063.28111501109
Cabai Rawit Merah/Papua Barat/2024-12-10,48921.29542158519
Cabai Rawit Merah/Papua Barat/2024-12-11,48976.85818966251
Cabai Rawit Merah/Papua Barat/2024-12-12,48969.05204882864
Cabai Rawit Merah/Papua Barat/2024-12-13,49017.91674539137
Cabai Rawit Merah/Papua Barat/2024-12-14,48912.93359011183
Cabai Rawit Merah/Papua Barat/2024-12-15,49011.84915302416
Cabai Rawit Merah/Papua Barat/2024-12-16,49086.84824580109
Cabai Rawit Merah/Papua Barat/2024-12-17,48924.2135955151
Cabai Rawit Merah/Papua Barat/2024-12-18,48998.76819413867
Cabai Rawit Merah/Papua Barat/2024-12-19,48957.87819936331
Cabai Rawit Merah/Papua Barat/2024-12-20,49010.107536005205
Cabai Rawit Merah/Papua Barat/2024-12-21,48990.57969483948
Cabai Rawit Merah/Papua Barat/2024-12-22,48958.86200802598
Cabai Rawit Merah/Papua Barat/2024-12-23,49013.08325423284
Cabai Rawit Merah/Papua Barat/2024-12-24,49076.28784348954
Cabai Rawit Merah/Papua Barat/2024-12-25,48980.49498420223
Cabai Rawit Merah/Papua Barat/2024-12-26,49024.21630127659
Cabai Rawit Merah/Papua Barat/2024-12-27,48927.56984600357
Cabai Rawit Merah/Papua Barat/2024-12-28,48943.74165426385
Cabai Rawit Merah/Papua Barat/2024-12-29,49012.34095645435
Cabai Rawit Merah/Papua Barat/2024-12-30,49060.913278749096
Cabai Rawit Merah/Papua Barat/2024-12-31,49006.73335092936
Cabai Rawit Merah/Papua/2024-10-01,48974.63008698259
Cabai Rawit Merah/Papua/2024-10-02,48989.62638105852
Cabai Rawit Merah/Papua/2024-10-03,48929.62793292432
Cabai Rawit Merah/Papua/2024-10-04,49018.683556271215
Cabai Rawit Merah/Papua/2024-10-05,49032.02146636243
Cabai Rawit Merah/Papua/2024-10-06,48967.95511637033
Cabai Rawit Merah/Papua/2024-10-07,48967.09329492793
Cabai Rawit Merah/Papua/2024-10-08,49002.42519709391
Cabai Rawit Merah/Papua/2024-10-09,48968.69331636316
Cabai Rawit Merah/Papua/2024-10-10,48986.48527146961
Cabai Rawit Merah/Papua/2024-10-11,49090.46880155392
Cabai Rawit Merah/Papua/2024-10-12,48977.80045546423
Cabai Rawit Merah/Papua/2024-10-13,48972.45632137462
Cabai Rawit Merah/Papua/2024-10-14,48958.57164940657
Cabai Rawit Merah/Papua/2024-10-15,49025.38953362793
Cabai Rawit Merah/Papua/2024-10-16,48980.95985033282
Cabai Rawit Merah/Papua/2024-10-17,48958.48349855311
Cabai Rawit Merah/Papua/2024-10-18,49053.09665170414
Cabai Rawit Merah/Papua/2024-10-19,49057.81608536188
Cabai Rawit Merah/Papua/2024-10-20,48960.83381831863
Cabai Rawit Merah/Papua/2024-10-21,48900.04693794398
Cabai Rawit Merah/Papua/2024-10-22,49038.031679816544
Cabai Rawit Merah/Papua/2024-10-23,48956.79112550112
Cabai Rawit Merah/Papua/2024-10-24,49027.61858358976
Cabai Rawit Merah/Papua/2024-10-25,48895.07443018777
Cabai Rawit Merah/Papua/2024-10-26,49032.51411600893
Cabai Rawit Merah/Papua/2024-10-27,48931.51139412636
Cabai Rawit Merah/Papua/2024-10-28,49024.74446262536
Cabai Rawit Merah/Papua/2024-10-29,48990.34544311078
Cabai Rawit Merah/Papua/2024-10-30,48943.86097992276
Cabai Rawit Merah/Papua/2024-10-31,48970.1183241898
Cabai Rawit Merah/Papua/2024-11-01,49022.61064120345
Cabai Rawit Merah/Papua/2024-11-02,48994.74433632612
Cabai Rawit Merah/Papua/2024-11-03,49017.71811123251
Cabai Rawit Merah/Papua/2024-11-04,49084.550048566365
Cabai Rawit Merah/Papua/2024-11-05,48914.56044163913
Cabai Rawit Merah/Papua/2024-11-06,49067.30371805555
Cabai Rawit Merah/Papua/2024-11-07,48994.67072186131
Cabai Rawit Merah/Papua/2024-11-08,48946.50955185069
Cabai Rawit Merah/Papua/2024-11-09,48925.79155973171
Cabai Rawit Merah/Papua/2024-11-10,48980.58046304032
Cabai Rawit Merah/Papua/2024-11-11,49033.90922164748
Cabai Rawit Merah/Papua/2024-11-12,48983.53636779328
Cabai Rawit Merah/Papua/2024-11-13,49062.21130397111
Cabai Rawit Merah/Papua/2024-11-14,48919.98859310646
Cabai Rawit Merah/Papua/2024-11-15,48989.08005858849
Cabai Rawit Merah/Papua/2024-11-16,48929.53249071797
Cabai Rawit Merah/Papua/2024-11-17,49007.118431831215
Cabai Rawit Merah/Papua/2024-11-18,49032.24012178606
Cabai Rawit Merah/Papua/2024-11-19,48969.4590354524
Cabai Rawit Merah/Papua/2024-11-20,48864.63068711131
Cabai Rawit Merah/Papua/2024-11-21,48999.211780719605
Cabai Rawit Merah/Papua/2024-11-22,49010.62828171181
Cabai Rawit Merah/Papua/2024-11-23,49009.0704966503
Cabai Rawit Merah/Papua/2024-11-24,49048.99043954407
Cabai Rawit Merah/Papua/2024-11-25,48938.23828695799
Cabai Rawit Merah/Papua/2024-11-26,49022.31798636588
Cabai Rawit Merah/Papua/2024-11-27,49046.91333834506
Cabai Rawit Merah/Papua/2024-11-28,48904.26966199365
Cabai Rawit Merah/Papua/2024-11-29,49005.00707165603
Cabai Rawit Merah/Papua/2024-11-30,48965.45434654574
Cabai Rawit Merah/Papua/2024-12-01,48985.74644116218
Cabai Rawit Merah/Papua/2024-12-02,49006.35235194276
Cabai Rawit Merah/Papua/2024-12-03,48966.26797023773
Cabai Rawit Merah/Papua/2024-12-04,48957.21921236749
Cabai Rawit Merah/Papua/2024-12-05,48991.29987794528
Cabai Rawit Merah/Papua/2024-12-06,48937.46104992669
Cabai Rawit Merah/Papua/2024-12-07,48937.5292100277
Cabai Rawit Merah/Papua/2024-12-08,49022.27707492823
Cabai Rawit Merah/Papua/2024-12-09,48934.50590006748
Cabai Rawit Merah/Papua/2024-12-10,49021.65003850973
Cabai Rawit Merah/Papua/2024-12-11,49011.869251492855
Cabai Rawit Merah/Papua/2024-12-12,48906.80339168692
Cabai Rawit Merah/Papua/2024-12-13,48957.13011318468
Cabai Rawit Merah/Papua/2024-12-14,49046.98990604594
Cabai Rawit Merah/Papua/2024-12-15,48942.55405608533
Cabai Rawit Merah/Papua/2024-12-16,48967.3638472694
Cabai Rawit Merah/Papua/2024-12-17,49011.8437867579
Cabai Rawit Merah/Papua/2024-12-18,49027.271187742925
Cabai Rawit Merah/Papua/2024-12-19,48977.58384685141
Cabai Rawit Merah/Papua/2024-12-20,48960.97345812733
Cabai Rawit Merah/Papua/2024-12-21,49057.94899502098
Cabai Rawit Merah/Papua/2024-12-22,49073.145847364445
Cabai Rawit Merah/Papua/2024-12-23,49036.65589119007
Cabai Rawit Merah/Papua/2024-12-24,48993.756636808524
Cabai Rawit Merah/Papua/2024-12-25,48950.85545093216
Cabai Rawit Merah/Papua/2024-12-26,48949.79082066582
Cabai Rawit Merah/Papua/2024-12-27,49014.74676418301
Cabai Rawit Merah/Papua/2024-12-28,49009.74782532229
Cabai Rawit Merah/Papua/2024-12-29,49056.951559877016
Cabai Rawit Merah/Papua/2024-12-30,49020.88860200221
Cabai Rawit Merah/Papua/2024-12-31,48917.496807080046
Cabai Rawit Merah/Riau/2024-10-01,49040.16509884048
Cabai Rawit Merah/Riau/2024-10-02,48941.74318283194
Cabai Rawit Merah/Riau/2024-10-03,48971.22584864901
Cabai Rawit Merah/Riau/2024-10-04,49001.67246991352
Cabai Rawit Merah/Riau/2024-10-05,49085.47305192666
Cabai Rawit Merah/Riau/2024-10-06,49138.96900345584
Cabai Rawit Merah/Riau/2024-10-07,49018.78940748054
Cabai Rawit Merah/Riau/2024-10-08,48980.865384803146
Cabai Rawit Merah/Riau/2024-10-09,49015.32287730282
Cabai Rawit Merah/Riau/2024-10-10,49032.27787192522
Cabai Rawit Merah/Riau/2024-10-11,48974.2654979197
Cabai Rawit Merah/Riau/2024-10-12,49075.84941613719
Cabai Rawit Merah/Riau/2024-10-13,49000.70627817864
Cabai Rawit Merah/Riau/2024-10-14,49013.5574781325
Cabai Rawit Merah/Riau/2024-10-15,49021.63195294329
Cabai Rawit Merah/Riau/2024-10-16,49009.901151810365
Cabai Rawit Merah/Riau/2024-10-17,49029.93865191268
Cabai Rawit Merah/Riau/2024-10-18,48960.02590971552
Cabai Rawit Merah/Riau/2024-10-19,48962.85621367355
Cabai Rawit Merah/Riau/2024-10-20,48936.841567034826
Cabai Rawit Merah/Riau/2024-10-21,49010.76100865414
Cabai Rawit Merah/Riau/2024-10-22,49027.05733094068
Cabai Rawit Merah/Riau/2024-10-23,49011.63797021105
Cabai Rawit Merah/Riau/2024-10-24,49070.053357585326
Cabai Rawit Merah/Riau/2024-10-25,48989.39169774533
Cabai Rawit Merah/Riau/2024-10-26,49021.76723570075
Cabai Rawit Merah/Riau/2024-10-27,48937.247613420055
Cabai Rawit Merah/Riau/2024-10-28,48971.07577642176
Cabai Rawit Merah/Riau/2024-10-29,49023.05363976346
Cabai Rawit Merah/Riau/2024-10-30,49030.4260505951
Cabai Rawit Merah/Riau/2024-10-31,48975.5467840685
Cabai Rawit Merah/Riau/2024-11-01,48986.2226904417
Cabai Rawit Merah/Riau/2024-11-02,48916.78658470009
Cabai Rawit Merah/Riau/2024-11-03,48972.51929653109
Cabai Rawit Merah/Riau/2024-11-04,49032.40797340151
Cabai Rawit Merah/Riau/2024-11-05,49017.27594309559
Cabai Rawit Merah/Riau/2024-11-06,49013.69731218371
Cabai Rawit Merah/Riau/2024-11-07,48992.049844582834
Cabai Rawit Merah/Riau/2024-11-08,48989.999578135175
Cabai Rawit Merah/Riau/2024-11-09,48957.95823276104
Cabai Rawit Merah/Riau/2024-11-10,49023.21151871632
Cabai Rawit Merah/Riau/2024-11-11,49009.87145689675
Cabai Rawit Merah/Riau/2024-11-12,49013.28235056857
Cabai Rawit Merah/Riau/2024-11-13,48964.40514867324
Cabai Rawit Merah/Riau/2024-11-14,48886.27735643746
Cabai Rawit Merah/Riau/2024-11-15,49042.335255749895
Cabai Rawit Merah/Riau/2024-11-16,48966.67104591751
Cabai Rawit Merah/Riau/2024-11-17,48948.23786153799
Cabai Rawit Merah/Riau/2024-11-18,49022.95425705421
Cabai Rawit Merah/Riau/2024-11-19,48970.83934953463
Cabai Rawit Merah/Riau/2024-11-20,49040.548374998696
Cabai Rawit Merah/Riau/2024-11-21,49019.28295081626
Cabai Rawit Merah/Riau/2024-11-22,49022.478797078045
Cabai Rawit Merah/Riau/2024-11-23,48924.08034851939
Cabai Rawit Merah/Riau/2024-11-24,49047.84647468773
Cabai Rawit Merah/Riau/2024-11-25,49002.203323161055
Cabai Rawit Merah/Riau/2024-11-26,48971.93124934683
Cabai Rawit Merah/Riau/2024-11-27,48996.54451316747
Cabai Rawit Merah/Riau/2024-11-28,48904.38238485587
Cabai Rawit Merah/Riau/2024-11-29,49009.28005093376
Cabai Rawit Merah/Riau/2024-11-30,48940.2395749736
Cabai Rawit Merah/Riau/2024-12-01,48924.717740922046
Cabai Rawit Merah/Riau/2024-12-02,48916.5708431567
Cabai Rawit Merah/Riau/2024-12-03,49043.08055793698
Cabai Rawit Merah/Riau/2024-12-04,48959.4487753345
Cabai Rawit Merah/Riau/2024-12-05,49063.294854912376
Cabai Rawit Merah/Riau/2024-12-06,48963.93594457393
Cabai Rawit Merah/Riau/2024-12-07,48907.68919743125
Cabai Rawit Merah/Riau/2024-12-08,48936.05560779458
Cabai Rawit Merah/Riau/2024-12-09,49048.99212068451
Cabai Rawit Merah/Riau/2024-12-10,48982.17547714192
Cabai Rawit Merah/Riau/2024-12-11,48963.33642228274
Cabai Rawit Merah/Riau/2024-12-12,48997.34257589333
Cabai Rawit Merah/Riau/2024-12-13,49013.751083672585
Cabai Rawit Merah/Riau/2024-12-14,49043.30728075542
Cabai Rawit Merah/Riau/2024-12-15,49059.20340676591
Cabai Rawit Merah/Riau/2024-12-16,48972.38775660064
Cabai Rawit Merah/Riau/2024-12-17,48925.99642316177
Cabai Rawit Merah/Riau/2024-12-18,48969.80997620692
Cabai Rawit Merah/Riau/2024-12-19,49002.15671604964
Cabai Rawit Merah/Riau/2024-12-20,48943.38977327989
Cabai Rawit Merah/Riau/2024-12-21,48943.706740853886
Cabai Rawit Merah/Riau/2024-12-22,49006.16540793383
Cabai Rawit Merah/Riau/2024-12-23,48987.32429251671
Cabai Rawit Merah/Riau/2024-12-24,48991.23471406588
Cabai Rawit Merah/Riau/2024-12-25,48953.24434257421
Cabai Rawit Merah/Riau/2024-12-26,48978.59855736495
Cabai Rawit Merah/Riau/2024-12-27,48945.28742470599
Cabai Rawit Merah/Riau/2024-12-28,49032.39903181074
Cabai Rawit Merah/Riau/2024-12-29,49039.36295926866
Cabai Rawit Merah/Riau/2024-12-30,48901.02380094395
Cabai Rawit Merah/Riau/2024-12-31,48945.03400330562
Cabai Rawit Merah/Sulawesi Barat/2024-10-01,48917.8111828369
Cabai Rawit Merah/Sulawesi Barat/2024-10-02,48958.45232026636
Cabai Rawit Merah/Sulawesi Barat/2024-10-03,48985.654093388686
Cabai Rawit Merah/Sulawesi Barat/2024-10-04,48920.06157092143
Cabai Rawit Merah/Sulawesi Barat/2024-10-05,48945.40092232075
Cabai Rawit Merah/Sulawesi Barat/2024-10-06,48941.45941557967
Cabai Rawit Merah/Sulawesi Barat/2024-10-07,48999.61095608973
Cabai Rawit Merah/Sulawesi Barat/2024-10-08,48992.98919031515
Cabai Rawit Merah/Sulawesi Barat/2024-10-09,48955.008922134526
Cabai Rawit Merah/Sulawesi Barat/2024-10-10,48998.14929674872
Cabai Rawit Merah/Sulawesi Barat/2024-10-11,48963.4137820222
Cabai Rawit Merah/Sulawesi Barat/2024-10-12,48976.61796801307
Cabai Rawit Merah/Sulawesi Barat/2024-10-13,49070.00341022506
Cabai Rawit Merah/Sulawesi Barat/2024-10-14,49054.01635347245
Cabai Rawit Merah/Sulawesi Barat/2024-10-15,48927.26685735487
Cabai Rawit Merah/Sulawesi Barat/2024-10-16,49029.49626347621
Cabai Rawit Merah/Sulawesi Barat/2024-10-17,49028.61611099789
Cabai Rawit Merah/Sulawesi Barat/2024-10-18,48934.53200743796
Cabai Rawit Merah/Sulawesi Barat/2024-10-19,49028.970337491
Cabai Rawit Merah/Sulawesi Barat/2024-10-20,49063.49709442088
Cabai Rawit Merah/Sulawesi Barat/2024-10-21,48935.76658505562
Cabai Rawit Merah/Sulawesi Barat/2024-10-22,48945.61069378088
Cabai Rawit Merah/Sulawesi Barat/2024-10-23,49038.5187362926
Cabai Rawit Merah/Sulawesi Barat/2024-10-24,49002.69509043285
Cabai Rawit Merah/Sulawesi Barat/2024-10-25,49016.1369833387
Cabai Rawit Merah/Sulawesi Barat/2024-10-26,49006.0120173649
Cabai Rawit Merah/Sulawesi Barat/2024-10-27,49008.41787849639
Cabai Rawit Merah/Sulawesi Barat/2024-10-28,48925.97602760495
Cabai Rawit Merah/Sulawesi Barat/2024-10-29,49039.9426715433
Cabai Rawit Merah/Sulawesi Barat/2024-10-30,49045.81296797616
Cabai Rawit Merah/Sulawesi Barat/2024-10-31,48978.64720747508
Cabai Rawit Merah/Sulawesi Barat/2024-11-01,48987.57301638919
Cabai Rawit Merah/Sulawesi Barat/2024-11-02,48916.15117218539
Cabai Rawit Merah/Sulawesi Barat/2024-11-03,49014.35015739044
Cabai Rawit Merah/Sulawesi Barat/2024-11-04,49017.12509484446
Cabai Rawit Merah/Sulawesi Barat/2024-11-05,48986.67431269175
Cabai Rawit Merah/Sulawesi Barat/2024-11-06,49043.64092129604
Cabai Rawit Merah/Sulawesi Barat/2024-11-07,48973.6210346853
Cabai Rawit Merah/Sulawesi Barat/2024-11-08,49016.76752290972
Cabai Rawit Merah/Sulawesi Barat/2024-11-09,48940.70592480741
Cabai Rawit Merah/Sulawesi Barat/2024-11-10,48988.52966903602
Cabai Rawit Merah/Sulawesi Barat/2024-11-11,48981.28958877957
Cabai Rawit Merah/Sulawesi Barat/2024-11-12,49000.47734384211
Cabai Rawit Merah/Sulawesi Barat/2024-11-13,48971.91907797805
Cabai Rawit Merah/Sulawesi Barat/2024-11-14,48983.34807143581
Cabai Rawit Merah/Sulawesi Barat/2024-11-15,49029.319189974914
Cabai Rawit Merah/Sulawesi Barat/2024-11-16,48968.69101887204
Cabai Rawit Merah/Sulawesi Barat/2024-11-17,48912.52778753942
Cabai Rawit Merah/Sulawesi Barat/2024-11-18,49073.65860604544
Cabai Rawit Merah/Sulawesi Barat/2024-11-19,49055.9845553325
Cabai Rawit Merah/Sulawesi Barat/2024-11-20,48927.618206112886
Cabai Rawit Merah/Sulawesi Barat/2024-11-21,49022.7734727245
Cabai Rawit Merah/Sulawesi Barat/2024-11-22,48965.512345148745
Cabai Rawit Merah/Sulawesi Barat/2024-11-23,49002.31079684555
Cabai Rawit Merah/Sulawesi Barat/2024-11-24,49003.78622228343
Cabai Rawit Merah/Sulawesi Barat/2024-11-25,48978.406157386285
Cabai Rawit Merah/Sulawesi Barat/2024-11-26,48952.03140612427
Cabai Rawit Merah/Sulawesi Barat/2024-11-27,48956.50707433309
Cabai Rawit Merah/Sulawesi Barat/2024-11-28,48945.67348789122
Cabai Rawit Merah/Sulawesi Barat/2024-11-29,48949.72399211669
Cabai Rawit Merah/Sulawesi Barat/2024-11-30,48986.43474616423
Cabai Rawit Merah/Sulawesi Barat/2024-12-01,48955.295961467134
Cabai Rawit Merah/Sulawesi Barat/2024-12-02,49022.40561301012
Cabai Rawit Merah/Sulawesi Barat/2024-12-03,49061.06341453016
Cabai Rawit Merah/Sulawesi Barat/2024-12-04,48961.81155680135
Cabai Rawit Merah/Sulawesi Barat/2024-12-05,49001.15427030404
Cabai Rawit Merah/Sulawesi Barat/2024-12-06,49013.65053663352
Cabai Rawit Merah/Sulawesi Barat/2024-12-07,49012.321631430845
Cabai Rawit Merah/Sulawesi Barat/2024-12-08,48993.30715655294
Cabai Rawit Merah/Sulawesi Barat/2024-12-09,49025.31688041702
Cabai Rawit Merah/Sulawesi Barat/2024-12-10,49012.813490026696
Cabai Rawit Merah/Sulawesi Barat/2024-12-11,48930.23975191877
Cabai Rawit Merah/Sulawesi Barat/2024-12-12,49031.38906498794
Cabai Rawit Merah/Sulawesi Barat/2024-12-13,49032.25965244253
Cabai Rawit Merah/Sulawesi Barat/2024-12-14,48953.014693178746
Cabai Rawit Merah/Sulawesi Barat/2024-12-15,48991.48174284327
Cabai Rawit Merah/Sulawesi Barat/2024-12-16,49022.467240817445
Cabai Rawit Merah/Sulawesi Barat/2024-12-17,48979.61123528242
Cabai Rawit Merah/Sulawesi Barat/2024-12-18,49041.17454719314
Cabai Rawit Merah/Sulawesi Barat/2024-12-19,49103.15092665775
Cabai Rawit Merah/Sulawesi Barat/2024-12-20,48951.92494833779
Cabai Rawit Merah/Sulawesi Barat/2024-12-21,48923.35601312929
Cabai Rawit Merah/Sulawesi Barat/2024-12-22,49004.24705388618
Cabai Rawit Merah/Sulawesi Barat/2024-12-23,49024.30317170478
Cabai Rawit Merah/Sulawesi Barat/2024-12-24,48978.57643333497
Cabai Rawit Merah/Sulawesi Barat/2024-12-25,49059.43180869141
Cabai Rawit Merah/Sulawesi Barat/2024-12-26,48925.39314449925
Cabai Rawit Merah/Sulawesi Barat/2024-12-27,49022.92784022376
Cabai Rawit Merah/Sulawesi Barat/2024-12-28,48960.57279102693
Cabai Rawit Merah/Sulawesi Barat/2024-12-29,49072.208509152224
Cabai Rawit Merah/Sulawesi Barat/2024-12-30,49085.32202041161
Cabai Rawit Merah/Sulawesi Barat/2024-12-31,48952.852749474754
Cabai Rawit Merah/Sulawesi Selatan/2024-10-01,48963.27611844949
Cabai Rawit Merah/Sulawesi Selatan/2024-10-02,49030.9298353618
Cabai Rawit Merah/Sulawesi Selatan/2024-10-03,48971.074415823634
Cabai Rawit Merah/Sulawesi Selatan/2024-10-04,48987.48025857665
Cabai Rawit Merah/Sulawesi Selatan/2024-10-05,48990.8790964347
Cabai Rawit Merah/Sulawesi Selatan/2024-10-06,48897.49588041751
Cabai Rawit Merah/Sulawesi Selatan/2024-10-07,48988.99597276304
Cabai Rawit Merah/Sulawesi Selatan/2024-10-08,48956.54595923776
Cabai Rawit Merah/Sulawesi Selatan/2024-10-09,48965.985019889056
Cabai Rawit Merah/Sulawesi Selatan/2024-10-10,49058.969442765854
Cabai Rawit Merah/Sulawesi Selatan/2024-10-11,48929.33448337701
Cabai Rawit Merah/Sulawesi Selatan/2024-10-12,49028.70258657934
Cabai Rawit Merah/Sulawesi Selatan/2024-10-13,48976.26708035862
Cabai Rawit Merah/Sulawesi Selatan/2024-10-14,48976.22892977556
Cabai Rawit Merah/Sulawesi Selatan/2024-10-15,49027.60652838085
Cabai Rawit Merah/Sulawesi Selatan/2024-10-16,49005.98622725473
Cabai Rawit Merah/Sulawesi Selatan/2024-10-17,49017.05581792444
Cabai Rawit Merah/Sulawesi Selatan/2024-10-18,49036.14334938031
Cabai Rawit Merah/Sulawesi Selatan/2024-10-19,48973.75420088226
Cabai Rawit Merah/Sulawesi Selatan/2024-10-20,48960.26680559888
Cabai Rawit Merah/Sulawesi Selatan/2024-10-21,48937.56191993879
Cabai Rawit Merah/Sulawesi Selatan/2024-10-22,48950.032070206544
Cabai Rawit Merah/Sulawesi Selatan/2024-10-23,49131.24765380629
Cabai Rawit Merah/Sulawesi Selatan/2024-10-24,49049.41771469244
Cabai Rawit Merah/Sulawesi Selatan/2024-10-25,48924.79448697322
Cabai Rawit Merah/Sulawesi Selatan/2024-10-26,48926.1685710215
Cabai Rawit Merah/Sulawesi Selatan/2024-10-27,49012.79523244815
Cabai Rawit Merah/Sulawesi Selatan/2024-10-28,49015.93514600689
Cabai Rawit Merah/Sulawesi Selatan/2024-10-29,49016.01237599344
Cabai Rawit Merah/Sulawesi Selatan/2024-10-30,48977.41949546093
Cabai Rawit Merah/Sulawesi Selatan/2024-10-31,48983.63713976576
Cabai Rawit Merah/Sulawesi Selatan/2024-11-01,49005.40214098351
Cabai Rawit Merah/Sulawesi Selatan/2024-11-02,48993.78420051656
Cabai Rawit Merah/Sulawesi Selatan/2024-11-03,48883.1107080282
Cabai Rawit Merah/Sulawesi Selatan/2024-11-04,48978.62745144404
Cabai Rawit Merah/Sulawesi Selatan/2024-11-05,48948.78376207699
Cabai Rawit Merah/Sulawesi Selatan/2024-11-06,48998.07207979618
Cabai Rawit Merah/Sulawesi Selatan/2024-11-07,49132.98362816256
Cabai Rawit Merah/Sulawesi Selatan/2024-11-08,49007.30292190026
Cabai Rawit Merah/Sulawesi Selatan/2024-11-09,48974.60767508133
Cabai Rawit Merah/Sulawesi Selatan/2024-11-10,49033.91668669352
Cabai Rawit Merah/Sulawesi Selatan/2024-11-11,49012.83486753037
Cabai Rawit Merah/Sulawesi Selatan/2024-11-12,49009.82976481199
Cabai Rawit Merah/Sulawesi Selatan/2024-11-13,49018.79563776359
Cabai Rawit Merah/Sulawesi Selatan/2024-11-14,49088.39609869646
Cabai Rawit Merah/Sulawesi Selatan/2024-11-15,48935.36616445733
Cabai Rawit Merah/Sulawesi Selatan/2024-11-16,49012.39991495072
Cabai Rawit Merah/Sulawesi Selatan/2024-11-17,48945.18460294919
Cabai Rawit Merah/Sulawesi Selatan/2024-11-18,49016.33098604188
Cabai Rawit Merah/Sulawesi Selatan/2024-11-19,48945.55388212855
Cabai Rawit Merah/Sulawesi Selatan/2024-11-20,48969.62213735823
Cabai Rawit Merah/Sulawesi Selatan/2024-11-21,48975.49283414327
Cabai Rawit Merah/Sulawesi Selatan/2024-11-22,49036.509535613295
Cabai Rawit Merah/Sulawesi Selatan/2024-11-23,49033.75565303865
Cabai Rawit Merah/Sulawesi Selatan/2024-11-24,48929.85268995329
Cabai Rawit Merah/Sulawesi Selatan/2024-11-25,48992.29775993099
Cabai Rawit Merah/Sulawesi Selatan/2024-11-26,48955.59315553451
Cabai Rawit Merah/Sulawesi Selatan/2024-11-27,48929.2390048002
Cabai Rawit Merah/Sulawesi Selatan/2024-11-28,48979.24111337304
Cabai Rawit Merah/Sulawesi Selatan/2024-11-29,48974.84956765837
Cabai Rawit Merah/Sulawesi Selatan/2024-11-30,49106.16786382048
Cabai Rawit Merah/Sulawesi Selatan/2024-12-01,49010.44664865358
Cabai Rawit Merah/Sulawesi Selatan/2024-12-02,48923.52017434008
Cabai Rawit Merah/Sulawesi Selatan/2024-12-03,48962.54542423292
Cabai Rawit Merah/Sulawesi Selatan/2024-12-04,49038.69763766126
Cabai Rawit Merah/Sulawesi Selatan/2024-12-05,49089.92768414033
Cabai Rawit Merah/Sulawesi Selatan/2024-12-06,48913.51643349342
Cabai Rawit Merah/Sulawesi Selatan/2024-12-07,48899.404184000334
Cabai Rawit Merah/Sulawesi Selatan/2024-12-08,49079.48637483947
Cabai Rawit Merah/Sulawesi Selatan/2024-12-09,49008.36605078996
Cabai Rawit Merah/Sulawesi Selatan/2024-12-10,48947.97318604949
Cabai Rawit Merah/Sulawesi Selatan/2024-12-11,49015.32783779632
Cabai Rawit Merah/Sulawesi Selatan/2024-12-12,48863.11680209181
Cabai Rawit Merah/Sulawesi Selatan/2024-12-13,48989.82256799316
Cabai Rawit Merah/Sulawesi Selatan/2024-12-14,49005.39898180342
Cabai Rawit Merah/Sulawesi Selatan/2024-12-15,49034.03461693197
Cabai Rawit Merah/Sulawesi Selatan/2024-12-16,48940.98245639628
Cabai Rawit Merah/Sulawesi Selatan/2024-12-17,48993.77388855928
Cabai Rawit Merah/Sulawesi Selatan/2024-12-18,48945.23031052992
Cabai Rawit Merah/Sulawesi Selatan/2024-12-19,49001.921441876926
Cabai Rawit Merah/Sulawesi Selatan/2024-12-20,48946.67425887421
Cabai Rawit Merah/Sulawesi Selatan/2024-12-21,48970.066947504034
Cabai Rawit Merah/Sulawesi Selatan/2024-12-22,48941.8505840275
Cabai Rawit Merah/Sulawesi Selatan/2024-12-23,49020.92141915594
Cabai Rawit Merah/Sulawesi Selatan/2024-12-24,49030.87477557969
Cabai Rawit Merah/Sulawesi Selatan/2024-12-25,48978.39583490374
Cabai Rawit Merah/Sulawesi Selatan/2024-12-26,48991.496046331216
Cabai Rawit Merah/Sulawesi Selatan/2024-12-27,48920.11277269944
Cabai Rawit Merah/Sulawesi Selatan/2024-12-28,48975.27283751607
Cabai Rawit Merah/Sulawesi Selatan/2024-12-29,48987.24994637253
Cabai Rawit Merah/Sulawesi Selatan/2024-12-30,49115.485608882416
Cabai Rawit Merah/Sulawesi Selatan/2024-12-31,48936.274071577165
Cabai Rawit Merah/Sulawesi Tengah/2024-10-01,49059.95602593643
Cabai Rawit Merah/Sulawesi Tengah/2024-10-02,49037.52016802873
Cabai Rawit Merah/Sulawesi Tengah/2024-10-03,49003.13415538763
Cabai Rawit Merah/Sulawesi Tengah/2024-10-04,49074.09297518472
Cabai Rawit Merah/Sulawesi Tengah/2024-10-05,49007.52546750478
Cabai Rawit Merah/Sulawesi Tengah/2024-10-06,49008.3445288392
Cabai Rawit Merah/Sulawesi Tengah/2024-10-07,48987.11037535759
Cabai Rawit Merah/Sulawesi Tengah/2024-10-08,49048.40477032793
Cabai Rawit Merah/Sulawesi Tengah/2024-10-09,49042.30269204575
Cabai Rawit Merah/Sulawesi Tengah/2024-10-10,48959.62144677197
Cabai Rawit Merah/Sulawesi Tengah/2024-10-11,48926.3228643082
Cabai Rawit Merah/Sulawesi Tengah/2024-10-12,48979.91531223024
Cabai Rawit Merah/Sulawesi Tengah/2024-10-13,48951.25024389199
Cabai Rawit Merah/Sulawesi Tengah/2024-10-14,48986.61035950305
Cabai Rawit Merah/Sulawesi Tengah/2024-10-15,49049.06994214159
Cabai Rawit Merah/Sulawesi Tengah/2024-10-16,48967.70475736432
Cabai Rawit Merah/Sulawesi Tengah/2024-10-17,48987.60425143876
Cabai Rawit Merah/Sulawesi Tengah/2024-10-18,48992.44599256034
Cabai Rawit Merah/Sulawesi Tengah/2024-10-19,49030.39398556419
Cabai Rawit Merah/Sulawesi Tengah/2024-10-20,48881.78622053314
Cabai Rawit Merah/Sulawesi Tengah/2024-10-21,48960.53227286056
Cabai Rawit Merah/Sulawesi Tengah/2024-10-22,48999.80406972992
Cabai Rawit Merah/Sulawesi Tengah/2024-10-23,49047.27650711813
Cabai Rawit Merah/Sulawesi Tengah/2024-10-24,48966.04362854836
Cabai Rawit Merah/Sulawesi Tengah/2024-10-25,48899.565809509295
Cabai Rawit Merah/Sulawesi Tengah/2024-10-26,49019.41293239994
Cabai Rawit Merah/Sulawesi Tengah/2024-10-27,48959.15628163801
Cabai Rawit Merah/Sulawesi Tengah/2024-10-28,48932.54378286072
Cabai Rawit Merah/Sulawesi Tengah/2024-10-29,48959.68485525364
Cabai Rawit Merah/Sulawesi Tengah/2024-10-30,48980.80082235274
Cabai Rawit Merah/Sulawesi Tengah/2024-10-31,48960.626056278015
Cabai Rawit Merah/Sulawesi Tengah/2024-11-01,48883.76968763597
Cabai Rawit Merah/Sulawesi Tengah/2024-11-02,49032.72852493429
Cabai Rawit Merah/Sulawesi Tengah/2024-11-03,49050.86735933329
Cabai Rawit Merah/Sulawesi Tengah/2024-11-04,49020.93993917207
Cabai Rawit Merah/Sulawesi Tengah/2024-11-05,48935.03930732203
Cabai Rawit Merah/Sulawesi Tengah/2024-11-06,48979.98655439472
Cabai Rawit Merah/Sulawesi Tengah/2024-11-07,48989.34750633772
Cabai Rawit Merah/Sulawesi Tengah/2024-11-08,49018.40883774265
Cabai Rawit Merah/Sulawesi Tengah/2024-11-09,49021.7475641282
Cabai Rawit Merah/Sulawesi Tengah/2024-11-10,48954.41213829234
Cabai Rawit Merah/Sulawesi Tengah/2024-11-11,48993.59701056914
Cabai Rawit Merah/Sulawesi Tengah/2024-11-12,49011.614666721085
Cabai Rawit Merah/Sulawesi Tengah/2024-11-13,49059.55513495996
Cabai Rawit Merah/Sulawesi Tengah/2024-11-14,49023.48405637524
Cabai Rawit Merah/Sulawesi Tengah/2024-11-15,49027.54334882164
Cabai Rawit Merah/Sulawesi Tengah/2024-11-16,48993.68515368472
Cabai Rawit Merah/Sulawesi Tengah/2024-11-17,49057.377513612446
Cabai Rawit Merah/Sulawesi Tengah/2024-11-18,49009.33364586191
Cabai Rawit Merah/Sulawesi Tengah/2024-11-19,48948.319379100976
Cabai Rawit Merah/Sulawesi Tengah/2024-11-20,49057.037033777575
Cabai Rawit Merah/Sulawesi Tengah/2024-11-21,49023.16720925258
Cabai Rawit Merah/Sulawesi Tengah/2024-11-22,48968.38982753677
Cabai Rawit Merah/Sulawesi Tengah/2024-11-23,48966.63975335953
Cabai Rawit Merah/Sulawesi Tengah/2024-11-24,49003.899150650905
Cabai Rawit Merah/Sulawesi Tengah/2024-11-25,49011.89824661179
Cabai Rawit Merah/Sulawesi Tengah/2024-11-26,48999.13242416652
Cabai Rawit Merah/Sulawesi Tengah/2024-11-27,49004.60631623391
Cabai Rawit Merah/Sulawesi Tengah/2024-11-28,49071.276102387215
Cabai Rawit Merah/Sulawesi Tengah/2024-11-29,49041.10578237925
Cabai Rawit Merah/Sulawesi Tengah/2024-11-30,48998.81308448593
Cabai Rawit Merah/Sulawesi Tengah/2024-12-01,49034.85339830528
Cabai Rawit Merah/Sulawesi Tengah/2024-12-02,48940.08878143094
Cabai Rawit Merah/Sulawesi Tengah/2024-12-03,49008.76542400099
Cabai Rawit Merah/Sulawesi Tengah/2024-12-04,49076.52617709171
Cabai Rawit Merah/Sulawesi Tengah/2024-12-05,48979.19193266459
Cabai Rawit Merah/Sulawesi Tengah/2024-12-06,48948.96516801615
Cabai Rawit Merah/Sulawesi Tengah/2024-12-07,48958.35328815409
Cabai Rawit Merah/Sulawesi Tengah/2024-12-08,48937.346730367964
Cabai Rawit Merah/Sulawesi Tengah/2024-12-09,48951.98357605017
Cabai Rawit Merah/Sulawesi Tengah/2024-12-10,48971.87172116132
Cabai Rawit Merah/Sulawesi Tengah/2024-12-11,48922.17798284799
Cabai Rawit Merah/Sulawesi Tengah/2024-12-12,48990.409761691706
Cabai Rawit Merah/Sulawesi Tengah/2024-12-13,49032.97867062144
Cabai Rawit Merah/Sulawesi Tengah/2024-12-14,48946.078205357066
Cabai Rawit Merah/Sulawesi Tengah/2024-12-15,49062.6016344324
Cabai Rawit Merah/Sulawesi Tengah/2024-12-16,49014.18355538581
Cabai Rawit Merah/Sulawesi Tengah/2024-12-17,49039.13909658794
Cabai Rawit Merah/Sulawesi Tengah/2024-12-18,48958.07757913847
Cabai Rawit Merah/Sulawesi Tengah/2024-12-19,49030.68664947544
Cabai Rawit Merah/Sulawesi Tengah/2024-12-20,48937.23642581566
Cabai Rawit Merah/Sulawesi Tengah/2024-12-21,49032.401674795656
Cabai Rawit Merah/Sulawesi Tengah/2024-12-22,48997.91048873805
Cabai Rawit Merah/Sulawesi Tengah/2024-12-23,49016.22212773156
Cabai Rawit Merah/Sulawesi Tengah/2024-12-24,48933.21954974974
Cabai Rawit Merah/Sulawesi Tengah/2024-12-25,48946.6875685841
Cabai Rawit Merah/Sulawesi Tengah/2024-12-26,49018.333609349145
Cabai Rawit Merah/Sulawesi Tengah/2024-12-27,48944.129587369
Cabai Rawit Merah/Sulawesi Tengah/2024-12-28,49011.898885208335
Cabai Rawit Merah/Sulawesi Tengah/2024-12-29,48924.02311266571
Cabai Rawit Merah/Sulawesi Tengah/2024-12-30,49030.38139445921
Cabai Rawit Merah/Sulawesi Tengah/2024-12-31,48930.48621461617
Cabai Rawit Merah/Sulawesi Tenggara/2024-10-01,49016.17629525194
Cabai Rawit Merah/Sulawesi Tenggara/2024-10-02,49019.69704036781
Cabai Rawit Merah/Sulawesi Tenggara/2024-10-03,48956.207789232045
Cabai Rawit Merah/Sulawesi Tenggara/2024-10-04,49017.6037172536
Cabai Rawit Merah/Sulawesi Tenggara/2024-10-05,49002.16419590279
Cabai Rawit Merah/Sulawesi Tenggara/2024-10-06,48963.79038522759
Cabai Rawit Merah/Sulawesi Tenggara/2024-10-07,48941.23917936628
Cabai Rawit Merah/Sulawesi Tenggara/2024-10-08,48895.43367316813
Cabai Rawit Merah/Sulawesi Tenggara/2024-10-09,49006.44710366941
Cabai Rawit Merah/Sulawesi Tenggara/2024-10-10,48914.53312450853
Cabai Rawit Merah/Sulawesi Tenggara/2024-10-11,48994.23738442609
Cabai Rawit Merah/Sulawesi Tenggara/2024-10-12,48977.01155562792
Cabai Rawit Merah/Sulawesi Tenggara/2024-10-13,49022.26586507124
Cabai Rawit Merah/Sulawesi Tenggara/2024-10-14,48975.15880378953
Cabai Rawit Merah/Sulawesi Tenggara/2024-10-15,48973.84315342239
Cabai Rawit Merah/Sulawesi Tenggara/2024-10-16,49024.79776915651
Cabai Rawit Merah/Sulawesi Tenggara/2024-10-17,49005.74662342172
Cabai Rawit Merah/Sulawesi Tenggara/2024-10-18,49004.83917969394
Cabai Rawit Merah/Sulawesi Tenggara/2024-10-19,49012.19008770729
Cabai Rawit Merah/Sulawesi Tenggara/2024-10-20,48915.93687729888
Cabai Rawit Merah/Sulawesi Tenggara/2024-10-21,49025.99425388542
Cabai Rawit Merah/Sulawesi Tenggara/2024-10-22,49019.06528080621
Cabai Rawit Merah/Sulawesi Tenggara/2024-10-23,48940.84887525765
Cabai Rawit Merah/Sulawesi Tenggara/2024-10-24,48977.94183931922
Cabai Rawit Merah/Sulawesi Tenggara/2024-10-25,48987.77302498365
Cabai Rawit Merah/Sulawesi Tenggara/2024-10-26,48983.2031112179
Cabai Rawit Merah/Sulawesi Tenggara/2024-10-27,49005.68899656373
Cabai Rawit Merah/Sulawesi Tenggara/2024-10-28,49058.38070888946
Cabai Rawit Merah/Sulawesi Tenggara/2024-10-29,49041.59642431785
Cabai Rawit Merah/Sulawesi Tenggara/2024-10-30,48926.660174645935
Cabai Rawit Merah/Sulawesi Tenggara/2024-10-31,49019.526399734495
Cabai Rawit Merah/Sulawesi Tenggara/2024-11-01,49053.46331297373
Cabai Rawit Merah/Sulawesi Tenggara/2024-11-02,49008.23145720167
Cabai Rawit Merah/Sulawesi Tenggara/2024-11-03,49042.03893924705
Cabai Rawit Merah/Sulawesi Tenggara/2024-11-04,49086.27045383266
Cabai Rawit Merah/Sulawesi Tenggara/2024-11-05,49038.80951879127
Cabai Rawit Merah/Sulawesi Tenggara/2024-11-06,49001.63025348248
Cabai Rawit Merah/Sulawesi Tenggara/2024-11-07,49039.836002744094
Cabai Rawit Merah/Sulawesi Tenggara/2024-11-08,48996.61703498308
Cabai Rawit Merah/Sulawesi Tenggara/2024-11-09,48990.80844452816
Cabai Rawit Merah/Sulawesi Tenggara/2024-11-10,48972.78905250541
Cabai Rawit Merah/Sulawesi Tenggara/2024-11-11,49064.72070289788
Cabai Rawit Merah/Sulawesi Tenggara/2024-11-12,48950.36734433184
Cabai Rawit Merah/Sulawesi Tenggara/2024-11-13,49063.230062168135
Cabai Rawit Merah/Sulawesi Tenggara/2024-11-14,49013.65913115304
Cabai Rawit Merah/Sulawesi Tenggara/2024-11-15,48922.4791412677
Cabai Rawit Merah/Sulawesi Tenggara/2024-11-16,49007.31161364698
Cabai Rawit Merah/Sulawesi Tenggara/2024-11-17,48888.83710252498
Cabai Rawit Merah/Sulawesi Tenggara/2024-11-18,49019.691353697104
Cabai Rawit Merah/Sulawesi Tenggara/2024-11-19,49032.160477822734
Cabai Rawit Merah/Sulawesi Tenggara/2024-11-20,48961.22070095013
Cabai Rawit Merah/Sulawesi Tenggara/2024-11-21,48995.591769526014
Cabai Rawit Merah/Sulawesi Tenggara/2024-11-22,49083.48017033651
Cabai Rawit Merah/Sulawesi Tenggara/2024-11-23,48965.379352730895
Cabai Rawit Merah/Sulawesi Tenggara/2024-11-24,48938.82183795159
Cabai Rawit Merah/Sulawesi Tenggara/2024-11-25,49060.79575952381
Cabai Rawit Merah/Sulawesi Tenggara/2024-11-26,49083.885244639765
Cabai Rawit Merah/Sulawesi Tenggara/2024-11-27,48989.83799293367
Cabai Rawit Merah/Sulawesi Tenggara/2024-11-28,49038.22120033293
Cabai Rawit Merah/Sulawesi Tenggara/2024-11-29,49054.065506806175
Cabai Rawit Merah/Sulawesi Tenggara/2024-11-30,48954.01388374651
Cabai Rawit Merah/Sulawesi Tenggara/2024-12-01,48966.36101464838
Cabai Rawit Merah/Sulawesi Tenggara/2024-12-02,49048.75539190686
Cabai Rawit Merah/Sulawesi Tenggara/2024-12-03,49070.55887404768
Cabai Rawit Merah/Sulawesi Tenggara/2024-12-04,49016.68464803535
Cabai Rawit Merah/Sulawesi Tenggara/2024-12-05,48947.42009910437
Cabai Rawit Merah/Sulawesi Tenggara/2024-12-06,49085.06033856016
Cabai Rawit Merah/Sulawesi Tenggara/2024-12-07,48964.16861347093
Cabai Rawit Merah/Sulawesi Tenggara/2024-12-08,48973.57052853237
Cabai Rawit Merah/Sulawesi Tenggara/2024-12-09,49006.096237623184
Cabai Rawit Merah/Sulawesi Tenggara/2024-12-10,49064.276357664654
Cabai Rawit Merah/Sulawesi Tenggara/2024-12-11,49030.66033335517
Cabai Rawit Merah/Sulawesi Tenggara/2024-12-12,49009.57823562954
Cabai Rawit Merah/Sulawesi Tenggara/2024-12-13,49011.90324485616
Cabai Rawit Merah/Sulawesi Tenggara/2024-12-14,48991.74986482548
Cabai Rawit Merah/Sulawesi Tenggara/2024-12-15,49016.45726418915
Cabai Rawit Merah/Sulawesi Tenggara/2024-12-16,48868.21517216986
Cabai Rawit Merah/Sulawesi Tenggara/2024-12-17,48975.42013706807
Cabai Rawit Merah/Sulawesi Tenggara/2024-12-18,49001.24623780622
Cabai Rawit Merah/Sulawesi Tenggara/2024-12-19,48934.39936815008
Cabai Rawit Merah/Sulawesi Tenggara/2024-12-20,49008.20755428275
Cabai Rawit Merah/Sulawesi Tenggara/2024-12-21,48979.8431047387
Cabai Rawit Merah/Sulawesi Tenggara/2024-12-22,49073.94140231727
Cabai Rawit Merah/Sulawesi Tenggara/2024-12-23,49065.18165868287
Cabai Rawit Merah/Sulawesi Tenggara/2024-12-24,48967.29676660708
Cabai Rawit Merah/Sulawesi Tenggara/2024-12-25,48982.418825994646
Cabai Rawit Merah/Sulawesi Tenggara/2024-12-26,48986.11041180904
Cabai Rawit Merah/Sulawesi Tenggara/2024-12-27,48967.97632067589
Cabai Rawit Merah/Sulawesi Tenggara/2024-12-28,48999.02367821958
Cabai Rawit Merah/Sulawesi Tenggara/2024-12-29,48953.25470676347
Cabai Rawit Merah/Sulawesi Tenggara/2024-12-30,48935.37884688867
Cabai Rawit Merah/Sulawesi Tenggara/2024-12-31,49019.556827955785
Cabai Rawit Merah/Sulawesi Utara/2024-10-01,49019.884126993566
Cabai Rawit Merah/Sulawesi Utara/2024-10-02,48951.0445717956
Cabai Rawit Merah/Sulawesi Utara/2024-10-03,49032.64656909903
Cabai Rawit Merah/Sulawesi Utara/2024-10-04,48959.33791339146
Cabai Rawit Merah/Sulawesi Utara/2024-10-05,49001.81501922572
Cabai Rawit Merah/Sulawesi Utara/2024-10-06,49029.04545017187
Cabai Rawit Merah/Sulawesi Utara/2024-10-07,48988.04652074257
Cabai Rawit Merah/Sulawesi Utara/2024-10-08,49011.49276237542
Cabai Rawit Merah/Sulawesi Utara/2024-10-09,48964.86631668048
Cabai Rawit Merah/Sulawesi Utara/2024-10-10,48980.22800137648
Cabai Rawit Merah/Sulawesi Utara/2024-10-11,48979.77701057131
Cabai Rawit Merah/Sulawesi Utara/2024-10-12,48953.81671530304
Cabai Rawit Merah/Sulawesi Utara/2024-10-13,48981.173229136446
Cabai Rawit Merah/Sulawesi Utara/2024-10-14,48915.31023809008
Cabai Rawit Merah/Sulawesi Utara/2024-10-15,48966.07959189112
Cabai Rawit Merah/Sulawesi Utara/2024-10-16,48975.98303656666
Cabai Rawit Merah/Sulawesi Utara/2024-10-17,48977.360643188615
Cabai Rawit Merah/Sulawesi Utara/2024-10-18,48978.06558342246
Cabai Rawit Merah/Sulawesi Utara/2024-10-19,48986.69462553089
Cabai Rawit Merah/Sulawesi Utara/2024-10-20,49012.67836394761
Cabai Rawit Merah/Sulawesi Utara/2024-10-21,49031.64618131382
Cabai Rawit Merah/Sulawesi Utara/2024-10-22,48958.464740938216
Cabai Rawit Merah/Sulawesi Utara/2024-10-23,48931.89410702727
Cabai Rawit Merah/Sulawesi Utara/2024-10-24,48939.63133961302
Cabai Rawit Merah/Sulawesi Utara/2024-10-25,48966.26946964576
Cabai Rawit Merah/Sulawesi Utara/2024-10-26,48972.76422435164
Cabai Rawit Merah/Sulawesi Utara/2024-10-27,48952.69202606517
Cabai Rawit Merah/Sulawesi Utara/2024-10-28,48927.4327281049
Cabai Rawit Merah/Sulawesi Utara/2024-10-29,48967.76139579884
Cabai Rawit Merah/Sulawesi Utara/2024-10-30,48998.37038510984
Cabai Rawit Merah/Sulawesi Utara/2024-10-31,49018.22763484716
Cabai Rawit Merah/Sulawesi Utara/2024-11-01,48962.89784607092
Cabai Rawit Merah/Sulawesi Utara/2024-11-02,48969.83187681284
Cabai Rawit Merah/Sulawesi Utara/2024-11-03,48945.16905310701
Cabai Rawit Merah/Sulawesi Utara/2024-11-04,48988.15088431428
Cabai Rawit Merah/Sulawesi Utara/2024-11-05,48948.92674554756
Cabai Rawit Merah/Sulawesi Utara/2024-11-06,49017.17617983611
Cabai Rawit Merah/Sulawesi Utara/2024-11-07,48903.91978683051
Cabai Rawit Merah/Sulawesi Utara/2024-11-08,48972.39408895546
Cabai Rawit Merah/Sulawesi Utara/2024-11-09,49004.11642016987
Cabai Rawit Merah/Sulawesi Utara/2024-11-10,48998.48602511264
Cabai Rawit Merah/Sulawesi Utara/2024-11-11,49118.9539486193
Cabai Rawit Merah/Sulawesi Utara/2024-11-12,49006.45417895171
Cabai Rawit Merah/Sulawesi Utara/2024-11-13,48941.45535587309
Cabai Rawit Merah/Sulawesi Utara/2024-11-14,48985.07738578678
Cabai Rawit Merah/Sulawesi Utara/2024-11-15,48904.38224538884
Cabai Rawit Merah/Sulawesi Utara/2024-11-16,48985.79094790742
Cabai Rawit Merah/Sulawesi Utara/2024-11-17,48949.66468291432
Cabai Rawit Merah/Sulawesi Utara/2024-11-18,49033.60825470527
Cabai Rawit Merah/Sulawesi Utara/2024-11-19,48963.27631986907
Cabai Rawit Merah/Sulawesi Utara/2024-11-20,48984.05402087331
Cabai Rawit Merah/Sulawesi Utara/2024-11-21,48959.14679055579
Cabai Rawit Merah/Sulawesi Utara/2024-11-22,49073.1432953764
Cabai Rawit Merah/Sulawesi Utara/2024-11-23,48974.2373307061
Cabai Rawit Merah/Sulawesi Utara/2024-11-24,49077.64218558095
Cabai Rawit Merah/Sulawesi Utara/2024-11-25,49028.74822884738
Cabai Rawit Merah/Sulawesi Utara/2024-11-26,49012.80481284314
Cabai Rawit Merah/Sulawesi Utara/2024-11-27,49007.36384674242
Cabai Rawit Merah/Sulawesi Utara/2024-11-28,49008.5670274763
Cabai Rawit Merah/Sulawesi Utara/2024-11-29,48897.11228935838
Cabai Rawit Merah/Sulawesi Utara/2024-11-30,48976.27118509288
Cabai Rawit Merah/Sulawesi Utara/2024-12-01,49030.23676213653
Cabai Rawit Merah/Sulawesi Utara/2024-12-02,48987.31262744805
Cabai Rawit Merah/Sulawesi Utara/2024-12-03,48922.19628780977
Cabai Rawit Merah/Sulawesi Utara/2024-12-04,48987.14408093322
Cabai Rawit Merah/Sulawesi Utara/2024-12-05,49071.47518508376
Cabai Rawit Merah/Sulawesi Utara/2024-12-06,49049.52417072115
Cabai Rawit Merah/Sulawesi Utara/2024-12-07,48986.68339832816
Cabai Rawit Merah/Sulawesi Utara/2024-12-08,49035.33989361482
Cabai Rawit Merah/Sulawesi Utara/2024-12-09,48972.0645123396
Cabai Rawit Merah/Sulawesi Utara/2024-12-10,48907.85709840898
Cabai Rawit Merah/Sulawesi Utara/2024-12-11,48945.27646038596
Cabai Rawit Merah/Sulawesi Utara/2024-12-12,49064.69528456027
Cabai Rawit Merah/Sulawesi Utara/2024-12-13,48976.50564935775
Cabai Rawit Merah/Sulawesi Utara/2024-12-14,48977.975027944776
Cabai Rawit Merah/Sulawesi Utara/2024-12-15,48975.26470591637
Cabai Rawit Merah/Sulawesi Utara/2024-12-16,49081.07884276268
Cabai Rawit Merah/Sulawesi Utara/2024-12-17,49067.72356244025
Cabai Rawit Merah/Sulawesi Utara/2024-12-18,49096.18505033408
Cabai Rawit Merah/Sulawesi Utara/2024-12-19,48982.02476222081
Cabai Rawit Merah/Sulawesi Utara/2024-12-20,49003.85391923212
Cabai Rawit Merah/Sulawesi Utara/2024-12-21,48916.8463389316
Cabai Rawit Merah/Sulawesi Utara/2024-12-22,49060.56913050174
Cabai Rawit Merah/Sulawesi Utara/2024-12-23,48933.59493304689
Cabai Rawit Merah/Sulawesi Utara/2024-12-24,49000.06771918375
Cabai Rawit Merah/Sulawesi Utara/2024-12-25,48936.978210473215
Cabai Rawit Merah/Sulawesi Utara/2024-12-26,48961.38837664192
Cabai Rawit Merah/Sulawesi Utara/2024-12-27,48949.46292965131
Cabai Rawit Merah/Sulawesi Utara/2024-12-28,48960.47561179912
Cabai Rawit Merah/Sulawesi Utara/2024-12-29,48963.776508156334
Cabai Rawit Merah/Sulawesi Utara/2024-12-30,48963.33727478104
Cabai Rawit Merah/Sulawesi Utara/2024-12-31,49029.66874364932
Cabai Rawit Merah/Sumatera Barat/2024-10-01,48936.61504182729
Cabai Rawit Merah/Sumatera Barat/2024-10-02,49000.24841274216
Cabai Rawit Merah/Sumatera Barat/2024-10-03,49048.13496163746
Cabai Rawit Merah/Sumatera Barat/2024-10-04,48965.02145852114
Cabai Rawit Merah/Sumatera Barat/2024-10-05,48955.19274082877
Cabai Rawit Merah/Sumatera Barat/2024-10-06,48978.59266199653
Cabai Rawit Merah/Sumatera Barat/2024-10-07,49046.29956447151
Cabai Rawit Merah/Sumatera Barat/2024-10-08,48998.97954623949
Cabai Rawit Merah/Sumatera Barat/2024-10-09,48964.156337661305
Cabai Rawit Merah/Sumatera Barat/2024-10-10,49012.8914398612
Cabai Rawit Merah/Sumatera Barat/2024-10-11,48936.73885309702
Cabai Rawit Merah/Sumatera Barat/2024-10-12,49022.37282812277
Cabai Rawit Merah/Sumatera Barat/2024-10-13,49009.27768742293
Cabai Rawit Merah/Sumatera Barat/2024-10-14,48974.88219234479
Cabai Rawit Merah/Sumatera Barat/2024-10-15,48949.39941204393
Cabai Rawit Merah/Sumatera Barat/2024-10-16,48947.090270932174
Cabai Rawit Merah/Sumatera Barat/2024-10-17,49015.3371798283
Cabai Rawit Merah/Sumatera Barat/2024-10-18,49048.66411974125
Cabai Rawit Merah/Sumatera Barat/2024-10-19,48959.06266944997
Cabai Rawit Merah/Sumatera Barat/2024-10-20,49011.66754814577
Cabai Rawit Merah/Sumatera Barat/2024-10-21,48889.46119623777
Cabai Rawit Merah/Sumatera Barat/2024-10-22,48961.592681798094
Cabai Rawit Merah/Sumatera Barat/2024-10-23,48988.16913969611
Cabai Rawit Merah/Sumatera Barat/2024-10-24,48945.98567780799
Cabai Rawit Merah/Sumatera Barat/2024-10-25,48944.69789495754
Cabai Rawit Merah/Sumatera Barat/2024-10-26,48957.59943523293
Cabai Rawit Merah/Sumatera Barat/2024-10-27,49003.68835395812
Cabai Rawit Merah/Sumatera Barat/2024-10-28,48980.66627093416
Cabai Rawit Merah/Sumatera Barat/2024-10-29,48882.201452895446
Cabai Rawit Merah/Sumatera Barat/2024-10-30,48887.84422914712
Cabai Rawit Merah/Sumatera Barat/2024-10-31,48960.524142122056
Cabai Rawit Merah/Sumatera Barat/2024-11-01,49011.63368478049
Cabai Rawit Merah/Sumatera Barat/2024-11-02,48857.75071852373
Cabai Rawit Merah/Sumatera Barat/2024-11-03,48965.66731481734
Cabai Rawit Merah/Sumatera Barat/2024-11-04,48964.39438521904
Cabai Rawit Merah/Sumatera Barat/2024-11-05,49056.31470517119
Cabai Rawit Merah/Sumatera Barat/2024-11-06,48971.17485729569
Cabai Rawit Merah/Sumatera Barat/2024-11-07,49008.04736406824
Cabai Rawit Merah/Sumatera Barat/2024-11-08,48996.44211559994
Cabai Rawit Merah/Sumatera Barat/2024-11-09,48887.37091771913
Cabai Rawit Merah/Sumatera Barat/2024-11-10,49026.5424274426
Cabai Rawit Merah/Sumatera Barat/2024-11-11,49000.001474173696
Cabai Rawit Merah/Sumatera Barat/2024-11-12,49014.06242130196
Cabai Rawit Merah/Sumatera Barat/2024-11-13,49178.160673996215
Cabai Rawit Merah/Sumatera Barat/2024-11-14,48889.60101312294
Cabai Rawit Merah/Sumatera Barat/2024-11-15,49072.46420435844
Cabai Rawit Merah/Sumatera Barat/2024-11-16,48975.86026779608
Cabai Rawit Merah/Sumatera Barat/2024-11-17,49003.455608546086
Cabai Rawit Merah/Sumatera Barat/2024-11-18,48987.47573014033
Cabai Rawit Merah/Sumatera Barat/2024-11-19,48969.29245367129
Cabai Rawit Merah/Sumatera Barat/2024-11-20,48962.30257867391
Cabai Rawit Merah/Sumatera Barat/2024-11-21,49005.48012768277
Cabai Rawit Merah/Sumatera Barat/2024-11-22,48916.820033463424
Cabai Rawit Merah/Sumatera Barat/2024-11-23,49025.695810329096
Cabai Rawit Merah/Sumatera Barat/2024-11-24,48969.67842525362
Cabai Rawit Merah/Sumatera Barat/2024-11-25,48935.40497098264
Cabai Rawit Merah/Sumatera Barat/2024-11-26,48968.05483903143
Cabai Rawit Merah/Sumatera Barat/2024-11-27,49050.01638780184
Cabai Rawit Merah/Sumatera Barat/2024-11-28,48963.95855013084
Cabai Rawit Merah/Sumatera Barat/2024-11-29,49006.86964206232
Cabai Rawit Merah/Sumatera Barat/2024-11-30,48954.56663097684
Cabai Rawit Merah/Sumatera Barat/2024-12-01,49026.04855059657
Cabai Rawit Merah/Sumatera Barat/2024-12-02,49022.57196863617
Cabai Rawit Merah/Sumatera Barat/2024-12-03,49078.41283957795
Cabai Rawit Merah/Sumatera Barat/2024-12-04,48981.23151110774
Cabai Rawit Merah/Sumatera Barat/2024-12-05,49021.76292286888
Cabai Rawit Merah/Sumatera Barat/2024-12-06,48994.36897387697
Cabai Rawit Merah/Sumatera Barat/2024-12-07,49051.87610238917
Cabai Rawit Merah/Sumatera Barat/2024-12-08,48955.14918746379
Cabai Rawit Merah/Sumatera Barat/2024-12-09,49025.428493104446
Cabai Rawit Merah/Sumatera Barat/2024-12-10,48980.31301723564
Cabai Rawit Merah/Sumatera Barat/2024-12-11,48986.5787679139
Cabai Rawit Merah/Sumatera Barat/2024-12-12,48994.065534710615
Cabai Rawit Merah/Sumatera Barat/2024-12-13,49001.77045617629
Cabai Rawit Merah/Sumatera Barat/2024-12-14,48984.080171974645
Cabai Rawit Merah/Sumatera Barat/2024-12-15,48999.96877486036
Cabai Rawit Merah/Sumatera Barat/2024-12-16,49065.42652144902
Cabai Rawit Merah/Sumatera Barat/2024-12-17,49036.97228714497
Cabai Rawit Merah/Sumatera Barat/2024-12-18,49031.38899432169
Cabai Rawit Merah/Sumatera Barat/2024-12-19,48967.78991245554
Cabai Rawit Merah/Sumatera Barat/2024-12-20,48946.967833658506
Cabai Rawit Merah/Sumatera Barat/2024-12-21,49035.5251352606
Cabai Rawit Merah/Sumatera Barat/2024-12-22,49031.71989209471
Cabai Rawit Merah/Sumatera Barat/2024-12-23,49060.36396081874
Cabai Rawit Merah/Sumatera Barat/2024-12-24,48960.66291698288
Cabai Rawit Merah/Sumatera Barat/2024-12-25,48978.63975127655
Cabai Rawit Merah/Sumatera Barat/2024-12-26,48910.94826169438
Cabai Rawit Merah/Sumatera Barat/2024-12-27,48970.817785491374
Cabai Rawit Merah/Sumatera Barat/2024-12-28,49037.50611376811
Cabai Rawit Merah/Sumatera Barat/2024-12-29,48967.26334444847
Cabai Rawit Merah/Sumatera Barat/2024-12-30,49020.40978024413
Cabai Rawit Merah/Sumatera Barat/2024-12-31,48980.513970918895
Cabai Rawit Merah/Sumatera Selatan/2024-10-01,49005.2184959543
Cabai Rawit Merah/Sumatera Selatan/2024-10-02,48934.55923206673
Cabai Rawit Merah/Sumatera Selatan/2024-10-03,48993.75123955671
Cabai Rawit Merah/Sumatera Selatan/2024-10-04,48846.05448129633
Cabai Rawit Merah/Sumatera Selatan/2024-10-05,48980.68716007034
Cabai Rawit Merah/Sumatera Selatan/2024-10-06,48911.3802183989
Cabai Rawit Merah/Sumatera Selatan/2024-10-07,49047.56015824259
Cabai Rawit Merah/Sumatera Selatan/2024-10-08,49026.98352221587
Cabai Rawit Merah/Sumatera Selatan/2024-10-09,49012.064886781736
Cabai Rawit Merah/Sumatera Selatan/2024-10-10,49062.68446611865
Cabai Rawit Merah/Sumatera Selatan/2024-10-11,48944.102453586616
Cabai Rawit Merah/Sumatera Selatan/2024-10-12,49073.55243602183
Cabai Rawit Merah/Sumatera Selatan/2024-10-13,49034.41559002347
Cabai Rawit Merah/Sumatera Selatan/2024-10-14,48978.30350265998
Cabai Rawit Merah/Sumatera Selatan/2024-10-15,49044.182310084456
Cabai Rawit Merah/Sumatera Selatan/2024-10-16,48936.54685310504
Cabai Rawit Merah/Sumatera Selatan/2024-10-17,48950.075391443206
Cabai Rawit Merah/Sumatera Selatan/2024-10-18,48960.44173936165
Cabai Rawit Merah/Sumatera Selatan/2024-10-19,48964.26377089162
Cabai Rawit Merah/Sumatera Selatan/2024-10-20,48938.93435583517
Cabai Rawit Merah/Sumatera Selatan/2024-10-21,49048.380694922846
Cabai Rawit Merah/Sumatera Selatan/2024-10-22,48977.232285739046
Cabai Rawit Merah/Sumatera Selatan/2024-10-23,49006.5840445783
Cabai Rawit Merah/Sumatera Selatan/2024-10-24,48962.277366277405
Cabai Rawit Merah/Sumatera Selatan/2024-10-25,48902.25228878055
Cabai Rawit Merah/Sumatera Selatan/2024-10-26,49002.62598211736
Cabai Rawit Merah/Sumatera Selatan/2024-10-27,48897.85186980643
Cabai Rawit Merah/Sumatera Selatan/2024-10-28,48986.36489040118
Cabai Rawit Merah/Sumatera Selatan/2024-10-29,48923.966432216825
Cabai Rawit Merah/Sumatera Selatan/2024-10-30,49085.06990422949
Cabai Rawit Merah/Sumatera Selatan/2024-10-31,49033.41499728014
Cabai Rawit Merah/Sumatera Selatan/2024-11-01,48994.73731480527
Cabai Rawit Merah/Sumatera Selatan/2024-11-02,49050.33155440668
Cabai Rawit Merah/Sumatera Selatan/2024-11-03,48949.02849712827
Cabai Rawit Merah/Sumatera Selatan/2024-11-04,49015.753495696496
Cabai Rawit Merah/Sumatera Selatan/2024-11-05,48999.25353722717
Cabai Rawit Merah/Sumatera Selatan/2024-11-06,49002.336165370034
Cabai Rawit Merah/Sumatera Selatan/2024-11-07,49050.74674608517
Cabai Rawit Merah/Sumatera Selatan/2024-11-08,49024.82762067636
Cabai Rawit Merah/Sumatera Selatan/2024-11-09,49003.52230327609
Cabai Rawit Merah/Sumatera Selatan/2024-11-10,48910.20863595002
Cabai Rawit Merah/Sumatera Selatan/2024-11-11,48943.56830460598
Cabai Rawit Merah/Sumatera Selatan/2024-11-12,48983.769176689726
Cabai Rawit Merah/Sumatera Selatan/2024-11-13,48994.14305599088
Cabai Rawit Merah/Sumatera Selatan/2024-11-14,48935.39839386795
Cabai Rawit Merah/Sumatera Selatan/2024-11-15,49105.44563444715
Cabai Rawit Merah/Sumatera Selatan/2024-11-16,49062.46294414449
Cabai Rawit Merah/Sumatera Selatan/2024-11-17,49018.56836757306
Cabai Rawit Merah/Sumatera Selatan/2024-11-18,48993.11906777372
Cabai Rawit Merah/Sumatera Selatan/2024-11-19,48979.47243448875
Cabai Rawit Merah/Sumatera Selatan/2024-11-20,48943.95888351456
Cabai Rawit Merah/Sumatera Selatan/2024-11-21,48993.38045609466
Cabai Rawit Merah/Sumatera Selatan/2024-11-22,49002.03513256547
Cabai Rawit Merah/Sumatera Selatan/2024-11-23,48930.0426757184
Cabai Rawit Merah/Sumatera Selatan/2024-11-24,49005.70410008343
Cabai Rawit Merah/Sumatera Selatan/2024-11-25,48982.20607260543
Cabai Rawit Merah/Sumatera Selatan/2024-11-26,48898.06548184592
Cabai Rawit Merah/Sumatera Selatan/2024-11-27,48948.35266061463
Cabai Rawit Merah/Sumatera Selatan/2024-11-28,48969.80261088139
Cabai Rawit Merah/Sumatera Selatan/2024-11-29,49080.28883560637
Cabai Rawit Merah/Sumatera Selatan/2024-11-30,49016.3803139051
Cabai Rawit Merah/Sumatera Selatan/2024-12-01,48925.54290777562
Cabai Rawit Merah/Sumatera Selatan/2024-12-02,49012.99516088139
Cabai Rawit Merah/Sumatera Selatan/2024-12-03,48915.37369643513
Cabai Rawit Merah/Sumatera Selatan/2024-12-04,49041.64099839343
Cabai Rawit Merah/Sumatera Selatan/2024-12-05,48967.04125185654
Cabai Rawit Merah/Sumatera Selatan/2024-12-06,48985.16454363002
Cabai Rawit Merah/Sumatera Selatan/2024-12-07,49053.31236216662
Cabai Rawit Merah/Sumatera Selatan/2024-12-08,48927.86287449889
Cabai Rawit Merah/Sumatera Selatan/2024-12-09,48922.58413402834
Cabai Rawit Merah/Sumatera Selatan/2024-12-10,48961.64136124569
Cabai Rawit Merah/Sumatera Selatan/2024-12-11,49039.51329824795
Cabai Rawit Merah/Sumatera Selatan/2024-12-12,48916.71562922102
Cabai Rawit Merah/Sumatera Selatan/2024-12-13,48853.68679258599
Cabai Rawit Merah/Sumatera Selatan/2024-12-14,48967.999622273055
Cabai Rawit Merah/Sumatera Selatan/2024-12-15,49016.14934347229
Cabai Rawit Merah/Sumatera Selatan/2024-12-16,49047.28505060239
Cabai Rawit Merah/Sumatera Selatan/2024-12-17,48967.42312601866
Cabai Rawit Merah/Sumatera Selatan/2024-12-18,48969.90718639002
Cabai Rawit Merah/Sumatera Selatan/2024-12-19,49045.05971929437
Cabai Rawit Merah/Sumatera Selatan/2024-12-20,48899.89330992339
Cabai Rawit Merah/Sumatera Selatan/2024-12-21,48971.0073354275
Cabai Rawit Merah/Sumatera Selatan/2024-12-22,48998.80250924302
Cabai Rawit Merah/Sumatera Selatan/2024-12-23,49011.22737110948
Cabai Rawit Merah/Sumatera Selatan/2024-12-24,48965.18414458357
Cabai Rawit Merah/Sumatera Selatan/2024-12-25,48991.3135367515
Cabai Rawit Merah/Sumatera Selatan/2024-12-26,48870.1945243083
Cabai Rawit Merah/Sumatera Selatan/2024-12-27,48958.05745920352
Cabai Rawit Merah/Sumatera Selatan/2024-12-28,49011.43328195703
Cabai Rawit Merah/Sumatera Selatan/2024-12-29,48942.49955418344
Cabai Rawit Merah/Sumatera Selatan/2024-12-30,48992.49177840283
Cabai Rawit Merah/Sumatera Selatan/2024-12-31,49011.11442390795
Cabai Rawit Merah/Sumatera Utara/2024-10-01,48973.21423776134
Cabai Rawit Merah/Sumatera Utara/2024-10-02,48997.84430394923
Cabai Rawit Merah/Sumatera Utara/2024-10-03,48943.43895992537
Cabai Rawit Merah/Sumatera Utara/2024-10-04,48979.74082452872
Cabai Rawit Merah/Sumatera Utara/2024-10-05,49018.9570239338
Cabai Rawit Merah/Sumatera Utara/2024-10-06,48997.19651437285
Cabai Rawit Merah/Sumatera Utara/2024-10-07,48961.50057938419
Cabai Rawit Merah/Sumatera Utara/2024-10-08,49000.42493956032
Cabai Rawit Merah/Sumatera Utara/2024-10-09,49023.96910032476
Cabai Rawit Merah/Sumatera Utara/2024-10-10,48891.2417179863
Cabai Rawit Merah/Sumatera Utara/2024-10-11,49045.30795025798
Cabai Rawit Merah/Sumatera Utara/2024-10-12,48973.51647362865
Cabai Rawit Merah/Sumatera Utara/2024-10-13,49010.0882660052
Cabai Rawit Merah/Sumatera Utara/2024-10-14,49047.14062931555
Cabai Rawit Merah/Sumatera Utara/2024-10-15,48923.80548549366
Cabai Rawit Merah/Sumatera Utara/2024-10-16,48955.5999113264
Cabai Rawit Merah/Sumatera Utara/2024-10-17,48975.80698843256
Cabai Rawit Merah/Sumatera Utara/2024-10-18,48952.03195341503
Cabai Rawit Merah/Sumatera Utara/2024-10-19,49072.95529147828
Cabai Rawit Merah/Sumatera Utara/2024-10-20,48948.52593960795
Cabai Rawit Merah/Sumatera Utara/2024-10-21,48962.98810570503
Cabai Rawit Merah/Sumatera Utara/2024-10-22,48999.47308959083
Cabai Rawit Merah/Sumatera Utara/2024-10-23,48931.94454607267
Cabai Rawit Merah/Sumatera Utara/2024-10-24,48970.66354772637
Cabai Rawit Merah/Sumatera Utara/2024-10-25,49004.901124053256
Cabai Rawit Merah/Sumatera Utara/2024-10-26,48973.67931202158
Cabai Rawit Merah/Sumatera Utara/2024-10-27,48985.17658561433
Cabai Rawit Merah/Sumatera Utara/2024-10-28,48964.24661268768
Cabai Rawit Merah/Sumatera Utara/2024-10-29,48916.949806486125
Cabai Rawit Merah/Sumatera Utara/2024-10-30,49005.10006386182
Cabai Rawit Merah/Sumatera Utara/2024-10-31,49073.91526112862
Cabai Rawit Merah/Sumatera Utara/2024-11-01,48990.543585823165
Cabai Rawit Merah/Sumatera Utara/2024-11-02,49000.47522286804
Cabai Rawit Merah/Sumatera Utara/2024-11-03,49022.91827554518
Cabai Rawit Merah/Sumatera Utara/2024-11-04,48928.71947794216
Cabai Rawit Merah/Sumatera Utara/2024-11-05,49071.3991291704
Cabai Rawit Merah/Sumatera Utara/2024-11-06,48999.37426615497
Cabai Rawit Merah/Sumatera Utara/2024-11-07,49068.00663799322
Cabai Rawit Merah/Sumatera Utara/2024-11-08,48954.46721284444
Cabai Rawit Merah/Sumatera Utara/2024-11-09,49076.9464826151
Cabai Rawit Merah/Sumatera Utara/2024-11-10,49026.87633945189
Cabai Rawit Merah/Sumatera Utara/2024-11-11,49016.21234878821
Cabai Rawit Merah/Sumatera Utara/2024-11-12,49000.89632945621
Cabai Rawit Merah/Sumatera Utara/2024-11-13,48977.72860374472
Cabai Rawit Merah/Sumatera Utara/2024-11-14,49047.29883177156
Cabai Rawit Merah/Sumatera Utara/2024-11-15,48996.39928762684
Cabai Rawit Merah/Sumatera Utara/2024-11-16,48895.22052868445
Cabai Rawit Merah/Sumatera Utara/2024-11-17,48936.02375227666
Cabai Rawit Merah/Sumatera Utara/2024-11-18,48980.73775152381
Cabai Rawit Merah/Sumatera Utara/2024-11-19,49004.54340161563
Cabai Rawit Merah/Sumatera Utara/2024-11-20,48986.94309596896
Cabai Rawit Merah/Sumatera Utara/2024-11-21,49048.1832446655
Cabai Rawit Merah/Sumatera Utara/2024-11-22,48895.986866024745
Cabai Rawit Merah/Sumatera Utara/2024-11-23,48996.55407189073
Cabai Rawit Merah/Sumatera Utara/2024-11-24,48902.3783076368
Cabai Rawit Merah/Sumatera Utara/2024-11-25,49026.134367649705
Cabai Rawit Merah/Sumatera Utara/2024-11-26,48985.12512532441
Cabai Rawit Merah/Sumatera Utara/2024-11-27,49009.805572818535
Cabai Rawit Merah/Sumatera Utara/2024-11-28,48948.18472239508
Cabai Rawit Merah/Sumatera Utara/2024-11-29,49051.08786521672
Cabai Rawit Merah/Sumatera Utara/2024-11-30,49039.67411116235
Cabai Rawit Merah/Sumatera Utara/2024-12-01,49017.67660235632
Cabai Rawit Merah/Sumatera Utara/2024-12-02,48983.44228847456
Cabai Rawit Merah/Sumatera Utara/2024-12-03,49017.49972997979
Cabai Rawit Merah/Sumatera Utara/2024-12-04,48955.72245960361
Cabai Rawit Merah/Sumatera Utara/2024-12-05,49030.73617465525
Cabai Rawit Merah/Sumatera Utara/2024-12-06,49068.852756428256
Cabai Rawit Merah/Sumatera Utara/2024-12-07,49041.06090087361
Cabai Rawit Merah/Sumatera Utara/2024-12-08,48954.63194977205
Cabai Rawit Merah/Sumatera Utara/2024-12-09,49007.01235989871
Cabai Rawit Merah/Sumatera Utara/2024-12-10,48927.57640565118
Cabai Rawit Merah/Sumatera Utara/2024-12-11,49017.14134434365
Cabai Rawit Merah/Sumatera Utara/2024-12-12,49011.2940117726
Cabai Rawit Merah/Sumatera Utara/2024-12-13,48899.88938660904
Cabai Rawit Merah/Sumatera Utara/2024-12-14,48933.88243207791
Cabai Rawit Merah/Sumatera Utara/2024-12-15,48976.066465045296
Cabai Rawit Merah/Sumatera Utara/2024-12-16,48975.21573231885
Cabai Rawit Merah/Sumatera Utara/2024-12-17,48931.59241387491
Cabai Rawit Merah/Sumatera Utara/2024-12-18,49008.33484510452
Cabai Rawit Merah/Sumatera Utara/2024-12-19,49001.73335618285
Cabai Rawit Merah/Sumatera Utara/2024-12-20,48980.33316223601
Cabai Rawit Merah/Sumatera Utara/2024-12-21,48953.37424437179
Cabai Rawit Merah/Sumatera Utara/2024-12-22,49040.00909207801
Cabai Rawit Merah/Sumatera Utara/2024-12-23,49069.13722332926
Cabai Rawit Merah/Sumatera Utara/2024-12-24,48966.44433254025
Cabai Rawit Merah/Sumatera Utara/2024-12-25,48960.26996082467
Cabai Rawit Merah/Sumatera Utara/2024-12-26,49013.24358416336
Cabai Rawit Merah/Sumatera Utara/2024-12-27,48972.47145632156
Cabai Rawit Merah/Sumatera Utara/2024-12-28,48982.96791146399
Cabai Rawit Merah/Sumatera Utara/2024-12-29,49025.17126504474
Cabai Rawit Merah/Sumatera Utara/2024-12-30,48897.991171978894
Cabai Rawit Merah/Sumatera Utara/2024-12-31,49052.95262774216
