id,price
Daging Ayam Ras/Aceh/2024-10-01,30303.29211935181
Daging Ayam Ras/Aceh/2024-10-02,30293.49538254401
Daging Ayam Ras/Aceh/2024-10-03,30305.62142093
Daging Ayam Ras/Aceh/2024-10-04,30319.126585484744
Daging Ayam Ras/Aceh/2024-10-05,30292.015962242192
Daging Ayam Ras/Aceh/2024-10-06,30292.01621554309
Daging Ayam Ras/Aceh/2024-10-07,30319.993401767653
Daging Ayam Ras/Aceh/2024-10-08,30307.468919706924
Daging Ayam Ras/Aceh/2024-10-09,30288.385322498438
Daging Ayam Ras/Aceh/2024-10-10,30303.999450633248
Daging Ayam Ras/Aceh/2024-10-11,30288.4787679186
Daging Ayam Ras/Aceh/2024-10-12,30288.44309639214
Daging Ayam Ras/Aceh/2024-10-13,30299.36169129182
Daging Ayam Ras/Aceh/2024-10-14,30266.10962809289
Daging Ayam Ras/Aceh/2024-10-15,30269.015769181788
Daging Ayam Ras/Aceh/2024-10-16,30286.95335904946
Daging Ayam Ras/Aceh/2024-10-17,30280.002167314826
Daging Ayam Ras/Aceh/2024-10-18,30300.4769381374
Daging Ayam Ras/Aceh/2024-10-19,30281.619178139168
Daging Ayam Ras/Aceh/2024-10-20,30273.838922385454
Daging Ayam Ras/Aceh/2024-10-21,30318.24128393137
Daging Ayam Ras/Aceh/2024-10-22,30292.145207559064
Daging Ayam Ras/Aceh/2024-10-23,30296.6704430577
Daging Ayam Ras/Aceh/2024-10-24,30273.646923204604
Daging Ayam Ras/Aceh/2024-10-25,30287.229602531803
Daging Ayam Ras/Aceh/2024-10-26,30297.339951394868
Daging Ayam Ras/Aceh/2024-10-27,30277.87053399736
Daging Ayam Ras/Aceh/2024-10-28,30301.425027306395
Daging Ayam Ras/Aceh/2024-10-29,30286.361659874536
Daging Ayam Ras/Aceh/2024-10-30,30291.128203127424
Daging Ayam Ras/Aceh/2024-10-31,30286.34518348272
Daging Ayam Ras/Aceh/2024-11-01,30324.206378655
Daging Ayam Ras/Aceh/2024-11-02,30295.42034582748
Daging Ayam Ras/Aceh/2024-11-03,30279.309741185796
Daging Ayam Ras/Aceh/2024-11-04,30308.31918471078
Daging Ayam Ras/Aceh/2024-11-05,30276.792855263127
Daging Ayam Ras/Aceh/2024-11-06,30298.85102983422
Daging Ayam Ras/Aceh/2024-11-07,30265.393903906832
Daging Ayam Ras/Aceh/2024-11-08,30275.13672784072
Daging Ayam Ras/Aceh/2024-11-09,30298.6658519707
Daging Ayam Ras/Aceh/2024-11-10,30307.02198590746
Daging Ayam Ras/Aceh/2024-11-11,30298.27253505451
Daging Ayam Ras/Aceh/2024-11-12,30293.84431278282
Daging Ayam Ras/Aceh/2024-11-13,30290.983022197688
Daging Ayam Ras/Aceh/2024-11-14,30272.817276461505
Daging Ayam Ras/Aceh/2024-11-15,30284.52250284038
Daging Ayam Ras/Aceh/2024-11-16,30288.521642390668
Daging Ayam Ras/Aceh/2024-11-17,30311.93835035701
Daging Ayam Ras/Aceh/2024-11-18,30300.930086639317
Daging Ayam Ras/Aceh/2024-11-19,30268.427600621108
Daging Ayam Ras/Aceh/2024-11-20,30300.628702250284
Daging Ayam Ras/Aceh/2024-11-21,30289.68736234085
Daging Ayam Ras/Aceh/2024-11-22,30285.18472621676
Daging Ayam Ras/Aceh/2024-11-23,30305.065807545747
Daging Ayam Ras/Aceh/2024-11-24,30311.535317385737
Daging Ayam Ras/Aceh/2024-11-25,30309.99680101072
Daging Ayam Ras/Aceh/2024-11-26,30282.68075696768
Daging Ayam Ras/Aceh/2024-11-27,30290.85791778531
Daging Ayam Ras/Aceh/2024-11-28,30300.739470260218
Daging Ayam Ras/Aceh/2024-11-29,30310.679741715838
Daging Ayam Ras/Aceh/2024-11-30,30288.235668765123
Daging Ayam Ras/Aceh/2024-12-01,30292.76415590343
Daging Ayam Ras/Aceh/2024-12-02,30278.55954727173
Daging Ayam Ras/Aceh/2024-12-03,30277.17296652011
Daging Ayam Ras/Aceh/2024-12-04,30308.164605631307
Daging Ayam Ras/Aceh/2024-12-05,30316.553276052317
Daging Ayam Ras/Aceh/2024-12-06,30294.517582203847
Daging Ayam Ras/Aceh/2024-12-07,30311.111549790992
Daging Ayam Ras/Aceh/2024-12-08,30301.208072468908
Daging Ayam Ras/Aceh/2024-12-09,30285.675385748556
Daging Ayam Ras/Aceh/2024-12-10,30301.204363166755
Daging Ayam Ras/Aceh/2024-12-11,30319.358115842697
Daging Ayam Ras/Aceh/2024-12-12,30295.075846709136
Daging Ayam Ras/Aceh/2024-12-13,30319.768622136016
Daging Ayam Ras/Aceh/2024-12-14,30255.20996646464
Daging Ayam Ras/Aceh/2024-12-15,30308.30927335175
Daging Ayam Ras/Aceh/2024-12-16,30296.971588974902
Daging Ayam Ras/Aceh/2024-12-17,30291.015365565087
Daging Ayam Ras/Aceh/2024-12-18,30297.044314213494
Daging Ayam Ras/Aceh/2024-12-19,30264.96346865639
Daging Ayam Ras/Aceh/2024-12-20,30292.23938921782
Daging Ayam Ras/Aceh/2024-12-21,30301.13828256744
Daging Ayam Ras/Aceh/2024-12-22,30318.43020962413
Daging Ayam Ras/Aceh/2024-12-23,30287.63247817184
Daging Ayam Ras/Aceh/2024-12-24,30283.15477960449
Daging Ayam Ras/Aceh/2024-12-25,30287.88725095228
Daging Ayam Ras/Aceh/2024-12-26,30309.75182797288
Daging Ayam Ras/Aceh/2024-12-27,30300.70070901605
Daging Ayam Ras/Aceh/2024-12-28,30287.45520544225
Daging Ayam Ras/Aceh/2024-12-29,30303.54751089683
Daging Ayam Ras/Aceh/2024-12-30,30297.1263438061
Daging Ayam Ras/Aceh/2024-12-31,30310.57328326569
Daging Ayam Ras/Bali/2024-10-01,30284.79699225856
Daging Ayam Ras/Bali/2024-10-02,30290.573266318825
Daging Ayam Ras/Bali/2024-10-03,30289.57896397648
Daging Ayam Ras/Bali/2024-10-04,30273.04881194444
Daging Ayam Ras/Bali/2024-10-05,30300.197265668256
Daging Ayam Ras/Bali/2024-10-06,30299.65626680167
Daging Ayam Ras/Bali/2024-10-07,30295.707479896515
Daging Ayam Ras/Bali/2024-10-08,30292.009270016148
Daging Ayam Ras/Bali/2024-10-09,30273.79160268434
Daging Ayam Ras/Bali/2024-10-10,30289.13867952542
Daging Ayam Ras/Bali/2024-10-11,30290.341031499585
Daging Ayam Ras/Bali/2024-10-12,30283.250688031763
Daging Ayam Ras/Bali/2024-10-13,30293.140197737222
Daging Ayam Ras/Bali/2024-10-14,30301.86246781229
Daging Ayam Ras/Bali/2024-10-15,30324.72952235238
Daging Ayam Ras/Bali/2024-10-16,30298.322053170545
Daging Ayam Ras/Bali/2024-10-17,30299.60219189416
Daging Ayam Ras/Bali/2024-10-18,30294.480001661705
Daging Ayam Ras/Bali/2024-10-19,30266.02491089684
Daging Ayam Ras/Bali/2024-10-20,30295.21951901155
Daging Ayam Ras/Bali/2024-10-21,30296.55784627069
Daging Ayam Ras/Bali/2024-10-22,30333.63260841448
Daging Ayam Ras/Bali/2024-10-23,30292.66075457817
Daging Ayam Ras/Bali/2024-10-24,30300.28099690312
Daging Ayam Ras/Bali/2024-10-25,30295.09303816504
Daging Ayam Ras/Bali/2024-10-26,30277.59769009061
Daging Ayam Ras/Bali/2024-10-27,30313.2605780677
Daging Ayam Ras/Bali/2024-10-28,30307.229752473213
Daging Ayam Ras/Bali/2024-10-29,30307.83298833247
Daging Ayam Ras/Bali/2024-10-30,30281.598143302752
Daging Ayam Ras/Bali/2024-10-31,30317.271536724944
Daging Ayam Ras/Bali/2024-11-01,30274.000190453808
Daging Ayam Ras/Bali/2024-11-02,30304.682885700146
Daging Ayam Ras/Bali/2024-11-03,30329.423934250688
Daging Ayam Ras/Bali/2024-11-04,30280.346141569946
Daging Ayam Ras/Bali/2024-11-05,30286.89148785173
Daging Ayam Ras/Bali/2024-11-06,30297.16605380764
Daging Ayam Ras/Bali/2024-11-07,30287.86073544621
Daging Ayam Ras/Bali/2024-11-08,30271.7042454558
Daging Ayam Ras/Bali/2024-11-09,30296.6864079624
Daging Ayam Ras/Bali/2024-11-10,30279.238881610458
Daging Ayam Ras/Bali/2024-11-11,30302.935386887635
Daging Ayam Ras/Bali/2024-11-12,30281.443291298063
Daging Ayam Ras/Bali/2024-11-13,30319.541681115035
Daging Ayam Ras/Bali/2024-11-14,30283.544198612093
Daging Ayam Ras/Bali/2024-11-15,30290.65967539546
Daging Ayam Ras/Bali/2024-11-16,30308.179901324544
Daging Ayam Ras/Bali/2024-11-17,30276.638251856777
Daging Ayam Ras/Bali/2024-11-18,30299.13794263172
Daging Ayam Ras/Bali/2024-11-19,30315.79578094202
Daging Ayam Ras/Bali/2024-11-20,30270.82760364749
Daging Ayam Ras/Bali/2024-11-21,30298.47720242389
Daging Ayam Ras/Bali/2024-11-22,30299.63817727811
Daging Ayam Ras/Bali/2024-11-23,30307.69090652477
Daging Ayam Ras/Bali/2024-11-24,30276.54434819109
Daging Ayam Ras/Bali/2024-11-25,30275.255981097023
Daging Ayam Ras/Bali/2024-11-26,30303.681339363942
Daging Ayam Ras/Bali/2024-11-27,30300.210601966057
Daging Ayam Ras/Bali/2024-11-28,30299.493304946696
Daging Ayam Ras/Bali/2024-11-29,30300.973747932927
Daging Ayam Ras/Bali/2024-11-30,30285.136856019755
Daging Ayam Ras/Bali/2024-12-01,30299.211902983887
Daging Ayam Ras/Bali/2024-12-02,30300.15024276356
Daging Ayam Ras/Bali/2024-12-03,30284.607248112014
Daging Ayam Ras/Bali/2024-12-04,30324.41460612957
Daging Ayam Ras/Bali/2024-12-05,30302.93909728116
Daging Ayam Ras/Bali/2024-12-06,30277.248614194832
Daging Ayam Ras/Bali/2024-12-07,30305.758195276
Daging Ayam Ras/Bali/2024-12-08,30280.59075440719
Daging Ayam Ras/Bali/2024-12-09,30307.772086922112
Daging Ayam Ras/Bali/2024-12-10,30313.503927462385
Daging Ayam Ras/Bali/2024-12-11,30282.96672655075
Daging Ayam Ras/Bali/2024-12-12,30310.4919928739
Daging Ayam Ras/Bali/2024-12-13,30301.997159310464
Daging Ayam Ras/Bali/2024-12-14,30308.311705734453
Daging Ayam Ras/Bali/2024-12-15,30324.89317323615
Daging Ayam Ras/Bali/2024-12-16,30291.84262753659
Daging Ayam Ras/Bali/2024-12-17,30283.999602306856
Daging Ayam Ras/Bali/2024-12-18,30281.904753386723
Daging Ayam Ras/Bali/2024-12-19,30283.04189450092
Daging Ayam Ras/Bali/2024-12-20,30294.439026867654
Daging Ayam Ras/Bali/2024-12-21,30300.89203521198
Daging Ayam Ras/Bali/2024-12-22,30299.89749883613
Daging Ayam Ras/Bali/2024-12-23,30308.390747085625
Daging Ayam Ras/Bali/2024-12-24,30295.82918626831
Daging Ayam Ras/Bali/2024-12-25,30318.05437294889
Daging Ayam Ras/Bali/2024-12-26,30291.545340990677
Daging Ayam Ras/Bali/2024-12-27,30337.596596029
Daging Ayam Ras/Bali/2024-12-28,30305.281667975403
Daging Ayam Ras/Bali/2024-12-29,30282.403969964336
Daging Ayam Ras/Bali/2024-12-30,30279.106369933765
Daging Ayam Ras/Bali/2024-12-31,30303.072391334776
Daging Ayam Ras/Banten/2024-10-01,30292.180901524716
Daging Ayam Ras/Banten/2024-10-02,30306.64451199046
Daging Ayam Ras/Banten/2024-10-03,30302.92991277811
Daging Ayam Ras/Banten/2024-10-04,30294.50494952218
Daging Ayam Ras/Banten/2024-10-05,30282.563867982837
Daging Ayam Ras/Banten/2024-10-06,30272.256834201213
Daging Ayam Ras/Banten/2024-10-07,30288.73955110159
Daging Ayam Ras/Banten/2024-10-08,30308.841497825262
Daging Ayam Ras/Banten/2024-10-09,30298.931722957124
Daging Ayam Ras/Banten/2024-10-10,30276.40876187781
Daging Ayam Ras/Banten/2024-10-11,30298.30050136196
Daging Ayam Ras/Banten/2024-10-12,30301.573439195192
Daging Ayam Ras/Banten/2024-10-13,30281.992032057893
Daging Ayam Ras/Banten/2024-10-14,30298.000328110826
Daging Ayam Ras/Banten/2024-10-15,30296.52665777917
Daging Ayam Ras/Banten/2024-10-16,30277.9943208093
Daging Ayam Ras/Banten/2024-10-17,30301.14869351696
Daging Ayam Ras/Banten/2024-10-18,30304.280626254404
Daging Ayam Ras/Banten/2024-10-19,30312.338395040624
Daging Ayam Ras/Banten/2024-10-20,30311.88712519744
Daging Ayam Ras/Banten/2024-10-21,30274.37327665588
Daging Ayam Ras/Banten/2024-10-22,30281.15939528691
Daging Ayam Ras/Banten/2024-10-23,30303.574785846457
Daging Ayam Ras/Banten/2024-10-24,30303.5555108256
Daging Ayam Ras/Banten/2024-10-25,30303.574977453947
Daging Ayam Ras/Banten/2024-10-26,30355.07028341826
Daging Ayam Ras/Banten/2024-10-27,30304.43654598359
Daging Ayam Ras/Banten/2024-10-28,30313.148611076605
Daging Ayam Ras/Banten/2024-10-29,30310.347360889307
Daging Ayam Ras/Banten/2024-10-30,30305.67854807582
Daging Ayam Ras/Banten/2024-10-31,30290.76446965488
Daging Ayam Ras/Banten/2024-11-01,30307.338309983497
Daging Ayam Ras/Banten/2024-11-02,30283.705087746097
Daging Ayam Ras/Banten/2024-11-03,30291.97484182869
Daging Ayam Ras/Banten/2024-11-04,30288.140177271616
Daging Ayam Ras/Banten/2024-11-05,30296.89177867244
Daging Ayam Ras/Banten/2024-11-06,30331.34019379364
Daging Ayam Ras/Banten/2024-11-07,30266.81956927486
Daging Ayam Ras/Banten/2024-11-08,30306.216521949696
Daging Ayam Ras/Banten/2024-11-09,30270.74687214625
Daging Ayam Ras/Banten/2024-11-10,30288.34740737992
Daging Ayam Ras/Banten/2024-11-11,30312.429412957936
Daging Ayam Ras/Banten/2024-11-12,30296.62032857092
Daging Ayam Ras/Banten/2024-11-13,30279.00064983892
Daging Ayam Ras/Banten/2024-11-14,30284.59255572912
Daging Ayam Ras/Banten/2024-11-15,30306.113730768586
Daging Ayam Ras/Banten/2024-11-16,30284.360158100662
Daging Ayam Ras/Banten/2024-11-17,30298.968208869883
Daging Ayam Ras/Banten/2024-11-18,30296.33169026124
Daging Ayam Ras/Banten/2024-11-19,30285.575400207992
Daging Ayam Ras/Banten/2024-11-20,30328.70633308097
Daging Ayam Ras/Banten/2024-11-21,30305.40897856884
Daging Ayam Ras/Banten/2024-11-22,30264.38376493004
Daging Ayam Ras/Banten/2024-11-23,30298.505289251883
Daging Ayam Ras/Banten/2024-11-24,30285.418244152886
Daging Ayam Ras/Banten/2024-11-25,30308.78031690951
Daging Ayam Ras/Banten/2024-11-26,30283.40121623263
Daging Ayam Ras/Banten/2024-11-27,30293.858381079877
Daging Ayam Ras/Banten/2024-11-28,30303.419760907465
Daging Ayam Ras/Banten/2024-11-29,30308.9858526237
Daging Ayam Ras/Banten/2024-11-30,30277.10986748557
Daging Ayam Ras/Banten/2024-12-01,30290.46774973495
Daging Ayam Ras/Banten/2024-12-02,30288.300914572177
Daging Ayam Ras/Banten/2024-12-03,30285.54872618324
Daging Ayam Ras/Banten/2024-12-04,30322.86681929733
Daging Ayam Ras/Banten/2024-12-05,30301.87682945405
Daging Ayam Ras/Banten/2024-12-06,30276.17509521005
Daging Ayam Ras/Banten/2024-12-07,30309.78977934052
Daging Ayam Ras/Banten/2024-12-08,30328.37017955453
Daging Ayam Ras/Banten/2024-12-09,30311.55793146006
Daging Ayam Ras/Banten/2024-12-10,30272.18705528893
Daging Ayam Ras/Banten/2024-12-11,30288.15760332579
Daging Ayam Ras/Banten/2024-12-12,30315.17506941412
Daging Ayam Ras/Banten/2024-12-13,30284.71034031722
Daging Ayam Ras/Banten/2024-12-14,30302.476035444382
Daging Ayam Ras/Banten/2024-12-15,30307.57999416097
Daging Ayam Ras/Banten/2024-12-16,30281.327481649416
Daging Ayam Ras/Banten/2024-12-17,30294.71020285276
Daging Ayam Ras/Banten/2024-12-18,30245.620838320247
Daging Ayam Ras/Banten/2024-12-19,30279.823868045136
Daging Ayam Ras/Banten/2024-12-20,30291.731850680266
Daging Ayam Ras/Banten/2024-12-21,30276.37721989325
Daging Ayam Ras/Banten/2024-12-22,30320.81417227763
Daging Ayam Ras/Banten/2024-12-23,30273.563714585867
Daging Ayam Ras/Banten/2024-12-24,30288.839380388454
Daging Ayam Ras/Banten/2024-12-25,30297.64571233379
Daging Ayam Ras/Banten/2024-12-26,30317.86520792574
Daging Ayam Ras/Banten/2024-12-27,30273.47545189098
Daging Ayam Ras/Banten/2024-12-28,30313.574407318392
Daging Ayam Ras/Banten/2024-12-29,30295.786467484693
Daging Ayam Ras/Banten/2024-12-30,30280.485424637573
Daging Ayam Ras/Banten/2024-12-31,30302.7581300358
Daging Ayam Ras/Bengkulu/2024-10-01,30298.69977080836
Daging Ayam Ras/Bengkulu/2024-10-02,30286.368167793924
Daging Ayam Ras/Bengkulu/2024-10-03,30296.705525518697
Daging Ayam Ras/Bengkulu/2024-10-04,30289.68379348537
Daging Ayam Ras/Bengkulu/2024-10-05,30297.37998446521
Daging Ayam Ras/Bengkulu/2024-10-06,30305.844240788723
Daging Ayam Ras/Bengkulu/2024-10-07,30320.098376988542
Daging Ayam Ras/Bengkulu/2024-10-08,30276.53100584873
Daging Ayam Ras/Bengkulu/2024-10-09,30328.5379976055
Daging Ayam Ras/Bengkulu/2024-10-10,30265.510887460576
Daging Ayam Ras/Bengkulu/2024-10-11,30293.28677757789
Daging Ayam Ras/Bengkulu/2024-10-12,30304.70541298368
Daging Ayam Ras/Bengkulu/2024-10-13,30299.96385767851
Daging Ayam Ras/Bengkulu/2024-10-14,30286.02129534266
Daging Ayam Ras/Bengkulu/2024-10-15,30292.417582285438
Daging Ayam Ras/Bengkulu/2024-10-16,30288.02234418897
Daging Ayam Ras/Bengkulu/2024-10-17,30286.53559924746
Daging Ayam Ras/Bengkulu/2024-10-18,30308.73663528356
Daging Ayam Ras/Bengkulu/2024-10-19,30301.136784687405
Daging Ayam Ras/Bengkulu/2024-10-20,30284.93806231985
Daging Ayam Ras/Bengkulu/2024-10-21,30309.50802378163
Daging Ayam Ras/Bengkulu/2024-10-22,30300.36974413365
Daging Ayam Ras/Bengkulu/2024-10-23,30308.16979416603
Daging Ayam Ras/Bengkulu/2024-10-24,30305.342787711645
Daging Ayam Ras/Bengkulu/2024-10-25,30282.83847454355
Daging Ayam Ras/Bengkulu/2024-10-26,30286.98585892189
Daging Ayam Ras/Bengkulu/2024-10-27,30307.15817327162
Daging Ayam Ras/Bengkulu/2024-10-28,30305.04565762176
Daging Ayam Ras/Bengkulu/2024-10-29,30295.306107846554
Daging Ayam Ras/Bengkulu/2024-10-30,30297.43876746773
Daging Ayam Ras/Bengkulu/2024-10-31,30315.340983114755
Daging Ayam Ras/Bengkulu/2024-11-01,30286.50155432557
Daging Ayam Ras/Bengkulu/2024-11-02,30304.069454744134
Daging Ayam Ras/Bengkulu/2024-11-03,30292.50906682298
Daging Ayam Ras/Bengkulu/2024-11-04,30292.27010240669
Daging Ayam Ras/Bengkulu/2024-11-05,30312.581016895994
Daging Ayam Ras/Bengkulu/2024-11-06,30308.363486546907
Daging Ayam Ras/Bengkulu/2024-11-07,30308.17978435573
Daging Ayam Ras/Bengkulu/2024-11-08,30315.770108807843
Daging Ayam Ras/Bengkulu/2024-11-09,30295.952643993813
Daging Ayam Ras/Bengkulu/2024-11-10,30306.150068211908
Daging Ayam Ras/Bengkulu/2024-11-11,30290.841650318973
Daging Ayam Ras/Bengkulu/2024-11-12,30300.629973294173
Daging Ayam Ras/Bengkulu/2024-11-13,30293.62068083872
Daging Ayam Ras/Bengkulu/2024-11-14,30297.125085085507
Daging Ayam Ras/Bengkulu/2024-11-15,30304.81094082584
Daging Ayam Ras/Bengkulu/2024-11-16,30283.004705778567
Daging Ayam Ras/Bengkulu/2024-11-17,30327.910891077307
Daging Ayam Ras/Bengkulu/2024-11-18,30280.107292781053
Daging Ayam Ras/Bengkulu/2024-11-19,30276.895532207996
Daging Ayam Ras/Bengkulu/2024-11-20,30313.49644920505
Daging Ayam Ras/Bengkulu/2024-11-21,30307.84271978324
Daging Ayam Ras/Bengkulu/2024-11-22,30305.257791966706
Daging Ayam Ras/Bengkulu/2024-11-23,30305.322987870848
Daging Ayam Ras/Bengkulu/2024-11-24,30295.439638368804
Daging Ayam Ras/Bengkulu/2024-11-25,30281.78533803836
Daging Ayam Ras/Bengkulu/2024-11-26,30296.798134409262
Daging Ayam Ras/Bengkulu/2024-11-27,30285.18102784309
Daging Ayam Ras/Bengkulu/2024-11-28,30310.673178548004
Daging Ayam Ras/Bengkulu/2024-11-29,30293.35971889564
Daging Ayam Ras/Bengkulu/2024-11-30,30282.892440413107
Daging Ayam Ras/Bengkulu/2024-12-01,30290.67010001021
Daging Ayam Ras/Bengkulu/2024-12-02,30301.99948171481
Daging Ayam Ras/Bengkulu/2024-12-03,30286.931187995404
Daging Ayam Ras/Bengkulu/2024-12-04,30282.94299639493
Daging Ayam Ras/Bengkulu/2024-12-05,30299.388304450666
Daging Ayam Ras/Bengkulu/2024-12-06,30299.408042993546
Daging Ayam Ras/Bengkulu/2024-12-07,30287.807236948924
Daging Ayam Ras/Bengkulu/2024-12-08,30288.36119363323
Daging Ayam Ras/Bengkulu/2024-12-09,30299.208759284837
Daging Ayam Ras/Bengkulu/2024-12-10,30273.286882371856
Daging Ayam Ras/Bengkulu/2024-12-11,30273.91359498304
Daging Ayam Ras/Bengkulu/2024-12-12,30284.54410247967
Daging Ayam Ras/Bengkulu/2024-12-13,30292.335427281974
Daging Ayam Ras/Bengkulu/2024-12-14,30300.425410690987
Daging Ayam Ras/Bengkulu/2024-12-15,30318.39105486104
Daging Ayam Ras/Bengkulu/2024-12-16,30308.86095046748
Daging Ayam Ras/Bengkulu/2024-12-17,30293.16098267014
Daging Ayam Ras/Bengkulu/2024-12-18,30295.335196441458
Daging Ayam Ras/Bengkulu/2024-12-19,30280.161107493903
Daging Ayam Ras/Bengkulu/2024-12-20,30295.342958064022
Daging Ayam Ras/Bengkulu/2024-12-21,30291.17503020039
Daging Ayam Ras/Bengkulu/2024-12-22,30300.607636097448
Daging Ayam Ras/Bengkulu/2024-12-23,30282.865691378414
Daging Ayam Ras/Bengkulu/2024-12-24,30303.641301729334
Daging Ayam Ras/Bengkulu/2024-12-25,30319.27638123212
Daging Ayam Ras/Bengkulu/2024-12-26,30293.950586050483
Daging Ayam Ras/Bengkulu/2024-12-27,30301.826378576487
Daging Ayam Ras/Bengkulu/2024-12-28,30306.27644300569
Daging Ayam Ras/Bengkulu/2024-12-29,30289.43837497232
Daging Ayam Ras/Bengkulu/2024-12-30,30299.08598803623
Daging Ayam Ras/Bengkulu/2024-12-31,30295.822868453164
Daging Ayam Ras/DI Yogyakarta/2024-10-01,30297.1355784958
Daging Ayam Ras/DI Yogyakarta/2024-10-02,30283.702240126597
Daging Ayam Ras/DI Yogyakarta/2024-10-03,30296.006741290617
Daging Ayam Ras/DI Yogyakarta/2024-10-04,30303.31193162138
Daging Ayam Ras/DI Yogyakarta/2024-10-05,30318.01749169877
Daging Ayam Ras/DI Yogyakarta/2024-10-06,30310.428654386906
Daging Ayam Ras/DI Yogyakarta/2024-10-07,30328.848866833192
Daging Ayam Ras/DI Yogyakarta/2024-10-08,30283.78959945068
Daging Ayam Ras/DI Yogyakarta/2024-10-09,30309.087147261765
Daging Ayam Ras/DI Yogyakarta/2024-10-10,30298.457271130574
Daging Ayam Ras/DI Yogyakarta/2024-10-11,30329.41386421209
Daging Ayam Ras/DI Yogyakarta/2024-10-12,30283.157793052436
Daging Ayam Ras/DI Yogyakarta/2024-10-13,30282.67297610509
Daging Ayam Ras/DI Yogyakarta/2024-10-14,30286.380884416238
Daging Ayam Ras/DI Yogyakarta/2024-10-15,30262.860156542774
Daging Ayam Ras/DI Yogyakarta/2024-10-16,30287.51699921573
Daging Ayam Ras/DI Yogyakarta/2024-10-17,30283.916342690143
Daging Ayam Ras/DI Yogyakarta/2024-10-18,30297.948930996718
Daging Ayam Ras/DI Yogyakarta/2024-10-19,30300.901354013906
Daging Ayam Ras/DI Yogyakarta/2024-10-20,30324.57500541432
Daging Ayam Ras/DI Yogyakarta/2024-10-21,30310.292159028013
Daging Ayam Ras/DI Yogyakarta/2024-10-22,30286.727854793757
Daging Ayam Ras/DI Yogyakarta/2024-10-23,30281.76743640359
Daging Ayam Ras/DI Yogyakarta/2024-10-24,30303.218140193167
Daging Ayam Ras/DI Yogyakarta/2024-10-25,30275.25942790753
Daging Ayam Ras/DI Yogyakarta/2024-10-26,30323.885167181277
Daging Ayam Ras/DI Yogyakarta/2024-10-27,30313.82552654611
Daging Ayam Ras/DI Yogyakarta/2024-10-28,30288.38993150003
Daging Ayam Ras/DI Yogyakarta/2024-10-29,30269.197567353986
Daging Ayam Ras/DI Yogyakarta/2024-10-30,30316.51674680174
Daging Ayam Ras/DI Yogyakarta/2024-10-31,30293.86141425581
Daging Ayam Ras/DI Yogyakarta/2024-11-01,30314.72618101363
Daging Ayam Ras/DI Yogyakarta/2024-11-02,30271.029031016904
Daging Ayam Ras/DI Yogyakarta/2024-11-03,30286.38115630404
Daging Ayam Ras/DI Yogyakarta/2024-11-04,30295.70948934601
Daging Ayam Ras/DI Yogyakarta/2024-11-05,30296.35342515746
Daging Ayam Ras/DI Yogyakarta/2024-11-06,30288.684772070927
Daging Ayam Ras/DI Yogyakarta/2024-11-07,30305.23819960708
Daging Ayam Ras/DI Yogyakarta/2024-11-08,30279.15685289968
Daging Ayam Ras/DI Yogyakarta/2024-11-09,30293.431891613207
Daging Ayam Ras/DI Yogyakarta/2024-11-10,30297.484562956062
Daging Ayam Ras/DI Yogyakarta/2024-11-11,30303.56558380416
Daging Ayam Ras/DI Yogyakarta/2024-11-12,30306.60770562017
Daging Ayam Ras/DI Yogyakarta/2024-11-13,30278.27709671939
Daging Ayam Ras/DI Yogyakarta/2024-11-14,30271.95957498195
Daging Ayam Ras/DI Yogyakarta/2024-11-15,30315.34116711621
Daging Ayam Ras/DI Yogyakarta/2024-11-16,30300.75567909586
Daging Ayam Ras/DI Yogyakarta/2024-11-17,30284.08059595564
Daging Ayam Ras/DI Yogyakarta/2024-11-18,30319.56046634736
Daging Ayam Ras/DI Yogyakarta/2024-11-19,30297.413268103133
Daging Ayam Ras/DI Yogyakarta/2024-11-20,30313.82332125425
Daging Ayam Ras/DI Yogyakarta/2024-11-21,30296.670293042545
Daging Ayam Ras/DI Yogyakarta/2024-11-22,30327.422744762185
Daging Ayam Ras/DI Yogyakarta/2024-11-23,30322.71078518909
Daging Ayam Ras/DI Yogyakarta/2024-11-24,30291.787454878755
Daging Ayam Ras/DI Yogyakarta/2024-11-25,30310.618426315777
Daging Ayam Ras/DI Yogyakarta/2024-11-26,30305.585741261057
Daging Ayam Ras/DI Yogyakarta/2024-11-27,30316.74445820516
Daging Ayam Ras/DI Yogyakarta/2024-11-28,30280.741308510245
Daging Ayam Ras/DI Yogyakarta/2024-11-29,30306.21330156238
Daging Ayam Ras/DI Yogyakarta/2024-11-30,30311.95844222717
Daging Ayam Ras/DI Yogyakarta/2024-12-01,30268.493953300356
Daging Ayam Ras/DI Yogyakarta/2024-12-02,30277.372735880555
Daging Ayam Ras/DI Yogyakarta/2024-12-03,30264.166384301057
Daging Ayam Ras/DI Yogyakarta/2024-12-04,30291.47205580855
Daging Ayam Ras/DI Yogyakarta/2024-12-05,30306.69915590321
Daging Ayam Ras/DI Yogyakarta/2024-12-06,30318.80763604388
Daging Ayam Ras/DI Yogyakarta/2024-12-07,30296.771755179005
Daging Ayam Ras/DI Yogyakarta/2024-12-08,30320.75560958877
Daging Ayam Ras/DI Yogyakarta/2024-12-09,30274.335753259627
Daging Ayam Ras/DI Yogyakarta/2024-12-10,30269.348027036256
Daging Ayam Ras/DI Yogyakarta/2024-12-11,30294.77157195923
Daging Ayam Ras/DI Yogyakarta/2024-12-12,30301.554123836748
Daging Ayam Ras/DI Yogyakarta/2024-12-13,30295.124157693157
Daging Ayam Ras/DI Yogyakarta/2024-12-14,30263.731148771218
Daging Ayam Ras/DI Yogyakarta/2024-12-15,30294.253602596847
Daging Ayam Ras/DI Yogyakarta/2024-12-16,30275.502637551625
Daging Ayam Ras/DI Yogyakarta/2024-12-17,30305.96060026069
Daging Ayam Ras/DI Yogyakarta/2024-12-18,30301.284631875424
Daging Ayam Ras/DI Yogyakarta/2024-12-19,30281.127693723374
Daging Ayam Ras/DI Yogyakarta/2024-12-20,30287.700414304287
Daging Ayam Ras/DI Yogyakarta/2024-12-21,30279.286558497628
Daging Ayam Ras/DI Yogyakarta/2024-12-22,30294.661545496903
Daging Ayam Ras/DI Yogyakarta/2024-12-23,30310.36495792232
Daging Ayam Ras/DI Yogyakarta/2024-12-24,30280.42035674216
Daging Ayam Ras/DI Yogyakarta/2024-12-25,30303.405246380276
Daging Ayam Ras/DI Yogyakarta/2024-12-26,30287.44753110316
Daging Ayam Ras/DI Yogyakarta/2024-12-27,30283.39578396865
Daging Ayam Ras/DI Yogyakarta/2024-12-28,30293.97727401537
Daging Ayam Ras/DI Yogyakarta/2024-12-29,30279.65639708132
Daging Ayam Ras/DI Yogyakarta/2024-12-30,30287.086633502186
Daging Ayam Ras/DI Yogyakarta/2024-12-31,30277.147181428343
Daging Ayam Ras/DKI Jakarta/2024-10-01,30325.941261391778
Daging Ayam Ras/DKI Jakarta/2024-10-02,30296.17264929986
Daging Ayam Ras/DKI Jakarta/2024-10-03,30284.832903313745
Daging Ayam Ras/DKI Jakarta/2024-10-04,30298.929966683645
Daging Ayam Ras/DKI Jakarta/2024-10-05,30293.89553884516
Daging Ayam Ras/DKI Jakarta/2024-10-06,30292.219367530703
Daging Ayam Ras/DKI Jakarta/2024-10-07,30305.1042307441
Daging Ayam Ras/DKI Jakarta/2024-10-08,30307.31576113465
Daging Ayam Ras/DKI Jakarta/2024-10-09,30287.44377382315
Daging Ayam Ras/DKI Jakarta/2024-10-10,30286.744601071023
Daging Ayam Ras/DKI Jakarta/2024-10-11,30291.384964295616
Daging Ayam Ras/DKI Jakarta/2024-10-12,30260.11349896179
Daging Ayam Ras/DKI Jakarta/2024-10-13,30272.251529319456
Daging Ayam Ras/DKI Jakarta/2024-10-14,30316.717345933284
Daging Ayam Ras/DKI Jakarta/2024-10-15,30321.0078982836
Daging Ayam Ras/DKI Jakarta/2024-10-16,30291.78634571047
Daging Ayam Ras/DKI Jakarta/2024-10-17,30304.523970591566
Daging Ayam Ras/DKI Jakarta/2024-10-18,30300.43069630928
Daging Ayam Ras/DKI Jakarta/2024-10-19,30343.13096262381
Daging Ayam Ras/DKI Jakarta/2024-10-20,30312.90189883014
Daging Ayam Ras/DKI Jakarta/2024-10-21,30293.65501629378
Daging Ayam Ras/DKI Jakarta/2024-10-22,30280.88607401622
Daging Ayam Ras/DKI Jakarta/2024-10-23,30270.843601633653
Daging Ayam Ras/DKI Jakarta/2024-10-24,30298.767716805098
Daging Ayam Ras/DKI Jakarta/2024-10-25,30283.95926336144
Daging Ayam Ras/DKI Jakarta/2024-10-26,30273.685409126003
Daging Ayam Ras/DKI Jakarta/2024-10-27,30285.65296620264
Daging Ayam Ras/DKI Jakarta/2024-10-28,30278.94197194077
Daging Ayam Ras/DKI Jakarta/2024-10-29,30321.65857675476
Daging Ayam Ras/DKI Jakarta/2024-10-30,30309.23092689328
Daging Ayam Ras/DKI Jakarta/2024-10-31,30295.505581616813
Daging Ayam Ras/DKI Jakarta/2024-11-01,30318.461839410415
Daging Ayam Ras/DKI Jakarta/2024-11-02,30296.822260648085
Daging Ayam Ras/DKI Jakarta/2024-11-03,30282.34030220705
Daging Ayam Ras/DKI Jakarta/2024-11-04,30319.128039167117
Daging Ayam Ras/DKI Jakarta/2024-11-05,30303.943136772286
Daging Ayam Ras/DKI Jakarta/2024-11-06,30279.625481049963
Daging Ayam Ras/DKI Jakarta/2024-11-07,30292.69195533844
Daging Ayam Ras/DKI Jakarta/2024-11-08,30282.119149923124
Daging Ayam Ras/DKI Jakarta/2024-11-09,30274.294123078653
Daging Ayam Ras/DKI Jakarta/2024-11-10,30309.918076212223
Daging Ayam Ras/DKI Jakarta/2024-11-11,30325.08793677869
Daging Ayam Ras/DKI Jakarta/2024-11-12,30274.050849617237
Daging Ayam Ras/DKI Jakarta/2024-11-13,30304.314332960337
Daging Ayam Ras/DKI Jakarta/2024-11-14,30285.590177250684
Daging Ayam Ras/DKI Jakarta/2024-11-15,30288.11299486433
Daging Ayam Ras/DKI Jakarta/2024-11-16,30286.48886387473
Daging Ayam Ras/DKI Jakarta/2024-11-17,30282.298544037752
Daging Ayam Ras/DKI Jakarta/2024-11-18,30296.37720093469
Daging Ayam Ras/DKI Jakarta/2024-11-19,30282.808310285567
Daging Ayam Ras/DKI Jakarta/2024-11-20,30299.80131825278
Daging Ayam Ras/DKI Jakarta/2024-11-21,30294.85349072361
Daging Ayam Ras/DKI Jakarta/2024-11-22,30291.94198785652
Daging Ayam Ras/DKI Jakarta/2024-11-23,30281.62628160804
Daging Ayam Ras/DKI Jakarta/2024-11-24,30286.72989636557
Daging Ayam Ras/DKI Jakarta/2024-11-25,30307.28310705208
Daging Ayam Ras/DKI Jakarta/2024-11-26,30303.3569656842
Daging Ayam Ras/DKI Jakarta/2024-11-27,30280.546419589864
Daging Ayam Ras/DKI Jakarta/2024-11-28,30297.161131209905
Daging Ayam Ras/DKI Jakarta/2024-11-29,30307.22132993565
Daging Ayam Ras/DKI Jakarta/2024-11-30,30269.872242109228
Daging Ayam Ras/DKI Jakarta/2024-12-01,30304.011795693288
Daging Ayam Ras/DKI Jakarta/2024-12-02,30285.40532599695
Daging Ayam Ras/DKI Jakarta/2024-12-03,30304.432043310742
Daging Ayam Ras/DKI Jakarta/2024-12-04,30283.852677245945
Daging Ayam Ras/DKI Jakarta/2024-12-05,30267.78204403104
Daging Ayam Ras/DKI Jakarta/2024-12-06,30270.51812112217
Daging Ayam Ras/DKI Jakarta/2024-12-07,30296.37046361696
Daging Ayam Ras/DKI Jakarta/2024-12-08,30299.635704211996
Daging Ayam Ras/DKI Jakarta/2024-12-09,30281.67637837285
Daging Ayam Ras/DKI Jakarta/2024-12-10,30305.48108247517
Daging Ayam Ras/DKI Jakarta/2024-12-11,30269.9938988572
Daging Ayam Ras/DKI Jakarta/2024-12-12,30294.60907792717
Daging Ayam Ras/DKI Jakarta/2024-12-13,30276.944477641104
Daging Ayam Ras/DKI Jakarta/2024-12-14,30285.5717627923
Daging Ayam Ras/DKI Jakarta/2024-12-15,30296.359875448357
Daging Ayam Ras/DKI Jakarta/2024-12-16,30282.353737862188
Daging Ayam Ras/DKI Jakarta/2024-12-17,30289.69548906665
Daging Ayam Ras/DKI Jakarta/2024-12-18,30311.154130959945
Daging Ayam Ras/DKI Jakarta/2024-12-19,30286.72803663568
Daging Ayam Ras/DKI Jakarta/2024-12-20,30308.52202570001
Daging Ayam Ras/DKI Jakarta/2024-12-21,30278.198955251737
Daging Ayam Ras/DKI Jakarta/2024-12-22,30303.802647327702
Daging Ayam Ras/DKI Jakarta/2024-12-23,30317.86976443605
Daging Ayam Ras/DKI Jakarta/2024-12-24,30257.494930038665
Daging Ayam Ras/DKI Jakarta/2024-12-25,30283.33372419129
Daging Ayam Ras/DKI Jakarta/2024-12-26,30304.531918778328
Daging Ayam Ras/DKI Jakarta/2024-12-27,30292.495910460457
Daging Ayam Ras/DKI Jakarta/2024-12-28,30301.354794740342
Daging Ayam Ras/DKI Jakarta/2024-12-29,30286.310028597705
Daging Ayam Ras/DKI Jakarta/2024-12-30,30296.96453383898
Daging Ayam Ras/DKI Jakarta/2024-12-31,30293.226727863697
Daging Ayam Ras/Gorontalo/2024-10-01,30313.64566070096
Daging Ayam Ras/Gorontalo/2024-10-02,30299.553907811114
Daging Ayam Ras/Gorontalo/2024-10-03,30300.83727479838
Daging Ayam Ras/Gorontalo/2024-10-04,30289.27396172547
Daging Ayam Ras/Gorontalo/2024-10-05,30288.10557624105
Daging Ayam Ras/Gorontalo/2024-10-06,30288.954882417354
Daging Ayam Ras/Gorontalo/2024-10-07,30301.714374474
Daging Ayam Ras/Gorontalo/2024-10-08,30289.13344684047
Daging Ayam Ras/Gorontalo/2024-10-09,30300.09936563572
Daging Ayam Ras/Gorontalo/2024-10-10,30327.64881597262
Daging Ayam Ras/Gorontalo/2024-10-11,30309.068695858263
Daging Ayam Ras/Gorontalo/2024-10-12,30290.5985476086
Daging Ayam Ras/Gorontalo/2024-10-13,30314.161462672186
Daging Ayam Ras/Gorontalo/2024-10-14,30289.332614435363
Daging Ayam Ras/Gorontalo/2024-10-15,30264.18347351532
Daging Ayam Ras/Gorontalo/2024-10-16,30280.07537239565
Daging Ayam Ras/Gorontalo/2024-10-17,30266.765157302245
Daging Ayam Ras/Gorontalo/2024-10-18,30290.205277021065
Daging Ayam Ras/Gorontalo/2024-10-19,30295.912754301626
Daging Ayam Ras/Gorontalo/2024-10-20,30321.49342558709
Daging Ayam Ras/Gorontalo/2024-10-21,30300.67257158799
Daging Ayam Ras/Gorontalo/2024-10-22,30292.248204405158
Daging Ayam Ras/Gorontalo/2024-10-23,30308.42503423821
Daging Ayam Ras/Gorontalo/2024-10-24,30261.514184494627
Daging Ayam Ras/Gorontalo/2024-10-25,30299.26375587737
Daging Ayam Ras/Gorontalo/2024-10-26,30307.52184647933
Daging Ayam Ras/Gorontalo/2024-10-27,30272.816285099736
Daging Ayam Ras/Gorontalo/2024-10-28,30313.27494548811
Daging Ayam Ras/Gorontalo/2024-10-29,30300.851063909784
Daging Ayam Ras/Gorontalo/2024-10-30,30289.221336069542
Daging Ayam Ras/Gorontalo/2024-10-31,30305.391434004858
Daging Ayam Ras/Gorontalo/2024-11-01,30330.66187081193
Daging Ayam Ras/Gorontalo/2024-11-02,30298.43450257692
Daging Ayam Ras/Gorontalo/2024-11-03,30299.458247422044
Daging Ayam Ras/Gorontalo/2024-11-04,30288.54135797297
Daging Ayam Ras/Gorontalo/2024-11-05,30282.5168011436
Daging Ayam Ras/Gorontalo/2024-11-06,30308.43938633305
Daging Ayam Ras/Gorontalo/2024-11-07,30282.420535967663
Daging Ayam Ras/Gorontalo/2024-11-08,30296.732743662826
Daging Ayam Ras/Gorontalo/2024-11-09,30288.259070508768
Daging Ayam Ras/Gorontalo/2024-11-10,30303.018506073236
Daging Ayam Ras/Gorontalo/2024-11-11,30300.776478093427
Daging Ayam Ras/Gorontalo/2024-11-12,30311.63622599168
Daging Ayam Ras/Gorontalo/2024-11-13,30287.75982185724
Daging Ayam Ras/Gorontalo/2024-11-14,30291.46483373545
Daging Ayam Ras/Gorontalo/2024-11-15,30280.527774749095
Daging Ayam Ras/Gorontalo/2024-11-16,30288.77382837755
Daging Ayam Ras/Gorontalo/2024-11-17,30301.44975101594
Daging Ayam Ras/Gorontalo/2024-11-18,30307.307752325218
Daging Ayam Ras/Gorontalo/2024-11-19,30281.40100051392
Daging Ayam Ras/Gorontalo/2024-11-20,30309.045263377346
Daging Ayam Ras/Gorontalo/2024-11-21,30316.54398550289
Daging Ayam Ras/Gorontalo/2024-11-22,30302.00724915449
Daging Ayam Ras/Gorontalo/2024-11-23,30324.584647787706
Daging Ayam Ras/Gorontalo/2024-11-24,30283.69021495314
Daging Ayam Ras/Gorontalo/2024-11-25,30276.425487486857
Daging Ayam Ras/Gorontalo/2024-11-26,30268.185680996063
Daging Ayam Ras/Gorontalo/2024-11-27,30318.710240206503
Daging Ayam Ras/Gorontalo/2024-11-28,30305.72443855167
Daging Ayam Ras/Gorontalo/2024-11-29,30294.77100153816
Daging Ayam Ras/Gorontalo/2024-11-30,30299.94807064389
Daging Ayam Ras/Gorontalo/2024-12-01,30278.26402950478
Daging Ayam Ras/Gorontalo/2024-12-02,30333.362762678276
Daging Ayam Ras/Gorontalo/2024-12-03,30297.622270410888
Daging Ayam Ras/Gorontalo/2024-12-04,30297.31637987612
Daging Ayam Ras/Gorontalo/2024-12-05,30306.82604520029
Daging Ayam Ras/Gorontalo/2024-12-06,30303.0498166732
Daging Ayam Ras/Gorontalo/2024-12-07,30299.082771858488
Daging Ayam Ras/Gorontalo/2024-12-08,30283.43278721859
Daging Ayam Ras/Gorontalo/2024-12-09,30302.902615714225
Daging Ayam Ras/Gorontalo/2024-12-10,30324.665318304706
Daging Ayam Ras/Gorontalo/2024-12-11,30316.38634043537
Daging Ayam Ras/Gorontalo/2024-12-12,30320.208996090518
Daging Ayam Ras/Gorontalo/2024-12-13,30287.74131885655
Daging Ayam Ras/Gorontalo/2024-12-14,30280.360513251388
Daging Ayam Ras/Gorontalo/2024-12-15,30293.687889262317
Daging Ayam Ras/Gorontalo/2024-12-16,30296.488336486465
Daging Ayam Ras/Gorontalo/2024-12-17,30312.510272282
Daging Ayam Ras/Gorontalo/2024-12-18,30269.51647197617
Daging Ayam Ras/Gorontalo/2024-12-19,30319.227186158627
Daging Ayam Ras/Gorontalo/2024-12-20,30293.190769330493
Daging Ayam Ras/Gorontalo/2024-12-21,30289.042471577668
Daging Ayam Ras/Gorontalo/2024-12-22,30280.013379868844
Daging Ayam Ras/Gorontalo/2024-12-23,30270.09670467935
Daging Ayam Ras/Gorontalo/2024-12-24,30308.328837861194
Daging Ayam Ras/Gorontalo/2024-12-25,30296.75977015065
Daging Ayam Ras/Gorontalo/2024-12-26,30275.72648285251
Daging Ayam Ras/Gorontalo/2024-12-27,30275.64752198726
Daging Ayam Ras/Gorontalo/2024-12-28,30290.44794787627
Daging Ayam Ras/Gorontalo/2024-12-29,30321.37901144777
Daging Ayam Ras/Gorontalo/2024-12-30,30291.62349355223
Daging Ayam Ras/Gorontalo/2024-12-31,30272.43741303396
Daging Ayam Ras/Jambi/2024-10-01,30291.837151235894
Daging Ayam Ras/Jambi/2024-10-02,30291.420883705607
Daging Ayam Ras/Jambi/2024-10-03,30254.01979166721
Daging Ayam Ras/Jambi/2024-10-04,30294.790901227803
Daging Ayam Ras/Jambi/2024-10-05,30292.06562404147
Daging Ayam Ras/Jambi/2024-10-06,30306.36997605917
Daging Ayam Ras/Jambi/2024-10-07,30324.15512394408
Daging Ayam Ras/Jambi/2024-10-08,30313.009745556214
Daging Ayam Ras/Jambi/2024-10-09,30291.48004996848
Daging Ayam Ras/Jambi/2024-10-10,30278.556601443663
Daging Ayam Ras/Jambi/2024-10-11,30335.33155430343
Daging Ayam Ras/Jambi/2024-10-12,30296.542236130863
Daging Ayam Ras/Jambi/2024-10-13,30295.843494618457
Daging Ayam Ras/Jambi/2024-10-14,30295.25637432608
Daging Ayam Ras/Jambi/2024-10-15,30298.684729070123
Daging Ayam Ras/Jambi/2024-10-16,30293.401328970693
Daging Ayam Ras/Jambi/2024-10-17,30286.777868427653
Daging Ayam Ras/Jambi/2024-10-18,30287.191398332467
Daging Ayam Ras/Jambi/2024-10-19,30295.1232547872
Daging Ayam Ras/Jambi/2024-10-20,30287.24438227305
Daging Ayam Ras/Jambi/2024-10-21,30284.63047773996
Daging Ayam Ras/Jambi/2024-10-22,30297.270641187497
Daging Ayam Ras/Jambi/2024-10-23,30291.69468251232
Daging Ayam Ras/Jambi/2024-10-24,30318.832876017124
Daging Ayam Ras/Jambi/2024-10-25,30254.728217504588
Daging Ayam Ras/Jambi/2024-10-26,30312.46885202369
Daging Ayam Ras/Jambi/2024-10-27,30314.853757068624
Daging Ayam Ras/Jambi/2024-10-28,30263.639378275817
Daging Ayam Ras/Jambi/2024-10-29,30290.341446871356
Daging Ayam Ras/Jambi/2024-10-30,30289.89782829585
Daging Ayam Ras/Jambi/2024-10-31,30273.912855646187
Daging Ayam Ras/Jambi/2024-11-01,30283.62807702634
Daging Ayam Ras/Jambi/2024-11-02,30278.49411717524
Daging Ayam Ras/Jambi/2024-11-03,30322.66341367453
Daging Ayam Ras/Jambi/2024-11-04,30310.06465958578
Daging Ayam Ras/Jambi/2024-11-05,30315.24671832524
Daging Ayam Ras/Jambi/2024-11-06,30306.76287246587
Daging Ayam Ras/Jambi/2024-11-07,30278.20906217743
Daging Ayam Ras/Jambi/2024-11-08,30287.53604958446
Daging Ayam Ras/Jambi/2024-11-09,30303.17888078678
Daging Ayam Ras/Jambi/2024-11-10,30276.773042674395
Daging Ayam Ras/Jambi/2024-11-11,30306.62905169189
Daging Ayam Ras/Jambi/2024-11-12,30291.92073745344
Daging Ayam Ras/Jambi/2024-11-13,30289.84568101808
Daging Ayam Ras/Jambi/2024-11-14,30306.597601372167
Daging Ayam Ras/Jambi/2024-11-15,30302.482883878725
Daging Ayam Ras/Jambi/2024-11-16,30290.05943674114
Daging Ayam Ras/Jambi/2024-11-17,30313.51525541018
Daging Ayam Ras/Jambi/2024-11-18,30278.94944974308
Daging Ayam Ras/Jambi/2024-11-19,30305.131522245458
Daging Ayam Ras/Jambi/2024-11-20,30304.779223508987
Daging Ayam Ras/Jambi/2024-11-21,30290.85276370205
Daging Ayam Ras/Jambi/2024-11-22,30300.660315970905
Daging Ayam Ras/Jambi/2024-11-23,30276.32583705122
Daging Ayam Ras/Jambi/2024-11-24,30309.88489688172
Daging Ayam Ras/Jambi/2024-11-25,30292.77583277908
Daging Ayam Ras/Jambi/2024-11-26,30287.563778310658
Daging Ayam Ras/Jambi/2024-11-27,30311.813179291847
Daging Ayam Ras/Jambi/2024-11-28,30284.761651889898
Daging Ayam Ras/Jambi/2024-11-29,30273.89820475948
Daging Ayam Ras/Jambi/2024-11-30,30271.612203263918
Daging Ayam Ras/Jambi/2024-12-01,30304.97838471
Daging Ayam Ras/Jambi/2024-12-02,30275.873539904784
Daging Ayam Ras/Jambi/2024-12-03,30322.702351062544
Daging Ayam Ras/Jambi/2024-12-04,30263.5076319872
Daging Ayam Ras/Jambi/2024-12-05,30321.802288701463
Daging Ayam Ras/Jambi/2024-12-06,30298.88426075552
Daging Ayam Ras/Jambi/2024-12-07,30294.136453218063
Daging Ayam Ras/Jambi/2024-12-08,30287.22132729019
Daging Ayam Ras/Jambi/2024-12-09,30301.786640927043
Daging Ayam Ras/Jambi/2024-12-10,30295.047941827717
Daging Ayam Ras/Jambi/2024-12-11,30312.650831120325
Daging Ayam Ras/Jambi/2024-12-12,30297.390943349757
Daging Ayam Ras/Jambi/2024-12-13,30297.94751119288
Daging Ayam Ras/Jambi/2024-12-14,30290.01861233215
Daging Ayam Ras/Jambi/2024-12-15,30294.75000413832
Daging Ayam Ras/Jambi/2024-12-16,30300.377493044794
Daging Ayam Ras/Jambi/2024-12-17,30269.24333025789
Daging Ayam Ras/Jambi/2024-12-18,30274.82816840167
Daging Ayam Ras/Jambi/2024-12-19,30307.09600413902
Daging Ayam Ras/Jambi/2024-12-20,30298.26477696272
Daging Ayam Ras/Jambi/2024-12-21,30292.79000844536
Daging Ayam Ras/Jambi/2024-12-22,30295.91299427391
Daging Ayam Ras/Jambi/2024-12-23,30300.991236023405
Daging Ayam Ras/Jambi/2024-12-24,30287.300928963643
Daging Ayam Ras/Jambi/2024-12-25,30283.62054735669
Daging Ayam Ras/Jambi/2024-12-26,30298.65017695661
Daging Ayam Ras/Jambi/2024-12-27,30280.533806321204
Daging Ayam Ras/Jambi/2024-12-28,30301.927296622383
Daging Ayam Ras/Jambi/2024-12-29,30269.360351828294
Daging Ayam Ras/Jambi/2024-12-30,30311.50686908549
Daging Ayam Ras/Jambi/2024-12-31,30302.92003637329
Daging Ayam Ras/Jawa Barat/2024-10-01,30299.578730514462
Daging Ayam Ras/Jawa Barat/2024-10-02,30310.78999124966
Daging Ayam Ras/Jawa Barat/2024-10-03,30321.32428546917
Daging Ayam Ras/Jawa Barat/2024-10-04,30311.27875054147
Daging Ayam Ras/Jawa Barat/2024-10-05,30267.2267410456
Daging Ayam Ras/Jawa Barat/2024-10-06,30275.886690900537
Daging Ayam Ras/Jawa Barat/2024-10-07,30285.988601552584
Daging Ayam Ras/Jawa Barat/2024-10-08,30296.03113176485
Daging Ayam Ras/Jawa Barat/2024-10-09,30303.615266306813
Daging Ayam Ras/Jawa Barat/2024-10-10,30284.431481051044
Daging Ayam Ras/Jawa Barat/2024-10-11,30298.510109868286
Daging Ayam Ras/Jawa Barat/2024-10-12,30283.974195220155
Daging Ayam Ras/Jawa Barat/2024-10-13,30286.193811962883
Daging Ayam Ras/Jawa Barat/2024-10-14,30273.925979057545
Daging Ayam Ras/Jawa Barat/2024-10-15,30281.38452412792
Daging Ayam Ras/Jawa Barat/2024-10-16,30274.774181404675
Daging Ayam Ras/Jawa Barat/2024-10-17,30280.572370125785
Daging Ayam Ras/Jawa Barat/2024-10-18,30311.88465270372
Daging Ayam Ras/Jawa Barat/2024-10-19,30280.980828674223
Daging Ayam Ras/Jawa Barat/2024-10-20,30336.24217663836
Daging Ayam Ras/Jawa Barat/2024-10-21,30303.23972042704
Daging Ayam Ras/Jawa Barat/2024-10-22,30298.48032306294
Daging Ayam Ras/Jawa Barat/2024-10-23,30282.38545236542
Daging Ayam Ras/Jawa Barat/2024-10-24,30306.4332869514
Daging Ayam Ras/Jawa Barat/2024-10-25,30286.74738458667
Daging Ayam Ras/Jawa Barat/2024-10-26,30297.511010151127
Daging Ayam Ras/Jawa Barat/2024-10-27,30335.126737468752
Daging Ayam Ras/Jawa Barat/2024-10-28,30294.146531272567
Daging Ayam Ras/Jawa Barat/2024-10-29,30313.36009950134
Daging Ayam Ras/Jawa Barat/2024-10-30,30284.779660992408
Daging Ayam Ras/Jawa Barat/2024-10-31,30295.08876879062
Daging Ayam Ras/Jawa Barat/2024-11-01,30322.94930592001
Daging Ayam Ras/Jawa Barat/2024-11-02,30285.955453823142
Daging Ayam Ras/Jawa Barat/2024-11-03,30323.59186903578
Daging Ayam Ras/Jawa Barat/2024-11-04,30306.548106381757
Daging Ayam Ras/Jawa Barat/2024-11-05,30286.95059355045
Daging Ayam Ras/Jawa Barat/2024-11-06,30305.385661802316
Daging Ayam Ras/Jawa Barat/2024-11-07,30310.633600181256
Daging Ayam Ras/Jawa Barat/2024-11-08,30305.22215447423
Daging Ayam Ras/Jawa Barat/2024-11-09,30271.402444982145
Daging Ayam Ras/Jawa Barat/2024-11-10,30284.409983617108
Daging Ayam Ras/Jawa Barat/2024-11-11,30291.8097569106
Daging Ayam Ras/Jawa Barat/2024-11-12,30294.48019431168
Daging Ayam Ras/Jawa Barat/2024-11-13,30305.204598979886
Daging Ayam Ras/Jawa Barat/2024-11-14,30298.370239139105
Daging Ayam Ras/Jawa Barat/2024-11-15,30275.026286176515
Daging Ayam Ras/Jawa Barat/2024-11-16,30301.49445277424
Daging Ayam Ras/Jawa Barat/2024-11-17,30305.048982143035
Daging Ayam Ras/Jawa Barat/2024-11-18,30304.2652891595
Daging Ayam Ras/Jawa Barat/2024-11-19,30312.30336446061
Daging Ayam Ras/Jawa Barat/2024-11-20,30308.49471798928
Daging Ayam Ras/Jawa Barat/2024-11-21,30302.713026565667
Daging Ayam Ras/Jawa Barat/2024-11-22,30294.546038603286
Daging Ayam Ras/Jawa Barat/2024-11-23,30270.00252535027
Daging Ayam Ras/Jawa Barat/2024-11-24,30302.256932723427
Daging Ayam Ras/Jawa Barat/2024-11-25,30298.83288739244
Daging Ayam Ras/Jawa Barat/2024-11-26,30299.818629155947
Daging Ayam Ras/Jawa Barat/2024-11-27,30275.93032860384
Daging Ayam Ras/Jawa Barat/2024-11-28,30278.949554458966
Daging Ayam Ras/Jawa Barat/2024-11-29,30311.87710906417
Daging Ayam Ras/Jawa Barat/2024-11-30,30295.01831222831
Daging Ayam Ras/Jawa Barat/2024-12-01,30306.143090323832
Daging Ayam Ras/Jawa Barat/2024-12-02,30296.06549596363
Daging Ayam Ras/Jawa Barat/2024-12-03,30296.087678431693
Daging Ayam Ras/Jawa Barat/2024-12-04,30310.1048570816
Daging Ayam Ras/Jawa Barat/2024-12-05,30287.66681404608
Daging Ayam Ras/Jawa Barat/2024-12-06,30297.11158228562
Daging Ayam Ras/Jawa Barat/2024-12-07,30288.496393449503
Daging Ayam Ras/Jawa Barat/2024-12-08,30288.92498145948
Daging Ayam Ras/Jawa Barat/2024-12-09,30290.858538817403
Daging Ayam Ras/Jawa Barat/2024-12-10,30299.05576816348
Daging Ayam Ras/Jawa Barat/2024-12-11,30288.242235365436
Daging Ayam Ras/Jawa Barat/2024-12-12,30315.002964628984
Daging Ayam Ras/Jawa Barat/2024-12-13,30281.826178228668
Daging Ayam Ras/Jawa Barat/2024-12-14,30292.745446316934
Daging Ayam Ras/Jawa Barat/2024-12-15,30288.84421610492
Daging Ayam Ras/Jawa Barat/2024-12-16,30317.953221020136
Daging Ayam Ras/Jawa Barat/2024-12-17,30298.66112377615
Daging Ayam Ras/Jawa Barat/2024-12-18,30311.54835469248
Daging Ayam Ras/Jawa Barat/2024-12-19,30272.708685087877
Daging Ayam Ras/Jawa Barat/2024-12-20,30299.748760294875
Daging Ayam Ras/Jawa Barat/2024-12-21,30309.354216277658
Daging Ayam Ras/Jawa Barat/2024-12-22,30296.89810202321
Daging Ayam Ras/Jawa Barat/2024-12-23,30312.067303684336
Daging Ayam Ras/Jawa Barat/2024-12-24,30287.647625338388
Daging Ayam Ras/Jawa Barat/2024-12-25,30317.372641387792
Daging Ayam Ras/Jawa Barat/2024-12-26,30331.097034499715
Daging Ayam Ras/Jawa Barat/2024-12-27,30290.030548584105
Daging Ayam Ras/Jawa Barat/2024-12-28,30288.755171343044
Daging Ayam Ras/Jawa Barat/2024-12-29,30318.05206485134
Daging Ayam Ras/Jawa Barat/2024-12-30,30319.998945678
Daging Ayam Ras/Jawa Barat/2024-12-31,30287.561664509903
Daging Ayam Ras/Jawa Tengah/2024-10-01,30289.14575355973
Daging Ayam Ras/Jawa Tengah/2024-10-02,30291.281085867096
Daging Ayam Ras/Jawa Tengah/2024-10-03,30274.88579231084
Daging Ayam Ras/Jawa Tengah/2024-10-04,30281.455206505227
Daging Ayam Ras/Jawa Tengah/2024-10-05,30280.13624604813
Daging Ayam Ras/Jawa Tengah/2024-10-06,30283.782656611525
Daging Ayam Ras/Jawa Tengah/2024-10-07,30295.09345291769
Daging Ayam Ras/Jawa Tengah/2024-10-08,30299.24215873086
Daging Ayam Ras/Jawa Tengah/2024-10-09,30319.5504149754
Daging Ayam Ras/Jawa Tengah/2024-10-10,30280.22552629277
Daging Ayam Ras/Jawa Tengah/2024-10-11,30310.815161456117
Daging Ayam Ras/Jawa Tengah/2024-10-12,30292.32706980315
Daging Ayam Ras/Jawa Tengah/2024-10-13,30294.865438516397
Daging Ayam Ras/Jawa Tengah/2024-10-14,30306.040009646797
Daging Ayam Ras/Jawa Tengah/2024-10-15,30278.306720438148
Daging Ayam Ras/Jawa Tengah/2024-10-16,30301.528578900507
Daging Ayam Ras/Jawa Tengah/2024-10-17,30298.19668764148
Daging Ayam Ras/Jawa Tengah/2024-10-18,30303.226349558638
Daging Ayam Ras/Jawa Tengah/2024-10-19,30300.09001270562
Daging Ayam Ras/Jawa Tengah/2024-10-20,30333.51007604424
Daging Ayam Ras/Jawa Tengah/2024-10-21,30285.78924420687
Daging Ayam Ras/Jawa Tengah/2024-10-22,30287.436124280888
Daging Ayam Ras/Jawa Tengah/2024-10-23,30286.014491291902
Daging Ayam Ras/Jawa Tengah/2024-10-24,30287.05843315816
Daging Ayam Ras/Jawa Tengah/2024-10-25,30285.79468824453
Daging Ayam Ras/Jawa Tengah/2024-10-26,30313.973275767363
Daging Ayam Ras/Jawa Tengah/2024-10-27,30317.54477370024
Daging Ayam Ras/Jawa Tengah/2024-10-28,30286.82285337787
Daging Ayam Ras/Jawa Tengah/2024-10-29,30282.786626259556
Daging Ayam Ras/Jawa Tengah/2024-10-30,30302.901801080214
Daging Ayam Ras/Jawa Tengah/2024-10-31,30287.108638507543
Daging Ayam Ras/Jawa Tengah/2024-11-01,30305.3937475272
Daging Ayam Ras/Jawa Tengah/2024-11-02,30298.7593759504
Daging Ayam Ras/Jawa Tengah/2024-11-03,30272.242996568977
Daging Ayam Ras/Jawa Tengah/2024-11-04,30319.504202254106
Daging Ayam Ras/Jawa Tengah/2024-11-05,30323.3362058759
Daging Ayam Ras/Jawa Tengah/2024-11-06,30286.174204131792
Daging Ayam Ras/Jawa Tengah/2024-11-07,30289.646950903403
Daging Ayam Ras/Jawa Tengah/2024-11-08,30300.039048610965
Daging Ayam Ras/Jawa Tengah/2024-11-09,30300.788738850937
Daging Ayam Ras/Jawa Tengah/2024-11-10,30305.788908147493
Daging Ayam Ras/Jawa Tengah/2024-11-11,30326.642938379955
Daging Ayam Ras/Jawa Tengah/2024-11-12,30292.898564737603
Daging Ayam Ras/Jawa Tengah/2024-11-13,30283.312093665376
Daging Ayam Ras/Jawa Tengah/2024-11-14,30274.347821863445
Daging Ayam Ras/Jawa Tengah/2024-11-15,30284.35146558196
Daging Ayam Ras/Jawa Tengah/2024-11-16,30295.117489132383
Daging Ayam Ras/Jawa Tengah/2024-11-17,30323.3158432526
Daging Ayam Ras/Jawa Tengah/2024-11-18,30287.64264427796
Daging Ayam Ras/Jawa Tengah/2024-11-19,30299.08128960604
Daging Ayam Ras/Jawa Tengah/2024-11-20,30295.37520723756
Daging Ayam Ras/Jawa Tengah/2024-11-21,30313.963659864312
Daging Ayam Ras/Jawa Tengah/2024-11-22,30334.61525157877
Daging Ayam Ras/Jawa Tengah/2024-11-23,30287.43810193243
Daging Ayam Ras/Jawa Tengah/2024-11-24,30288.077292511887
Daging Ayam Ras/Jawa Tengah/2024-11-25,30311.73837675876
Daging Ayam Ras/Jawa Tengah/2024-11-26,30306.14911964472
Daging Ayam Ras/Jawa Tengah/2024-11-27,30324.120428908464
Daging Ayam Ras/Jawa Tengah/2024-11-28,30304.63769716616
Daging Ayam Ras/Jawa Tengah/2024-11-29,30290.08526513323
Daging Ayam Ras/Jawa Tengah/2024-11-30,30304.74147891469
Daging Ayam Ras/Jawa Tengah/2024-12-01,30312.734170986143
Daging Ayam Ras/Jawa Tengah/2024-12-02,30308.28735995884
Daging Ayam Ras/Jawa Tengah/2024-12-03,30303.45504196084
Daging Ayam Ras/Jawa Tengah/2024-12-04,30312.08573011279
Daging Ayam Ras/Jawa Tengah/2024-12-05,30313.66901211244
Daging Ayam Ras/Jawa Tengah/2024-12-06,30316.95316561068
Daging Ayam Ras/Jawa Tengah/2024-12-07,30305.637178775112
Daging Ayam Ras/Jawa Tengah/2024-12-08,30293.05021329718
Daging Ayam Ras/Jawa Tengah/2024-12-09,30297.892152737066
Daging Ayam Ras/Jawa Tengah/2024-12-10,30314.24315702809
Daging Ayam Ras/Jawa Tengah/2024-12-11,30283.024531532792
Daging Ayam Ras/Jawa Tengah/2024-12-12,30301.31664688907
Daging Ayam Ras/Jawa Tengah/2024-12-13,30289.55997680589
Daging Ayam Ras/Jawa Tengah/2024-12-14,30296.072075379165
Daging Ayam Ras/Jawa Tengah/2024-12-15,30315.35312479728
Daging Ayam Ras/Jawa Tengah/2024-12-16,30298.5769506206
Daging Ayam Ras/Jawa Tengah/2024-12-17,30296.34503137401
Daging Ayam Ras/Jawa Tengah/2024-12-18,30274.64810723516
Daging Ayam Ras/Jawa Tengah/2024-12-19,30307.14212707473
Daging Ayam Ras/Jawa Tengah/2024-12-20,30305.5874111068
Daging Ayam Ras/Jawa Tengah/2024-12-21,30329.004266337524
Daging Ayam Ras/Jawa Tengah/2024-12-22,30290.8800443643
Daging Ayam Ras/Jawa Tengah/2024-12-23,30299.00973823103
Daging Ayam Ras/Jawa Tengah/2024-12-24,30299.47619221865
Daging Ayam Ras/Jawa Tengah/2024-12-25,30319.96625484877
Daging Ayam Ras/Jawa Tengah/2024-12-26,30294.158324280004
Daging Ayam Ras/Jawa Tengah/2024-12-27,30299.93345834524
Daging Ayam Ras/Jawa Tengah/2024-12-28,30305.00749139182
Daging Ayam Ras/Jawa Tengah/2024-12-29,30298.50767770619
Daging Ayam Ras/Jawa Tengah/2024-12-30,30288.74080601384
Daging Ayam Ras/Jawa Tengah/2024-12-31,30298.62309597192
Daging Ayam Ras/Jawa Timur/2024-10-01,30312.193066807413
Daging Ayam Ras/Jawa Timur/2024-10-02,30279.79104156723
Daging Ayam Ras/Jawa Timur/2024-10-03,30297.68010385545
Daging Ayam Ras/Jawa Timur/2024-10-04,30284.82680433812
Daging Ayam Ras/Jawa Timur/2024-10-05,30314.066310863043
Daging Ayam Ras/Jawa Timur/2024-10-06,30272.128165818147
Daging Ayam Ras/Jawa Timur/2024-10-07,30287.005286323867
Daging Ayam Ras/Jawa Timur/2024-10-08,30301.448383777377
Daging Ayam Ras/Jawa Timur/2024-10-09,30319.782204938136
Daging Ayam Ras/Jawa Timur/2024-10-10,30294.614162182963
Daging Ayam Ras/Jawa Timur/2024-10-11,30287.06271598117
Daging Ayam Ras/Jawa Timur/2024-10-12,30324.65193524533
Daging Ayam Ras/Jawa Timur/2024-10-13,30273.287969168938
Daging Ayam Ras/Jawa Timur/2024-10-14,30261.70440735897
Daging Ayam Ras/Jawa Timur/2024-10-15,30302.41733050929
Daging Ayam Ras/Jawa Timur/2024-10-16,30287.88266591203
Daging Ayam Ras/Jawa Timur/2024-10-17,30279.87254210989
Daging Ayam Ras/Jawa Timur/2024-10-18,30306.55743306582
Daging Ayam Ras/Jawa Timur/2024-10-19,30299.390055615524
Daging Ayam Ras/Jawa Timur/2024-10-20,30286.92572511978
Daging Ayam Ras/Jawa Timur/2024-10-21,30275.87546774932
Daging Ayam Ras/Jawa Timur/2024-10-22,30309.089256201405
Daging Ayam Ras/Jawa Timur/2024-10-23,30305.66018708217
Daging Ayam Ras/Jawa Timur/2024-10-24,30294.09845675989
Daging Ayam Ras/Jawa Timur/2024-10-25,30324.11934383
Daging Ayam Ras/Jawa Timur/2024-10-26,30279.11883198687
Daging Ayam Ras/Jawa Timur/2024-10-27,30272.092089983104
Daging Ayam Ras/Jawa Timur/2024-10-28,30284.95351430957
Daging Ayam Ras/Jawa Timur/2024-10-29,30294.92526533477
Daging Ayam Ras/Jawa Timur/2024-10-30,30299.38293901752
Daging Ayam Ras/Jawa Timur/2024-10-31,30291.906687380837
Daging Ayam Ras/Jawa Timur/2024-11-01,30301.060258168163
Daging Ayam Ras/Jawa Timur/2024-11-02,30276.31926687732
Daging Ayam Ras/Jawa Timur/2024-11-03,30317.9036450684
Daging Ayam Ras/Jawa Timur/2024-11-04,30294.36112136035
Daging Ayam Ras/Jawa Timur/2024-11-05,30312.866736148204
Daging Ayam Ras/Jawa Timur/2024-11-06,30300.916309905053
Daging Ayam Ras/Jawa Timur/2024-11-07,30302.675583863063
Daging Ayam Ras/Jawa Timur/2024-11-08,30304.41921627244
Daging Ayam Ras/Jawa Timur/2024-11-09,30302.53603874229
Daging Ayam Ras/Jawa Timur/2024-11-10,30305.544806641632
Daging Ayam Ras/Jawa Timur/2024-11-11,30316.13535778873
Daging Ayam Ras/Jawa Timur/2024-11-12,30298.66060527497
Daging Ayam Ras/Jawa Timur/2024-11-13,30306.567420063795
Daging Ayam Ras/Jawa Timur/2024-11-14,30294.244103994573
Daging Ayam Ras/Jawa Timur/2024-11-15,30317.84737149542
Daging Ayam Ras/Jawa Timur/2024-11-16,30285.192898642574
Daging Ayam Ras/Jawa Timur/2024-11-17,30323.41431644029
Daging Ayam Ras/Jawa Timur/2024-11-18,30295.009012004903
Daging Ayam Ras/Jawa Timur/2024-11-19,30273.55393720092
Daging Ayam Ras/Jawa Timur/2024-11-20,30297.60504041996
Daging Ayam Ras/Jawa Timur/2024-11-21,30285.121011985
Daging Ayam Ras/Jawa Timur/2024-11-22,30308.598418724123
Daging Ayam Ras/Jawa Timur/2024-11-23,30285.559607151936
Daging Ayam Ras/Jawa Timur/2024-11-24,30288.74466592544
Daging Ayam Ras/Jawa Timur/2024-11-25,30266.47589212319
Daging Ayam Ras/Jawa Timur/2024-11-26,30288.65019925088
Daging Ayam Ras/Jawa Timur/2024-11-27,30258.231872891232
Daging Ayam Ras/Jawa Timur/2024-11-28,30271.191412969845
Daging Ayam Ras/Jawa Timur/2024-11-29,30307.36061082308
Daging Ayam Ras/Jawa Timur/2024-11-30,30307.75226991821
Daging Ayam Ras/Jawa Timur/2024-12-01,30302.192740206792
Daging Ayam Ras/Jawa Timur/2024-12-02,30280.70963878893
Daging Ayam Ras/Jawa Timur/2024-12-03,30294.892474624503
Daging Ayam Ras/Jawa Timur/2024-12-04,30295.57300554443
Daging Ayam Ras/Jawa Timur/2024-12-05,30277.75680912761
Daging Ayam Ras/Jawa Timur/2024-12-06,30318.823700918067
Daging Ayam Ras/Jawa Timur/2024-12-07,30309.164932193788
Daging Ayam Ras/Jawa Timur/2024-12-08,30292.21945124093
Daging Ayam Ras/Jawa Timur/2024-12-09,30296.043394128214
Daging Ayam Ras/Jawa Timur/2024-12-10,30298.843612032517
Daging Ayam Ras/Jawa Timur/2024-12-11,30264.12777164958
Daging Ayam Ras/Jawa Timur/2024-12-12,30291.815021917788
Daging Ayam Ras/Jawa Timur/2024-12-13,30285.10662355364
Daging Ayam Ras/Jawa Timur/2024-12-14,30280.175137433063
Daging Ayam Ras/Jawa Timur/2024-12-15,30291.29164380564
Daging Ayam Ras/Jawa Timur/2024-12-16,30323.364113695505
Daging Ayam Ras/Jawa Timur/2024-12-17,30305.51580270977
Daging Ayam Ras/Jawa Timur/2024-12-18,30286.816177546385
Daging Ayam Ras/Jawa Timur/2024-12-19,30304.462655106166
Daging Ayam Ras/Jawa Timur/2024-12-20,30317.218480205152
Daging Ayam Ras/Jawa Timur/2024-12-21,30309.89425676569
Daging Ayam Ras/Jawa Timur/2024-12-22,30296.54859166564
Daging Ayam Ras/Jawa Timur/2024-12-23,30285.64735188855
Daging Ayam Ras/Jawa Timur/2024-12-24,30306.401094463927
Daging Ayam Ras/Jawa Timur/2024-12-25,30301.69945890734
Daging Ayam Ras/Jawa Timur/2024-12-26,30309.440035894917
Daging Ayam Ras/Jawa Timur/2024-12-27,30305.428307019472
Daging Ayam Ras/Jawa Timur/2024-12-28,30311.82156449513
Daging Ayam Ras/Jawa Timur/2024-12-29,30287.37073452828
Daging Ayam Ras/Jawa Timur/2024-12-30,30315.95394284277
Daging Ayam Ras/Jawa Timur/2024-12-31,30298.677243861213
Daging Ayam Ras/Kalimantan Barat/2024-10-01,30327.646657130248
Daging Ayam Ras/Kalimantan Barat/2024-10-02,30284.995483593226
Daging Ayam Ras/Kalimantan Barat/2024-10-03,30322.41182740136
Daging Ayam Ras/Kalimantan Barat/2024-10-04,30298.682044869016
Daging Ayam Ras/Kalimantan Barat/2024-10-05,30285.578213494144
Daging Ayam Ras/Kalimantan Barat/2024-10-06,30288.162976112795
Daging Ayam Ras/Kalimantan Barat/2024-10-07,30290.68612297744
Daging Ayam Ras/Kalimantan Barat/2024-10-08,30302.17281257637
Daging Ayam Ras/Kalimantan Barat/2024-10-09,30303.695131206176
Daging Ayam Ras/Kalimantan Barat/2024-10-10,30286.77728219173
Daging Ayam Ras/Kalimantan Barat/2024-10-11,30295.25283341608
Daging Ayam Ras/Kalimantan Barat/2024-10-12,30328.68051000118
Daging Ayam Ras/Kalimantan Barat/2024-10-13,30322.28191003905
Daging Ayam Ras/Kalimantan Barat/2024-10-14,30302.360387468543
Daging Ayam Ras/Kalimantan Barat/2024-10-15,30296.214922129187
Daging Ayam Ras/Kalimantan Barat/2024-10-16,30297.48048513824
Daging Ayam Ras/Kalimantan Barat/2024-10-17,30305.094221883635
Daging Ayam Ras/Kalimantan Barat/2024-10-18,30279.84847760628
Daging Ayam Ras/Kalimantan Barat/2024-10-19,30291.65766471049
Daging Ayam Ras/Kalimantan Barat/2024-10-20,30269.884912068625
Daging Ayam Ras/Kalimantan Barat/2024-10-21,30301.787983330003
Daging Ayam Ras/Kalimantan Barat/2024-10-22,30305.61382089755
Daging Ayam Ras/Kalimantan Barat/2024-10-23,30288.173766338776
Daging Ayam Ras/Kalimantan Barat/2024-10-24,30319.912771853706
Daging Ayam Ras/Kalimantan Barat/2024-10-25,30276.71691620423
Daging Ayam Ras/Kalimantan Barat/2024-10-26,30273.03554452067
Daging Ayam Ras/Kalimantan Barat/2024-10-27,30299.09153204727
Daging Ayam Ras/Kalimantan Barat/2024-10-28,30311.78369669796
Daging Ayam Ras/Kalimantan Barat/2024-10-29,30321.6089905688
Daging Ayam Ras/Kalimantan Barat/2024-10-30,30288.54871174063
Daging Ayam Ras/Kalimantan Barat/2024-10-31,30312.270966368484
Daging Ayam Ras/Kalimantan Barat/2024-11-01,30295.03446095129
Daging Ayam Ras/Kalimantan Barat/2024-11-02,30292.965214547512
Daging Ayam Ras/Kalimantan Barat/2024-11-03,30309.26209515875
Daging Ayam Ras/Kalimantan Barat/2024-11-04,30305.69292164317
Daging Ayam Ras/Kalimantan Barat/2024-11-05,30271.307290953548
Daging Ayam Ras/Kalimantan Barat/2024-11-06,30318.409324200857
Daging Ayam Ras/Kalimantan Barat/2024-11-07,30316.921265166984
Daging Ayam Ras/Kalimantan Barat/2024-11-08,30285.977120871456
Daging Ayam Ras/Kalimantan Barat/2024-11-09,30301.735224350785
Daging Ayam Ras/Kalimantan Barat/2024-11-10,30303.250709890646
Daging Ayam Ras/Kalimantan Barat/2024-11-11,30299.65038074784
Daging Ayam Ras/Kalimantan Barat/2024-11-12,30287.138228594733
Daging Ayam Ras/Kalimantan Barat/2024-11-13,30285.26647593032
Daging Ayam Ras/Kalimantan Barat/2024-11-14,30295.234327311893
Daging Ayam Ras/Kalimantan Barat/2024-11-15,30313.72198461601
Daging Ayam Ras/Kalimantan Barat/2024-11-16,30304.015497939632
Daging Ayam Ras/Kalimantan Barat/2024-11-17,30289.910580437478
Daging Ayam Ras/Kalimantan Barat/2024-11-18,30307.53470635557
Daging Ayam Ras/Kalimantan Barat/2024-11-19,30251.67997416796
Daging Ayam Ras/Kalimantan Barat/2024-11-20,30313.352267617534
Daging Ayam Ras/Kalimantan Barat/2024-11-21,30268.787490583632
Daging Ayam Ras/Kalimantan Barat/2024-11-22,30290.036683231705
Daging Ayam Ras/Kalimantan Barat/2024-11-23,30278.353810042685
Daging Ayam Ras/Kalimantan Barat/2024-11-24,30275.65365165619
Daging Ayam Ras/Kalimantan Barat/2024-11-25,30313.538351561398
Daging Ayam Ras/Kalimantan Barat/2024-11-26,30288.41267999844
Daging Ayam Ras/Kalimantan Barat/2024-11-27,30300.974606869506
Daging Ayam Ras/Kalimantan Barat/2024-11-28,30294.90467509629
Daging Ayam Ras/Kalimantan Barat/2024-11-29,30302.98859032085
Daging Ayam Ras/Kalimantan Barat/2024-11-30,30296.813830284096
Daging Ayam Ras/Kalimantan Barat/2024-12-01,30275.83399875299
Daging Ayam Ras/Kalimantan Barat/2024-12-02,30310.99944542323
Daging Ayam Ras/Kalimantan Barat/2024-12-03,30288.010685699697
Daging Ayam Ras/Kalimantan Barat/2024-12-04,30271.61293264205
Daging Ayam Ras/Kalimantan Barat/2024-12-05,30289.02343145934
Daging Ayam Ras/Kalimantan Barat/2024-12-06,30318.782992766533
Daging Ayam Ras/Kalimantan Barat/2024-12-07,30308.74619545028
Daging Ayam Ras/Kalimantan Barat/2024-12-08,30290.249423226483
Daging Ayam Ras/Kalimantan Barat/2024-12-09,30290.24008021808
Daging Ayam Ras/Kalimantan Barat/2024-12-10,30290.666255091543
Daging Ayam Ras/Kalimantan Barat/2024-12-11,30327.669600955105
Daging Ayam Ras/Kalimantan Barat/2024-12-12,30301.52126127738
Daging Ayam Ras/Kalimantan Barat/2024-12-13,30302.26346556437
Daging Ayam Ras/Kalimantan Barat/2024-12-14,30311.524269555324
Daging Ayam Ras/Kalimantan Barat/2024-12-15,30299.312735066283
Daging Ayam Ras/Kalimantan Barat/2024-12-16,30291.631966945493
Daging Ayam Ras/Kalimantan Barat/2024-12-17,30292.599212254296
Daging Ayam Ras/Kalimantan Barat/2024-12-18,30294.523890315573
Daging Ayam Ras/Kalimantan Barat/2024-12-19,30295.05430553972
Daging Ayam Ras/Kalimantan Barat/2024-12-20,30306.854787174525
Daging Ayam Ras/Kalimantan Barat/2024-12-21,30296.43003194466
Daging Ayam Ras/Kalimantan Barat/2024-12-22,30306.93209196875
Daging Ayam Ras/Kalimantan Barat/2024-12-23,30294.3832549961
Daging Ayam Ras/Kalimantan Barat/2024-12-24,30296.841806690925
Daging Ayam Ras/Kalimantan Barat/2024-12-25,30264.79943686739
Daging Ayam Ras/Kalimantan Barat/2024-12-26,30309.766107887845
Daging Ayam Ras/Kalimantan Barat/2024-12-27,30300.974369181306
Daging Ayam Ras/Kalimantan Barat/2024-12-28,30311.02634170174
Daging Ayam Ras/Kalimantan Barat/2024-12-29,30250.943840012307
Daging Ayam Ras/Kalimantan Barat/2024-12-30,30327.848983305765
Daging Ayam Ras/Kalimantan Barat/2024-12-31,30293.47493479565
Daging Ayam Ras/Kalimantan Selatan/2024-10-01,30312.72613640434
Daging Ayam Ras/Kalimantan Selatan/2024-10-02,30279.58444486376
Daging Ayam Ras/Kalimantan Selatan/2024-10-03,30305.082742068756
Daging Ayam Ras/Kalimantan Selatan/2024-10-04,30279.37601204551
Daging Ayam Ras/Kalimantan Selatan/2024-10-05,30286.00479552173
Daging Ayam Ras/Kalimantan Selatan/2024-10-06,30325.159134678863
Daging Ayam Ras/Kalimantan Selatan/2024-10-07,30292.68665222838
Daging Ayam Ras/Kalimantan Selatan/2024-10-08,30298.983240560992
Daging Ayam Ras/Kalimantan Selatan/2024-10-09,30309.052388401364
Daging Ayam Ras/Kalimantan Selatan/2024-10-10,30303.276193096623
Daging Ayam Ras/Kalimantan Selatan/2024-10-11,30297.94931853896
Daging Ayam Ras/Kalimantan Selatan/2024-10-12,30301.259371734966
Daging Ayam Ras/Kalimantan Selatan/2024-10-13,30332.70957750264
Daging Ayam Ras/Kalimantan Selatan/2024-10-14,30294.73961811384
Daging Ayam Ras/Kalimantan Selatan/2024-10-15,30298.731234846648
Daging Ayam Ras/Kalimantan Selatan/2024-10-16,30311.83856172657
Daging Ayam Ras/Kalimantan Selatan/2024-10-17,30312.68514479125
Daging Ayam Ras/Kalimantan Selatan/2024-10-18,30313.942631374943
Daging Ayam Ras/Kalimantan Selatan/2024-10-19,30305.48320794936
Daging Ayam Ras/Kalimantan Selatan/2024-10-20,30277.993786754854
Daging Ayam Ras/Kalimantan Selatan/2024-10-21,30320.829912825604
Daging Ayam Ras/Kalimantan Selatan/2024-10-22,30277.942248303465
Daging Ayam Ras/Kalimantan Selatan/2024-10-23,30300.297784958915
Daging Ayam Ras/Kalimantan Selatan/2024-10-24,30283.991275790653
Daging Ayam Ras/Kalimantan Selatan/2024-10-25,30294.639031533745
Daging Ayam Ras/Kalimantan Selatan/2024-10-26,30300.70088336753
Daging Ayam Ras/Kalimantan Selatan/2024-10-27,30300.586632648457
Daging Ayam Ras/Kalimantan Selatan/2024-10-28,30302.13817272899
Daging Ayam Ras/Kalimantan Selatan/2024-10-29,30320.525659622217
Daging Ayam Ras/Kalimantan Selatan/2024-10-30,30302.62592093558
Daging Ayam Ras/Kalimantan Selatan/2024-10-31,30291.861627381928
Daging Ayam Ras/Kalimantan Selatan/2024-11-01,30310.50296310813
Daging Ayam Ras/Kalimantan Selatan/2024-11-02,30313.98027963533
Daging Ayam Ras/Kalimantan Selatan/2024-11-03,30276.68849464204
Daging Ayam Ras/Kalimantan Selatan/2024-11-04,30304.845547536697
Daging Ayam Ras/Kalimantan Selatan/2024-11-05,30306.446599593262
Daging Ayam Ras/Kalimantan Selatan/2024-11-06,30291.037641895877
Daging Ayam Ras/Kalimantan Selatan/2024-11-07,30316.85361847392
Daging Ayam Ras/Kalimantan Selatan/2024-11-08,30293.313461215108
Daging Ayam Ras/Kalimantan Selatan/2024-11-09,30297.56603787945
Daging Ayam Ras/Kalimantan Selatan/2024-11-10,30292.95835622348
Daging Ayam Ras/Kalimantan Selatan/2024-11-11,30295.868947800333
Daging Ayam Ras/Kalimantan Selatan/2024-11-12,30278.7147557921
Daging Ayam Ras/Kalimantan Selatan/2024-11-13,30273.41082623485
Daging Ayam Ras/Kalimantan Selatan/2024-11-14,30320.229337530676
Daging Ayam Ras/Kalimantan Selatan/2024-11-15,30282.56128170699
Daging Ayam Ras/Kalimantan Selatan/2024-11-16,30280.332934436752
Daging Ayam Ras/Kalimantan Selatan/2024-11-17,30262.4051036708
Daging Ayam Ras/Kalimantan Selatan/2024-11-18,30285.770394284064
Daging Ayam Ras/Kalimantan Selatan/2024-11-19,30275.21535519165
Daging Ayam Ras/Kalimantan Selatan/2024-11-20,30320.962344945478
Daging Ayam Ras/Kalimantan Selatan/2024-11-21,30311.208505158986
Daging Ayam Ras/Kalimantan Selatan/2024-11-22,30285.01149019785
Daging Ayam Ras/Kalimantan Selatan/2024-11-23,30330.380192690955
Daging Ayam Ras/Kalimantan Selatan/2024-11-24,30310.775712261115
Daging Ayam Ras/Kalimantan Selatan/2024-11-25,30290.616940621105
Daging Ayam Ras/Kalimantan Selatan/2024-11-26,30257.066617373028
Daging Ayam Ras/Kalimantan Selatan/2024-11-27,30330.97429263489
Daging Ayam Ras/Kalimantan Selatan/2024-11-28,30274.18963022593
Daging Ayam Ras/Kalimantan Selatan/2024-11-29,30270.242625852687
Daging Ayam Ras/Kalimantan Selatan/2024-11-30,30311.40526953848
Daging Ayam Ras/Kalimantan Selatan/2024-12-01,30333.27019852909
Daging Ayam Ras/Kalimantan Selatan/2024-12-02,30316.98577870373
Daging Ayam Ras/Kalimantan Selatan/2024-12-03,30304.328833908938
Daging Ayam Ras/Kalimantan Selatan/2024-12-04,30304.8047280372
Daging Ayam Ras/Kalimantan Selatan/2024-12-05,30308.795471108515
Daging Ayam Ras/Kalimantan Selatan/2024-12-06,30307.33768311445
Daging Ayam Ras/Kalimantan Selatan/2024-12-07,30299.966936522986
Daging Ayam Ras/Kalimantan Selatan/2024-12-08,30297.236249251127
Daging Ayam Ras/Kalimantan Selatan/2024-12-09,30294.66287187156
Daging Ayam Ras/Kalimantan Selatan/2024-12-10,30283.99607806949
Daging Ayam Ras/Kalimantan Selatan/2024-12-11,30291.298204232065
Daging Ayam Ras/Kalimantan Selatan/2024-12-12,30269.50887832983
Daging Ayam Ras/Kalimantan Selatan/2024-12-13,30294.11135860497
Daging Ayam Ras/Kalimantan Selatan/2024-12-14,30280.376153278936
Daging Ayam Ras/Kalimantan Selatan/2024-12-15,30278.60190851527
Daging Ayam Ras/Kalimantan Selatan/2024-12-16,30298.40407605963
Daging Ayam Ras/Kalimantan Selatan/2024-12-17,30317.10503245405
Daging Ayam Ras/Kalimantan Selatan/2024-12-18,30309.79679402585
Daging Ayam Ras/Kalimantan Selatan/2024-12-19,30271.398188522257
Daging Ayam Ras/Kalimantan Selatan/2024-12-20,30280.36015351671
Daging Ayam Ras/Kalimantan Selatan/2024-12-21,30310.143233544222
Daging Ayam Ras/Kalimantan Selatan/2024-12-22,30280.47032415264
Daging Ayam Ras/Kalimantan Selatan/2024-12-23,30292.162844605493
Daging Ayam Ras/Kalimantan Selatan/2024-12-24,30304.115041476995
Daging Ayam Ras/Kalimantan Selatan/2024-12-25,30280.68852785226
Daging Ayam Ras/Kalimantan Selatan/2024-12-26,30297.254368463087
Daging Ayam Ras/Kalimantan Selatan/2024-12-27,30275.046634207807
Daging Ayam Ras/Kalimantan Selatan/2024-12-28,30286.350413239703
Daging Ayam Ras/Kalimantan Selatan/2024-12-29,30300.56232849094
Daging Ayam Ras/Kalimantan Selatan/2024-12-30,30271.05115426897
Daging Ayam Ras/Kalimantan Selatan/2024-12-31,30302.42443204077
Daging Ayam Ras/Kalimantan Tengah/2024-10-01,30295.32560625202
Daging Ayam Ras/Kalimantan Tengah/2024-10-02,30304.152653820376
Daging Ayam Ras/Kalimantan Tengah/2024-10-03,30299.08323640597
Daging Ayam Ras/Kalimantan Tengah/2024-10-04,30316.67516704359
Daging Ayam Ras/Kalimantan Tengah/2024-10-05,30297.56060782184
Daging Ayam Ras/Kalimantan Tengah/2024-10-06,30289.003522886505
Daging Ayam Ras/Kalimantan Tengah/2024-10-07,30297.515448738595
Daging Ayam Ras/Kalimantan Tengah/2024-10-08,30304.01083660891
Daging Ayam Ras/Kalimantan Tengah/2024-10-09,30296.3824225779
Daging Ayam Ras/Kalimantan Tengah/2024-10-10,30296.25485425877
Daging Ayam Ras/Kalimantan Tengah/2024-10-11,30284.797939659387
Daging Ayam Ras/Kalimantan Tengah/2024-10-12,30285.401049867756
Daging Ayam Ras/Kalimantan Tengah/2024-10-13,30273.98855417372
Daging Ayam Ras/Kalimantan Tengah/2024-10-14,30322.621854040364
Daging Ayam Ras/Kalimantan Tengah/2024-10-15,30276.437698614423
Daging Ayam Ras/Kalimantan Tengah/2024-10-16,30284.93813016594
Daging Ayam Ras/Kalimantan Tengah/2024-10-17,30284.544672648783
Daging Ayam Ras/Kalimantan Tengah/2024-10-18,30309.435888061373
Daging Ayam Ras/Kalimantan Tengah/2024-10-19,30291.07796917955
Daging Ayam Ras/Kalimantan Tengah/2024-10-20,30314.879320170647
Daging Ayam Ras/Kalimantan Tengah/2024-10-21,30285.23766704955
Daging Ayam Ras/Kalimantan Tengah/2024-10-22,30299.93303616798
Daging Ayam Ras/Kalimantan Tengah/2024-10-23,30282.74047234117
Daging Ayam Ras/Kalimantan Tengah/2024-10-24,30328.72492496301
Daging Ayam Ras/Kalimantan Tengah/2024-10-25,30277.30577782846
Daging Ayam Ras/Kalimantan Tengah/2024-10-26,30300.408642191287
Daging Ayam Ras/Kalimantan Tengah/2024-10-27,30305.406785546795
Daging Ayam Ras/Kalimantan Tengah/2024-10-28,30302.01286810892
Daging Ayam Ras/Kalimantan Tengah/2024-10-29,30292.76988476336
Daging Ayam Ras/Kalimantan Tengah/2024-10-30,30293.62565427284
Daging Ayam Ras/Kalimantan Tengah/2024-10-31,30296.304530503097
Daging Ayam Ras/Kalimantan Tengah/2024-11-01,30293.36057332155
Daging Ayam Ras/Kalimantan Tengah/2024-11-02,30310.49975319493
Daging Ayam Ras/Kalimantan Tengah/2024-11-03,30329.73354286443
Daging Ayam Ras/Kalimantan Tengah/2024-11-04,30287.02734997583
Daging Ayam Ras/Kalimantan Tengah/2024-11-05,30274.494642878715
Daging Ayam Ras/Kalimantan Tengah/2024-11-06,30294.26653150617
Daging Ayam Ras/Kalimantan Tengah/2024-11-07,30335.429517812277
Daging Ayam Ras/Kalimantan Tengah/2024-11-08,30283.229129870244
Daging Ayam Ras/Kalimantan Tengah/2024-11-09,30320.91762780915
Daging Ayam Ras/Kalimantan Tengah/2024-11-10,30321.512919468376
Daging Ayam Ras/Kalimantan Tengah/2024-11-11,30287.087575619826
Daging Ayam Ras/Kalimantan Tengah/2024-11-12,30304.4071172615
Daging Ayam Ras/Kalimantan Tengah/2024-11-13,30320.75223195361
Daging Ayam Ras/Kalimantan Tengah/2024-11-14,30289.779231687306
Daging Ayam Ras/Kalimantan Tengah/2024-11-15,30292.487656637004
Daging Ayam Ras/Kalimantan Tengah/2024-11-16,30286.654149076992
Daging Ayam Ras/Kalimantan Tengah/2024-11-17,30279.97245812115
Daging Ayam Ras/Kalimantan Tengah/2024-11-18,30285.611237463552
Daging Ayam Ras/Kalimantan Tengah/2024-11-19,30276.74507924884
Daging Ayam Ras/Kalimantan Tengah/2024-11-20,30296.154442430845
Daging Ayam Ras/Kalimantan Tengah/2024-11-21,30283.749089446217
Daging Ayam Ras/Kalimantan Tengah/2024-11-22,30299.23554268908
Daging Ayam Ras/Kalimantan Tengah/2024-11-23,30271.62352045752
Daging Ayam Ras/Kalimantan Tengah/2024-11-24,30300.733558088592
Daging Ayam Ras/Kalimantan Tengah/2024-11-25,30308.488651629512
Daging Ayam Ras/Kalimantan Tengah/2024-11-26,30264.868325568477
Daging Ayam Ras/Kalimantan Tengah/2024-11-27,30301.399702291328
Daging Ayam Ras/Kalimantan Tengah/2024-11-28,30314.569623546533
Daging Ayam Ras/Kalimantan Tengah/2024-11-29,30276.96569456103
Daging Ayam Ras/Kalimantan Tengah/2024-11-30,30321.433795757068
Daging Ayam Ras/Kalimantan Tengah/2024-12-01,30302.09340328748
Daging Ayam Ras/Kalimantan Tengah/2024-12-02,30284.75134313262
Daging Ayam Ras/Kalimantan Tengah/2024-12-03,30294.76815642687
Daging Ayam Ras/Kalimantan Tengah/2024-12-04,30304.2427090686
Daging Ayam Ras/Kalimantan Tengah/2024-12-05,30296.801232955637
Daging Ayam Ras/Kalimantan Tengah/2024-12-06,30303.940759999616
Daging Ayam Ras/Kalimantan Tengah/2024-12-07,30281.424015620745
Daging Ayam Ras/Kalimantan Tengah/2024-12-08,30298.2415630912
Daging Ayam Ras/Kalimantan Tengah/2024-12-09,30273.817155988825
Daging Ayam Ras/Kalimantan Tengah/2024-12-10,30293.91254082323
Daging Ayam Ras/Kalimantan Tengah/2024-12-11,30281.682688358724
Daging Ayam Ras/Kalimantan Tengah/2024-12-12,30284.280496188763
Daging Ayam Ras/Kalimantan Tengah/2024-12-13,30314.699595674807
Daging Ayam Ras/Kalimantan Tengah/2024-12-14,30312.46581676316
Daging Ayam Ras/Kalimantan Tengah/2024-12-15,30305.0266475348
Daging Ayam Ras/Kalimantan Tengah/2024-12-16,30278.77588830409
Daging Ayam Ras/Kalimantan Tengah/2024-12-17,30290.74689348042
Daging Ayam Ras/Kalimantan Tengah/2024-12-18,30314.34481100908
Daging Ayam Ras/Kalimantan Tengah/2024-12-19,30297.8150602505
Daging Ayam Ras/Kalimantan Tengah/2024-12-20,30331.41225969735
Daging Ayam Ras/Kalimantan Tengah/2024-12-21,30301.69687393092
Daging Ayam Ras/Kalimantan Tengah/2024-12-22,30298.59160840112
Daging Ayam Ras/Kalimantan Tengah/2024-12-23,30290.85939755391
Daging Ayam Ras/Kalimantan Tengah/2024-12-24,30297.68891706188
Daging Ayam Ras/Kalimantan Tengah/2024-12-25,30293.276213076537
Daging Ayam Ras/Kalimantan Tengah/2024-12-26,30306.553610347983
Daging Ayam Ras/Kalimantan Tengah/2024-12-27,30310.389026255674
Daging Ayam Ras/Kalimantan Tengah/2024-12-28,30283.501983763283
Daging Ayam Ras/Kalimantan Tengah/2024-12-29,30275.08971880785
Daging Ayam Ras/Kalimantan Tengah/2024-12-30,30267.29877431689
Daging Ayam Ras/Kalimantan Tengah/2024-12-31,30303.466108727232
Daging Ayam Ras/Kalimantan Timur/2024-10-01,30278.605344602664
Daging Ayam Ras/Kalimantan Timur/2024-10-02,30262.412810502927
Daging Ayam Ras/Kalimantan Timur/2024-10-03,30301.62375485684
Daging Ayam Ras/Kalimantan Timur/2024-10-04,30334.09171921176
Daging Ayam Ras/Kalimantan Timur/2024-10-05,30295.53492237
Daging Ayam Ras/Kalimantan Timur/2024-10-06,30308.565204738028
Daging Ayam Ras/Kalimantan Timur/2024-10-07,30296.891087773263
Daging Ayam Ras/Kalimantan Timur/2024-10-08,30294.10287254721
Daging Ayam Ras/Kalimantan Timur/2024-10-09,30309.808517754085
Daging Ayam Ras/Kalimantan Timur/2024-10-10,30291.150099277904
Daging Ayam Ras/Kalimantan Timur/2024-10-11,30299.754037570343
Daging Ayam Ras/Kalimantan Timur/2024-10-12,30300.59188743761
Daging Ayam Ras/Kalimantan Timur/2024-10-13,30285.320983341226
Daging Ayam Ras/Kalimantan Timur/2024-10-14,30310.93426837731
Daging Ayam Ras/Kalimantan Timur/2024-10-15,30292.929228342327
Daging Ayam Ras/Kalimantan Timur/2024-10-16,30283.96860661486
Daging Ayam Ras/Kalimantan Timur/2024-10-17,30303.90610539169
Daging Ayam Ras/Kalimantan Timur/2024-10-18,30281.7666139058
Daging Ayam Ras/Kalimantan Timur/2024-10-19,30296.06337889008
Daging Ayam Ras/Kalimantan Timur/2024-10-20,30295.487895124683
Daging Ayam Ras/Kalimantan Timur/2024-10-21,30312.382278546083
Daging Ayam Ras/Kalimantan Timur/2024-10-22,30302.95244770833
Daging Ayam Ras/Kalimantan Timur/2024-10-23,30295.24245983972
Daging Ayam Ras/Kalimantan Timur/2024-10-24,30308.24545809437
Daging Ayam Ras/Kalimantan Timur/2024-10-25,30317.07734242911
Daging Ayam Ras/Kalimantan Timur/2024-10-26,30304.23473863331
Daging Ayam Ras/Kalimantan Timur/2024-10-27,30295.788312092685
Daging Ayam Ras/Kalimantan Timur/2024-10-28,30275.38898025736
Daging Ayam Ras/Kalimantan Timur/2024-10-29,30279.19552843204
Daging Ayam Ras/Kalimantan Timur/2024-10-30,30290.91944139744
Daging Ayam Ras/Kalimantan Timur/2024-10-31,30286.224755286028
Daging Ayam Ras/Kalimantan Timur/2024-11-01,30292.74390873521
Daging Ayam Ras/Kalimantan Timur/2024-11-02,30296.50260800231
Daging Ayam Ras/Kalimantan Timur/2024-11-03,30303.800928234294
Daging Ayam Ras/Kalimantan Timur/2024-11-04,30294.540899900072
Daging Ayam Ras/Kalimantan Timur/2024-11-05,30303.134556108565
Daging Ayam Ras/Kalimantan Timur/2024-11-06,30296.623327796544
Daging Ayam Ras/Kalimantan Timur/2024-11-07,30265.150189197466
Daging Ayam Ras/Kalimantan Timur/2024-11-08,30281.13609285896
Daging Ayam Ras/Kalimantan Timur/2024-11-09,30293.40553872046
Daging Ayam Ras/Kalimantan Timur/2024-11-10,30276.964865680377
Daging Ayam Ras/Kalimantan Timur/2024-11-11,30304.884560857176
Daging Ayam Ras/Kalimantan Timur/2024-11-12,30319.24570821819
Daging Ayam Ras/Kalimantan Timur/2024-11-13,30314.432200121664
Daging Ayam Ras/Kalimantan Timur/2024-11-14,30292.335493327824
Daging Ayam Ras/Kalimantan Timur/2024-11-15,30318.628188985876
Daging Ayam Ras/Kalimantan Timur/2024-11-16,30297.922296402376
Daging Ayam Ras/Kalimantan Timur/2024-11-17,30290.42787126181
Daging Ayam Ras/Kalimantan Timur/2024-11-18,30286.164731475827
Daging Ayam Ras/Kalimantan Timur/2024-11-19,30290.961947067928
Daging Ayam Ras/Kalimantan Timur/2024-11-20,30289.639618397174
Daging Ayam Ras/Kalimantan Timur/2024-11-21,30298.25784625749
Daging Ayam Ras/Kalimantan Timur/2024-11-22,30298.10599567542
Daging Ayam Ras/Kalimantan Timur/2024-11-23,30295.675582544696
Daging Ayam Ras/Kalimantan Timur/2024-11-24,30302.369868255548
Daging Ayam Ras/Kalimantan Timur/2024-11-25,30313.998420195145
Daging Ayam Ras/Kalimantan Timur/2024-11-26,30310.27874085794
Daging Ayam Ras/Kalimantan Timur/2024-11-27,30272.71890496755
Daging Ayam Ras/Kalimantan Timur/2024-11-28,30256.22552864243
Daging Ayam Ras/Kalimantan Timur/2024-11-29,30310.043700308142
Daging Ayam Ras/Kalimantan Timur/2024-11-30,30274.539760020445
Daging Ayam Ras/Kalimantan Timur/2024-12-01,30292.16080416301
Daging Ayam Ras/Kalimantan Timur/2024-12-02,30277.57555043536
Daging Ayam Ras/Kalimantan Timur/2024-12-03,30267.826812210744
Daging Ayam Ras/Kalimantan Timur/2024-12-04,30303.982520751742
Daging Ayam Ras/Kalimantan Timur/2024-12-05,30307.341178747567
Daging Ayam Ras/Kalimantan Timur/2024-12-06,30286.73392211002
Daging Ayam Ras/Kalimantan Timur/2024-12-07,30255.65280652073
Daging Ayam Ras/Kalimantan Timur/2024-12-08,30287.200879010168
Daging Ayam Ras/Kalimantan Timur/2024-12-09,30301.67351781058
Daging Ayam Ras/Kalimantan Timur/2024-12-10,30272.811265868404
Daging Ayam Ras/Kalimantan Timur/2024-12-11,30298.457547516555
Daging Ayam Ras/Kalimantan Timur/2024-12-12,30295.39237983209
Daging Ayam Ras/Kalimantan Timur/2024-12-13,30304.566160266902
Daging Ayam Ras/Kalimantan Timur/2024-12-14,30297.47352754812
Daging Ayam Ras/Kalimantan Timur/2024-12-15,30280.61563633009
Daging Ayam Ras/Kalimantan Timur/2024-12-16,30314.089837294214
Daging Ayam Ras/Kalimantan Timur/2024-12-17,30293.1827206995
Daging Ayam Ras/Kalimantan Timur/2024-12-18,30295.207320286296
Daging Ayam Ras/Kalimantan Timur/2024-12-19,30281.22970400578
Daging Ayam Ras/Kalimantan Timur/2024-12-20,30288.78942668311
Daging Ayam Ras/Kalimantan Timur/2024-12-21,30281.977447881047
Daging Ayam Ras/Kalimantan Timur/2024-12-22,30292.960296573317
Daging Ayam Ras/Kalimantan Timur/2024-12-23,30322.037605230074
Daging Ayam Ras/Kalimantan Timur/2024-12-24,30274.46227145886
Daging Ayam Ras/Kalimantan Timur/2024-12-25,30270.733826975407
Daging Ayam Ras/Kalimantan Timur/2024-12-26,30318.326473051944
Daging Ayam Ras/Kalimantan Timur/2024-12-27,30292.399046125625
Daging Ayam Ras/Kalimantan Timur/2024-12-28,30285.305828200573
Daging Ayam Ras/Kalimantan Timur/2024-12-29,30311.672710325896
Daging Ayam Ras/Kalimantan Timur/2024-12-30,30286.284874768717
Daging Ayam Ras/Kalimantan Timur/2024-12-31,30323.80109672037
Daging Ayam Ras/Kalimantan Utara/2024-10-01,30306.087936279542
Daging Ayam Ras/Kalimantan Utara/2024-10-02,30288.100867722165
Daging Ayam Ras/Kalimantan Utara/2024-10-03,30328.91252087214
Daging Ayam Ras/Kalimantan Utara/2024-10-04,30286.28334143841
Daging Ayam Ras/Kalimantan Utara/2024-10-05,30307.077972563475
Daging Ayam Ras/Kalimantan Utara/2024-10-06,30300.24620940912
Daging Ayam Ras/Kalimantan Utara/2024-10-07,30315.712444681565
Daging Ayam Ras/Kalimantan Utara/2024-10-08,30319.720293130464
Daging Ayam Ras/Kalimantan Utara/2024-10-09,30296.122361747253
Daging Ayam Ras/Kalimantan Utara/2024-10-10,30284.00451309184
Daging Ayam Ras/Kalimantan Utara/2024-10-11,30302.72524688536
Daging Ayam Ras/Kalimantan Utara/2024-10-12,30285.172485751584
Daging Ayam Ras/Kalimantan Utara/2024-10-13,30326.69204266035
Daging Ayam Ras/Kalimantan Utara/2024-10-14,30297.735116434727
Daging Ayam Ras/Kalimantan Utara/2024-10-15,30289.992239869985
Daging Ayam Ras/Kalimantan Utara/2024-10-16,30298.47791903449
Daging Ayam Ras/Kalimantan Utara/2024-10-17,30274.844509181457
Daging Ayam Ras/Kalimantan Utara/2024-10-18,30280.638083226542
Daging Ayam Ras/Kalimantan Utara/2024-10-19,30314.14911968842
Daging Ayam Ras/Kalimantan Utara/2024-10-20,30285.493723023632
Daging Ayam Ras/Kalimantan Utara/2024-10-21,30279.47636767601
Daging Ayam Ras/Kalimantan Utara/2024-10-22,30303.90831025617
Daging Ayam Ras/Kalimantan Utara/2024-10-23,30313.92217091487
Daging Ayam Ras/Kalimantan Utara/2024-10-24,30306.72092630043
Daging Ayam Ras/Kalimantan Utara/2024-10-25,30310.9960645296
Daging Ayam Ras/Kalimantan Utara/2024-10-26,30283.95240783085
Daging Ayam Ras/Kalimantan Utara/2024-10-27,30273.692244592978
Daging Ayam Ras/Kalimantan Utara/2024-10-28,30318.791846560376
Daging Ayam Ras/Kalimantan Utara/2024-10-29,30290.6501356322
Daging Ayam Ras/Kalimantan Utara/2024-10-30,30291.7586211324
Daging Ayam Ras/Kalimantan Utara/2024-10-31,30316.12057133777
Daging Ayam Ras/Kalimantan Utara/2024-11-01,30304.21035709216
Daging Ayam Ras/Kalimantan Utara/2024-11-02,30302.662231351445
Daging Ayam Ras/Kalimantan Utara/2024-11-03,30329.031229439497
Daging Ayam Ras/Kalimantan Utara/2024-11-04,30285.70009479375
Daging Ayam Ras/Kalimantan Utara/2024-11-05,30309.943727262205
Daging Ayam Ras/Kalimantan Utara/2024-11-06,30296.508211617336
Daging Ayam Ras/Kalimantan Utara/2024-11-07,30299.772551173697
Daging Ayam Ras/Kalimantan Utara/2024-11-08,30319.210494219908
Daging Ayam Ras/Kalimantan Utara/2024-11-09,30303.4637085128
Daging Ayam Ras/Kalimantan Utara/2024-11-10,30303.93366424625
Daging Ayam Ras/Kalimantan Utara/2024-11-11,30312.17571885845
Daging Ayam Ras/Kalimantan Utara/2024-11-12,30289.99793022023
Daging Ayam Ras/Kalimantan Utara/2024-11-13,30282.680878171832
Daging Ayam Ras/Kalimantan Utara/2024-11-14,30279.50879502878
Daging Ayam Ras/Kalimantan Utara/2024-11-15,30265.29074207164
Daging Ayam Ras/Kalimantan Utara/2024-11-16,30327.352687309605
Daging Ayam Ras/Kalimantan Utara/2024-11-17,30278.607786008437
Daging Ayam Ras/Kalimantan Utara/2024-11-18,30292.21498547825
Daging Ayam Ras/Kalimantan Utara/2024-11-19,30291.357785486216
Daging Ayam Ras/Kalimantan Utara/2024-11-20,30300.371397708182
Daging Ayam Ras/Kalimantan Utara/2024-11-21,30308.214152421173
Daging Ayam Ras/Kalimantan Utara/2024-11-22,30308.90436406077
Daging Ayam Ras/Kalimantan Utara/2024-11-23,30286.63260285907
Daging Ayam Ras/Kalimantan Utara/2024-11-24,30293.05015723836
Daging Ayam Ras/Kalimantan Utara/2024-11-25,30299.98835934256
Daging Ayam Ras/Kalimantan Utara/2024-11-26,30291.79166719109
Daging Ayam Ras/Kalimantan Utara/2024-11-27,30320.4274468106
Daging Ayam Ras/Kalimantan Utara/2024-11-28,30303.20357233897
Daging Ayam Ras/Kalimantan Utara/2024-11-29,30306.966616359863
Daging Ayam Ras/Kalimantan Utara/2024-11-30,30305.85582129709
Daging Ayam Ras/Kalimantan Utara/2024-12-01,30313.733476319423
Daging Ayam Ras/Kalimantan Utara/2024-12-02,30298.42147021682
Daging Ayam Ras/Kalimantan Utara/2024-12-03,30275.620473191066
Daging Ayam Ras/Kalimantan Utara/2024-12-04,30301.795154925807
Daging Ayam Ras/Kalimantan Utara/2024-12-05,30285.57915632432
Daging Ayam Ras/Kalimantan Utara/2024-12-06,30287.472848220776
Daging Ayam Ras/Kalimantan Utara/2024-12-07,30304.675278313764
Daging Ayam Ras/Kalimantan Utara/2024-12-08,30314.73338239118
Daging Ayam Ras/Kalimantan Utara/2024-12-09,30295.95677473293
Daging Ayam Ras/Kalimantan Utara/2024-12-10,30300.39340354241
Daging Ayam Ras/Kalimantan Utara/2024-12-11,30321.89113464021
Daging Ayam Ras/Kalimantan Utara/2024-12-12,30299.343036868537
Daging Ayam Ras/Kalimantan Utara/2024-12-13,30335.768539245026
Daging Ayam Ras/Kalimantan Utara/2024-12-14,30304.353527546573
Daging Ayam Ras/Kalimantan Utara/2024-12-15,30268.462737327085
Daging Ayam Ras/Kalimantan Utara/2024-12-16,30307.251484816898
Daging Ayam Ras/Kalimantan Utara/2024-12-17,30301.50927232839
Daging Ayam Ras/Kalimantan Utara/2024-12-18,30315.527480098237
Daging Ayam Ras/Kalimantan Utara/2024-12-19,30306.01473566291
Daging Ayam Ras/Kalimantan Utara/2024-12-20,30293.49242517427
Daging Ayam Ras/Kalimantan Utara/2024-12-21,30276.739556331933
Daging Ayam Ras/Kalimantan Utara/2024-12-22,30292.40368114015
Daging Ayam Ras/Kalimantan Utara/2024-12-23,30282.50637020022
Daging Ayam Ras/Kalimantan Utara/2024-12-24,30286.672006961
Daging Ayam Ras/Kalimantan Utara/2024-12-25,30304.70944286441
Daging Ayam Ras/Kalimantan Utara/2024-12-26,30321.39263445092
Daging Ayam Ras/Kalimantan Utara/2024-12-27,30301.717759283423
Daging Ayam Ras/Kalimantan Utara/2024-12-28,30277.17795858272
Daging Ayam Ras/Kalimantan Utara/2024-12-29,30302.48811962899
Daging Ayam Ras/Kalimantan Utara/2024-12-30,30314.090762769825
Daging Ayam Ras/Kalimantan Utara/2024-12-31,30286.220578769804
Daging Ayam Ras/Kepulauan Bangka Belitung/2024-10-01,30293.560909269512
Daging Ayam Ras/Kepulauan Bangka Belitung/2024-10-02,30295.85520331677
Daging Ayam Ras/Kepulauan Bangka Belitung/2024-10-03,30283.51881848276
Daging Ayam Ras/Kepulauan Bangka Belitung/2024-10-04,30305.63055296712
Daging Ayam Ras/Kepulauan Bangka Belitung/2024-10-05,30293.76254403283
Daging Ayam Ras/Kepulauan Bangka Belitung/2024-10-06,30302.10132478943
Daging Ayam Ras/Kepulauan Bangka Belitung/2024-10-07,30281.93595360894
Daging Ayam Ras/Kepulauan Bangka Belitung/2024-10-08,30288.879281249767
Daging Ayam Ras/Kepulauan Bangka Belitung/2024-10-09,30306.77381577345
Daging Ayam Ras/Kepulauan Bangka Belitung/2024-10-10,30289.87634747181
Daging Ayam Ras/Kepulauan Bangka Belitung/2024-10-11,30322.272972043706
Daging Ayam Ras/Kepulauan Bangka Belitung/2024-10-12,30289.462818062515
Daging Ayam Ras/Kepulauan Bangka Belitung/2024-10-13,30299.09512544551
Daging Ayam Ras/Kepulauan Bangka Belitung/2024-10-14,30310.01702328413
Daging Ayam Ras/Kepulauan Bangka Belitung/2024-10-15,30273.74539460086
Daging Ayam Ras/Kepulauan Bangka Belitung/2024-10-16,30268.462026803125
Daging Ayam Ras/Kepulauan Bangka Belitung/2024-10-17,30272.09006663921
Daging Ayam Ras/Kepulauan Bangka Belitung/2024-10-18,30315.108309781284
Daging Ayam Ras/Kepulauan Bangka Belitung/2024-10-19,30287.114268326084
Daging Ayam Ras/Kepulauan Bangka Belitung/2024-10-20,30335.09765093295
Daging Ayam Ras/Kepulauan Bangka Belitung/2024-10-21,30286.92311820574
Daging Ayam Ras/Kepulauan Bangka Belitung/2024-10-22,30298.47592872257
Daging Ayam Ras/Kepulauan Bangka Belitung/2024-10-23,30319.4209618988
Daging Ayam Ras/Kepulauan Bangka Belitung/2024-10-24,30326.579501961634
Daging Ayam Ras/Kepulauan Bangka Belitung/2024-10-25,30327.43440330163
Daging Ayam Ras/Kepulauan Bangka Belitung/2024-10-26,30314.27181174433
Daging Ayam Ras/Kepulauan Bangka Belitung/2024-10-27,30311.428290241263
Daging Ayam Ras/Kepulauan Bangka Belitung/2024-10-28,30304.770362811745
Daging Ayam Ras/Kepulauan Bangka Belitung/2024-10-29,30307.63749636533
Daging Ayam Ras/Kepulauan Bangka Belitung/2024-10-30,30287.124642875668
Daging Ayam Ras/Kepulauan Bangka Belitung/2024-10-31,30283.00504211598
Daging Ayam Ras/Kepulauan Bangka Belitung/2024-11-01,30295.576524492462
Daging Ayam Ras/Kepulauan Bangka Belitung/2024-11-02,30293.002901287266
Daging Ayam Ras/Kepulauan Bangka Belitung/2024-11-03,30288.63597837941
Daging Ayam Ras/Kepulauan Bangka Belitung/2024-11-04,30306.37276988467
Daging Ayam Ras/Kepulauan Bangka Belitung/2024-11-05,30310.367471033645
Daging Ayam Ras/Kepulauan Bangka Belitung/2024-11-06,30296.9925688672
Daging Ayam Ras/Kepulauan Bangka Belitung/2024-11-07,30318.4245942266
Daging Ayam Ras/Kepulauan Bangka Belitung/2024-11-08,30278.014087494925
Daging Ayam Ras/Kepulauan Bangka Belitung/2024-11-09,30292.64072081361
Daging Ayam Ras/Kepulauan Bangka Belitung/2024-11-10,30284.569125901628
Daging Ayam Ras/Kepulauan Bangka Belitung/2024-11-11,30266.83081006981
Daging Ayam Ras/Kepulauan Bangka Belitung/2024-11-12,30294.352951878234
Daging Ayam Ras/Kepulauan Bangka Belitung/2024-11-13,30293.750211146125
Daging Ayam Ras/Kepulauan Bangka Belitung/2024-11-14,30318.978779135323
Daging Ayam Ras/Kepulauan Bangka Belitung/2024-11-15,30305.36103714651
Daging Ayam Ras/Kepulauan Bangka Belitung/2024-11-16,30279.82696634136
Daging Ayam Ras/Kepulauan Bangka Belitung/2024-11-17,30324.234371764203
Daging Ayam Ras/Kepulauan Bangka Belitung/2024-11-18,30314.46725116301
Daging Ayam Ras/Kepulauan Bangka Belitung/2024-11-19,30304.609455658323
Daging Ayam Ras/Kepulauan Bangka Belitung/2024-11-20,30292.13428732353
Daging Ayam Ras/Kepulauan Bangka Belitung/2024-11-21,30280.825921613832
Daging Ayam Ras/Kepulauan Bangka Belitung/2024-11-22,30289.88601148636
Daging Ayam Ras/Kepulauan Bangka Belitung/2024-11-23,30312.426296760725
Daging Ayam Ras/Kepulauan Bangka Belitung/2024-11-24,30324.704843067888
Daging Ayam Ras/Kepulauan Bangka Belitung/2024-11-25,30319.43845122108
Daging Ayam Ras/Kepulauan Bangka Belitung/2024-11-26,30288.08639562048
Daging Ayam Ras/Kepulauan Bangka Belitung/2024-11-27,30278.354619440088
Daging Ayam Ras/Kepulauan Bangka Belitung/2024-11-28,30297.80224434586
Daging Ayam Ras/Kepulauan Bangka Belitung/2024-11-29,30268.34429914693
Daging Ayam Ras/Kepulauan Bangka Belitung/2024-11-30,30300.614565847573
Daging Ayam Ras/Kepulauan Bangka Belitung/2024-12-01,30293.35130722771
Daging Ayam Ras/Kepulauan Bangka Belitung/2024-12-02,30288.43836373968
Daging Ayam Ras/Kepulauan Bangka Belitung/2024-12-03,30271.02478188955
Daging Ayam Ras/Kepulauan Bangka Belitung/2024-12-04,30303.55264353444
Daging Ayam Ras/Kepulauan Bangka Belitung/2024-12-05,30287.40983597228
Daging Ayam Ras/Kepulauan Bangka Belitung/2024-12-06,30277.578577349424
Daging Ayam Ras/Kepulauan Bangka Belitung/2024-12-07,30251.31401748885
Daging Ayam Ras/Kepulauan Bangka Belitung/2024-12-08,30295.20407467092
Daging Ayam Ras/Kepulauan Bangka Belitung/2024-12-09,30322.971692007723
Daging Ayam Ras/Kepulauan Bangka Belitung/2024-12-10,30321.259250982115
Daging Ayam Ras/Kepulauan Bangka Belitung/2024-12-11,30288.576297915948
Daging Ayam Ras/Kepulauan Bangka Belitung/2024-12-12,30286.337385198716
Daging Ayam Ras/Kepulauan Bangka Belitung/2024-12-13,30302.861049895964
Daging Ayam Ras/Kepulauan Bangka Belitung/2024-12-14,30280.225041863192
Daging Ayam Ras/Kepulauan Bangka Belitung/2024-12-15,30300.2847700474
Daging Ayam Ras/Kepulauan Bangka Belitung/2024-12-16,30307.448022623557
Daging Ayam Ras/Kepulauan Bangka Belitung/2024-12-17,30314.558271773614
Daging Ayam Ras/Kepulauan Bangka Belitung/2024-12-18,30294.083364448798
Daging Ayam Ras/Kepulauan Bangka Belitung/2024-12-19,30292.486215772395
Daging Ayam Ras/Kepulauan Bangka Belitung/2024-12-20,30282.08267191097
Daging Ayam Ras/Kepulauan Bangka Belitung/2024-12-21,30282.8711004331
Daging Ayam Ras/Kepulauan Bangka Belitung/2024-12-22,30292.134367658706
Daging Ayam Ras/Kepulauan Bangka Belitung/2024-12-23,30301.29646952327
Daging Ayam Ras/Kepulauan Bangka Belitung/2024-12-24,30309.723786886672
Daging Ayam Ras/Kepulauan Bangka Belitung/2024-12-25,30283.236776479524
Daging Ayam Ras/Kepulauan Bangka Belitung/2024-12-26,30318.658466282297
Daging Ayam Ras/Kepulauan Bangka Belitung/2024-12-27,30291.445568751533
Daging Ayam Ras/Kepulauan Bangka Belitung/2024-12-28,30295.29892280891
Daging Ayam Ras/Kepulauan Bangka Belitung/2024-12-29,30284.10026503641
Daging Ayam Ras/Kepulauan Bangka Belitung/2024-12-30,30258.226304242577
Daging Ayam Ras/Kepulauan Bangka Belitung/2024-12-31,30309.26804219383
Daging Ayam Ras/Kepulauan Riau/2024-10-01,30306.996950416546
Daging Ayam Ras/Kepulauan Riau/2024-10-02,30291.288137469557
Daging Ayam Ras/Kepulauan Riau/2024-10-03,30296.66215045631
Daging Ayam Ras/Kepulauan Riau/2024-10-04,30303.588732406428
Daging Ayam Ras/Kepulauan Riau/2024-10-05,30271.52091797809
Daging Ayam Ras/Kepulauan Riau/2024-10-06,30287.466121482128
Daging Ayam Ras/Kepulauan Riau/2024-10-07,30307.882864403124
Daging Ayam Ras/Kepulauan Riau/2024-10-08,30276.27683864052
Daging Ayam Ras/Kepulauan Riau/2024-10-09,30300.15773264409
Daging Ayam Ras/Kepulauan Riau/2024-10-10,30274.698625187844
Daging Ayam Ras/Kepulauan Riau/2024-10-11,30302.824881374465
Daging Ayam Ras/Kepulauan Riau/2024-10-12,30295.0786941357
Daging Ayam Ras/Kepulauan Riau/2024-10-13,30270.70959785077
Daging Ayam Ras/Kepulauan Riau/2024-10-14,30313.59871642836
Daging Ayam Ras/Kepulauan Riau/2024-10-15,30284.2949737236
Daging Ayam Ras/Kepulauan Riau/2024-10-16,30283.12764351057
Daging Ayam Ras/Kepulauan Riau/2024-10-17,30298.723060087475
Daging Ayam Ras/Kepulauan Riau/2024-10-18,30313.35028736072
Daging Ayam Ras/Kepulauan Riau/2024-10-19,30279.95602545396
Daging Ayam Ras/Kepulauan Riau/2024-10-20,30296.58021197545
Daging Ayam Ras/Kepulauan Riau/2024-10-21,30302.24456344059
Daging Ayam Ras/Kepulauan Riau/2024-10-22,30306.322136159368
Daging Ayam Ras/Kepulauan Riau/2024-10-23,30298.35080783788
Daging Ayam Ras/Kepulauan Riau/2024-10-24,30289.96591448508
Daging Ayam Ras/Kepulauan Riau/2024-10-25,30282.86014828773
Daging Ayam Ras/Kepulauan Riau/2024-10-26,30296.957654222388
Daging Ayam Ras/Kepulauan Riau/2024-10-27,30279.08713814918
Daging Ayam Ras/Kepulauan Riau/2024-10-28,30250.556661297534
Daging Ayam Ras/Kepulauan Riau/2024-10-29,30302.36403065891
Daging Ayam Ras/Kepulauan Riau/2024-10-30,30309.57490560619
Daging Ayam Ras/Kepulauan Riau/2024-10-31,30259.17218928669
Daging Ayam Ras/Kepulauan Riau/2024-11-01,30280.05000193924
Daging Ayam Ras/Kepulauan Riau/2024-11-02,30305.181181106327
Daging Ayam Ras/Kepulauan Riau/2024-11-03,30327.372564402405
Daging Ayam Ras/Kepulauan Riau/2024-11-04,30295.94940195141
Daging Ayam Ras/Kepulauan Riau/2024-11-05,30284.39662619412
Daging Ayam Ras/Kepulauan Riau/2024-11-06,30292.8067775603
Daging Ayam Ras/Kepulauan Riau/2024-11-07,30316.840806774544
Daging Ayam Ras/Kepulauan Riau/2024-11-08,30285.66235758245
Daging Ayam Ras/Kepulauan Riau/2024-11-09,30283.298288867973
Daging Ayam Ras/Kepulauan Riau/2024-11-10,30288.18060022065
Daging Ayam Ras/Kepulauan Riau/2024-11-11,30280.920199173022
Daging Ayam Ras/Kepulauan Riau/2024-11-12,30297.521200666783
Daging Ayam Ras/Kepulauan Riau/2024-11-13,30320.694866415724
Daging Ayam Ras/Kepulauan Riau/2024-11-14,30300.61320133848
Daging Ayam Ras/Kepulauan Riau/2024-11-15,30291.73516238692
Daging Ayam Ras/Kepulauan Riau/2024-11-16,30291.12638998888
Daging Ayam Ras/Kepulauan Riau/2024-11-17,30271.51096736781
Daging Ayam Ras/Kepulauan Riau/2024-11-18,30309.253607034447
Daging Ayam Ras/Kepulauan Riau/2024-11-19,30294.427679429988
Daging Ayam Ras/Kepulauan Riau/2024-11-20,30292.844060847456
Daging Ayam Ras/Kepulauan Riau/2024-11-21,30344.893305095084
Daging Ayam Ras/Kepulauan Riau/2024-11-22,30300.237883103066
Daging Ayam Ras/Kepulauan Riau/2024-11-23,30284.029612415645
Daging Ayam Ras/Kepulauan Riau/2024-11-24,30289.05054796899
Daging Ayam Ras/Kepulauan Riau/2024-11-25,30313.34733064793
Daging Ayam Ras/Kepulauan Riau/2024-11-26,30297.37617464397
Daging Ayam Ras/Kepulauan Riau/2024-11-27,30273.438179409542
Daging Ayam Ras/Kepulauan Riau/2024-11-28,30309.810869846613
Daging Ayam Ras/Kepulauan Riau/2024-11-29,30285.320155883903
Daging Ayam Ras/Kepulauan Riau/2024-11-30,30324.530678489773
Daging Ayam Ras/Kepulauan Riau/2024-12-01,30312.29206065089
Daging Ayam Ras/Kepulauan Riau/2024-12-02,30288.727101208315
Daging Ayam Ras/Kepulauan Riau/2024-12-03,30315.39269105789
Daging Ayam Ras/Kepulauan Riau/2024-12-04,30296.675492881277
Daging Ayam Ras/Kepulauan Riau/2024-12-05,30308.785567835075
Daging Ayam Ras/Kepulauan Riau/2024-12-06,30303.10726584718
Daging Ayam Ras/Kepulauan Riau/2024-12-07,30282.570611191062
Daging Ayam Ras/Kepulauan Riau/2024-12-08,30285.699607224666
Daging Ayam Ras/Kepulauan Riau/2024-12-09,30311.51929177321
Daging Ayam Ras/Kepulauan Riau/2024-12-10,30290.46352085292
Daging Ayam Ras/Kepulauan Riau/2024-12-11,30289.400914815786
Daging Ayam Ras/Kepulauan Riau/2024-12-12,30280.892520969926
Daging Ayam Ras/Kepulauan Riau/2024-12-13,30302.16406648105
Daging Ayam Ras/Kepulauan Riau/2024-12-14,30327.450161040564
Daging Ayam Ras/Kepulauan Riau/2024-12-15,30279.15820312294
Daging Ayam Ras/Kepulauan Riau/2024-12-16,30296.002255967283
Daging Ayam Ras/Kepulauan Riau/2024-12-17,30317.41696911819
Daging Ayam Ras/Kepulauan Riau/2024-12-18,30294.3998434996
Daging Ayam Ras/Kepulauan Riau/2024-12-19,30302.60798527487
Daging Ayam Ras/Kepulauan Riau/2024-12-20,30279.23749591267
Daging Ayam Ras/Kepulauan Riau/2024-12-21,30302.236704137187
Daging Ayam Ras/Kepulauan Riau/2024-12-22,30292.7412401984
Daging Ayam Ras/Kepulauan Riau/2024-12-23,30310.83687850689
Daging Ayam Ras/Kepulauan Riau/2024-12-24,30313.948119986333
Daging Ayam Ras/Kepulauan Riau/2024-12-25,30335.581554508397
Daging Ayam Ras/Kepulauan Riau/2024-12-26,30304.57143176302
Daging Ayam Ras/Kepulauan Riau/2024-12-27,30300.65512112262
Daging Ayam Ras/Kepulauan Riau/2024-12-28,30298.627636700265
Daging Ayam Ras/Kepulauan Riau/2024-12-29,30290.17977673456
Daging Ayam Ras/Kepulauan Riau/2024-12-30,30300.85087006617
Daging Ayam Ras/Kepulauan Riau/2024-12-31,30291.070999654865
Daging Ayam Ras/Lampung/2024-10-01,30298.22767983
Daging Ayam Ras/Lampung/2024-10-02,30315.9570820702
Daging Ayam Ras/Lampung/2024-10-03,30280.099190006487
Daging Ayam Ras/Lampung/2024-10-04,30313.215152785426
Daging Ayam Ras/Lampung/2024-10-05,30315.949638330007
Daging Ayam Ras/Lampung/2024-10-06,30293.806972146725
Daging Ayam Ras/Lampung/2024-10-07,30262.89164332507
Daging Ayam Ras/Lampung/2024-10-08,30286.2508326939
Daging Ayam Ras/Lampung/2024-10-09,30315.63920977104
Daging Ayam Ras/Lampung/2024-10-10,30295.27576827741
Daging Ayam Ras/Lampung/2024-10-11,30280.210897161567
Daging Ayam Ras/Lampung/2024-10-12,30287.840689761422
Daging Ayam Ras/Lampung/2024-10-13,30308.59805580852
Daging Ayam Ras/Lampung/2024-10-14,30304.06384167195
Daging Ayam Ras/Lampung/2024-10-15,30291.942233904847
Daging Ayam Ras/Lampung/2024-10-16,30289.969053053635
Daging Ayam Ras/Lampung/2024-10-17,30289.584363998976
Daging Ayam Ras/Lampung/2024-10-18,30281.39722269736
Daging Ayam Ras/Lampung/2024-10-19,30320.551339058416
Daging Ayam Ras/Lampung/2024-10-20,30290.655680150543
Daging Ayam Ras/Lampung/2024-10-21,30314.407463202697
Daging Ayam Ras/Lampung/2024-10-22,30319.100144128548
Daging Ayam Ras/Lampung/2024-10-23,30311.03098240045
Daging Ayam Ras/Lampung/2024-10-24,30288.9693523816
Daging Ayam Ras/Lampung/2024-10-25,30301.857518880974
Daging Ayam Ras/Lampung/2024-10-26,30295.255286322496
Daging Ayam Ras/Lampung/2024-10-27,30281.685863237624
Daging Ayam Ras/Lampung/2024-10-28,30300.632949894258
Daging Ayam Ras/Lampung/2024-10-29,30277.437824237477
Daging Ayam Ras/Lampung/2024-10-30,30313.952645721583
Daging Ayam Ras/Lampung/2024-10-31,30288.4602598742
Daging Ayam Ras/Lampung/2024-11-01,30298.73216995234
Daging Ayam Ras/Lampung/2024-11-02,30299.99928147108
Daging Ayam Ras/Lampung/2024-11-03,30291.63408329939
Daging Ayam Ras/Lampung/2024-11-04,30304.68036635178
Daging Ayam Ras/Lampung/2024-11-05,30288.30155723737
Daging Ayam Ras/Lampung/2024-11-06,30309.071358717505
Daging Ayam Ras/Lampung/2024-11-07,30274.862199591727
Daging Ayam Ras/Lampung/2024-11-08,30297.578428874334
Daging Ayam Ras/Lampung/2024-11-09,30325.543266889126
Daging Ayam Ras/Lampung/2024-11-10,30280.19501985667
Daging Ayam Ras/Lampung/2024-11-11,30285.17202905738
Daging Ayam Ras/Lampung/2024-11-12,30303.55739153499
Daging Ayam Ras/Lampung/2024-11-13,30298.39925668512
Daging Ayam Ras/Lampung/2024-11-14,30301.038268033142
Daging Ayam Ras/Lampung/2024-11-15,30303.175989014704
Daging Ayam Ras/Lampung/2024-11-16,30305.42135907498
Daging Ayam Ras/Lampung/2024-11-17,30312.749541760382
Daging Ayam Ras/Lampung/2024-11-18,30301.95145605954
Daging Ayam Ras/Lampung/2024-11-19,30291.90635417615
Daging Ayam Ras/Lampung/2024-11-20,30306.005360560903
Daging Ayam Ras/Lampung/2024-11-21,30324.940830998265
Daging Ayam Ras/Lampung/2024-11-22,30293.582253307864
Daging Ayam Ras/Lampung/2024-11-23,30280.5931051724
Daging Ayam Ras/Lampung/2024-11-24,30312.709131971475
Daging Ayam Ras/Lampung/2024-11-25,30293.77129173032
Daging Ayam Ras/Lampung/2024-11-26,30262.10765180628
Daging Ayam Ras/Lampung/2024-11-27,30308.702994772662
Daging Ayam Ras/Lampung/2024-11-28,30287.369300076996
Daging Ayam Ras/Lampung/2024-11-29,30294.23179844337
Daging Ayam Ras/Lampung/2024-11-30,30300.750530907077
Daging Ayam Ras/Lampung/2024-12-01,30298.567702985816
Daging Ayam Ras/Lampung/2024-12-02,30306.57433293062
Daging Ayam Ras/Lampung/2024-12-03,30288.90970508017
Daging Ayam Ras/Lampung/2024-12-04,30303.5450171194
Daging Ayam Ras/Lampung/2024-12-05,30291.62418279965
Daging Ayam Ras/Lampung/2024-12-06,30307.027291767063
Daging Ayam Ras/Lampung/2024-12-07,30305.12275698611
Daging Ayam Ras/Lampung/2024-12-08,30281.196212794493
Daging Ayam Ras/Lampung/2024-12-09,30312.383613884205
Daging Ayam Ras/Lampung/2024-12-10,30287.35949900933
Daging Ayam Ras/Lampung/2024-12-11,30308.09567092022
Daging Ayam Ras/Lampung/2024-12-12,30301.29526311965
Daging Ayam Ras/Lampung/2024-12-13,30323.988922170294
Daging Ayam Ras/Lampung/2024-12-14,30292.180852199228
Daging Ayam Ras/Lampung/2024-12-15,30290.23916852288
Daging Ayam Ras/Lampung/2024-12-16,30295.328972633604
Daging Ayam Ras/Lampung/2024-12-17,30290.950991378068
Daging Ayam Ras/Lampung/2024-12-18,30307.970455174916
Daging Ayam Ras/Lampung/2024-12-19,30270.69141090269
Daging Ayam Ras/Lampung/2024-12-20,30279.37189487002
Daging Ayam Ras/Lampung/2024-12-21,30279.15403732695
Daging Ayam Ras/Lampung/2024-12-22,30310.2903655285
Daging Ayam Ras/Lampung/2024-12-23,30322.02070941184
Daging Ayam Ras/Lampung/2024-12-24,30294.0170970408
Daging Ayam Ras/Lampung/2024-12-25,30293.02392871897
Daging Ayam Ras/Lampung/2024-12-26,30296.70938383789
Daging Ayam Ras/Lampung/2024-12-27,30313.55457481729
Daging Ayam Ras/Lampung/2024-12-28,30281.32096061812
Daging Ayam Ras/Lampung/2024-12-29,30299.30625239508
Daging Ayam Ras/Lampung/2024-12-30,30310.6743803686
Daging Ayam Ras/Lampung/2024-12-31,30303.35969624797
Daging Ayam Ras/Maluku Utara/2024-10-01,30298.553538688917
Daging Ayam Ras/Maluku Utara/2024-10-02,30311.07318222577
Daging Ayam Ras/Maluku Utara/2024-10-03,30253.92188808784
Daging Ayam Ras/Maluku Utara/2024-10-04,30306.087156343223
Daging Ayam Ras/Maluku Utara/2024-10-05,30285.53720960411
Daging Ayam Ras/Maluku Utara/2024-10-06,30267.38474901855
Daging Ayam Ras/Maluku Utara/2024-10-07,30303.51565370375
Daging Ayam Ras/Maluku Utara/2024-10-08,30316.82201685999
Daging Ayam Ras/Maluku Utara/2024-10-09,30293.507968870374
Daging Ayam Ras/Maluku Utara/2024-10-10,30310.32996968296
Daging Ayam Ras/Maluku Utara/2024-10-11,30320.50355047473
Daging Ayam Ras/Maluku Utara/2024-10-12,30315.915686258657
Daging Ayam Ras/Maluku Utara/2024-10-13,30320.93070688002
Daging Ayam Ras/Maluku Utara/2024-10-14,30307.078468111
Daging Ayam Ras/Maluku Utara/2024-10-15,30296.792411697475
Daging Ayam Ras/Maluku Utara/2024-10-16,30270.912728957395
Daging Ayam Ras/Maluku Utara/2024-10-17,30291.832223016256
Daging Ayam Ras/Maluku Utara/2024-10-18,30282.61859460828
Daging Ayam Ras/Maluku Utara/2024-10-19,30329.12288021361
Daging Ayam Ras/Maluku Utara/2024-10-20,30292.914940732622
Daging Ayam Ras/Maluku Utara/2024-10-21,30297.529447034136
Daging Ayam Ras/Maluku Utara/2024-10-22,30304.137154727618
Daging Ayam Ras/Maluku Utara/2024-10-23,30296.30130556083
Daging Ayam Ras/Maluku Utara/2024-10-24,30321.78060666316
Daging Ayam Ras/Maluku Utara/2024-10-25,30286.022069204457
Daging Ayam Ras/Maluku Utara/2024-10-26,30298.63107961657
Daging Ayam Ras/Maluku Utara/2024-10-27,30284.1734127856
Daging Ayam Ras/Maluku Utara/2024-10-28,30275.2626786183
Daging Ayam Ras/Maluku Utara/2024-10-29,30286.189934978494
Daging Ayam Ras/Maluku Utara/2024-10-30,30295.057166584196
Daging Ayam Ras/Maluku Utara/2024-10-31,30289.00511690219
Daging Ayam Ras/Maluku Utara/2024-11-01,30284.94560090059
Daging Ayam Ras/Maluku Utara/2024-11-02,30273.931280786703
Daging Ayam Ras/Maluku Utara/2024-11-03,30294.34639653137
Daging Ayam Ras/Maluku Utara/2024-11-04,30272.41307586564
Daging Ayam Ras/Maluku Utara/2024-11-05,30307.35507675252
Daging Ayam Ras/Maluku Utara/2024-11-06,30296.900505215886
Daging Ayam Ras/Maluku Utara/2024-11-07,30273.14081874668
Daging Ayam Ras/Maluku Utara/2024-11-08,30290.85796868072
Daging Ayam Ras/Maluku Utara/2024-11-09,30284.023975544653
Daging Ayam Ras/Maluku Utara/2024-11-10,30300.55295688107
Daging Ayam Ras/Maluku Utara/2024-11-11,30316.30966718101
Daging Ayam Ras/Maluku Utara/2024-11-12,30266.697572202906
Daging Ayam Ras/Maluku Utara/2024-11-13,30297.403261898948
Daging Ayam Ras/Maluku Utara/2024-11-14,30293.15798545193
Daging Ayam Ras/Maluku Utara/2024-11-15,30305.98632763634
Daging Ayam Ras/Maluku Utara/2024-11-16,30298.91788184452
Daging Ayam Ras/Maluku Utara/2024-11-17,30284.026861805243
Daging Ayam Ras/Maluku Utara/2024-11-18,30290.706077717896
Daging Ayam Ras/Maluku Utara/2024-11-19,30283.347137669916
Daging Ayam Ras/Maluku Utara/2024-11-20,30312.22971538681
Daging Ayam Ras/Maluku Utara/2024-11-21,30295.95739298101
Daging Ayam Ras/Maluku Utara/2024-11-22,30324.961023002605
Daging Ayam Ras/Maluku Utara/2024-11-23,30294.69268449338
Daging Ayam Ras/Maluku Utara/2024-11-24,30284.698964897067
Daging Ayam Ras/Maluku Utara/2024-11-25,30272.274312050413
Daging Ayam Ras/Maluku Utara/2024-11-26,30267.808926948444
Daging Ayam Ras/Maluku Utara/2024-11-27,30271.187816295715
Daging Ayam Ras/Maluku Utara/2024-11-28,30299.749938799643
Daging Ayam Ras/Maluku Utara/2024-11-29,30303.4774285282
Daging Ayam Ras/Maluku Utara/2024-11-30,30271.23325681493
Daging Ayam Ras/Maluku Utara/2024-12-01,30309.437645935333
Daging Ayam Ras/Maluku Utara/2024-12-02,30288.17570123088
Daging Ayam Ras/Maluku Utara/2024-12-03,30297.89337660781
Daging Ayam Ras/Maluku Utara/2024-12-04,30320.502661336955
Daging Ayam Ras/Maluku Utara/2024-12-05,30309.46543261125
Daging Ayam Ras/Maluku Utara/2024-12-06,30291.485574013557
Daging Ayam Ras/Maluku Utara/2024-12-07,30281.878867589086
Daging Ayam Ras/Maluku Utara/2024-12-08,30262.42939904901
Daging Ayam Ras/Maluku Utara/2024-12-09,30284.533162192907
Daging Ayam Ras/Maluku Utara/2024-12-10,30292.37117366925
Daging Ayam Ras/Maluku Utara/2024-12-11,30280.39793177811
Daging Ayam Ras/Maluku Utara/2024-12-12,30293.603494885843
Daging Ayam Ras/Maluku Utara/2024-12-13,30296.814293012765
Daging Ayam Ras/Maluku Utara/2024-12-14,30292.159406654817
Daging Ayam Ras/Maluku Utara/2024-12-15,30285.60005128165
Daging Ayam Ras/Maluku Utara/2024-12-16,30298.23066825544
Daging Ayam Ras/Maluku Utara/2024-12-17,30302.447048792765
Daging Ayam Ras/Maluku Utara/2024-12-18,30278.805413542308
Daging Ayam Ras/Maluku Utara/2024-12-19,30317.397094557236
Daging Ayam Ras/Maluku Utara/2024-12-20,30294.107524549094
Daging Ayam Ras/Maluku Utara/2024-12-21,30295.919407726706
Daging Ayam Ras/Maluku Utara/2024-12-22,30306.5552418542
Daging Ayam Ras/Maluku Utara/2024-12-23,30299.226751855585
Daging Ayam Ras/Maluku Utara/2024-12-24,30310.3340132761
Daging Ayam Ras/Maluku Utara/2024-12-25,30300.05846955693
Daging Ayam Ras/Maluku Utara/2024-12-26,30286.179624392647
Daging Ayam Ras/Maluku Utara/2024-12-27,30301.206028201
Daging Ayam Ras/Maluku Utara/2024-12-28,30277.98265829339
Daging Ayam Ras/Maluku Utara/2024-12-29,30297.303495745316
Daging Ayam Ras/Maluku Utara/2024-12-30,30295.115899727298
Daging Ayam Ras/Maluku Utara/2024-12-31,30292.4176654924
Daging Ayam Ras/Maluku/2024-10-01,30293.645451886307
Daging Ayam Ras/Maluku/2024-10-02,30266.594562949653
Daging Ayam Ras/Maluku/2024-10-03,30287.162609351395
Daging Ayam Ras/Maluku/2024-10-04,30297.0610405817
Daging Ayam Ras/Maluku/2024-10-05,30298.094924384677
Daging Ayam Ras/Maluku/2024-10-06,30279.77314700406
Daging Ayam Ras/Maluku/2024-10-07,30315.15650422525
Daging Ayam Ras/Maluku/2024-10-08,30282.264847079325
Daging Ayam Ras/Maluku/2024-10-09,30310.58581441142
Daging Ayam Ras/Maluku/2024-10-10,30302.2195363496
Daging Ayam Ras/Maluku/2024-10-11,30285.658297881862
Daging Ayam Ras/Maluku/2024-10-12,30323.01889221891
Daging Ayam Ras/Maluku/2024-10-13,30277.21261444656
Daging Ayam Ras/Maluku/2024-10-14,30309.80971640039
Daging Ayam Ras/Maluku/2024-10-15,30311.066026901168
Daging Ayam Ras/Maluku/2024-10-16,30285.28195312215
Daging Ayam Ras/Maluku/2024-10-17,30317.11217604061
Daging Ayam Ras/Maluku/2024-10-18,30291.770755641268
Daging Ayam Ras/Maluku/2024-10-19,30300.08268396358
Daging Ayam Ras/Maluku/2024-10-20,30299.64495105698
Daging Ayam Ras/Maluku/2024-10-21,30293.55641072073
Daging Ayam Ras/Maluku/2024-10-22,30308.138106499417
Daging Ayam Ras/Maluku/2024-10-23,30307.87089255317
Daging Ayam Ras/Maluku/2024-10-24,30268.65143946304
Daging Ayam Ras/Maluku/2024-10-25,30315.7525425196
Daging Ayam Ras/Maluku/2024-10-26,30269.978903543783
Daging Ayam Ras/Maluku/2024-10-27,30311.55918029773
Daging Ayam Ras/Maluku/2024-10-28,30313.01190719514
Daging Ayam Ras/Maluku/2024-10-29,30278.79666016532
Daging Ayam Ras/Maluku/2024-10-30,30289.29035720827
Daging Ayam Ras/Maluku/2024-10-31,30278.569271912384
Daging Ayam Ras/Maluku/2024-11-01,30292.31268761198
Daging Ayam Ras/Maluku/2024-11-02,30290.87609392012
Daging Ayam Ras/Maluku/2024-11-03,30307.65754496595
Daging Ayam Ras/Maluku/2024-11-04,30315.844627306116
Daging Ayam Ras/Maluku/2024-11-05,30317.161832690035
Daging Ayam Ras/Maluku/2024-11-06,30286.95520279097
Daging Ayam Ras/Maluku/2024-11-07,30292.400616794963
Daging Ayam Ras/Maluku/2024-11-08,30269.655735965145
Daging Ayam Ras/Maluku/2024-11-09,30283.195256718984
Daging Ayam Ras/Maluku/2024-11-10,30310.514757619403
Daging Ayam Ras/Maluku/2024-11-11,30320.55453481733
Daging Ayam Ras/Maluku/2024-11-12,30276.58449054823
Daging Ayam Ras/Maluku/2024-11-13,30286.48777871564
Daging Ayam Ras/Maluku/2024-11-14,30295.221187112864
Daging Ayam Ras/Maluku/2024-11-15,30299.951041123
Daging Ayam Ras/Maluku/2024-11-16,30283.13765529904
Daging Ayam Ras/Maluku/2024-11-17,30302.171194101487
Daging Ayam Ras/Maluku/2024-11-18,30288.317977889896
Daging Ayam Ras/Maluku/2024-11-19,30295.405610940627
Daging Ayam Ras/Maluku/2024-11-20,30304.056909355284
Daging Ayam Ras/Maluku/2024-11-21,30295.72767286221
Daging Ayam Ras/Maluku/2024-11-22,30288.895826876567
Daging Ayam Ras/Maluku/2024-11-23,30293.93747717891
Daging Ayam Ras/Maluku/2024-11-24,30294.265283176665
Daging Ayam Ras/Maluku/2024-11-25,30289.919888458666
Daging Ayam Ras/Maluku/2024-11-26,30291.635763628477
Daging Ayam Ras/Maluku/2024-11-27,30320.29324384841
Daging Ayam Ras/Maluku/2024-11-28,30304.282707885886
Daging Ayam Ras/Maluku/2024-11-29,30291.069782227994
Daging Ayam Ras/Maluku/2024-11-30,30306.381517156333
Daging Ayam Ras/Maluku/2024-12-01,30290.478268024068
Daging Ayam Ras/Maluku/2024-12-02,30313.728088395765
Daging Ayam Ras/Maluku/2024-12-03,30301.331595262312
Daging Ayam Ras/Maluku/2024-12-04,30293.973080807264
Daging Ayam Ras/Maluku/2024-12-05,30302.53616781356
Daging Ayam Ras/Maluku/2024-12-06,30271.39239438979
Daging Ayam Ras/Maluku/2024-12-07,30278.24430543387
Daging Ayam Ras/Maluku/2024-12-08,30277.20816835692
Daging Ayam Ras/Maluku/2024-12-09,30297.83397833137
Daging Ayam Ras/Maluku/2024-12-10,30322.35861768734
Daging Ayam Ras/Maluku/2024-12-11,30330.0541021148
Daging Ayam Ras/Maluku/2024-12-12,30305.4727301676
Daging Ayam Ras/Maluku/2024-12-13,30303.355843839858
Daging Ayam Ras/Maluku/2024-12-14,30267.841048099486
Daging Ayam Ras/Maluku/2024-12-15,30287.25596860185
Daging Ayam Ras/Maluku/2024-12-16,30283.474300618305
Daging Ayam Ras/Maluku/2024-12-17,30286.049867632137
Daging Ayam Ras/Maluku/2024-12-18,30293.034387739983
Daging Ayam Ras/Maluku/2024-12-19,30288.34495870032
Daging Ayam Ras/Maluku/2024-12-20,30265.091048162747
Daging Ayam Ras/Maluku/2024-12-21,30307.16768724403
Daging Ayam Ras/Maluku/2024-12-22,30279.07781914987
Daging Ayam Ras/Maluku/2024-12-23,30299.319796748805
Daging Ayam Ras/Maluku/2024-12-24,30327.628479279647
Daging Ayam Ras/Maluku/2024-12-25,30281.443902922885
Daging Ayam Ras/Maluku/2024-12-26,30256.59015877528
Daging Ayam Ras/Maluku/2024-12-27,30291.215983755505
Daging Ayam Ras/Maluku/2024-12-28,30312.614693866497
Daging Ayam Ras/Maluku/2024-12-29,30325.84286365999
Daging Ayam Ras/Maluku/2024-12-30,30276.65853598633
Daging Ayam Ras/Maluku/2024-12-31,30303.291889008447
Daging Ayam Ras/Nusa Tenggara Barat/2024-10-01,30288.449565494
Daging Ayam Ras/Nusa Tenggara Barat/2024-10-02,30293.99396769137
Daging Ayam Ras/Nusa Tenggara Barat/2024-10-03,30336.426720747884
Daging Ayam Ras/Nusa Tenggara Barat/2024-10-04,30272.440076366813
Daging Ayam Ras/Nusa Tenggara Barat/2024-10-05,30299.54339822794
Daging Ayam Ras/Nusa Tenggara Barat/2024-10-06,30302.84437043483
Daging Ayam Ras/Nusa Tenggara Barat/2024-10-07,30312.380593127844
Daging Ayam Ras/Nusa Tenggara Barat/2024-10-08,30297.140315878987
Daging Ayam Ras/Nusa Tenggara Barat/2024-10-09,30300.381331191107
Daging Ayam Ras/Nusa Tenggara Barat/2024-10-10,30289.586054674157
Daging Ayam Ras/Nusa Tenggara Barat/2024-10-11,30299.780800188448
Daging Ayam Ras/Nusa Tenggara Barat/2024-10-12,30290.33366041658
Daging Ayam Ras/Nusa Tenggara Barat/2024-10-13,30305.218481385407
Daging Ayam Ras/Nusa Tenggara Barat/2024-10-14,30289.926070545716
Daging Ayam Ras/Nusa Tenggara Barat/2024-10-15,30301.44666379523
Daging Ayam Ras/Nusa Tenggara Barat/2024-10-16,30295.17710714038
Daging Ayam Ras/Nusa Tenggara Barat/2024-10-17,30313.001803314797
Daging Ayam Ras/Nusa Tenggara Barat/2024-10-18,30294.835661382316
Daging Ayam Ras/Nusa Tenggara Barat/2024-10-19,30268.273434667302
Daging Ayam Ras/Nusa Tenggara Barat/2024-10-20,30315.098086844824
Daging Ayam Ras/Nusa Tenggara Barat/2024-10-21,30281.654536682447
Daging Ayam Ras/Nusa Tenggara Barat/2024-10-22,30285.541982311624
Daging Ayam Ras/Nusa Tenggara Barat/2024-10-23,30286.43845340518
Daging Ayam Ras/Nusa Tenggara Barat/2024-10-24,30316.83404408172
Daging Ayam Ras/Nusa Tenggara Barat/2024-10-25,30262.67843263936
Daging Ayam Ras/Nusa Tenggara Barat/2024-10-26,30344.039200701038
Daging Ayam Ras/Nusa Tenggara Barat/2024-10-27,30311.921912615904
Daging Ayam Ras/Nusa Tenggara Barat/2024-10-28,30299.072818805264
Daging Ayam Ras/Nusa Tenggara Barat/2024-10-29,30294.78165751404
Daging Ayam Ras/Nusa Tenggara Barat/2024-10-30,30300.03424548797
Daging Ayam Ras/Nusa Tenggara Barat/2024-10-31,30303.668701341547
Daging Ayam Ras/Nusa Tenggara Barat/2024-11-01,30305.583267097853
Daging Ayam Ras/Nusa Tenggara Barat/2024-11-02,30304.20070592371
Daging Ayam Ras/Nusa Tenggara Barat/2024-11-03,30297.01067871053
Daging Ayam Ras/Nusa Tenggara Barat/2024-11-04,30292.58396012721
Daging Ayam Ras/Nusa Tenggara Barat/2024-11-05,30293.29467403701
Daging Ayam Ras/Nusa Tenggara Barat/2024-11-06,30292.62145343329
Daging Ayam Ras/Nusa Tenggara Barat/2024-11-07,30313.12090861654
Daging Ayam Ras/Nusa Tenggara Barat/2024-11-08,30304.78625061985
Daging Ayam Ras/Nusa Tenggara Barat/2024-11-09,30250.26293202989
Daging Ayam Ras/Nusa Tenggara Barat/2024-11-10,30305.74812308495
Daging Ayam Ras/Nusa Tenggara Barat/2024-11-11,30298.633065867933
Daging Ayam Ras/Nusa Tenggara Barat/2024-11-12,30295.33993994257
Daging Ayam Ras/Nusa Tenggara Barat/2024-11-13,30289.63434750377
Daging Ayam Ras/Nusa Tenggara Barat/2024-11-14,30312.97191020733
Daging Ayam Ras/Nusa Tenggara Barat/2024-11-15,30310.247456990423
Daging Ayam Ras/Nusa Tenggara Barat/2024-11-16,30283.70427847291
Daging Ayam Ras/Nusa Tenggara Barat/2024-11-17,30301.908775246196
Daging Ayam Ras/Nusa Tenggara Barat/2024-11-18,30280.637424492736
Daging Ayam Ras/Nusa Tenggara Barat/2024-11-19,30274.34320973073
Daging Ayam Ras/Nusa Tenggara Barat/2024-11-20,30285.959308363515
Daging Ayam Ras/Nusa Tenggara Barat/2024-11-21,30308.93398644879
Daging Ayam Ras/Nusa Tenggara Barat/2024-11-22,30310.333834482877
Daging Ayam Ras/Nusa Tenggara Barat/2024-11-23,30303.54470271712
Daging Ayam Ras/Nusa Tenggara Barat/2024-11-24,30306.815695220725
Daging Ayam Ras/Nusa Tenggara Barat/2024-11-25,30303.592420878187
Daging Ayam Ras/Nusa Tenggara Barat/2024-11-26,30285.73151692859
Daging Ayam Ras/Nusa Tenggara Barat/2024-11-27,30302.29248490744
Daging Ayam Ras/Nusa Tenggara Barat/2024-11-28,30307.977669879954
Daging Ayam Ras/Nusa Tenggara Barat/2024-11-29,30307.26613735543
Daging Ayam Ras/Nusa Tenggara Barat/2024-11-30,30313.97168417356
Daging Ayam Ras/Nusa Tenggara Barat/2024-12-01,30306.556621527543
Daging Ayam Ras/Nusa Tenggara Barat/2024-12-02,30301.050890180133
Daging Ayam Ras/Nusa Tenggara Barat/2024-12-03,30312.13935246158
Daging Ayam Ras/Nusa Tenggara Barat/2024-12-04,30295.219405090924
Daging Ayam Ras/Nusa Tenggara Barat/2024-12-05,30282.02262336757
Daging Ayam Ras/Nusa Tenggara Barat/2024-12-06,30293.11271576577
Daging Ayam Ras/Nusa Tenggara Barat/2024-12-07,30284.135889869936
Daging Ayam Ras/Nusa Tenggara Barat/2024-12-08,30285.2116292054
Daging Ayam Ras/Nusa Tenggara Barat/2024-12-09,30293.39888728197
Daging Ayam Ras/Nusa Tenggara Barat/2024-12-10,30283.4027716899
Daging Ayam Ras/Nusa Tenggara Barat/2024-12-11,30290.8772164104
Daging Ayam Ras/Nusa Tenggara Barat/2024-12-12,30266.413037582883
Daging Ayam Ras/Nusa Tenggara Barat/2024-12-13,30298.91937962564
Daging Ayam Ras/Nusa Tenggara Barat/2024-12-14,30295.64718578133
Daging Ayam Ras/Nusa Tenggara Barat/2024-12-15,30283.022171594992
Daging Ayam Ras/Nusa Tenggara Barat/2024-12-16,30305.799729600734
Daging Ayam Ras/Nusa Tenggara Barat/2024-12-17,30310.093846281245
Daging Ayam Ras/Nusa Tenggara Barat/2024-12-18,30270.82642136791
Daging Ayam Ras/Nusa Tenggara Barat/2024-12-19,30283.86092187276
Daging Ayam Ras/Nusa Tenggara Barat/2024-12-20,30283.76190866092
Daging Ayam Ras/Nusa Tenggara Barat/2024-12-21,30281.12733401231
Daging Ayam Ras/Nusa Tenggara Barat/2024-12-22,30308.426102824586
Daging Ayam Ras/Nusa Tenggara Barat/2024-12-23,30292.63814920648
Daging Ayam Ras/Nusa Tenggara Barat/2024-12-24,30291.5475317068
Daging Ayam Ras/Nusa Tenggara Barat/2024-12-25,30264.712085891533
Daging Ayam Ras/Nusa Tenggara Barat/2024-12-26,30305.432105945343
Daging Ayam Ras/Nusa Tenggara Barat/2024-12-27,30276.50874419163
Daging Ayam Ras/Nusa Tenggara Barat/2024-12-28,30296.55325507593
Daging Ayam Ras/Nusa Tenggara Barat/2024-12-29,30299.908084895404
Daging Ayam Ras/Nusa Tenggara Barat/2024-12-30,30316.621447720667
Daging Ayam Ras/Nusa Tenggara Barat/2024-12-31,30275.43550990608
Daging Ayam Ras/Nusa Tenggara Timur/2024-10-01,30249.04217830672
Daging Ayam Ras/Nusa Tenggara Timur/2024-10-02,30298.465101673675
Daging Ayam Ras/Nusa Tenggara Timur/2024-10-03,30323.40769375418
Daging Ayam Ras/Nusa Tenggara Timur/2024-10-04,30314.74361580036
Daging Ayam Ras/Nusa Tenggara Timur/2024-10-05,30298.863308111817
Daging Ayam Ras/Nusa Tenggara Timur/2024-10-06,30288.043400158564
Daging Ayam Ras/Nusa Tenggara Timur/2024-10-07,30308.081242203298
Daging Ayam Ras/Nusa Tenggara Timur/2024-10-08,30280.608272963596
Daging Ayam Ras/Nusa Tenggara Timur/2024-10-09,30302.978051792965
Daging Ayam Ras/Nusa Tenggara Timur/2024-10-10,30303.42721100292
Daging Ayam Ras/Nusa Tenggara Timur/2024-10-11,30311.98598851016
Daging Ayam Ras/Nusa Tenggara Timur/2024-10-12,30338.205879194276
Daging Ayam Ras/Nusa Tenggara Timur/2024-10-13,30301.682959435595
Daging Ayam Ras/Nusa Tenggara Timur/2024-10-14,30287.77606452087
Daging Ayam Ras/Nusa Tenggara Timur/2024-10-15,30295.23401502143
Daging Ayam Ras/Nusa Tenggara Timur/2024-10-16,30268.33447832828
Daging Ayam Ras/Nusa Tenggara Timur/2024-10-17,30284.910236547625
Daging Ayam Ras/Nusa Tenggara Timur/2024-10-18,30289.313991285344
Daging Ayam Ras/Nusa Tenggara Timur/2024-10-19,30287.542712646
Daging Ayam Ras/Nusa Tenggara Timur/2024-10-20,30297.97918751792
Daging Ayam Ras/Nusa Tenggara Timur/2024-10-21,30282.939917850046
Daging Ayam Ras/Nusa Tenggara Timur/2024-10-22,30312.92435889507
Daging Ayam Ras/Nusa Tenggara Timur/2024-10-23,30295.63178185025
Daging Ayam Ras/Nusa Tenggara Timur/2024-10-24,30295.485097567795
Daging Ayam Ras/Nusa Tenggara Timur/2024-10-25,30290.569678124244
Daging Ayam Ras/Nusa Tenggara Timur/2024-10-26,30298.022939714403
Daging Ayam Ras/Nusa Tenggara Timur/2024-10-27,30308.358578997133
Daging Ayam Ras/Nusa Tenggara Timur/2024-10-28,30282.25010723445
Daging Ayam Ras/Nusa Tenggara Timur/2024-10-29,30285.47486620946
Daging Ayam Ras/Nusa Tenggara Timur/2024-10-30,30290.94256364687
Daging Ayam Ras/Nusa Tenggara Timur/2024-10-31,30274.863877540767
Daging Ayam Ras/Nusa Tenggara Timur/2024-11-01,30282.9887037473
Daging Ayam Ras/Nusa Tenggara Timur/2024-11-02,30288.281234614737
Daging Ayam Ras/Nusa Tenggara Timur/2024-11-03,30309.119061700643
Daging Ayam Ras/Nusa Tenggara Timur/2024-11-04,30299.67950293229
Daging Ayam Ras/Nusa Tenggara Timur/2024-11-05,30298.615380486284
Daging Ayam Ras/Nusa Tenggara Timur/2024-11-06,30308.75662848128
Daging Ayam Ras/Nusa Tenggara Timur/2024-11-07,30293.50915263757
Daging Ayam Ras/Nusa Tenggara Timur/2024-11-08,30301.65285670998
Daging Ayam Ras/Nusa Tenggara Timur/2024-11-09,30294.03603493924
Daging Ayam Ras/Nusa Tenggara Timur/2024-11-10,30299.72271835078
Daging Ayam Ras/Nusa Tenggara Timur/2024-11-11,30286.63752115688
Daging Ayam Ras/Nusa Tenggara Timur/2024-11-12,30258.00140522077
Daging Ayam Ras/Nusa Tenggara Timur/2024-11-13,30293.5568670834
Daging Ayam Ras/Nusa Tenggara Timur/2024-11-14,30317.57939342804
Daging Ayam Ras/Nusa Tenggara Timur/2024-11-15,30309.91866025193
Daging Ayam Ras/Nusa Tenggara Timur/2024-11-16,30310.52317926487
Daging Ayam Ras/Nusa Tenggara Timur/2024-11-17,30314.700174960788
Daging Ayam Ras/Nusa Tenggara Timur/2024-11-18,30296.996436853035
Daging Ayam Ras/Nusa Tenggara Timur/2024-11-19,30298.672863764565
Daging Ayam Ras/Nusa Tenggara Timur/2024-11-20,30286.09917239076
Daging Ayam Ras/Nusa Tenggara Timur/2024-11-21,30290.75207117238
Daging Ayam Ras/Nusa Tenggara Timur/2024-11-22,30305.128984925286
Daging Ayam Ras/Nusa Tenggara Timur/2024-11-23,30314.20266459403
Daging Ayam Ras/Nusa Tenggara Timur/2024-11-24,30293.477146502915
Daging Ayam Ras/Nusa Tenggara Timur/2024-11-25,30288.682862130398
Daging Ayam Ras/Nusa Tenggara Timur/2024-11-26,30295.63673274809
Daging Ayam Ras/Nusa Tenggara Timur/2024-11-27,30304.904278715378
Daging Ayam Ras/Nusa Tenggara Timur/2024-11-28,30273.352137415608
Daging Ayam Ras/Nusa Tenggara Timur/2024-11-29,30260.202061560853
Daging Ayam Ras/Nusa Tenggara Timur/2024-11-30,30287.134653888774
Daging Ayam Ras/Nusa Tenggara Timur/2024-12-01,30276.794879847646
Daging Ayam Ras/Nusa Tenggara Timur/2024-12-02,30287.78876874403
Daging Ayam Ras/Nusa Tenggara Timur/2024-12-03,30293.348565089454
Daging Ayam Ras/Nusa Tenggara Timur/2024-12-04,30288.635664260757
Daging Ayam Ras/Nusa Tenggara Timur/2024-12-05,30318.03791784254
Daging Ayam Ras/Nusa Tenggara Timur/2024-12-06,30300.66975421067
Daging Ayam Ras/Nusa Tenggara Timur/2024-12-07,30300.264442436957
Daging Ayam Ras/Nusa Tenggara Timur/2024-12-08,30305.228282376356
Daging Ayam Ras/Nusa Tenggara Timur/2024-12-09,30278.05815110749
Daging Ayam Ras/Nusa Tenggara Timur/2024-12-10,30311.660477103924
Daging Ayam Ras/Nusa Tenggara Timur/2024-12-11,30294.459661236997
Daging Ayam Ras/Nusa Tenggara Timur/2024-12-12,30305.9730675082
Daging Ayam Ras/Nusa Tenggara Timur/2024-12-13,30279.09148556309
Daging Ayam Ras/Nusa Tenggara Timur/2024-12-14,30271.656489218345
Daging Ayam Ras/Nusa Tenggara Timur/2024-12-15,30308.247361330512
Daging Ayam Ras/Nusa Tenggara Timur/2024-12-16,30301.436004772066
Daging Ayam Ras/Nusa Tenggara Timur/2024-12-17,30281.71132491601
Daging Ayam Ras/Nusa Tenggara Timur/2024-12-18,30282.21102903087
Daging Ayam Ras/Nusa Tenggara Timur/2024-12-19,30312.9923076195
Daging Ayam Ras/Nusa Tenggara Timur/2024-12-20,30277.277798728097
Daging Ayam Ras/Nusa Tenggara Timur/2024-12-21,30320.97249367733
Daging Ayam Ras/Nusa Tenggara Timur/2024-12-22,30281.7334002542
Daging Ayam Ras/Nusa Tenggara Timur/2024-12-23,30305.477988558094
Daging Ayam Ras/Nusa Tenggara Timur/2024-12-24,30290.558511637097
Daging Ayam Ras/Nusa Tenggara Timur/2024-12-25,30304.934837581783
Daging Ayam Ras/Nusa Tenggara Timur/2024-12-26,30287.23374850356
Daging Ayam Ras/Nusa Tenggara Timur/2024-12-27,30293.11694405544
Daging Ayam Ras/Nusa Tenggara Timur/2024-12-28,30296.25990683404
Daging Ayam Ras/Nusa Tenggara Timur/2024-12-29,30280.166382619467
Daging Ayam Ras/Nusa Tenggara Timur/2024-12-30,30307.058362586336
Daging Ayam Ras/Nusa Tenggara Timur/2024-12-31,30287.71049449902
Daging Ayam Ras/Papua Barat/2024-10-01,30292.10164354302
Daging Ayam Ras/Papua Barat/2024-10-02,30280.28731210585
Daging Ayam Ras/Papua Barat/2024-10-03,30256.09573639211
Daging Ayam Ras/Papua Barat/2024-10-04,30292.68132382866
Daging Ayam Ras/Papua Barat/2024-10-05,30332.85151676852
Daging Ayam Ras/Papua Barat/2024-10-06,30307.733819479545
Daging Ayam Ras/Papua Barat/2024-10-07,30295.331429247224
Daging Ayam Ras/Papua Barat/2024-10-08,30291.572587705214
Daging Ayam Ras/Papua Barat/2024-10-09,30295.97520118533
Daging Ayam Ras/Papua Barat/2024-10-10,30304.069790066267
Daging Ayam Ras/Papua Barat/2024-10-11,30277.410469213333
Daging Ayam Ras/Papua Barat/2024-10-12,30312.82084980917
Daging Ayam Ras/Papua Barat/2024-10-13,30306.665815931163
Daging Ayam Ras/Papua Barat/2024-10-14,30306.709083650094
Daging Ayam Ras/Papua Barat/2024-10-15,30302.393590571384
Daging Ayam Ras/Papua Barat/2024-10-16,30295.93124188818
Daging Ayam Ras/Papua Barat/2024-10-17,30306.00979677821
Daging Ayam Ras/Papua Barat/2024-10-18,30304.75936517016
Daging Ayam Ras/Papua Barat/2024-10-19,30290.166285813368
Daging Ayam Ras/Papua Barat/2024-10-20,30286.778797744984
Daging Ayam Ras/Papua Barat/2024-10-21,30297.200072474658
Daging Ayam Ras/Papua Barat/2024-10-22,30319.527575595275
Daging Ayam Ras/Papua Barat/2024-10-23,30276.511078813164
Daging Ayam Ras/Papua Barat/2024-10-24,30272.9869389376
Daging Ayam Ras/Papua Barat/2024-10-25,30298.17059246139
Daging Ayam Ras/Papua Barat/2024-10-26,30296.41370580068
Daging Ayam Ras/Papua Barat/2024-10-27,30298.302981309047
Daging Ayam Ras/Papua Barat/2024-10-28,30299.39240821025
Daging Ayam Ras/Papua Barat/2024-10-29,30292.18492111088
Daging Ayam Ras/Papua Barat/2024-10-30,30318.614878884367
Daging Ayam Ras/Papua Barat/2024-10-31,30270.929111407047
Daging Ayam Ras/Papua Barat/2024-11-01,30282.84615770057
Daging Ayam Ras/Papua Barat/2024-11-02,30294.035525688865
Daging Ayam Ras/Papua Barat/2024-11-03,30270.27672174882
Daging Ayam Ras/Papua Barat/2024-11-04,30292.91542530956
Daging Ayam Ras/Papua Barat/2024-11-05,30321.262505633003
Daging Ayam Ras/Papua Barat/2024-11-06,30295.95083341308
Daging Ayam Ras/Papua Barat/2024-11-07,30299.187945810256
Daging Ayam Ras/Papua Barat/2024-11-08,30276.186191188022
Daging Ayam Ras/Papua Barat/2024-11-09,30286.11908261807
Daging Ayam Ras/Papua Barat/2024-11-10,30289.839886510254
Daging Ayam Ras/Papua Barat/2024-11-11,30290.72673393441
Daging Ayam Ras/Papua Barat/2024-11-12,30315.40237138413
Daging Ayam Ras/Papua Barat/2024-11-13,30304.232898857463
Daging Ayam Ras/Papua Barat/2024-11-14,30278.48050755768
Daging Ayam Ras/Papua Barat/2024-11-15,30299.431775156743
Daging Ayam Ras/Papua Barat/2024-11-16,30303.31537922164
Daging Ayam Ras/Papua Barat/2024-11-17,30313.21932583383
Daging Ayam Ras/Papua Barat/2024-11-18,30320.013888767196
Daging Ayam Ras/Papua Barat/2024-11-19,30279.96725161705
Daging Ayam Ras/Papua Barat/2024-11-20,30283.11830815028
Daging Ayam Ras/Papua Barat/2024-11-21,30276.22610315604
Daging Ayam Ras/Papua Barat/2024-11-22,30292.018022181936
Daging Ayam Ras/Papua Barat/2024-11-23,30302.823776573823
Daging Ayam Ras/Papua Barat/2024-11-24,30310.8616337863
Daging Ayam Ras/Papua Barat/2024-11-25,30294.45678017185
Daging Ayam Ras/Papua Barat/2024-11-26,30290.69383388713
Daging Ayam Ras/Papua Barat/2024-11-27,30297.969978584737
Daging Ayam Ras/Papua Barat/2024-11-28,30282.743622085494
Daging Ayam Ras/Papua Barat/2024-11-29,30327.86694228889
Daging Ayam Ras/Papua Barat/2024-11-30,30270.824860582943
Daging Ayam Ras/Papua Barat/2024-12-01,30298.478848954263
Daging Ayam Ras/Papua Barat/2024-12-02,30326.849705610268
Daging Ayam Ras/Papua Barat/2024-12-03,30295.73349825741
Daging Ayam Ras/Papua Barat/2024-12-04,30292.69657836839
Daging Ayam Ras/Papua Barat/2024-12-05,30290.11375636789
Daging Ayam Ras/Papua Barat/2024-12-06,30292.84542212829
Daging Ayam Ras/Papua Barat/2024-12-07,30316.80951872356
Daging Ayam Ras/Papua Barat/2024-12-08,30261.50297414306
Daging Ayam Ras/Papua Barat/2024-12-09,30319.28710074237
Daging Ayam Ras/Papua Barat/2024-12-10,30273.6591276338
Daging Ayam Ras/Papua Barat/2024-12-11,30291.51455356954
Daging Ayam Ras/Papua Barat/2024-12-12,30289.006008732005
Daging Ayam Ras/Papua Barat/2024-12-13,30304.709055075586
Daging Ayam Ras/Papua Barat/2024-12-14,30270.97199675217
Daging Ayam Ras/Papua Barat/2024-12-15,30302.75919755869
Daging Ayam Ras/Papua Barat/2024-12-16,30326.860558048447
Daging Ayam Ras/Papua Barat/2024-12-17,30274.59691772413
Daging Ayam Ras/Papua Barat/2024-12-18,30298.555460318654
Daging Ayam Ras/Papua Barat/2024-12-19,30285.415224603144
Daging Ayam Ras/Papua Barat/2024-12-20,30302.19936895641
Daging Ayam Ras/Papua Barat/2024-12-21,30295.924007789683
Daging Ayam Ras/Papua Barat/2024-12-22,30285.731434944533
Daging Ayam Ras/Papua Barat/2024-12-23,30303.1557029829
Daging Ayam Ras/Papua Barat/2024-12-24,30323.466891631244
Daging Ayam Ras/Papua Barat/2024-12-25,30292.68323650775
Daging Ayam Ras/Papua Barat/2024-12-26,30306.73334052144
Daging Ayam Ras/Papua Barat/2024-12-27,30275.67538291112
Daging Ayam Ras/Papua Barat/2024-12-28,30280.872251104174
Daging Ayam Ras/Papua Barat/2024-12-29,30302.91708638267
Daging Ayam Ras/Papua Barat/2024-12-30,30318.52620522407
Daging Ayam Ras/Papua Barat/2024-12-31,30301.11515187636
Daging Ayam Ras/Papua/2024-10-01,30290.79858527343
Daging Ayam Ras/Papua/2024-10-02,30295.617654638507
Daging Ayam Ras/Papua/2024-10-03,30276.3367271095
Daging Ayam Ras/Papua/2024-10-04,30304.955324954884
Daging Ayam Ras/Papua/2024-10-05,30309.241623524373
Daging Ayam Ras/Papua/2024-10-06,30288.653531587686
Daging Ayam Ras/Papua/2024-10-07,30288.3765628104
Daging Ayam Ras/Papua/2024-10-08,30299.730677586285
Daging Ayam Ras/Papua/2024-10-09,30288.89067615592
Daging Ayam Ras/Papua/2024-10-10,30294.6082630582
Daging Ayam Ras/Papua/2024-10-11,30328.024051291977
Daging Ayam Ras/Papua/2024-10-12,30291.817362133293
Daging Ayam Ras/Papua/2024-10-13,30290.099952078093
Daging Ayam Ras/Papua/2024-10-14,30285.63801724208
Daging Ayam Ras/Papua/2024-10-15,30307.110319855365
Daging Ayam Ras/Papua/2024-10-16,30292.83257807093
Daging Ayam Ras/Papua/2024-10-17,30285.609764150115
Daging Ayam Ras/Papua/2024-10-18,30316.01426758896
Daging Ayam Ras/Papua/2024-10-19,30317.5308689054
Daging Ayam Ras/Papua/2024-10-20,30286.36497890837
Daging Ayam Ras/Papua/2024-10-21,30266.830758626904
Daging Ayam Ras/Papua/2024-10-22,30311.17296726227
Daging Ayam Ras/Papua/2024-10-23,30285.06580637493
Daging Ayam Ras/Papua/2024-10-24,30307.826719012293
Daging Ayam Ras/Papua/2024-10-25,30265.232928126108
Daging Ayam Ras/Papua/2024-10-26,30309.399985449247
Daging Ayam Ras/Papua/2024-10-27,30276.942074975163
Daging Ayam Ras/Papua/2024-10-28,30306.90314883197
Daging Ayam Ras/Papua/2024-10-29,30295.848798549985
Daging Ayam Ras/Papua/2024-10-30,30280.910775300577
Daging Ayam Ras/Papua/2024-10-31,30289.34864552777
Daging Ayam Ras/Papua/2024-11-01,30306.217420913064
Daging Ayam Ras/Papua/2024-11-02,30297.2623750133
Daging Ayam Ras/Papua/2024-11-03,30304.64517680649
Daging Ayam Ras/Papua/2024-11-04,30326.122012715143
Daging Ayam Ras/Papua/2024-11-05,30271.49475510029
Daging Ayam Ras/Papua/2024-11-06,30320.579679364557
Daging Ayam Ras/Papua/2024-11-07,30297.23863809399
Daging Ayam Ras/Papua/2024-11-08,30281.76173748738
Daging Ayam Ras/Papua/2024-11-09,30275.103902616167
Daging Ayam Ras/Papua/2024-11-10,30292.710751629904
Daging Ayam Ras/Papua/2024-11-11,30309.84822487354
Daging Ayam Ras/Papua/2024-11-12,30293.660701233788
Daging Ayam Ras/Papua/2024-11-13,30318.94337371521
Daging Ayam Ras/Papua/2024-11-14,30273.23918763833
Daging Ayam Ras/Papua/2024-11-15,30295.442073364804
Daging Ayam Ras/Papua/2024-11-16,30276.30609066434
Daging Ayam Ras/Papua/2024-11-17,30301.23886546868
Daging Ayam Ras/Papua/2024-11-18,30309.31188976765
Daging Ayam Ras/Papua/2024-11-19,30289.136882559083
Daging Ayam Ras/Papua/2024-11-20,30255.449589624583
Daging Ayam Ras/Papua/2024-11-21,30298.698049783023
Daging Ayam Ras/Papua/2024-11-22,30302.366788457926
Daging Ayam Ras/Papua/2024-11-23,30301.866230784
Daging Ayam Ras/Papua/2024-11-24,30314.694797681444
Daging Ayam Ras/Papua/2024-11-25,30279.10388315081
Daging Ayam Ras/Papua/2024-11-26,30306.12327105456
Daging Ayam Ras/Papua/2024-11-27,30314.027136218
Daging Ayam Ras/Papua/2024-11-28,30268.187727810528
Daging Ayam Ras/Papua/2024-11-29,30300.560321122008
Daging Ayam Ras/Papua/2024-11-30,30287.8498710844
Daging Ayam Ras/Papua/2024-12-01,30294.37081822625
Daging Ayam Ras/Papua/2024-12-02,30300.99269830429
Daging Ayam Ras/Papua/2024-12-03,30288.11140295091
Daging Ayam Ras/Papua/2024-12-04,30285.203455145085
Daging Ayam Ras/Papua/2024-12-05,30296.155506210955
Daging Ayam Ras/Papua/2024-12-06,30278.85406160049
Daging Ayam Ras/Papua/2024-12-07,30278.87598250397
Daging Ayam Ras/Papua/2024-12-08,30306.11026760524
Daging Ayam Ras/Papua/2024-12-09,30277.90446953724
Daging Ayam Ras/Papua/2024-12-10,30305.908759910955
Daging Ayam Ras/Papua/2024-12-11,30302.765656323205
Daging Ayam Ras/Papua/2024-12-12,30269.00205488515
Daging Ayam Ras/Papua/2024-12-13,30285.17481108853
Daging Ayam Ras/Papua/2024-12-14,30314.051850915323
Daging Ayam Ras/Papua/2024-12-15,30280.4907184478
Daging Ayam Ras/Papua/2024-12-16,30288.46354667504
Daging Ayam Ras/Papua/2024-12-17,30302.75747307656
Daging Ayam Ras/Papua/2024-12-18,30307.71509275022
Daging Ayam Ras/Papua/2024-12-19,30291.747730654868
Daging Ayam Ras/Papua/2024-12-20,30286.409927723853
Daging Ayam Ras/Papua/2024-12-21,30317.57355723828
Daging Ayam Ras/Papua/2024-12-22,30322.457123196407
Daging Ayam Ras/Papua/2024-12-23,30310.730855011006
Daging Ayam Ras/Papua/2024-12-24,30296.94491432214
Daging Ayam Ras/Papua/2024-12-25,30283.15829546025
Daging Ayam Ras/Papua/2024-12-26,30282.81611260754
Daging Ayam Ras/Papua/2024-12-27,30303.690172766423
Daging Ayam Ras/Papua/2024-12-28,30302.08382548009
Daging Ayam Ras/Papua/2024-12-29,30317.25308864318
Daging Ayam Ras/Papua/2024-12-30,30305.66402744965
Daging Ayam Ras/Papua/2024-12-31,30272.43837964765
Daging Ayam Ras/Riau/2024-10-01,30311.85851414023
Daging Ayam Ras/Riau/2024-10-02,30280.230053208725
Daging Ayam Ras/Riau/2024-10-03,30289.704503485467
Daging Ayam Ras/Riau/2024-10-04,30299.48878990032
Daging Ayam Ras/Riau/2024-10-05,30326.418654166995
Daging Ayam Ras/Riau/2024-10-06,30343.609827129927
Daging Ayam Ras/Riau/2024-10-07,30304.98938686179
Daging Ayam Ras/Riau/2024-10-08,30292.802146283324
Daging Ayam Ras/Riau/2024-10-09,30303.875183756987
Daging Ayam Ras/Riau/2024-10-10,30309.32373937343
Daging Ayam Ras/Riau/2024-10-11,30290.68118097527
Daging Ayam Ras/Riau/2024-10-12,30323.325925630907
Daging Ayam Ras/Riau/2024-10-13,30299.178223622617
Daging Ayam Ras/Riau/2024-10-14,30303.307994246312
Daging Ayam Ras/Riau/2024-10-15,30305.902769830787
Daging Ayam Ras/Riau/2024-10-16,30302.13301740901
Daging Ayam Ras/Riau/2024-10-17,30308.572143315872
Daging Ayam Ras/Riau/2024-10-18,30286.105323853077
Daging Ayam Ras/Riau/2024-10-19,30287.01485340613
Daging Ayam Ras/Riau/2024-10-20,30278.65490655958
Daging Ayam Ras/Riau/2024-10-21,30302.40941232612
Daging Ayam Ras/Riau/2024-10-22,30307.646374320502
Daging Ayam Ras/Riau/2024-10-23,30302.69131544137
Daging Ayam Ras/Riau/2024-10-24,30321.463419109157
Daging Ayam Ras/Riau/2024-10-25,30295.542249231043
Daging Ayam Ras/Riau/2024-10-26,30305.946238015826
Daging Ayam Ras/Riau/2024-10-27,30278.78532879908
Daging Ayam Ras/Riau/2024-10-28,30289.65623663445
Daging Ayam Ras/Riau/2024-10-29,30306.35966048202
Daging Ayam Ras/Riau/2024-10-30,30308.72892126753
Daging Ayam Ras/Riau/2024-10-31,30291.093131195288
Daging Ayam Ras/Riau/2024-11-01,30294.523921289063
Daging Ayam Ras/Riau/2024-11-02,30272.21013964137
Daging Ayam Ras/Riau/2024-11-03,30290.12017803054
Daging Ayam Ras/Riau/2024-11-04,30309.365824152246
Daging Ayam Ras/Riau/2024-11-05,30304.503112138256
Daging Ayam Ras/Riau/2024-11-06,30303.353085948464
Daging Ayam Ras/Riau/2024-11-07,30296.39651827487
Daging Ayam Ras/Riau/2024-11-08,30295.73756078679
Daging Ayam Ras/Riau/2024-11-09,30285.440851858955
Daging Ayam Ras/Riau/2024-11-10,30306.410430323995
Daging Ayam Ras/Riau/2024-11-11,30302.123549486983
Daging Ayam Ras/Riau/2024-11-12,30303.2196780474
Daging Ayam Ras/Riau/2024-11-13,30287.5126820101
Daging Ayam Ras/Riau/2024-11-14,30262.4058317972
Daging Ayam Ras/Riau/2024-11-15,30312.555958920715
Daging Ayam Ras/Riau/2024-11-16,30288.24086478869
Daging Ayam Ras/Riau/2024-11-17,30282.31728969812
Daging Ayam Ras/Riau/2024-11-18,30306.327895673552
Daging Ayam Ras/Riau/2024-11-19,30289.58043759784
Daging Ayam Ras/Riau/2024-11-20,30311.981768465757
Daging Ayam Ras/Riau/2024-11-21,30305.148035979106
Daging Ayam Ras/Riau/2024-11-22,30306.17500602531
Daging Ayam Ras/Riau/2024-11-23,30274.554000287597
Daging Ayam Ras/Riau/2024-11-24,30314.32701097485
Daging Ayam Ras/Riau/2024-11-25,30299.65927934729
Daging Ayam Ras/Riau/2024-11-26,30289.931211257663
Daging Ayam Ras/Riau/2024-11-27,30297.84084974237
Daging Ayam Ras/Riau/2024-11-28,30268.22402095486
Daging Ayam Ras/Riau/2024-11-29,30301.93346886496
Daging Ayam Ras/Riau/2024-11-30,30279.746974677382
Daging Ayam Ras/Riau/2024-12-01,30274.758973881177
Daging Ayam Ras/Riau/2024-12-02,30272.14093623719
Daging Ayam Ras/Riau/2024-12-03,30312.795650209227
Daging Ayam Ras/Riau/2024-12-04,30285.92002490688
Daging Ayam Ras/Riau/2024-12-05,30319.29163684128
Daging Ayam Ras/Riau/2024-12-06,30287.361998142354
Daging Ayam Ras/Riau/2024-12-07,30269.286690930137
Daging Ayam Ras/Riau/2024-12-08,30278.402339550124
Daging Ayam Ras/Riau/2024-12-09,30314.695251712885
Daging Ayam Ras/Riau/2024-12-10,30293.22331906149
Daging Ayam Ras/Riau/2024-12-11,30287.169361017088
Daging Ayam Ras/Riau/2024-12-12,30298.09742123111
Daging Ayam Ras/Riau/2024-12-13,30303.37031976136
Daging Ayam Ras/Riau/2024-12-14,30312.868325037118
Daging Ayam Ras/Riau/2024-12-15,30317.976693032047
Daging Ayam Ras/Riau/2024-12-16,30290.0779126256
Daging Ayam Ras/Riau/2024-12-17,30275.16971947622
Daging Ayam Ras/Riau/2024-12-18,30289.249458329617
Daging Ayam Ras/Riau/2024-12-19,30299.644313365152
Daging Ayam Ras/Riau/2024-12-20,30280.759275476918
Daging Ayam Ras/Riau/2024-12-21,30280.861226885278
Daging Ayam Ras/Riau/2024-12-22,30300.932703181647
Daging Ayam Ras/Riau/2024-12-23,30294.877956518438
Daging Ayam Ras/Riau/2024-12-24,30296.1345941418
Daging Ayam Ras/Riau/2024-12-25,30283.92617565913
Daging Ayam Ras/Riau/2024-12-26,30292.0738599979
Daging Ayam Ras/Riau/2024-12-27,30281.36909724372
Daging Ayam Ras/Riau/2024-12-28,30309.362973708143
Daging Ayam Ras/Riau/2024-12-29,30311.600885424472
Daging Ayam Ras/Riau/2024-12-30,30267.14475992775
Daging Ayam Ras/Riau/2024-12-31,30281.287670238573
Daging Ayam Ras/Sulawesi Barat/2024-10-01,30272.53945217951
Daging Ayam Ras/Sulawesi Barat/2024-10-02,30285.59972182884
Daging Ayam Ras/Sulawesi Barat/2024-10-03,30294.341268156564
Daging Ayam Ras/Sulawesi Barat/2024-10-04,30273.262800432025
Daging Ayam Ras/Sulawesi Barat/2024-10-05,30281.405714077584
Daging Ayam Ras/Sulawesi Barat/2024-10-06,30280.13907554464
Daging Ayam Ras/Sulawesi Barat/2024-10-07,30298.826401921397
Daging Ayam Ras/Sulawesi Barat/2024-10-08,30296.698463174776
Daging Ayam Ras/Sulawesi Barat/2024-10-09,30284.49329145224
Daging Ayam Ras/Sulawesi Barat/2024-10-10,30298.3566601112
Daging Ayam Ras/Sulawesi Barat/2024-10-11,30287.19415781437
Daging Ayam Ras/Sulawesi Barat/2024-10-12,30291.43736838422
Daging Ayam Ras/Sulawesi Barat/2024-10-13,30321.447368222744
Daging Ayam Ras/Sulawesi Barat/2024-10-14,30316.309830811617
Daging Ayam Ras/Sulawesi Barat/2024-10-15,30275.578055908576
Daging Ayam Ras/Sulawesi Barat/2024-10-16,30308.43007682362
Daging Ayam Ras/Sulawesi Barat/2024-10-17,30308.14718277175
Daging Ayam Ras/Sulawesi Barat/2024-10-18,30277.91265813453
Daging Ayam Ras/Sulawesi Barat/2024-10-19,30308.261061578807
Daging Ayam Ras/Sulawesi Barat/2024-10-20,30319.356501284863
Daging Ayam Ras/Sulawesi Barat/2024-10-21,30278.309454596787
Daging Ayam Ras/Sulawesi Barat/2024-10-22,30281.47293573637
Daging Ayam Ras/Sulawesi Barat/2024-10-23,30311.329531787986
Daging Ayam Ras/Sulawesi Barat/2024-10-24,30299.81734047307
Daging Ayam Ras/Sulawesi Barat/2024-10-25,30304.13701431632
Daging Ayam Ras/Sulawesi Barat/2024-10-26,30300.88335271881
Daging Ayam Ras/Sulawesi Barat/2024-10-27,30301.656421778604
Daging Ayam Ras/Sulawesi Barat/2024-10-28,30275.163170988188
Daging Ayam Ras/Sulawesi Barat/2024-10-29,30311.78708176295
Daging Ayam Ras/Sulawesi Barat/2024-10-30,30313.67355428031
Daging Ayam Ras/Sulawesi Barat/2024-10-31,30292.0894422772
Daging Ayam Ras/Sulawesi Barat/2024-11-01,30294.957804974
Daging Ayam Ras/Sulawesi Barat/2024-11-02,30272.00596322809
Daging Ayam Ras/Sulawesi Barat/2024-11-03,30303.5627437643
Daging Ayam Ras/Sulawesi Barat/2024-11-04,30304.45454992689
Daging Ayam Ras/Sulawesi Barat/2024-11-05,30294.66907582168
Daging Ayam Ras/Sulawesi Barat/2024-11-06,30312.97562290907
Daging Ayam Ras/Sulawesi Barat/2024-11-07,30290.474291475068
Daging Ayam Ras/Sulawesi Barat/2024-11-08,30304.339584546837
Daging Ayam Ras/Sulawesi Barat/2024-11-09,30279.896741309643
Daging Ayam Ras/Sulawesi Barat/2024-11-10,30295.265213847284
Daging Ayam Ras/Sulawesi Barat/2024-11-11,30292.93857025349
Daging Ayam Ras/Sulawesi Barat/2024-11-12,30299.104740401708
Daging Ayam Ras/Sulawesi Barat/2024-11-13,30289.92735739014
Daging Ayam Ras/Sulawesi Barat/2024-11-14,30293.60016806991
Daging Ayam Ras/Sulawesi Barat/2024-11-15,30308.37321916304
Daging Ayam Ras/Sulawesi Barat/2024-11-16,30288.889989571173
Daging Ayam Ras/Sulawesi Barat/2024-11-17,30270.841583892823
Daging Ayam Ras/Sulawesi Barat/2024-11-18,30322.62196452382
Daging Ayam Ras/Sulawesi Barat/2024-11-19,30316.942289901923
Daging Ayam Ras/Sulawesi Barat/2024-11-20,30275.690969705214
Daging Ayam Ras/Sulawesi Barat/2024-11-21,30306.26971332222
Daging Ayam Ras/Sulawesi Barat/2024-11-22,30287.86846330599
Daging Ayam Ras/Sulawesi Barat/2024-11-23,30299.69378792829
Daging Ayam Ras/Sulawesi Barat/2024-11-24,30300.168011032478
Daging Ayam Ras/Sulawesi Barat/2024-11-25,30292.01203684826
Daging Ayam Ras/Sulawesi Barat/2024-11-26,30283.536293484216
Daging Ayam Ras/Sulawesi Barat/2024-11-27,30284.974605279207
Daging Ayam Ras/Sulawesi Barat/2024-11-28,30281.49316098402
Daging Ayam Ras/Sulawesi Barat/2024-11-29,30282.79485525576
Daging Ayam Ras/Sulawesi Barat/2024-11-30,30294.592129901484
Daging Ayam Ras/Sulawesi Barat/2024-12-01,30284.585516035757
Daging Ayam Ras/Sulawesi Barat/2024-12-02,30306.15159708572
Daging Ayam Ras/Sulawesi Barat/2024-12-03,30318.57449824603
Daging Ayam Ras/Sulawesi Barat/2024-12-04,30286.6792615509
Daging Ayam Ras/Sulawesi Barat/2024-12-05,30299.32222883536
Daging Ayam Ras/Sulawesi Barat/2024-12-06,30303.337956634103
Daging Ayam Ras/Sulawesi Barat/2024-12-07,30302.91085317926
Daging Ayam Ras/Sulawesi Barat/2024-12-08,30296.800459627502
Daging Ayam Ras/Sulawesi Barat/2024-12-09,30307.087029781957
Daging Ayam Ras/Sulawesi Barat/2024-12-10,30303.06894365258
Daging Ayam Ras/Sulawesi Barat/2024-12-11,30276.533367582688
Daging Ayam Ras/Sulawesi Barat/2024-12-12,30309.038322798453
Daging Ayam Ras/Sulawesi Barat/2024-12-13,30309.31811433434
Daging Ayam Ras/Sulawesi Barat/2024-12-14,30283.85226148554
Daging Ayam Ras/Sulawesi Barat/2024-12-15,30296.2139093634
Daging Ayam Ras/Sulawesi Barat/2024-12-16,30306.1712980986
Daging Ayam Ras/Sulawesi Barat/2024-12-17,30292.399198212745
Daging Ayam Ras/Sulawesi Barat/2024-12-18,30312.182981193764
Daging Ayam Ras/Sulawesi Barat/2024-12-19,30332.09948868969
Daging Ayam Ras/Sulawesi Barat/2024-12-20,30283.50203665007
Daging Ayam Ras/Sulawesi Barat/2024-12-21,30274.32120198993
Daging Ayam Ras/Sulawesi Barat/2024-12-22,30300.316038833083
Daging Ayam Ras/Sulawesi Barat/2024-12-23,30306.761182141
Daging Ayam Ras/Sulawesi Barat/2024-12-24,30292.06667558889
Daging Ayam Ras/Sulawesi Barat/2024-12-25,30318.05015459569
Daging Ayam Ras/Sulawesi Barat/2024-12-26,30274.97596717906
Daging Ayam Ras/Sulawesi Barat/2024-12-27,30306.31925128148
Daging Ayam Ras/Sulawesi Barat/2024-12-28,30286.281090461387
Daging Ayam Ras/Sulawesi Barat/2024-12-29,30322.155932628637
Daging Ayam Ras/Sulawesi Barat/2024-12-30,30326.370021567567
Daging Ayam Ras/Sulawesi Barat/2024-12-31,30283.80026012932
Daging Ayam Ras/Sulawesi Selatan/2024-10-01,30287.149769356165
Daging Ayam Ras/Sulawesi Selatan/2024-10-02,30308.89070059932
Daging Ayam Ras/Sulawesi Selatan/2024-10-03,30289.65575916518
Daging Ayam Ras/Sulawesi Selatan/2024-10-04,30294.92796220446
Daging Ayam Ras/Sulawesi Selatan/2024-10-05,30296.020291274297
Daging Ayam Ras/Sulawesi Selatan/2024-10-06,30266.010995341843
Daging Ayam Ras/Sulawesi Selatan/2024-10-07,30295.41509210889
Daging Ayam Ras/Sulawesi Selatan/2024-10-08,30284.98715290651
Daging Ayam Ras/Sulawesi Selatan/2024-10-09,30288.020463649387
Daging Ayam Ras/Sulawesi Selatan/2024-10-10,30317.90159924588
Daging Ayam Ras/Sulawesi Selatan/2024-10-11,30276.242626486237
Daging Ayam Ras/Sulawesi Selatan/2024-10-12,30308.17508717399
Daging Ayam Ras/Sulawesi Selatan/2024-10-13,30291.324620008643
Daging Ayam Ras/Sulawesi Selatan/2024-10-14,30291.31231985513
Daging Ayam Ras/Sulawesi Selatan/2024-10-15,30307.82280476514
Daging Ayam Ras/Sulawesi Selatan/2024-10-16,30300.875053415784
Daging Ayam Ras/Sulawesi Selatan/2024-10-17,30304.43226437932
Daging Ayam Ras/Sulawesi Selatan/2024-10-18,30310.566181084785
Daging Ayam Ras/Sulawesi Selatan/2024-10-19,30290.517010520016
Daging Ayam Ras/Sulawesi Selatan/2024-10-20,30286.18271996
Daging Ayam Ras/Sulawesi Selatan/2024-10-21,30278.886390575943
Daging Ayam Ras/Sulawesi Selatan/2024-10-22,30282.893777548183
Daging Ayam Ras/Sulawesi Selatan/2024-10-23,30341.1285591902
Daging Ayam Ras/Sulawesi Selatan/2024-10-24,30314.83207065016
Daging Ayam Ras/Sulawesi Selatan/2024-10-25,30274.78359645621
Daging Ayam Ras/Sulawesi Selatan/2024-10-26,30275.225103455487
Daging Ayam Ras/Sulawesi Selatan/2024-10-27,30303.063036236417
Daging Ayam Ras/Sulawesi Selatan/2024-10-28,30304.072037717648
Daging Ayam Ras/Sulawesi Selatan/2024-10-29,30304.09701697241
Daging Ayam Ras/Sulawesi Selatan/2024-10-30,30291.6950130495
Daging Ayam Ras/Sulawesi Selatan/2024-10-31,30293.693021693805
Daging Ayam Ras/Sulawesi Selatan/2024-11-01,30300.68726179797
Daging Ayam Ras/Sulawesi Selatan/2024-11-02,30296.95378358157
Daging Ayam Ras/Sulawesi Selatan/2024-11-03,30261.38821017227
Daging Ayam Ras/Sulawesi Selatan/2024-11-04,30292.083133789933
Daging Ayam Ras/Sulawesi Selatan/2024-11-05,30282.49270089645
Daging Ayam Ras/Sulawesi Selatan/2024-11-06,30298.331828733688
Daging Ayam Ras/Sulawesi Selatan/2024-11-07,30341.68652276076
Daging Ayam Ras/Sulawesi Selatan/2024-11-08,30301.298261671956
Daging Ayam Ras/Sulawesi Selatan/2024-11-09,30290.79130835525
Daging Ayam Ras/Sulawesi Selatan/2024-11-10,30309.85056058823
Daging Ayam Ras/Sulawesi Selatan/2024-11-11,30303.07571573441
Daging Ayam Ras/Sulawesi Selatan/2024-11-12,30302.10999629952
Daging Ayam Ras/Sulawesi Selatan/2024-11-13,30304.99135451566
Daging Ayam Ras/Sulawesi Selatan/2024-11-14,30327.357877980317
Daging Ayam Ras/Sulawesi Selatan/2024-11-15,30278.18072528701
Daging Ayam Ras/Sulawesi Selatan/2024-11-16,30302.9359985669
Daging Ayam Ras/Sulawesi Selatan/2024-11-17,30281.33595714178
Daging Ayam Ras/Sulawesi Selatan/2024-11-18,30304.199289288157
Daging Ayam Ras/Sulawesi Selatan/2024-11-19,30281.454673220636
Daging Ayam Ras/Sulawesi Selatan/2024-11-20,30289.189261858024
Daging Ayam Ras/Sulawesi Selatan/2024-11-21,30291.075805555505
Daging Ayam Ras/Sulawesi Selatan/2024-11-22,30310.683931964344
Daging Ayam Ras/Sulawesi Selatan/2024-11-23,30309.798920652367
Daging Ayam Ras/Sulawesi Selatan/2024-11-24,30276.40909208171
Daging Ayam Ras/Sulawesi Selatan/2024-11-25,30296.476135643992
Daging Ayam Ras/Sulawesi Selatan/2024-11-26,30284.68086596358
Daging Ayam Ras/Sulawesi Selatan/2024-11-27,30276.211800179222
Daging Ayam Ras/Sulawesi Selatan/2024-11-28,30292.28034925864
Daging Ayam Ras/Sulawesi Selatan/2024-11-29,30290.869174191957
Daging Ayam Ras/Sulawesi Selatan/2024-11-30,30333.069074417897
Daging Ayam Ras/Sulawesi Selatan/2024-12-01,30302.30848854633
Daging Ayam Ras/Sulawesi Selatan/2024-12-02,30274.37407688671
Daging Ayam Ras/Sulawesi Selatan/2024-12-03,30286.91499658172
Daging Ayam Ras/Sulawesi Selatan/2024-12-04,30311.38695385461
Daging Ayam Ras/Sulawesi Selatan/2024-12-05,30327.85003349125
Daging Ayam Ras/Sulawesi Selatan/2024-12-06,30271.15931424177
Daging Ayam Ras/Sulawesi Selatan/2024-12-07,30266.6242574863
Daging Ayam Ras/Sulawesi Selatan/2024-12-08,30324.494690061485
Daging Ayam Ras/Sulawesi Selatan/2024-12-09,30301.639732146297
Daging Ayam Ras/Sulawesi Selatan/2024-12-10,30282.232171405547
Daging Ayam Ras/Sulawesi Selatan/2024-12-11,30303.87708820915
Daging Ayam Ras/Sulawesi Selatan/2024-12-12,30254.96307052419
Daging Ayam Ras/Sulawesi Selatan/2024-12-13,30295.680666011624
Daging Ayam Ras/Sulawesi Selatan/2024-12-14,30300.686361527285
Daging Ayam Ras/Sulawesi Selatan/2024-12-15,30309.88864785292
Daging Ayam Ras/Sulawesi Selatan/2024-12-16,30279.98573860237
Daging Ayam Ras/Sulawesi Selatan/2024-12-17,30296.950607712857
Daging Ayam Ras/Sulawesi Selatan/2024-12-18,30281.35071451995
Daging Ayam Ras/Sulawesi Selatan/2024-12-19,30299.568764061787
Daging Ayam Ras/Sulawesi Selatan/2024-12-20,30281.81477628929
Daging Ayam Ras/Sulawesi Selatan/2024-12-21,30289.33222153217
Daging Ayam Ras/Sulawesi Selatan/2024-12-22,30280.264693678757
Daging Ayam Ras/Sulawesi Selatan/2024-12-23,30305.67461367338
Daging Ayam Ras/Sulawesi Selatan/2024-12-24,30308.873161989
Daging Ayam Ras/Sulawesi Selatan/2024-12-25,30292.008754141327
Daging Ayam Ras/Sulawesi Selatan/2024-12-26,30296.218540361067
Daging Ayam Ras/Sulawesi Selatan/2024-12-27,30273.27905901655
Daging Ayam Ras/Sulawesi Selatan/2024-12-28,30291.00503933777
Daging Ayam Ras/Sulawesi Selatan/2024-12-29,30294.85400745973
Daging Ayam Ras/Sulawesi Selatan/2024-12-30,30336.06337667197
Daging Ayam Ras/Sulawesi Selatan/2024-12-31,30278.472653411794
Daging Ayam Ras/Sulawesi Tengah/2024-10-01,30318.21858049367
Daging Ayam Ras/Sulawesi Tengah/2024-10-02,30311.00857835945
Daging Ayam Ras/Sulawesi Tengah/2024-10-03,30299.958373429665
Daging Ayam Ras/Sulawesi Tengah/2024-10-04,30322.76138499584
Daging Ayam Ras/Sulawesi Tengah/2024-10-05,30301.369599874422
Daging Ayam Ras/Sulawesi Tengah/2024-10-06,30301.63271248135
Daging Ayam Ras/Sulawesi Tengah/2024-10-07,30294.80901752851
Daging Ayam Ras/Sulawesi Tengah/2024-10-08,30314.506365181114
Daging Ayam Ras/Sulawesi Tengah/2024-10-09,30312.545413911703
Daging Ayam Ras/Sulawesi Tengah/2024-10-10,30285.97535298666
Daging Ayam Ras/Sulawesi Tengah/2024-10-11,30275.27464055628
Daging Ayam Ras/Sulawesi Tengah/2024-10-12,30292.49690943208
Daging Ayam Ras/Sulawesi Tengah/2024-10-13,30283.28522778946
Daging Ayam Ras/Sulawesi Tengah/2024-10-14,30294.648501087377
Daging Ayam Ras/Sulawesi Tengah/2024-10-15,30314.72034632216
Daging Ayam Ras/Sulawesi Tengah/2024-10-16,30288.57312893433
Daging Ayam Ras/Sulawesi Tengah/2024-10-17,30294.96788852654
Daging Ayam Ras/Sulawesi Tengah/2024-10-18,30296.523788338895
Daging Ayam Ras/Sulawesi Tengah/2024-10-19,30308.71856524792
Daging Ayam Ras/Sulawesi Tengah/2024-10-20,30260.962555112223
Daging Ayam Ras/Sulawesi Tengah/2024-10-21,30286.26813867405
Daging Ayam Ras/Sulawesi Tengah/2024-10-22,30298.888368197266
Daging Ayam Ras/Sulawesi Tengah/2024-10-23,30314.143951903843
Daging Ayam Ras/Sulawesi Tengah/2024-10-24,30288.039292149093
Daging Ayam Ras/Sulawesi Tengah/2024-10-25,30266.67627728713
Daging Ayam Ras/Sulawesi Tengah/2024-10-26,30305.18977760969
Daging Ayam Ras/Sulawesi Tengah/2024-10-27,30285.825926832036
Daging Ayam Ras/Sulawesi Tengah/2024-10-28,30277.27386807877
Daging Ayam Ras/Sulawesi Tengah/2024-10-29,30285.995902112303
Daging Ayam Ras/Sulawesi Tengah/2024-10-30,30292.78164589382
Daging Ayam Ras/Sulawesi Tengah/2024-10-31,30286.29831102794
Daging Ayam Ras/Sulawesi Tengah/2024-11-01,30261.60010944973
Daging Ayam Ras/Sulawesi Tengah/2024-11-02,30309.468933034997
Daging Ayam Ras/Sulawesi Tengah/2024-11-03,30315.29793996867
Daging Ayam Ras/Sulawesi Tengah/2024-11-04,30305.680565192608
Daging Ayam Ras/Sulawesi Tengah/2024-11-05,30278.07585444793
Daging Ayam Ras/Sulawesi Tengah/2024-11-06,30292.519883998328
Daging Ayam Ras/Sulawesi Tengah/2024-11-07,30295.527973336728
Daging Ayam Ras/Sulawesi Tengah/2024-11-08,30304.86705973629
Daging Ayam Ras/Sulawesi Tengah/2024-11-09,30305.940048630568
Daging Ayam Ras/Sulawesi Tengah/2024-11-10,30284.30141939317
Daging Ayam Ras/Sulawesi Tengah/2024-11-11,30296.89365194964
Daging Ayam Ras/Sulawesi Tengah/2024-11-12,30302.68371752048
Daging Ayam Ras/Sulawesi Tengah/2024-11-13,30318.089677034823
Daging Ayam Ras/Sulawesi Tengah/2024-11-14,30306.498034939767
Daging Ayam Ras/Sulawesi Tengah/2024-11-15,30307.80251312664
Daging Ayam Ras/Sulawesi Tengah/2024-11-16,30296.921902554997
Daging Ayam Ras/Sulawesi Tengah/2024-11-17,30317.38979327916
Daging Ayam Ras/Sulawesi Tengah/2024-11-18,30301.95059421107
Daging Ayam Ras/Sulawesi Tengah/2024-11-19,30282.34333067639
Daging Ayam Ras/Sulawesi Tengah/2024-11-20,30317.280418257116
Daging Ayam Ras/Sulawesi Tengah/2024-11-21,30306.39615672446
Daging Ayam Ras/Sulawesi Tengah/2024-11-22,30288.793102205032
Daging Ayam Ras/Sulawesi Tengah/2024-11-23,30288.23075126039
Daging Ayam Ras/Sulawesi Tengah/2024-11-24,30300.2042897515
Daging Ayam Ras/Sulawesi Tengah/2024-11-25,30302.774813148768
Daging Ayam Ras/Sulawesi Tengah/2024-11-26,30298.672502094192
Daging Ayam Ras/Sulawesi Tengah/2024-11-27,30300.431599165517
Daging Ayam Ras/Sulawesi Tengah/2024-11-28,30321.85630382107
Daging Ayam Ras/Sulawesi Tengah/2024-11-29,30312.160842971956
Daging Ayam Ras/Sulawesi Tengah/2024-11-30,30298.569799890123
Daging Ayam Ras/Sulawesi Tengah/2024-12-01,30310.1515555417
Daging Ayam Ras/Sulawesi Tengah/2024-12-02,30279.69833808616
Daging Ayam Ras/Sulawesi Tengah/2024-12-03,30301.7679869307
Daging Ayam Ras/Sulawesi Tengah/2024-12-04,30323.54338961549
Daging Ayam Ras/Sulawesi Tengah/2024-12-05,30292.26447576986
Daging Ayam Ras/Sulawesi Tengah/2024-12-06,30282.550904831765
Daging Ayam Ras/Sulawesi Tengah/2024-12-07,30285.56786277512
Daging Ayam Ras/Sulawesi Tengah/2024-12-08,30278.817232357887
Daging Ayam Ras/Sulawesi Tengah/2024-12-09,30283.520923000524
Daging Ayam Ras/Sulawesi Tengah/2024-12-10,30289.91221945624
Daging Ayam Ras/Sulawesi Tengah/2024-12-11,30273.94285898616
Daging Ayam Ras/Sulawesi Tengah/2024-12-12,30295.869553928314
Daging Ayam Ras/Sulawesi Tengah/2024-12-13,30309.549330360067
Daging Ayam Ras/Sulawesi Tengah/2024-12-14,30281.623311351024
Daging Ayam Ras/Sulawesi Tengah/2024-12-15,30319.06879152785
Daging Ayam Ras/Sulawesi Tengah/2024-12-16,30303.509320153105
Daging Ayam Ras/Sulawesi Tengah/2024-12-17,30311.528853836862
Daging Ayam Ras/Sulawesi Tengah/2024-12-18,30285.4792160345
Daging Ayam Ras/Sulawesi Tengah/2024-12-19,30308.81259157626
Daging Ayam Ras/Sulawesi Tengah/2024-12-20,30278.78173359472
Daging Ayam Ras/Sulawesi Tengah/2024-12-21,30309.363731086574
Daging Ayam Ras/Sulawesi Tengah/2024-12-22,30298.279802761204
Daging Ayam Ras/Sulawesi Tengah/2024-12-23,30304.16439897229
Daging Ayam Ras/Sulawesi Tengah/2024-12-24,30277.4909781291
Daging Ayam Ras/Sulawesi Tengah/2024-12-25,30281.819041949995
Daging Ayam Ras/Sulawesi Tengah/2024-12-26,30304.84289613199
Daging Ayam Ras/Sulawesi Tengah/2024-12-27,30280.997042200608
Daging Ayam Ras/Sulawesi Tengah/2024-12-28,30302.77514481168
Daging Ayam Ras/Sulawesi Tengah/2024-12-29,30274.53576238351
Daging Ayam Ras/Sulawesi Tengah/2024-12-30,30308.714605233374
Daging Ayam Ras/Sulawesi Tengah/2024-12-31,30276.61265607484
Daging Ayam Ras/Sulawesi Tenggara/2024-10-01,30304.1497221556
Daging Ayam Ras/Sulawesi Tenggara/2024-10-02,30305.28110616179
Daging Ayam Ras/Sulawesi Tenggara/2024-10-03,30284.878474181656
Daging Ayam Ras/Sulawesi Tenggara/2024-10-04,30304.60835813379
Daging Ayam Ras/Sulawesi Tenggara/2024-10-05,30299.64680902198
Daging Ayam Ras/Sulawesi Tenggara/2024-10-06,30287.315089572163
Daging Ayam Ras/Sulawesi Tenggara/2024-10-07,30280.068146121223
Daging Ayam Ras/Sulawesi Tenggara/2024-10-08,30265.34830406074
Daging Ayam Ras/Sulawesi Tenggara/2024-10-09,30301.023147344906
Daging Ayam Ras/Sulawesi Tenggara/2024-10-10,30271.4860972736
Daging Ayam Ras/Sulawesi Tenggara/2024-10-11,30297.09960089424
Daging Ayam Ras/Sulawesi Tenggara/2024-10-12,30291.563988086647
Daging Ayam Ras/Sulawesi Tenggara/2024-10-13,30306.10671123025
Daging Ayam Ras/Sulawesi Tenggara/2024-10-14,30290.968491618143
Daging Ayam Ras/Sulawesi Tenggara/2024-10-15,30290.54571665546
Daging Ayam Ras/Sulawesi Tenggara/2024-10-16,30306.920221732795
Daging Ayam Ras/Sulawesi Tenggara/2024-10-17,30300.79801504158
Daging Ayam Ras/Sulawesi Tenggara/2024-10-18,30300.506385266865
Daging Ayam Ras/Sulawesi Tenggara/2024-10-19,30302.868661273504
Daging Ayam Ras/Sulawesi Tenggara/2024-10-20,30271.93708102716
Daging Ayam Ras/Sulawesi Tenggara/2024-10-21,30307.304667611385
Daging Ayam Ras/Sulawesi Tenggara/2024-10-22,30305.07803467652
Daging Ayam Ras/Sulawesi Tenggara/2024-10-23,30279.94273677717
Daging Ayam Ras/Sulawesi Tenggara/2024-10-24,30291.862802438038
Daging Ayam Ras/Sulawesi Tenggara/2024-10-25,30295.022136421387
Daging Ayam Ras/Sulawesi Tenggara/2024-10-26,30293.55350950874
Daging Ayam Ras/Sulawesi Tenggara/2024-10-27,30300.7795307874
Daging Ayam Ras/Sulawesi Tenggara/2024-10-28,30317.71236581996
Daging Ayam Ras/Sulawesi Tenggara/2024-10-29,30312.31857695039
Daging Ayam Ras/Sulawesi Tenggara/2024-10-30,30275.383071759366
Daging Ayam Ras/Sulawesi Tenggara/2024-10-31,30305.22616630602
Daging Ayam Ras/Sulawesi Tenggara/2024-11-01,30316.131975707794
Daging Ayam Ras/Sulawesi Tenggara/2024-11-02,30301.596445197105
Daging Ayam Ras/Sulawesi Tenggara/2024-11-03,30312.460730072227
Daging Ayam Ras/Sulawesi Tenggara/2024-11-04,30326.674812133107
Daging Ayam Ras/Sulawesi Tenggara/2024-11-05,30311.422844309607
Daging Ayam Ras/Sulawesi Tenggara/2024-11-06,30299.475033725725
Daging Ayam Ras/Sulawesi Tenggara/2024-11-07,30311.75268814801
Daging Ayam Ras/Sulawesi Tenggara/2024-11-08,30297.86398264016
Daging Ayam Ras/Sulawesi Tenggara/2024-11-09,30295.997374197417
Daging Ayam Ras/Sulawesi Tenggara/2024-11-10,30290.206808269468
Daging Ayam Ras/Sulawesi Tenggara/2024-11-11,30319.74964055381
Daging Ayam Ras/Sulawesi Tenggara/2024-11-12,30283.00149692661
Daging Ayam Ras/Sulawesi Tenggara/2024-11-13,30319.27065436958
Daging Ayam Ras/Sulawesi Tenggara/2024-11-14,30303.340718534957
Daging Ayam Ras/Sulawesi Tenggara/2024-11-15,30274.03945414485
Daging Ayam Ras/Sulawesi Tenggara/2024-11-16,30301.30084790564
Daging Ayam Ras/Sulawesi Tenggara/2024-11-17,30263.228421689208
Daging Ayam Ras/Sulawesi Tenggara/2024-11-18,30305.279209745186
Daging Ayam Ras/Sulawesi Tenggara/2024-11-19,30309.28634167856
Daging Ayam Ras/Sulawesi Tenggara/2024-11-20,30286.48944967138
Daging Ayam Ras/Sulawesi Tenggara/2024-11-21,30297.534737284444
Daging Ayam Ras/Sulawesi Tenggara/2024-11-22,30325.778218115724
Daging Ayam Ras/Sulawesi Tenggara/2024-11-23,30287.82569665016
Daging Ayam Ras/Sulawesi Tenggara/2024-11-24,30279.291278599565
Daging Ayam Ras/Sulawesi Tenggara/2024-11-25,30318.4883649919
Daging Ayam Ras/Sulawesi Tenggara/2024-11-26,30325.908276242877
Daging Ayam Ras/Sulawesi Tenggara/2024-11-27,30295.68560566694
Daging Ayam Ras/Sulawesi Tenggara/2024-11-28,30311.233899564573
Daging Ayam Ras/Sulawesi Tenggara/2024-11-29,30316.32548859165
Daging Ayam Ras/Sulawesi Tenggara/2024-11-30,30284.17320223593
Daging Ayam Ras/Sulawesi Tenggara/2024-12-01,30288.14106768576
Daging Ayam Ras/Sulawesi Tenggara/2024-12-02,30314.61907977964
Daging Ayam Ras/Sulawesi Tenggara/2024-12-03,30321.625754931814
Daging Ayam Ras/Sulawesi Tenggara/2024-12-04,30304.312969447197
Daging Ayam Ras/Sulawesi Tenggara/2024-12-05,30282.054410579294
Daging Ayam Ras/Sulawesi Tenggara/2024-12-06,30326.28587104592
Daging Ayam Ras/Sulawesi Tenggara/2024-12-07,30287.436526303085
Daging Ayam Ras/Sulawesi Tenggara/2024-12-08,30290.45792882366
Daging Ayam Ras/Sulawesi Tenggara/2024-12-09,30300.91033119514
Daging Ayam Ras/Sulawesi Tenggara/2024-12-10,30319.60688201005
Daging Ayam Ras/Sulawesi Tenggara/2024-12-11,30308.804117489155
Daging Ayam Ras/Sulawesi Tenggara/2024-12-12,30302.02932105874
Daging Ayam Ras/Sulawesi Tenggara/2024-12-13,30302.77641361729
Daging Ayam Ras/Sulawesi Tenggara/2024-12-14,30296.299951286048
Daging Ayam Ras/Sulawesi Tenggara/2024-12-15,30304.23981780685
Daging Ayam Ras/Sulawesi Tenggara/2024-12-16,30256.60138212888
Daging Ayam Ras/Sulawesi Tenggara/2024-12-17,30291.052392182635
Daging Ayam Ras/Sulawesi Tenggara/2024-12-18,30299.351811886336
Daging Ayam Ras/Sulawesi Tenggara/2024-12-19,30277.870217618405
Daging Ayam Ras/Sulawesi Tenggara/2024-12-20,30301.58895926611
Daging Ayam Ras/Sulawesi Tenggara/2024-12-21,30292.473912029523
Daging Ayam Ras/Sulawesi Tenggara/2024-12-22,30322.712865806912
Daging Ayam Ras/Sulawesi Tenggara/2024-12-23,30319.897851949823
Daging Ayam Ras/Sulawesi Tenggara/2024-12-24,30288.441926675336
Daging Ayam Ras/Sulawesi Tenggara/2024-12-25,30293.30139424156
Daging Ayam Ras/Sulawesi Tenggara/2024-12-26,30294.48769043493
Daging Ayam Ras/Sulawesi Tenggara/2024-12-27,30288.66017904069
Daging Ayam Ras/Sulawesi Tenggara/2024-12-28,30298.63752144093
Daging Ayam Ras/Sulawesi Tenggara/2024-12-29,30283.92946602122
Daging Ayam Ras/Sulawesi Tenggara/2024-12-30,30278.18493880419
Daging Ayam Ras/Sulawesi Tenggara/2024-12-31,30305.236059549978
Daging Ayam Ras/Sulawesi Utara/2024-10-01,30305.34125631861
Daging Ayam Ras/Sulawesi Utara/2024-10-02,30283.2192372728
Daging Ayam Ras/Sulawesi Utara/2024-10-03,30309.442538556013
Daging Ayam Ras/Sulawesi Utara/2024-10-04,30285.884318285087
Daging Ayam Ras/Sulawesi Utara/2024-10-05,30299.534535761217
Daging Ayam Ras/Sulawesi Utara/2024-10-06,30308.285228230983
Daging Ayam Ras/Sulawesi Utara/2024-10-07,30295.10999720046
Daging Ayam Ras/Sulawesi Utara/2024-10-08,30302.64453707392
Daging Ayam Ras/Sulawesi Utara/2024-10-09,30287.660875391804
Daging Ayam Ras/Sulawesi Utara/2024-10-10,30292.59741122368
Daging Ayam Ras/Sulawesi Utara/2024-10-11,30292.45249409498
Daging Ayam Ras/Sulawesi Utara/2024-10-12,30284.110036380345
Daging Ayam Ras/Sulawesi Utara/2024-10-13,30292.90123485366
Daging Ayam Ras/Sulawesi Utara/2024-10-14,30271.735798686925
Daging Ayam Ras/Sulawesi Utara/2024-10-15,30288.050843439327
Daging Ayam Ras/Sulawesi Utara/2024-10-16,30291.233398293072
Daging Ayam Ras/Sulawesi Utara/2024-10-17,30291.676129253465
Daging Ayam Ras/Sulawesi Utara/2024-10-18,30291.90265456749
Daging Ayam Ras/Sulawesi Utara/2024-10-19,30294.675660950907
Daging Ayam Ras/Sulawesi Utara/2024-10-20,30303.02562927294
Daging Ayam Ras/Sulawesi Utara/2024-10-21,30309.121034898577
Daging Ayam Ras/Sulawesi Utara/2024-10-22,30285.603713286888
Daging Ayam Ras/Sulawesi Utara/2024-10-23,30277.065056333784
Daging Ayam Ras/Sulawesi Utara/2024-10-24,30279.55145134134
Daging Ayam Ras/Sulawesi Utara/2024-10-25,30288.11179858154
Daging Ayam Ras/Sulawesi Utara/2024-10-26,30290.198984775823
Daging Ayam Ras/Sulawesi Utara/2024-10-27,30283.74873713529
Daging Ayam Ras/Sulawesi Utara/2024-10-28,30275.631508913877
Daging Ayam Ras/Sulawesi Utara/2024-10-29,30288.591347280573
Daging Ayam Ras/Sulawesi Utara/2024-10-30,30298.427719688752
Daging Ayam Ras/Sulawesi Utara/2024-10-31,30304.808972778214
Daging Ayam Ras/Sulawesi Utara/2024-11-01,30287.02841040288
Daging Ayam Ras/Sulawesi Utara/2024-11-02,30289.25666864826
Daging Ayam Ras/Sulawesi Utara/2024-11-03,30281.33106356177
Daging Ayam Ras/Sulawesi Utara/2024-11-04,30295.14352931809
Daging Ayam Ras/Sulawesi Utara/2024-11-05,30282.53864375224
Daging Ayam Ras/Sulawesi Utara/2024-11-06,30304.471064106336
Daging Ayam Ras/Sulawesi Utara/2024-11-07,30268.075425503663
Daging Ayam Ras/Sulawesi Utara/2024-11-08,30290.080056769537
Daging Ayam Ras/Sulawesi Utara/2024-11-09,30300.274208334235
Daging Ayam Ras/Sulawesi Utara/2024-11-10,30298.464869808195
Daging Ayam Ras/Sulawesi Utara/2024-11-11,30337.17793713521
Daging Ayam Ras/Sulawesi Utara/2024-11-12,30301.025461262507
Daging Ayam Ras/Sulawesi Utara/2024-11-13,30280.13757551675
Daging Ayam Ras/Sulawesi Utara/2024-11-14,30294.15572127273
Daging Ayam Ras/Sulawesi Utara/2024-11-15,30268.223849690243
Daging Ayam Ras/Sulawesi Utara/2024-11-16,30294.38505751508
Daging Ayam Ras/Sulawesi Utara/2024-11-17,30282.775818874947
Daging Ayam Ras/Sulawesi Utara/2024-11-18,30309.751645266915
Daging Ayam Ras/Sulawesi Utara/2024-11-19,30287.150029500182
Daging Ayam Ras/Sulawesi Utara/2024-11-20,30293.827069425563
Daging Ayam Ras/Sulawesi Utara/2024-11-21,30285.822911300624
Daging Ayam Ras/Sulawesi Utara/2024-11-22,30322.456377817725
Daging Ayam Ras/Sulawesi Utara/2024-11-23,30290.672307444736
Daging Ayam Ras/Sulawesi Utara/2024-11-24,30323.90211190871
Daging Ayam Ras/Sulawesi Utara/2024-11-25,30308.189691369946
Daging Ayam Ras/Sulawesi Utara/2024-11-26,30303.066132196956
Daging Ayam Ras/Sulawesi Utara/2024-11-27,30301.31757010385
Daging Ayam Ras/Sulawesi Utara/2024-11-28,30301.704271240003
Daging Ayam Ras/Sulawesi Utara/2024-11-29,30265.887576597983
Daging Ayam Ras/Sulawesi Utara/2024-11-30,30291.325847129072
Daging Ayam Ras/Sulawesi Utara/2024-12-01,30308.668069285963
Daging Ayam Ras/Sulawesi Utara/2024-12-02,30294.87417914031
Daging Ayam Ras/Sulawesi Utara/2024-12-03,30273.94867817335
Daging Ayam Ras/Sulawesi Utara/2024-12-04,30294.820067425968
Daging Ayam Ras/Sulawesi Utara/2024-12-05,30321.92030324027
Daging Ayam Ras/Sulawesi Utara/2024-12-06,30314.866200473392
Daging Ayam Ras/Sulawesi Utara/2024-12-07,30294.67196106062
Daging Ayam Ras/Sulawesi Utara/2024-12-08,30310.307979965997
Daging Ayam Ras/Sulawesi Utara/2024-12-09,30289.97394991344
Daging Ayam Ras/Sulawesi Utara/2024-12-10,30269.340480246272
Daging Ayam Ras/Sulawesi Utara/2024-12-11,30281.36550482257
Daging Ayam Ras/Sulawesi Utara/2024-12-12,30319.741546935355
Daging Ayam Ras/Sulawesi Utara/2024-12-13,30291.40129709498
Daging Ayam Ras/Sulawesi Utara/2024-12-14,30291.87354826932
Daging Ayam Ras/Sulawesi Utara/2024-12-15,30291.002546897515
Daging Ayam Ras/Sulawesi Utara/2024-12-16,30325.006473748523
Daging Ayam Ras/Sulawesi Utara/2024-12-17,30320.71462188788
Daging Ayam Ras/Sulawesi Utara/2024-12-18,30329.86093919848
Daging Ayam Ras/Sulawesi Utara/2024-12-19,30293.174765211246
Daging Ayam Ras/Sulawesi Utara/2024-12-20,30300.189616420277
Daging Ayam Ras/Sulawesi Utara/2024-12-21,30272.22913511348
Daging Ayam Ras/Sulawesi Utara/2024-12-22,30318.415404190928
Daging Ayam Ras/Sulawesi Utara/2024-12-23,30277.61155234728
Daging Ayam Ras/Sulawesi Utara/2024-12-24,30298.97309929192
Daging Ayam Ras/Sulawesi Utara/2024-12-25,30278.698903968427
Daging Ayam Ras/Sulawesi Utara/2024-12-26,30286.543281541464
Daging Ayam Ras/Sulawesi Utara/2024-12-27,30282.71092102022
Daging Ayam Ras/Sulawesi Utara/2024-12-28,30286.250010764823
Daging Ayam Ras/Sulawesi Utara/2024-12-29,30287.3107565374
Daging Ayam Ras/Sulawesi Utara/2024-12-30,30287.169646467668
Daging Ayam Ras/Sulawesi Utara/2024-12-31,30308.48564231192
Daging Ayam Ras/Sumatera Barat/2024-10-01,30278.58226074987
Daging Ayam Ras/Sumatera Barat/2024-10-02,30299.03120074541
Daging Ayam Ras/Sumatera Barat/2024-10-03,30314.41981570984
Daging Ayam Ras/Sumatera Barat/2024-10-04,30287.710759898662
Daging Ayam Ras/Sumatera Barat/2024-10-05,30284.552207517976
Daging Ayam Ras/Sumatera Barat/2024-10-06,30292.07194824295
Daging Ayam Ras/Sumatera Barat/2024-10-07,30313.82992500806
Daging Ayam Ras/Sumatera Barat/2024-10-08,30298.623368099863
Daging Ayam Ras/Sumatera Barat/2024-10-09,30287.43277106646
Daging Ayam Ras/Sumatera Barat/2024-10-10,30303.094056526526
Daging Ayam Ras/Sumatera Barat/2024-10-11,30278.621921804424
Daging Ayam Ras/Sumatera Barat/2024-10-12,30306.14091202757
Daging Ayam Ras/Sumatera Barat/2024-10-13,30301.932766811933
Daging Ayam Ras/Sumatera Barat/2024-10-14,30290.879577866654
Daging Ayam Ras/Sumatera Barat/2024-10-15,30282.69050350525
Daging Ayam Ras/Sumatera Barat/2024-10-16,30281.94847002859
Daging Ayam Ras/Sumatera Barat/2024-10-17,30303.87999261934
Daging Ayam Ras/Sumatera Barat/2024-10-18,30314.589858120416
Daging Ayam Ras/Sumatera Barat/2024-10-19,30285.795912959613
Daging Ayam Ras/Sumatera Barat/2024-10-20,30302.70078600436
Daging Ayam Ras/Sumatera Barat/2024-10-21,30263.428983727204
Daging Ayam Ras/Sumatera Barat/2024-10-22,30286.608838531167
Daging Ayam Ras/Sumatera Barat/2024-10-23,30295.149395795488
Daging Ayam Ras/Sumatera Barat/2024-10-24,30281.59357706333
Daging Ayam Ras/Sumatera Barat/2024-10-25,30281.179740253086
Daging Ayam Ras/Sumatera Barat/2024-10-26,30285.32578000443
Daging Ayam Ras/Sumatera Barat/2024-10-27,30300.136669657422
Daging Ayam Ras/Sumatera Barat/2024-10-28,30292.738389738766
Daging Ayam Ras/Sumatera Barat/2024-10-29,30261.09613623275
Daging Ayam Ras/Sumatera Barat/2024-10-30,30262.90945927808
Daging Ayam Ras/Sumatera Barat/2024-10-31,30286.265594782613
Daging Ayam Ras/Sumatera Barat/2024-11-01,30302.68998427272
Daging Ayam Ras/Sumatera Barat/2024-11-02,30253.23883102564
Daging Ayam Ras/Sumatera Barat/2024-11-03,30287.91852238622
Daging Ayam Ras/Sumatera Barat/2024-11-04,30287.5093955354
Daging Ayam Ras/Sumatera Barat/2024-11-05,30317.048494753435
Daging Ayam Ras/Sumatera Barat/2024-11-06,30289.68829527955
Daging Ayam Ras/Sumatera Barat/2024-11-07,30301.537515656797
Daging Ayam Ras/Sumatera Barat/2024-11-08,30297.80796665472
Daging Ayam Ras/Sumatera Barat/2024-11-09,30262.757237088605
Daging Ayam Ras/Sumatera Barat/2024-11-10,30307.480837995598
Daging Ayam Ras/Sumatera Barat/2024-11-11,30298.95182255224
Daging Ayam Ras/Sumatera Barat/2024-11-12,30303.470387234836
Daging Ayam Ras/Sumatera Barat/2024-11-13,30356.204370795567
Daging Ayam Ras/Sumatera Barat/2024-11-14,30263.473943466903
Daging Ayam Ras/Sumatera Barat/2024-11-15,30322.23799262673
Daging Ayam Ras/Sumatera Barat/2024-11-16,30291.193715903977
Daging Ayam Ras/Sumatera Barat/2024-11-17,30300.061628366584
Daging Ayam Ras/Sumatera Barat/2024-11-18,30294.926403508194
Daging Ayam Ras/Sumatera Barat/2024-11-19,30289.083275777764
Daging Ayam Ras/Sumatera Barat/2024-11-20,30286.836945196985
Daging Ayam Ras/Sumatera Barat/2024-11-21,30300.71239801373
Daging Ayam Ras/Sumatera Barat/2024-11-22,30272.220940331765
Daging Ayam Ras/Sumatera Barat/2024-11-23,30307.2088644248
Daging Ayam Ras/Sumatera Barat/2024-11-24,30289.207350313754
Daging Ayam Ras/Sumatera Barat/2024-11-25,30278.19336267757
Daging Ayam Ras/Sumatera Barat/2024-11-26,30288.685583815717
Daging Ayam Ras/Sumatera Barat/2024-11-27,30315.024457875912
Daging Ayam Ras/Sumatera Barat/2024-11-28,30287.369193604263
Daging Ayam Ras/Sumatera Barat/2024-11-29,30301.158972846708
Daging Ayam Ras/Sumatera Barat/2024-11-30,30284.35106080449
Daging Ayam Ras/Sumatera Barat/2024-12-01,30307.3221506733
Daging Ayam Ras/Sumatera Barat/2024-12-02,30306.20491278393
Daging Ayam Ras/Sumatera Barat/2024-12-03,30324.149766233197
Daging Ayam Ras/Sumatera Barat/2024-12-04,30292.91990664227
Daging Ayam Ras/Sumatera Barat/2024-12-05,30305.94489804159
Daging Ayam Ras/Sumatera Barat/2024-12-06,30297.14161782568
Daging Ayam Ras/Sumatera Barat/2024-12-07,30315.62188724589
Daging Ayam Ras/Sumatera Barat/2024-12-08,30284.538113672326
Daging Ayam Ras/Sumatera Barat/2024-12-09,30307.12286845659
Daging Ayam Ras/Sumatera Barat/2024-12-10,30292.624708594187
Daging Ayam Ras/Sumatera Barat/2024-12-11,30294.638262725857
Daging Ayam Ras/Sumatera Barat/2024-12-12,30297.0441862794
Daging Ayam Ras/Sumatera Barat/2024-12-13,30299.520266883595
Daging Ayam Ras/Sumatera Barat/2024-12-14,30293.835352541697
Daging Ayam Ras/Sumatera Barat/2024-12-15,30298.94127994478
Daging Ayam Ras/Sumatera Barat/2024-12-16,30319.97651134344
Daging Ayam Ras/Sumatera Barat/2024-12-17,30310.83255375554
Daging Ayam Ras/Sumatera Barat/2024-12-18,30309.03830008943
Daging Ayam Ras/Sumatera Barat/2024-12-19,30288.60031586412
Daging Ayam Ras/Sumatera Barat/2024-12-20,30281.908974633698
Daging Ayam Ras/Sumatera Barat/2024-12-21,30310.367399286195
Daging Ayam Ras/Sumatera Barat/2024-12-22,30309.14463609076
Daging Ayam Ras/Sumatera Barat/2024-12-23,30318.34962110823
Daging Ayam Ras/Sumatera Barat/2024-12-24,30286.310098962986
Daging Ayam Ras/Sumatera Barat/2024-12-25,30292.08700594986
Daging Ayam Ras/Sumatera Barat/2024-12-26,30270.33387875524
Daging Ayam Ras/Sumatera Barat/2024-12-27,30289.573364173382
Daging Ayam Ras/Sumatera Barat/2024-12-28,30311.004130908343
Daging Ayam Ras/Sumatera Barat/2024-12-29,30288.431283970767
Daging Ayam Ras/Sumatera Barat/2024-12-30,30305.510201161134
Daging Ayam Ras/Sumatera Barat/2024-12-31,30292.689418469687
Daging Ayam Ras/Sumatera Selatan/2024-10-01,30300.628286589592
Daging Ayam Ras/Sumatera Selatan/2024-10-02,30277.92148165181
Daging Ayam Ras/Sumatera Selatan/2024-10-03,30296.94323735809
Daging Ayam Ras/Sumatera Selatan/2024-10-04,30249.479979012307
Daging Ayam Ras/Sumatera Selatan/2024-10-05,30292.745068103774
Daging Ayam Ras/Sumatera Selatan/2024-10-06,30270.47290331489
Daging Ayam Ras/Sumatera Selatan/2024-10-07,30314.23521985976
Daging Ayam Ras/Sumatera Selatan/2024-10-08,30307.622781886283
Daging Ayam Ras/Sumatera Selatan/2024-10-09,30302.828599625023
Daging Ayam Ras/Sumatera Selatan/2024-10-10,30319.095364010984
Daging Ayam Ras/Sumatera Selatan/2024-10-11,30280.988270867547
Daging Ayam Ras/Sumatera Selatan/2024-10-12,30322.587702455705
Daging Ayam Ras/Sumatera Selatan/2024-10-13,30310.010863201547
Daging Ayam Ras/Sumatera Selatan/2024-10-14,30291.9789044422
Daging Ayam Ras/Sumatera Selatan/2024-10-15,30313.149452035464
Daging Ayam Ras/Sumatera Selatan/2024-10-16,30278.56018696009
Daging Ayam Ras/Sumatera Selatan/2024-10-17,30282.90760712892
Daging Ayam Ras/Sumatera Selatan/2024-10-18,30286.238987710967
Daging Ayam Ras/Sumatera Selatan/2024-10-19,30287.46727814236
Daging Ayam Ras/Sumatera Selatan/2024-10-20,30279.32753461051
Daging Ayam Ras/Sumatera Selatan/2024-10-21,30314.498869801027
Daging Ayam Ras/Sumatera Selatan/2024-10-22,30291.634863567822
Daging Ayam Ras/Sumatera Selatan/2024-10-23,30301.06719436732
Daging Ayam Ras/Sumatera Selatan/2024-10-24,30286.828946496684
Daging Ayam Ras/Sumatera Selatan/2024-10-25,30267.53949019862
Daging Ayam Ras/Sumatera Selatan/2024-10-26,30299.79515508796
Daging Ayam Ras/Sumatera Selatan/2024-10-27,30266.12544641368
Daging Ayam Ras/Sumatera Selatan/2024-10-28,30294.569669834294
Daging Ayam Ras/Sumatera Selatan/2024-10-29,30274.51759950627
Daging Ayam Ras/Sumatera Selatan/2024-10-30,30326.28918642863
Daging Ayam Ras/Sumatera Selatan/2024-10-31,30309.68950633884
Daging Ayam Ras/Sumatera Selatan/2024-11-01,30297.260204818303
Daging Ayam Ras/Sumatera Selatan/2024-11-02,30315.12562936777
Daging Ayam Ras/Sumatera Selatan/2024-11-03,30282.571238782453
Daging Ayam Ras/Sumatera Selatan/2024-11-04,30304.01363455366
Daging Ayam Ras/Sumatera Selatan/2024-11-05,30298.71135353841
Daging Ayam Ras/Sumatera Selatan/2024-11-06,30299.70200922769
Daging Ayam Ras/Sumatera Selatan/2024-11-07,30315.25903648297
Daging Ayam Ras/Sumatera Selatan/2024-11-08,30306.929808951754
Daging Ayam Ras/Sumatera Selatan/2024-11-09,30300.0831473348
Daging Ayam Ras/Sumatera Selatan/2024-11-10,30270.09623003275
Daging Ayam Ras/Sumatera Selatan/2024-11-11,30280.816555637928
Daging Ayam Ras/Sumatera Selatan/2024-11-12,30293.735377840043
Daging Ayam Ras/Sumatera Selatan/2024-11-13,30297.069178677484
Daging Ayam Ras/Sumatera Selatan/2024-11-14,30278.19128931481
Daging Ayam Ras/Sumatera Selatan/2024-11-15,30332.837033367126
Daging Ayam Ras/Sumatera Selatan/2024-11-16,30319.024205322094
Daging Ayam Ras/Sumatera Selatan/2024-11-17,30304.91834285511
Daging Ayam Ras/Sumatera Selatan/2024-11-18,30296.740004665244
Daging Ayam Ras/Sumatera Selatan/2024-11-19,30292.354530514916
Daging Ayam Ras/Sumatera Selatan/2024-11-20,30280.9419555823
Daging Ayam Ras/Sumatera Selatan/2024-11-21,30296.82399188852
Daging Ayam Ras/Sumatera Selatan/2024-11-22,30299.605310747487
Daging Ayam Ras/Sumatera Selatan/2024-11-23,30276.47013940922
Daging Ayam Ras/Sumatera Selatan/2024-11-24,30300.78441313257
Daging Ayam Ras/Sumatera Selatan/2024-11-25,30293.23317983653
Daging Ayam Ras/Sumatera Selatan/2024-11-26,30266.19406319721
Daging Ayam Ras/Sumatera Selatan/2024-11-27,30282.3541753284
Daging Ayam Ras/Sumatera Selatan/2024-11-28,30289.24729260186
Daging Ayam Ras/Sumatera Selatan/2024-11-29,30324.75269212996
Daging Ayam Ras/Sumatera Selatan/2024-11-30,30304.21534225961
Daging Ayam Ras/Sumatera Selatan/2024-12-01,30275.024169232125
Daging Ayam Ras/Sumatera Selatan/2024-12-02,30303.127376408796
Daging Ayam Ras/Sumatera Selatan/2024-12-03,30271.756076459085
Daging Ayam Ras/Sumatera Selatan/2024-12-04,30312.33283787623
Daging Ayam Ras/Sumatera Selatan/2024-12-05,30288.359861444736
Daging Ayam Ras/Sumatera Selatan/2024-12-06,30294.183925389592
Daging Ayam Ras/Sumatera Selatan/2024-12-07,30316.08358170361
Daging Ayam Ras/Sumatera Selatan/2024-12-08,30275.76964135171
Daging Ayam Ras/Sumatera Selatan/2024-12-09,30274.073211446357
Daging Ayam Ras/Sumatera Selatan/2024-12-10,30286.624550936736
Daging Ayam Ras/Sumatera Selatan/2024-12-11,30311.649169027296
Daging Ayam Ras/Sumatera Selatan/2024-12-12,30272.187423882096
Daging Ayam Ras/Sumatera Selatan/2024-12-13,30251.932800615265
Daging Ayam Ras/Sumatera Selatan/2024-12-14,30288.667902799363
Daging Ayam Ras/Sumatera Selatan/2024-12-15,30304.14109552343
Daging Ayam Ras/Sumatera Selatan/2024-12-16,30314.14677212232
Daging Ayam Ras/Sumatera Selatan/2024-12-17,30288.482722705805
Daging Ayam Ras/Sumatera Selatan/2024-12-18,30289.280910069352
Daging Ayam Ras/Sumatera Selatan/2024-12-19,30313.431493259173
Daging Ayam Ras/Sumatera Selatan/2024-12-20,30266.78136059528
Daging Ayam Ras/Sumatera Selatan/2024-12-21,30289.63431167744
Daging Ayam Ras/Sumatera Selatan/2024-12-22,30298.566533665427
Daging Ayam Ras/Sumatera Selatan/2024-12-23,30302.55933819817
Daging Ayam Ras/Sumatera Selatan/2024-12-24,30287.76305729174
Daging Ayam Ras/Sumatera Selatan/2024-12-25,30296.159958773995
Daging Ayam Ras/Sumatera Selatan/2024-12-26,30257.23753937956
Daging Ayam Ras/Sumatera Selatan/2024-12-27,30285.47283083734
Daging Ayam Ras/Sumatera Selatan/2024-12-28,30302.625526137457
Daging Ayam Ras/Sumatera Selatan/2024-12-29,30280.473307387736
Daging Ayam Ras/Sumatera Selatan/2024-12-30,30296.538622594893
Daging Ayam Ras/Sumatera Selatan/2024-12-31,30302.523139639925
Daging Ayam Ras/Sumatera Utara/2024-10-01,30290.343582065027
Daging Ayam Ras/Sumatera Utara/2024-10-02,30298.258579859263
Daging Ayam Ras/Sumatera Utara/2024-10-03,30280.775110640763
Daging Ayam Ras/Sumatera Utara/2024-10-04,30292.440894229003
Daging Ayam Ras/Sumatera Utara/2024-10-05,30305.043280160884
Daging Ayam Ras/Sumatera Utara/2024-10-06,30298.05043749743
Daging Ayam Ras/Sumatera Utara/2024-10-07,30286.579315581344
Daging Ayam Ras/Sumatera Utara/2024-10-08,30299.0878999687
Daging Ayam Ras/Sumatera Utara/2024-10-09,30306.653912495065
Daging Ayam Ras/Sumatera Utara/2024-10-10,30264.00115941592
Daging Ayam Ras/Sumatera Utara/2024-10-11,30313.511309761536
Daging Ayam Ras/Sumatera Utara/2024-10-12,30290.440695894456
Daging Ayam Ras/Sumatera Utara/2024-10-13,30302.19323964835
Daging Ayam Ras/Sumatera Utara/2024-10-14,30314.100258012168
Daging Ayam Ras/Sumatera Utara/2024-10-15,30274.465780594724
Daging Ayam Ras/Sumatera Utara/2024-10-16,30284.68300824044
Daging Ayam Ras/Sumatera Utara/2024-10-17,30291.17672645176
Daging Ayam Ras/Sumatera Utara/2024-10-18,30283.536480854505
Daging Ayam Ras/Sumatera Utara/2024-10-19,30322.39597887026
Daging Ayam Ras/Sumatera Utara/2024-10-20,30282.40991705673
Daging Ayam Ras/Sumatera Utara/2024-10-21,30287.05735840691
Daging Ayam Ras/Sumatera Utara/2024-10-22,30298.78199423201
Daging Ayam Ras/Sumatera Utara/2024-10-23,30277.08127672128
Daging Ayam Ras/Sumatera Utara/2024-10-24,30289.52384491482
Daging Ayam Ras/Sumatera Utara/2024-10-25,30300.52640066491
Daging Ayam Ras/Sumatera Utara/2024-10-26,30290.493065230046
Daging Ayam Ras/Sumatera Utara/2024-10-27,30294.187772163918
Daging Ayam Ras/Sumatera Utara/2024-10-28,30287.4618102301
Daging Ayam Ras/Sumatera Utara/2024-10-29,30272.2626494253
Daging Ayam Ras/Sumatera Utara/2024-10-30,30300.590273700524
Daging Ayam Ras/Sumatera Utara/2024-10-31,30322.704493915524
Daging Ayam Ras/Sumatera Utara/2024-11-01,30295.91249589959
Daging Ayam Ras/Sumatera Utara/2024-11-02,30299.104064561405
Daging Ayam Ras/Sumatera Utara/2024-11-03,30306.31622934208
Daging Ayam Ras/Sumatera Utara/2024-11-04,30276.044778109623
Daging Ayam Ras/Sumatera Utara/2024-11-05,30321.89575875651
Daging Ayam Ras/Sumatera Utara/2024-11-06,30298.75020798526
Daging Ayam Ras/Sumatera Utara/2024-11-07,30320.805618667204
Daging Ayam Ras/Sumatera Utara/2024-11-08,30284.31902022539
Daging Ayam Ras/Sumatera Utara/2024-11-09,30323.67847458097
Daging Ayam Ras/Sumatera Utara/2024-11-10,30307.58803918413
Daging Ayam Ras/Sumatera Utara/2024-11-11,30304.161141498727
Daging Ayam Ras/Sumatera Utara/2024-11-12,30299.239223032386
Daging Ayam Ras/Sumatera Utara/2024-11-13,30291.79417444021
Daging Ayam Ras/Sumatera Utara/2024-11-14,30314.150936397215
Daging Ayam Ras/Sumatera Utara/2024-11-15,30297.79412316078
Daging Ayam Ras/Sumatera Utara/2024-11-16,30265.279739820788
Daging Ayam Ras/Sumatera Utara/2024-11-17,30278.392125576906
Daging Ayam Ras/Sumatera Utara/2024-11-18,30292.7612742455
Daging Ayam Ras/Sumatera Utara/2024-11-19,30300.41139266738
Daging Ayam Ras/Sumatera Utara/2024-11-20,30294.755514177006
Daging Ayam Ras/Sumatera Utara/2024-11-21,30314.43542371378
Daging Ayam Ras/Sumatera Utara/2024-11-22,30265.526098922288
Daging Ayam Ras/Sumatera Utara/2024-11-23,30297.84392724347
Daging Ayam Ras/Sumatera Utara/2024-11-24,30267.57997562541
Daging Ayam Ras/Sumatera Utara/2024-11-25,30307.349774482907
Daging Ayam Ras/Sumatera Utara/2024-11-26,30294.171235088408
Daging Ayam Ras/Sumatera Utara/2024-11-27,30302.102520928533
Daging Ayam Ras/Sumatera Utara/2024-11-28,30282.300207365497
Daging Ayam Ras/Sumatera Utara/2024-11-29,30315.36875488801
Daging Ayam Ras/Sumatera Utara/2024-11-30,30311.700789754803
Daging Ayam Ras/Sumatera Utara/2024-12-01,30304.631774454967
Daging Ayam Ras/Sumatera Utara/2024-12-02,30293.630336081933
Daging Ayam Ras/Sumatera Utara/2024-12-03,30304.57488946629
Daging Ayam Ras/Sumatera Utara/2024-12-04,30284.72232664773
Daging Ayam Ras/Sumatera Utara/2024-12-05,30308.828489549785
Daging Ayam Ras/Sumatera Utara/2024-12-06,30321.07752969297
Daging Ayam Ras/Sumatera Utara/2024-12-07,30312.14645451386
Daging Ayam Ras/Sumatera Utara/2024-12-08,30284.371947938664
Daging Ayam Ras/Sumatera Utara/2024-12-09,30301.204698145742
Daging Ayam Ras/Sumatera Utara/2024-12-10,30275.677410427907
Daging Ayam Ras/Sumatera Utara/2024-12-11,30304.45968558856
Daging Ayam Ras/Sumatera Utara/2024-12-12,30302.58070185052
Daging Ayam Ras/Sumatera Utara/2024-12-13,30266.78020901788
Daging Ayam Ras/Sumatera Utara/2024-12-14,30277.704056851253
Daging Ayam Ras/Sumatera Utara/2024-12-15,30291.26019129679
Daging Ayam Ras/Sumatera Utara/2024-12-16,30290.986785945464
Daging Ayam Ras/Sumatera Utara/2024-12-17,30276.96822611249
Daging Ayam Ras/Sumatera Utara/2024-12-18,30301.62992816483
Daging Ayam Ras/Sumatera Utara/2024-12-19,30299.50843653701
Daging Ayam Ras/Sumatera Utara/2024-12-20,30292.63131450553
Daging Ayam Ras/Sumatera Utara/2024-12-21,30283.96789164997
Daging Ayam Ras/Sumatera Utara/2024-12-22,30311.808518364396
Daging Ayam Ras/Sumatera Utara/2024-12-23,30321.16896209531
Daging Ayam Ras/Sumatera Utara/2024-12-24,30288.167980335533
Daging Ayam Ras/Sumatera Utara/2024-12-25,30286.183797133923
Daging Ayam Ras/Sumatera Utara/2024-12-26,30303.207162753068
Daging Ayam Ras/Sumatera Utara/2024-12-27,30290.10474681429
Daging Ayam Ras/Sumatera Utara/2024-12-28,30293.47790365464
Daging Ayam Ras/Sumatera Utara/2024-12-29,30307.040292876554
Daging Ayam Ras/Sumatera Utara/2024-12-30,30266.170171776765
Daging Ayam Ras/Sumatera Utara/2024-12-31,30315.96795587968
