id,price
Daging Sapi Murni/Aceh/2024-10-01,153413.33834106196
Daging Sapi Murni/Aceh/2024-10-02,153390.33200599422
Daging Sapi Murni/Aceh/2024-10-03,153416.01990323063
Daging Sapi Murni/Aceh/2024-10-04,153445.2097258217
Daging Sapi Murni/Aceh/2024-10-05,153393.5231365752
Daging Sapi Murni/Aceh/2024-10-06,153394.19757710924
Daging Sapi Murni/Aceh/2024-10-07,153452.37682241265
Daging Sapi Murni/Aceh/2024-10-08,153426.4428447437
Daging Sapi Murni/Aceh/2024-10-09,153386.77016294393
Daging Sapi Murni/Aceh/2024-10-10,153419.11751809905
Daging Sapi Murni/Aceh/2024-10-11,153386.93667768408
Daging Sapi Murni/Aceh/2024-10-12,153386.93607006845
Daging Sapi Murni/Aceh/2024-10-13,153409.41638300088
Daging Sapi Murni/Aceh/2024-10-14,153340.1278087405
Daging Sapi Murni/Aceh/2024-10-15,153346.1807549693
Daging Sapi Murni/Aceh/2024-10-16,153383.2918747575
Daging Sapi Murni/Aceh/2024-10-17,153368.75415383032
Daging Sapi Murni/Aceh/2024-10-18,153411.24724484474
Daging Sapi Murni/Aceh/2024-10-19,153371.85936582857
Daging Sapi Murni/Aceh/2024-10-20,153355.85235532455
Daging Sapi Murni/Aceh/2024-10-21,153448.3523649624
Daging Sapi Murni/Aceh/2024-10-22,153394.09693446287
Daging Sapi Murni/Aceh/2024-10-23,153403.62640594016
Daging Sapi Murni/Aceh/2024-10-24,153355.68682862946
Daging Sapi Murni/Aceh/2024-10-25,153384.0443963694
Daging Sapi Murni/Aceh/2024-10-26,153405.23010149316
Daging Sapi Murni/Aceh/2024-10-27,153364.46118505424
Daging Sapi Murni/Aceh/2024-10-28,153413.40243132983
Daging Sapi Murni/Aceh/2024-10-29,153381.99499062586
Daging Sapi Murni/Aceh/2024-10-30,153392.06063091615
Daging Sapi Murni/Aceh/2024-10-31,153382.1429277575
Daging Sapi Murni/Aceh/2024-11-01,153460.81802709037
Daging Sapi Murni/Aceh/2024-11-02,153401.10890809633
Daging Sapi Murni/Aceh/2024-11-03,153367.57325652102
Daging Sapi Murni/Aceh/2024-11-04,153428.01381002337
Daging Sapi Murni/Aceh/2024-11-05,153362.50741760444
Daging Sapi Murni/Aceh/2024-11-06,153408.46490811385
Daging Sapi Murni/Aceh/2024-11-07,153338.5798630445
Daging Sapi Murni/Aceh/2024-11-08,153358.7688537685
Daging Sapi Murni/Aceh/2024-11-09,153407.74206529636
Daging Sapi Murni/Aceh/2024-11-10,153424.87836824267
Daging Sapi Murni/Aceh/2024-11-11,153406.775369089
Daging Sapi Murni/Aceh/2024-11-12,153397.49974803434
Daging Sapi Murni/Aceh/2024-11-13,153391.83533322066
Daging Sapi Murni/Aceh/2024-11-14,153354.25787261815
Daging Sapi Murni/Aceh/2024-11-15,153378.54363773696
Daging Sapi Murni/Aceh/2024-11-16,153386.6787671583
Daging Sapi Murni/Aceh/2024-11-17,153435.26024874568
Daging Sapi Murni/Aceh/2024-11-18,153412.3175389365
Daging Sapi Murni/Aceh/2024-11-19,153344.741132764
Daging Sapi Murni/Aceh/2024-11-20,153411.90513334516
Daging Sapi Murni/Aceh/2024-11-21,153389.22775692758
Daging Sapi Murni/Aceh/2024-11-22,153379.8943474526
Daging Sapi Murni/Aceh/2024-11-23,153421.03505242683
Daging Sapi Murni/Aceh/2024-11-24,153434.39913225695
Daging Sapi Murni/Aceh/2024-11-25,153431.4636436344
Daging Sapi Murni/Aceh/2024-11-26,153374.65812313306
Daging Sapi Murni/Aceh/2024-11-27,153391.77520312407
Daging Sapi Murni/Aceh/2024-11-28,153412.4585521528
Daging Sapi Murni/Aceh/2024-11-29,153433.05926480526
Daging Sapi Murni/Aceh/2024-11-30,153386.25086242543
Daging Sapi Murni/Aceh/2024-12-01,153395.5514603836
Daging Sapi Murni/Aceh/2024-12-02,153366.14336170309
Daging Sapi Murni/Aceh/2024-12-03,153363.28625332512
Daging Sapi Murni/Aceh/2024-12-04,153427.6273639016
Daging Sapi Murni/Aceh/2024-12-05,153444.86093644504
Daging Sapi Murni/Aceh/2024-12-06,153399.07922281153
Daging Sapi Murni/Aceh/2024-12-07,153433.64133056614
Daging Sapi Murni/Aceh/2024-12-08,153413.2697060598
Daging Sapi Murni/Aceh/2024-12-09,153381.22424945713
Daging Sapi Murni/Aceh/2024-12-10,153413.46371268283
Daging Sapi Murni/Aceh/2024-12-11,153451.0585994466
Daging Sapi Murni/Aceh/2024-12-12,153400.61921919306
Daging Sapi Murni/Aceh/2024-12-13,153451.8926822557
Daging Sapi Murni/Aceh/2024-12-14,153317.6572791562
Daging Sapi Murni/Aceh/2024-12-15,153428.23010070287
Daging Sapi Murni/Aceh/2024-12-16,153404.6058556638
Daging Sapi Murni/Aceh/2024-12-17,153391.98303967333
Daging Sapi Murni/Aceh/2024-12-18,153404.5056357271
Daging Sapi Murni/Aceh/2024-12-19,153337.5344450835
Daging Sapi Murni/Aceh/2024-12-20,153394.59496389847
Daging Sapi Murni/Aceh/2024-12-21,153412.90781159807
Daging Sapi Murni/Aceh/2024-12-22,153448.7863860603
Daging Sapi Murni/Aceh/2024-12-23,153384.7566456156
Daging Sapi Murni/Aceh/2024-12-24,153375.44256998252
Daging Sapi Murni/Aceh/2024-12-25,153385.58697976504
Daging Sapi Murni/Aceh/2024-12-26,153431.08194384936
Daging Sapi Murni/Aceh/2024-12-27,153412.1922981584
Daging Sapi Murni/Aceh/2024-12-28,153384.42696696048
Daging Sapi Murni/Aceh/2024-12-29,153417.9746944363
Daging Sapi Murni/Aceh/2024-12-30,153404.756126715
Daging Sapi Murni/Aceh/2024-12-31,153432.82067806044
Daging Sapi Murni/Bali/2024-10-01,153379.115032033
Daging Sapi Murni/Bali/2024-10-02,153391.10948286933
Daging Sapi Murni/Bali/2024-10-03,153389.13050974472
Daging Sapi Murni/Bali/2024-10-04,153354.66148651193
Daging Sapi Murni/Bali/2024-10-05,153411.05050290018
Daging Sapi Murni/Bali/2024-10-06,153409.7086470451
Daging Sapi Murni/Bali/2024-10-07,153401.54121456883
Daging Sapi Murni/Bali/2024-10-08,153393.86646781876
Daging Sapi Murni/Bali/2024-10-09,153356.0167449061
Daging Sapi Murni/Bali/2024-10-10,153388.11251251173
Daging Sapi Murni/Bali/2024-10-11,153390.50746336818
Daging Sapi Murni/Bali/2024-10-12,153375.64407973146
Daging Sapi Murni/Bali/2024-10-13,153396.12265460295
Daging Sapi Murni/Bali/2024-10-14,153414.2164252542
Daging Sapi Murni/Bali/2024-10-15,153461.93390680448
Daging Sapi Murni/Bali/2024-10-16,153407.09132664546
Daging Sapi Murni/Bali/2024-10-17,153409.86826454476
Daging Sapi Murni/Bali/2024-10-18,153399.4158964452
Daging Sapi Murni/Bali/2024-10-19,153340.33015163365
Daging Sapi Murni/Bali/2024-10-20,153400.9957251589
Daging Sapi Murni/Bali/2024-10-21,153403.45528918089
Daging Sapi Murni/Bali/2024-10-22,153480.47747836314
Daging Sapi Murni/Bali/2024-10-23,153395.2281338695
Daging Sapi Murni/Bali/2024-10-24,153411.13793170048
Daging Sapi Murni/Bali/2024-10-25,153400.70486817314
Daging Sapi Murni/Bali/2024-10-26,153364.39259834596
Daging Sapi Murni/Bali/2024-10-27,153438.57845812917
Daging Sapi Murni/Bali/2024-10-28,153425.68016776617
Daging Sapi Murni/Bali/2024-10-29,153426.98387537658
Daging Sapi Murni/Bali/2024-10-30,153372.4296287696
Daging Sapi Murni/Bali/2024-10-31,153446.67655171815
Daging Sapi Murni/Bali/2024-11-01,153356.90993486362
Daging Sapi Murni/Bali/2024-11-02,153420.58463028228
Daging Sapi Murni/Bali/2024-11-03,153471.94078889064
Daging Sapi Murni/Bali/2024-11-04,153369.80009944172
Daging Sapi Murni/Bali/2024-11-05,153383.60141277558
Daging Sapi Murni/Bali/2024-11-06,153404.7974037182
Daging Sapi Murni/Bali/2024-11-07,153385.65815640887
Daging Sapi Murni/Bali/2024-11-08,153351.95276134816
Daging Sapi Murni/Bali/2024-11-09,153403.52197048618
Daging Sapi Murni/Bali/2024-11-10,153367.29412090027
Daging Sapi Murni/Bali/2024-11-11,153416.56812348188
Daging Sapi Murni/Bali/2024-11-12,153371.77575013376
Daging Sapi Murni/Bali/2024-11-13,153451.01733799817
Daging Sapi Murni/Bali/2024-11-14,153376.35435949836
Daging Sapi Murni/Bali/2024-11-15,153391.14287954327
Daging Sapi Murni/Bali/2024-11-16,153427.73441295337
Daging Sapi Murni/Bali/2024-11-17,153362.0728893798
Daging Sapi Murni/Bali/2024-11-18,153408.99258128036
Daging Sapi Murni/Bali/2024-11-19,153443.39118158078
Daging Sapi Murni/Bali/2024-11-20,153349.9848167289
Daging Sapi Murni/Bali/2024-11-21,153407.53428152896
Daging Sapi Murni/Bali/2024-11-22,153409.8141281199
Daging Sapi Murni/Bali/2024-11-23,153426.73161656343
Daging Sapi Murni/Bali/2024-11-24,153361.92872190374
Daging Sapi Murni/Bali/2024-11-25,153359.05169382034
Daging Sapi Murni/Bali/2024-11-26,153418.36265690316
Daging Sapi Murni/Bali/2024-11-27,153411.06563441418
Daging Sapi Murni/Bali/2024-11-28,153409.49410559994
Daging Sapi Murni/Bali/2024-11-29,153412.43938217725
Daging Sapi Murni/Bali/2024-11-30,153379.69308622862
Daging Sapi Murni/Bali/2024-12-01,153409.1758002774
Daging Sapi Murni/Bali/2024-12-02,153411.05970083227
Daging Sapi Murni/Bali/2024-12-03,153378.69521454297
Daging Sapi Murni/Bali/2024-12-04,153461.44419679212
Daging Sapi Murni/Bali/2024-12-05,153416.75417074288
Daging Sapi Murni/Bali/2024-12-06,153363.48052042903
Daging Sapi Murni/Bali/2024-12-07,153422.78465548385
Daging Sapi Murni/Bali/2024-12-08,153370.42880899814
Daging Sapi Murni/Bali/2024-12-09,153427.066612289
Daging Sapi Murni/Bali/2024-12-10,153438.70888299684
Daging Sapi Murni/Bali/2024-12-11,153375.14730750088
Daging Sapi Murni/Bali/2024-12-12,153432.5973320677
Daging Sapi Murni/Bali/2024-12-13,153414.87715164063
Daging Sapi Murni/Bali/2024-12-14,153428.20786894334
Daging Sapi Murni/Bali/2024-12-15,153462.64940393245
Daging Sapi Murni/Bali/2024-12-16,153393.8477222761
Daging Sapi Murni/Bali/2024-12-17,153377.77050478544
Daging Sapi Murni/Bali/2024-12-18,153373.35074698448
Daging Sapi Murni/Bali/2024-12-19,153375.6704504003
Daging Sapi Murni/Bali/2024-12-20,153399.20801285154
Daging Sapi Murni/Bali/2024-12-21,153412.27546333752
Daging Sapi Murni/Bali/2024-12-22,153410.1792871964
Daging Sapi Murni/Bali/2024-12-23,153427.92581767845
Daging Sapi Murni/Bali/2024-12-24,153401.9473225396
Daging Sapi Murni/Bali/2024-12-25,153448.3336945988
Daging Sapi Murni/Bali/2024-12-26,153393.28560258498
Daging Sapi Murni/Bali/2024-12-27,153489.09420133615
Daging Sapi Murni/Bali/2024-12-28,153421.9667034535
Daging Sapi Murni/Bali/2024-12-29,153374.4121113313
Daging Sapi Murni/Bali/2024-12-30,153367.66993735725
Daging Sapi Murni/Bali/2024-12-31,153417.35311358157
Daging Sapi Murni/Banten/2024-10-01,153394.74506109676
Daging Sapi Murni/Banten/2024-10-02,153424.40652623124
Daging Sapi Murni/Banten/2024-10-03,153416.57364276465
Daging Sapi Murni/Banten/2024-10-04,153399.193722437
Daging Sapi Murni/Banten/2024-10-05,153374.54857489123
Daging Sapi Murni/Banten/2024-10-06,153353.0529376413
Daging Sapi Murni/Banten/2024-10-07,153387.322556397
Daging Sapi Murni/Banten/2024-10-08,153428.94437228856
Daging Sapi Murni/Banten/2024-10-09,153408.1924921359
Daging Sapi Murni/Banten/2024-10-10,153361.3193084827
Daging Sapi Murni/Banten/2024-10-11,153406.9396547365
Daging Sapi Murni/Banten/2024-10-12,153413.9426891449
Daging Sapi Murni/Banten/2024-10-13,153373.26838133705
Daging Sapi Murni/Banten/2024-10-14,153406.41104062102
Daging Sapi Murni/Banten/2024-10-15,153403.286310808
Daging Sapi Murni/Banten/2024-10-16,153364.90591616312
Daging Sapi Murni/Banten/2024-10-17,153413.0030415163
Daging Sapi Murni/Banten/2024-10-18,153419.42196686307
Daging Sapi Murni/Banten/2024-10-19,153436.29386101503
Daging Sapi Murni/Banten/2024-10-20,153435.36047976578
Daging Sapi Murni/Banten/2024-10-21,153357.40169978252
Daging Sapi Murni/Banten/2024-10-22,153371.74203940437
Daging Sapi Murni/Banten/2024-10-23,153418.32107303856
Daging Sapi Murni/Banten/2024-10-24,153418.18147353115
Daging Sapi Murni/Banten/2024-10-25,153418.04649871864
Daging Sapi Murni/Banten/2024-10-26,153525.0023399687
Daging Sapi Murni/Banten/2024-10-27,153420.00879723718
Daging Sapi Murni/Banten/2024-10-28,153438.45107697704
Daging Sapi Murni/Banten/2024-10-29,153432.7602351751
Daging Sapi Murni/Banten/2024-10-30,153423.17906375742
Daging Sapi Murni/Banten/2024-10-31,153392.2612520955
Daging Sapi Murni/Banten/2024-11-01,153426.28769713893
Daging Sapi Murni/Banten/2024-11-02,153377.13189244756
Daging Sapi Murni/Banten/2024-11-03,153394.20560217326
Daging Sapi Murni/Banten/2024-11-04,153386.0921546815
Daging Sapi Murni/Banten/2024-11-05,153404.1701400403
Daging Sapi Murni/Banten/2024-11-06,153475.8280352637
Daging Sapi Murni/Banten/2024-11-07,153341.54445419725
Daging Sapi Murni/Banten/2024-11-08,153423.6158604406
Daging Sapi Murni/Banten/2024-11-09,153349.90196988522
Daging Sapi Murni/Banten/2024-11-10,153386.56331228322
Daging Sapi Murni/Banten/2024-11-11,153436.58327783918
Daging Sapi Murni/Banten/2024-11-12,153403.31606003546
Daging Sapi Murni/Banten/2024-11-13,153366.92084088817
Daging Sapi Murni/Banten/2024-11-14,153378.4296425398
Daging Sapi Murni/Banten/2024-11-15,153423.3869857391
Daging Sapi Murni/Banten/2024-11-16,153378.1796544233
Daging Sapi Murni/Banten/2024-11-17,153408.36105430606
Daging Sapi Murni/Banten/2024-11-18,153402.83424010215
Daging Sapi Murni/Banten/2024-11-19,153380.60302991746
Daging Sapi Murni/Banten/2024-11-20,153470.39647793517
Daging Sapi Murni/Banten/2024-11-21,153421.86728332736
Daging Sapi Murni/Banten/2024-11-22,153336.7137300305
Daging Sapi Murni/Banten/2024-11-23,153407.68695921113
Daging Sapi Murni/Banten/2024-11-24,153380.46705727957
Daging Sapi Murni/Banten/2024-11-25,153429.12301225972
Daging Sapi Murni/Banten/2024-11-26,153375.99357011242
Daging Sapi Murni/Banten/2024-11-27,153397.61323907686
Daging Sapi Murni/Banten/2024-11-28,153417.76779150855
Daging Sapi Murni/Banten/2024-11-29,153429.30988176868
Daging Sapi Murni/Banten/2024-11-30,153363.12953372436
Daging Sapi Murni/Banten/2024-12-01,153390.7952831045
Daging Sapi Murni/Banten/2024-12-02,153386.3932572083
Daging Sapi Murni/Banten/2024-12-03,153380.65359644243
Daging Sapi Murni/Banten/2024-12-04,153458.13709846453
Daging Sapi Murni/Banten/2024-12-05,153414.3301677935
Daging Sapi Murni/Banten/2024-12-06,153361.07064822654
Daging Sapi Murni/Banten/2024-12-07,153431.05357701622
Daging Sapi Murni/Banten/2024-12-08,153469.79513124746
Daging Sapi Murni/Banten/2024-12-09,153434.99783191146
Daging Sapi Murni/Banten/2024-12-10,153352.9670467727
Daging Sapi Murni/Banten/2024-12-11,153386.2100653001
Daging Sapi Murni/Banten/2024-12-12,153442.62917218346
Daging Sapi Murni/Banten/2024-12-13,153379.1619463155
Daging Sapi Murni/Banten/2024-12-14,153415.80095997275
Daging Sapi Murni/Banten/2024-12-15,153426.2623641389
Daging Sapi Murni/Banten/2024-12-16,153371.90937686592
Daging Sapi Murni/Banten/2024-12-17,153399.8347562186
Daging Sapi Murni/Banten/2024-12-18,153297.54887643852
Daging Sapi Murni/Banten/2024-12-19,153368.7036449537
Daging Sapi Murni/Banten/2024-12-20,153393.25501678963
Daging Sapi Murni/Banten/2024-12-21,153361.03511407887
Daging Sapi Murni/Banten/2024-12-22,153453.42031629093
Daging Sapi Murni/Banten/2024-12-23,153355.05120533746
Daging Sapi Murni/Banten/2024-12-24,153387.23068886454
Daging Sapi Murni/Banten/2024-12-25,153405.6464239173
Daging Sapi Murni/Banten/2024-12-26,153447.6964350535
Daging Sapi Murni/Banten/2024-12-27,153355.55682284562
Daging Sapi Murni/Banten/2024-12-28,153438.7155875058
Daging Sapi Murni/Banten/2024-12-29,153401.94595423917
Daging Sapi Murni/Banten/2024-12-30,153370.21698488525
Daging Sapi Murni/Banten/2024-12-31,153416.5269351087
Daging Sapi Murni/Bengkulu/2024-10-01,153407.86924909925
Daging Sapi Murni/Bengkulu/2024-10-02,153382.42843652045
Daging Sapi Murni/Bengkulu/2024-10-03,153403.748681238
Daging Sapi Murni/Bengkulu/2024-10-04,153389.12653119193
Daging Sapi Murni/Bengkulu/2024-10-05,153405.256381386
Daging Sapi Murni/Bengkulu/2024-10-06,153422.77356054445
Daging Sapi Murni/Bengkulu/2024-10-07,153452.39040664787
Daging Sapi Murni/Bengkulu/2024-10-08,153361.9136443133
Daging Sapi Murni/Bengkulu/2024-10-09,153470.12022850613
Daging Sapi Murni/Bengkulu/2024-10-10,153339.1691213528
Daging Sapi Murni/Bengkulu/2024-10-11,153396.96570953267
Daging Sapi Murni/Bengkulu/2024-10-12,153420.61907154907
Daging Sapi Murni/Bengkulu/2024-10-13,153410.5134377658
Daging Sapi Murni/Bengkulu/2024-10-14,153381.69186665324
Daging Sapi Murni/Bengkulu/2024-10-15,153394.67470795236
Daging Sapi Murni/Bengkulu/2024-10-16,153385.8033819305
Daging Sapi Murni/Bengkulu/2024-10-17,153382.7080244685
Daging Sapi Murni/Bengkulu/2024-10-18,153428.74876090436
Daging Sapi Murni/Bengkulu/2024-10-19,153412.86752511948
Daging Sapi Murni/Bengkulu/2024-10-20,153379.2624246397
Daging Sapi Murni/Bengkulu/2024-10-21,153430.39673774937
Daging Sapi Murni/Bengkulu/2024-10-22,153411.4821169118
Daging Sapi Murni/Bengkulu/2024-10-23,153427.82655551168
Daging Sapi Murni/Bengkulu/2024-10-24,153421.87652857605
Daging Sapi Murni/Bengkulu/2024-10-25,153375.08904356882
Daging Sapi Murni/Bengkulu/2024-10-26,153383.86925475436
Daging Sapi Murni/Bengkulu/2024-10-27,153425.70845612674
Daging Sapi Murni/Bengkulu/2024-10-28,153421.27193502474
Daging Sapi Murni/Bengkulu/2024-10-29,153400.90867316668
Daging Sapi Murni/Bengkulu/2024-10-30,153405.27391373247
Daging Sapi Murni/Bengkulu/2024-10-31,153442.6602038965
Daging Sapi Murni/Bengkulu/2024-11-01,153382.8185662528
Daging Sapi Murni/Bengkulu/2024-11-02,153419.29802021297
Daging Sapi Murni/Bengkulu/2024-11-03,153395.2086493305
Daging Sapi Murni/Bengkulu/2024-11-04,153394.74678778654
Daging Sapi Murni/Bengkulu/2024-11-05,153436.98831345674
Daging Sapi Murni/Bengkulu/2024-11-06,153428.05356116185
Daging Sapi Murni/Bengkulu/2024-11-07,153427.80820245895
Daging Sapi Murni/Bengkulu/2024-11-08,153443.59625707657
Daging Sapi Murni/Bengkulu/2024-11-09,153402.52288033938
Daging Sapi Murni/Bengkulu/2024-11-10,153423.88100713489
Daging Sapi Murni/Bengkulu/2024-11-11,153391.9880411819
Daging Sapi Murni/Bengkulu/2024-11-12,153412.30075638604
Daging Sapi Murni/Bengkulu/2024-11-13,153397.65305875769
Daging Sapi Murni/Bengkulu/2024-11-14,153404.7765670047
Daging Sapi Murni/Bengkulu/2024-11-15,153420.7716476103
Daging Sapi Murni/Bengkulu/2024-11-16,153375.33707511312
Daging Sapi Murni/Bengkulu/2024-11-17,153468.7867576998
Daging Sapi Murni/Bengkulu/2024-11-18,153369.356069844
Daging Sapi Murni/Bengkulu/2024-11-19,153362.7330160813
Daging Sapi Murni/Bengkulu/2024-11-20,153438.84309810025
Daging Sapi Murni/Bengkulu/2024-11-21,153426.99384626345
Daging Sapi Murni/Bengkulu/2024-11-22,153421.75611560297
Daging Sapi Murni/Bengkulu/2024-11-23,153421.63061154215
Daging Sapi Murni/Bengkulu/2024-11-24,153401.2926784584
Daging Sapi Murni/Bengkulu/2024-11-25,153373.1500049436
Daging Sapi Murni/Bengkulu/2024-11-26,153404.24476417058
Daging Sapi Murni/Bengkulu/2024-11-27,153379.97015879818
Daging Sapi Murni/Bengkulu/2024-11-28,153432.86866854012
Daging Sapi Murni/Bengkulu/2024-11-29,153396.74765152525
Daging Sapi Murni/Bengkulu/2024-11-30,153374.972041888
Daging Sapi Murni/Bengkulu/2024-12-01,153391.265498964
Daging Sapi Murni/Bengkulu/2024-12-02,153414.791499378
Daging Sapi Murni/Bengkulu/2024-12-03,153383.52670016483
Daging Sapi Murni/Bengkulu/2024-12-04,153375.05857401545
Daging Sapi Murni/Bengkulu/2024-12-05,153409.23616014692
Daging Sapi Murni/Bengkulu/2024-12-06,153409.35592853132
Daging Sapi Murni/Bengkulu/2024-12-07,153385.24826476973
Daging Sapi Murni/Bengkulu/2024-12-08,153386.31468225422
Daging Sapi Murni/Bengkulu/2024-12-09,153408.92741192333
Daging Sapi Murni/Bengkulu/2024-12-10,153355.1100200302
Daging Sapi Murni/Bengkulu/2024-12-11,153356.32677713587
Daging Sapi Murni/Bengkulu/2024-12-12,153378.30460913232
Daging Sapi Murni/Bengkulu/2024-12-13,153394.460584751
Daging Sapi Murni/Bengkulu/2024-12-14,153411.23504633488
Daging Sapi Murni/Bengkulu/2024-12-15,153448.47773963067
Daging Sapi Murni/Bengkulu/2024-12-16,153428.85156770312
Daging Sapi Murni/Bengkulu/2024-12-17,153396.45895584408
Daging Sapi Murni/Bengkulu/2024-12-18,153401.16628894463
Daging Sapi Murni/Bengkulu/2024-12-19,153369.7081471115
Daging Sapi Murni/Bengkulu/2024-12-20,153401.26226063585
Daging Sapi Murni/Bengkulu/2024-12-21,153392.36260697254
Daging Sapi Murni/Bengkulu/2024-12-22,153411.81632442898
Daging Sapi Murni/Bengkulu/2024-12-23,153374.90598270486
Daging Sapi Murni/Bengkulu/2024-12-24,153418.0828578175
Daging Sapi Murni/Bengkulu/2024-12-25,153450.72727232438
Daging Sapi Murni/Bengkulu/2024-12-26,153398.0822915911
Daging Sapi Murni/Bengkulu/2024-12-27,153414.55535637133
Daging Sapi Murni/Bengkulu/2024-12-28,153423.82707070454
Daging Sapi Murni/Bengkulu/2024-12-29,153389.00138487856
Daging Sapi Murni/Bengkulu/2024-12-30,153409.04827846386
Daging Sapi Murni/Bengkulu/2024-12-31,153402.0724878388
Daging Sapi Murni/DI Yogyakarta/2024-10-01,153404.83925183947
Daging Sapi Murni/DI Yogyakarta/2024-10-02,153376.8547236119
Daging Sapi Murni/DI Yogyakarta/2024-10-03,153402.33534015328
Daging Sapi Murni/DI Yogyakarta/2024-10-04,153417.5657167416
Daging Sapi Murni/DI Yogyakarta/2024-10-05,153448.10707985458
Daging Sapi Murni/DI Yogyakarta/2024-10-06,153432.35340488906
Daging Sapi Murni/DI Yogyakarta/2024-10-07,153470.73028662064
Daging Sapi Murni/DI Yogyakarta/2024-10-08,153377.2711576991
Daging Sapi Murni/DI Yogyakarta/2024-10-09,153430.02652944374
Daging Sapi Murni/DI Yogyakarta/2024-10-10,153407.9710810629
Daging Sapi Murni/DI Yogyakarta/2024-10-11,153472.24049964832
Daging Sapi Murni/DI Yogyakarta/2024-10-12,153376.00453181812
Daging Sapi Murni/DI Yogyakarta/2024-10-13,153374.7722435651
Daging Sapi Murni/DI Yogyakarta/2024-10-14,153382.64258565576
Daging Sapi Murni/DI Yogyakarta/2024-10-15,153333.59157011594
Daging Sapi Murni/DI Yogyakarta/2024-10-16,153384.76180548267
Daging Sapi Murni/DI Yogyakarta/2024-10-17,153376.8179656278
Daging Sapi Murni/DI Yogyakarta/2024-10-18,153405.97230394508
Daging Sapi Murni/DI Yogyakarta/2024-10-19,153412.11708917998
Daging Sapi Murni/DI Yogyakarta/2024-10-20,153461.3720482142
Daging Sapi Murni/DI Yogyakarta/2024-10-21,153431.9920264132
Daging Sapi Murni/DI Yogyakarta/2024-10-22,153383.1449808124
Daging Sapi Murni/DI Yogyakarta/2024-10-23,153373.03463690882
Daging Sapi Murni/DI Yogyakarta/2024-10-24,153417.6818067363
Daging Sapi Murni/DI Yogyakarta/2024-10-25,153359.5033554038
Daging Sapi Murni/DI Yogyakarta/2024-10-26,153460.33316550954
Daging Sapi Murni/DI Yogyakarta/2024-10-27,153439.25670026135
Daging Sapi Murni/DI Yogyakarta/2024-10-28,153386.4783753165
Daging Sapi Murni/DI Yogyakarta/2024-10-29,153346.7527391176
Daging Sapi Murni/DI Yogyakarta/2024-10-30,153445.11569313754
Daging Sapi Murni/DI Yogyakarta/2024-10-31,153398.19848627344
Daging Sapi Murni/DI Yogyakarta/2024-11-01,153441.32913441522
Daging Sapi Murni/DI Yogyakarta/2024-11-02,153350.29650838586
Daging Sapi Murni/DI Yogyakarta/2024-11-03,153382.3048580415
Daging Sapi Murni/DI Yogyakarta/2024-11-04,153401.94063575787
Daging Sapi Murni/DI Yogyakarta/2024-11-05,153403.04463711745
Daging Sapi Murni/DI Yogyakarta/2024-11-06,153387.0653829772
Daging Sapi Murni/DI Yogyakarta/2024-11-07,153421.26768573982
Daging Sapi Murni/DI Yogyakarta/2024-11-08,153367.2356486865
Daging Sapi Murni/DI Yogyakarta/2024-11-09,153396.99228975573
Daging Sapi Murni/DI Yogyakarta/2024-11-10,153405.38852999208
Daging Sapi Murni/DI Yogyakarta/2024-11-11,153417.9989692886
Daging Sapi Murni/DI Yogyakarta/2024-11-12,153424.38101923777
Daging Sapi Murni/DI Yogyakarta/2024-11-13,153365.38693910185
Daging Sapi Murni/DI Yogyakarta/2024-11-14,153352.41525880524
Daging Sapi Murni/DI Yogyakarta/2024-11-15,153442.63038563303
Daging Sapi Murni/DI Yogyakarta/2024-11-16,153412.24191845322
Daging Sapi Murni/DI Yogyakarta/2024-11-17,153377.46615342822
Daging Sapi Murni/DI Yogyakarta/2024-11-18,153451.13772739028
Daging Sapi Murni/DI Yogyakarta/2024-11-19,153405.26379068586
Daging Sapi Murni/DI Yogyakarta/2024-11-20,153439.67177035043
Daging Sapi Murni/DI Yogyakarta/2024-11-21,153403.8875562022
Daging Sapi Murni/DI Yogyakarta/2024-11-22,153467.88136021688
Daging Sapi Murni/DI Yogyakarta/2024-11-23,153458.30993318875
Daging Sapi Murni/DI Yogyakarta/2024-11-24,153393.92899380322
Daging Sapi Murni/DI Yogyakarta/2024-11-25,153433.23272605494
Daging Sapi Murni/DI Yogyakarta/2024-11-26,153422.73671527844
Daging Sapi Murni/DI Yogyakarta/2024-11-27,153446.06309742044
Daging Sapi Murni/DI Yogyakarta/2024-11-28,153371.0055008008
Daging Sapi Murni/DI Yogyakarta/2024-11-29,153423.81057837192
Daging Sapi Murni/DI Yogyakarta/2024-11-30,153435.86123666997
Daging Sapi Murni/DI Yogyakarta/2024-12-01,153345.387606425
Daging Sapi Murni/DI Yogyakarta/2024-12-02,153363.78027779955
Daging Sapi Murni/DI Yogyakarta/2024-12-03,153336.0698855574
Daging Sapi Murni/DI Yogyakarta/2024-12-04,153392.88621120626
Daging Sapi Murni/DI Yogyakarta/2024-12-05,153424.30757141265
Daging Sapi Murni/DI Yogyakarta/2024-12-06,153449.21226299394
Daging Sapi Murni/DI Yogyakarta/2024-12-07,153403.5978160209
Daging Sapi Murni/DI Yogyakarta/2024-12-08,153453.6834517322
Daging Sapi Murni/DI Yogyakarta/2024-12-09,153357.53074874537
Daging Sapi Murni/DI Yogyakarta/2024-12-10,153347.27660063613
Daging Sapi Murni/DI Yogyakarta/2024-12-11,153400.05258472235
Daging Sapi Murni/DI Yogyakarta/2024-12-12,153413.88822398763
Daging Sapi Murni/DI Yogyakarta/2024-12-13,153400.4414509386
Daging Sapi Murni/DI Yogyakarta/2024-12-14,153334.85894804177
Daging Sapi Murni/DI Yogyakarta/2024-12-15,153398.4680605257
Daging Sapi Murni/DI Yogyakarta/2024-12-16,153359.63853878996
Daging Sapi Murni/DI Yogyakarta/2024-12-17,153422.89135943158
Daging Sapi Murni/DI Yogyakarta/2024-12-18,153413.01829491055
Daging Sapi Murni/DI Yogyakarta/2024-12-19,153371.04551369578
Daging Sapi Murni/DI Yogyakarta/2024-12-20,153384.9831426535
Daging Sapi Murni/DI Yogyakarta/2024-12-21,153367.4601408383
Daging Sapi Murni/DI Yogyakarta/2024-12-22,153399.56599873403
Daging Sapi Murni/DI Yogyakarta/2024-12-23,153432.05567562763
Daging Sapi Murni/DI Yogyakarta/2024-12-24,153369.67509282983
Daging Sapi Murni/DI Yogyakarta/2024-12-25,153417.58358109245
Daging Sapi Murni/DI Yogyakarta/2024-12-26,153384.45635070713
Daging Sapi Murni/DI Yogyakarta/2024-12-27,153376.17370875663
Daging Sapi Murni/DI Yogyakarta/2024-12-28,153398.15937634156
Daging Sapi Murni/DI Yogyakarta/2024-12-29,153368.18763295346
Daging Sapi Murni/DI Yogyakarta/2024-12-30,153383.7180757458
Daging Sapi Murni/DI Yogyakarta/2024-12-31,153362.88972989697
Daging Sapi Murni/DKI Jakarta/2024-10-01,153464.34895702702
Daging Sapi Murni/DKI Jakarta/2024-10-02,153402.4966100081
Daging Sapi Murni/DKI Jakarta/2024-10-03,153378.91909936204
Daging Sapi Murni/DKI Jakarta/2024-10-04,153408.39619728236
Daging Sapi Murni/DKI Jakarta/2024-10-05,153398.01902572106
Daging Sapi Murni/DKI Jakarta/2024-10-06,153394.71604697595
Daging Sapi Murni/DKI Jakarta/2024-10-07,153421.2197820046
Daging Sapi Murni/DKI Jakarta/2024-10-08,153425.8122210241
Daging Sapi Murni/DKI Jakarta/2024-10-09,153384.6120128464
Daging Sapi Murni/DKI Jakarta/2024-10-10,153383.1562508639
Daging Sapi Murni/DKI Jakarta/2024-10-11,153392.83181852984
Daging Sapi Murni/DKI Jakarta/2024-10-12,153327.80690350063
Daging Sapi Murni/DKI Jakarta/2024-10-13,153352.8805169544
Daging Sapi Murni/DKI Jakarta/2024-10-14,153445.10637856854
Daging Sapi Murni/DKI Jakarta/2024-10-15,153453.9826269373
Daging Sapi Murni/DKI Jakarta/2024-10-16,153393.24761713317
Daging Sapi Murni/DKI Jakarta/2024-10-17,153419.79637531322
Daging Sapi Murni/DKI Jakarta/2024-10-18,153411.6804856211
Daging Sapi Murni/DKI Jakarta/2024-10-19,153500.79318744177
Daging Sapi Murni/DKI Jakarta/2024-10-20,153437.85459065548
Daging Sapi Murni/DKI Jakarta/2024-10-21,153397.75294482135
Daging Sapi Murni/DKI Jakarta/2024-10-22,153371.398109358
Daging Sapi Murni/DKI Jakarta/2024-10-23,153350.5385572445
Daging Sapi Murni/DKI Jakarta/2024-10-24,153408.5838206054
Daging Sapi Murni/DKI Jakarta/2024-10-25,153377.28124763985
Daging Sapi Murni/DKI Jakarta/2024-10-26,153355.65829001996
Daging Sapi Murni/DKI Jakarta/2024-10-27,153380.45227755047
Daging Sapi Murni/DKI Jakarta/2024-10-28,153366.51167965826
Daging Sapi Murni/DKI Jakarta/2024-10-29,153455.4627560636
Daging Sapi Murni/DKI Jakarta/2024-10-30,153429.5075230252
Daging Sapi Murni/DKI Jakarta/2024-10-31,153401.0639443932
Daging Sapi Murni/DKI Jakarta/2024-11-01,153449.0595260692
Daging Sapi Murni/DKI Jakarta/2024-11-02,153404.2381979354
Daging Sapi Murni/DKI Jakarta/2024-11-03,153374.37798484496
Daging Sapi Murni/DKI Jakarta/2024-11-04,153450.70740205032
Daging Sapi Murni/DKI Jakarta/2024-11-05,153419.0530096493
Daging Sapi Murni/DKI Jakarta/2024-11-06,153368.54161161574
Daging Sapi Murni/DKI Jakarta/2024-11-07,153395.5381420985
Daging Sapi Murni/DKI Jakarta/2024-11-08,153373.54375031972
Daging Sapi Murni/DKI Jakarta/2024-11-09,153357.36521653904
Daging Sapi Murni/DKI Jakarta/2024-11-10,153431.15440105498
Daging Sapi Murni/DKI Jakarta/2024-11-11,153462.5481579795
Daging Sapi Murni/DKI Jakarta/2024-11-12,153356.5409407821
Daging Sapi Murni/DKI Jakarta/2024-11-13,153419.52522305233
Daging Sapi Murni/DKI Jakarta/2024-11-14,153380.73764116716
Daging Sapi Murni/DKI Jakarta/2024-11-15,153386.2021726005
Daging Sapi Murni/DKI Jakarta/2024-11-16,153382.67349774187
Daging Sapi Murni/DKI Jakarta/2024-11-17,153373.62910052968
Daging Sapi Murni/DKI Jakarta/2024-11-18,153403.04082961855
Daging Sapi Murni/DKI Jakarta/2024-11-19,153374.66489329792
Daging Sapi Murni/DKI Jakarta/2024-11-20,153410.0253407739
Daging Sapi Murni/DKI Jakarta/2024-11-21,153399.74492900577
Daging Sapi Murni/DKI Jakarta/2024-11-22,153393.7361948214
Daging Sapi Murni/DKI Jakarta/2024-11-23,153372.38153472988
Daging Sapi Murni/DKI Jakarta/2024-11-24,153382.9510484395
Daging Sapi Murni/DKI Jakarta/2024-11-25,153425.76548184577
Daging Sapi Murni/DKI Jakarta/2024-11-26,153417.51924425556
Daging Sapi Murni/DKI Jakarta/2024-11-27,153370.07134266806
Daging Sapi Murni/DKI Jakarta/2024-11-28,153404.65178988234
Daging Sapi Murni/DKI Jakarta/2024-11-29,153425.7002923099
Daging Sapi Murni/DKI Jakarta/2024-11-30,153348.11267760282
Daging Sapi Murni/DKI Jakarta/2024-12-01,153418.98499391653
Daging Sapi Murni/DKI Jakarta/2024-12-02,153380.1824115573
Daging Sapi Murni/DKI Jakarta/2024-12-03,153419.8604675298
Daging Sapi Murni/DKI Jakarta/2024-12-04,153377.01910097766
Daging Sapi Murni/DKI Jakarta/2024-12-05,153343.4534294676
Daging Sapi Murni/DKI Jakarta/2024-12-06,153349.31916849656
Daging Sapi Murni/DKI Jakarta/2024-12-07,153402.88796416597
Daging Sapi Murni/DKI Jakarta/2024-12-08,153409.6393869578
Daging Sapi Murni/DKI Jakarta/2024-12-09,153372.0903968575
Daging Sapi Murni/DKI Jakarta/2024-12-10,153421.620303324
Daging Sapi Murni/DKI Jakarta/2024-12-11,153348.02933062453
Daging Sapi Murni/DKI Jakarta/2024-12-12,153399.41251935987
Daging Sapi Murni/DKI Jakarta/2024-12-13,153362.6063539532
Daging Sapi Murni/DKI Jakarta/2024-12-14,153380.42605905127
Daging Sapi Murni/DKI Jakarta/2024-12-15,153402.8956169142
Daging Sapi Murni/DKI Jakarta/2024-12-16,153373.58019214016
Daging Sapi Murni/DKI Jakarta/2024-12-17,153389.00610920024
Daging Sapi Murni/DKI Jakarta/2024-12-18,153433.56896935022
Daging Sapi Murni/DKI Jakarta/2024-12-19,153382.90391491711
Daging Sapi Murni/DKI Jakarta/2024-12-20,153428.30902588033
Daging Sapi Murni/DKI Jakarta/2024-12-21,153365.2431786269
Daging Sapi Murni/DKI Jakarta/2024-12-22,153418.6220411001
Daging Sapi Murni/DKI Jakarta/2024-12-23,153447.9380027338
Daging Sapi Murni/DKI Jakarta/2024-12-24,153322.2508500985
Daging Sapi Murni/DKI Jakarta/2024-12-25,153376.0686353934
Daging Sapi Murni/DKI Jakarta/2024-12-26,153419.9828642486
Daging Sapi Murni/DKI Jakarta/2024-12-27,153395.05507460775
Daging Sapi Murni/DKI Jakarta/2024-12-28,153413.34778527464
Daging Sapi Murni/DKI Jakarta/2024-12-29,153381.81043393945
Daging Sapi Murni/DKI Jakarta/2024-12-30,153404.31136743282
Daging Sapi Murni/DKI Jakarta/2024-12-31,153396.64615013925
Daging Sapi Murni/Gorontalo/2024-10-01,153439.01903906526
Daging Sapi Murni/Gorontalo/2024-10-02,153409.75213477004
Daging Sapi Murni/Gorontalo/2024-10-03,153412.40350489895
Daging Sapi Murni/Gorontalo/2024-10-04,153388.49539657796
Daging Sapi Murni/Gorontalo/2024-10-05,153386.09527682935
Daging Sapi Murni/Gorontalo/2024-10-06,153387.89694815868
Daging Sapi Murni/Gorontalo/2024-10-07,153414.2438187262
Daging Sapi Murni/Gorontalo/2024-10-08,153388.01225749124
Daging Sapi Murni/Gorontalo/2024-10-09,153410.74085989743
Daging Sapi Murni/Gorontalo/2024-10-10,153468.08340240736
Daging Sapi Murni/Gorontalo/2024-10-11,153429.55401533676
Daging Sapi Murni/Gorontalo/2024-10-12,153391.29681967857
Daging Sapi Murni/Gorontalo/2024-10-13,153440.34815838112
Daging Sapi Murni/Gorontalo/2024-10-14,153388.8782224644
Daging Sapi Murni/Gorontalo/2024-10-15,153336.61306803007
Daging Sapi Murni/Gorontalo/2024-10-16,153369.3632985592
Daging Sapi Murni/Gorontalo/2024-10-17,153341.47652194716
Daging Sapi Murni/Gorontalo/2024-10-18,153390.1318222987
Daging Sapi Murni/Gorontalo/2024-10-19,153401.65829548042
Daging Sapi Murni/Gorontalo/2024-10-20,153454.7757635282
Daging Sapi Murni/Gorontalo/2024-10-21,153411.71061444224
Daging Sapi Murni/Gorontalo/2024-10-22,153394.35353449822
Daging Sapi Murni/Gorontalo/2024-10-23,153428.3216387956
Daging Sapi Murni/Gorontalo/2024-10-24,153330.87229471884
Daging Sapi Murni/Gorontalo/2024-10-25,153409.3940320914
Daging Sapi Murni/Gorontalo/2024-10-26,153426.29400687615
Daging Sapi Murni/Gorontalo/2024-10-27,153354.03345381963
Daging Sapi Murni/Gorontalo/2024-10-28,153438.16760183405
Daging Sapi Murni/Gorontalo/2024-10-29,153412.1812795761
Daging Sapi Murni/Gorontalo/2024-10-30,153388.32299727213
Daging Sapi Murni/Gorontalo/2024-10-31,153421.9349134929
Daging Sapi Murni/Gorontalo/2024-11-01,153474.40555733413
Daging Sapi Murni/Gorontalo/2024-11-02,153407.67406603583
Daging Sapi Murni/Gorontalo/2024-11-03,153409.74482472675
Daging Sapi Murni/Gorontalo/2024-11-04,153387.09747152613
Daging Sapi Murni/Gorontalo/2024-11-05,153374.70554454465
Daging Sapi Murni/Gorontalo/2024-11-06,153428.5505841943
Daging Sapi Murni/Gorontalo/2024-11-07,153374.10020978996
Daging Sapi Murni/Gorontalo/2024-11-08,153403.81255047748
Daging Sapi Murni/Gorontalo/2024-11-09,153386.1224486823
Daging Sapi Murni/Gorontalo/2024-11-10,153416.85366902218
Daging Sapi Murni/Gorontalo/2024-11-11,153412.29483041374
Daging Sapi Murni/Gorontalo/2024-11-12,153434.75862251024
Daging Sapi Murni/Gorontalo/2024-11-13,153385.25920072664
Daging Sapi Murni/Gorontalo/2024-11-14,153392.99726877225
Daging Sapi Murni/Gorontalo/2024-11-15,153370.34743291084
Daging Sapi Murni/Gorontalo/2024-11-16,153387.41603799188
Daging Sapi Murni/Gorontalo/2024-11-17,153413.6826803117
Daging Sapi Murni/Gorontalo/2024-11-18,153425.66360413848
Daging Sapi Murni/Gorontalo/2024-11-19,153371.83471313358
Daging Sapi Murni/Gorontalo/2024-11-20,153429.3582826759
Daging Sapi Murni/Gorontalo/2024-11-21,153445.10893448367
Daging Sapi Murni/Gorontalo/2024-11-22,153414.99313798608
Daging Sapi Murni/Gorontalo/2024-11-23,153461.9741932613
Daging Sapi Murni/Gorontalo/2024-11-24,153376.92919151275
Daging Sapi Murni/Gorontalo/2024-11-25,153362.0663477002
Daging Sapi Murni/Gorontalo/2024-11-26,153344.85353061926
Daging Sapi Murni/Gorontalo/2024-11-27,153449.69667975124
Daging Sapi Murni/Gorontalo/2024-11-28,153422.5681428758
Daging Sapi Murni/Gorontalo/2024-11-29,153399.47898681686
Daging Sapi Murni/Gorontalo/2024-11-30,153410.3584963305
Daging Sapi Murni/Gorontalo/2024-12-01,153365.4705334669
Daging Sapi Murni/Gorontalo/2024-12-02,153480.3431904659
Daging Sapi Murni/Gorontalo/2024-12-03,153405.83354817543
Daging Sapi Murni/Gorontalo/2024-12-04,153405.16182371444
Daging Sapi Murni/Gorontalo/2024-12-05,153425.0181375849
Daging Sapi Murni/Gorontalo/2024-12-06,153417.2017521742
Daging Sapi Murni/Gorontalo/2024-12-07,153409.19592849218
Daging Sapi Murni/Gorontalo/2024-12-08,153376.35571063415
Daging Sapi Murni/Gorontalo/2024-12-09,153416.86224089033
Daging Sapi Murni/Gorontalo/2024-12-10,153462.12888618233
Daging Sapi Murni/Gorontalo/2024-12-11,153444.85516125834
Daging Sapi Murni/Gorontalo/2024-12-12,153452.83486413947
Daging Sapi Murni/Gorontalo/2024-12-13,153385.4252286527
Daging Sapi Murni/Gorontalo/2024-12-14,153370.339036612
Daging Sapi Murni/Gorontalo/2024-12-15,153398.07899051416
Daging Sapi Murni/Gorontalo/2024-12-16,153403.65232836275
Daging Sapi Murni/Gorontalo/2024-12-17,153436.76293172242
Daging Sapi Murni/Gorontalo/2024-12-18,153347.104250227
Daging Sapi Murni/Gorontalo/2024-12-19,153450.54908045926
Daging Sapi Murni/Gorontalo/2024-12-20,153396.54785375542
Daging Sapi Murni/Gorontalo/2024-12-21,153387.95684753088
Daging Sapi Murni/Gorontalo/2024-12-22,153369.1781287634
Daging Sapi Murni/Gorontalo/2024-12-23,153348.36837344657
Daging Sapi Murni/Gorontalo/2024-12-24,153428.05715874425
Daging Sapi Murni/Gorontalo/2024-12-25,153403.69039968678
Daging Sapi Murni/Gorontalo/2024-12-26,153359.90081594323
Daging Sapi Murni/Gorontalo/2024-12-27,153359.73308414363
Daging Sapi Murni/Gorontalo/2024-12-28,153390.57864310837
Daging Sapi Murni/Gorontalo/2024-12-29,153455.05990109176
Daging Sapi Murni/Gorontalo/2024-12-30,153393.0004677097
Daging Sapi Murni/Gorontalo/2024-12-31,153353.06732059643
Daging Sapi Murni/Jambi/2024-10-01,153393.58147462734
Daging Sapi Murni/Jambi/2024-10-02,153392.87113709978
Daging Sapi Murni/Jambi/2024-10-03,153315.080792845
Daging Sapi Murni/Jambi/2024-10-04,153399.51694810373
Daging Sapi Murni/Jambi/2024-10-05,153393.74645600704
Daging Sapi Murni/Jambi/2024-10-06,153423.59349096942
Daging Sapi Murni/Jambi/2024-10-07,153460.543630548
Daging Sapi Murni/Jambi/2024-10-08,153437.41100978744
Daging Sapi Murni/Jambi/2024-10-09,153393.11771243226
Daging Sapi Murni/Jambi/2024-10-10,153366.36182553225
Daging Sapi Murni/Jambi/2024-10-11,153484.55060473905
Daging Sapi Murni/Jambi/2024-10-12,153403.8525964497
Daging Sapi Murni/Jambi/2024-10-13,153402.20700850818
Daging Sapi Murni/Jambi/2024-10-14,153400.88913766734
Daging Sapi Murni/Jambi/2024-10-15,153408.11394541615
Daging Sapi Murni/Jambi/2024-10-16,153397.33029360144
Daging Sapi Murni/Jambi/2024-10-17,153383.196510253
Daging Sapi Murni/Jambi/2024-10-18,153384.03554147022
Daging Sapi Murni/Jambi/2024-10-19,153400.49773125898
Daging Sapi Murni/Jambi/2024-10-20,153384.07263293918
Daging Sapi Murni/Jambi/2024-10-21,153378.5552715537
Daging Sapi Murni/Jambi/2024-10-22,153404.80124995334
Daging Sapi Murni/Jambi/2024-10-23,153393.23130430313
Daging Sapi Murni/Jambi/2024-10-24,153449.70815441618
Daging Sapi Murni/Jambi/2024-10-25,153316.38210769082
Daging Sapi Murni/Jambi/2024-10-26,153436.52469094883
Daging Sapi Murni/Jambi/2024-10-27,153441.5654708469
Daging Sapi Murni/Jambi/2024-10-28,153335.0418219534
Daging Sapi Murni/Jambi/2024-10-29,153390.60056195263
Daging Sapi Murni/Jambi/2024-10-30,153389.41585158827
Daging Sapi Murni/Jambi/2024-10-31,153356.50023644575
Daging Sapi Murni/Jambi/2024-11-01,153376.4579233621
Daging Sapi Murni/Jambi/2024-11-02,153365.47786452807
Daging Sapi Murni/Jambi/2024-11-03,153457.5150126786
Daging Sapi Murni/Jambi/2024-11-04,153431.28570690405
Daging Sapi Murni/Jambi/2024-11-05,153442.11371602412
Daging Sapi Murni/Jambi/2024-11-06,153424.74491230206
Daging Sapi Murni/Jambi/2024-11-07,153365.59091383195
Daging Sapi Murni/Jambi/2024-11-08,153385.24862989338
Daging Sapi Murni/Jambi/2024-11-09,153417.56542506942
Daging Sapi Murni/Jambi/2024-11-10,153362.51000330856
Daging Sapi Murni/Jambi/2024-11-11,153424.38134582055
Daging Sapi Murni/Jambi/2024-11-12,153393.64607772333
Daging Sapi Murni/Jambi/2024-11-13,153389.468641353
Daging Sapi Murni/Jambi/2024-11-14,153424.3640918693
Daging Sapi Murni/Jambi/2024-11-15,153415.72969507953
Daging Sapi Murni/Jambi/2024-11-16,153390.08832251374
Daging Sapi Murni/Jambi/2024-11-17,153438.7918147637
Daging Sapi Murni/Jambi/2024-11-18,153366.97745882918
Daging Sapi Murni/Jambi/2024-11-19,153421.51385476015
Daging Sapi Murni/Jambi/2024-11-20,153420.6969113582
Daging Sapi Murni/Jambi/2024-11-21,153391.6935958749
Daging Sapi Murni/Jambi/2024-11-22,153412.16795478508
Daging Sapi Murni/Jambi/2024-11-23,153361.4094527843
Daging Sapi Murni/Jambi/2024-11-24,153431.35874771152
Daging Sapi Murni/Jambi/2024-11-25,153395.6774501901
Daging Sapi Murni/Jambi/2024-11-26,153384.74105396125
Daging Sapi Murni/Jambi/2024-11-27,153435.20495747734
Daging Sapi Murni/Jambi/2024-11-28,153378.8986886206
Daging Sapi Murni/Jambi/2024-11-29,153356.49199615885
Daging Sapi Murni/Jambi/2024-11-30,153351.56860292898
Daging Sapi Murni/Jambi/2024-12-01,153420.90143108796
Daging Sapi Murni/Jambi/2024-12-02,153360.346816149
Daging Sapi Murni/Jambi/2024-12-03,153457.48175421805
Daging Sapi Murni/Jambi/2024-12-04,153334.4110379196
Daging Sapi Murni/Jambi/2024-12-05,153455.81134684008
Daging Sapi Murni/Jambi/2024-12-06,153408.36506539164
Daging Sapi Murni/Jambi/2024-12-07,153398.4227067953
Daging Sapi Murni/Jambi/2024-12-08,153384.25664696711
Daging Sapi Murni/Jambi/2024-12-09,153414.3097854192
Daging Sapi Murni/Jambi/2024-12-10,153400.60956051887
Daging Sapi Murni/Jambi/2024-12-11,153436.97932202334
Daging Sapi Murni/Jambi/2024-12-12,153405.23281675676
Daging Sapi Murni/Jambi/2024-12-13,153406.44681860798
Daging Sapi Murni/Jambi/2024-12-14,153390.08443750534
Daging Sapi Murni/Jambi/2024-12-15,153399.90136066882
Daging Sapi Murni/Jambi/2024-12-16,153411.62391201622
Daging Sapi Murni/Jambi/2024-12-17,153346.71239614184
Daging Sapi Murni/Jambi/2024-12-18,153358.27372547574
Daging Sapi Murni/Jambi/2024-12-19,153425.2773476923
Daging Sapi Murni/Jambi/2024-12-20,153406.8759366594
Daging Sapi Murni/Jambi/2024-12-21,153395.43486532007
Daging Sapi Murni/Jambi/2024-12-22,153401.84646914824
Daging Sapi Murni/Jambi/2024-12-23,153412.64565628403
Daging Sapi Murni/Jambi/2024-12-24,153384.37963384768
Daging Sapi Murni/Jambi/2024-12-25,153376.61852592934
Daging Sapi Murni/Jambi/2024-12-26,153407.82739707857
Daging Sapi Murni/Jambi/2024-12-27,153370.14197090472
Daging Sapi Murni/Jambi/2024-12-28,153414.58362467203
Daging Sapi Murni/Jambi/2024-12-29,153346.75008883514
Daging Sapi Murni/Jambi/2024-12-30,153434.41663535015
Daging Sapi Murni/Jambi/2024-12-31,153416.61978706747
Daging Sapi Murni/Jawa Barat/2024-10-01,153409.62352577035
Daging Sapi Murni/Jawa Barat/2024-10-02,153433.09684395653
Daging Sapi Murni/Jawa Barat/2024-10-03,153454.99852865067
Daging Sapi Murni/Jawa Barat/2024-10-04,153434.45847268027
Daging Sapi Murni/Jawa Barat/2024-10-05,153342.82490744506
Daging Sapi Murni/Jawa Barat/2024-10-06,153360.8559669121
Daging Sapi Murni/Jawa Barat/2024-10-07,153381.83791282217
Daging Sapi Murni/Jawa Barat/2024-10-08,153402.52019432327
Daging Sapi Murni/Jawa Barat/2024-10-09,153417.95987132262
Daging Sapi Murni/Jawa Barat/2024-10-10,153377.8393489197
Daging Sapi Murni/Jawa Barat/2024-10-11,153407.34071472756
Daging Sapi Murni/Jawa Barat/2024-10-12,153377.2722739055
Daging Sapi Murni/Jawa Barat/2024-10-13,153381.95218661102
Daging Sapi Murni/Jawa Barat/2024-10-14,153356.38537228337
Daging Sapi Murni/Jawa Barat/2024-10-15,153371.73715143214
Daging Sapi Murni/Jawa Barat/2024-10-16,153357.98016390376
Daging Sapi Murni/Jawa Barat/2024-10-17,153369.86883212032
Daging Sapi Murni/Jawa Barat/2024-10-18,153434.94610974795
Daging Sapi Murni/Jawa Barat/2024-10-19,153370.64550342882
Daging Sapi Murni/Jawa Barat/2024-10-20,153485.70484158516
Daging Sapi Murni/Jawa Barat/2024-10-21,153417.20718188857
Daging Sapi Murni/Jawa Barat/2024-10-22,153407.5809810471
Daging Sapi Murni/Jawa Barat/2024-10-23,153374.35022018198
Daging Sapi Murni/Jawa Barat/2024-10-24,153424.28311078905
Daging Sapi Murni/Jawa Barat/2024-10-25,153383.52610305068
Daging Sapi Murni/Jawa Barat/2024-10-26,153405.54049982937
Daging Sapi Murni/Jawa Barat/2024-10-27,153483.69624113647
Daging Sapi Murni/Jawa Barat/2024-10-28,153398.4854683871
Daging Sapi Murni/Jawa Barat/2024-10-29,153438.65559033846
Daging Sapi Murni/Jawa Barat/2024-10-30,153379.2214140368
Daging Sapi Murni/Jawa Barat/2024-10-31,153400.83796695367
Daging Sapi Murni/Jawa Barat/2024-11-01,153458.82502101862
Daging Sapi Murni/Jawa Barat/2024-11-02,153381.57006060175
Daging Sapi Murni/Jawa Barat/2024-11-03,153459.91096448005
Daging Sapi Murni/Jawa Barat/2024-11-04,153424.37162757348
Daging Sapi Murni/Jawa Barat/2024-11-05,153383.8176043921
Daging Sapi Murni/Jawa Barat/2024-11-06,153422.2540583796
Daging Sapi Murni/Jawa Barat/2024-11-07,153432.98074646157
Daging Sapi Murni/Jawa Barat/2024-11-08,153421.89042965282
Daging Sapi Murni/Jawa Barat/2024-11-09,153351.3631850516
Daging Sapi Murni/Jawa Barat/2024-11-10,153378.34722045594
Daging Sapi Murni/Jawa Barat/2024-11-11,153393.80477199386
Daging Sapi Murni/Jawa Barat/2024-11-12,153399.2159846805
Daging Sapi Murni/Jawa Barat/2024-11-13,153421.31448274883
Daging Sapi Murni/Jawa Barat/2024-11-14,153406.9666046994
Daging Sapi Murni/Jawa Barat/2024-11-15,153358.637078824
Daging Sapi Murni/Jawa Barat/2024-11-16,153413.7798278568
Daging Sapi Murni/Jawa Barat/2024-11-17,153421.190645838
Daging Sapi Murni/Jawa Barat/2024-11-18,153419.56618813737
Daging Sapi Murni/Jawa Barat/2024-11-19,153436.2115431796
Daging Sapi Murni/Jawa Barat/2024-11-20,153428.32127146254
Daging Sapi Murni/Jawa Barat/2024-11-21,153416.58553279797
Daging Sapi Murni/Jawa Barat/2024-11-22,153399.65133455905
Daging Sapi Murni/Jawa Barat/2024-11-23,153348.60304244017
Daging Sapi Murni/Jawa Barat/2024-11-24,153415.62807488188
Daging Sapi Murni/Jawa Barat/2024-11-25,153408.33233164166
Daging Sapi Murni/Jawa Barat/2024-11-26,153410.23323449484
Daging Sapi Murni/Jawa Barat/2024-11-27,153360.46415339172
Daging Sapi Murni/Jawa Barat/2024-11-28,153366.7232061027
Daging Sapi Murni/Jawa Barat/2024-11-29,153435.3928953561
Daging Sapi Murni/Jawa Barat/2024-11-30,153400.2186949528
Daging Sapi Murni/Jawa Barat/2024-12-01,153423.29312082875
Daging Sapi Murni/Jawa Barat/2024-12-02,153402.29426530367
Daging Sapi Murni/Jawa Barat/2024-12-03,153402.5543554297
Daging Sapi Murni/Jawa Barat/2024-12-04,153431.9036683667
Daging Sapi Murni/Jawa Barat/2024-12-05,153385.12969208046
Daging Sapi Murni/Jawa Barat/2024-12-06,153404.8144874099
Daging Sapi Murni/Jawa Barat/2024-12-07,153386.82023405083
Daging Sapi Murni/Jawa Barat/2024-12-08,153387.71024401896
Daging Sapi Murni/Jawa Barat/2024-12-09,153391.70646968356
Daging Sapi Murni/Jawa Barat/2024-12-10,153408.5782209458
Daging Sapi Murni/Jawa Barat/2024-12-11,153386.12663147727
Daging Sapi Murni/Jawa Barat/2024-12-12,153441.73705152533
Daging Sapi Murni/Jawa Barat/2024-12-13,153372.8015303512
Daging Sapi Murni/Jawa Barat/2024-12-14,153395.57989834
Daging Sapi Murni/Jawa Barat/2024-12-15,153387.5077601656
Daging Sapi Murni/Jawa Barat/2024-12-16,153447.9988448127
Daging Sapi Murni/Jawa Barat/2024-12-17,153407.94885148972
Daging Sapi Murni/Jawa Barat/2024-12-18,153434.59666026634
Daging Sapi Murni/Jawa Barat/2024-12-19,153354.0076441906
Daging Sapi Murni/Jawa Barat/2024-12-20,153410.31645588865
Daging Sapi Murni/Jawa Barat/2024-12-21,153430.37763952138
Daging Sapi Murni/Jawa Barat/2024-12-22,153404.27750649938
Daging Sapi Murni/Jawa Barat/2024-12-23,153435.81906207718
Daging Sapi Murni/Jawa Barat/2024-12-24,153384.92684797363
Daging Sapi Murni/Jawa Barat/2024-12-25,153447.01838908927
Daging Sapi Murni/Jawa Barat/2024-12-26,153475.59640719974
Daging Sapi Murni/Jawa Barat/2024-12-27,153390.1741244762
Daging Sapi Murni/Jawa Barat/2024-12-28,153387.63735007957
Daging Sapi Murni/Jawa Barat/2024-12-29,153448.51309883408
Daging Sapi Murni/Jawa Barat/2024-12-30,153452.7312942189
Daging Sapi Murni/Jawa Barat/2024-12-31,153385.16985703426
Daging Sapi Murni/Jawa Tengah/2024-10-01,153388.21931020898
Daging Sapi Murni/Jawa Tengah/2024-10-02,153392.77372499945
Daging Sapi Murni/Jawa Tengah/2024-10-03,153358.76517160737
Daging Sapi Murni/Jawa Tengah/2024-10-04,153372.1805287844
Daging Sapi Murni/Jawa Tengah/2024-10-05,153369.1143492873
Daging Sapi Murni/Jawa Tengah/2024-10-06,153376.65126725147
Daging Sapi Murni/Jawa Tengah/2024-10-07,153400.10542403432
Daging Sapi Murni/Jawa Tengah/2024-10-08,153408.6589789961
Daging Sapi Murni/Jawa Tengah/2024-10-09,153451.0163938244
Daging Sapi Murni/Jawa Tengah/2024-10-10,153369.35640454822
Daging Sapi Murni/Jawa Tengah/2024-10-11,153433.14561193527
Daging Sapi Murni/Jawa Tengah/2024-10-12,153394.84969283242
Daging Sapi Murni/Jawa Tengah/2024-10-13,153400.17706926848
Daging Sapi Murni/Jawa Tengah/2024-10-14,153423.412824469
Daging Sapi Murni/Jawa Tengah/2024-10-15,153365.53199548204
Daging Sapi Murni/Jawa Tengah/2024-10-16,153413.97892185443
Daging Sapi Murni/Jawa Tengah/2024-10-17,153406.89978708353
Daging Sapi Murni/Jawa Tengah/2024-10-18,153417.38622413552
Daging Sapi Murni/Jawa Tengah/2024-10-19,153410.88024469427
Daging Sapi Murni/Jawa Tengah/2024-10-20,153480.3166485235
Daging Sapi Murni/Jawa Tengah/2024-10-21,153381.3171174833
Daging Sapi Murni/Jawa Tengah/2024-10-22,153384.7874396778
Daging Sapi Murni/Jawa Tengah/2024-10-23,153381.87734379413
Daging Sapi Murni/Jawa Tengah/2024-10-24,153383.9985400765
Daging Sapi Murni/Jawa Tengah/2024-10-25,153381.30036961997
Daging Sapi Murni/Jawa Tengah/2024-10-26,153439.4824683571
Daging Sapi Murni/Jawa Tengah/2024-10-27,153446.95873149403
Daging Sapi Murni/Jawa Tengah/2024-10-28,153383.16020284093
Daging Sapi Murni/Jawa Tengah/2024-10-29,153374.90297533706
Daging Sapi Murni/Jawa Tengah/2024-10-30,153416.85069547608
Daging Sapi Murni/Jawa Tengah/2024-10-31,153384.11298834402
Daging Sapi Murni/Jawa Tengah/2024-11-01,153421.96056315096
Daging Sapi Murni/Jawa Tengah/2024-11-02,153407.94260165724
Daging Sapi Murni/Jawa Tengah/2024-11-03,153352.87880716755
Daging Sapi Murni/Jawa Tengah/2024-11-04,153451.28045182934
Daging Sapi Murni/Jawa Tengah/2024-11-05,153459.18227252274
Daging Sapi Murni/Jawa Tengah/2024-11-06,153382.0249281868
Daging Sapi Murni/Jawa Tengah/2024-11-07,153389.22379468603
Daging Sapi Murni/Jawa Tengah/2024-11-08,153410.86195119304
Daging Sapi Murni/Jawa Tengah/2024-11-09,153412.68312034817
Daging Sapi Murni/Jawa Tengah/2024-11-10,153422.8837581441
Daging Sapi Murni/Jawa Tengah/2024-11-11,153466.02276433978
Daging Sapi Murni/Jawa Tengah/2024-11-12,153396.00835163132
Daging Sapi Murni/Jawa Tengah/2024-11-13,153376.22916032694
Daging Sapi Murni/Jawa Tengah/2024-11-14,153357.61593302173
Daging Sapi Murni/Jawa Tengah/2024-11-15,153378.37589630156
Daging Sapi Murni/Jawa Tengah/2024-11-16,153400.61073540687
Daging Sapi Murni/Jawa Tengah/2024-11-17,153458.877605732
Daging Sapi Murni/Jawa Tengah/2024-11-18,153384.66812228554
Daging Sapi Murni/Jawa Tengah/2024-11-19,153408.57571390417
Daging Sapi Murni/Jawa Tengah/2024-11-20,153401.0968950818
Daging Sapi Murni/Jawa Tengah/2024-11-21,153439.8989351307
Daging Sapi Murni/Jawa Tengah/2024-11-22,153482.90734202776
Daging Sapi Murni/Jawa Tengah/2024-11-23,153384.63188055245
Daging Sapi Murni/Jawa Tengah/2024-11-24,153386.15868590862
Daging Sapi Murni/Jawa Tengah/2024-11-25,153435.43504428572
Daging Sapi Murni/Jawa Tengah/2024-11-26,153423.89343986037
Daging Sapi Murni/Jawa Tengah/2024-11-27,153461.16930137025
Daging Sapi Murni/Jawa Tengah/2024-11-28,153420.37507294718
Daging Sapi Murni/Jawa Tengah/2024-11-29,153390.3077909196
Daging Sapi Murni/Jawa Tengah/2024-11-30,153420.97547178782
Daging Sapi Murni/Jawa Tengah/2024-12-01,153437.53878419325
Daging Sapi Murni/Jawa Tengah/2024-12-02,153428.2760421421
Daging Sapi Murni/Jawa Tengah/2024-12-03,153418.04576506387
Daging Sapi Murni/Jawa Tengah/2024-12-04,153436.007235285
Daging Sapi Murni/Jawa Tengah/2024-12-05,153439.4649703318
Daging Sapi Murni/Jawa Tengah/2024-12-06,153446.3378310618
Daging Sapi Murni/Jawa Tengah/2024-12-07,153422.78647084895
Daging Sapi Murni/Jawa Tengah/2024-12-08,153396.63671108737
Daging Sapi Murni/Jawa Tengah/2024-12-09,153406.75713899187
Daging Sapi Murni/Jawa Tengah/2024-12-10,153440.69682213652
Daging Sapi Murni/Jawa Tengah/2024-12-11,153375.6714329205
Daging Sapi Murni/Jawa Tengah/2024-12-12,153413.55825972807
Daging Sapi Murni/Jawa Tengah/2024-12-13,153389.03875743534
Daging Sapi Murni/Jawa Tengah/2024-12-14,153402.61728141992
Daging Sapi Murni/Jawa Tengah/2024-12-15,153442.6954883914
Daging Sapi Murni/Jawa Tengah/2024-12-16,153407.64577573317
Daging Sapi Murni/Jawa Tengah/2024-12-17,153403.16320360612
Daging Sapi Murni/Jawa Tengah/2024-12-18,153358.03156145406
Daging Sapi Murni/Jawa Tengah/2024-12-19,153425.68394588627
Daging Sapi Murni/Jawa Tengah/2024-12-20,153422.44459217662
Daging Sapi Murni/Jawa Tengah/2024-12-21,153470.9671623449
Daging Sapi Murni/Jawa Tengah/2024-12-22,153391.70951656962
Daging Sapi Murni/Jawa Tengah/2024-12-23,153408.70201566254
Daging Sapi Murni/Jawa Tengah/2024-12-24,153409.96584395863
Daging Sapi Murni/Jawa Tengah/2024-12-25,153452.5530421711
Daging Sapi Murni/Jawa Tengah/2024-12-26,153398.86715723338
Daging Sapi Murni/Jawa Tengah/2024-12-27,153410.6399859988
Daging Sapi Murni/Jawa Tengah/2024-12-28,153421.30840227017
Daging Sapi Murni/Jawa Tengah/2024-12-29,153407.82934050926
Daging Sapi Murni/Jawa Tengah/2024-12-30,153387.54003773784
Daging Sapi Murni/Jawa Tengah/2024-12-31,153407.89642555735
Daging Sapi Murni/Jawa Timur/2024-10-01,153436.15077278047
Daging Sapi Murni/Jawa Timur/2024-10-02,153368.75120858528
Daging Sapi Murni/Jawa Timur/2024-10-03,153405.88429144194
Daging Sapi Murni/Jawa Timur/2024-10-04,153379.1271310596
Daging Sapi Murni/Jawa Timur/2024-10-05,153439.989086339
Daging Sapi Murni/Jawa Timur/2024-10-06,153352.73241265872
Daging Sapi Murni/Jawa Timur/2024-10-07,153383.49169853737
Daging Sapi Murni/Jawa Timur/2024-10-08,153413.63356461862
Daging Sapi Murni/Jawa Timur/2024-10-09,153451.7033219656
Daging Sapi Murni/Jawa Timur/2024-10-10,153399.46194916463
Daging Sapi Murni/Jawa Timur/2024-10-11,153383.6127881482
Daging Sapi Murni/Jawa Timur/2024-10-12,153462.04930683222
Daging Sapi Murni/Jawa Timur/2024-10-13,153355.36988373872
Daging Sapi Murni/Jawa Timur/2024-10-14,153331.2624085795
Daging Sapi Murni/Jawa Timur/2024-10-15,153415.66969794157
Daging Sapi Murni/Jawa Timur/2024-10-16,153385.37345424344
Daging Sapi Murni/Jawa Timur/2024-10-17,153368.7085481972
Daging Sapi Murni/Jawa Timur/2024-10-18,153423.83255398675
Daging Sapi Murni/Jawa Timur/2024-10-19,153409.06395209246
Daging Sapi Murni/Jawa Timur/2024-10-20,153383.43356854093
Daging Sapi Murni/Jawa Timur/2024-10-21,153360.3706781594
Daging Sapi Murni/Jawa Timur/2024-10-22,153429.48279389518
Daging Sapi Murni/Jawa Timur/2024-10-23,153422.46774495876
Daging Sapi Murni/Jawa Timur/2024-10-24,153398.31130766042
Daging Sapi Murni/Jawa Timur/2024-10-25,153460.72436001376
Daging Sapi Murni/Jawa Timur/2024-10-26,153367.27319072027
Daging Sapi Murni/Jawa Timur/2024-10-27,153352.90842599588
Daging Sapi Murni/Jawa Timur/2024-10-28,153379.53766435193
Daging Sapi Murni/Jawa Timur/2024-10-29,153400.1288888268
Daging Sapi Murni/Jawa Timur/2024-10-30,153409.33630982117
Daging Sapi Murni/Jawa Timur/2024-10-31,153393.44589337555
Daging Sapi Murni/Jawa Timur/2024-11-01,153412.58970326104
Daging Sapi Murni/Jawa Timur/2024-11-02,153361.3386551026
Daging Sapi Murni/Jawa Timur/2024-11-03,153447.90565879256
Daging Sapi Murni/Jawa Timur/2024-11-04,153398.94495464867
Daging Sapi Murni/Jawa Timur/2024-11-05,153437.41026561853
Daging Sapi Murni/Jawa Timur/2024-11-06,153412.63565726264
Daging Sapi Murni/Jawa Timur/2024-11-07,153416.31064972712
Daging Sapi Murni/Jawa Timur/2024-11-08,153420.19871442404
Daging Sapi Murni/Jawa Timur/2024-11-09,153416.15184238003
Daging Sapi Murni/Jawa Timur/2024-11-10,153422.49792529555
Daging Sapi Murni/Jawa Timur/2024-11-11,153444.43957521126
Daging Sapi Murni/Jawa Timur/2024-11-12,153408.1407605413
Daging Sapi Murni/Jawa Timur/2024-11-13,153424.61995909567
Daging Sapi Murni/Jawa Timur/2024-11-14,153399.00569692143
Daging Sapi Murni/Jawa Timur/2024-11-15,153448.11415607567
Daging Sapi Murni/Jawa Timur/2024-11-16,153380.19072618184
Daging Sapi Murni/Jawa Timur/2024-11-17,153459.5563386929
Daging Sapi Murni/Jawa Timur/2024-11-18,153400.52866098535
Daging Sapi Murni/Jawa Timur/2024-11-19,153355.88274784104
Daging Sapi Murni/Jawa Timur/2024-11-20,153405.95383518285
Daging Sapi Murni/Jawa Timur/2024-11-21,153379.77637120162
Daging Sapi Murni/Jawa Timur/2024-11-22,153428.66832009918
Daging Sapi Murni/Jawa Timur/2024-11-23,153380.45629825388
Daging Sapi Murni/Jawa Timur/2024-11-24,153387.05485371224
Daging Sapi Murni/Jawa Timur/2024-11-25,153340.91747962046
Daging Sapi Murni/Jawa Timur/2024-11-26,153386.94668853312
Daging Sapi Murni/Jawa Timur/2024-11-27,153323.67727574852
Daging Sapi Murni/Jawa Timur/2024-11-28,153350.34808674888
Daging Sapi Murni/Jawa Timur/2024-11-29,153425.46720616514
Daging Sapi Murni/Jawa Timur/2024-11-30,153426.173832741
Daging Sapi Murni/Jawa Timur/2024-12-01,153414.7863136318
Daging Sapi Murni/Jawa Timur/2024-12-02,153370.1441575826
Daging Sapi Murni/Jawa Timur/2024-12-03,153399.99623181904
Daging Sapi Murni/Jawa Timur/2024-12-04,153401.64920109214
Daging Sapi Murni/Jawa Timur/2024-12-05,153364.47707090309
Daging Sapi Murni/Jawa Timur/2024-12-06,153449.73456991062
Daging Sapi Murni/Jawa Timur/2024-12-07,153429.5637941738
Daging Sapi Murni/Jawa Timur/2024-12-08,153394.48789305202
Daging Sapi Murni/Jawa Timur/2024-12-09,153402.49488259194
Daging Sapi Murni/Jawa Timur/2024-12-10,153408.3655101253
Daging Sapi Murni/Jawa Timur/2024-12-11,153336.3712506274
Daging Sapi Murni/Jawa Timur/2024-12-12,153393.71660679902
Daging Sapi Murni/Jawa Timur/2024-12-13,153379.5684151432
Daging Sapi Murni/Jawa Timur/2024-12-14,153369.25134347854
Daging Sapi Murni/Jawa Timur/2024-12-15,153392.25768546702
Daging Sapi Murni/Jawa Timur/2024-12-16,153458.82620989674
Daging Sapi Murni/Jawa Timur/2024-12-17,153421.96072433304
Daging Sapi Murni/Jawa Timur/2024-12-18,153383.12918214564
Daging Sapi Murni/Jawa Timur/2024-12-19,153419.97549598463
Daging Sapi Murni/Jawa Timur/2024-12-20,153446.70909980903
Daging Sapi Murni/Jawa Timur/2024-12-21,153431.59773746305
Daging Sapi Murni/Jawa Timur/2024-12-22,153403.676809307
Daging Sapi Murni/Jawa Timur/2024-12-23,153381.00571978057
Daging Sapi Murni/Jawa Timur/2024-12-24,153424.32246475175
Daging Sapi Murni/Jawa Timur/2024-12-25,153414.51019727482
Daging Sapi Murni/Jawa Timur/2024-12-26,153430.44192831664
Daging Sapi Murni/Jawa Timur/2024-12-27,153422.01043978092
Daging Sapi Murni/Jawa Timur/2024-12-28,153435.36885027774
Daging Sapi Murni/Jawa Timur/2024-12-29,153384.70692488697
Daging Sapi Murni/Jawa Timur/2024-12-30,153444.13759901642
Daging Sapi Murni/Jawa Timur/2024-12-31,153408.23127111612
Daging Sapi Murni/Kalimantan Barat/2024-10-01,153468.432057795
Daging Sapi Murni/Kalimantan Barat/2024-10-02,153379.73997909133
Daging Sapi Murni/Kalimantan Barat/2024-10-03,153457.50786786142
Daging Sapi Murni/Kalimantan Barat/2024-10-04,153408.34655287603
Daging Sapi Murni/Kalimantan Barat/2024-10-05,153381.0108465278
Daging Sapi Murni/Kalimantan Barat/2024-10-06,153386.42918984735
Daging Sapi Murni/Kalimantan Barat/2024-10-07,153391.3962604906
Daging Sapi Murni/Kalimantan Barat/2024-10-08,153415.37166527775
Daging Sapi Murni/Kalimantan Barat/2024-10-09,153418.2607397933
Daging Sapi Murni/Kalimantan Barat/2024-10-10,153383.0354930029
Daging Sapi Murni/Kalimantan Barat/2024-10-11,153400.75674699893
Daging Sapi Murni/Kalimantan Barat/2024-10-12,153470.35321753757
Daging Sapi Murni/Kalimantan Barat/2024-10-13,153457.1402618097
Daging Sapi Murni/Kalimantan Barat/2024-10-14,153415.75352739467
Daging Sapi Murni/Kalimantan Barat/2024-10-15,153403.03649089654
Daging Sapi Murni/Kalimantan Barat/2024-10-16,153405.8889447975
Daging Sapi Murni/Kalimantan Barat/2024-10-17,153421.83488770082
Daging Sapi Murni/Kalimantan Barat/2024-10-18,153369.0893270273
Daging Sapi Murni/Kalimantan Barat/2024-10-19,153393.42043129154
Daging Sapi Murni/Kalimantan Barat/2024-10-20,153348.05892566754
Daging Sapi Murni/Kalimantan Barat/2024-10-21,153414.3431789046
Daging Sapi Murni/Kalimantan Barat/2024-10-22,153422.20500581607
Daging Sapi Murni/Kalimantan Barat/2024-10-23,153385.78777442058
Daging Sapi Murni/Kalimantan Barat/2024-10-24,153451.91723812523
Daging Sapi Murni/Kalimantan Barat/2024-10-25,153362.13532839267
Daging Sapi Murni/Kalimantan Barat/2024-10-26,153354.74660254974
Daging Sapi Murni/Kalimantan Barat/2024-10-27,153408.85991011313
Daging Sapi Murni/Kalimantan Barat/2024-10-28,153435.11370342367
Daging Sapi Murni/Kalimantan Barat/2024-10-29,153455.59070348094
Daging Sapi Murni/Kalimantan Barat/2024-10-30,153386.6309041695
Daging Sapi Murni/Kalimantan Barat/2024-10-31,153436.21046902885
Daging Sapi Murni/Kalimantan Barat/2024-11-01,153400.66800044957
Daging Sapi Murni/Kalimantan Barat/2024-11-02,153396.41892509095
Daging Sapi Murni/Kalimantan Barat/2024-11-03,153430.2176567317
Daging Sapi Murni/Kalimantan Barat/2024-11-04,153422.59486392117
Daging Sapi Murni/Kalimantan Barat/2024-11-05,153351.20087043088
Daging Sapi Murni/Kalimantan Barat/2024-11-06,153449.0297116506
Daging Sapi Murni/Kalimantan Barat/2024-11-07,153445.96392444387
Daging Sapi Murni/Kalimantan Barat/2024-11-08,153381.68856823345
Daging Sapi Murni/Kalimantan Barat/2024-11-09,153414.3925573303
Daging Sapi Murni/Kalimantan Barat/2024-11-10,153417.50466942007
Daging Sapi Murni/Kalimantan Barat/2024-11-11,153410.30496365845
Daging Sapi Murni/Kalimantan Barat/2024-11-12,153384.11804706714
Daging Sapi Murni/Kalimantan Barat/2024-11-13,153380.04620292562
Daging Sapi Murni/Kalimantan Barat/2024-11-14,153400.86090213945
Daging Sapi Murni/Kalimantan Barat/2024-11-15,153439.2296555112
Daging Sapi Murni/Kalimantan Barat/2024-11-16,153418.96355864106
Daging Sapi Murni/Kalimantan Barat/2024-11-17,153389.6137517927
Daging Sapi Murni/Kalimantan Barat/2024-11-18,153426.38663548004
Daging Sapi Murni/Kalimantan Barat/2024-11-19,153310.36638132375
Daging Sapi Murni/Kalimantan Barat/2024-11-20,153438.62387987148
Daging Sapi Murni/Kalimantan Barat/2024-11-21,153345.72239089926
Daging Sapi Murni/Kalimantan Barat/2024-11-22,153389.75591753086
Daging Sapi Murni/Kalimantan Barat/2024-11-23,153365.41291217506
Daging Sapi Murni/Kalimantan Barat/2024-11-24,153359.57026755885
Daging Sapi Murni/Kalimantan Barat/2024-11-25,153438.65183398998
Daging Sapi Murni/Kalimantan Barat/2024-11-26,153386.13119284614
Daging Sapi Murni/Kalimantan Barat/2024-11-27,153412.44722276132
Daging Sapi Murni/Kalimantan Barat/2024-11-28,153399.8499030677
Daging Sapi Murni/Kalimantan Barat/2024-11-29,153416.82542530406
Daging Sapi Murni/Kalimantan Barat/2024-11-30,153404.19394217533
Daging Sapi Murni/Kalimantan Barat/2024-12-01,153360.41419825327
Daging Sapi Murni/Kalimantan Barat/2024-12-02,153433.61609010375
Daging Sapi Murni/Kalimantan Barat/2024-12-03,153385.74801135837
Daging Sapi Murni/Kalimantan Barat/2024-12-04,153351.6382854388
Daging Sapi Murni/Kalimantan Barat/2024-12-05,153387.7302828987
Daging Sapi Murni/Kalimantan Barat/2024-12-06,153449.538814878
Daging Sapi Murni/Kalimantan Barat/2024-12-07,153428.81067471887
Daging Sapi Murni/Kalimantan Barat/2024-12-08,153390.204017888
Daging Sapi Murni/Kalimantan Barat/2024-12-09,153390.29003779698
Daging Sapi Murni/Kalimantan Barat/2024-12-10,153391.43941903152
Daging Sapi Murni/Kalimantan Barat/2024-12-11,153468.48011091424
Daging Sapi Murni/Kalimantan Barat/2024-12-12,153413.91446236637
Daging Sapi Murni/Kalimantan Barat/2024-12-13,153415.39448106653
Daging Sapi Murni/Kalimantan Barat/2024-12-14,153434.78910822573
Daging Sapi Murni/Kalimantan Barat/2024-12-15,153409.54687793367
Daging Sapi Murni/Kalimantan Barat/2024-12-16,153393.72073348478
Daging Sapi Murni/Kalimantan Barat/2024-12-17,153395.4989277414
Daging Sapi Murni/Kalimantan Barat/2024-12-18,153399.48066696085
Daging Sapi Murni/Kalimantan Barat/2024-12-19,153400.53129986182
Daging Sapi Murni/Kalimantan Barat/2024-12-20,153424.91723667606
Daging Sapi Murni/Kalimantan Barat/2024-12-21,153403.2040388289
Daging Sapi Murni/Kalimantan Barat/2024-12-22,153425.10218250047
Daging Sapi Murni/Kalimantan Barat/2024-12-23,153399.07159782108
Daging Sapi Murni/Kalimantan Barat/2024-12-24,153404.24028783772
Daging Sapi Murni/Kalimantan Barat/2024-12-25,153337.63966727527
Daging Sapi Murni/Kalimantan Barat/2024-12-26,153431.0383319643
Daging Sapi Murni/Kalimantan Barat/2024-12-27,153412.70981794788
Daging Sapi Murni/Kalimantan Barat/2024-12-28,153433.48418128522
Daging Sapi Murni/Kalimantan Barat/2024-12-29,153308.54355454008
Daging Sapi Murni/Kalimantan Barat/2024-12-30,153468.45739098472
Daging Sapi Murni/Kalimantan Barat/2024-12-31,153397.25043804053
Daging Sapi Murni/Kalimantan Selatan/2024-10-01,153437.16284063616
Daging Sapi Murni/Kalimantan Selatan/2024-10-02,153368.21389924915
Daging Sapi Murni/Kalimantan Selatan/2024-10-03,153421.12722601046
Daging Sapi Murni/Kalimantan Selatan/2024-10-04,153368.11623178807
Daging Sapi Murni/Kalimantan Selatan/2024-10-05,153381.5998545433
Daging Sapi Murni/Kalimantan Selatan/2024-10-06,153463.01540435382
Daging Sapi Murni/Kalimantan Selatan/2024-10-07,153395.3055600078
Daging Sapi Murni/Kalimantan Selatan/2024-10-08,153408.56942630128
Daging Sapi Murni/Kalimantan Selatan/2024-10-09,153429.45786368928
Daging Sapi Murni/Kalimantan Selatan/2024-10-10,153417.65507134367
Daging Sapi Murni/Kalimantan Selatan/2024-10-11,153406.740854238
Daging Sapi Murni/Kalimantan Selatan/2024-10-12,153413.4122231309
Daging Sapi Murni/Kalimantan Selatan/2024-10-13,153478.9133595585
Daging Sapi Murni/Kalimantan Selatan/2024-10-14,153400.01405686975
Daging Sapi Murni/Kalimantan Selatan/2024-10-15,153408.30481817992
Daging Sapi Murni/Kalimantan Selatan/2024-10-16,153435.5991356908
Daging Sapi Murni/Kalimantan Selatan/2024-10-17,153437.44267939706
Daging Sapi Murni/Kalimantan Selatan/2024-10-18,153440.1177467988
Daging Sapi Murni/Kalimantan Selatan/2024-10-19,153422.29580685298
Daging Sapi Murni/Kalimantan Selatan/2024-10-20,153365.25908808142
Daging Sapi Murni/Kalimantan Selatan/2024-10-21,153454.41337943805
Daging Sapi Murni/Kalimantan Selatan/2024-10-22,153365.13807237457
Daging Sapi Murni/Kalimantan Selatan/2024-10-23,153411.5083059774
Daging Sapi Murni/Kalimantan Selatan/2024-10-24,153377.42911677188
Daging Sapi Murni/Kalimantan Selatan/2024-10-25,153399.46448137748
Daging Sapi Murni/Kalimantan Selatan/2024-10-26,153412.21033069422
Daging Sapi Murni/Kalimantan Selatan/2024-10-27,153411.7093708412
Daging Sapi Murni/Kalimantan Selatan/2024-10-28,153415.09652263284
Daging Sapi Murni/Kalimantan Selatan/2024-10-29,153453.3151774625
Daging Sapi Murni/Kalimantan Selatan/2024-10-30,153416.26367209494
Daging Sapi Murni/Kalimantan Selatan/2024-10-31,153393.9819363611
Daging Sapi Murni/Kalimantan Selatan/2024-11-01,153432.79318998483
Daging Sapi Murni/Kalimantan Selatan/2024-11-02,153440.06521456872
Daging Sapi Murni/Kalimantan Selatan/2024-11-03,153362.53813209498
Daging Sapi Murni/Kalimantan Selatan/2024-11-04,153420.92536010177
Daging Sapi Murni/Kalimantan Selatan/2024-11-05,153424.22878810982
Daging Sapi Murni/Kalimantan Selatan/2024-11-06,153392.25816325995
Daging Sapi Murni/Kalimantan Selatan/2024-11-07,153445.84193890283
Daging Sapi Murni/Kalimantan Selatan/2024-11-08,153396.75629973135
Daging Sapi Murni/Kalimantan Selatan/2024-11-09,153405.83719878708
Daging Sapi Murni/Kalimantan Selatan/2024-11-10,153396.22027340083
Daging Sapi Murni/Kalimantan Selatan/2024-11-11,153402.20446782737
Daging Sapi Murni/Kalimantan Selatan/2024-11-12,153366.58517195584
Daging Sapi Murni/Kalimantan Selatan/2024-11-13,153355.33027252965
Daging Sapi Murni/Kalimantan Selatan/2024-11-14,153452.65451263855
Daging Sapi Murni/Kalimantan Selatan/2024-11-15,153374.23546967565
Daging Sapi Murni/Kalimantan Selatan/2024-11-16,153369.57820656837
Daging Sapi Murni/Kalimantan Selatan/2024-11-17,153332.23132046463
Daging Sapi Murni/Kalimantan Selatan/2024-11-18,153380.88531707888
Daging Sapi Murni/Kalimantan Selatan/2024-11-19,153359.010110721
Daging Sapi Murni/Kalimantan Selatan/2024-11-20,153453.76103423818
Daging Sapi Murni/Kalimantan Selatan/2024-11-21,153433.4833668315
Daging Sapi Murni/Kalimantan Selatan/2024-11-22,153379.1142307308
Daging Sapi Murni/Kalimantan Selatan/2024-11-23,153473.80770309878
Daging Sapi Murni/Kalimantan Selatan/2024-11-24,153433.21009213247
Daging Sapi Murni/Kalimantan Selatan/2024-11-25,153391.60213200378
Daging Sapi Murni/Kalimantan Selatan/2024-11-26,153321.69846193638
Daging Sapi Murni/Kalimantan Selatan/2024-11-27,153475.2964579183
Daging Sapi Murni/Kalimantan Selatan/2024-11-28,153357.31030028022
Daging Sapi Murni/Kalimantan Selatan/2024-11-29,153348.75289429992
Daging Sapi Murni/Kalimantan Selatan/2024-11-30,153434.14717610436
Daging Sapi Murni/Kalimantan Selatan/2024-12-01,153479.60593654512
Daging Sapi Murni/Kalimantan Selatan/2024-12-02,153446.11993850788
Daging Sapi Murni/Kalimantan Selatan/2024-12-03,153419.55710036805
Daging Sapi Murni/Kalimantan Selatan/2024-12-04,153420.89040794093
Daging Sapi Murni/Kalimantan Selatan/2024-12-05,153429.59189918387
Daging Sapi Murni/Kalimantan Selatan/2024-12-06,153426.56056373223
Daging Sapi Murni/Kalimantan Selatan/2024-12-07,153410.9995849181
Daging Sapi Murni/Kalimantan Selatan/2024-12-08,153405.21775077944
Daging Sapi Murni/Kalimantan Selatan/2024-12-09,153399.86288028225
Daging Sapi Murni/Kalimantan Selatan/2024-12-10,153377.64306424026
Daging Sapi Murni/Kalimantan Selatan/2024-12-11,153392.7145633493
Daging Sapi Murni/Kalimantan Selatan/2024-12-12,153347.25937841294
Daging Sapi Murni/Kalimantan Selatan/2024-12-13,153398.3127773668
Daging Sapi Murni/Kalimantan Selatan/2024-12-14,153369.63485817853
Daging Sapi Murni/Kalimantan Selatan/2024-12-15,153365.84377357215
Daging Sapi Murni/Kalimantan Selatan/2024-12-16,153407.0169382123
Daging Sapi Murni/Kalimantan Selatan/2024-12-17,153445.84849524967
Daging Sapi Murni/Kalimantan Selatan/2024-12-18,153430.8542309536
Daging Sapi Murni/Kalimantan Selatan/2024-12-19,153351.03121043206
Daging Sapi Murni/Kalimantan Selatan/2024-12-20,153369.84115518435
Daging Sapi Murni/Kalimantan Selatan/2024-12-21,153431.93874685705
Daging Sapi Murni/Kalimantan Selatan/2024-12-22,153370.17899072933
Daging Sapi Murni/Kalimantan Selatan/2024-12-23,153394.25058413146
Daging Sapi Murni/Kalimantan Selatan/2024-12-24,153418.92054038466
Daging Sapi Murni/Kalimantan Selatan/2024-12-25,153370.39638328808
Daging Sapi Murni/Kalimantan Selatan/2024-12-26,153404.9669316795
Daging Sapi Murni/Kalimantan Selatan/2024-12-27,153358.6086461694
Daging Sapi Murni/Kalimantan Selatan/2024-12-28,153382.20541912952
Daging Sapi Murni/Kalimantan Selatan/2024-12-29,153411.72063264647
Daging Sapi Murni/Kalimantan Selatan/2024-12-30,153350.1891176744
Daging Sapi Murni/Kalimantan Selatan/2024-12-31,153415.49418029492
Daging Sapi Murni/Kalimantan Tengah/2024-10-01,153400.6392393224
Daging Sapi Murni/Kalimantan Tengah/2024-10-02,153419.14228467166
Daging Sapi Murni/Kalimantan Tengah/2024-10-03,153408.670541512
Daging Sapi Murni/Kalimantan Tengah/2024-10-04,153445.22371761952
Daging Sapi Murni/Kalimantan Tengah/2024-10-05,153405.75830347123
Daging Sapi Murni/Kalimantan Tengah/2024-10-06,153387.9737985263
Daging Sapi Murni/Kalimantan Tengah/2024-10-07,153405.74086542323
Daging Sapi Murni/Kalimantan Tengah/2024-10-08,153419.20887354447
Daging Sapi Murni/Kalimantan Tengah/2024-10-09,153403.3410087766
Daging Sapi Murni/Kalimantan Tengah/2024-10-10,153402.90041388615
Daging Sapi Murni/Kalimantan Tengah/2024-10-11,153379.0719976887
Daging Sapi Murni/Kalimantan Tengah/2024-10-12,153380.39066473203
Daging Sapi Murni/Kalimantan Tengah/2024-10-13,153356.60787661353
Daging Sapi Murni/Kalimantan Tengah/2024-10-14,153457.6033804698
Daging Sapi Murni/Kalimantan Tengah/2024-10-15,153361.48627821985
Daging Sapi Murni/Kalimantan Tengah/2024-10-16,153379.1118261558
Daging Sapi Murni/Kalimantan Tengah/2024-10-17,153378.3426694586
Daging Sapi Murni/Kalimantan Tengah/2024-10-18,153430.14515632478
Daging Sapi Murni/Kalimantan Tengah/2024-10-19,153392.12418125643
Daging Sapi Murni/Kalimantan Tengah/2024-10-20,153441.3406225992
Daging Sapi Murni/Kalimantan Tengah/2024-10-21,153379.8825706146
Daging Sapi Murni/Kalimantan Tengah/2024-10-22,153410.57576598067
Daging Sapi Murni/Kalimantan Tengah/2024-10-23,153374.9527715212
Daging Sapi Murni/Kalimantan Tengah/2024-10-24,153470.4667443866
Daging Sapi Murni/Kalimantan Tengah/2024-10-25,153363.5951827108
Daging Sapi Murni/Kalimantan Tengah/2024-10-26,153411.48745692713
Daging Sapi Murni/Kalimantan Tengah/2024-10-27,153422.00151861628
Daging Sapi Murni/Kalimantan Tengah/2024-10-28,153414.93328746126
Daging Sapi Murni/Kalimantan Tengah/2024-10-29,153395.87206489546
Daging Sapi Murni/Kalimantan Tengah/2024-10-30,153397.3724808768
Daging Sapi Murni/Kalimantan Tengah/2024-10-31,153403.13927850898
Daging Sapi Murni/Kalimantan Tengah/2024-11-01,153396.98573315557
Daging Sapi Murni/Kalimantan Tengah/2024-11-02,153432.53981869796
Daging Sapi Murni/Kalimantan Tengah/2024-11-03,153472.49816880628
Daging Sapi Murni/Kalimantan Tengah/2024-11-04,153383.7789945177
Daging Sapi Murni/Kalimantan Tengah/2024-11-05,153357.82726414397
Daging Sapi Murni/Kalimantan Tengah/2024-11-06,153398.99626471745
Daging Sapi Murni/Kalimantan Tengah/2024-11-07,153484.6401500036
Daging Sapi Murni/Kalimantan Tengah/2024-11-08,153375.96509404932
Daging Sapi Murni/Kalimantan Tengah/2024-11-09,153454.0646223236
Daging Sapi Murni/Kalimantan Tengah/2024-11-10,153455.45781060177
Daging Sapi Murni/Kalimantan Tengah/2024-11-11,153384.18898552985
Daging Sapi Murni/Kalimantan Tengah/2024-11-12,153420.3502212016
Daging Sapi Murni/Kalimantan Tengah/2024-11-13,153454.07051478862
Daging Sapi Murni/Kalimantan Tengah/2024-11-14,153389.87758241367
Daging Sapi Murni/Kalimantan Tengah/2024-11-15,153395.36510262618
Daging Sapi Murni/Kalimantan Tengah/2024-11-16,153383.04490065784
Daging Sapi Murni/Kalimantan Tengah/2024-11-17,153369.2467509009
Daging Sapi Murni/Kalimantan Tengah/2024-11-18,153380.85945616697
Daging Sapi Murni/Kalimantan Tengah/2024-11-19,153362.1059710776
Daging Sapi Murni/Kalimantan Tengah/2024-11-20,153402.4188891717
Daging Sapi Murni/Kalimantan Tengah/2024-11-21,153376.539695712
Daging Sapi Murni/Kalimantan Tengah/2024-11-22,153408.73369115195
Daging Sapi Murni/Kalimantan Tengah/2024-11-23,153351.3776445085
Daging Sapi Murni/Kalimantan Tengah/2024-11-24,153411.93665097372
Daging Sapi Murni/Kalimantan Tengah/2024-11-25,153428.17754490676
Daging Sapi Murni/Kalimantan Tengah/2024-11-26,153337.41610084672
Daging Sapi Murni/Kalimantan Tengah/2024-11-27,153413.46020356525
Daging Sapi Murni/Kalimantan Tengah/2024-11-28,153440.77078259736
Daging Sapi Murni/Kalimantan Tengah/2024-11-29,153362.77749394084
Daging Sapi Murni/Kalimantan Tengah/2024-11-30,153455.2065712623
Daging Sapi Murni/Kalimantan Tengah/2024-12-01,153414.88069129986
Daging Sapi Murni/Kalimantan Tengah/2024-12-02,153379.15827670932
Daging Sapi Murni/Kalimantan Tengah/2024-12-03,153399.98505270676
Daging Sapi Murni/Kalimantan Tengah/2024-12-04,153419.5352815948
Daging Sapi Murni/Kalimantan Tengah/2024-12-05,153404.25438789584
Daging Sapi Murni/Kalimantan Tengah/2024-12-06,153418.87660539534
Daging Sapi Murni/Kalimantan Tengah/2024-12-07,153372.00831329898
Daging Sapi Murni/Kalimantan Tengah/2024-12-08,153407.10044479207
Daging Sapi Murni/Kalimantan Tengah/2024-12-09,153356.3100818872
Daging Sapi Murni/Kalimantan Tengah/2024-12-10,153397.98438825572
Daging Sapi Murni/Kalimantan Tengah/2024-12-11,153372.47268071736
Daging Sapi Murni/Kalimantan Tengah/2024-12-12,153377.71335685768
Daging Sapi Murni/Kalimantan Tengah/2024-12-13,153441.02040708007
Daging Sapi Murni/Kalimantan Tengah/2024-12-14,153436.29282778077
Daging Sapi Murni/Kalimantan Tengah/2024-12-15,153421.0327419037
Daging Sapi Murni/Kalimantan Tengah/2024-12-16,153366.50962130725
Daging Sapi Murni/Kalimantan Tengah/2024-12-17,153391.59190157973
Daging Sapi Murni/Kalimantan Tengah/2024-12-18,153440.804945472
Daging Sapi Murni/Kalimantan Tengah/2024-12-19,153406.26677431192
Daging Sapi Murni/Kalimantan Tengah/2024-12-20,153476.00841903832
Daging Sapi Murni/Kalimantan Tengah/2024-12-21,153414.19444464988
Daging Sapi Murni/Kalimantan Tengah/2024-12-22,153408.01507842058
Daging Sapi Murni/Kalimantan Tengah/2024-12-23,153392.10354533276
Daging Sapi Murni/Kalimantan Tengah/2024-12-24,153406.21925840393
Daging Sapi Murni/Kalimantan Tengah/2024-12-25,153397.07202899538
Daging Sapi Murni/Kalimantan Tengah/2024-12-26,153424.36579084132
Daging Sapi Murni/Kalimantan Tengah/2024-12-27,153432.29984555455
Daging Sapi Murni/Kalimantan Tengah/2024-12-28,153376.3912111265
Daging Sapi Murni/Kalimantan Tengah/2024-12-29,153358.97544179784
Daging Sapi Murni/Kalimantan Tengah/2024-12-30,153342.7439097519
Daging Sapi Murni/Kalimantan Tengah/2024-12-31,153417.9088906416
Daging Sapi Murni/Kalimantan Timur/2024-10-01,153365.9952904697
Daging Sapi Murni/Kalimantan Timur/2024-10-02,153332.057272471
Daging Sapi Murni/Kalimantan Timur/2024-10-03,153413.57505318875
Daging Sapi Murni/Kalimantan Timur/2024-10-04,153481.16642366373
Daging Sapi Murni/Kalimantan Timur/2024-10-05,153401.20099685353
Daging Sapi Murni/Kalimantan Timur/2024-10-06,153428.25144787045
Daging Sapi Murni/Kalimantan Timur/2024-10-07,153404.2074961429
Daging Sapi Murni/Kalimantan Timur/2024-10-08,153398.82006315677
Daging Sapi Murni/Kalimantan Timur/2024-10-09,153431.50664375213
Daging Sapi Murni/Kalimantan Timur/2024-10-10,153392.3963661249
Daging Sapi Murni/Kalimantan Timur/2024-10-11,153410.33309986102
Daging Sapi Murni/Kalimantan Timur/2024-10-12,153411.98777998402
Daging Sapi Murni/Kalimantan Timur/2024-10-13,153380.24648513203
Daging Sapi Murni/Kalimantan Timur/2024-10-14,153433.54493859276
Daging Sapi Murni/Kalimantan Timur/2024-10-15,153395.97989316468
Daging Sapi Murni/Kalimantan Timur/2024-10-16,153377.40415673537
Daging Sapi Murni/Kalimantan Timur/2024-10-17,153418.83222789154
Daging Sapi Murni/Kalimantan Timur/2024-10-18,153372.73554583095
Daging Sapi Murni/Kalimantan Timur/2024-10-19,153402.547631925
Daging Sapi Murni/Kalimantan Timur/2024-10-20,153401.17469129156
Daging Sapi Murni/Kalimantan Timur/2024-10-21,153436.30848013554
Daging Sapi Murni/Kalimantan Timur/2024-10-22,153416.81101169757
Daging Sapi Murni/Kalimantan Timur/2024-10-23,153400.73401526862
Daging Sapi Murni/Kalimantan Timur/2024-10-24,153427.96009660774
Daging Sapi Murni/Kalimantan Timur/2024-10-25,153446.3911082001
Daging Sapi Murni/Kalimantan Timur/2024-10-26,153419.7747345191
Daging Sapi Murni/Kalimantan Timur/2024-10-27,153402.1548610762
Daging Sapi Murni/Kalimantan Timur/2024-10-28,153359.75330371456
Daging Sapi Murni/Kalimantan Timur/2024-10-29,153367.7183006482
Daging Sapi Murni/Kalimantan Timur/2024-10-30,153391.95724063032
Daging Sapi Murni/Kalimantan Timur/2024-10-31,153381.91601889534
Daging Sapi Murni/Kalimantan Timur/2024-11-01,153395.29605220677
Daging Sapi Murni/Kalimantan Timur/2024-11-02,153403.02178698793
Daging Sapi Murni/Kalimantan Timur/2024-11-03,153418.32989325645
Daging Sapi Murni/Kalimantan Timur/2024-11-04,153399.2024232911
Daging Sapi Murni/Kalimantan Timur/2024-11-05,153417.12060159267
Daging Sapi Murni/Kalimantan Timur/2024-11-06,153403.68932478697
Daging Sapi Murni/Kalimantan Timur/2024-11-07,153338.28774028027
Daging Sapi Murni/Kalimantan Timur/2024-11-08,153371.51056500408
Daging Sapi Murni/Kalimantan Timur/2024-11-09,153396.87942944388
Daging Sapi Murni/Kalimantan Timur/2024-11-10,153362.59793974867
Daging Sapi Murni/Kalimantan Timur/2024-11-11,153420.47771540945
Daging Sapi Murni/Kalimantan Timur/2024-11-12,153450.24313682216
Daging Sapi Murni/Kalimantan Timur/2024-11-13,153440.50101375944
Daging Sapi Murni/Kalimantan Timur/2024-11-14,153394.7400664884
Daging Sapi Murni/Kalimantan Timur/2024-11-15,153449.5346180714
Daging Sapi Murni/Kalimantan Timur/2024-11-16,153406.7633169697
Daging Sapi Murni/Kalimantan Timur/2024-11-17,153391.20264758222
Daging Sapi Murni/Kalimantan Timur/2024-11-18,153382.1895071342
Daging Sapi Murni/Kalimantan Timur/2024-11-19,153392.01587640666
Daging Sapi Murni/Kalimantan Timur/2024-11-20,153389.2858170186
Daging Sapi Murni/Kalimantan Timur/2024-11-21,153406.95348051345
Daging Sapi Murni/Kalimantan Timur/2024-11-22,153406.57195400694
Daging Sapi Murni/Kalimantan Timur/2024-11-23,153401.53933272703
Daging Sapi Murni/Kalimantan Timur/2024-11-24,153415.54298326324
Daging Sapi Murni/Kalimantan Timur/2024-11-25,153439.78483138708
Daging Sapi Murni/Kalimantan Timur/2024-11-26,153432.15269967198
Daging Sapi Murni/Kalimantan Timur/2024-11-27,153354.09162521682
Daging Sapi Murni/Kalimantan Timur/2024-11-28,153319.81931476007
Daging Sapi Murni/Kalimantan Timur/2024-11-29,153431.71855951293
Daging Sapi Murni/Kalimantan Timur/2024-11-30,153357.7396109008
Daging Sapi Murni/Kalimantan Timur/2024-12-01,153394.10657615162
Daging Sapi Murni/Kalimantan Timur/2024-12-02,153363.51918337817
Daging Sapi Murni/Kalimantan Timur/2024-12-03,153343.34822927092
Daging Sapi Murni/Kalimantan Timur/2024-12-04,153418.7901472025
Daging Sapi Murni/Kalimantan Timur/2024-12-05,153425.5197325249
Daging Sapi Murni/Kalimantan Timur/2024-12-06,153382.7844342101
Daging Sapi Murni/Kalimantan Timur/2024-12-07,153318.13172869102
Daging Sapi Murni/Kalimantan Timur/2024-12-08,153383.8435568612
Daging Sapi Murni/Kalimantan Timur/2024-12-09,153414.1041311377
Daging Sapi Murni/Kalimantan Timur/2024-12-10,153353.89118717294
Daging Sapi Murni/Kalimantan Timur/2024-12-11,153407.00311282306
Daging Sapi Murni/Kalimantan Timur/2024-12-12,153400.61498413043
Daging Sapi Murni/Kalimantan Timur/2024-12-13,153420.0139687482
Daging Sapi Murni/Kalimantan Timur/2024-12-14,153405.32267442872
Daging Sapi Murni/Kalimantan Timur/2024-12-15,153370.20653221555
Daging Sapi Murni/Kalimantan Timur/2024-12-16,153440.0415512239
Daging Sapi Murni/Kalimantan Timur/2024-12-17,153396.54686697017
Daging Sapi Murni/Kalimantan Timur/2024-12-18,153400.77890926506
Daging Sapi Murni/Kalimantan Timur/2024-12-19,153371.63746953482
Daging Sapi Murni/Kalimantan Timur/2024-12-20,153387.33324608768
Daging Sapi Murni/Kalimantan Timur/2024-12-21,153373.2741101414
Daging Sapi Murni/Kalimantan Timur/2024-12-22,153395.87574056338
Daging Sapi Murni/Kalimantan Timur/2024-12-23,153456.29715205624
Daging Sapi Murni/Kalimantan Timur/2024-12-24,153357.3226786115
Daging Sapi Murni/Kalimantan Timur/2024-12-25,153349.6877351184
Daging Sapi Murni/Kalimantan Timur/2024-12-26,153448.69159733152
Daging Sapi Murni/Kalimantan Timur/2024-12-27,153394.86235494365
Daging Sapi Murni/Kalimantan Timur/2024-12-28,153380.1134656324
Daging Sapi Murni/Kalimantan Timur/2024-12-29,153434.67426193957
Daging Sapi Murni/Kalimantan Timur/2024-12-30,153382.07076644176
Daging Sapi Murni/Kalimantan Timur/2024-12-31,153460.34489338368
Daging Sapi Murni/Kalimantan Utara/2024-10-01,153423.33334798316
Daging Sapi Murni/Kalimantan Utara/2024-10-02,153386.02828917323
Daging Sapi Murni/Kalimantan Utara/2024-10-03,153471.08466409633
Daging Sapi Murni/Kalimantan Utara/2024-10-04,153382.3754826421
Daging Sapi Murni/Kalimantan Utara/2024-10-05,153425.80730417476
Daging Sapi Murni/Kalimantan Utara/2024-10-06,153411.4131493908
Daging Sapi Murni/Kalimantan Utara/2024-10-07,153443.55167873687
Daging Sapi Murni/Kalimantan Utara/2024-10-08,153452.04451036788
Daging Sapi Murni/Kalimantan Utara/2024-10-09,153402.76482847283
Daging Sapi Murni/Kalimantan Utara/2024-10-10,153377.7701062777
Daging Sapi Murni/Kalimantan Utara/2024-10-11,153416.6838692702
Daging Sapi Murni/Kalimantan Utara/2024-10-12,153380.18631481397
Daging Sapi Murni/Kalimantan Utara/2024-10-13,153466.36141331482
Daging Sapi Murni/Kalimantan Utara/2024-10-14,153405.93380811557
Daging Sapi Murni/Kalimantan Utara/2024-10-15,153389.87560572402
Daging Sapi Murni/Kalimantan Utara/2024-10-16,153407.6867783264
Daging Sapi Murni/Kalimantan Utara/2024-10-17,153358.50806979084
Daging Sapi Murni/Kalimantan Utara/2024-10-18,153370.65233124894
Daging Sapi Murni/Kalimantan Utara/2024-10-19,153439.9969925029
Daging Sapi Murni/Kalimantan Utara/2024-10-20,153380.32291478114
Daging Sapi Murni/Kalimantan Utara/2024-10-21,153367.8160934198
Daging Sapi Murni/Kalimantan Utara/2024-10-22,153418.54941446288
Daging Sapi Murni/Kalimantan Utara/2024-10-23,153439.53434429216
Daging Sapi Murni/Kalimantan Utara/2024-10-24,153424.70241146252
Daging Sapi Murni/Kalimantan Utara/2024-10-25,153433.46271106595
Daging Sapi Murni/Kalimantan Utara/2024-10-26,153377.3959627486
Daging Sapi Murni/Kalimantan Utara/2024-10-27,153356.2895408319
Daging Sapi Murni/Kalimantan Utara/2024-10-28,153450.03413714177
Daging Sapi Murni/Kalimantan Utara/2024-10-29,153391.33563409527
Daging Sapi Murni/Kalimantan Utara/2024-10-30,153393.53109725355
Daging Sapi Murni/Kalimantan Utara/2024-10-31,153444.04576015167
Daging Sapi Murni/Kalimantan Utara/2024-11-01,153419.40891054927
Daging Sapi Murni/Kalimantan Utara/2024-11-02,153416.45486926436
Daging Sapi Murni/Kalimantan Utara/2024-11-03,153471.1529905419
Daging Sapi Murni/Kalimantan Utara/2024-11-04,153381.19428230263
Daging Sapi Murni/Kalimantan Utara/2024-11-05,153431.77052653764
Daging Sapi Murni/Kalimantan Utara/2024-11-06,153403.7404920755
Daging Sapi Murni/Kalimantan Utara/2024-11-07,153410.53360440326
Daging Sapi Murni/Kalimantan Utara/2024-11-08,153450.9592934766
Daging Sapi Murni/Kalimantan Utara/2024-11-09,153417.96769615082
Daging Sapi Murni/Kalimantan Utara/2024-11-10,153419.12886353538
Daging Sapi Murni/Kalimantan Utara/2024-11-11,153436.23457657592
Daging Sapi Murni/Kalimantan Utara/2024-11-12,153390.2092626516
Daging Sapi Murni/Kalimantan Utara/2024-11-13,153375.04190478366
Daging Sapi Murni/Kalimantan Utara/2024-11-14,153368.2594437367
Daging Sapi Murni/Kalimantan Utara/2024-11-15,153338.5894761399
Daging Sapi Murni/Kalimantan Utara/2024-11-16,153467.49079209034
Daging Sapi Murni/Kalimantan Utara/2024-11-17,153365.86722093093
Daging Sapi Murni/Kalimantan Utara/2024-11-18,153394.15088220633
Daging Sapi Murni/Kalimantan Utara/2024-11-19,153392.43925358934
Daging Sapi Murni/Kalimantan Utara/2024-11-20,153411.30199761805
Daging Sapi Murni/Kalimantan Utara/2024-11-21,153427.88206839797
Daging Sapi Murni/Kalimantan Utara/2024-11-22,153429.02345409364
Daging Sapi Murni/Kalimantan Utara/2024-11-23,153382.90470750935
Daging Sapi Murni/Kalimantan Utara/2024-11-24,153396.3346617835
Daging Sapi Murni/Kalimantan Utara/2024-11-25,153410.84002513334
Daging Sapi Murni/Kalimantan Utara/2024-11-26,153393.7678070861
Daging Sapi Murni/Kalimantan Utara/2024-11-27,153453.20891041102
Daging Sapi Murni/Kalimantan Utara/2024-11-28,153417.29001682607
Daging Sapi Murni/Kalimantan Utara/2024-11-29,153425.2634895679
Daging Sapi Murni/Kalimantan Utara/2024-11-30,153423.06649301233
Daging Sapi Murni/Kalimantan Utara/2024-12-01,153439.51152563686
Daging Sapi Murni/Kalimantan Utara/2024-12-02,153407.81790321317
Daging Sapi Murni/Kalimantan Utara/2024-12-03,153360.26834002606
Daging Sapi Murni/Kalimantan Utara/2024-12-04,153414.69080625247
Daging Sapi Murni/Kalimantan Utara/2024-12-05,153380.8758250371
Daging Sapi Murni/Kalimantan Utara/2024-12-06,153384.69955260772
Daging Sapi Murni/Kalimantan Utara/2024-12-07,153420.25910327554
Daging Sapi Murni/Kalimantan Utara/2024-12-08,153441.11294382607
Daging Sapi Murni/Kalimantan Utara/2024-12-09,153402.25974979554
Daging Sapi Murni/Kalimantan Utara/2024-12-10,153411.469035929
Daging Sapi Murni/Kalimantan Utara/2024-12-11,153456.3321143741
Daging Sapi Murni/Kalimantan Utara/2024-12-12,153409.60510272236
Daging Sapi Murni/Kalimantan Utara/2024-12-13,153485.38357965316
Daging Sapi Murni/Kalimantan Utara/2024-12-14,153420.01141866294
Daging Sapi Murni/Kalimantan Utara/2024-12-15,153345.52813341297
Daging Sapi Murni/Kalimantan Utara/2024-12-16,153426.27058045377
Daging Sapi Murni/Kalimantan Utara/2024-12-17,153414.14326947433
Daging Sapi Murni/Kalimantan Utara/2024-12-18,153443.29957017384
Daging Sapi Murni/Kalimantan Utara/2024-12-19,153423.17995410183
Daging Sapi Murni/Kalimantan Utara/2024-12-20,153397.1219428332
Daging Sapi Murni/Kalimantan Utara/2024-12-21,153362.61444540558
Daging Sapi Murni/Kalimantan Utara/2024-12-22,153395.12044382692
Daging Sapi Murni/Kalimantan Utara/2024-12-23,153374.46898777757
Daging Sapi Murni/Kalimantan Utara/2024-12-24,153382.88775410116
Daging Sapi Murni/Kalimantan Utara/2024-12-25,153420.22153111282
Daging Sapi Murni/Kalimantan Utara/2024-12-26,153454.87637143015
Daging Sapi Murni/Kalimantan Utara/2024-12-27,153414.136469106
Daging Sapi Murni/Kalimantan Utara/2024-12-28,153363.1823347781
Daging Sapi Murni/Kalimantan Utara/2024-12-29,153415.994969469
Daging Sapi Murni/Kalimantan Utara/2024-12-30,153440.2483065338
Daging Sapi Murni/Kalimantan Utara/2024-12-31,153382.24087274136
Daging Sapi Murni/Kepulauan Bangka Belitung/2024-10-01,153397.29225511814
Daging Sapi Murni/Kepulauan Bangka Belitung/2024-10-02,153402.02009725722
Daging Sapi Murni/Kepulauan Bangka Belitung/2024-10-03,153376.54561054098
Daging Sapi Murni/Kepulauan Bangka Belitung/2024-10-04,153422.45355424655
Daging Sapi Murni/Kepulauan Bangka Belitung/2024-10-05,153397.57431239804
Daging Sapi Murni/Kepulauan Bangka Belitung/2024-10-06,153414.9928461362
Daging Sapi Murni/Kepulauan Bangka Belitung/2024-10-07,153373.0766490857
Daging Sapi Murni/Kepulauan Bangka Belitung/2024-10-08,153387.510552392
Daging Sapi Murni/Kepulauan Bangka Belitung/2024-10-09,153424.81960028555
Daging Sapi Murni/Kepulauan Bangka Belitung/2024-10-10,153389.56282242757
Daging Sapi Murni/Kepulauan Bangka Belitung/2024-10-11,153456.94486662623
Daging Sapi Murni/Kepulauan Bangka Belitung/2024-10-12,153388.6702049888
Daging Sapi Murni/Kepulauan Bangka Belitung/2024-10-13,153408.88017505544
Daging Sapi Murni/Kepulauan Bangka Belitung/2024-10-14,153431.7128420899
Daging Sapi Murni/Kepulauan Bangka Belitung/2024-10-15,153356.22841624907
Daging Sapi Murni/Kepulauan Bangka Belitung/2024-10-16,153345.3185833306
Daging Sapi Murni/Kepulauan Bangka Belitung/2024-10-17,153352.56437423197
Daging Sapi Murni/Kepulauan Bangka Belitung/2024-10-18,153441.97602813315
Daging Sapi Murni/Kepulauan Bangka Belitung/2024-10-19,153383.6083323533
Daging Sapi Murni/Kepulauan Bangka Belitung/2024-10-20,153483.17926533826
Daging Sapi Murni/Kepulauan Bangka Belitung/2024-10-21,153383.1913652509
Daging Sapi Murni/Kepulauan Bangka Belitung/2024-10-22,153407.53185576524
Daging Sapi Murni/Kepulauan Bangka Belitung/2024-10-23,153451.39057592268
Daging Sapi Murni/Kepulauan Bangka Belitung/2024-10-24,153466.18792971363
Daging Sapi Murni/Kepulauan Bangka Belitung/2024-10-25,153468.18100741456
Daging Sapi Murni/Kepulauan Bangka Belitung/2024-10-26,153440.61852906016
Daging Sapi Murni/Kepulauan Bangka Belitung/2024-10-27,153435.00617097862
Daging Sapi Murni/Kepulauan Bangka Belitung/2024-10-28,153421.3581412955
Daging Sapi Murni/Kepulauan Bangka Belitung/2024-10-29,153427.2921537388
Daging Sapi Murni/Kepulauan Bangka Belitung/2024-10-30,153384.4933760945
Daging Sapi Murni/Kepulauan Bangka Belitung/2024-10-31,153375.72226952456
Daging Sapi Murni/Kepulauan Bangka Belitung/2024-11-01,153401.72522877372
Daging Sapi Murni/Kepulauan Bangka Belitung/2024-11-02,153396.21205885403
Daging Sapi Murni/Kepulauan Bangka Belitung/2024-11-03,153387.00887911924
Daging Sapi Murni/Kepulauan Bangka Belitung/2024-11-04,153423.7385503755
Daging Sapi Murni/Kepulauan Bangka Belitung/2024-11-05,153432.1022360031
Daging Sapi Murni/Kepulauan Bangka Belitung/2024-11-06,153404.42282814035
Daging Sapi Murni/Kepulauan Bangka Belitung/2024-11-07,153449.04318234618
Daging Sapi Murni/Kepulauan Bangka Belitung/2024-11-08,153365.10099968748
Daging Sapi Murni/Kepulauan Bangka Belitung/2024-11-09,153395.6541885635
Daging Sapi Murni/Kepulauan Bangka Belitung/2024-11-10,153378.79659536786
Daging Sapi Murni/Kepulauan Bangka Belitung/2024-11-11,153341.74889840698
Daging Sapi Murni/Kepulauan Bangka Belitung/2024-11-12,153398.8971329615
Daging Sapi Murni/Kepulauan Bangka Belitung/2024-11-13,153397.31773624834
Daging Sapi Murni/Kepulauan Bangka Belitung/2024-11-14,153449.85369504103
Daging Sapi Murni/Kepulauan Bangka Belitung/2024-11-15,153421.51871541695
Daging Sapi Murni/Kepulauan Bangka Belitung/2024-11-16,153368.53888002975
Daging Sapi Murni/Kepulauan Bangka Belitung/2024-11-17,153461.20956982477
Daging Sapi Murni/Kepulauan Bangka Belitung/2024-11-18,153440.97666885488
Daging Sapi Murni/Kepulauan Bangka Belitung/2024-11-19,153420.59339331565
Daging Sapi Murni/Kepulauan Bangka Belitung/2024-11-20,153394.5407787572
Daging Sapi Murni/Kepulauan Bangka Belitung/2024-11-21,153371.02825248014
Daging Sapi Murni/Kepulauan Bangka Belitung/2024-11-22,153390.07465091374
Daging Sapi Murni/Kepulauan Bangka Belitung/2024-11-23,153436.6832014388
Daging Sapi Murni/Kepulauan Bangka Belitung/2024-11-24,153462.03182191018
Daging Sapi Murni/Kepulauan Bangka Belitung/2024-11-25,153451.03449613377
Daging Sapi Murni/Kepulauan Bangka Belitung/2024-11-26,153385.97197008735
Daging Sapi Murni/Kepulauan Bangka Belitung/2024-11-27,153366.00005222118
Daging Sapi Murni/Kepulauan Bangka Belitung/2024-11-28,153406.5835446102
Daging Sapi Murni/Kepulauan Bangka Belitung/2024-11-29,153345.18389773415
Daging Sapi Murni/Kepulauan Bangka Belitung/2024-11-30,153411.97535730747
Daging Sapi Murni/Kepulauan Bangka Belitung/2024-12-01,153396.56348079385
Daging Sapi Murni/Kepulauan Bangka Belitung/2024-12-02,153386.34348145942
Daging Sapi Murni/Kepulauan Bangka Belitung/2024-12-03,153350.22846789658
Daging Sapi Murni/Kepulauan Bangka Belitung/2024-12-04,153417.77987587603
Daging Sapi Murni/Kepulauan Bangka Belitung/2024-12-05,153384.39061301984
Daging Sapi Murni/Kepulauan Bangka Belitung/2024-12-06,153363.82895757176
Daging Sapi Murni/Kepulauan Bangka Belitung/2024-12-07,153309.141380499
Daging Sapi Murni/Kepulauan Bangka Belitung/2024-12-08,153400.35273574173
Daging Sapi Murni/Kepulauan Bangka Belitung/2024-12-09,153458.17942422294
Daging Sapi Murni/Kepulauan Bangka Belitung/2024-12-10,153454.44113340418
Daging Sapi Murni/Kepulauan Bangka Belitung/2024-12-11,153386.53709699228
Daging Sapi Murni/Kepulauan Bangka Belitung/2024-12-12,153382.1052936028
Daging Sapi Murni/Kepulauan Bangka Belitung/2024-12-13,153416.95455044092
Daging Sapi Murni/Kepulauan Bangka Belitung/2024-12-14,153369.92957920607
Daging Sapi Murni/Kepulauan Bangka Belitung/2024-12-15,153411.39118562665
Daging Sapi Murni/Kepulauan Bangka Belitung/2024-12-16,153426.0229695613
Daging Sapi Murni/Kepulauan Bangka Belitung/2024-12-17,153440.87380970237
Daging Sapi Murni/Kepulauan Bangka Belitung/2024-12-18,153398.42036502523
Daging Sapi Murni/Kepulauan Bangka Belitung/2024-12-19,153395.09125268314
Daging Sapi Murni/Kepulauan Bangka Belitung/2024-12-20,153373.65396767485
Daging Sapi Murni/Kepulauan Bangka Belitung/2024-12-21,153375.2676252714
Daging Sapi Murni/Kepulauan Bangka Belitung/2024-12-22,153394.38828460049
Daging Sapi Murni/Kepulauan Bangka Belitung/2024-12-23,153413.19971782566
Daging Sapi Murni/Kepulauan Bangka Belitung/2024-12-24,153430.6844407477
Daging Sapi Murni/Kepulauan Bangka Belitung/2024-12-25,153375.610580191
Daging Sapi Murni/Kepulauan Bangka Belitung/2024-12-26,153449.41151212566
Daging Sapi Murni/Kepulauan Bangka Belitung/2024-12-27,153392.97205364343
Daging Sapi Murni/Kepulauan Bangka Belitung/2024-12-28,153401.06746270854
Daging Sapi Murni/Kepulauan Bangka Belitung/2024-12-29,153377.76087301126
Daging Sapi Murni/Kepulauan Bangka Belitung/2024-12-30,153323.8193402947
Daging Sapi Murni/Kepulauan Bangka Belitung/2024-12-31,153430.02837308496
Daging Sapi Murni/Kepulauan Riau/2024-10-01,153424.99900497237
Daging Sapi Murni/Kepulauan Riau/2024-10-02,153392.30436993248
Daging Sapi Murni/Kepulauan Riau/2024-10-03,153403.45322077622
Daging Sapi Murni/Kepulauan Riau/2024-10-04,153417.96464035395
Daging Sapi Murni/Kepulauan Riau/2024-10-05,153351.6468483897
Daging Sapi Murni/Kepulauan Riau/2024-10-06,153384.67466690665
Daging Sapi Murni/Kepulauan Riau/2024-10-07,153426.98437805884
Daging Sapi Murni/Kepulauan Riau/2024-10-08,153361.24756091545
Daging Sapi Murni/Kepulauan Riau/2024-10-09,153410.8532291635
Daging Sapi Murni/Kepulauan Riau/2024-10-10,153357.7783645645
Daging Sapi Murni/Kepulauan Riau/2024-10-11,153416.44274725224
Daging Sapi Murni/Kepulauan Riau/2024-10-12,153400.35636622706
Daging Sapi Murni/Kepulauan Riau/2024-10-13,153349.51334479233
Daging Sapi Murni/Kepulauan Riau/2024-10-14,153438.83774788448
Daging Sapi Murni/Kepulauan Riau/2024-10-15,153377.8067663978
Daging Sapi Murni/Kepulauan Riau/2024-10-16,153375.5428114963
Daging Sapi Murni/Kepulauan Riau/2024-10-17,153407.86418990503
Daging Sapi Murni/Kepulauan Riau/2024-10-18,153438.24691497587
Daging Sapi Murni/Kepulauan Riau/2024-10-19,153369.02188796797
Daging Sapi Murni/Kepulauan Riau/2024-10-20,153403.42326859545
Daging Sapi Murni/Kepulauan Riau/2024-10-21,153415.3064508331
Daging Sapi Murni/Kepulauan Riau/2024-10-22,153423.91273605663
Daging Sapi Murni/Kepulauan Riau/2024-10-23,153407.33019395595
Daging Sapi Murni/Kepulauan Riau/2024-10-24,153389.7585282272
Daging Sapi Murni/Kepulauan Riau/2024-10-25,153375.1574483487
Daging Sapi Murni/Kepulauan Riau/2024-10-26,153404.47180085845
Daging Sapi Murni/Kepulauan Riau/2024-10-27,153367.21990293803
Daging Sapi Murni/Kepulauan Riau/2024-10-28,153307.72311694652
Daging Sapi Murni/Kepulauan Riau/2024-10-29,153415.31848307903
Daging Sapi Murni/Kepulauan Riau/2024-10-30,153430.22458533553
Daging Sapi Murni/Kepulauan Riau/2024-10-31,153325.410489377
Daging Sapi Murni/Kepulauan Riau/2024-11-01,153368.71107351175
Daging Sapi Murni/Kepulauan Riau/2024-11-02,153421.01712435472
Daging Sapi Murni/Kepulauan Riau/2024-11-03,153467.50887648744
Daging Sapi Murni/Kepulauan Riau/2024-11-04,153402.07307542767
Daging Sapi Murni/Kepulauan Riau/2024-11-05,153377.944134205
Daging Sapi Murni/Kepulauan Riau/2024-11-06,153395.82586390316
Daging Sapi Murni/Kepulauan Riau/2024-11-07,153445.99674357986
Daging Sapi Murni/Kepulauan Riau/2024-11-08,153381.0995696017
Daging Sapi Murni/Kepulauan Riau/2024-11-09,153375.9011839442
Daging Sapi Murni/Kepulauan Riau/2024-11-10,153386.04414801433
Daging Sapi Murni/Kepulauan Riau/2024-11-11,153371.0202913062
Daging Sapi Murni/Kepulauan Riau/2024-11-12,153405.51123676283
Daging Sapi Murni/Kepulauan Riau/2024-11-13,153453.433815512
Daging Sapi Murni/Kepulauan Riau/2024-11-14,153411.736377637
Daging Sapi Murni/Kepulauan Riau/2024-11-15,153393.4169807839
Daging Sapi Murni/Kepulauan Riau/2024-11-16,153392.26896512858
Daging Sapi Murni/Kepulauan Riau/2024-11-17,153351.6481622615
Daging Sapi Murni/Kepulauan Riau/2024-11-18,153430.11235889315
Daging Sapi Murni/Kepulauan Riau/2024-11-19,153399.00297251862
Daging Sapi Murni/Kepulauan Riau/2024-11-20,153395.62599006953
Daging Sapi Murni/Kepulauan Riau/2024-11-21,153503.893919324
Daging Sapi Murni/Kepulauan Riau/2024-11-22,153411.12017436232
Daging Sapi Murni/Kepulauan Riau/2024-11-23,153377.75330186123
Daging Sapi Murni/Kepulauan Riau/2024-11-24,153388.1722462933
Daging Sapi Murni/Kepulauan Riau/2024-11-25,153438.77999850304
Daging Sapi Murni/Kepulauan Riau/2024-11-26,153405.636930772
Daging Sapi Murni/Kepulauan Riau/2024-11-27,153355.41420394453
Daging Sapi Murni/Kepulauan Riau/2024-11-28,153431.01126164373
Daging Sapi Murni/Kepulauan Riau/2024-11-29,153380.1783394687
Daging Sapi Murni/Kepulauan Riau/2024-11-30,153461.77931961202
Daging Sapi Murni/Kepulauan Riau/2024-12-01,153436.17637110484
Daging Sapi Murni/Kepulauan Riau/2024-12-02,153387.21517047888
Daging Sapi Murni/Kepulauan Riau/2024-12-03,153442.97029716073
Daging Sapi Murni/Kepulauan Riau/2024-12-04,153404.0067494467
Daging Sapi Murni/Kepulauan Riau/2024-12-05,153429.3822200407
Daging Sapi Murni/Kepulauan Riau/2024-12-06,153417.38386334514
Daging Sapi Murni/Kepulauan Riau/2024-12-07,153374.59243265074
Daging Sapi Murni/Kepulauan Riau/2024-12-08,153381.21627943305
Daging Sapi Murni/Kepulauan Riau/2024-12-09,153434.73626951248
Daging Sapi Murni/Kepulauan Riau/2024-12-10,153390.9325342919
Daging Sapi Murni/Kepulauan Riau/2024-12-11,153388.59148238285
Daging Sapi Murni/Kepulauan Riau/2024-12-12,153370.80913522915
Daging Sapi Murni/Kepulauan Riau/2024-12-13,153415.13927403052
Daging Sapi Murni/Kepulauan Riau/2024-12-14,153467.79049979802
Daging Sapi Murni/Kepulauan Riau/2024-12-15,153367.2154039423
Daging Sapi Murni/Kepulauan Riau/2024-12-16,153402.32455574008
Daging Sapi Murni/Kepulauan Riau/2024-12-17,153446.95369957836
Daging Sapi Murni/Kepulauan Riau/2024-12-18,153399.27665164604
Daging Sapi Murni/Kepulauan Riau/2024-12-19,153416.34369754224
Daging Sapi Murni/Kepulauan Riau/2024-12-20,153367.4872932951
Daging Sapi Murni/Kepulauan Riau/2024-12-21,153415.50266843033
Daging Sapi Murni/Kepulauan Riau/2024-12-22,153395.76127973417
Daging Sapi Murni/Kepulauan Riau/2024-12-23,153433.18463876794
Daging Sapi Murni/Kepulauan Riau/2024-12-24,153439.67580432878
Daging Sapi Murni/Kepulauan Riau/2024-12-25,153484.65669108802
Daging Sapi Murni/Kepulauan Riau/2024-12-26,153420.44860039404
Daging Sapi Murni/Kepulauan Riau/2024-12-27,153412.41503876785
Daging Sapi Murni/Kepulauan Riau/2024-12-28,153408.39571686662
Daging Sapi Murni/Kepulauan Riau/2024-12-29,153390.81880530095
Daging Sapi Murni/Kepulauan Riau/2024-12-30,153412.9198967832
Daging Sapi Murni/Kepulauan Riau/2024-12-31,153392.23933020327
Daging Sapi Murni/Lampung/2024-10-01,153407.04741403557
Daging Sapi Murni/Lampung/2024-10-02,153443.87575193797
Daging Sapi Murni/Lampung/2024-10-03,153369.29628918102
Daging Sapi Murni/Lampung/2024-10-04,153438.2478518222
Daging Sapi Murni/Lampung/2024-10-05,153443.92401143073
Daging Sapi Murni/Lampung/2024-10-06,153397.98625935166
Daging Sapi Murni/Lampung/2024-10-07,153333.741011762
Daging Sapi Murni/Lampung/2024-10-08,153382.14937159375
Daging Sapi Murni/Lampung/2024-10-09,153443.37922118316
Daging Sapi Murni/Lampung/2024-10-10,153400.8181007721
Daging Sapi Murni/Lampung/2024-10-11,153369.2615522673
Daging Sapi Murni/Lampung/2024-10-12,153385.1149842386
Daging Sapi Murni/Lampung/2024-10-13,153428.5626971969
Daging Sapi Murni/Lampung/2024-10-14,153419.2042646385
Daging Sapi Murni/Lampung/2024-10-15,153393.8051410292
Daging Sapi Murni/Lampung/2024-10-16,153389.71644631238
Daging Sapi Murni/Lampung/2024-10-17,153389.0751223
Daging Sapi Murni/Lampung/2024-10-18,153372.11790552922
Daging Sapi Murni/Lampung/2024-10-19,153453.39013320385
Daging Sapi Murni/Lampung/2024-10-20,153391.1101958644
Daging Sapi Murni/Lampung/2024-10-21,153440.54443350493
Daging Sapi Murni/Lampung/2024-10-22,153450.39867401513
Daging Sapi Murni/Lampung/2024-10-23,153433.7674203244
Daging Sapi Murni/Lampung/2024-10-24,153388.1499433981
Daging Sapi Murni/Lampung/2024-10-25,153414.83840899647
Daging Sapi Murni/Lampung/2024-10-26,153401.247189108
Daging Sapi Murni/Lampung/2024-10-27,153372.90791713368
Daging Sapi Murni/Lampung/2024-10-28,153412.10113821016
Daging Sapi Murni/Lampung/2024-10-29,153363.69730150676
Daging Sapi Murni/Lampung/2024-10-30,153439.66150457528
Daging Sapi Murni/Lampung/2024-10-31,153386.55448952803
Daging Sapi Murni/Lampung/2024-11-01,153407.90298524778
Daging Sapi Murni/Lampung/2024-11-02,153410.6665679266
Daging Sapi Murni/Lampung/2024-11-03,153393.2320545472
Daging Sapi Murni/Lampung/2024-11-04,153420.55066719398
Daging Sapi Murni/Lampung/2024-11-05,153386.3303852613
Daging Sapi Murni/Lampung/2024-11-06,153429.6068560874
Daging Sapi Murni/Lampung/2024-11-07,153358.4502974191
Daging Sapi Murni/Lampung/2024-11-08,153405.652405963
Daging Sapi Murni/Lampung/2024-11-09,153463.83612971118
Daging Sapi Murni/Lampung/2024-11-10,153369.4523049102
Daging Sapi Murni/Lampung/2024-11-11,153379.89718711318
Daging Sapi Murni/Lampung/2024-11-12,153418.01285297188
Daging Sapi Murni/Lampung/2024-11-13,153407.48259049474
Daging Sapi Murni/Lampung/2024-11-14,153412.95684273273
Daging Sapi Murni/Lampung/2024-11-15,153417.127609603
Daging Sapi Murni/Lampung/2024-11-16,153421.97166337472
Daging Sapi Murni/Lampung/2024-11-17,153437.3671217125
Daging Sapi Murni/Lampung/2024-11-18,153414.91572020072
Daging Sapi Murni/Lampung/2024-11-19,153394.08905503288
Daging Sapi Murni/Lampung/2024-11-20,153423.43926657428
Daging Sapi Murni/Lampung/2024-11-21,153462.82020689285
Daging Sapi Murni/Lampung/2024-11-22,153397.60020937718
Daging Sapi Murni/Lampung/2024-11-23,153370.51727959237
Daging Sapi Murni/Lampung/2024-11-24,153437.31336216227
Daging Sapi Murni/Lampung/2024-11-25,153398.0108388221
Daging Sapi Murni/Lampung/2024-11-26,153332.08976524588
Daging Sapi Murni/Lampung/2024-11-27,153428.69064423913
Daging Sapi Murni/Lampung/2024-11-28,153384.29047460097
Daging Sapi Murni/Lampung/2024-11-29,153398.65519465806
Daging Sapi Murni/Lampung/2024-11-30,153412.00287677557
Daging Sapi Murni/Lampung/2024-12-01,153407.45021844012
Daging Sapi Murni/Lampung/2024-12-02,153424.4188180682
Daging Sapi Murni/Lampung/2024-12-03,153387.58275448668
Daging Sapi Murni/Lampung/2024-12-04,153418.12734883177
Daging Sapi Murni/Lampung/2024-12-05,153393.3790846055
Daging Sapi Murni/Lampung/2024-12-06,153425.3902384086
Daging Sapi Murni/Lampung/2024-12-07,153421.43009815013
Daging Sapi Murni/Lampung/2024-12-08,153371.60439154902
Daging Sapi Murni/Lampung/2024-12-09,153436.5601326715
Daging Sapi Murni/Lampung/2024-12-10,153384.47174975375
Daging Sapi Murni/Lampung/2024-12-11,153427.6594692021
Daging Sapi Murni/Lampung/2024-12-12,153413.43468841046
Daging Sapi Murni/Lampung/2024-12-13,153460.58138822872
Daging Sapi Murni/Lampung/2024-12-14,153394.6442243632
Daging Sapi Murni/Lampung/2024-12-15,153390.5398865216
Daging Sapi Murni/Lampung/2024-12-16,153401.275577254
Daging Sapi Murni/Lampung/2024-12-17,153392.09420570388
Daging Sapi Murni/Lampung/2024-12-18,153427.446882631
Daging Sapi Murni/Lampung/2024-12-19,153349.6472081334
Daging Sapi Murni/Lampung/2024-12-20,153367.70569202368
Daging Sapi Murni/Lampung/2024-12-21,153367.23911543933
Daging Sapi Murni/Lampung/2024-12-22,153431.89786358015
Daging Sapi Murni/Lampung/2024-12-23,153456.2516335534
Daging Sapi Murni/Lampung/2024-12-24,153397.87135480158
Daging Sapi Murni/Lampung/2024-12-25,153396.07568834937
Daging Sapi Murni/Lampung/2024-12-26,153403.95049752083
Daging Sapi Murni/Lampung/2024-12-27,153439.19295237024
Daging Sapi Murni/Lampung/2024-12-28,153372.06804870174
Daging Sapi Murni/Lampung/2024-12-29,153409.25206815157
Daging Sapi Murni/Lampung/2024-12-30,153432.9269744586
Daging Sapi Murni/Lampung/2024-12-31,153417.77029461288
Daging Sapi Murni/Maluku Utara/2024-10-01,153407.8127193095
Daging Sapi Murni/Maluku Utara/2024-10-02,153433.73611112696
Daging Sapi Murni/Maluku Utara/2024-10-03,153315.077085083
Daging Sapi Murni/Maluku Utara/2024-10-04,153423.55177027185
Daging Sapi Murni/Maluku Utara/2024-10-05,153380.6438755244
Daging Sapi Murni/Maluku Utara/2024-10-06,153342.76199658506
Daging Sapi Murni/Maluku Utara/2024-10-07,153417.78217248275
Daging Sapi Murni/Maluku Utara/2024-10-08,153445.2139494386
Daging Sapi Murni/Maluku Utara/2024-10-09,153397.07901914712
Daging Sapi Murni/Maluku Utara/2024-10-10,153431.9705200488
Daging Sapi Murni/Maluku Utara/2024-10-11,153453.27080070798
Daging Sapi Murni/Maluku Utara/2024-10-12,153444.09938231928
Daging Sapi Murni/Maluku Utara/2024-10-13,153454.6007357729
Daging Sapi Murni/Maluku Utara/2024-10-14,153425.76671831324
Daging Sapi Murni/Maluku Utara/2024-10-15,153404.57821441133
Daging Sapi Murni/Maluku Utara/2024-10-16,153350.77183686086
Daging Sapi Murni/Maluku Utara/2024-10-17,153394.11886821172
Daging Sapi Murni/Maluku Utara/2024-10-18,153374.76128673457
Daging Sapi Murni/Maluku Utara/2024-10-19,153471.18425623034
Daging Sapi Murni/Maluku Utara/2024-10-20,153395.73968423967
Daging Sapi Murni/Maluku Utara/2024-10-21,153405.3328971537
Daging Sapi Murni/Maluku Utara/2024-10-22,153419.34472923627
Daging Sapi Murni/Maluku Utara/2024-10-23,153403.13744085285
Daging Sapi Murni/Maluku Utara/2024-10-24,153456.30596340747
Daging Sapi Murni/Maluku Utara/2024-10-25,153381.6895918107
Daging Sapi Murni/Maluku Utara/2024-10-26,153408.00573153642
Daging Sapi Murni/Maluku Utara/2024-10-27,153377.97376764356
Daging Sapi Murni/Maluku Utara/2024-10-28,153359.37954004575
Daging Sapi Murni/Maluku Utara/2024-10-29,153382.06222212035
Daging Sapi Murni/Maluku Utara/2024-10-30,153400.17359418658
Daging Sapi Murni/Maluku Utara/2024-10-31,153387.58586637006
Daging Sapi Murni/Maluku Utara/2024-11-01,153379.03082029446
Daging Sapi Murni/Maluku Utara/2024-11-02,153356.1520458222
Daging Sapi Murni/Maluku Utara/2024-11-03,153398.71231267933
Daging Sapi Murni/Maluku Utara/2024-11-04,153353.08825273637
Daging Sapi Murni/Maluku Utara/2024-11-05,153425.65305490882
Daging Sapi Murni/Maluku Utara/2024-11-06,153403.87857685177
Daging Sapi Murni/Maluku Utara/2024-11-07,153354.50679316817
Daging Sapi Murni/Maluku Utara/2024-11-08,153391.50570659377
Daging Sapi Murni/Maluku Utara/2024-11-09,153377.24283821354
Daging Sapi Murni/Maluku Utara/2024-11-10,153411.7668107546
Daging Sapi Murni/Maluku Utara/2024-11-11,153444.36274198096
Daging Sapi Murni/Maluku Utara/2024-11-12,153341.14618355734
Daging Sapi Murni/Maluku Utara/2024-11-13,153405.20387571678
Daging Sapi Murni/Maluku Utara/2024-11-14,153396.3979714067
Daging Sapi Murni/Maluku Utara/2024-11-15,153423.16194189395
Daging Sapi Murni/Maluku Utara/2024-11-16,153408.39944680603
Daging Sapi Murni/Maluku Utara/2024-11-17,153377.2344506208
Daging Sapi Murni/Maluku Utara/2024-11-18,153391.40193796676
Daging Sapi Murni/Maluku Utara/2024-11-19,153376.0699207675
Daging Sapi Murni/Maluku Utara/2024-11-20,153436.1256868736
Daging Sapi Murni/Maluku Utara/2024-11-21,153402.15459188411
Daging Sapi Murni/Maluku Utara/2024-11-22,153462.43709679495
Daging Sapi Murni/Maluku Utara/2024-11-23,153399.6445043719
Daging Sapi Murni/Maluku Utara/2024-11-24,153378.9863770679
Daging Sapi Murni/Maluku Utara/2024-11-25,153353.3243434548
Daging Sapi Murni/Maluku Utara/2024-11-26,153343.87747694462
Daging Sapi Murni/Maluku Utara/2024-11-27,153350.81289830882
Daging Sapi Murni/Maluku Utara/2024-11-28,153409.77712090008
Daging Sapi Murni/Maluku Utara/2024-11-29,153417.36913075348
Daging Sapi Murni/Maluku Utara/2024-11-30,153350.29056036292
Daging Sapi Murni/Maluku Utara/2024-12-01,153429.87566344062
Daging Sapi Murni/Maluku Utara/2024-12-02,153385.8673049356
Daging Sapi Murni/Maluku Utara/2024-12-03,153406.28178645592
Daging Sapi Murni/Maluku Utara/2024-12-04,153453.2516065017
Daging Sapi Murni/Maluku Utara/2024-12-05,153430.2493131237
Daging Sapi Murni/Maluku Utara/2024-12-06,153393.1619916533
Daging Sapi Murni/Maluku Utara/2024-12-07,153373.13626440137
Daging Sapi Murni/Maluku Utara/2024-12-08,153332.80233508346
Daging Sapi Murni/Maluku Utara/2024-12-09,153378.71709826178
Daging Sapi Murni/Maluku Utara/2024-12-10,153394.67692986166
Daging Sapi Murni/Maluku Utara/2024-12-11,153369.5117627541
Daging Sapi Murni/Maluku Utara/2024-12-12,153396.8819649335
Daging Sapi Murni/Maluku Utara/2024-12-13,153403.58081081352
Daging Sapi Murni/Maluku Utara/2024-12-14,153394.14204493264
Daging Sapi Murni/Maluku Utara/2024-12-15,153380.55873229838
Daging Sapi Murni/Maluku Utara/2024-12-16,153406.81648756893
Daging Sapi Murni/Maluku Utara/2024-12-17,153415.69793290828
Daging Sapi Murni/Maluku Utara/2024-12-18,153366.5336002564
Daging Sapi Murni/Maluku Utara/2024-12-19,153446.76448612087
Daging Sapi Murni/Maluku Utara/2024-12-20,153398.3608258853
Daging Sapi Murni/Maluku Utara/2024-12-21,153402.24488979994
Daging Sapi Murni/Maluku Utara/2024-12-22,153424.36734323803
Daging Sapi Murni/Maluku Utara/2024-12-23,153409.09813206925
Daging Sapi Murni/Maluku Utara/2024-12-24,153432.40605033335
Daging Sapi Murni/Maluku Utara/2024-12-25,153410.89164332004
Daging Sapi Murni/Maluku Utara/2024-12-26,153382.1089658764
Daging Sapi Murni/Maluku Utara/2024-12-27,153413.40864169347
Daging Sapi Murni/Maluku Utara/2024-12-28,153365.0358171783
Daging Sapi Murni/Maluku Utara/2024-12-29,153405.17746080077
Daging Sapi Murni/Maluku Utara/2024-12-30,153400.45602581312
Daging Sapi Murni/Maluku Utara/2024-12-31,153394.7656139154
Daging Sapi Murni/Maluku/2024-10-01,153397.37624013398
Daging Sapi Murni/Maluku/2024-10-02,153341.0333488939
Daging Sapi Murni/Maluku/2024-10-03,153383.9167805514
Daging Sapi Murni/Maluku/2024-10-04,153404.39767657235
Daging Sapi Murni/Maluku/2024-10-05,153406.46054155348
Daging Sapi Murni/Maluku/2024-10-06,153368.31420024857
Daging Sapi Murni/Maluku/2024-10-07,153441.86213346274
Daging Sapi Murni/Maluku/2024-10-08,153373.70716604628
Daging Sapi Murni/Maluku/2024-10-09,153432.68159399118
Daging Sapi Murni/Maluku/2024-10-10,153415.27856352864
Daging Sapi Murni/Maluku/2024-10-11,153380.8426317327
Daging Sapi Murni/Maluku/2024-10-12,153458.7256631582
Daging Sapi Murni/Maluku/2024-10-13,153363.32431402896
Daging Sapi Murni/Maluku/2024-10-14,153431.28523110543
Daging Sapi Murni/Maluku/2024-10-15,153433.79462505903
Daging Sapi Murni/Maluku/2024-10-16,153380.1597037375
Daging Sapi Murni/Maluku/2024-10-17,153446.5035976241
Daging Sapi Murni/Maluku/2024-10-18,153393.59734855758
Daging Sapi Murni/Maluku/2024-10-19,153411.11672873335
Daging Sapi Murni/Maluku/2024-10-20,153410.12309279083
Daging Sapi Murni/Maluku/2024-10-21,153397.3548214891
Daging Sapi Murni/Maluku/2024-10-22,153427.81083639493
Daging Sapi Murni/Maluku/2024-10-23,153427.08686560197
Daging Sapi Murni/Maluku/2024-10-24,153345.60517064875
Daging Sapi Murni/Maluku/2024-10-25,153443.54587135446
Daging Sapi Murni/Maluku/2024-10-26,153348.32279157054
Daging Sapi Murni/Maluku/2024-10-27,153434.80505252024
Daging Sapi Murni/Maluku/2024-10-28,153437.68851884906
Daging Sapi Murni/Maluku/2024-10-29,153366.4236832813
Daging Sapi Murni/Maluku/2024-10-30,153388.52081036745
Daging Sapi Murni/Maluku/2024-10-31,153366.0314252276
Daging Sapi Murni/Maluku/2024-11-01,153394.8191757604
Daging Sapi Murni/Maluku/2024-11-02,153391.61546394444
Daging Sapi Murni/Maluku/2024-11-03,153426.27626443014
Daging Sapi Murni/Maluku/2024-11-04,153443.41935130314
Daging Sapi Murni/Maluku/2024-11-05,153446.2377944404
Daging Sapi Murni/Maluku/2024-11-06,153383.66076825716
Daging Sapi Murni/Maluku/2024-11-07,153395.115551907
Daging Sapi Murni/Maluku/2024-11-08,153347.9278982686
Daging Sapi Murni/Maluku/2024-11-09,153375.97611219168
Daging Sapi Murni/Maluku/2024-11-10,153432.53769401877
Daging Sapi Murni/Maluku/2024-11-11,153453.1432284925
Daging Sapi Murni/Maluku/2024-11-12,153361.7611052212
Daging Sapi Murni/Maluku/2024-11-13,153382.39796987642
Daging Sapi Murni/Maluku/2024-11-14,153400.81040758087
Daging Sapi Murni/Maluku/2024-11-15,153410.75596098704
Daging Sapi Murni/Maluku/2024-11-16,153375.6274796812
Daging Sapi Murni/Maluku/2024-11-17,153414.94158541856
Daging Sapi Murni/Maluku/2024-11-18,153386.28299685582
Daging Sapi Murni/Maluku/2024-11-19,153401.09062410213
Daging Sapi Murni/Maluku/2024-11-20,153419.06741205088
Daging Sapi Murni/Maluku/2024-11-21,153401.696458756
Daging Sapi Murni/Maluku/2024-11-22,153387.61292624875
Daging Sapi Murni/Maluku/2024-11-23,153398.0413650869
Daging Sapi Murni/Maluku/2024-11-24,153398.78740488883
Daging Sapi Murni/Maluku/2024-11-25,153389.7395320949
Daging Sapi Murni/Maluku/2024-11-26,153393.20389603754
Daging Sapi Murni/Maluku/2024-11-27,153452.77487132166
Daging Sapi Murni/Maluku/2024-11-28,153419.5464562575
Daging Sapi Murni/Maluku/2024-11-29,153392.12878529134
Daging Sapi Murni/Maluku/2024-11-30,153424.04404517147
Daging Sapi Murni/Maluku/2024-12-01,153391.08567902463
Daging Sapi Murni/Maluku/2024-12-02,153439.52926586138
Daging Sapi Murni/Maluku/2024-12-03,153413.56464347354
Daging Sapi Murni/Maluku/2024-12-04,153398.23487200617
Daging Sapi Murni/Maluku/2024-12-05,153416.14241069197
Daging Sapi Murni/Maluku/2024-12-06,153351.31683625947
Daging Sapi Murni/Maluku/2024-12-07,153365.62041251265
Daging Sapi Murni/Maluku/2024-12-08,153363.2373810856
Daging Sapi Murni/Maluku/2024-12-09,153405.97160329612
Daging Sapi Murni/Maluku/2024-12-10,153456.87892762708
Daging Sapi Murni/Maluku/2024-12-11,153472.76474345033
Daging Sapi Murni/Maluku/2024-12-12,153421.92281945937
Daging Sapi Murni/Maluku/2024-12-13,153417.81566530868
Daging Sapi Murni/Maluku/2024-12-14,153344.28155046236
Daging Sapi Murni/Maluku/2024-12-15,153384.73450941546
Daging Sapi Murni/Maluku/2024-12-16,153376.62603239706
Daging Sapi Murni/Maluku/2024-12-17,153381.5960706896
Daging Sapi Murni/Maluku/2024-12-18,153395.93120889075
Daging Sapi Murni/Maluku/2024-12-19,153386.00700571333
Daging Sapi Murni/Maluku/2024-12-20,153337.82094432344
Daging Sapi Murni/Maluku/2024-12-21,153425.30815245566
Daging Sapi Murni/Maluku/2024-12-22,153366.90739728222
Daging Sapi Murni/Maluku/2024-12-23,153409.0086349428
Daging Sapi Murni/Maluku/2024-12-24,153467.84125658148
Daging Sapi Murni/Maluku/2024-12-25,153371.8552569598
Daging Sapi Murni/Maluku/2024-12-26,153320.4826974271
Daging Sapi Murni/Maluku/2024-12-27,153392.3666552437
Daging Sapi Murni/Maluku/2024-12-28,153436.95846350997
Daging Sapi Murni/Maluku/2024-12-29,153464.37355651113
Daging Sapi Murni/Maluku/2024-12-30,153361.77282294206
Daging Sapi Murni/Maluku/2024-12-31,153417.3252083957
Daging Sapi Murni/Nusa Tenggara Barat/2024-10-01,153386.87357140187
Daging Sapi Murni/Nusa Tenggara Barat/2024-10-02,153398.4822378279
Daging Sapi Murni/Nusa Tenggara Barat/2024-10-03,153486.58058156382
Daging Sapi Murni/Nusa Tenggara Barat/2024-10-04,153353.25576259388
Daging Sapi Murni/Nusa Tenggara Barat/2024-10-05,153409.85210567986
Daging Sapi Murni/Nusa Tenggara Barat/2024-10-06,153416.68599762543
Daging Sapi Murni/Nusa Tenggara Barat/2024-10-07,153436.62431426792
Daging Sapi Murni/Nusa Tenggara Barat/2024-10-08,153404.99417386728
Daging Sapi Murni/Nusa Tenggara Barat/2024-10-09,153411.4028586174
Daging Sapi Murni/Nusa Tenggara Barat/2024-10-10,153389.22909066576
Daging Sapi Murni/Nusa Tenggara Barat/2024-10-11,153410.44156742116
Daging Sapi Murni/Nusa Tenggara Barat/2024-10-12,153390.7521526168
Daging Sapi Murni/Nusa Tenggara Barat/2024-10-13,153421.55626963306
Daging Sapi Murni/Nusa Tenggara Barat/2024-10-14,153389.74173068622
Daging Sapi Murni/Nusa Tenggara Barat/2024-10-15,153413.66282562117
Daging Sapi Murni/Nusa Tenggara Barat/2024-10-16,153400.6901307105
Daging Sapi Murni/Nusa Tenggara Barat/2024-10-17,153437.73609748078
Daging Sapi Murni/Nusa Tenggara Barat/2024-10-18,153400.0391091837
Daging Sapi Murni/Nusa Tenggara Barat/2024-10-19,153344.74731717896
Daging Sapi Murni/Nusa Tenggara Barat/2024-10-20,153442.19198456532
Daging Sapi Murni/Nusa Tenggara Barat/2024-10-21,153372.57707620953
Daging Sapi Murni/Nusa Tenggara Barat/2024-10-22,153380.64451675452
Daging Sapi Murni/Nusa Tenggara Barat/2024-10-23,153382.29792564298
Daging Sapi Murni/Nusa Tenggara Barat/2024-10-24,153445.45996704823
Daging Sapi Murni/Nusa Tenggara Barat/2024-10-25,153333.0544190258
Daging Sapi Murni/Nusa Tenggara Barat/2024-10-26,153502.04087208837
Daging Sapi Murni/Nusa Tenggara Barat/2024-10-27,153435.38600368195
Daging Sapi Murni/Nusa Tenggara Barat/2024-10-28,153408.84030298362
Daging Sapi Murni/Nusa Tenggara Barat/2024-10-29,153400.11722304425
Daging Sapi Murni/Nusa Tenggara Barat/2024-10-30,153410.9469349022
Daging Sapi Murni/Nusa Tenggara Barat/2024-10-31,153418.90298636767
Daging Sapi Murni/Nusa Tenggara Barat/2024-11-01,153422.4917427456
Daging Sapi Murni/Nusa Tenggara Barat/2024-11-02,153419.51582065187
Daging Sapi Murni/Nusa Tenggara Barat/2024-11-03,153404.5926430963
Daging Sapi Murni/Nusa Tenggara Barat/2024-11-04,153395.45764381488
Daging Sapi Murni/Nusa Tenggara Barat/2024-11-05,153396.94154407614
Daging Sapi Murni/Nusa Tenggara Barat/2024-11-06,153395.48586613772
Daging Sapi Murni/Nusa Tenggara Barat/2024-11-07,153438.0269096289
Daging Sapi Murni/Nusa Tenggara Barat/2024-11-08,153420.62429219493
Daging Sapi Murni/Nusa Tenggara Barat/2024-11-09,153307.2485396651
Daging Sapi Murni/Nusa Tenggara Barat/2024-11-10,153422.6631628095
Daging Sapi Murni/Nusa Tenggara Barat/2024-11-11,153407.84656665998
Daging Sapi Murni/Nusa Tenggara Barat/2024-11-12,153400.98274380047
Daging Sapi Murni/Nusa Tenggara Barat/2024-11-13,153388.9131575568
Daging Sapi Murni/Nusa Tenggara Barat/2024-11-14,153437.33452645387
Daging Sapi Murni/Nusa Tenggara Barat/2024-11-15,153432.10892022066
Daging Sapi Murni/Nusa Tenggara Barat/2024-11-16,153376.86028932556
Daging Sapi Murni/Nusa Tenggara Barat/2024-11-17,153414.74022504792
Daging Sapi Murni/Nusa Tenggara Barat/2024-11-18,153370.54205925856
Daging Sapi Murni/Nusa Tenggara Barat/2024-11-19,153357.51651591394
Daging Sapi Murni/Nusa Tenggara Barat/2024-11-20,153381.46308801556
Daging Sapi Murni/Nusa Tenggara Barat/2024-11-21,153429.01477879536
Daging Sapi Murni/Nusa Tenggara Barat/2024-11-22,153431.96272423264
Daging Sapi Murni/Nusa Tenggara Barat/2024-11-23,153417.75893676674
Daging Sapi Murni/Nusa Tenggara Barat/2024-11-24,153424.73253722396
Daging Sapi Murni/Nusa Tenggara Barat/2024-11-25,153418.3033794736
Daging Sapi Murni/Nusa Tenggara Barat/2024-11-26,153381.34006148542
Daging Sapi Murni/Nusa Tenggara Barat/2024-11-27,153415.72517494726
Daging Sapi Murni/Nusa Tenggara Barat/2024-11-28,153427.45275387098
Daging Sapi Murni/Nusa Tenggara Barat/2024-11-29,153425.94124309134
Daging Sapi Murni/Nusa Tenggara Barat/2024-11-30,153439.8400409602
Daging Sapi Murni/Nusa Tenggara Barat/2024-12-01,153424.42983845968
Daging Sapi Murni/Nusa Tenggara Barat/2024-12-02,153413.18363425462
Daging Sapi Murni/Nusa Tenggara Barat/2024-12-03,153436.29641404375
Daging Sapi Murni/Nusa Tenggara Barat/2024-12-04,153401.1022884028
Daging Sapi Murni/Nusa Tenggara Barat/2024-12-05,153373.63952101834
Daging Sapi Murni/Nusa Tenggara Barat/2024-12-06,153396.57869935353
Daging Sapi Murni/Nusa Tenggara Barat/2024-12-07,153377.80988945143
Daging Sapi Murni/Nusa Tenggara Barat/2024-12-08,153379.9606312089
Daging Sapi Murni/Nusa Tenggara Barat/2024-12-09,153396.7648147161
Daging Sapi Murni/Nusa Tenggara Barat/2024-12-10,153375.90274238033
Daging Sapi Murni/Nusa Tenggara Barat/2024-12-11,153391.49898586885
Daging Sapi Murni/Nusa Tenggara Barat/2024-12-12,153340.565090021
Daging Sapi Murni/Nusa Tenggara Barat/2024-12-13,153408.17831861883
Daging Sapi Murni/Nusa Tenggara Barat/2024-12-14,153401.36805958409
Daging Sapi Murni/Nusa Tenggara Barat/2024-12-15,153375.04674945542
Daging Sapi Murni/Nusa Tenggara Barat/2024-12-16,153422.46219287915
Daging Sapi Murni/Nusa Tenggara Barat/2024-12-17,153431.39645559044
Daging Sapi Murni/Nusa Tenggara Barat/2024-12-18,153350.0099362155
Daging Sapi Murni/Nusa Tenggara Barat/2024-12-19,153377.08626406503
Daging Sapi Murni/Nusa Tenggara Barat/2024-12-20,153376.8439849639
Daging Sapi Murni/Nusa Tenggara Barat/2024-12-21,153371.4152305737
Daging Sapi Murni/Nusa Tenggara Barat/2024-12-22,153427.9960192467
Daging Sapi Murni/Nusa Tenggara Barat/2024-12-23,153394.93753250598
Daging Sapi Murni/Nusa Tenggara Barat/2024-12-24,153392.8502509012
Daging Sapi Murni/Nusa Tenggara Barat/2024-12-25,153337.11841684242
Daging Sapi Murni/Nusa Tenggara Barat/2024-12-26,153421.86267413382
Daging Sapi Murni/Nusa Tenggara Barat/2024-12-27,153361.7794943192
Daging Sapi Murni/Nusa Tenggara Barat/2024-12-28,153403.26428390847
Daging Sapi Murni/Nusa Tenggara Barat/2024-12-29,153410.18931117197
Daging Sapi Murni/Nusa Tenggara Barat/2024-12-30,153444.9364993936
Daging Sapi Murni/Nusa Tenggara Barat/2024-12-31,153359.57499088778
Daging Sapi Murni/Nusa Tenggara Timur/2024-10-01,153304.59785358593
Daging Sapi Murni/Nusa Tenggara Timur/2024-10-02,153407.5057496623
Daging Sapi Murni/Nusa Tenggara Timur/2024-10-03,153459.26969235187
Daging Sapi Murni/Nusa Tenggara Timur/2024-10-04,153441.13830086563
Daging Sapi Murni/Nusa Tenggara Timur/2024-10-05,153407.9102862328
Daging Sapi Murni/Nusa Tenggara Timur/2024-10-06,153385.65565071895
Daging Sapi Murni/Nusa Tenggara Timur/2024-10-07,153427.84998767092
Daging Sapi Murni/Nusa Tenggara Timur/2024-10-08,153370.75797882603
Daging Sapi Murni/Nusa Tenggara Timur/2024-10-09,153417.04782393502
Daging Sapi Murni/Nusa Tenggara Timur/2024-10-10,153417.8050369359
Daging Sapi Murni/Nusa Tenggara Timur/2024-10-11,153435.58787932212
Daging Sapi Murni/Nusa Tenggara Timur/2024-10-12,153490.23892498887
Daging Sapi Murni/Nusa Tenggara Timur/2024-10-13,153414.27807812282
Daging Sapi Murni/Nusa Tenggara Timur/2024-10-14,153385.65574569226
Daging Sapi Murni/Nusa Tenggara Timur/2024-10-15,153401.23998818267
Daging Sapi Murni/Nusa Tenggara Timur/2024-10-16,153345.31395857004
Daging Sapi Murni/Nusa Tenggara Timur/2024-10-17,153379.64040646626
Daging Sapi Murni/Nusa Tenggara Timur/2024-10-18,153388.3262856084
Daging Sapi Murni/Nusa Tenggara Timur/2024-10-19,153384.48109529697
Daging Sapi Murni/Nusa Tenggara Timur/2024-10-20,153406.1558699516
Daging Sapi Murni/Nusa Tenggara Timur/2024-10-21,153374.79741355297
Daging Sapi Murni/Nusa Tenggara Timur/2024-10-22,153437.35067132633
Daging Sapi Murni/Nusa Tenggara Timur/2024-10-23,153401.45949375152
Daging Sapi Murni/Nusa Tenggara Timur/2024-10-24,153401.2166770544
Daging Sapi Murni/Nusa Tenggara Timur/2024-10-25,153391.08624615992
Daging Sapi Murni/Nusa Tenggara Timur/2024-10-26,153406.57724462735
Daging Sapi Murni/Nusa Tenggara Timur/2024-10-27,153428.2021313441
Daging Sapi Murni/Nusa Tenggara Timur/2024-10-28,153373.75585076195
Daging Sapi Murni/Nusa Tenggara Timur/2024-10-29,153380.46860853708
Daging Sapi Murni/Nusa Tenggara Timur/2024-10-30,153391.82478480897
Daging Sapi Murni/Nusa Tenggara Timur/2024-10-31,153358.39349227783
Daging Sapi Murni/Nusa Tenggara Timur/2024-11-01,153375.19408682102
Daging Sapi Murni/Nusa Tenggara Timur/2024-11-02,153385.974103937
Daging Sapi Murni/Nusa Tenggara Timur/2024-11-03,153429.32745969814
Daging Sapi Murni/Nusa Tenggara Timur/2024-11-04,153409.71675625932
Daging Sapi Murni/Nusa Tenggara Timur/2024-11-05,153407.5187742572
Daging Sapi Murni/Nusa Tenggara Timur/2024-11-06,153428.8166775776
Daging Sapi Murni/Nusa Tenggara Timur/2024-11-07,153397.2707404927
Daging Sapi Murni/Nusa Tenggara Timur/2024-11-08,153414.3325852203
Daging Sapi Murni/Nusa Tenggara Timur/2024-11-09,153398.4137239055
Daging Sapi Murni/Nusa Tenggara Timur/2024-11-10,153410.24002144305
Daging Sapi Murni/Nusa Tenggara Timur/2024-11-11,153383.02617299702
Daging Sapi Murni/Nusa Tenggara Timur/2024-11-12,153323.34847583325
Daging Sapi Murni/Nusa Tenggara Timur/2024-11-13,153397.25473020333
Daging Sapi Murni/Nusa Tenggara Timur/2024-11-14,153447.05898765984
Daging Sapi Murni/Nusa Tenggara Timur/2024-11-15,153431.0687545808
Daging Sapi Murni/Nusa Tenggara Timur/2024-11-16,153432.27598678606
Daging Sapi Murni/Nusa Tenggara Timur/2024-11-17,153441.10481140218
Daging Sapi Murni/Nusa Tenggara Timur/2024-11-18,153404.75872941408
Daging Sapi Murni/Nusa Tenggara Timur/2024-11-19,153408.3950951861
Daging Sapi Murni/Nusa Tenggara Timur/2024-11-20,153382.13993642665
Daging Sapi Murni/Nusa Tenggara Timur/2024-11-21,153391.73675641685
Daging Sapi Murni/Nusa Tenggara Timur/2024-11-22,153421.50790349036
Daging Sapi Murni/Nusa Tenggara Timur/2024-11-23,153440.19708835843
Daging Sapi Murni/Nusa Tenggara Timur/2024-11-24,153397.10210942742
Daging Sapi Murni/Nusa Tenggara Timur/2024-11-25,153387.14314931873
Daging Sapi Murni/Nusa Tenggara Timur/2024-11-26,153401.73142071333
Daging Sapi Murni/Nusa Tenggara Timur/2024-11-27,153421.07397230255
Daging Sapi Murni/Nusa Tenggara Timur/2024-11-28,153355.3769056089
Daging Sapi Murni/Nusa Tenggara Timur/2024-11-29,153327.8299709145
Daging Sapi Murni/Nusa Tenggara Timur/2024-11-30,153383.77558098058
Daging Sapi Murni/Nusa Tenggara Timur/2024-12-01,153362.20447254227
Daging Sapi Murni/Nusa Tenggara Timur/2024-12-02,153384.90864345324
Daging Sapi Murni/Nusa Tenggara Timur/2024-12-03,153396.22160621846
Daging Sapi Murni/Nusa Tenggara Timur/2024-12-04,153386.4997240581
Daging Sapi Murni/Nusa Tenggara Timur/2024-12-05,153447.89578009426
Daging Sapi Murni/Nusa Tenggara Timur/2024-12-06,153411.82519536058
Daging Sapi Murni/Nusa Tenggara Timur/2024-12-07,153411.18244322905
Daging Sapi Murni/Nusa Tenggara Timur/2024-12-08,153421.63344561635
Daging Sapi Murni/Nusa Tenggara Timur/2024-12-09,153365.21556798893
Daging Sapi Murni/Nusa Tenggara Timur/2024-12-10,153435.2107764097
Daging Sapi Murni/Nusa Tenggara Timur/2024-12-11,153399.25335455348
Daging Sapi Murni/Nusa Tenggara Timur/2024-12-12,153423.17281991118
Daging Sapi Murni/Nusa Tenggara Timur/2024-12-13,153367.24949970088
Daging Sapi Murni/Nusa Tenggara Timur/2024-12-14,153351.70412478846
Daging Sapi Murni/Nusa Tenggara Timur/2024-12-15,153427.93386761256
Daging Sapi Murni/Nusa Tenggara Timur/2024-12-16,153413.56373403594
Daging Sapi Murni/Nusa Tenggara Timur/2024-12-17,153372.5120912034
Daging Sapi Murni/Nusa Tenggara Timur/2024-12-18,153373.415816999
Daging Sapi Murni/Nusa Tenggara Timur/2024-12-19,153437.54487469367
Daging Sapi Murni/Nusa Tenggara Timur/2024-12-20,153363.4682888117
Daging Sapi Murni/Nusa Tenggara Timur/2024-12-21,153454.19422556608
Daging Sapi Murni/Nusa Tenggara Timur/2024-12-22,153372.5249743479
Daging Sapi Murni/Nusa Tenggara Timur/2024-12-23,153422.04909485823
Daging Sapi Murni/Nusa Tenggara Timur/2024-12-24,153391.16869309265
Daging Sapi Murni/Nusa Tenggara Timur/2024-12-25,153420.92117481676
Daging Sapi Murni/Nusa Tenggara Timur/2024-12-26,153384.2995950128
Daging Sapi Murni/Nusa Tenggara Timur/2024-12-27,153396.3054783314
Daging Sapi Murni/Nusa Tenggara Timur/2024-12-28,153402.97001861775
Daging Sapi Murni/Nusa Tenggara Timur/2024-12-29,153369.39516034626
Daging Sapi Murni/Nusa Tenggara Timur/2024-12-30,153425.34021862637
Daging Sapi Murni/Nusa Tenggara Timur/2024-12-31,153384.9837218423
Daging Sapi Murni/Papua Barat/2024-10-01,153394.16889442943
Daging Sapi Murni/Papua Barat/2024-10-02,153369.59453889172
Daging Sapi Murni/Papua Barat/2024-10-03,153319.22623646614
Daging Sapi Murni/Papua Barat/2024-10-04,153395.3551917583
Daging Sapi Murni/Papua Barat/2024-10-05,153478.65432920077
Daging Sapi Murni/Papua Barat/2024-10-06,153426.41020057356
Daging Sapi Murni/Papua Barat/2024-10-07,153400.65322882877
Daging Sapi Murni/Papua Barat/2024-10-08,153393.03821817468
Daging Sapi Murni/Papua Barat/2024-10-09,153402.64059075367
Daging Sapi Murni/Papua Barat/2024-10-10,153419.5572817603
Daging Sapi Murni/Papua Barat/2024-10-11,153363.7890842866
Daging Sapi Murni/Papua Barat/2024-10-12,153437.31549201853
Daging Sapi Murni/Papua Barat/2024-10-13,153424.51868478814
Daging Sapi Murni/Papua Barat/2024-10-14,153424.6764942167
Daging Sapi Murni/Papua Barat/2024-10-15,153415.7544528535
Daging Sapi Murni/Papua Barat/2024-10-16,153402.30766681544
Daging Sapi Murni/Papua Barat/2024-10-17,153423.5166282705
Daging Sapi Murni/Papua Barat/2024-10-18,153420.82503753854
Daging Sapi Murni/Papua Barat/2024-10-19,153390.43674165432
Daging Sapi Murni/Papua Barat/2024-10-20,153383.33595383458
Daging Sapi Murni/Papua Barat/2024-10-21,153404.96471419506
Daging Sapi Murni/Papua Barat/2024-10-22,153451.3989938081
Daging Sapi Murni/Papua Barat/2024-10-23,153361.8537812176
Daging Sapi Murni/Papua Barat/2024-10-24,153354.44730424264
Daging Sapi Murni/Papua Barat/2024-10-25,153406.8457854228
Daging Sapi Murni/Papua Barat/2024-10-26,153403.22482606643
Daging Sapi Murni/Papua Barat/2024-10-27,153407.08547266075
Daging Sapi Murni/Papua Barat/2024-10-28,153409.08222579435
Daging Sapi Murni/Papua Barat/2024-10-29,153394.25794010708
Daging Sapi Murni/Papua Barat/2024-10-30,153449.44881510458
Daging Sapi Murni/Papua Barat/2024-10-31,153350.28573399398
Daging Sapi Murni/Papua Barat/2024-11-01,153375.0813138951
Daging Sapi Murni/Papua Barat/2024-11-02,153398.30494106695
Daging Sapi Murni/Papua Barat/2024-11-03,153348.80591299213
Daging Sapi Murni/Papua Barat/2024-11-04,153395.83241347686
Daging Sapi Murni/Papua Barat/2024-11-05,153454.46486807047
Daging Sapi Murni/Papua Barat/2024-11-06,153402.00002729596
Daging Sapi Murni/Papua Barat/2024-11-07,153408.85253078004
Daging Sapi Murni/Papua Barat/2024-11-08,153361.05718244432
Daging Sapi Murni/Papua Barat/2024-11-09,153381.96978833614
Daging Sapi Murni/Papua Barat/2024-11-10,153389.7115993722
Daging Sapi Murni/Papua Barat/2024-11-11,153391.25595818184
Daging Sapi Murni/Papua Barat/2024-11-12,153442.50225992553
Daging Sapi Murni/Papua Barat/2024-11-13,153419.20541278654
Daging Sapi Murni/Papua Barat/2024-11-14,153365.84597054066
Daging Sapi Murni/Papua Barat/2024-11-15,153409.5315438418
Daging Sapi Murni/Papua Barat/2024-11-16,153417.67767102286
Daging Sapi Murni/Papua Barat/2024-11-17,153438.34012078433
Daging Sapi Murni/Papua Barat/2024-11-18,153452.3245311734
Daging Sapi Murni/Papua Barat/2024-11-19,153369.03837914215
Daging Sapi Murni/Papua Barat/2024-11-20,153375.84018608692
Daging Sapi Murni/Papua Barat/2024-11-21,153361.5134759786
Daging Sapi Murni/Papua Barat/2024-11-22,153394.2590529193
Daging Sapi Murni/Papua Barat/2024-11-23,153416.493234957
Daging Sapi Murni/Papua Barat/2024-11-24,153432.90706037916
Daging Sapi Murni/Papua Barat/2024-11-25,153398.91104309133
Daging Sapi Murni/Papua Barat/2024-11-26,153391.21836796752
Daging Sapi Murni/Papua Barat/2024-11-27,153406.56088746508
Daging Sapi Murni/Papua Barat/2024-11-28,153374.94869156336
Daging Sapi Murni/Papua Barat/2024-11-29,153468.72389881944
Daging Sapi Murni/Papua Barat/2024-11-30,153349.96040153
Daging Sapi Murni/Papua Barat/2024-12-01,153407.49466628046
Daging Sapi Murni/Papua Barat/2024-12-02,153466.5497808351
Daging Sapi Murni/Papua Barat/2024-12-03,153401.8512237372
Daging Sapi Murni/Papua Barat/2024-12-04,153395.7200416717
Daging Sapi Murni/Papua Barat/2024-12-05,153390.10057396645
Daging Sapi Murni/Papua Barat/2024-12-06,153396.05393461554
Daging Sapi Murni/Papua Barat/2024-12-07,153445.8825985772
Daging Sapi Murni/Papua Barat/2024-12-08,153330.5754415802
Daging Sapi Murni/Papua Barat/2024-12-09,153450.73627607807
Daging Sapi Murni/Papua Barat/2024-12-10,153355.85686289516
Daging Sapi Murni/Papua Barat/2024-12-11,153393.02200206238
Daging Sapi Murni/Papua Barat/2024-12-12,153387.7878559141
Daging Sapi Murni/Papua Barat/2024-12-13,153420.18948730253
Daging Sapi Murni/Papua Barat/2024-12-14,153350.30543616327
Daging Sapi Murni/Papua Barat/2024-12-15,153416.1398243239
Daging Sapi Murni/Papua Barat/2024-12-16,153466.42608999458
Daging Sapi Murni/Papua Barat/2024-12-17,153357.77620470244
Daging Sapi Murni/Papua Barat/2024-12-18,153407.68798878454
Daging Sapi Murni/Papua Barat/2024-12-19,153380.29031878404
Daging Sapi Murni/Papua Barat/2024-12-20,153415.43110455188
Daging Sapi Murni/Papua Barat/2024-12-21,153402.30490593624
Daging Sapi Murni/Papua Barat/2024-12-22,153380.79582977144
Daging Sapi Murni/Papua Barat/2024-12-23,153417.21345606673
Daging Sapi Murni/Papua Barat/2024-12-24,153459.4219641975
Daging Sapi Murni/Papua Barat/2024-12-25,153395.5328945882
Daging Sapi Murni/Papua Barat/2024-12-26,153424.75382876015
Daging Sapi Murni/Papua Barat/2024-12-27,153360.23110058057
Daging Sapi Murni/Papua Barat/2024-12-28,153371.17895236652
Daging Sapi Murni/Papua Barat/2024-12-29,153416.9451275995
Daging Sapi Murni/Papua Barat/2024-12-30,153449.1062413321
Daging Sapi Murni/Papua Barat/2024-12-31,153412.9132723636
Daging Sapi Murni/Papua/2024-10-01,153391.38339776598
Daging Sapi Murni/Papua/2024-10-02,153401.64275846622
Daging Sapi Murni/Papua/2024-10-03,153361.72521486346
Daging Sapi Murni/Papua/2024-10-04,153421.17657229552
Daging Sapi Murni/Papua/2024-10-05,153429.85131229012
Daging Sapi Murni/Papua/2024-10-06,153386.97316615254
Daging Sapi Murni/Papua/2024-10-07,153386.44884400966
Daging Sapi Murni/Papua/2024-10-08,153410.06421440822
Daging Sapi Murni/Papua/2024-10-09,153387.7012200644
Daging Sapi Murni/Papua/2024-10-10,153399.49201642242
Daging Sapi Murni/Papua/2024-10-11,153468.84098372486
Daging Sapi Murni/Papua/2024-10-12,153393.6297595448
Daging Sapi Murni/Papua/2024-10-13,153390.1822004594
Daging Sapi Murni/Papua/2024-10-14,153380.91348979223
Daging Sapi Murni/Papua/2024-10-15,153425.65598872822
Daging Sapi Murni/Papua/2024-10-16,153395.9801370012
Daging Sapi Murni/Papua/2024-10-17,153380.64837410746
Daging Sapi Murni/Papua/2024-10-18,153443.9021714848
Daging Sapi Murni/Papua/2024-10-19,153447.11823946252
Daging Sapi Murni/Papua/2024-10-20,153382.4515865549
Daging Sapi Murni/Papua/2024-10-21,153341.7792374402
Daging Sapi Murni/Papua/2024-10-22,153434.0428301652
Daging Sapi Murni/Papua/2024-10-23,153379.83377249498
Daging Sapi Murni/Papua/2024-10-24,153426.94948331188
Daging Sapi Murni/Papua/2024-10-25,153338.12763399148
Daging Sapi Murni/Papua/2024-10-26,153430.0277440733
Daging Sapi Murni/Papua/2024-10-27,153362.75776408546
Daging Sapi Murni/Papua/2024-10-28,153424.8743768782
Daging Sapi Murni/Papua/2024-10-29,153401.94116055602
Daging Sapi Murni/Papua/2024-10-30,153370.7344556653
Daging Sapi Murni/Papua/2024-10-31,153388.54655298308
Daging Sapi Murni/Papua/2024-11-01,153423.46396466525
Daging Sapi Murni/Papua/2024-11-02,153404.98825555705
Daging Sapi Murni/Papua/2024-11-03,153420.22679054565
Daging Sapi Murni/Papua/2024-11-04,153464.9084600117
Daging Sapi Murni/Papua/2024-11-05,153351.5077544068
Daging Sapi Murni/Papua/2024-11-06,153453.72474935473
Daging Sapi Murni/Papua/2024-11-07,153405.15427813222
Daging Sapi Murni/Papua/2024-11-08,153373.0193013597
Daging Sapi Murni/Papua/2024-11-09,153359.12114179498
Daging Sapi Murni/Papua/2024-11-10,153395.42518549456
Daging Sapi Murni/Papua/2024-11-11,153431.2361407013
Daging Sapi Murni/Papua/2024-11-12,153397.28400627885
Daging Sapi Murni/Papua/2024-11-13,153449.82336446978
Daging Sapi Murni/Papua/2024-11-14,153354.92406285158
Daging Sapi Murni/Papua/2024-11-15,153401.32646236732
Daging Sapi Murni/Papua/2024-11-16,153361.5669891945
Daging Sapi Murni/Papua/2024-11-17,153413.2533977698
Daging Sapi Murni/Papua/2024-11-18,153430.0119559149
Daging Sapi Murni/Papua/2024-11-19,153387.80293251792
Daging Sapi Murni/Papua/2024-11-20,153317.93986836175
Daging Sapi Murni/Papua/2024-11-21,153407.8371840264
Daging Sapi Murni/Papua/2024-11-22,153415.57112321767
Daging Sapi Murni/Papua/2024-11-23,153414.4057632019
Daging Sapi Murni/Papua/2024-11-24,153440.91388062047
Daging Sapi Murni/Papua/2024-11-25,153366.96815101564
Daging Sapi Murni/Papua/2024-11-26,153423.57938163698
Daging Sapi Murni/Papua/2024-11-27,153440.03192130823
Daging Sapi Murni/Papua/2024-11-28,153344.68521818327
Daging Sapi Murni/Papua/2024-11-29,153411.97636725553
Daging Sapi Murni/Papua/2024-11-30,153385.35673088557
Daging Sapi Murni/Papua/2024-12-01,153399.05278297438
Daging Sapi Murni/Papua/2024-12-02,153412.69154923948
Daging Sapi Murni/Papua/2024-12-03,153385.69760938332
Daging Sapi Murni/Papua/2024-12-04,153379.8872410253
Daging Sapi Murni/Papua/2024-12-05,153402.58891051586
Daging Sapi Murni/Papua/2024-12-06,153366.64230062667
Daging Sapi Murni/Papua/2024-12-07,153366.64214845173
Daging Sapi Murni/Papua/2024-12-08,153423.1471870328
Daging Sapi Murni/Papua/2024-12-09,153364.4791737044
Daging Sapi Murni/Papua/2024-12-10,153422.7471192523
Daging Sapi Murni/Papua/2024-12-11,153416.15442413458
Daging Sapi Murni/Papua/2024-12-12,153346.07552317978
Daging Sapi Murni/Papua/2024-12-13,153379.8436952017
Daging Sapi Murni/Papua/2024-12-14,153439.74842184133
Daging Sapi Murni/Papua/2024-12-15,153370.07343719224
Daging Sapi Murni/Papua/2024-12-16,153386.5169417542
Daging Sapi Murni/Papua/2024-12-17,153416.1308469619
Daging Sapi Murni/Papua/2024-12-18,153426.66583709116
Daging Sapi Murni/Papua/2024-12-19,153393.5607394564
Daging Sapi Murni/Papua/2024-12-20,153382.29960022823
Daging Sapi Murni/Papua/2024-12-21,153447.2641589565
Daging Sapi Murni/Papua/2024-12-22,153457.52054480635
Daging Sapi Murni/Papua/2024-12-23,153433.14373440793
Daging Sapi Murni/Papua/2024-12-24,153404.47527485597
Daging Sapi Murni/Papua/2024-12-25,153375.96516312356
Daging Sapi Murni/Papua/2024-12-26,153375.43142274732
Daging Sapi Murni/Papua/2024-12-27,153418.66116948752
Daging Sapi Murni/Papua/2024-12-28,153415.0500857854
Daging Sapi Murni/Papua/2024-12-29,153446.44085335877
Daging Sapi Murni/Papua/2024-12-30,153422.35413816085
Daging Sapi Murni/Papua/2024-12-31,153353.4412545053
Daging Sapi Murni/Riau/2024-10-01,153435.60399767858
Daging Sapi Murni/Riau/2024-10-02,153369.78750986457
Daging Sapi Murni/Riau/2024-10-03,153389.43731410507
Daging Sapi Murni/Riau/2024-10-04,153409.5540069714
Daging Sapi Murni/Riau/2024-10-05,153465.43552021508
Daging Sapi Murni/Riau/2024-10-06,153501.43394007522
Daging Sapi Murni/Riau/2024-10-07,153421.0835272895
Daging Sapi Murni/Riau/2024-10-08,153396.07070636153
Daging Sapi Murni/Riau/2024-10-09,153419.3442647041
Daging Sapi Murni/Riau/2024-10-10,153430.79304104106
Daging Sapi Murni/Riau/2024-10-11,153391.84496433145
Daging Sapi Murni/Riau/2024-10-12,153459.35635872785
Daging Sapi Murni/Riau/2024-10-13,153409.1234574109
Daging Sapi Murni/Riau/2024-10-14,153417.83074523936
Daging Sapi Murni/Riau/2024-10-15,153423.24172925277
Daging Sapi Murni/Riau/2024-10-16,153415.36139683824
Daging Sapi Murni/Riau/2024-10-17,153428.88643442103
Daging Sapi Murni/Riau/2024-10-18,153381.9830825328
Daging Sapi Murni/Riau/2024-10-19,153383.9008429612
Daging Sapi Murni/Riau/2024-10-20,153366.46175678854
Daging Sapi Murni/Riau/2024-10-21,153415.73823430092
Daging Sapi Murni/Riau/2024-10-22,153426.5194943563
Daging Sapi Murni/Riau/2024-10-23,153416.06260126433
Daging Sapi Murni/Riau/2024-10-24,153455.20559801272
Daging Sapi Murni/Riau/2024-10-25,153401.4465012923
Daging Sapi Murni/Riau/2024-10-26,153423.34409706554
Daging Sapi Murni/Riau/2024-10-27,153366.89234276718
Daging Sapi Murni/Riau/2024-10-28,153389.44722489055
Daging Sapi Murni/Riau/2024-10-29,153424.13100013338
Daging Sapi Murni/Riau/2024-10-30,153428.80787682132
Daging Sapi Murni/Riau/2024-10-31,153392.14020517629
Daging Sapi Murni/Riau/2024-11-01,153399.1996581269
Daging Sapi Murni/Riau/2024-11-02,153352.97282302205
Daging Sapi Murni/Riau/2024-11-03,153390.26419996505
Daging Sapi Murni/Riau/2024-11-04,153430.13613635706
Daging Sapi Murni/Riau/2024-11-05,153419.8501324062
Daging Sapi Murni/Riau/2024-11-06,153417.48745382504
Daging Sapi Murni/Riau/2024-11-07,153403.0565678132
Daging Sapi Murni/Riau/2024-11-08,153401.95678983437
Daging Sapi Murni/Riau/2024-11-09,153380.6413947838
Daging Sapi Murni/Riau/2024-11-10,153424.141543712
Daging Sapi Murni/Riau/2024-11-11,153415.14910414032
Daging Sapi Murni/Riau/2024-11-12,153417.37192150534
Daging Sapi Murni/Riau/2024-11-13,153384.73005104423
Daging Sapi Murni/Riau/2024-11-14,153332.5378547854
Daging Sapi Murni/Riau/2024-11-15,153436.9087732685
Daging Sapi Murni/Riau/2024-11-16,153386.18955471014
Daging Sapi Murni/Riau/2024-11-17,153373.75396443438
Daging Sapi Murni/Riau/2024-11-18,153423.55633171447
Daging Sapi Murni/Riau/2024-11-19,153388.7595480531
Daging Sapi Murni/Riau/2024-11-20,153435.64291622158
Daging Sapi Murni/Riau/2024-11-21,153421.27750232493
Daging Sapi Murni/Riau/2024-11-22,153423.52296018132
Daging Sapi Murni/Riau/2024-11-23,153357.95271442345
Daging Sapi Murni/Riau/2024-11-24,153440.61760813187
Daging Sapi Murni/Riau/2024-11-25,153410.20707977714
Daging Sapi Murni/Riau/2024-11-26,153389.85541630248
Daging Sapi Murni/Riau/2024-11-27,153406.2381772236
Daging Sapi Murni/Riau/2024-11-28,153344.5537000883
Daging Sapi Murni/Riau/2024-11-29,153414.83528539323
Daging Sapi Murni/Riau/2024-11-30,153368.465387817
Daging Sapi Murni/Riau/2024-12-01,153357.9776590037
Daging Sapi Murni/Riau/2024-12-02,153352.48211286083
Daging Sapi Murni/Riau/2024-12-03,153436.8791712523
Daging Sapi Murni/Riau/2024-12-04,153381.13106332693
Daging Sapi Murni/Riau/2024-12-05,153450.3951606941
Daging Sapi Murni/Riau/2024-12-06,153384.11563437906
Daging Sapi Murni/Riau/2024-12-07,153346.73472317998
Daging Sapi Murni/Riau/2024-12-08,153365.90493363625
Daging Sapi Murni/Riau/2024-12-09,153441.16193463904
Daging Sapi Murni/Riau/2024-12-10,153396.53123867506
Daging Sapi Murni/Riau/2024-12-11,153383.6684255774
Daging Sapi Murni/Riau/2024-12-12,153406.43850214852
Daging Sapi Murni/Riau/2024-12-13,153417.6394310018
Daging Sapi Murni/Riau/2024-12-14,153437.56413883416
Daging Sapi Murni/Riau/2024-12-15,153448.0468361919
Daging Sapi Murni/Riau/2024-12-16,153390.12885054413
Daging Sapi Murni/Riau/2024-12-17,153359.29962479384
Daging Sapi Murni/Riau/2024-12-18,153388.61144080933
Daging Sapi Murni/Riau/2024-12-19,153410.15285727396
Daging Sapi Murni/Riau/2024-12-20,153370.6762446466
Daging Sapi Murni/Riau/2024-12-21,153370.61388215772
Daging Sapi Murni/Riau/2024-12-22,153412.32908445926
Daging Sapi Murni/Riau/2024-12-23,153399.86061030417
Daging Sapi Murni/Riau/2024-12-24,153402.48427260658
Daging Sapi Murni/Riau/2024-12-25,153377.0214063511
Daging Sapi Murni/Riau/2024-12-26,153394.0768250985
Daging Sapi Murni/Riau/2024-12-27,153371.92019273425
Daging Sapi Murni/Riau/2024-12-28,153430.03982450644
Daging Sapi Murni/Riau/2024-12-29,153434.66048174954
Daging Sapi Murni/Riau/2024-12-30,153342.19532711976
Daging Sapi Murni/Riau/2024-12-31,153371.71294517923
Daging Sapi Murni/Sulawesi Barat/2024-10-01,153353.50926257472
Daging Sapi Murni/Sulawesi Barat/2024-10-02,153380.7129460074
Daging Sapi Murni/Sulawesi Barat/2024-10-03,153398.63352332564
Daging Sapi Murni/Sulawesi Barat/2024-10-04,153354.51080018704
Daging Sapi Murni/Sulawesi Barat/2024-10-05,153371.58730130634
Daging Sapi Murni/Sulawesi Barat/2024-10-06,153368.96202331551
Daging Sapi Murni/Sulawesi Barat/2024-10-07,153407.91650222402
Daging Sapi Murni/Sulawesi Barat/2024-10-08,153403.47384951197
Daging Sapi Murni/Sulawesi Barat/2024-10-09,153378.0214636522
Daging Sapi Murni/Sulawesi Barat/2024-10-10,153407.00856698997
Daging Sapi Murni/Sulawesi Barat/2024-10-11,153383.89116291585
Daging Sapi Murni/Sulawesi Barat/2024-10-12,153392.83101258302
Daging Sapi Murni/Sulawesi Barat/2024-10-13,153455.18114077847
Daging Sapi Murni/Sulawesi Barat/2024-10-14,153444.48935824662
Daging Sapi Murni/Sulawesi Barat/2024-10-15,153359.94278488925
Daging Sapi Murni/Sulawesi Barat/2024-10-16,153428.30712147843
Daging Sapi Murni/Sulawesi Barat/2024-10-17,153427.86037898803
Daging Sapi Murni/Sulawesi Barat/2024-10-18,153365.08304463705
Daging Sapi Murni/Sulawesi Barat/2024-10-19,153427.9883011498
Daging Sapi Murni/Sulawesi Barat/2024-10-20,153450.8877127233
Daging Sapi Murni/Sulawesi Barat/2024-10-21,153365.75848430494
Daging Sapi Murni/Sulawesi Barat/2024-10-22,153372.26075579863
Daging Sapi Murni/Sulawesi Barat/2024-10-23,153434.24215617217
Daging Sapi Murni/Sulawesi Barat/2024-10-24,153410.46701858207
Daging Sapi Murni/Sulawesi Barat/2024-10-25,153419.34053263304
Daging Sapi Murni/Sulawesi Barat/2024-10-26,153412.37179659758
Daging Sapi Murni/Sulawesi Barat/2024-10-27,153414.1869175393
Daging Sapi Murni/Sulawesi Barat/2024-10-28,153359.27842191418
Daging Sapi Murni/Sulawesi Barat/2024-10-29,153435.32476376105
Daging Sapi Murni/Sulawesi Barat/2024-10-30,153439.2207793351
Daging Sapi Murni/Sulawesi Barat/2024-10-31,153394.28498993014
Daging Sapi Murni/Sulawesi Barat/2024-11-01,153400.2468899526
Daging Sapi Murni/Sulawesi Barat/2024-11-02,153352.49461753003
Daging Sapi Murni/Sulawesi Barat/2024-11-03,153418.32006686242
Daging Sapi Murni/Sulawesi Barat/2024-11-04,153419.99774873248
Daging Sapi Murni/Sulawesi Barat/2024-11-05,153399.45246073927
Daging Sapi Murni/Sulawesi Barat/2024-11-06,153437.5532980971
Daging Sapi Murni/Sulawesi Barat/2024-11-07,153390.79185810938
Daging Sapi Murni/Sulawesi Barat/2024-11-08,153419.8994688262
Daging Sapi Murni/Sulawesi Barat/2024-11-09,153369.03753239647
Daging Sapi Murni/Sulawesi Barat/2024-11-10,153400.9367182161
Daging Sapi Murni/Sulawesi Barat/2024-11-11,153396.1007201728
Daging Sapi Murni/Sulawesi Barat/2024-11-12,153408.73771011212
Daging Sapi Murni/Sulawesi Barat/2024-11-13,153389.67646957663
Daging Sapi Murni/Sulawesi Barat/2024-11-14,153397.2104210433
Daging Sapi Murni/Sulawesi Barat/2024-11-15,153428.0655450312
Daging Sapi Murni/Sulawesi Barat/2024-11-16,153387.55004539853
Daging Sapi Murni/Sulawesi Barat/2024-11-17,153350.0426672853
Daging Sapi Murni/Sulawesi Barat/2024-11-18,153457.67499293917
Daging Sapi Murni/Sulawesi Barat/2024-11-19,153445.90360811382
Daging Sapi Murni/Sulawesi Barat/2024-11-20,153360.16304825598
Daging Sapi Murni/Sulawesi Barat/2024-11-21,153423.67575874826
Daging Sapi Murni/Sulawesi Barat/2024-11-22,153385.50649841488
Daging Sapi Murni/Sulawesi Barat/2024-11-23,153410.3628684461
Daging Sapi Murni/Sulawesi Barat/2024-11-24,153411.10444284912
Daging Sapi Murni/Sulawesi Barat/2024-11-25,153393.94311283572
Daging Sapi Murni/Sulawesi Barat/2024-11-26,153376.50797614089
Daging Sapi Murni/Sulawesi Barat/2024-11-27,153379.38588320807
Daging Sapi Murni/Sulawesi Barat/2024-11-28,153372.17584833474
Daging Sapi Murni/Sulawesi Barat/2024-11-29,153374.76916361842
Daging Sapi Murni/Sulawesi Barat/2024-11-30,153399.1614260315
Daging Sapi Murni/Sulawesi Barat/2024-12-01,153378.28489795682
Daging Sapi Murni/Sulawesi Barat/2024-12-02,153423.1620393478
Daging Sapi Murni/Sulawesi Barat/2024-12-03,153449.04529616938
Daging Sapi Murni/Sulawesi Barat/2024-12-04,153382.85130874658
Daging Sapi Murni/Sulawesi Barat/2024-12-05,153409.30537832683
Daging Sapi Murni/Sulawesi Barat/2024-12-06,153417.7128434043
Daging Sapi Murni/Sulawesi Barat/2024-12-07,153416.9793422364
Daging Sapi Murni/Sulawesi Barat/2024-12-08,153404.22261360742
Daging Sapi Murni/Sulawesi Barat/2024-12-09,153425.44372064862
Daging Sapi Murni/Sulawesi Barat/2024-12-10,153417.22444631468
Daging Sapi Murni/Sulawesi Barat/2024-12-11,153362.06257252823
Daging Sapi Murni/Sulawesi Barat/2024-12-12,153429.62432780443
Daging Sapi Murni/Sulawesi Barat/2024-12-13,153430.1558807739
Daging Sapi Murni/Sulawesi Barat/2024-12-14,153377.2124983427
Daging Sapi Murni/Sulawesi Barat/2024-12-15,153402.83744310302
Daging Sapi Murni/Sulawesi Barat/2024-12-16,153423.4888762356
Daging Sapi Murni/Sulawesi Barat/2024-12-17,153395.04775996215
Daging Sapi Murni/Sulawesi Barat/2024-12-18,153436.08778477248
Daging Sapi Murni/Sulawesi Barat/2024-12-19,153477.4175578842
Daging Sapi Murni/Sulawesi Barat/2024-12-20,153376.5530892818
Daging Sapi Murni/Sulawesi Barat/2024-12-21,153357.56228876414
Daging Sapi Murni/Sulawesi Barat/2024-12-22,153411.58478570124
Daging Sapi Murni/Sulawesi Barat/2024-12-23,153425.03494339957
Daging Sapi Murni/Sulawesi Barat/2024-12-24,153394.31866972597
Daging Sapi Murni/Sulawesi Barat/2024-12-25,153448.00919594095
Daging Sapi Murni/Sulawesi Barat/2024-12-26,153358.5664725593
Daging Sapi Murni/Sulawesi Barat/2024-12-27,153423.98725903558
Daging Sapi Murni/Sulawesi Barat/2024-12-28,153382.29332673352
Daging Sapi Murni/Sulawesi Barat/2024-12-29,153456.8062002006
Daging Sapi Murni/Sulawesi Barat/2024-12-30,153465.63387199357
Daging Sapi Murni/Sulawesi Barat/2024-12-31,153376.97341208978
Daging Sapi Murni/Sulawesi Selatan/2024-10-01,153384.23739335273
Daging Sapi Murni/Sulawesi Selatan/2024-10-02,153429.42837335943
Daging Sapi Murni/Sulawesi Selatan/2024-10-03,153389.56618691902
Daging Sapi Murni/Sulawesi Selatan/2024-10-04,153400.30542613537
Daging Sapi Murni/Sulawesi Selatan/2024-10-05,153402.28564356038
Daging Sapi Murni/Sulawesi Selatan/2024-10-06,153339.97821790472
Daging Sapi Murni/Sulawesi Selatan/2024-10-07,153401.16990454402
Daging Sapi Murni/Sulawesi Selatan/2024-10-08,153379.28413970364
Daging Sapi Murni/Sulawesi Selatan/2024-10-09,153385.55997878927
Daging Sapi Murni/Sulawesi Selatan/2024-10-10,153447.62415805802
Daging Sapi Murni/Sulawesi Selatan/2024-10-11,153360.9326991735
Daging Sapi Murni/Sulawesi Selatan/2024-10-12,153427.60129722717
Daging Sapi Murni/Sulawesi Selatan/2024-10-13,153392.55549845172
Daging Sapi Murni/Sulawesi Selatan/2024-10-14,153392.63622031175
Daging Sapi Murni/Sulawesi Selatan/2024-10-15,153427.04759613244
Daging Sapi Murni/Sulawesi Selatan/2024-10-16,153412.39559488228
Daging Sapi Murni/Sulawesi Selatan/2024-10-17,153420.00396090385
Daging Sapi Murni/Sulawesi Selatan/2024-10-18,153432.68916315294
Daging Sapi Murni/Sulawesi Selatan/2024-10-19,153391.10145208938
Daging Sapi Murni/Sulawesi Selatan/2024-10-20,153382.1961524157
Daging Sapi Murni/Sulawesi Selatan/2024-10-21,153366.9403117911
Daging Sapi Murni/Sulawesi Selatan/2024-10-22,153375.20688448206
Daging Sapi Murni/Sulawesi Selatan/2024-10-23,153496.17653564113
Daging Sapi Murni/Sulawesi Selatan/2024-10-24,153441.3254264616
Daging Sapi Murni/Sulawesi Selatan/2024-10-25,153358.1377485018
Daging Sapi Murni/Sulawesi Selatan/2024-10-26,153359.21657004528
Daging Sapi Murni/Sulawesi Selatan/2024-10-27,153417.3028610582
Daging Sapi Murni/Sulawesi Selatan/2024-10-28,153419.51896459467
Daging Sapi Murni/Sulawesi Selatan/2024-10-29,153419.12333145016
Daging Sapi Murni/Sulawesi Selatan/2024-10-30,153393.1441256657
Daging Sapi Murni/Sulawesi Selatan/2024-10-31,153397.51412189848
Daging Sapi Murni/Sulawesi Selatan/2024-11-01,153412.2782543492
Daging Sapi Murni/Sulawesi Selatan/2024-11-02,153404.46333942175
Daging Sapi Murni/Sulawesi Selatan/2024-11-03,153330.42371763563
Daging Sapi Murni/Sulawesi Selatan/2024-11-04,153394.14395604836
Daging Sapi Murni/Sulawesi Selatan/2024-11-05,153374.16038865715
Daging Sapi Murni/Sulawesi Selatan/2024-11-06,153407.02234989608
Daging Sapi Murni/Sulawesi Selatan/2024-11-07,153497.05263470343
Daging Sapi Murni/Sulawesi Selatan/2024-11-08,153413.03739601935
Daging Sapi Murni/Sulawesi Selatan/2024-11-09,153391.58679632374
Daging Sapi Murni/Sulawesi Selatan/2024-11-10,153431.36253703758
Daging Sapi Murni/Sulawesi Selatan/2024-11-11,153417.502433945
Daging Sapi Murni/Sulawesi Selatan/2024-11-12,153415.56470527788
Daging Sapi Murni/Sulawesi Selatan/2024-11-13,153421.1985315016
Daging Sapi Murni/Sulawesi Selatan/2024-11-14,153467.73690043026
Daging Sapi Murni/Sulawesi Selatan/2024-11-15,153365.6132697175
Daging Sapi Murni/Sulawesi Selatan/2024-11-16,153417.06072961187
Daging Sapi Murni/Sulawesi Selatan/2024-11-17,153372.13580644195
Daging Sapi Murni/Sulawesi Selatan/2024-11-18,153419.65222810738
Daging Sapi Murni/Sulawesi Selatan/2024-11-19,153372.261872687
Daging Sapi Murni/Sulawesi Selatan/2024-11-20,153388.01962851125
Daging Sapi Murni/Sulawesi Selatan/2024-11-21,153392.06091322203
Daging Sapi Murni/Sulawesi Selatan/2024-11-22,153432.72147436903
Daging Sapi Murni/Sulawesi Selatan/2024-11-23,153430.9904506665
Daging Sapi Murni/Sulawesi Selatan/2024-11-24,153361.48176193293
Daging Sapi Murni/Sulawesi Selatan/2024-11-25,153403.36938227926
Daging Sapi Murni/Sulawesi Selatan/2024-11-26,153378.9081858837
Daging Sapi Murni/Sulawesi Selatan/2024-11-27,153361.31838113567
Daging Sapi Murni/Sulawesi Selatan/2024-11-28,153394.53083776173
Daging Sapi Murni/Sulawesi Selatan/2024-11-29,153391.37231253536
Daging Sapi Murni/Sulawesi Selatan/2024-11-30,153479.23953782656
Daging Sapi Murni/Sulawesi Selatan/2024-12-01,153415.24303751174
Daging Sapi Murni/Sulawesi Selatan/2024-12-02,153357.2980769508
Daging Sapi Murni/Sulawesi Selatan/2024-12-03,153383.6144552633
Daging Sapi Murni/Sulawesi Selatan/2024-12-04,153434.5607406689
Daging Sapi Murni/Sulawesi Selatan/2024-12-05,153468.8554020218
Daging Sapi Murni/Sulawesi Selatan/2024-12-06,153350.63907135485
Daging Sapi Murni/Sulawesi Selatan/2024-12-07,153341.18097031847
Daging Sapi Murni/Sulawesi Selatan/2024-12-08,153461.73303085685
Daging Sapi Murni/Sulawesi Selatan/2024-12-09,153414.2735295564
Daging Sapi Murni/Sulawesi Selatan/2024-12-10,153373.76290625436
Daging Sapi Murni/Sulawesi Selatan/2024-12-11,153418.4678304545
Daging Sapi Murni/Sulawesi Selatan/2024-12-12,153316.97146129713
Daging Sapi Murni/Sulawesi Selatan/2024-12-13,153401.89280278003
Daging Sapi Murni/Sulawesi Selatan/2024-12-14,153411.94906204552
Daging Sapi Murni/Sulawesi Selatan/2024-12-15,153430.94674079632
Daging Sapi Murni/Sulawesi Selatan/2024-12-16,153368.84114565517
Daging Sapi Murni/Sulawesi Selatan/2024-12-17,153404.0272163308
Daging Sapi Murni/Sulawesi Selatan/2024-12-18,153371.95899572858
Daging Sapi Murni/Sulawesi Selatan/2024-12-19,153409.82514230863
Daging Sapi Murni/Sulawesi Selatan/2024-12-20,153372.81636061298
Daging Sapi Murni/Sulawesi Selatan/2024-12-21,153388.26292969263
Daging Sapi Murni/Sulawesi Selatan/2024-12-22,153369.4894966648
Daging Sapi Murni/Sulawesi Selatan/2024-12-23,153422.24971604286
Daging Sapi Murni/Sulawesi Selatan/2024-12-24,153428.9757526728
Daging Sapi Murni/Sulawesi Selatan/2024-12-25,153393.8433788279
Daging Sapi Murni/Sulawesi Selatan/2024-12-26,153402.73716677437
Daging Sapi Murni/Sulawesi Selatan/2024-12-27,153355.1077736547
Daging Sapi Murni/Sulawesi Selatan/2024-12-28,153392.11011421733
Daging Sapi Murni/Sulawesi Selatan/2024-12-29,153399.97612493267
Daging Sapi Murni/Sulawesi Selatan/2024-12-30,153485.5006435178
Daging Sapi Murni/Sulawesi Selatan/2024-12-31,153365.76071991152
Daging Sapi Murni/Sulawesi Tengah/2024-10-01,153448.45404443334
Daging Sapi Murni/Sulawesi Tengah/2024-10-02,153433.74331956162
Daging Sapi Murni/Sulawesi Tengah/2024-10-03,153410.91009383704
Daging Sapi Murni/Sulawesi Tengah/2024-10-04,153458.4528588328
Daging Sapi Murni/Sulawesi Tengah/2024-10-05,153413.7034453037
Daging Sapi Murni/Sulawesi Tengah/2024-10-06,153414.54292624397
Daging Sapi Murni/Sulawesi Tengah/2024-10-07,153400.25731639226
Daging Sapi Murni/Sulawesi Tengah/2024-10-08,153441.16716494883
Daging Sapi Murni/Sulawesi Tengah/2024-10-09,153437.13103364676
Daging Sapi Murni/Sulawesi Tengah/2024-10-10,153381.70571182773
Daging Sapi Murni/Sulawesi Tengah/2024-10-11,153359.47104070685
Daging Sapi Murni/Sulawesi Tengah/2024-10-12,153395.2560392682
Daging Sapi Murni/Sulawesi Tengah/2024-10-13,153376.08194341575
Daging Sapi Murni/Sulawesi Tengah/2024-10-14,153399.47200607107
Daging Sapi Murni/Sulawesi Tengah/2024-10-15,153440.97914361046
Daging Sapi Murni/Sulawesi Tengah/2024-10-16,153386.6525723928
Daging Sapi Murni/Sulawesi Tengah/2024-10-17,153400.1413394009
Daging Sapi Murni/Sulawesi Tengah/2024-10-18,153403.4160438126
Daging Sapi Murni/Sulawesi Tengah/2024-10-19,153428.90814396512
Daging Sapi Murni/Sulawesi Tengah/2024-10-20,153329.61846398332
Daging Sapi Murni/Sulawesi Tengah/2024-10-21,153382.04920327626
Daging Sapi Murni/Sulawesi Tengah/2024-10-22,153408.3008973263
Daging Sapi Murni/Sulawesi Tengah/2024-10-23,153439.96529347383
Daging Sapi Murni/Sulawesi Tengah/2024-10-24,153385.62716753595
Daging Sapi Murni/Sulawesi Tengah/2024-10-25,153341.0571864889
Daging Sapi Murni/Sulawesi Tengah/2024-10-26,153421.45216852892
Daging Sapi Murni/Sulawesi Tengah/2024-10-27,153381.23043853274
Daging Sapi Murni/Sulawesi Tengah/2024-10-28,153363.35959228536
Daging Sapi Murni/Sulawesi Tengah/2024-10-29,153381.2422766278
Daging Sapi Murni/Sulawesi Tengah/2024-10-30,153395.3309560961
Daging Sapi Murni/Sulawesi Tengah/2024-10-31,153382.03400168888
Daging Sapi Murni/Sulawesi Tengah/2024-11-01,153330.48889631892
Daging Sapi Murni/Sulawesi Tengah/2024-11-02,153430.02067985857
Daging Sapi Murni/Sulawesi Tengah/2024-11-03,153442.21569610512
Daging Sapi Murni/Sulawesi Tengah/2024-11-04,153422.26263473413
Daging Sapi Murni/Sulawesi Tengah/2024-11-05,153364.8935569573
Daging Sapi Murni/Sulawesi Tengah/2024-11-06,153395.04936154257
Daging Sapi Murni/Sulawesi Tengah/2024-11-07,153401.6458064678
Daging Sapi Murni/Sulawesi Tengah/2024-11-08,153420.93767044035
Daging Sapi Murni/Sulawesi Tengah/2024-11-09,153422.97727958477
Daging Sapi Murni/Sulawesi Tengah/2024-11-10,153377.89248629863
Daging Sapi Murni/Sulawesi Tengah/2024-11-11,153404.26781076755
Daging Sapi Murni/Sulawesi Tengah/2024-11-12,153416.35597168055
Daging Sapi Murni/Sulawesi Tengah/2024-11-13,153448.4150257473
Daging Sapi Murni/Sulawesi Tengah/2024-11-14,153424.2651548736
Daging Sapi Murni/Sulawesi Tengah/2024-11-15,153426.95919821144
Daging Sapi Murni/Sulawesi Tengah/2024-11-16,153404.542734241
Daging Sapi Murni/Sulawesi Tengah/2024-11-17,153447.20678938992
Daging Sapi Murni/Sulawesi Tengah/2024-11-18,153415.1405402448
Daging Sapi Murni/Sulawesi Tengah/2024-11-19,153374.25295039444
Daging Sapi Murni/Sulawesi Tengah/2024-11-20,153446.88120385268
Daging Sapi Murni/Sulawesi Tengah/2024-11-21,153424.19228226968
Daging Sapi Murni/Sulawesi Tengah/2024-11-22,153387.63935599296
Daging Sapi Murni/Sulawesi Tengah/2024-11-23,153386.3186488611
Daging Sapi Murni/Sulawesi Tengah/2024-11-24,153411.18710105572
Daging Sapi Murni/Sulawesi Tengah/2024-11-25,153416.67194291955
Daging Sapi Murni/Sulawesi Tengah/2024-11-26,153407.94589199862
Daging Sapi Murni/Sulawesi Tengah/2024-11-27,153411.51679833184
Daging Sapi Murni/Sulawesi Tengah/2024-11-28,153456.17026261555
Daging Sapi Murni/Sulawesi Tengah/2024-11-29,153436.14805498865
Daging Sapi Murni/Sulawesi Tengah/2024-11-30,153407.94850326894
Daging Sapi Murni/Sulawesi Tengah/2024-12-01,153432.08726276763
Daging Sapi Murni/Sulawesi Tengah/2024-12-02,153368.84165041414
Daging Sapi Murni/Sulawesi Tengah/2024-12-03,153414.7772668802
Daging Sapi Murni/Sulawesi Tengah/2024-12-04,153459.86082392954
Daging Sapi Murni/Sulawesi Tengah/2024-12-05,153394.70401137063
Daging Sapi Murni/Sulawesi Tengah/2024-12-06,153374.53438758844
Daging Sapi Murni/Sulawesi Tengah/2024-12-07,153380.70774357906
Daging Sapi Murni/Sulawesi Tengah/2024-12-08,153366.8161649352
Daging Sapi Murni/Sulawesi Tengah/2024-12-09,153376.48810419242
Daging Sapi Murni/Sulawesi Tengah/2024-12-10,153389.4188058281
Daging Sapi Murni/Sulawesi Tengah/2024-12-11,153356.12597083114
Daging Sapi Murni/Sulawesi Tengah/2024-12-12,153401.73269434736
Daging Sapi Murni/Sulawesi Tengah/2024-12-13,153430.17196319002
Daging Sapi Murni/Sulawesi Tengah/2024-12-14,153372.18705775848
Daging Sapi Murni/Sulawesi Tengah/2024-12-15,153450.1427314386
Daging Sapi Murni/Sulawesi Tengah/2024-12-16,153417.84475658272
Daging Sapi Murni/Sulawesi Tengah/2024-12-17,153434.7812794532
Daging Sapi Murni/Sulawesi Tengah/2024-12-18,153380.68606044492
Daging Sapi Murni/Sulawesi Tengah/2024-12-19,153429.1585516207
Daging Sapi Murni/Sulawesi Tengah/2024-12-20,153366.90086816662
Daging Sapi Murni/Sulawesi Tengah/2024-12-21,153430.31547454864
Daging Sapi Murni/Sulawesi Tengah/2024-12-22,153407.2039317341
Daging Sapi Murni/Sulawesi Tengah/2024-12-23,153419.30830788094
Daging Sapi Murni/Sulawesi Tengah/2024-12-24,153363.95730132257
Daging Sapi Murni/Sulawesi Tengah/2024-12-25,153372.8436796511
Daging Sapi Murni/Sulawesi Tengah/2024-12-26,153420.86008084987
Daging Sapi Murni/Sulawesi Tengah/2024-12-27,153371.09677121844
Daging Sapi Murni/Sulawesi Tengah/2024-12-28,153416.31131795028
Daging Sapi Murni/Sulawesi Tengah/2024-12-29,153357.45206993326
Daging Sapi Murni/Sulawesi Tengah/2024-12-30,153428.656349051
Daging Sapi Murni/Sulawesi Tengah/2024-12-31,153361.98449470632
Daging Sapi Murni/Sulawesi Tenggara/2024-10-01,153419.1224950094
Daging Sapi Murni/Sulawesi Tenggara/2024-10-02,153421.5772655159
Daging Sapi Murni/Sulawesi Tenggara/2024-10-03,153379.06763339628
Daging Sapi Murni/Sulawesi Tenggara/2024-10-04,153420.30128232174
Daging Sapi Murni/Sulawesi Tenggara/2024-10-05,153409.86888988968
Daging Sapi Murni/Sulawesi Tenggara/2024-10-06,153384.42208812325
Daging Sapi Murni/Sulawesi Tenggara/2024-10-07,153369.28083093328
Daging Sapi Murni/Sulawesi Tenggara/2024-10-08,153338.54888081428
Daging Sapi Murni/Sulawesi Tenggara/2024-10-09,153412.76351313049
Daging Sapi Murni/Sulawesi Tenggara/2024-10-10,153351.13970964294
Daging Sapi Murni/Sulawesi Tenggara/2024-10-11,153404.2439402236
Daging Sapi Murni/Sulawesi Tenggara/2024-10-12,153392.69124508084
Daging Sapi Murni/Sulawesi Tenggara/2024-10-13,153422.995913811
Daging Sapi Murni/Sulawesi Tenggara/2024-10-14,153391.75599335783
Daging Sapi Murni/Sulawesi Tenggara/2024-10-15,153390.80953707828
Daging Sapi Murni/Sulawesi Tenggara/2024-10-16,153425.08606791007
Daging Sapi Murni/Sulawesi Tenggara/2024-10-17,153412.34943562467
Daging Sapi Murni/Sulawesi Tenggara/2024-10-18,153411.8063264318
Daging Sapi Murni/Sulawesi Tenggara/2024-10-19,153416.65678045066
Daging Sapi Murni/Sulawesi Tenggara/2024-10-20,153352.4148003726
Daging Sapi Murni/Sulawesi Tenggara/2024-10-21,153426.03677591085
Daging Sapi Murni/Sulawesi Tenggara/2024-10-22,153421.29819116913
Daging Sapi Murni/Sulawesi Tenggara/2024-10-23,153368.97774162545
Daging Sapi Murni/Sulawesi Tenggara/2024-10-24,153393.71524268403
Daging Sapi Murni/Sulawesi Tenggara/2024-10-25,153400.19593684396
Daging Sapi Murni/Sulawesi Tenggara/2024-10-26,153397.34082051297
Daging Sapi Murni/Sulawesi Tenggara/2024-10-27,153412.23153560577
Daging Sapi Murni/Sulawesi Tenggara/2024-10-28,153447.34087979427
Daging Sapi Murni/Sulawesi Tenggara/2024-10-29,153436.30004471872
Daging Sapi Murni/Sulawesi Tenggara/2024-10-30,153359.59593917205
Daging Sapi Murni/Sulawesi Tenggara/2024-10-31,153421.73815626506
Daging Sapi Murni/Sulawesi Tenggara/2024-11-01,153444.49301002902
Daging Sapi Murni/Sulawesi Tenggara/2024-11-02,153414.27612808804
Daging Sapi Murni/Sulawesi Tenggara/2024-11-03,153436.73317724324
Daging Sapi Murni/Sulawesi Tenggara/2024-11-04,153466.22806772293
Daging Sapi Murni/Sulawesi Tenggara/2024-11-05,153434.83829391946
Daging Sapi Murni/Sulawesi Tenggara/2024-11-06,153410.06916469955
Daging Sapi Murni/Sulawesi Tenggara/2024-11-07,153435.57070281592
Daging Sapi Murni/Sulawesi Tenggara/2024-11-08,153406.7756219327
Daging Sapi Murni/Sulawesi Tenggara/2024-11-09,153402.8544138813
Daging Sapi Murni/Sulawesi Tenggara/2024-11-10,153390.5979683214
Daging Sapi Murni/Sulawesi Tenggara/2024-11-11,153451.93216507457
Daging Sapi Murni/Sulawesi Tenggara/2024-11-12,153375.51194605307
Daging Sapi Murni/Sulawesi Tenggara/2024-11-13,153450.82726050715
Daging Sapi Murni/Sulawesi Tenggara/2024-11-14,153417.72655388137
Daging Sapi Murni/Sulawesi Tenggara/2024-11-15,153356.85321044282
Daging Sapi Murni/Sulawesi Tenggara/2024-11-16,153413.64595538826
Daging Sapi Murni/Sulawesi Tenggara/2024-11-17,153334.24642127252
Daging Sapi Murni/Sulawesi Tenggara/2024-11-18,153421.77616793773
Daging Sapi Murni/Sulawesi Tenggara/2024-11-19,153429.81833510895
Daging Sapi Murni/Sulawesi Tenggara/2024-11-20,153382.2870952269
Daging Sapi Murni/Sulawesi Tenggara/2024-11-21,153405.44218306424
Daging Sapi Murni/Sulawesi Tenggara/2024-11-22,153464.12758023568
Daging Sapi Murni/Sulawesi Tenggara/2024-11-23,153385.54929047928
Daging Sapi Murni/Sulawesi Tenggara/2024-11-24,153367.76994827198
Daging Sapi Murni/Sulawesi Tenggara/2024-11-25,153449.19260159548
Daging Sapi Murni/Sulawesi Tenggara/2024-11-26,153464.74663900156
Daging Sapi Murni/Sulawesi Tenggara/2024-11-27,153401.95027591143
Daging Sapi Murni/Sulawesi Tenggara/2024-11-28,153434.10013302887
Daging Sapi Murni/Sulawesi Tenggara/2024-11-29,153444.87892999084
Daging Sapi Murni/Sulawesi Tenggara/2024-11-30,153378.30291414948
Daging Sapi Murni/Sulawesi Tenggara/2024-12-01,153386.44867785208
Daging Sapi Murni/Sulawesi Tenggara/2024-12-02,153441.28440677887
Daging Sapi Murni/Sulawesi Tenggara/2024-12-03,153455.898030229
Daging Sapi Murni/Sulawesi Tenggara/2024-12-04,153419.8164307317
Daging Sapi Murni/Sulawesi Tenggara/2024-12-05,153373.4234686111
Daging Sapi Murni/Sulawesi Tenggara/2024-12-06,153465.60900645112
Daging Sapi Murni/Sulawesi Tenggara/2024-12-07,153384.97833227977
Daging Sapi Murni/Sulawesi Tenggara/2024-12-08,153391.16114768074
Daging Sapi Murni/Sulawesi Tenggara/2024-12-09,153412.6939414152
Daging Sapi Murni/Sulawesi Tenggara/2024-12-10,153451.5205985212
Daging Sapi Murni/Sulawesi Tenggara/2024-12-11,153429.23201947226
Daging Sapi Murni/Sulawesi Tenggara/2024-12-12,153414.93081790075
Daging Sapi Murni/Sulawesi Tenggara/2024-12-13,153416.65758313626
Daging Sapi Murni/Sulawesi Tenggara/2024-12-14,153403.3395867759
Daging Sapi Murni/Sulawesi Tenggara/2024-12-15,153419.8891050325
Daging Sapi Murni/Sulawesi Tenggara/2024-12-16,153320.64683441704
Daging Sapi Murni/Sulawesi Tenggara/2024-12-17,153392.16360782358
Daging Sapi Murni/Sulawesi Tenggara/2024-12-18,153409.30106521136
Daging Sapi Murni/Sulawesi Tenggara/2024-12-19,153364.47777329513
Daging Sapi Murni/Sulawesi Tenggara/2024-12-20,153413.71152325283
Daging Sapi Murni/Sulawesi Tenggara/2024-12-21,153394.5979791163
Daging Sapi Murni/Sulawesi Tenggara/2024-12-22,153457.81424644805
Daging Sapi Murni/Sulawesi Tenggara/2024-12-23,153452.01887035475
Daging Sapi Murni/Sulawesi Tenggara/2024-12-24,153386.64220331478
Daging Sapi Murni/Sulawesi Tenggara/2024-12-25,153397.01944905994
Daging Sapi Murni/Sulawesi Tenggara/2024-12-26,153399.5162764242
Daging Sapi Murni/Sulawesi Tenggara/2024-12-27,153387.47775670837
Daging Sapi Murni/Sulawesi Tenggara/2024-12-28,153407.9797801073
Daging Sapi Murni/Sulawesi Tenggara/2024-12-29,153377.1428562676
Daging Sapi Murni/Sulawesi Tenggara/2024-12-30,153365.22932891073
Daging Sapi Murni/Sulawesi Tenggara/2024-12-31,153421.45263136923
Daging Sapi Murni/Sulawesi Utara/2024-10-01,153421.62572346558
Daging Sapi Murni/Sulawesi Utara/2024-10-02,153375.65384076742
Daging Sapi Murni/Sulawesi Utara/2024-10-03,153430.14749310087
Daging Sapi Murni/Sulawesi Utara/2024-10-04,153381.26864056205
Daging Sapi Murni/Sulawesi Utara/2024-10-05,153409.83461262478
Daging Sapi Murni/Sulawesi Utara/2024-10-06,153427.95157541655
Daging Sapi Murni/Sulawesi Utara/2024-10-07,153400.4779600806
Daging Sapi Murni/Sulawesi Utara/2024-10-08,153416.2972184125
Daging Sapi Murni/Sulawesi Utara/2024-10-09,153385.04333966962
Daging Sapi Murni/Sulawesi Utara/2024-10-10,153395.43025517164
Daging Sapi Murni/Sulawesi Utara/2024-10-11,153395.0996122501
Daging Sapi Murni/Sulawesi Utara/2024-10-12,153377.61532412918
Daging Sapi Murni/Sulawesi Utara/2024-10-13,153395.86656956188
Daging Sapi Murni/Sulawesi Utara/2024-10-14,153351.72826672086
Daging Sapi Murni/Sulawesi Utara/2024-10-15,153385.6554703405
Daging Sapi Murni/Sulawesi Utara/2024-10-16,153392.20403872282
Daging Sapi Murni/Sulawesi Utara/2024-10-17,153393.0551846819
Daging Sapi Murni/Sulawesi Utara/2024-10-18,153393.54961494185
Daging Sapi Murni/Sulawesi Utara/2024-10-19,153399.2755507501
Daging Sapi Murni/Sulawesi Utara/2024-10-20,153416.82368288527
Daging Sapi Murni/Sulawesi Utara/2024-10-21,153429.55819052373
Daging Sapi Murni/Sulawesi Utara/2024-10-22,153380.70879369584
Daging Sapi Murni/Sulawesi Utara/2024-10-23,153363.01284578405
Daging Sapi Murni/Sulawesi Utara/2024-10-24,153368.2116240257
Daging Sapi Murni/Sulawesi Utara/2024-10-25,153385.96892299046
Daging Sapi Murni/Sulawesi Utara/2024-10-26,153390.14862527352
Daging Sapi Murni/Sulawesi Utara/2024-10-27,153376.5022939709
Daging Sapi Murni/Sulawesi Utara/2024-10-28,153359.6120007502
Daging Sapi Murni/Sulawesi Utara/2024-10-29,153386.63282704836
Daging Sapi Murni/Sulawesi Utara/2024-10-30,153407.13360966663
Daging Sapi Murni/Sulawesi Utara/2024-10-31,153420.3865874241
Daging Sapi Murni/Sulawesi Utara/2024-11-01,153383.40758734377
Daging Sapi Murni/Sulawesi Utara/2024-11-02,153388.129678581
Daging Sapi Murni/Sulawesi Utara/2024-11-03,153371.81682789666
Daging Sapi Murni/Sulawesi Utara/2024-11-04,153400.57328758735
Daging Sapi Murni/Sulawesi Utara/2024-11-05,153374.2776641745
Daging Sapi Murni/Sulawesi Utara/2024-11-06,153419.73644941222
Daging Sapi Murni/Sulawesi Utara/2024-11-07,153344.06550834447
Daging Sapi Murni/Sulawesi Utara/2024-11-08,153389.8220822296
Daging Sapi Murni/Sulawesi Utara/2024-11-09,153411.0785197374
Daging Sapi Murni/Sulawesi Utara/2024-11-10,153407.25085217194
Daging Sapi Murni/Sulawesi Utara/2024-11-11,153487.8495609807
Daging Sapi Murni/Sulawesi Utara/2024-11-12,153412.6157557318
Daging Sapi Murni/Sulawesi Utara/2024-11-13,153369.5344118169
Daging Sapi Murni/Sulawesi Utara/2024-11-14,153398.83720936786
Daging Sapi Murni/Sulawesi Utara/2024-11-15,153344.9145316543
Daging Sapi Murni/Sulawesi Utara/2024-11-16,153399.2778783297
Daging Sapi Murni/Sulawesi Utara/2024-11-17,153374.66504313005
Daging Sapi Murni/Sulawesi Utara/2024-11-18,153430.6183717803
Daging Sapi Murni/Sulawesi Utara/2024-11-19,153383.68706527146
Daging Sapi Murni/Sulawesi Utara/2024-11-20,153397.54297318473
Daging Sapi Murni/Sulawesi Utara/2024-11-21,153381.1277239985
Daging Sapi Murni/Sulawesi Utara/2024-11-22,153457.3032064965
Daging Sapi Murni/Sulawesi Utara/2024-11-23,153391.3270321048
Daging Sapi Murni/Sulawesi Utara/2024-11-24,153460.33232098885
Daging Sapi Murni/Sulawesi Utara/2024-11-25,153427.80416498435
Daging Sapi Murni/Sulawesi Utara/2024-11-26,153417.2762250959
Daging Sapi Murni/Sulawesi Utara/2024-11-27,153413.85570363884
Daging Sapi Murni/Sulawesi Utara/2024-11-28,153414.51839159188
Daging Sapi Murni/Sulawesi Utara/2024-11-29,153340.16367000242
Daging Sapi Murni/Sulawesi Utara/2024-11-30,153392.82651970076
Daging Sapi Murni/Sulawesi Utara/2024-12-01,153428.7413584091
Daging Sapi Murni/Sulawesi Utara/2024-12-02,153399.94260878168
Daging Sapi Murni/Sulawesi Utara/2024-12-03,153356.33777987913
Daging Sapi Murni/Sulawesi Utara/2024-12-04,153399.64608689363
Daging Sapi Murni/Sulawesi Utara/2024-12-05,153456.24638689877
Daging Sapi Murni/Sulawesi Utara/2024-12-06,153441.6134029085
Daging Sapi Murni/Sulawesi Utara/2024-12-07,153399.53937941973
Daging Sapi Murni/Sulawesi Utara/2024-12-08,153432.14547982597
Daging Sapi Murni/Sulawesi Utara/2024-12-09,153390.16292246382
Daging Sapi Murni/Sulawesi Utara/2024-12-10,153347.3438062484
Daging Sapi Murni/Sulawesi Utara/2024-12-11,153372.1169894634
Daging Sapi Murni/Sulawesi Utara/2024-12-12,153451.69168479377
Daging Sapi Murni/Sulawesi Utara/2024-12-13,153392.7059394661
Daging Sapi Murni/Sulawesi Utara/2024-12-14,153393.51626029212
Daging Sapi Murni/Sulawesi Utara/2024-12-15,153391.73971758416
Daging Sapi Murni/Sulawesi Utara/2024-12-16,153462.70383808148
Daging Sapi Murni/Sulawesi Utara/2024-12-17,153453.95004582862
Daging Sapi Murni/Sulawesi Utara/2024-12-18,153472.83712643114
Daging Sapi Murni/Sulawesi Utara/2024-12-19,153396.73789584756
Daging Sapi Murni/Sulawesi Utara/2024-12-20,153411.54558973794
Daging Sapi Murni/Sulawesi Utara/2024-12-21,153353.59451712357
Daging Sapi Murni/Sulawesi Utara/2024-12-22,153449.4511567532
Daging Sapi Murni/Sulawesi Utara/2024-12-23,153364.38182881597
Daging Sapi Murni/Sulawesi Utara/2024-12-24,153408.4780701156
Daging Sapi Murni/Sulawesi Utara/2024-12-25,153366.3115505108
Daging Sapi Murni/Sulawesi Utara/2024-12-26,153382.54021861372
Daging Sapi Murni/Sulawesi Utara/2024-12-27,153374.7268366967
Daging Sapi Murni/Sulawesi Utara/2024-12-28,153381.7844943679
Daging Sapi Murni/Sulawesi Utara/2024-12-29,153384.06054449323
Daging Sapi Murni/Sulawesi Utara/2024-12-30,153383.63645884316
Daging Sapi Murni/Sulawesi Utara/2024-12-31,153428.03709395652
Daging Sapi Murni/Sumatera Barat/2024-10-01,153365.87270935008
Daging Sapi Murni/Sumatera Barat/2024-10-02,153408.47855769668
Daging Sapi Murni/Sumatera Barat/2024-10-03,153440.54171828716
Daging Sapi Murni/Sumatera Barat/2024-10-04,153385.07645395983
Daging Sapi Murni/Sumatera Barat/2024-10-05,153378.60667690335
Daging Sapi Murni/Sumatera Barat/2024-10-06,153394.12665203388
Daging Sapi Murni/Sumatera Barat/2024-10-07,153439.5259458292
Daging Sapi Murni/Sumatera Barat/2024-10-08,153407.86802635988
Daging Sapi Murni/Sumatera Barat/2024-10-09,153384.43138352042
Daging Sapi Murni/Sumatera Barat/2024-10-10,153417.09515575413
Daging Sapi Murni/Sumatera Barat/2024-10-11,153366.32529818776
Daging Sapi Murni/Sumatera Barat/2024-10-12,153423.5924169234
Daging Sapi Murni/Sumatera Barat/2024-10-13,153414.6567899475
Daging Sapi Murni/Sumatera Barat/2024-10-14,153391.63886113596
Daging Sapi Murni/Sumatera Barat/2024-10-15,153374.69034539632
Daging Sapi Murni/Sumatera Barat/2024-10-16,153373.06365117856
Daging Sapi Murni/Sumatera Barat/2024-10-17,153418.794723142
Daging Sapi Murni/Sumatera Barat/2024-10-18,153440.92316211484
Daging Sapi Murni/Sumatera Barat/2024-10-19,153380.96455504498
Daging Sapi Murni/Sumatera Barat/2024-10-20,153416.1761811018
Daging Sapi Murni/Sumatera Barat/2024-10-21,153334.64455357153
Daging Sapi Murni/Sumatera Barat/2024-10-22,153382.9688772472
Daging Sapi Murni/Sumatera Barat/2024-10-23,153400.58875646855
Daging Sapi Murni/Sumatera Barat/2024-10-24,153372.12792432934
Daging Sapi Murni/Sumatera Barat/2024-10-25,153371.26252695415
Daging Sapi Murni/Sumatera Barat/2024-10-26,153379.71381705056
Daging Sapi Murni/Sumatera Barat/2024-10-27,153410.71837076987
Daging Sapi Murni/Sumatera Barat/2024-10-28,153395.33429558662
Daging Sapi Murni/Sumatera Barat/2024-10-29,153329.46467051347
Daging Sapi Murni/Sumatera Barat/2024-10-30,153333.2798638657
Daging Sapi Murni/Sumatera Barat/2024-10-31,153381.8504660386
Daging Sapi Murni/Sumatera Barat/2024-11-01,153415.9360999182
Daging Sapi Murni/Sumatera Barat/2024-11-02,153312.88850085408
Daging Sapi Murni/Sumatera Barat/2024-11-03,153384.87545442235
Daging Sapi Murni/Sumatera Barat/2024-11-04,153384.19179373895
Daging Sapi Murni/Sumatera Barat/2024-11-05,153445.8004798628
Daging Sapi Murni/Sumatera Barat/2024-11-06,153388.9043731143
Daging Sapi Murni/Sumatera Barat/2024-11-07,153413.44434196752
Daging Sapi Murni/Sumatera Barat/2024-11-08,153406.09493309702
Daging Sapi Murni/Sumatera Barat/2024-11-09,153333.29831488736
Daging Sapi Murni/Sumatera Barat/2024-11-10,153426.3752680714
Daging Sapi Murni/Sumatera Barat/2024-11-11,153408.39408308026
Daging Sapi Murni/Sumatera Barat/2024-11-12,153417.81405779358
Daging Sapi Murni/Sumatera Barat/2024-11-13,153527.43221170062
Daging Sapi Murni/Sumatera Barat/2024-11-14,153334.64630318675
Daging Sapi Murni/Sumatera Barat/2024-11-15,153457.29491634117
Daging Sapi Murni/Sumatera Barat/2024-11-16,153392.74337672986
Daging Sapi Murni/Sumatera Barat/2024-11-17,153411.25804501315
Daging Sapi Murni/Sumatera Barat/2024-11-18,153400.57421108033
Daging Sapi Murni/Sumatera Barat/2024-11-19,153387.88428703812
Daging Sapi Murni/Sumatera Barat/2024-11-20,153383.52662714873
Daging Sapi Murni/Sumatera Barat/2024-11-21,153412.11678063925
Daging Sapi Murni/Sumatera Barat/2024-11-22,153352.87313332377
Daging Sapi Murni/Sumatera Barat/2024-11-23,153425.54497614162
Daging Sapi Murni/Sumatera Barat/2024-11-24,153388.06049535365
Daging Sapi Murni/Sumatera Barat/2024-11-25,153365.17425809283
Daging Sapi Murni/Sumatera Barat/2024-11-26,153387.0236444467
Daging Sapi Murni/Sumatera Barat/2024-11-27,153441.6886814264
Daging Sapi Murni/Sumatera Barat/2024-11-28,153384.3553404083
Daging Sapi Murni/Sumatera Barat/2024-11-29,153412.90767301605
Daging Sapi Murni/Sumatera Barat/2024-11-30,153378.009872411
Daging Sapi Murni/Sumatera Barat/2024-12-01,153425.95007628854
Daging Sapi Murni/Sumatera Barat/2024-12-02,153423.70079511128
Daging Sapi Murni/Sumatera Barat/2024-12-03,153460.86625402252
Daging Sapi Murni/Sumatera Barat/2024-12-04,153396.06715879674
Daging Sapi Murni/Sumatera Barat/2024-12-05,153423.2031396364
Daging Sapi Murni/Sumatera Barat/2024-12-06,153405.1049662968
Daging Sapi Murni/Sumatera Barat/2024-12-07,153443.51989425646
Daging Sapi Murni/Sumatera Barat/2024-12-08,153378.8579941965
Daging Sapi Murni/Sumatera Barat/2024-12-09,153425.62227974142
Daging Sapi Murni/Sumatera Barat/2024-12-10,153395.5459181868
Daging Sapi Murni/Sumatera Barat/2024-12-11,153399.6750250403
Daging Sapi Murni/Sumatera Barat/2024-12-12,153404.6848749414
Daging Sapi Murni/Sumatera Barat/2024-12-13,153409.65395624147
Daging Sapi Murni/Sumatera Barat/2024-12-14,153397.94409905866
Daging Sapi Murni/Sumatera Barat/2024-12-15,153408.4635168601
Daging Sapi Murni/Sumatera Barat/2024-12-16,153452.25265678595
Daging Sapi Murni/Sumatera Barat/2024-12-17,153433.29200287777
Daging Sapi Murni/Sumatera Barat/2024-12-18,153429.634479805
Daging Sapi Murni/Sumatera Barat/2024-12-19,153387.20666685695
Daging Sapi Murni/Sumatera Barat/2024-12-20,153373.40964797686
Daging Sapi Murni/Sumatera Barat/2024-12-21,153432.62002490606
Daging Sapi Murni/Sumatera Barat/2024-12-22,153429.8726646828
Daging Sapi Murni/Sumatera Barat/2024-12-23,153448.90517563882
Daging Sapi Murni/Sumatera Barat/2024-12-24,153382.21170653473
Daging Sapi Murni/Sumatera Barat/2024-12-25,153394.3718397577
Daging Sapi Murni/Sumatera Barat/2024-12-26,153349.31880003016
Daging Sapi Murni/Sumatera Barat/2024-12-27,153389.18825132234
Daging Sapi Murni/Sumatera Barat/2024-12-28,153433.57167733074
Daging Sapi Murni/Sumatera Barat/2024-12-29,153386.350304633
Daging Sapi Murni/Sumatera Barat/2024-12-30,153421.91747485712
Daging Sapi Murni/Sumatera Barat/2024-12-31,153395.27800366317
Daging Sapi Murni/Sumatera Selatan/2024-10-01,153412.04097036528
Daging Sapi Murni/Sumatera Selatan/2024-10-02,153364.89461911237
Daging Sapi Murni/Sumatera Selatan/2024-10-03,153404.30532525308
Daging Sapi Murni/Sumatera Selatan/2024-10-04,153305.63211741057
Daging Sapi Murni/Sumatera Selatan/2024-10-05,153395.4274329445
Daging Sapi Murni/Sumatera Selatan/2024-10-06,153348.99723991903
Daging Sapi Murni/Sumatera Selatan/2024-10-07,153439.8025543112
Daging Sapi Murni/Sumatera Selatan/2024-10-08,153426.0895967843
Daging Sapi Murni/Sumatera Selatan/2024-10-09,153416.05072183217
Daging Sapi Murni/Sumatera Selatan/2024-10-10,153450.33395145682
Daging Sapi Murni/Sumatera Selatan/2024-10-11,153371.18690894535
Daging Sapi Murni/Sumatera Selatan/2024-10-12,153458.0289598834
Daging Sapi Murni/Sumatera Selatan/2024-10-13,153431.7915987466
Daging Sapi Murni/Sumatera Selatan/2024-10-14,153394.28122076014
Daging Sapi Murni/Sumatera Selatan/2024-10-15,153438.34065693192
Daging Sapi Murni/Sumatera Selatan/2024-10-16,153366.2718220998
Daging Sapi Murni/Sumatera Selatan/2024-10-17,153375.51040317144
Daging Sapi Murni/Sumatera Selatan/2024-10-18,153382.1852560556
Daging Sapi Murni/Sumatera Selatan/2024-10-19,153384.5540519981
Daging Sapi Murni/Sumatera Selatan/2024-10-20,153367.58171511142
Daging Sapi Murni/Sumatera Selatan/2024-10-21,153440.46613552707
Daging Sapi Murni/Sumatera Selatan/2024-10-22,153393.00675027887
Daging Sapi Murni/Sumatera Selatan/2024-10-23,153412.71213512117
Daging Sapi Murni/Sumatera Selatan/2024-10-24,153383.1858903235
Daging Sapi Murni/Sumatera Selatan/2024-10-25,153343.14575991107
Daging Sapi Murni/Sumatera Selatan/2024-10-26,153410.3453147196
Daging Sapi Murni/Sumatera Selatan/2024-10-27,153340.0726479916
Daging Sapi Murni/Sumatera Selatan/2024-10-28,153399.16005035987
Daging Sapi Murni/Sumatera Selatan/2024-10-29,153357.28389746728
Daging Sapi Murni/Sumatera Selatan/2024-10-30,153464.9161305569
Daging Sapi Murni/Sumatera Selatan/2024-10-31,153430.59132890715
Daging Sapi Murni/Sumatera Selatan/2024-11-01,153404.70787685947
Daging Sapi Murni/Sumatera Selatan/2024-11-02,153442.19954695975
Daging Sapi Murni/Sumatera Selatan/2024-11-03,153374.59841209123
Daging Sapi Murni/Sumatera Selatan/2024-11-04,153419.47809706163
Daging Sapi Murni/Sumatera Selatan/2024-11-05,153408.22003737846
Daging Sapi Murni/Sumatera Selatan/2024-11-06,153410.185691551
Daging Sapi Murni/Sumatera Selatan/2024-11-07,153442.56047189026
Daging Sapi Murni/Sumatera Selatan/2024-11-08,153425.10724105878
Daging Sapi Murni/Sumatera Selatan/2024-11-09,153411.07243139087
Daging Sapi Murni/Sumatera Selatan/2024-11-10,153348.71451130815
Daging Sapi Murni/Sumatera Selatan/2024-11-11,153371.0214587447
Daging Sapi Murni/Sumatera Selatan/2024-11-12,153397.82627541004
Daging Sapi Murni/Sumatera Selatan/2024-11-13,153404.50653274253
Daging Sapi Murni/Sumatera Selatan/2024-11-14,153365.06191499665
Daging Sapi Murni/Sumatera Selatan/2024-11-15,153478.5944429191
Daging Sapi Murni/Sumatera Selatan/2024-11-16,153450.09615992112
Daging Sapi Murni/Sumatera Selatan/2024-11-17,153420.97139548193
Daging Sapi Murni/Sumatera Selatan/2024-11-18,153404.1007680147
Daging Sapi Murni/Sumatera Selatan/2024-11-19,153395.09260807623
Daging Sapi Murni/Sumatera Selatan/2024-11-20,153371.61927519995
Daging Sapi Murni/Sumatera Selatan/2024-11-21,153404.33230524344
Daging Sapi Murni/Sumatera Selatan/2024-11-22,153409.87935754715
Daging Sapi Murni/Sumatera Selatan/2024-11-23,153361.64719953263
Daging Sapi Murni/Sumatera Selatan/2024-11-24,153412.16019361405
Daging Sapi Murni/Sumatera Selatan/2024-11-25,153396.44216994685
Daging Sapi Murni/Sumatera Selatan/2024-11-26,153340.30690992027
Daging Sapi Murni/Sumatera Selatan/2024-11-27,153373.8365378532
Daging Sapi Murni/Sumatera Selatan/2024-11-28,153388.0314682836
Daging Sapi Murni/Sumatera Selatan/2024-11-29,153461.9456338935
Daging Sapi Murni/Sumatera Selatan/2024-11-30,153419.12526614673
Daging Sapi Murni/Sumatera Selatan/2024-12-01,153358.4401590338
Daging Sapi Murni/Sumatera Selatan/2024-12-02,153417.18801857455
Daging Sapi Murni/Sumatera Selatan/2024-12-03,153352.0900478647
Daging Sapi Murni/Sumatera Selatan/2024-12-04,153436.5251783524
Daging Sapi Murni/Sumatera Selatan/2024-12-05,153386.3597621455
Daging Sapi Murni/Sumatera Selatan/2024-12-06,153398.35920858907
Daging Sapi Murni/Sumatera Selatan/2024-12-07,153444.081248195
Daging Sapi Murni/Sumatera Selatan/2024-12-08,153360.1793365575
Daging Sapi Murni/Sumatera Selatan/2024-12-09,153356.88561207172
Daging Sapi Murni/Sumatera Selatan/2024-12-10,153382.7962786216
Daging Sapi Murni/Sumatera Selatan/2024-12-11,153434.83787465974
Daging Sapi Murni/Sumatera Selatan/2024-12-12,153352.7157740815
Daging Sapi Murni/Sumatera Selatan/2024-12-13,153310.32066390902
Daging Sapi Murni/Sumatera Selatan/2024-12-14,153386.7825131363
Daging Sapi Murni/Sumatera Selatan/2024-12-15,153419.01381069256
Daging Sapi Murni/Sumatera Selatan/2024-12-16,153439.77583244094
Daging Sapi Murni/Sumatera Selatan/2024-12-17,153386.17571099967
Daging Sapi Murni/Sumatera Selatan/2024-12-18,153388.0377817606
Daging Sapi Murni/Sumatera Selatan/2024-12-19,153438.69069603598
Daging Sapi Murni/Sumatera Selatan/2024-12-20,153341.7664089825
Daging Sapi Murni/Sumatera Selatan/2024-12-21,153389.21065468286
Daging Sapi Murni/Sumatera Selatan/2024-12-22,153407.56786402533
Daging Sapi Murni/Sumatera Selatan/2024-12-23,153415.88930865115
Daging Sapi Murni/Sumatera Selatan/2024-12-24,153385.14417061608
Daging Sapi Murni/Sumatera Selatan/2024-12-25,153402.41391049817
Daging Sapi Murni/Sumatera Selatan/2024-12-26,153321.71825596565
Daging Sapi Murni/Sumatera Selatan/2024-12-27,153380.43858310365
Daging Sapi Murni/Sumatera Selatan/2024-12-28,153415.97865016706
Daging Sapi Murni/Sumatera Selatan/2024-12-29,153369.7318366041
Daging Sapi Murni/Sumatera Selatan/2024-12-30,153403.11656064136
Daging Sapi Murni/Sumatera Selatan/2024-12-31,153415.48057172078
Daging Sapi Murni/Sumatera Utara/2024-10-01,153390.47538801274
Daging Sapi Murni/Sumatera Utara/2024-10-02,153407.01863889862
Daging Sapi Murni/Sumatera Utara/2024-10-03,153370.58350706342
Daging Sapi Murni/Sumatera Utara/2024-10-04,153394.97034352153
Daging Sapi Murni/Sumatera Utara/2024-10-05,153421.1398968616
Daging Sapi Murni/Sumatera Utara/2024-10-06,153406.50603096915
Daging Sapi Murni/Sumatera Utara/2024-10-07,153382.68921842816
Daging Sapi Murni/Sumatera Utara/2024-10-08,153408.6728818645
Daging Sapi Murni/Sumatera Utara/2024-10-09,153424.5485288164
Daging Sapi Murni/Sumatera Utara/2024-10-10,153335.8827710797
Daging Sapi Murni/Sumatera Utara/2024-10-11,153438.74399105238
Daging Sapi Murni/Sumatera Utara/2024-10-12,153390.71466323533
Daging Sapi Murni/Sumatera Utara/2024-10-13,153415.22503556043
Daging Sapi Murni/Sumatera Utara/2024-10-14,153439.95305313784
Daging Sapi Murni/Sumatera Utara/2024-10-15,153357.4458678903
Daging Sapi Murni/Sumatera Utara/2024-10-16,153379.0194507368
Daging Sapi Murni/Sumatera Utara/2024-10-17,153392.3470671833
Daging Sapi Murni/Sumatera Utara/2024-10-18,153376.46403269685
Daging Sapi Murni/Sumatera Utara/2024-10-19,153457.15563078455
Daging Sapi Murni/Sumatera Utara/2024-10-20,153373.7802568571
Daging Sapi Murni/Sumatera Utara/2024-10-21,153383.6320334798
Daging Sapi Murni/Sumatera Utara/2024-10-22,153408.107760106
Daging Sapi Murni/Sumatera Utara/2024-10-23,153363.00263104812
Daging Sapi Murni/Sumatera Utara/2024-10-24,153388.95576580853
Daging Sapi Murni/Sumatera Utara/2024-10-25,153411.52155914696
Daging Sapi Murni/Sumatera Utara/2024-10-26,153390.7213109655
Daging Sapi Murni/Sumatera Utara/2024-10-27,153398.44268124108
Daging Sapi Murni/Sumatera Utara/2024-10-28,153384.38983280366
Daging Sapi Murni/Sumatera Utara/2024-10-29,153352.91979203752
Daging Sapi Murni/Sumatera Utara/2024-10-30,153411.8309778438
Daging Sapi Murni/Sumatera Utara/2024-10-31,153457.70870994905
Daging Sapi Murni/Sumatera Utara/2024-11-01,153402.01295447996
Daging Sapi Murni/Sumatera Utara/2024-11-02,153408.68619214272
Daging Sapi Murni/Sumatera Utara/2024-11-03,153423.81320901605
Daging Sapi Murni/Sumatera Utara/2024-11-04,153361.1444425076
Daging Sapi Murni/Sumatera Utara/2024-11-05,153456.4979519107
Daging Sapi Murni/Sumatera Utara/2024-11-06,153408.13929141272
Daging Sapi Murni/Sumatera Utara/2024-11-07,153454.05390561756
Daging Sapi Murni/Sumatera Utara/2024-11-08,153378.21787188243
Daging Sapi Murni/Sumatera Utara/2024-11-09,153460.05895621734
Daging Sapi Murni/Sumatera Utara/2024-11-10,153426.8803689915
Daging Sapi Murni/Sumatera Utara/2024-11-11,153419.6195027996
Daging Sapi Murni/Sumatera Utara/2024-11-12,153409.46767902814
Daging Sapi Murni/Sumatera Utara/2024-11-13,153393.8464606996
Daging Sapi Murni/Sumatera Utara/2024-11-14,153440.52515179178
Daging Sapi Murni/Sumatera Utara/2024-11-15,153406.3073929851
Daging Sapi Murni/Sumatera Utara/2024-11-16,153338.62482639102
Daging Sapi Murni/Sumatera Utara/2024-11-17,153365.81825800004
Daging Sapi Murni/Sumatera Utara/2024-11-18,153395.60997432785
Daging Sapi Murni/Sumatera Utara/2024-11-19,153411.4661617152
Daging Sapi Murni/Sumatera Utara/2024-11-20,153399.4398106942
Daging Sapi Murni/Sumatera Utara/2024-11-21,153440.28843683875
Daging Sapi Murni/Sumatera Utara/2024-11-22,153338.85029099198
Daging Sapi Murni/Sumatera Utara/2024-11-23,153406.22410864438
Daging Sapi Murni/Sumatera Utara/2024-11-24,153343.28538440564
Daging Sapi Murni/Sumatera Utara/2024-11-25,153425.88440928585
Daging Sapi Murni/Sumatera Utara/2024-11-26,153398.40785035276
Daging Sapi Murni/Sumatera Utara/2024-11-27,153414.66458101853
Daging Sapi Murni/Sumatera Utara/2024-11-28,153373.7364486438
Daging Sapi Murni/Sumatera Utara/2024-11-29,153442.47579655994
Daging Sapi Murni/Sumatera Utara/2024-11-30,153435.12586762573
Daging Sapi Murni/Sumatera Utara/2024-12-01,153420.36523710925
Daging Sapi Murni/Sumatera Utara/2024-12-02,153397.5761548739
Daging Sapi Murni/Sumatera Utara/2024-12-03,153420.35889446916
Daging Sapi Murni/Sumatera Utara/2024-12-04,153379.27141715962
Daging Sapi Murni/Sumatera Utara/2024-12-05,153429.2652671674
Daging Sapi Murni/Sumatera Utara/2024-12-06,153454.61842641924
Daging Sapi Murni/Sumatera Utara/2024-12-07,153436.01953573924
Daging Sapi Murni/Sumatera Utara/2024-12-08,153378.3740947208
Daging Sapi Murni/Sumatera Utara/2024-12-09,153413.39500067523
Daging Sapi Murni/Sumatera Utara/2024-12-10,153360.48187439126
Daging Sapi Murni/Sumatera Utara/2024-12-11,153420.240694321
Daging Sapi Murni/Sumatera Utara/2024-12-12,153416.08018474324
Daging Sapi Murni/Sumatera Utara/2024-12-13,153341.45177056306
Daging Sapi Murni/Sumatera Utara/2024-12-14,153364.2364377614
Daging Sapi Murni/Sumatera Utara/2024-12-15,153392.2970304263
Daging Sapi Murni/Sumatera Utara/2024-12-16,153391.81581601323
Daging Sapi Murni/Sumatera Utara/2024-12-17,153362.4726431385
Daging Sapi Murni/Sumatera Utara/2024-12-18,153413.58777793296
Daging Sapi Murni/Sumatera Utara/2024-12-19,153409.36478227147
Daging Sapi Murni/Sumatera Utara/2024-12-20,153395.18608610524
Daging Sapi Murni/Sumatera Utara/2024-12-21,153377.1852006138
Daging Sapi Murni/Sumatera Utara/2024-12-22,153435.10675833427
Daging Sapi Murni/Sumatera Utara/2024-12-23,153454.75032172268
Daging Sapi Murni/Sumatera Utara/2024-12-24,153386.1065738152
Daging Sapi Murni/Sumatera Utara/2024-12-25,153382.00539488223
Daging Sapi Murni/Sumatera Utara/2024-12-26,153417.48464575925
Daging Sapi Murni/Sumatera Utara/2024-12-27,153390.37751570737
Daging Sapi Murni/Sumatera Utara/2024-12-28,153397.24900404963
Daging Sapi Murni/Sumatera Utara/2024-12-29,153425.2014076077
Daging Sapi Murni/Sumatera Utara/2024-12-30,153340.26727491294
Daging Sapi Murni/Sumatera Utara/2024-12-31,153443.9017304081
