id,price
Daging Sapi Murni/Aceh/2024-10-01,153379.62595321474
Daging Sapi Murni/Aceh/2024-10-02,153360.64507378085
Daging Sapi Murni/Aceh/2024-10-03,153374.25922321127
Daging Sapi Murni/Aceh/2024-10-04,153414.6669658014
Daging Sapi Murni/Aceh/2024-10-05,153404.06863070469
Daging Sapi Murni/Aceh/2024-10-06,153430.29561286146
Daging Sapi Murni/Aceh/2024-10-07,153373.1462923024
Daging Sapi Murni/Aceh/2024-10-08,153447.6427498294
Daging Sapi Murni/Aceh/2024-10-09,153396.81054492
Daging Sapi Murni/Aceh/2024-10-10,153364.47539794157
Daging Sapi Murni/Aceh/2024-10-11,153374.0877744124
Daging Sapi Murni/Aceh/2024-10-12,153367.52332705475
Daging Sapi Murni/Aceh/2024-10-13,153391.86396928213
Daging Sapi Murni/Aceh/2024-10-14,153468.05119858822
Daging Sapi Murni/Aceh/2024-10-15,153417.38879839584
Daging Sapi Murni/Aceh/2024-10-16,153385.61747913962
Daging Sapi Murni/Aceh/2024-10-17,153357.49222460118
Daging Sapi Murni/Aceh/2024-10-18,153365.5775624776
Daging Sapi Murni/Aceh/2024-10-19,153400.45096268062
Daging Sapi Murni/Aceh/2024-10-20,153393.57229039798
Daging Sapi Murni/Aceh/2024-10-21,153402.1016486989
Daging Sapi Murni/Aceh/2024-10-22,153390.0762680192
Daging Sapi Murni/Aceh/2024-10-23,153432.87191041617
Daging Sapi Murni/Aceh/2024-10-24,153413.49953244458
Daging Sapi Murni/Aceh/2024-10-25,153364.5093861756
Daging Sapi Murni/Aceh/2024-10-26,153376.3058243763
Daging Sapi Murni/Aceh/2024-10-27,153398.25134112567
Daging Sapi Murni/Aceh/2024-10-28,153337.5748585136
Daging Sapi Murni/Aceh/2024-10-29,153419.2328366275
Daging Sapi Murni/Aceh/2024-10-30,153399.53561237798
Daging Sapi Murni/Aceh/2024-10-31,153428.60916175868
Daging Sapi Murni/Aceh/2024-11-01,153363.23237728706
Daging Sapi Murni/Aceh/2024-11-02,153352.41906029783
Daging Sapi Murni/Aceh/2024-11-03,153423.27326671916
Daging Sapi Murni/Aceh/2024-11-04,153348.03198017203
Daging Sapi Murni/Aceh/2024-11-05,153384.3143061942
Daging Sapi Murni/Aceh/2024-11-06,153387.7547922389
Daging Sapi Murni/Aceh/2024-11-07,153395.0378797115
Daging Sapi Murni/Aceh/2024-11-08,153319.60966358933
Daging Sapi Murni/Aceh/2024-11-09,153395.58896740075
Daging Sapi Murni/Aceh/2024-11-10,153371.9291442578
Daging Sapi Murni/Aceh/2024-11-11,153360.82785209245
Daging Sapi Murni/Aceh/2024-11-12,153344.03237119454
Daging Sapi Murni/Aceh/2024-11-13,153430.26653497905
Daging Sapi Murni/Aceh/2024-11-14,153406.19903522162
Daging Sapi Murni/Aceh/2024-11-15,153413.72919263016
Daging Sapi Murni/Aceh/2024-11-16,153391.4742380559
Daging Sapi Murni/Aceh/2024-11-17,153357.51482363162
Daging Sapi Murni/Aceh/2024-11-18,153360.0321902675
Daging Sapi Murni/Aceh/2024-11-19,153423.691024646
Daging Sapi Murni/Aceh/2024-11-20,153387.33862192256
Daging Sapi Murni/Aceh/2024-11-21,153413.25279931427
Daging Sapi Murni/Aceh/2024-11-22,153397.55743210914
Daging Sapi Murni/Aceh/2024-11-23,153431.1936949056
Daging Sapi Murni/Aceh/2024-11-24,153339.22507559598
Daging Sapi Murni/Aceh/2024-11-25,153381.6478071737
Daging Sapi Murni/Aceh/2024-11-26,153419.0566077419
Daging Sapi Murni/Aceh/2024-11-27,153393.95941582174
Daging Sapi Murni/Aceh/2024-11-28,153418.42599144374
Daging Sapi Murni/Aceh/2024-11-29,153403.8435397667
Daging Sapi Murni/Aceh/2024-11-30,153352.30440103635
Daging Sapi Murni/Aceh/2024-12-01,153346.9593487362
Daging Sapi Murni/Aceh/2024-12-02,153417.86756803267
Daging Sapi Murni/Aceh/2024-12-03,153396.94533009297
Daging Sapi Murni/Aceh/2024-12-04,153340.54518662105
Daging Sapi Murni/Aceh/2024-12-05,153398.6077781442
Daging Sapi Murni/Aceh/2024-12-06,153414.7823138806
Daging Sapi Murni/Aceh/2024-12-07,153386.17600963326
Daging Sapi Murni/Aceh/2024-12-08,153403.36690629311
Daging Sapi Murni/Aceh/2024-12-09,153385.254503037
Daging Sapi Murni/Aceh/2024-12-10,153414.6222224494
Daging Sapi Murni/Aceh/2024-12-11,153381.9337307032
Daging Sapi Murni/Aceh/2024-12-12,153410.08021940602
Daging Sapi Murni/Aceh/2024-12-13,153459.6927056592
Daging Sapi Murni/Aceh/2024-12-14,153357.07374651104
Daging Sapi Murni/Aceh/2024-12-15,153340.008996944
Daging Sapi Murni/Aceh/2024-12-16,153395.0580614895
Daging Sapi Murni/Aceh/2024-12-17,153379.1115146758
Daging Sapi Murni/Aceh/2024-12-18,153413.76484605824
Daging Sapi Murni/Aceh/2024-12-19,153358.0589298211
Daging Sapi Murni/Aceh/2024-12-20,153359.85013991088
Daging Sapi Murni/Aceh/2024-12-21,153382.5055776543
Daging Sapi Murni/Aceh/2024-12-22,153351.1686935081
Daging Sapi Murni/Aceh/2024-12-23,153397.2687531363
Daging Sapi Murni/Aceh/2024-12-24,153433.3578526098
Daging Sapi Murni/Aceh/2024-12-25,153377.23103918543
Daging Sapi Murni/Aceh/2024-12-26,153405.3738499995
Daging Sapi Murni/Aceh/2024-12-27,153409.95490228143
Daging Sapi Murni/Aceh/2024-12-28,153385.44963844944
Daging Sapi Murni/Aceh/2024-12-29,153408.65727217527
Daging Sapi Murni/Aceh/2024-12-30,153361.94280286573
Daging Sapi Murni/Aceh/2024-12-31,153360.90521765116
Daging Sapi Murni/Bali/2024-10-01,153387.73952229824
Daging Sapi Murni/Bali/2024-10-02,153425.1243490802
Daging Sapi Murni/Bali/2024-10-03,153364.6823350241
Daging Sapi Murni/Bali/2024-10-04,153387.5554074496
Daging Sapi Murni/Bali/2024-10-05,153336.26174465785
Daging Sapi Murni/Bali/2024-10-06,153362.6632899886
Daging Sapi Murni/Bali/2024-10-07,153366.98820590883
Daging Sapi Murni/Bali/2024-10-08,153388.95169860282
Daging Sapi Murni/Bali/2024-10-09,153416.0185882431
Daging Sapi Murni/Bali/2024-10-10,153388.82928972493
Daging Sapi Murni/Bali/2024-10-11,153359.17680037682
Daging Sapi Murni/Bali/2024-10-12,153465.9943458707
Daging Sapi Murni/Bali/2024-10-13,153376.8885946693
Daging Sapi Murni/Bali/2024-10-14,153404.12482565883
Daging Sapi Murni/Bali/2024-10-15,153402.72091264298
Daging Sapi Murni/Bali/2024-10-16,153380.7075460633
Daging Sapi Murni/Bali/2024-10-17,153381.7609389109
Daging Sapi Murni/Bali/2024-10-18,153369.23027016918
Daging Sapi Murni/Bali/2024-10-19,153416.02572928916
Daging Sapi Murni/Bali/2024-10-20,153369.35651784268
Daging Sapi Murni/Bali/2024-10-21,153353.9964319039
Daging Sapi Murni/Bali/2024-10-22,153323.847018268
Daging Sapi Murni/Bali/2024-10-23,153394.51753986604
Daging Sapi Murni/Bali/2024-10-24,153385.09453792177
Daging Sapi Murni/Bali/2024-10-25,153370.7609777959
Daging Sapi Murni/Bali/2024-10-26,153416.82939188398
Daging Sapi Murni/Bali/2024-10-27,153363.88432019725
Daging Sapi Murni/Bali/2024-10-28,153393.4805034738
Daging Sapi Murni/Bali/2024-10-29,153444.84188598423
Daging Sapi Murni/Bali/2024-10-30,153385.97943000568
Daging Sapi Murni/Bali/2024-10-31,153339.73744280986
Daging Sapi Murni/Bali/2024-11-01,153388.72303538214
Daging Sapi Murni/Bali/2024-11-02,153389.94503627147
Daging Sapi Murni/Bali/2024-11-03,153390.82009066702
Daging Sapi Murni/Bali/2024-11-04,153438.68771202583
Daging Sapi Murni/Bali/2024-11-05,153381.12854569295
Daging Sapi Murni/Bali/2024-11-06,153438.63360965013
Daging Sapi Murni/Bali/2024-11-07,153397.98064192038
Daging Sapi Murni/Bali/2024-11-08,153412.1432782474
Daging Sapi Murni/Bali/2024-11-09,153423.25335848602
Daging Sapi Murni/Bali/2024-11-10,153439.99727963534
Daging Sapi Murni/Bali/2024-11-11,153328.04478635738
Daging Sapi Murni/Bali/2024-11-12,153395.79684391897
Daging Sapi Murni/Bali/2024-11-13,153432.6999191579
Daging Sapi Murni/Bali/2024-11-14,153404.0207301256
Daging Sapi Murni/Bali/2024-11-15,153350.1727962369
Daging Sapi Murni/Bali/2024-11-16,153350.86734668713
Daging Sapi Murni/Bali/2024-11-17,153388.5558540047
Daging Sapi Murni/Bali/2024-11-18,153404.10708790206
Daging Sapi Murni/Bali/2024-11-19,153388.5773307194
Daging Sapi Murni/Bali/2024-11-20,153374.52320437133
Daging Sapi Murni/Bali/2024-11-21,153361.02983110427
Daging Sapi Murni/Bali/2024-11-22,153384.39359153237
Daging Sapi Murni/Bali/2024-11-23,153433.67352297375
Daging Sapi Murni/Bali/2024-11-24,153328.62781252607
Daging Sapi Murni/Bali/2024-11-25,153333.73535758958
Daging Sapi Murni/Bali/2024-11-26,153413.44749672565
Daging Sapi Murni/Bali/2024-11-27,153394.3766229627
Daging Sapi Murni/Bali/2024-11-28,153410.84692877348
Daging Sapi Murni/Bali/2024-11-29,153404.6783399567
Daging Sapi Murni/Bali/2024-11-30,153371.07894588826
Daging Sapi Murni/Bali/2024-12-01,153408.7224155661
Daging Sapi Murni/Bali/2024-12-02,153369.20830253826
Daging Sapi Murni/Bali/2024-12-03,153408.51246054663
Daging Sapi Murni/Bali/2024-12-04,153413.4751135177
Daging Sapi Murni/Bali/2024-12-05,153400.22486812703
Daging Sapi Murni/Bali/2024-12-06,153430.20723763137
Daging Sapi Murni/Bali/2024-12-07,153426.70375259023
Daging Sapi Murni/Bali/2024-12-08,153365.9106433872
Daging Sapi Murni/Bali/2024-12-09,153397.70999949254
Daging Sapi Murni/Bali/2024-12-10,153408.50859264663
Daging Sapi Murni/Bali/2024-12-11,153404.7640504557
Daging Sapi Murni/Bali/2024-12-12,153494.99152138722
Daging Sapi Murni/Bali/2024-12-13,153422.45973411118
Daging Sapi Murni/Bali/2024-12-14,153413.788055954
Daging Sapi Murni/Bali/2024-12-15,153404.8082112135
Daging Sapi Murni/Bali/2024-12-16,153368.52192417352
Daging Sapi Murni/Bali/2024-12-17,153434.34596544577
Daging Sapi Murni/Bali/2024-12-18,153339.59439762082
Daging Sapi Murni/Bali/2024-12-19,153414.76410505184
Daging Sapi Murni/Bali/2024-12-20,153398.17615185806
Daging Sapi Murni/Bali/2024-12-21,153358.66956394495
Daging Sapi Murni/Bali/2024-12-22,153375.69405696043
Daging Sapi Murni/Bali/2024-12-23,153418.01361401394
Daging Sapi Murni/Bali/2024-12-24,153451.0128758267
Daging Sapi Murni/Bali/2024-12-25,153425.27924835443
Daging Sapi Murni/Bali/2024-12-26,153423.38278971257
Daging Sapi Murni/Bali/2024-12-27,153420.14962861215
Daging Sapi Murni/Bali/2024-12-28,153376.52880699423
Daging Sapi Murni/Bali/2024-12-29,153496.93250449016
Daging Sapi Murni/Bali/2024-12-30,153358.4372226567
Daging Sapi Murni/Bali/2024-12-31,153377.0995447979
Daging Sapi Murni/Banten/2024-10-01,153350.48339116713
Daging Sapi Murni/Banten/2024-10-02,153406.75584856418
Daging Sapi Murni/Banten/2024-10-03,153402.77453634003
Daging Sapi Murni/Banten/2024-10-04,153393.43771780684
Daging Sapi Murni/Banten/2024-10-05,153378.93797055123
Daging Sapi Murni/Banten/2024-10-06,153393.8407990629
Daging Sapi Murni/Banten/2024-10-07,153441.8762398957
Daging Sapi Murni/Banten/2024-10-08,153342.39233377256
Daging Sapi Murni/Banten/2024-10-09,153422.67695964032
Daging Sapi Murni/Banten/2024-10-10,153445.15876388623
Daging Sapi Murni/Banten/2024-10-11,153391.11215848874
Daging Sapi Murni/Banten/2024-10-12,153415.89289373427
Daging Sapi Murni/Banten/2024-10-13,153343.8501908383
Daging Sapi Murni/Banten/2024-10-14,153399.02868463032
Daging Sapi Murni/Banten/2024-10-15,153447.97284553575
Daging Sapi Murni/Banten/2024-10-16,153424.89637762724
Daging Sapi Murni/Banten/2024-10-17,153382.4847941695
Daging Sapi Murni/Banten/2024-10-18,153338.07105231058
Daging Sapi Murni/Banten/2024-10-19,153393.99284850177
Daging Sapi Murni/Banten/2024-10-20,153375.21037053037
Daging Sapi Murni/Banten/2024-10-21,153387.63363288794
Daging Sapi Murni/Banten/2024-10-22,153411.7375803369
Daging Sapi Murni/Banten/2024-10-23,153375.59677183794
Daging Sapi Murni/Banten/2024-10-24,153451.169275944
Daging Sapi Murni/Banten/2024-10-25,153399.24713047125
Daging Sapi Murni/Banten/2024-10-26,153423.23751504355
Daging Sapi Murni/Banten/2024-10-27,153403.89099544063
Daging Sapi Murni/Banten/2024-10-28,153371.8429891465
Daging Sapi Murni/Banten/2024-10-29,153438.60489220286
Daging Sapi Murni/Banten/2024-10-30,153463.84872144356
Daging Sapi Murni/Banten/2024-10-31,153398.39900914498
Daging Sapi Murni/Banten/2024-11-01,153424.88540837282
Daging Sapi Murni/Banten/2024-11-02,153358.98052753715
Daging Sapi Murni/Banten/2024-11-03,153420.88546027357
Daging Sapi Murni/Banten/2024-11-04,153418.07585979797
Daging Sapi Murni/Banten/2024-11-05,153378.20207628328
Daging Sapi Murni/Banten/2024-11-06,153337.02380830285
Daging Sapi Murni/Banten/2024-11-07,153441.42832786322
Daging Sapi Murni/Banten/2024-11-08,153418.31000085914
Daging Sapi Murni/Banten/2024-11-09,153361.69708439973
Daging Sapi Murni/Banten/2024-11-10,153372.04402861395
Daging Sapi Murni/Banten/2024-11-11,153440.3427621362
Daging Sapi Murni/Banten/2024-11-12,153343.3182098316
Daging Sapi Murni/Banten/2024-11-13,153371.6494556711
Daging Sapi Murni/Banten/2024-11-14,153336.9538290784
Daging Sapi Murni/Banten/2024-11-15,153349.46126101073
Daging Sapi Murni/Banten/2024-11-16,153413.7470216533
Daging Sapi Murni/Banten/2024-11-17,153368.0228449148
Daging Sapi Murni/Banten/2024-11-18,153376.910411248
Daging Sapi Murni/Banten/2024-11-19,153339.7827170571
Daging Sapi Murni/Banten/2024-11-20,153382.30076402883
Daging Sapi Murni/Banten/2024-11-21,153429.4900959946
Daging Sapi Murni/Banten/2024-11-22,153440.9082424226
Daging Sapi Murni/Banten/2024-11-23,153376.0917735678
Daging Sapi Murni/Banten/2024-11-24,153455.40076741582
Daging Sapi Murni/Banten/2024-11-25,153360.73814562967
Daging Sapi Murni/Banten/2024-11-26,153372.23263940954
Daging Sapi Murni/Banten/2024-11-27,153362.81877434
Daging Sapi Murni/Banten/2024-11-28,153387.785962922
Daging Sapi Murni/Banten/2024-11-29,153399.3120879523
Daging Sapi Murni/Banten/2024-11-30,153439.25479591385
Daging Sapi Murni/Banten/2024-12-01,153404.0410942756
Daging Sapi Murni/Banten/2024-12-02,153345.51371874378
Daging Sapi Murni/Banten/2024-12-03,153372.76694713827
Daging Sapi Murni/Banten/2024-12-04,153408.00439131036
Daging Sapi Murni/Banten/2024-12-05,153416.74005731213
Daging Sapi Murni/Banten/2024-12-06,153377.08255949465
Daging Sapi Murni/Banten/2024-12-07,153394.66601737717
Daging Sapi Murni/Banten/2024-12-08,153406.9049889636
Daging Sapi Murni/Banten/2024-12-09,153426.6955977098
Daging Sapi Murni/Banten/2024-12-10,153365.39691809958
Daging Sapi Murni/Banten/2024-12-11,153403.03016180595
Daging Sapi Murni/Banten/2024-12-12,153454.8560601734
Daging Sapi Murni/Banten/2024-12-13,153351.9649859344
Daging Sapi Murni/Banten/2024-12-14,153457.21265337878
Daging Sapi Murni/Banten/2024-12-15,153363.92733645006
Daging Sapi Murni/Banten/2024-12-16,153380.87360165923
Daging Sapi Murni/Banten/2024-12-17,153433.4766622122
Daging Sapi Murni/Banten/2024-12-18,153391.99802635956
Daging Sapi Murni/Banten/2024-12-19,153394.29167265745
Daging Sapi Murni/Banten/2024-12-20,153448.5139829974
Daging Sapi Murni/Banten/2024-12-21,153390.8355102332
Daging Sapi Murni/Banten/2024-12-22,153387.01790110325
Daging Sapi Murni/Banten/2024-12-23,153406.38489728724
Daging Sapi Murni/Banten/2024-12-24,153378.40290911996
Daging Sapi Murni/Banten/2024-12-25,153389.57824471252
Daging Sapi Murni/Banten/2024-12-26,153398.98944169347
Daging Sapi Murni/Banten/2024-12-27,153392.32970689327
Daging Sapi Murni/Banten/2024-12-28,153338.54627708526
Daging Sapi Murni/Banten/2024-12-29,153378.4485381045
Daging Sapi Murni/Banten/2024-12-30,153396.8197490605
Daging Sapi Murni/Banten/2024-12-31,153367.7532074917
Daging Sapi Murni/Bengkulu/2024-10-01,153397.36259428726
Daging Sapi Murni/Bengkulu/2024-10-02,153384.28797532545
Daging Sapi Murni/Bengkulu/2024-10-03,153404.31558312898
Daging Sapi Murni/Bengkulu/2024-10-04,153341.9961808224
Daging Sapi Murni/Bengkulu/2024-10-05,153394.68343597316
Daging Sapi Murni/Bengkulu/2024-10-06,153414.4174564018
Daging Sapi Murni/Bengkulu/2024-10-07,153332.10958427383
Daging Sapi Murni/Bengkulu/2024-10-08,153385.013506825
Daging Sapi Murni/Bengkulu/2024-10-09,153408.2724089039
Daging Sapi Murni/Bengkulu/2024-10-10,153426.17763068984
Daging Sapi Murni/Bengkulu/2024-10-11,153392.60701164976
Daging Sapi Murni/Bengkulu/2024-10-12,153394.8558599129
Daging Sapi Murni/Bengkulu/2024-10-13,153394.99049985805
Daging Sapi Murni/Bengkulu/2024-10-14,153363.00318892745
Daging Sapi Murni/Bengkulu/2024-10-15,153381.18934147045
Daging Sapi Murni/Bengkulu/2024-10-16,153429.57458494944
Daging Sapi Murni/Bengkulu/2024-10-17,153356.87224070058
Daging Sapi Murni/Bengkulu/2024-10-18,153356.23180957997
Daging Sapi Murni/Bengkulu/2024-10-19,153380.6181520443
Daging Sapi Murni/Bengkulu/2024-10-20,153415.87344775768
Daging Sapi Murni/Bengkulu/2024-10-21,153443.29968613634
Daging Sapi Murni/Bengkulu/2024-10-22,153423.75717707464
Daging Sapi Murni/Bengkulu/2024-10-23,153424.31026126267
Daging Sapi Murni/Bengkulu/2024-10-24,153375.71674923215
Daging Sapi Murni/Bengkulu/2024-10-25,153370.88770059912
Daging Sapi Murni/Bengkulu/2024-10-26,153361.4647784971
Daging Sapi Murni/Bengkulu/2024-10-27,153414.20659444036
Daging Sapi Murni/Bengkulu/2024-10-28,153368.51671389266
Daging Sapi Murni/Bengkulu/2024-10-29,153353.4824023817
Daging Sapi Murni/Bengkulu/2024-10-30,153443.1548403721
Daging Sapi Murni/Bengkulu/2024-10-31,153357.68153932583
Daging Sapi Murni/Bengkulu/2024-11-01,153438.61290049937
Daging Sapi Murni/Bengkulu/2024-11-02,153387.4963792748
Daging Sapi Murni/Bengkulu/2024-11-03,153374.2239850108
Daging Sapi Murni/Bengkulu/2024-11-04,153412.79137347097
Daging Sapi Murni/Bengkulu/2024-11-05,153346.17223358763
Daging Sapi Murni/Bengkulu/2024-11-06,153417.89542705624
Daging Sapi Murni/Bengkulu/2024-11-07,153442.8914221489
Daging Sapi Murni/Bengkulu/2024-11-08,153377.76002675455
Daging Sapi Murni/Bengkulu/2024-11-09,153418.65669984577
Daging Sapi Murni/Bengkulu/2024-11-10,153351.6206155909
Daging Sapi Murni/Bengkulu/2024-11-11,153360.4333481397
Daging Sapi Murni/Bengkulu/2024-11-12,153377.51535666749
Daging Sapi Murni/Bengkulu/2024-11-13,153388.52733910878
Daging Sapi Murni/Bengkulu/2024-11-14,153404.6287533261
Daging Sapi Murni/Bengkulu/2024-11-15,153412.56168888413
Daging Sapi Murni/Bengkulu/2024-11-16,153374.08609879392
Daging Sapi Murni/Bengkulu/2024-11-17,153428.7037081829
Daging Sapi Murni/Bengkulu/2024-11-18,153390.68134072507
Daging Sapi Murni/Bengkulu/2024-11-19,153404.51132440247
Daging Sapi Murni/Bengkulu/2024-11-20,153388.07864407942
Daging Sapi Murni/Bengkulu/2024-11-21,153470.54172367393
Daging Sapi Murni/Bengkulu/2024-11-22,153378.60093394402
Daging Sapi Murni/Bengkulu/2024-11-23,153314.62973567002
Daging Sapi Murni/Bengkulu/2024-11-24,153402.85968330887
Daging Sapi Murni/Bengkulu/2024-11-25,153333.39737507043
Daging Sapi Murni/Bengkulu/2024-11-26,153433.02791533043
Daging Sapi Murni/Bengkulu/2024-11-27,153374.10514417
Daging Sapi Murni/Bengkulu/2024-11-28,153341.91083304118
Daging Sapi Murni/Bengkulu/2024-11-29,153456.05701518405
Daging Sapi Murni/Bengkulu/2024-11-30,153424.13218885337
Daging Sapi Murni/Bengkulu/2024-12-01,153329.56714012488
Daging Sapi Murni/Bengkulu/2024-12-02,153401.10201147196
Daging Sapi Murni/Bengkulu/2024-12-03,153405.6420931899
Daging Sapi Murni/Bengkulu/2024-12-04,153409.2102977981
Daging Sapi Murni/Bengkulu/2024-12-05,153390.50731531024
Daging Sapi Murni/Bengkulu/2024-12-06,153435.1365882295
Daging Sapi Murni/Bengkulu/2024-12-07,153409.8195245294
Daging Sapi Murni/Bengkulu/2024-12-08,153434.4100528117
Daging Sapi Murni/Bengkulu/2024-12-09,153435.15529309996
Daging Sapi Murni/Bengkulu/2024-12-10,153428.90954383402
Daging Sapi Murni/Bengkulu/2024-12-11,153431.9513050335
Daging Sapi Murni/Bengkulu/2024-12-12,153316.52810193604
Daging Sapi Murni/Bengkulu/2024-12-13,153376.6718816011
Daging Sapi Murni/Bengkulu/2024-12-14,153381.16401125447
Daging Sapi Murni/Bengkulu/2024-12-15,153387.12058357254
Daging Sapi Murni/Bengkulu/2024-12-16,153430.83274218152
Daging Sapi Murni/Bengkulu/2024-12-17,153388.8228631094
Daging Sapi Murni/Bengkulu/2024-12-18,153416.0643351481
Daging Sapi Murni/Bengkulu/2024-12-19,153412.7403027727
Daging Sapi Murni/Bengkulu/2024-12-20,153362.02973838904
Daging Sapi Murni/Bengkulu/2024-12-21,153411.34249623673
Daging Sapi Murni/Bengkulu/2024-12-22,153373.04734868355
Daging Sapi Murni/Bengkulu/2024-12-23,153418.1749408847
Daging Sapi Murni/Bengkulu/2024-12-24,153402.50901926673
Daging Sapi Murni/Bengkulu/2024-12-25,153403.4031917175
Daging Sapi Murni/Bengkulu/2024-12-26,153388.68695953608
Daging Sapi Murni/Bengkulu/2024-12-27,153318.8582424196
Daging Sapi Murni/Bengkulu/2024-12-28,153345.8449224335
Daging Sapi Murni/Bengkulu/2024-12-29,153337.12259908803
Daging Sapi Murni/Bengkulu/2024-12-30,153412.73240328382
Daging Sapi Murni/Bengkulu/2024-12-31,153385.9011309851
Daging Sapi Murni/DI Yogyakarta/2024-10-01,153436.16810995297
Daging Sapi Murni/DI Yogyakarta/2024-10-02,153407.23314216544
Daging Sapi Murni/DI Yogyakarta/2024-10-03,153379.96261625117
Daging Sapi Murni/DI Yogyakarta/2024-10-04,153375.7389435951
Daging Sapi Murni/DI Yogyakarta/2024-10-05,153415.36112111618
Daging Sapi Murni/DI Yogyakarta/2024-10-06,153352.26904240184
Daging Sapi Murni/DI Yogyakarta/2024-10-07,153372.02376015545
Daging Sapi Murni/DI Yogyakarta/2024-10-08,153364.19793023576
Daging Sapi Murni/DI Yogyakarta/2024-10-09,153408.91385434844
Daging Sapi Murni/DI Yogyakarta/2024-10-10,153413.5673717768
Daging Sapi Murni/DI Yogyakarta/2024-10-11,153398.3932098144
Daging Sapi Murni/DI Yogyakarta/2024-10-12,153360.40402246555
Daging Sapi Murni/DI Yogyakarta/2024-10-13,153419.3401047385
Daging Sapi Murni/DI Yogyakarta/2024-10-14,153352.86335589358
Daging Sapi Murni/DI Yogyakarta/2024-10-15,153416.5397283168
Daging Sapi Murni/DI Yogyakarta/2024-10-16,153358.70530839078
Daging Sapi Murni/DI Yogyakarta/2024-10-17,153446.55763178426
Daging Sapi Murni/DI Yogyakarta/2024-10-18,153359.55476362607
Daging Sapi Murni/DI Yogyakarta/2024-10-19,153419.4172064728
Daging Sapi Murni/DI Yogyakarta/2024-10-20,153403.78960189712
Daging Sapi Murni/DI Yogyakarta/2024-10-21,153391.2429242263
Daging Sapi Murni/DI Yogyakarta/2024-10-22,153474.28960492366
Daging Sapi Murni/DI Yogyakarta/2024-10-23,153366.8279033707
Daging Sapi Murni/DI Yogyakarta/2024-10-24,153386.61271618336
Daging Sapi Murni/DI Yogyakarta/2024-10-25,153505.01364186397
Daging Sapi Murni/DI Yogyakarta/2024-10-26,153389.74410319852
Daging Sapi Murni/DI Yogyakarta/2024-10-27,153344.055773165
Daging Sapi Murni/DI Yogyakarta/2024-10-28,153366.36681882263
Daging Sapi Murni/DI Yogyakarta/2024-10-29,153371.58856958064
Daging Sapi Murni/DI Yogyakarta/2024-10-30,153395.73590181957
Daging Sapi Murni/DI Yogyakarta/2024-10-31,153390.8762804075
Daging Sapi Murni/DI Yogyakarta/2024-11-01,153417.08461339053
Daging Sapi Murni/DI Yogyakarta/2024-11-02,153362.7816860801
Daging Sapi Murni/DI Yogyakarta/2024-11-03,153333.57396978734
Daging Sapi Murni/DI Yogyakarta/2024-11-04,153357.91604878727
Daging Sapi Murni/DI Yogyakarta/2024-11-05,153371.72820122077
Daging Sapi Murni/DI Yogyakarta/2024-11-06,153397.47329821278
Daging Sapi Murni/DI Yogyakarta/2024-11-07,153389.21371766625
Daging Sapi Murni/DI Yogyakarta/2024-11-08,153396.37048946283
Daging Sapi Murni/DI Yogyakarta/2024-11-09,153375.47158527747
Daging Sapi Murni/DI Yogyakarta/2024-11-10,153331.93043816232
Daging Sapi Murni/DI Yogyakarta/2024-11-11,153398.66390285606
Daging Sapi Murni/DI Yogyakarta/2024-11-12,153414.1713007457
Daging Sapi Murni/DI Yogyakarta/2024-11-13,153362.92282370335
Daging Sapi Murni/DI Yogyakarta/2024-11-14,153409.7293036589
Daging Sapi Murni/DI Yogyakarta/2024-11-15,153354.81603182296
Daging Sapi Murni/DI Yogyakarta/2024-11-16,153377.9845126928
Daging Sapi Murni/DI Yogyakarta/2024-11-17,153417.8114077359
Daging Sapi Murni/DI Yogyakarta/2024-11-18,153399.2977248658
Daging Sapi Murni/DI Yogyakarta/2024-11-19,153394.851824979
Daging Sapi Murni/DI Yogyakarta/2024-11-20,153397.01972286517
Daging Sapi Murni/DI Yogyakarta/2024-11-21,153404.28960194674
Daging Sapi Murni/DI Yogyakarta/2024-11-22,153422.97521368394
Daging Sapi Murni/DI Yogyakarta/2024-11-23,153358.8481150952
Daging Sapi Murni/DI Yogyakarta/2024-11-24,153428.00381160717
Daging Sapi Murni/DI Yogyakarta/2024-11-25,153399.4273520329
Daging Sapi Murni/DI Yogyakarta/2024-11-26,153391.79932413733
Daging Sapi Murni/DI Yogyakarta/2024-11-27,153415.54929366367
Daging Sapi Murni/DI Yogyakarta/2024-11-28,153373.9506666602
Daging Sapi Murni/DI Yogyakarta/2024-11-29,153370.55934976597
Daging Sapi Murni/DI Yogyakarta/2024-11-30,153370.73797322408
Daging Sapi Murni/DI Yogyakarta/2024-12-01,153446.17383900844
Daging Sapi Murni/DI Yogyakarta/2024-12-02,153392.89708297048
Daging Sapi Murni/DI Yogyakarta/2024-12-03,153410.02119683425
Daging Sapi Murni/DI Yogyakarta/2024-12-04,153408.96126583676
Daging Sapi Murni/DI Yogyakarta/2024-12-05,153422.91161436046
Daging Sapi Murni/DI Yogyakarta/2024-12-06,153374.76167188332
Daging Sapi Murni/DI Yogyakarta/2024-12-07,153470.39875246253
Daging Sapi Murni/DI Yogyakarta/2024-12-08,153422.81785994573
Daging Sapi Murni/DI Yogyakarta/2024-12-09,153380.55029518265
Daging Sapi Murni/DI Yogyakarta/2024-12-10,153349.68563200225
Daging Sapi Murni/DI Yogyakarta/2024-12-11,153415.49659302787
Daging Sapi Murni/DI Yogyakarta/2024-12-12,153390.16336311874
Daging Sapi Murni/DI Yogyakarta/2024-12-13,153387.1695969366
Daging Sapi Murni/DI Yogyakarta/2024-12-14,153389.1202048692
Daging Sapi Murni/DI Yogyakarta/2024-12-15,153340.16207378847
Daging Sapi Murni/DI Yogyakarta/2024-12-16,153387.27596620505
Daging Sapi Murni/DI Yogyakarta/2024-12-17,153419.85239648202
Daging Sapi Murni/DI Yogyakarta/2024-12-18,153370.45345183308
Daging Sapi Murni/DI Yogyakarta/2024-12-19,153391.18487201724
Daging Sapi Murni/DI Yogyakarta/2024-12-20,153382.30054608552
Daging Sapi Murni/DI Yogyakarta/2024-12-21,153385.83472502552
Daging Sapi Murni/DI Yogyakarta/2024-12-22,153395.9003792827
Daging Sapi Murni/DI Yogyakarta/2024-12-23,153342.63141916288
Daging Sapi Murni/DI Yogyakarta/2024-12-24,153397.96257364817
Daging Sapi Murni/DI Yogyakarta/2024-12-25,153317.31628383772
Daging Sapi Murni/DI Yogyakarta/2024-12-26,153387.11441887583
Daging Sapi Murni/DI Yogyakarta/2024-12-27,153392.7770251534
Daging Sapi Murni/DI Yogyakarta/2024-12-28,153372.12995913878
Daging Sapi Murni/DI Yogyakarta/2024-12-29,153431.0229443032
Daging Sapi Murni/DI Yogyakarta/2024-12-30,153401.38740355795
Daging Sapi Murni/DI Yogyakarta/2024-12-31,153360.52883774208
Daging Sapi Murni/DKI Jakarta/2024-10-01,153363.4135306615
Daging Sapi Murni/DKI Jakarta/2024-10-02,153444.3179732353
Daging Sapi Murni/DKI Jakarta/2024-10-03,153392.3290741206
Daging Sapi Murni/DKI Jakarta/2024-10-04,153391.58449284386
Daging Sapi Murni/DKI Jakarta/2024-10-05,153389.35328567593
Daging Sapi Murni/DKI Jakarta/2024-10-06,153421.06582012228
Daging Sapi Murni/DKI Jakarta/2024-10-07,153367.3407236927
Daging Sapi Murni/DKI Jakarta/2024-10-08,153413.95189215793
Daging Sapi Murni/DKI Jakarta/2024-10-09,153443.5548194511
Daging Sapi Murni/DKI Jakarta/2024-10-10,153411.38730372742
Daging Sapi Murni/DKI Jakarta/2024-10-11,153438.84752563457
Daging Sapi Murni/DKI Jakarta/2024-10-12,153418.39135025855
Daging Sapi Murni/DKI Jakarta/2024-10-13,153419.51289169712
Daging Sapi Murni/DKI Jakarta/2024-10-14,153465.22862107411
Daging Sapi Murni/DKI Jakarta/2024-10-15,153421.5111124934
Daging Sapi Murni/DKI Jakarta/2024-10-16,153345.4161947386
Daging Sapi Murni/DKI Jakarta/2024-10-17,153391.8883535771
Daging Sapi Murni/DKI Jakarta/2024-10-18,153399.0999018592
Daging Sapi Murni/DKI Jakarta/2024-10-19,153371.00598595105
Daging Sapi Murni/DKI Jakarta/2024-10-20,153360.44257671147
Daging Sapi Murni/DKI Jakarta/2024-10-21,153383.1200404313
Daging Sapi Murni/DKI Jakarta/2024-10-22,153395.96027392207
Daging Sapi Murni/DKI Jakarta/2024-10-23,153395.6365051165
Daging Sapi Murni/DKI Jakarta/2024-10-24,153429.5694682847
Daging Sapi Murni/DKI Jakarta/2024-10-25,153433.75174781037
Daging Sapi Murni/DKI Jakarta/2024-10-26,153425.99224357473
Daging Sapi Murni/DKI Jakarta/2024-10-27,153418.07203793945
Daging Sapi Murni/DKI Jakarta/2024-10-28,153489.61288592548
Daging Sapi Murni/DKI Jakarta/2024-10-29,153319.79792270967
Daging Sapi Murni/DKI Jakarta/2024-10-30,153376.13905760323
Daging Sapi Murni/DKI Jakarta/2024-10-31,153391.00784143875
Daging Sapi Murni/DKI Jakarta/2024-11-01,153376.7247047172
Daging Sapi Murni/DKI Jakarta/2024-11-02,153377.33439344945
Daging Sapi Murni/DKI Jakarta/2024-11-03,153398.93874133565
Daging Sapi Murni/DKI Jakarta/2024-11-04,153397.76764561344
Daging Sapi Murni/DKI Jakarta/2024-11-05,153424.62551328074
Daging Sapi Murni/DKI Jakarta/2024-11-06,153365.88901604622
Daging Sapi Murni/DKI Jakarta/2024-11-07,153422.01243361307
Daging Sapi Murni/DKI Jakarta/2024-11-08,153416.28236952666
Daging Sapi Murni/DKI Jakarta/2024-11-09,153417.71000979462
Daging Sapi Murni/DKI Jakarta/2024-11-10,153406.84029127512
Daging Sapi Murni/DKI Jakarta/2024-11-11,153399.47083775658
Daging Sapi Murni/DKI Jakarta/2024-11-12,153412.46032715277
Daging Sapi Murni/DKI Jakarta/2024-11-13,153397.84485714245
Daging Sapi Murni/DKI Jakarta/2024-11-14,153398.6734454297
Daging Sapi Murni/DKI Jakarta/2024-11-15,153407.1088367662
Daging Sapi Murni/DKI Jakarta/2024-11-16,153420.06024038242
Daging Sapi Murni/DKI Jakarta/2024-11-17,153405.6420245272
Daging Sapi Murni/DKI Jakarta/2024-11-18,153392.3557630642
Daging Sapi Murni/DKI Jakarta/2024-11-19,153424.19030456184
Daging Sapi Murni/DKI Jakarta/2024-11-20,153400.5591087479
Daging Sapi Murni/DKI Jakarta/2024-11-21,153459.9623148226
Daging Sapi Murni/DKI Jakarta/2024-11-22,153377.55826467142
Daging Sapi Murni/DKI Jakarta/2024-11-23,153427.8930039738
Daging Sapi Murni/DKI Jakarta/2024-11-24,153315.31031684263
Daging Sapi Murni/DKI Jakarta/2024-11-25,153349.9773808574
Daging Sapi Murni/DKI Jakarta/2024-11-26,153414.62319027257
Daging Sapi Murni/DKI Jakarta/2024-11-27,153393.67478407722
Daging Sapi Murni/DKI Jakarta/2024-11-28,153373.78279578243
Daging Sapi Murni/DKI Jakarta/2024-11-29,153423.47899102906
Daging Sapi Murni/DKI Jakarta/2024-11-30,153332.24251480648
Daging Sapi Murni/DKI Jakarta/2024-12-01,153379.4022021368
Daging Sapi Murni/DKI Jakarta/2024-12-02,153459.0901031919
Daging Sapi Murni/DKI Jakarta/2024-12-03,153406.50237511322
Daging Sapi Murni/DKI Jakarta/2024-12-04,153387.6897140415
Daging Sapi Murni/DKI Jakarta/2024-12-05,153354.3270779358
Daging Sapi Murni/DKI Jakarta/2024-12-06,153409.63164194056
Daging Sapi Murni/DKI Jakarta/2024-12-07,153402.56872230928
Daging Sapi Murni/DKI Jakarta/2024-12-08,153457.46413812204
Daging Sapi Murni/DKI Jakarta/2024-12-09,153407.82779970742
Daging Sapi Murni/DKI Jakarta/2024-12-10,153416.75277556153
Daging Sapi Murni/DKI Jakarta/2024-12-11,153288.0540553438
Daging Sapi Murni/DKI Jakarta/2024-12-12,153366.4676623342
Daging Sapi Murni/DKI Jakarta/2024-12-13,153351.58827534888
Daging Sapi Murni/DKI Jakarta/2024-12-14,153388.39001535534
Daging Sapi Murni/DKI Jakarta/2024-12-15,153434.10604379786
Daging Sapi Murni/DKI Jakarta/2024-12-16,153391.3856021822
Daging Sapi Murni/DKI Jakarta/2024-12-17,153396.0062122959
Daging Sapi Murni/DKI Jakarta/2024-12-18,153366.4928247478
Daging Sapi Murni/DKI Jakarta/2024-12-19,153402.87674393386
Daging Sapi Murni/DKI Jakarta/2024-12-20,153413.04871078
Daging Sapi Murni/DKI Jakarta/2024-12-21,153290.97425357573
Daging Sapi Murni/DKI Jakarta/2024-12-22,153344.61822600954
Daging Sapi Murni/DKI Jakarta/2024-12-23,153388.6471849631
Daging Sapi Murni/DKI Jakarta/2024-12-24,153359.06200787402
Daging Sapi Murni/DKI Jakarta/2024-12-25,153420.74977387843
Daging Sapi Murni/DKI Jakarta/2024-12-26,153362.30809646545
Daging Sapi Murni/DKI Jakarta/2024-12-27,153419.65357794228
Daging Sapi Murni/DKI Jakarta/2024-12-28,153387.63315792085
Daging Sapi Murni/DKI Jakarta/2024-12-29,153399.7540315251
Daging Sapi Murni/DKI Jakarta/2024-12-30,153392.9280511263
Daging Sapi Murni/DKI Jakarta/2024-12-31,153456.4723095066
Daging Sapi Murni/Gorontalo/2024-10-01,153371.72936544984
Daging Sapi Murni/Gorontalo/2024-10-02,153375.7266403261
Daging Sapi Murni/Gorontalo/2024-10-03,153392.49283147443
Daging Sapi Murni/Gorontalo/2024-10-04,153349.5174628776
Daging Sapi Murni/Gorontalo/2024-10-05,153391.37298653752
Daging Sapi Murni/Gorontalo/2024-10-06,153395.67549664868
Daging Sapi Murni/Gorontalo/2024-10-07,153373.87636170755
Daging Sapi Murni/Gorontalo/2024-10-08,153413.0471143088
Daging Sapi Murni/Gorontalo/2024-10-09,153388.76807508193
Daging Sapi Murni/Gorontalo/2024-10-10,153394.57272885
Daging Sapi Murni/Gorontalo/2024-10-11,153373.4908694331
Daging Sapi Murni/Gorontalo/2024-10-12,153367.1245094684
Daging Sapi Murni/Gorontalo/2024-10-13,153332.05415138946
Daging Sapi Murni/Gorontalo/2024-10-14,153365.50681636002
Daging Sapi Murni/Gorontalo/2024-10-15,153359.62255876238
Daging Sapi Murni/Gorontalo/2024-10-16,153354.51004684845
Daging Sapi Murni/Gorontalo/2024-10-17,153409.24548008185
Daging Sapi Murni/Gorontalo/2024-10-18,153428.78033352492
Daging Sapi Murni/Gorontalo/2024-10-19,153382.5765238141
Daging Sapi Murni/Gorontalo/2024-10-20,153369.50014822814
Daging Sapi Murni/Gorontalo/2024-10-21,153401.34853719987
Daging Sapi Murni/Gorontalo/2024-10-22,153387.60547645602
Daging Sapi Murni/Gorontalo/2024-10-23,153383.99619783607
Daging Sapi Murni/Gorontalo/2024-10-24,153378.9392614024
Daging Sapi Murni/Gorontalo/2024-10-25,153387.29665749913
Daging Sapi Murni/Gorontalo/2024-10-26,153411.09027446044
Daging Sapi Murni/Gorontalo/2024-10-27,153417.65313142625
Daging Sapi Murni/Gorontalo/2024-10-28,153400.31571399458
Daging Sapi Murni/Gorontalo/2024-10-29,153339.46304706874
Daging Sapi Murni/Gorontalo/2024-10-30,153368.6047176292
Daging Sapi Murni/Gorontalo/2024-10-31,153361.91125677316
Daging Sapi Murni/Gorontalo/2024-11-01,153410.66573797725
Daging Sapi Murni/Gorontalo/2024-11-02,153441.30967150678
Daging Sapi Murni/Gorontalo/2024-11-03,153358.60800535782
Daging Sapi Murni/Gorontalo/2024-11-04,153422.8435242195
Daging Sapi Murni/Gorontalo/2024-11-05,153357.5726929612
Daging Sapi Murni/Gorontalo/2024-11-06,153400.63787556798
Daging Sapi Murni/Gorontalo/2024-11-07,153406.04942857093
Daging Sapi Murni/Gorontalo/2024-11-08,153399.85471765345
Daging Sapi Murni/Gorontalo/2024-11-09,153380.36965415714
Daging Sapi Murni/Gorontalo/2024-11-10,153400.90488325508
Daging Sapi Murni/Gorontalo/2024-11-11,153411.4090577363
Daging Sapi Murni/Gorontalo/2024-11-12,153335.6188400392
Daging Sapi Murni/Gorontalo/2024-11-13,153409.08231379153
Daging Sapi Murni/Gorontalo/2024-11-14,153362.55996284724
Daging Sapi Murni/Gorontalo/2024-11-15,153340.62088706173
Daging Sapi Murni/Gorontalo/2024-11-16,153417.88575185207
Daging Sapi Murni/Gorontalo/2024-11-17,153363.1625979269
Daging Sapi Murni/Gorontalo/2024-11-18,153350.06657125332
Daging Sapi Murni/Gorontalo/2024-11-19,153364.64291818015
Daging Sapi Murni/Gorontalo/2024-11-20,153404.0633636771
Daging Sapi Murni/Gorontalo/2024-11-21,153412.35723962626
Daging Sapi Murni/Gorontalo/2024-11-22,153369.12817961854
Daging Sapi Murni/Gorontalo/2024-11-23,153403.20463797718
Daging Sapi Murni/Gorontalo/2024-11-24,153417.98857672315
Daging Sapi Murni/Gorontalo/2024-11-25,153411.16747208047
Daging Sapi Murni/Gorontalo/2024-11-26,153328.52084901842
Daging Sapi Murni/Gorontalo/2024-11-27,153373.57904830243
Daging Sapi Murni/Gorontalo/2024-11-28,153360.4687419148
Daging Sapi Murni/Gorontalo/2024-11-29,153376.588329265
Daging Sapi Murni/Gorontalo/2024-11-30,153427.89275086965
Daging Sapi Murni/Gorontalo/2024-12-01,153422.93257923014
Daging Sapi Murni/Gorontalo/2024-12-02,153343.7822613662
Daging Sapi Murni/Gorontalo/2024-12-03,153391.21567716758
Daging Sapi Murni/Gorontalo/2024-12-04,153314.89417593804
Daging Sapi Murni/Gorontalo/2024-12-05,153385.83666152568
Daging Sapi Murni/Gorontalo/2024-12-06,153405.4893805959
Daging Sapi Murni/Gorontalo/2024-12-07,153339.9928163484
Daging Sapi Murni/Gorontalo/2024-12-08,153359.01696587613
Daging Sapi Murni/Gorontalo/2024-12-09,153389.2401744112
Daging Sapi Murni/Gorontalo/2024-12-10,153430.8137912529
Daging Sapi Murni/Gorontalo/2024-12-11,153414.35668934506
Daging Sapi Murni/Gorontalo/2024-12-12,153407.60409676278
Daging Sapi Murni/Gorontalo/2024-12-13,153365.37923714152
Daging Sapi Murni/Gorontalo/2024-12-14,153312.13878312818
Daging Sapi Murni/Gorontalo/2024-12-15,153401.0901296292
Daging Sapi Murni/Gorontalo/2024-12-16,153370.3891945025
Daging Sapi Murni/Gorontalo/2024-12-17,153396.29114748485
Daging Sapi Murni/Gorontalo/2024-12-18,153335.0106361603
Daging Sapi Murni/Gorontalo/2024-12-19,153396.93588788967
Daging Sapi Murni/Gorontalo/2024-12-20,153369.13690942715
Daging Sapi Murni/Gorontalo/2024-12-21,153415.61611624985
Daging Sapi Murni/Gorontalo/2024-12-22,153425.11568294387
Daging Sapi Murni/Gorontalo/2024-12-23,153413.98429740302
Daging Sapi Murni/Gorontalo/2024-12-24,153362.38401264444
Daging Sapi Murni/Gorontalo/2024-12-25,153324.32097594586
Daging Sapi Murni/Gorontalo/2024-12-26,153418.10062600032
Daging Sapi Murni/Gorontalo/2024-12-27,153401.67918006453
Daging Sapi Murni/Gorontalo/2024-12-28,153409.5004464511
Daging Sapi Murni/Gorontalo/2024-12-29,153384.83669972856
Daging Sapi Murni/Gorontalo/2024-12-30,153403.15850813736
Daging Sapi Murni/Gorontalo/2024-12-31,153363.67172139933
Daging Sapi Murni/Jambi/2024-10-01,153360.31663917928
Daging Sapi Murni/Jambi/2024-10-02,153341.13555562476
Daging Sapi Murni/Jambi/2024-10-03,153389.94534550628
Daging Sapi Murni/Jambi/2024-10-04,153457.7355124815
Daging Sapi Murni/Jambi/2024-10-05,153438.41378208625
Daging Sapi Murni/Jambi/2024-10-06,153442.581858082
Daging Sapi Murni/Jambi/2024-10-07,153408.67709618644
Daging Sapi Murni/Jambi/2024-10-08,153442.60364471635
Daging Sapi Murni/Jambi/2024-10-09,153382.43095204685
Daging Sapi Murni/Jambi/2024-10-10,153418.8503980273
Daging Sapi Murni/Jambi/2024-10-11,153346.86387456872
Daging Sapi Murni/Jambi/2024-10-12,153403.54623189298
Daging Sapi Murni/Jambi/2024-10-13,153415.99339373238
Daging Sapi Murni/Jambi/2024-10-14,153395.46934502365
Daging Sapi Murni/Jambi/2024-10-15,153359.03268315448
Daging Sapi Murni/Jambi/2024-10-16,153394.16595567085
Daging Sapi Murni/Jambi/2024-10-17,153341.79273099563
Daging Sapi Murni/Jambi/2024-10-18,153413.0967662043
Daging Sapi Murni/Jambi/2024-10-19,153437.45675810144
Daging Sapi Murni/Jambi/2024-10-20,153367.13882693925
Daging Sapi Murni/Jambi/2024-10-21,153474.42829705102
Daging Sapi Murni/Jambi/2024-10-22,153369.46954258948
Daging Sapi Murni/Jambi/2024-10-23,153438.76685578082
Daging Sapi Murni/Jambi/2024-10-24,153406.3637314905
Daging Sapi Murni/Jambi/2024-10-25,153360.30420263385
Daging Sapi Murni/Jambi/2024-10-26,153362.64714809204
Daging Sapi Murni/Jambi/2024-10-27,153396.678633624
Daging Sapi Murni/Jambi/2024-10-28,153378.16546637873
Daging Sapi Murni/Jambi/2024-10-29,153404.85935423855
Daging Sapi Murni/Jambi/2024-10-30,153426.57806202854
Daging Sapi Murni/Jambi/2024-10-31,153408.73849153664
Daging Sapi Murni/Jambi/2024-11-01,153380.57358421275
Daging Sapi Murni/Jambi/2024-11-02,153338.04961667996
Daging Sapi Murni/Jambi/2024-11-03,153414.80850323613
Daging Sapi Murni/Jambi/2024-11-04,153413.8400215038
Daging Sapi Murni/Jambi/2024-11-05,153408.87503994702
Daging Sapi Murni/Jambi/2024-11-06,153363.6392147517
Daging Sapi Murni/Jambi/2024-11-07,153377.2224820187
Daging Sapi Murni/Jambi/2024-11-08,153397.83094424714
Daging Sapi Murni/Jambi/2024-11-09,153347.78019365185
Daging Sapi Murni/Jambi/2024-11-10,153420.1650106991
Daging Sapi Murni/Jambi/2024-11-11,153346.12942872773
Daging Sapi Murni/Jambi/2024-11-12,153410.4849281343
Daging Sapi Murni/Jambi/2024-11-13,153413.72810805327
Daging Sapi Murni/Jambi/2024-11-14,153361.41240503523
Daging Sapi Murni/Jambi/2024-11-15,153396.11979777136
Daging Sapi Murni/Jambi/2024-11-16,153355.13316394069
Daging Sapi Murni/Jambi/2024-11-17,153417.55212081308
Daging Sapi Murni/Jambi/2024-11-18,153362.56383079867
Daging Sapi Murni/Jambi/2024-11-19,153425.91986469223
Daging Sapi Murni/Jambi/2024-11-20,153399.2149542189
Daging Sapi Murni/Jambi/2024-11-21,153389.12318700098
Daging Sapi Murni/Jambi/2024-11-22,153356.22114955276
Daging Sapi Murni/Jambi/2024-11-23,153402.85094021918
Daging Sapi Murni/Jambi/2024-11-24,153400.3513098653
Daging Sapi Murni/Jambi/2024-11-25,153414.59651139003
Daging Sapi Murni/Jambi/2024-11-26,153369.6834611272
Daging Sapi Murni/Jambi/2024-11-27,153392.69165835265
Daging Sapi Murni/Jambi/2024-11-28,153388.267224059
Daging Sapi Murni/Jambi/2024-11-29,153379.68424672724
Daging Sapi Murni/Jambi/2024-11-30,153344.44584774342
Daging Sapi Murni/Jambi/2024-12-01,153406.2867987989
Daging Sapi Murni/Jambi/2024-12-02,153422.5094349405
Daging Sapi Murni/Jambi/2024-12-03,153383.31395381925
Daging Sapi Murni/Jambi/2024-12-04,153338.8919786746
Daging Sapi Murni/Jambi/2024-12-05,153413.85988801936
Daging Sapi Murni/Jambi/2024-12-06,153345.66029907297
Daging Sapi Murni/Jambi/2024-12-07,153402.6884338666
Daging Sapi Murni/Jambi/2024-12-08,153363.39019703065
Daging Sapi Murni/Jambi/2024-12-09,153385.43098346613
Daging Sapi Murni/Jambi/2024-12-10,153380.95171298645
Daging Sapi Murni/Jambi/2024-12-11,153356.6124158173
Daging Sapi Murni/Jambi/2024-12-12,153417.0728120198
Daging Sapi Murni/Jambi/2024-12-13,153451.72776198518
Daging Sapi Murni/Jambi/2024-12-14,153407.76945651148
Daging Sapi Murni/Jambi/2024-12-15,153363.9635609795
Daging Sapi Murni/Jambi/2024-12-16,153359.7474912817
Daging Sapi Murni/Jambi/2024-12-17,153321.97749602725
Daging Sapi Murni/Jambi/2024-12-18,153363.8574486321
Daging Sapi Murni/Jambi/2024-12-19,153402.51415544306
Daging Sapi Murni/Jambi/2024-12-20,153459.8952628422
Daging Sapi Murni/Jambi/2024-12-21,153336.25288987442
Daging Sapi Murni/Jambi/2024-12-22,153310.64315114266
Daging Sapi Murni/Jambi/2024-12-23,153426.1478525017
Daging Sapi Murni/Jambi/2024-12-24,153387.21257050705
Daging Sapi Murni/Jambi/2024-12-25,153412.19488275787
Daging Sapi Murni/Jambi/2024-12-26,153379.45582143991
Daging Sapi Murni/Jambi/2024-12-27,153357.761150167
Daging Sapi Murni/Jambi/2024-12-28,153436.22873834093
Daging Sapi Murni/Jambi/2024-12-29,153371.1982206961
Daging Sapi Murni/Jambi/2024-12-30,153390.95560056402
Daging Sapi Murni/Jambi/2024-12-31,153383.02685760858
Daging Sapi Murni/Jawa Barat/2024-10-01,153416.3260356991
Daging Sapi Murni/Jawa Barat/2024-10-02,153349.2806767398
Daging Sapi Murni/Jawa Barat/2024-10-03,153356.06231797667
Daging Sapi Murni/Jawa Barat/2024-10-04,153328.76604980708
Daging Sapi Murni/Jawa Barat/2024-10-05,153422.70302567526
Daging Sapi Murni/Jawa Barat/2024-10-06,153435.22023837772
Daging Sapi Murni/Jawa Barat/2024-10-07,153436.9218190156
Daging Sapi Murni/Jawa Barat/2024-10-08,153345.98621840708
Daging Sapi Murni/Jawa Barat/2024-10-09,153382.69932101062
Daging Sapi Murni/Jawa Barat/2024-10-10,153393.92078989305
Daging Sapi Murni/Jawa Barat/2024-10-11,153427.8568360157
Daging Sapi Murni/Jawa Barat/2024-10-12,153420.6771157353
Daging Sapi Murni/Jawa Barat/2024-10-13,153389.3911613455
Daging Sapi Murni/Jawa Barat/2024-10-14,153427.95317753183
Daging Sapi Murni/Jawa Barat/2024-10-15,153405.94979458046
Daging Sapi Murni/Jawa Barat/2024-10-16,153424.0208883131
Daging Sapi Murni/Jawa Barat/2024-10-17,153326.70731205598
Daging Sapi Murni/Jawa Barat/2024-10-18,153350.3220058469
Daging Sapi Murni/Jawa Barat/2024-10-19,153379.1933337479
Daging Sapi Murni/Jawa Barat/2024-10-20,153413.32979356305
Daging Sapi Murni/Jawa Barat/2024-10-21,153361.2732313639
Daging Sapi Murni/Jawa Barat/2024-10-22,153347.50023145403
Daging Sapi Murni/Jawa Barat/2024-10-23,153424.15217111685
Daging Sapi Murni/Jawa Barat/2024-10-24,153373.8982144534
Daging Sapi Murni/Jawa Barat/2024-10-25,153391.20951815264
Daging Sapi Murni/Jawa Barat/2024-10-26,153305.57971835736
Daging Sapi Murni/Jawa Barat/2024-10-27,153358.04767153607
Daging Sapi Murni/Jawa Barat/2024-10-28,153426.50034953645
Daging Sapi Murni/Jawa Barat/2024-10-29,153364.0838944196
Daging Sapi Murni/Jawa Barat/2024-10-30,153436.0968066528
Daging Sapi Murni/Jawa Barat/2024-10-31,153351.56115104043
Daging Sapi Murni/Jawa Barat/2024-11-01,153343.39670930328
Daging Sapi Murni/Jawa Barat/2024-11-02,153393.0144964678
Daging Sapi Murni/Jawa Barat/2024-11-03,153420.52135161313
Daging Sapi Murni/Jawa Barat/2024-11-04,153420.2959695543
Daging Sapi Murni/Jawa Barat/2024-11-05,153398.71164448856
Daging Sapi Murni/Jawa Barat/2024-11-06,153433.3021777151
Daging Sapi Murni/Jawa Barat/2024-11-07,153360.7788880194
Daging Sapi Murni/Jawa Barat/2024-11-08,153434.18289453388
Daging Sapi Murni/Jawa Barat/2024-11-09,153418.85525637932
Daging Sapi Murni/Jawa Barat/2024-11-10,153345.31034921997
Daging Sapi Murni/Jawa Barat/2024-11-11,153444.6655522469
Daging Sapi Murni/Jawa Barat/2024-11-12,153403.8941129605
Daging Sapi Murni/Jawa Barat/2024-11-13,153387.41855657802
Daging Sapi Murni/Jawa Barat/2024-11-14,153445.5896088094
Daging Sapi Murni/Jawa Barat/2024-11-15,153403.77601791985
Daging Sapi Murni/Jawa Barat/2024-11-16,153396.71995753053
Daging Sapi Murni/Jawa Barat/2024-11-17,153362.4265865156
Daging Sapi Murni/Jawa Barat/2024-11-18,153375.55633390488
Daging Sapi Murni/Jawa Barat/2024-11-19,153384.34918581517
Daging Sapi Murni/Jawa Barat/2024-11-20,153448.24991569127
Daging Sapi Murni/Jawa Barat/2024-11-21,153377.48533336146
Daging Sapi Murni/Jawa Barat/2024-11-22,153399.8401142831
Daging Sapi Murni/Jawa Barat/2024-11-23,153434.41785183136
Daging Sapi Murni/Jawa Barat/2024-11-24,153342.3187726269
Daging Sapi Murni/Jawa Barat/2024-11-25,153356.9705981776
Daging Sapi Murni/Jawa Barat/2024-11-26,153366.8065294592
Daging Sapi Murni/Jawa Barat/2024-11-27,153390.35860591728
Daging Sapi Murni/Jawa Barat/2024-11-28,153407.91644944093
Daging Sapi Murni/Jawa Barat/2024-11-29,153376.11913328082
Daging Sapi Murni/Jawa Barat/2024-11-30,153364.27093440658
Daging Sapi Murni/Jawa Barat/2024-12-01,153399.3937586419
Daging Sapi Murni/Jawa Barat/2024-12-02,153421.3876918425
Daging Sapi Murni/Jawa Barat/2024-12-03,153381.06253535225
Daging Sapi Murni/Jawa Barat/2024-12-04,153421.1798941828
Daging Sapi Murni/Jawa Barat/2024-12-05,153375.6259736507
Daging Sapi Murni/Jawa Barat/2024-12-06,153361.51535309345
Daging Sapi Murni/Jawa Barat/2024-12-07,153416.65602677892
Daging Sapi Murni/Jawa Barat/2024-12-08,153396.7825860607
Daging Sapi Murni/Jawa Barat/2024-12-09,153444.63239294695
Daging Sapi Murni/Jawa Barat/2024-12-10,153395.7358953289
Daging Sapi Murni/Jawa Barat/2024-12-11,153419.782022971
Daging Sapi Murni/Jawa Barat/2024-12-12,153471.04318189793
Daging Sapi Murni/Jawa Barat/2024-12-13,153356.57483078292
Daging Sapi Murni/Jawa Barat/2024-12-14,153450.19662679348
Daging Sapi Murni/Jawa Barat/2024-12-15,153326.73198515773
Daging Sapi Murni/Jawa Barat/2024-12-16,153399.90684559528
Daging Sapi Murni/Jawa Barat/2024-12-17,153352.0075654062
Daging Sapi Murni/Jawa Barat/2024-12-18,153404.385742025
Daging Sapi Murni/Jawa Barat/2024-12-19,153416.7538724861
Daging Sapi Murni/Jawa Barat/2024-12-20,153376.68788574936
Daging Sapi Murni/Jawa Barat/2024-12-21,153366.09030791651
Daging Sapi Murni/Jawa Barat/2024-12-22,153382.44751681198
Daging Sapi Murni/Jawa Barat/2024-12-23,153403.21273732607
Daging Sapi Murni/Jawa Barat/2024-12-24,153407.85887297336
Daging Sapi Murni/Jawa Barat/2024-12-25,153301.80848534574
Daging Sapi Murni/Jawa Barat/2024-12-26,153424.68597280298
Daging Sapi Murni/Jawa Barat/2024-12-27,153394.97943435324
Daging Sapi Murni/Jawa Barat/2024-12-28,153449.8177383211
Daging Sapi Murni/Jawa Barat/2024-12-29,153386.6797395451
Daging Sapi Murni/Jawa Barat/2024-12-30,153456.65430985772
Daging Sapi Murni/Jawa Barat/2024-12-31,153363.72725093891
Daging Sapi Murni/Jawa Tengah/2024-10-01,153402.69270108774
Daging Sapi Murni/Jawa Tengah/2024-10-02,153451.51474092522
Daging Sapi Murni/Jawa Tengah/2024-10-03,153419.94288244392
Daging Sapi Murni/Jawa Tengah/2024-10-04,153354.895890767
Daging Sapi Murni/Jawa Tengah/2024-10-05,153414.16460162954
Daging Sapi Murni/Jawa Tengah/2024-10-06,153404.20837884417
Daging Sapi Murni/Jawa Tengah/2024-10-07,153446.49239624193
Daging Sapi Murni/Jawa Tengah/2024-10-08,153385.53194787013
Daging Sapi Murni/Jawa Tengah/2024-10-09,153448.95455068818
Daging Sapi Murni/Jawa Tengah/2024-10-10,153398.71372246268
Daging Sapi Murni/Jawa Tengah/2024-10-11,153376.93492631434
Daging Sapi Murni/Jawa Tengah/2024-10-12,153371.7880812187
Daging Sapi Murni/Jawa Tengah/2024-10-13,153366.38157296614
Daging Sapi Murni/Jawa Tengah/2024-10-14,153413.56886038205
Daging Sapi Murni/Jawa Tengah/2024-10-15,153340.55853218885
Daging Sapi Murni/Jawa Tengah/2024-10-16,153379.12268689403
Daging Sapi Murni/Jawa Tengah/2024-10-17,153397.46862677616
Daging Sapi Murni/Jawa Tengah/2024-10-18,153382.4646199381
Daging Sapi Murni/Jawa Tengah/2024-10-19,153423.4709144391
Daging Sapi Murni/Jawa Tengah/2024-10-20,153396.86349260257
Daging Sapi Murni/Jawa Tengah/2024-10-21,153426.79142830626
Daging Sapi Murni/Jawa Tengah/2024-10-22,153356.8235050237
Daging Sapi Murni/Jawa Tengah/2024-10-23,153406.3351956621
Daging Sapi Murni/Jawa Tengah/2024-10-24,153389.49196948193
Daging Sapi Murni/Jawa Tengah/2024-10-25,153401.52927562888
Daging Sapi Murni/Jawa Tengah/2024-10-26,153420.7617342574
Daging Sapi Murni/Jawa Tengah/2024-10-27,153433.30600996286
Daging Sapi Murni/Jawa Tengah/2024-10-28,153407.45271328144
Daging Sapi Murni/Jawa Tengah/2024-10-29,153380.96128869618
Daging Sapi Murni/Jawa Tengah/2024-10-30,153347.52080306198
Daging Sapi Murni/Jawa Tengah/2024-10-31,153389.7014076783
Daging Sapi Murni/Jawa Tengah/2024-11-01,153384.3293947165
Daging Sapi Murni/Jawa Tengah/2024-11-02,153386.67783523453
Daging Sapi Murni/Jawa Tengah/2024-11-03,153370.9609155614
Daging Sapi Murni/Jawa Tengah/2024-11-04,153437.96225320917
Daging Sapi Murni/Jawa Tengah/2024-11-05,153383.4790260274
Daging Sapi Murni/Jawa Tengah/2024-11-06,153431.4040526341
Daging Sapi Murni/Jawa Tengah/2024-11-07,153424.42623264162
Daging Sapi Murni/Jawa Tengah/2024-11-08,153401.54026168602
Daging Sapi Murni/Jawa Tengah/2024-11-09,153362.0336836441
Daging Sapi Murni/Jawa Tengah/2024-11-10,153381.47945231723
Daging Sapi Murni/Jawa Tengah/2024-11-11,153422.96300351093
Daging Sapi Murni/Jawa Tengah/2024-11-12,153369.45570997978
Daging Sapi Murni/Jawa Tengah/2024-11-13,153405.59175842415
Daging Sapi Murni/Jawa Tengah/2024-11-14,153386.14116043318
Daging Sapi Murni/Jawa Tengah/2024-11-15,153445.09758214356
Daging Sapi Murni/Jawa Tengah/2024-11-16,153382.9569345651
Daging Sapi Murni/Jawa Tengah/2024-11-17,153356.94151333006
Daging Sapi Murni/Jawa Tengah/2024-11-18,153381.67256415042
Daging Sapi Murni/Jawa Tengah/2024-11-19,153389.2358108419
Daging Sapi Murni/Jawa Tengah/2024-11-20,153340.2266056464
Daging Sapi Murni/Jawa Tengah/2024-11-21,153353.8459764239
Daging Sapi Murni/Jawa Tengah/2024-11-22,153324.71024033157
Daging Sapi Murni/Jawa Tengah/2024-11-23,153315.67752946253
Daging Sapi Murni/Jawa Tengah/2024-11-24,153395.95714615018
Daging Sapi Murni/Jawa Tengah/2024-11-25,153386.03598500814
Daging Sapi Murni/Jawa Tengah/2024-11-26,153420.08929292104
Daging Sapi Murni/Jawa Tengah/2024-11-27,153363.52836145414
Daging Sapi Murni/Jawa Tengah/2024-11-28,153419.43415079606
Daging Sapi Murni/Jawa Tengah/2024-11-29,153401.8138137555
Daging Sapi Murni/Jawa Tengah/2024-11-30,153410.8206926672
Daging Sapi Murni/Jawa Tengah/2024-12-01,153406.93830681735
Daging Sapi Murni/Jawa Tengah/2024-12-02,153428.20066067815
Daging Sapi Murni/Jawa Tengah/2024-12-03,153408.30048025944
Daging Sapi Murni/Jawa Tengah/2024-12-04,153338.4929272102
Daging Sapi Murni/Jawa Tengah/2024-12-05,153392.5470180303
Daging Sapi Murni/Jawa Tengah/2024-12-06,153395.9095186802
Daging Sapi Murni/Jawa Tengah/2024-12-07,153473.05985555964
Daging Sapi Murni/Jawa Tengah/2024-12-08,153416.39658526552
Daging Sapi Murni/Jawa Tengah/2024-12-09,153450.20669145044
Daging Sapi Murni/Jawa Tengah/2024-12-10,153392.6679872206
Daging Sapi Murni/Jawa Tengah/2024-12-11,153350.25678227886
Daging Sapi Murni/Jawa Tengah/2024-12-12,153393.1280162137
Daging Sapi Murni/Jawa Tengah/2024-12-13,153335.50554611706
Daging Sapi Murni/Jawa Tengah/2024-12-14,153469.515587235
Daging Sapi Murni/Jawa Tengah/2024-12-15,153372.89034332288
Daging Sapi Murni/Jawa Tengah/2024-12-16,153399.99023513866
Daging Sapi Murni/Jawa Tengah/2024-12-17,153369.5328990238
Daging Sapi Murni/Jawa Tengah/2024-12-18,153421.7092263605
Daging Sapi Murni/Jawa Tengah/2024-12-19,153496.08783591562
Daging Sapi Murni/Jawa Tengah/2024-12-20,153377.74060031396
Daging Sapi Murni/Jawa Tengah/2024-12-21,153429.25868425632
Daging Sapi Murni/Jawa Tengah/2024-12-22,153394.7832539821
Daging Sapi Murni/Jawa Tengah/2024-12-23,153383.89785746508
Daging Sapi Murni/Jawa Tengah/2024-12-24,153374.342208424
Daging Sapi Murni/Jawa Tengah/2024-12-25,153420.0402565244
Daging Sapi Murni/Jawa Tengah/2024-12-26,153398.30571877208
Daging Sapi Murni/Jawa Tengah/2024-12-27,153419.55769090648
Daging Sapi Murni/Jawa Tengah/2024-12-28,153369.99452425318
Daging Sapi Murni/Jawa Tengah/2024-12-29,153386.95746710195
Daging Sapi Murni/Jawa Tengah/2024-12-30,153461.12886051944
Daging Sapi Murni/Jawa Tengah/2024-12-31,153340.49231558427
Daging Sapi Murni/Jawa Timur/2024-10-01,153417.25254516804
Daging Sapi Murni/Jawa Timur/2024-10-02,153357.26279614115
Daging Sapi Murni/Jawa Timur/2024-10-03,153343.94625455223
Daging Sapi Murni/Jawa Timur/2024-10-04,153388.8752999929
Daging Sapi Murni/Jawa Timur/2024-10-05,153390.46483117391
Daging Sapi Murni/Jawa Timur/2024-10-06,153417.67357937098
Daging Sapi Murni/Jawa Timur/2024-10-07,153429.3369411461
Daging Sapi Murni/Jawa Timur/2024-10-08,153423.23258628932
Daging Sapi Murni/Jawa Timur/2024-10-09,153367.85084565694
Daging Sapi Murni/Jawa Timur/2024-10-10,153369.4538722126
Daging Sapi Murni/Jawa Timur/2024-10-11,153391.64838927603
Daging Sapi Murni/Jawa Timur/2024-10-12,153364.50247748813
Daging Sapi Murni/Jawa Timur/2024-10-13,153419.64721400975
Daging Sapi Murni/Jawa Timur/2024-10-14,153395.47018205145
Daging Sapi Murni/Jawa Timur/2024-10-15,153355.2952028556
Daging Sapi Murni/Jawa Timur/2024-10-16,153446.77421598346
Daging Sapi Murni/Jawa Timur/2024-10-17,153394.43733000464
Daging Sapi Murni/Jawa Timur/2024-10-18,153395.54772228678
Daging Sapi Murni/Jawa Timur/2024-10-19,153419.07386294738
Daging Sapi Murni/Jawa Timur/2024-10-20,153390.48283914092
Daging Sapi Murni/Jawa Timur/2024-10-21,153374.01813124263
Daging Sapi Murni/Jawa Timur/2024-10-22,153431.25176332385
Daging Sapi Murni/Jawa Timur/2024-10-23,153371.26834438666
Daging Sapi Murni/Jawa Timur/2024-10-24,153426.68711703882
Daging Sapi Murni/Jawa Timur/2024-10-25,153370.4110488341
Daging Sapi Murni/Jawa Timur/2024-10-26,153393.9999215725
Daging Sapi Murni/Jawa Timur/2024-10-27,153434.98982674538
Daging Sapi Murni/Jawa Timur/2024-10-28,153397.09655840186
Daging Sapi Murni/Jawa Timur/2024-10-29,153390.37149973738
Daging Sapi Murni/Jawa Timur/2024-10-30,153445.33039350747
Daging Sapi Murni/Jawa Timur/2024-10-31,153431.77304096767
Daging Sapi Murni/Jawa Timur/2024-11-01,153391.6871027207
Daging Sapi Murni/Jawa Timur/2024-11-02,153489.2874267952
Daging Sapi Murni/Jawa Timur/2024-11-03,153347.8871660919
Daging Sapi Murni/Jawa Timur/2024-11-04,153357.51966332988
Daging Sapi Murni/Jawa Timur/2024-11-05,153388.46658523215
Daging Sapi Murni/Jawa Timur/2024-11-06,153362.61115268106
Daging Sapi Murni/Jawa Timur/2024-11-07,153394.10338038125
Daging Sapi Murni/Jawa Timur/2024-11-08,153333.8641903996
Daging Sapi Murni/Jawa Timur/2024-11-09,153385.86012156607
Daging Sapi Murni/Jawa Timur/2024-11-10,153389.68653997942
Daging Sapi Murni/Jawa Timur/2024-11-11,153371.3124312233
Daging Sapi Murni/Jawa Timur/2024-11-12,153424.31929174822
Daging Sapi Murni/Jawa Timur/2024-11-13,153415.75567174208
Daging Sapi Murni/Jawa Timur/2024-11-14,153394.67171037206
Daging Sapi Murni/Jawa Timur/2024-11-15,153350.59029480172
Daging Sapi Murni/Jawa Timur/2024-11-16,153416.29432916507
Daging Sapi Murni/Jawa Timur/2024-11-17,153400.24591178366
Daging Sapi Murni/Jawa Timur/2024-11-18,153372.52434673195
Daging Sapi Murni/Jawa Timur/2024-11-19,153371.56319067325
Daging Sapi Murni/Jawa Timur/2024-11-20,153363.38385347085
Daging Sapi Murni/Jawa Timur/2024-11-21,153329.8848468882
Daging Sapi Murni/Jawa Timur/2024-11-22,153406.1365718569
Daging Sapi Murni/Jawa Timur/2024-11-23,153401.4446380339
Daging Sapi Murni/Jawa Timur/2024-11-24,153458.33152910712
Daging Sapi Murni/Jawa Timur/2024-11-25,153420.05120266948
Daging Sapi Murni/Jawa Timur/2024-11-26,153399.97601765546
Daging Sapi Murni/Jawa Timur/2024-11-27,153429.32278636156
Daging Sapi Murni/Jawa Timur/2024-11-28,153349.35608764322
Daging Sapi Murni/Jawa Timur/2024-11-29,153371.69809624253
Daging Sapi Murni/Jawa Timur/2024-11-30,153398.49301965037
Daging Sapi Murni/Jawa Timur/2024-12-01,153391.15541936035
Daging Sapi Murni/Jawa Timur/2024-12-02,153415.31506956086
Daging Sapi Murni/Jawa Timur/2024-12-03,153391.07147105306
Daging Sapi Murni/Jawa Timur/2024-12-04,153413.01730435915
Daging Sapi Murni/Jawa Timur/2024-12-05,153360.13853088775
Daging Sapi Murni/Jawa Timur/2024-12-06,153361.04828973944
Daging Sapi Murni/Jawa Timur/2024-12-07,153329.7438104656
Daging Sapi Murni/Jawa Timur/2024-12-08,153370.29128895004
Daging Sapi Murni/Jawa Timur/2024-12-09,153367.31006193644
Daging Sapi Murni/Jawa Timur/2024-12-10,153353.41274574207
Daging Sapi Murni/Jawa Timur/2024-12-11,153405.1147886433
Daging Sapi Murni/Jawa Timur/2024-12-12,153382.8611530887
Daging Sapi Murni/Jawa Timur/2024-12-13,153422.52194728423
Daging Sapi Murni/Jawa Timur/2024-12-14,153398.47040758596
Daging Sapi Murni/Jawa Timur/2024-12-15,153385.56966245238
Daging Sapi Murni/Jawa Timur/2024-12-16,153373.9848217083
Daging Sapi Murni/Jawa Timur/2024-12-17,153407.14351289763
Daging Sapi Murni/Jawa Timur/2024-12-18,153346.09903194796
Daging Sapi Murni/Jawa Timur/2024-12-19,153389.32256804573
Daging Sapi Murni/Jawa Timur/2024-12-20,153456.92043951812
Daging Sapi Murni/Jawa Timur/2024-12-21,153387.58795343412
Daging Sapi Murni/Jawa Timur/2024-12-22,153438.50920668492
Daging Sapi Murni/Jawa Timur/2024-12-23,153431.18136497535
Daging Sapi Murni/Jawa Timur/2024-12-24,153402.28130761624
Daging Sapi Murni/Jawa Timur/2024-12-25,153351.75069858524
Daging Sapi Murni/Jawa Timur/2024-12-26,153447.8739712453
Daging Sapi Murni/Jawa Timur/2024-12-27,153414.28169456148
Daging Sapi Murni/Jawa Timur/2024-12-28,153395.76865121612
Daging Sapi Murni/Jawa Timur/2024-12-29,153417.60753221065
Daging Sapi Murni/Jawa Timur/2024-12-30,153376.45741806817
Daging Sapi Murni/Jawa Timur/2024-12-31,153412.89518673424
Daging Sapi Murni/Kalimantan Barat/2024-10-01,153390.01980364072
Daging Sapi Murni/Kalimantan Barat/2024-10-02,153382.00728195455
Daging Sapi Murni/Kalimantan Barat/2024-10-03,153401.27975191
Daging Sapi Murni/Kalimantan Barat/2024-10-04,153343.1624066405
Daging Sapi Murni/Kalimantan Barat/2024-10-05,153365.08811926222
Daging Sapi Murni/Kalimantan Barat/2024-10-06,153346.50341333056
Daging Sapi Murni/Kalimantan Barat/2024-10-07,153337.145134089
Daging Sapi Murni/Kalimantan Barat/2024-10-08,153396.61707989845
Daging Sapi Murni/Kalimantan Barat/2024-10-09,153418.71809126742
Daging Sapi Murni/Kalimantan Barat/2024-10-10,153368.43671026028
Daging Sapi Murni/Kalimantan Barat/2024-10-11,153391.14529922258
Daging Sapi Murni/Kalimantan Barat/2024-10-12,153369.6457505049
Daging Sapi Murni/Kalimantan Barat/2024-10-13,153420.00192887257
Daging Sapi Murni/Kalimantan Barat/2024-10-14,153401.27078507745
Daging Sapi Murni/Kalimantan Barat/2024-10-15,153340.57842628154
Daging Sapi Murni/Kalimantan Barat/2024-10-16,153395.95946592136
Daging Sapi Murni/Kalimantan Barat/2024-10-17,153450.36113432157
Daging Sapi Murni/Kalimantan Barat/2024-10-18,153395.58846999833
Daging Sapi Murni/Kalimantan Barat/2024-10-19,153416.4776544923
Daging Sapi Murni/Kalimantan Barat/2024-10-20,153391.5459239105
Daging Sapi Murni/Kalimantan Barat/2024-10-21,153412.38644972767
Daging Sapi Murni/Kalimantan Barat/2024-10-22,153388.81435578206
Daging Sapi Murni/Kalimantan Barat/2024-10-23,153411.4174610678
Daging Sapi Murni/Kalimantan Barat/2024-10-24,153407.49606280966
Daging Sapi Murni/Kalimantan Barat/2024-10-25,153426.76659657666
Daging Sapi Murni/Kalimantan Barat/2024-10-26,153438.45672678252
Daging Sapi Murni/Kalimantan Barat/2024-10-27,153430.8074582704
Daging Sapi Murni/Kalimantan Barat/2024-10-28,153427.23578191473
Daging Sapi Murni/Kalimantan Barat/2024-10-29,153393.0060228255
Daging Sapi Murni/Kalimantan Barat/2024-10-30,153338.0044262303
Daging Sapi Murni/Kalimantan Barat/2024-10-31,153390.94629187937
Daging Sapi Murni/Kalimantan Barat/2024-11-01,153395.9613204206
Daging Sapi Murni/Kalimantan Barat/2024-11-02,153354.83415033057
Daging Sapi Murni/Kalimantan Barat/2024-11-03,153408.2080803872
Daging Sapi Murni/Kalimantan Barat/2024-11-04,153388.39361419514
Daging Sapi Murni/Kalimantan Barat/2024-11-05,153389.37254722725
Daging Sapi Murni/Kalimantan Barat/2024-11-06,153443.27314211708
Daging Sapi Murni/Kalimantan Barat/2024-11-07,153364.18199995856
Daging Sapi Murni/Kalimantan Barat/2024-11-08,153348.31987045828
Daging Sapi Murni/Kalimantan Barat/2024-11-09,153394.85674666386
Daging Sapi Murni/Kalimantan Barat/2024-11-10,153436.86578734976
Daging Sapi Murni/Kalimantan Barat/2024-11-11,153485.0338396673
Daging Sapi Murni/Kalimantan Barat/2024-11-12,153427.53685276033
Daging Sapi Murni/Kalimantan Barat/2024-11-13,153389.8814734417
Daging Sapi Murni/Kalimantan Barat/2024-11-14,153343.41844320062
Daging Sapi Murni/Kalimantan Barat/2024-11-15,153411.2234684352
Daging Sapi Murni/Kalimantan Barat/2024-11-16,153413.05142954804
Daging Sapi Murni/Kalimantan Barat/2024-11-17,153371.11541458836
Daging Sapi Murni/Kalimantan Barat/2024-11-18,153399.81730692915
Daging Sapi Murni/Kalimantan Barat/2024-11-19,153346.51026461925
Daging Sapi Murni/Kalimantan Barat/2024-11-20,153410.4142286908
Daging Sapi Murni/Kalimantan Barat/2024-11-21,153430.09151263128
Daging Sapi Murni/Kalimantan Barat/2024-11-22,153407.80851687922
Daging Sapi Murni/Kalimantan Barat/2024-11-23,153403.4720906418
Daging Sapi Murni/Kalimantan Barat/2024-11-24,153447.6303328986
Daging Sapi Murni/Kalimantan Barat/2024-11-25,153444.66369617314
Daging Sapi Murni/Kalimantan Barat/2024-11-26,153463.57351916103
Daging Sapi Murni/Kalimantan Barat/2024-11-27,153375.93949360005
Daging Sapi Murni/Kalimantan Barat/2024-11-28,153386.1307581296
Daging Sapi Murni/Kalimantan Barat/2024-11-29,153391.21074417463
Daging Sapi Murni/Kalimantan Barat/2024-11-30,153329.76239037476
Daging Sapi Murni/Kalimantan Barat/2024-12-01,153423.91373743454
Daging Sapi Murni/Kalimantan Barat/2024-12-02,153380.09462663002
Daging Sapi Murni/Kalimantan Barat/2024-12-03,153430.96257458857
Daging Sapi Murni/Kalimantan Barat/2024-12-04,153415.31606755924
Daging Sapi Murni/Kalimantan Barat/2024-12-05,153387.84358608586
Daging Sapi Murni/Kalimantan Barat/2024-12-06,153359.66542739066
Daging Sapi Murni/Kalimantan Barat/2024-12-07,153424.11611042626
Daging Sapi Murni/Kalimantan Barat/2024-12-08,153434.70418763263
Daging Sapi Murni/Kalimantan Barat/2024-12-09,153397.43813755343
Daging Sapi Murni/Kalimantan Barat/2024-12-10,153409.0467213333
Daging Sapi Murni/Kalimantan Barat/2024-12-11,153412.82674549046
Daging Sapi Murni/Kalimantan Barat/2024-12-12,153378.60496708314
Daging Sapi Murni/Kalimantan Barat/2024-12-13,153415.1692599961
Daging Sapi Murni/Kalimantan Barat/2024-12-14,153404.42847652736
Daging Sapi Murni/Kalimantan Barat/2024-12-15,153381.06632261237
Daging Sapi Murni/Kalimantan Barat/2024-12-16,153460.77256305568
Daging Sapi Murni/Kalimantan Barat/2024-12-17,153395.54280126074
Daging Sapi Murni/Kalimantan Barat/2024-12-18,153377.9374379418
Daging Sapi Murni/Kalimantan Barat/2024-12-19,153367.43934957878
Daging Sapi Murni/Kalimantan Barat/2024-12-20,153382.90031384915
Daging Sapi Murni/Kalimantan Barat/2024-12-21,153402.8914824065
Daging Sapi Murni/Kalimantan Barat/2024-12-22,153380.32751963427
Daging Sapi Murni/Kalimantan Barat/2024-12-23,153418.675305525
Daging Sapi Murni/Kalimantan Barat/2024-12-24,153396.31579218904
Daging Sapi Murni/Kalimantan Barat/2024-12-25,153397.65845971115
Daging Sapi Murni/Kalimantan Barat/2024-12-26,153326.57616636838
Daging Sapi Murni/Kalimantan Barat/2024-12-27,153413.45327163194
Daging Sapi Murni/Kalimantan Barat/2024-12-28,153427.1268478166
Daging Sapi Murni/Kalimantan Barat/2024-12-29,153390.86602502107
Daging Sapi Murni/Kalimantan Barat/2024-12-30,153389.4966739043
Daging Sapi Murni/Kalimantan Barat/2024-12-31,153362.7838430742
Daging Sapi Murni/Kalimantan Selatan/2024-10-01,153404.72728558123
Daging Sapi Murni/Kalimantan Selatan/2024-10-02,153447.2887514344
Daging Sapi Murni/Kalimantan Selatan/2024-10-03,153429.25686681457
Daging Sapi Murni/Kalimantan Selatan/2024-10-04,153437.33014581696
Daging Sapi Murni/Kalimantan Selatan/2024-10-05,153416.70632324528
Daging Sapi Murni/Kalimantan Selatan/2024-10-06,153425.72891966926
Daging Sapi Murni/Kalimantan Selatan/2024-10-07,153400.24379070068
Daging Sapi Murni/Kalimantan Selatan/2024-10-08,153435.9591895803
Daging Sapi Murni/Kalimantan Selatan/2024-10-09,153376.2651308
Daging Sapi Murni/Kalimantan Selatan/2024-10-10,153451.77689031995
Daging Sapi Murni/Kalimantan Selatan/2024-10-11,153271.7635915781
Daging Sapi Murni/Kalimantan Selatan/2024-10-12,153395.1691710114
Daging Sapi Murni/Kalimantan Selatan/2024-10-13,153418.99115918766
Daging Sapi Murni/Kalimantan Selatan/2024-10-14,153437.88299215352
Daging Sapi Murni/Kalimantan Selatan/2024-10-15,153398.38108811952
Daging Sapi Murni/Kalimantan Selatan/2024-10-16,153392.13680121058
Daging Sapi Murni/Kalimantan Selatan/2024-10-17,153379.09186269008
Daging Sapi Murni/Kalimantan Selatan/2024-10-18,153334.52342986435
Daging Sapi Murni/Kalimantan Selatan/2024-10-19,153442.78978097814
Daging Sapi Murni/Kalimantan Selatan/2024-10-20,153289.12914774215
Daging Sapi Murni/Kalimantan Selatan/2024-10-21,153333.16606778026
Daging Sapi Murni/Kalimantan Selatan/2024-10-22,153370.95582558538
Daging Sapi Murni/Kalimantan Selatan/2024-10-23,153346.6214354085
Daging Sapi Murni/Kalimantan Selatan/2024-10-24,153438.71056891137
Daging Sapi Murni/Kalimantan Selatan/2024-10-25,153415.3920225239
Daging Sapi Murni/Kalimantan Selatan/2024-10-26,153363.32700639212
Daging Sapi Murni/Kalimantan Selatan/2024-10-27,153427.2194334516
Daging Sapi Murni/Kalimantan Selatan/2024-10-28,153455.42704428986
Daging Sapi Murni/Kalimantan Selatan/2024-10-29,153357.88838683415
Daging Sapi Murni/Kalimantan Selatan/2024-10-30,153377.93209655766
Daging Sapi Murni/Kalimantan Selatan/2024-10-31,153398.31400908277
Daging Sapi Murni/Kalimantan Selatan/2024-11-01,153409.84098526754
Daging Sapi Murni/Kalimantan Selatan/2024-11-02,153375.92019571742
Daging Sapi Murni/Kalimantan Selatan/2024-11-03,153407.50445305614
Daging Sapi Murni/Kalimantan Selatan/2024-11-04,153400.19370782285
Daging Sapi Murni/Kalimantan Selatan/2024-11-05,153388.8991244412
Daging Sapi Murni/Kalimantan Selatan/2024-11-06,153385.36205867652
Daging Sapi Murni/Kalimantan Selatan/2024-11-07,153396.4102254441
Daging Sapi Murni/Kalimantan Selatan/2024-11-08,153465.16574500306
Daging Sapi Murni/Kalimantan Selatan/2024-11-09,153368.45795669814
Daging Sapi Murni/Kalimantan Selatan/2024-11-10,153377.73463450168
Daging Sapi Murni/Kalimantan Selatan/2024-11-11,153425.9397462234
Daging Sapi Murni/Kalimantan Selatan/2024-11-12,153378.56357634757
Daging Sapi Murni/Kalimantan Selatan/2024-11-13,153424.47917444757
Daging Sapi Murni/Kalimantan Selatan/2024-11-14,153420.17869505475
Daging Sapi Murni/Kalimantan Selatan/2024-11-15,153361.99782905955
Daging Sapi Murni/Kalimantan Selatan/2024-11-16,153354.56676273144
Daging Sapi Murni/Kalimantan Selatan/2024-11-17,153406.00282470146
Daging Sapi Murni/Kalimantan Selatan/2024-11-18,153354.3140493223
Daging Sapi Murni/Kalimantan Selatan/2024-11-19,153421.85867273354
Daging Sapi Murni/Kalimantan Selatan/2024-11-20,153399.977931949
Daging Sapi Murni/Kalimantan Selatan/2024-11-21,153370.6470536239
Daging Sapi Murni/Kalimantan Selatan/2024-11-22,153405.77283735
Daging Sapi Murni/Kalimantan Selatan/2024-11-23,153428.958827281
Daging Sapi Murni/Kalimantan Selatan/2024-11-24,153397.3816398156
Daging Sapi Murni/Kalimantan Selatan/2024-11-25,153345.64145664757
Daging Sapi Murni/Kalimantan Selatan/2024-11-26,153366.96201418477
Daging Sapi Murni/Kalimantan Selatan/2024-11-27,153361.81429362934
Daging Sapi Murni/Kalimantan Selatan/2024-11-28,153384.40156183596
Daging Sapi Murni/Kalimantan Selatan/2024-11-29,153389.93917813804
Daging Sapi Murni/Kalimantan Selatan/2024-11-30,153309.93043257567
Daging Sapi Murni/Kalimantan Selatan/2024-12-01,153386.53240633488
Daging Sapi Murni/Kalimantan Selatan/2024-12-02,153364.36612442252
Daging Sapi Murni/Kalimantan Selatan/2024-12-03,153433.65341791356
Daging Sapi Murni/Kalimantan Selatan/2024-12-04,153398.22497653813
Daging Sapi Murni/Kalimantan Selatan/2024-12-05,153368.77256020624
Daging Sapi Murni/Kalimantan Selatan/2024-12-06,153416.24093988584
Daging Sapi Murni/Kalimantan Selatan/2024-12-07,153370.5783944425
Daging Sapi Murni/Kalimantan Selatan/2024-12-08,153348.65333205342
Daging Sapi Murni/Kalimantan Selatan/2024-12-09,153375.2887293941
Daging Sapi Murni/Kalimantan Selatan/2024-12-10,153336.18433441286
Daging Sapi Murni/Kalimantan Selatan/2024-12-11,153394.1109285607
Daging Sapi Murni/Kalimantan Selatan/2024-12-12,153380.6160083853
Daging Sapi Murni/Kalimantan Selatan/2024-12-13,153390.3108544786
Daging Sapi Murni/Kalimantan Selatan/2024-12-14,153404.7525049058
Daging Sapi Murni/Kalimantan Selatan/2024-12-15,153382.78615612915
Daging Sapi Murni/Kalimantan Selatan/2024-12-16,153411.0534698467
Daging Sapi Murni/Kalimantan Selatan/2024-12-17,153429.99883081554
Daging Sapi Murni/Kalimantan Selatan/2024-12-18,153385.8505304631
Daging Sapi Murni/Kalimantan Selatan/2024-12-19,153342.52499407838
Daging Sapi Murni/Kalimantan Selatan/2024-12-20,153426.12879402158
Daging Sapi Murni/Kalimantan Selatan/2024-12-21,153414.22609363482
Daging Sapi Murni/Kalimantan Selatan/2024-12-22,153351.79341756116
Daging Sapi Murni/Kalimantan Selatan/2024-12-23,153414.88645330156
Daging Sapi Murni/Kalimantan Selatan/2024-12-24,153392.83211832738
Daging Sapi Murni/Kalimantan Selatan/2024-12-25,153390.98170202872
Daging Sapi Murni/Kalimantan Selatan/2024-12-26,153380.17841928647
Daging Sapi Murni/Kalimantan Selatan/2024-12-27,153375.6743584894
Daging Sapi Murni/Kalimantan Selatan/2024-12-28,153379.2832584004
Daging Sapi Murni/Kalimantan Selatan/2024-12-29,153407.46035867132
Daging Sapi Murni/Kalimantan Selatan/2024-12-30,153382.73105969012
Daging Sapi Murni/Kalimantan Selatan/2024-12-31,153442.81217970222
Daging Sapi Murni/Kalimantan Tengah/2024-10-01,153402.94433836194
Daging Sapi Murni/Kalimantan Tengah/2024-10-02,153400.8014963982
Daging Sapi Murni/Kalimantan Tengah/2024-10-03,153335.3185971712
Daging Sapi Murni/Kalimantan Tengah/2024-10-04,153418.22725499768
Daging Sapi Murni/Kalimantan Tengah/2024-10-05,153372.45778668756
Daging Sapi Murni/Kalimantan Tengah/2024-10-06,153375.70370916565
Daging Sapi Murni/Kalimantan Tengah/2024-10-07,153365.0513377572
Daging Sapi Murni/Kalimantan Tengah/2024-10-08,153391.12082821326
Daging Sapi Murni/Kalimantan Tengah/2024-10-09,153375.25341858494
Daging Sapi Murni/Kalimantan Tengah/2024-10-10,153355.78531379008
Daging Sapi Murni/Kalimantan Tengah/2024-10-11,153381.71386178714
Daging Sapi Murni/Kalimantan Tengah/2024-10-12,153412.0942866487
Daging Sapi Murni/Kalimantan Tengah/2024-10-13,153312.58550924793
Daging Sapi Murni/Kalimantan Tengah/2024-10-14,153439.98549126365
Daging Sapi Murni/Kalimantan Tengah/2024-10-15,153375.8141709401
Daging Sapi Murni/Kalimantan Tengah/2024-10-16,153406.25228873768
Daging Sapi Murni/Kalimantan Tengah/2024-10-17,153410.86015466298
Daging Sapi Murni/Kalimantan Tengah/2024-10-18,153366.68704297676
Daging Sapi Murni/Kalimantan Tengah/2024-10-19,153424.73405061747
Daging Sapi Murni/Kalimantan Tengah/2024-10-20,153400.5017384332
Daging Sapi Murni/Kalimantan Tengah/2024-10-21,153397.34546063602
Daging Sapi Murni/Kalimantan Tengah/2024-10-22,153378.36946218298
Daging Sapi Murni/Kalimantan Tengah/2024-10-23,153363.01344169135
Daging Sapi Murni/Kalimantan Tengah/2024-10-24,153378.68807198803
Daging Sapi Murni/Kalimantan Tengah/2024-10-25,153383.24014659724
Daging Sapi Murni/Kalimantan Tengah/2024-10-26,153386.86276577218
Daging Sapi Murni/Kalimantan Tengah/2024-10-27,153387.0900723665
Daging Sapi Murni/Kalimantan Tengah/2024-10-28,153387.98471517654
Daging Sapi Murni/Kalimantan Tengah/2024-10-29,153374.8908232962
Daging Sapi Murni/Kalimantan Tengah/2024-10-30,153427.62508834258
Daging Sapi Murni/Kalimantan Tengah/2024-10-31,153439.53787769112
Daging Sapi Murni/Kalimantan Tengah/2024-11-01,153460.87610554296
Daging Sapi Murni/Kalimantan Tengah/2024-11-02,153372.93754624343
Daging Sapi Murni/Kalimantan Tengah/2024-11-03,153362.9520549576
Daging Sapi Murni/Kalimantan Tengah/2024-11-04,153360.0521767312
Daging Sapi Murni/Kalimantan Tengah/2024-11-05,153385.11770103013
Daging Sapi Murni/Kalimantan Tengah/2024-11-06,153478.1967314162
Daging Sapi Murni/Kalimantan Tengah/2024-11-07,153400.65444272108
Daging Sapi Murni/Kalimantan Tengah/2024-11-08,153441.78555666856
Daging Sapi Murni/Kalimantan Tengah/2024-11-09,153360.406287936
Daging Sapi Murni/Kalimantan Tengah/2024-11-10,153383.34509098664
Daging Sapi Murni/Kalimantan Tengah/2024-11-11,153394.68034123303
Daging Sapi Murni/Kalimantan Tengah/2024-11-12,153444.0277890938
Daging Sapi Murni/Kalimantan Tengah/2024-11-13,153362.238668223
Daging Sapi Murni/Kalimantan Tengah/2024-11-14,153399.42571959316
Daging Sapi Murni/Kalimantan Tengah/2024-11-15,153397.15184820924
Daging Sapi Murni/Kalimantan Tengah/2024-11-16,153385.09556067528
Daging Sapi Murni/Kalimantan Tengah/2024-11-17,153381.60219960022
Daging Sapi Murni/Kalimantan Tengah/2024-11-18,153415.5477288562
Daging Sapi Murni/Kalimantan Tengah/2024-11-19,153390.23469426017
Daging Sapi Murni/Kalimantan Tengah/2024-11-20,153395.44354783226
Daging Sapi Murni/Kalimantan Tengah/2024-11-21,153419.62418569854
Daging Sapi Murni/Kalimantan Tengah/2024-11-22,153365.1817527301
Daging Sapi Murni/Kalimantan Tengah/2024-11-23,153418.308796603
Daging Sapi Murni/Kalimantan Tengah/2024-11-24,153367.028427474
Daging Sapi Murni/Kalimantan Tengah/2024-11-25,153443.58422715502
Daging Sapi Murni/Kalimantan Tengah/2024-11-26,153402.76083525846
Daging Sapi Murni/Kalimantan Tengah/2024-11-27,153384.61591922614
Daging Sapi Murni/Kalimantan Tengah/2024-11-28,153405.9343908673
Daging Sapi Murni/Kalimantan Tengah/2024-11-29,153439.60724180864
Daging Sapi Murni/Kalimantan Tengah/2024-11-30,153394.4847626354
Daging Sapi Murni/Kalimantan Tengah/2024-12-01,153363.25008920924
Daging Sapi Murni/Kalimantan Tengah/2024-12-02,153420.1270578672
Daging Sapi Murni/Kalimantan Tengah/2024-12-03,153465.8661679324
Daging Sapi Murni/Kalimantan Tengah/2024-12-04,153356.55484127626
Daging Sapi Murni/Kalimantan Tengah/2024-12-05,153352.18201253095
Daging Sapi Murni/Kalimantan Tengah/2024-12-06,153365.09756833673
Daging Sapi Murni/Kalimantan Tengah/2024-12-07,153372.2784742056
Daging Sapi Murni/Kalimantan Tengah/2024-12-08,153387.70087216355
Daging Sapi Murni/Kalimantan Tengah/2024-12-09,153415.5719503411
Daging Sapi Murni/Kalimantan Tengah/2024-12-10,153366.9058240728
Daging Sapi Murni/Kalimantan Tengah/2024-12-11,153424.44768571304
Daging Sapi Murni/Kalimantan Tengah/2024-12-12,153409.78145577665
Daging Sapi Murni/Kalimantan Tengah/2024-12-13,153375.23678959932
Daging Sapi Murni/Kalimantan Tengah/2024-12-14,153474.02468258486
Daging Sapi Murni/Kalimantan Tengah/2024-12-15,153427.99886449208
Daging Sapi Murni/Kalimantan Tengah/2024-12-16,153363.98154469972
Daging Sapi Murni/Kalimantan Tengah/2024-12-17,153382.746500004
Daging Sapi Murni/Kalimantan Tengah/2024-12-18,153403.4018138509
Daging Sapi Murni/Kalimantan Tengah/2024-12-19,153400.34422053705
Daging Sapi Murni/Kalimantan Tengah/2024-12-20,153433.6200155255
Daging Sapi Murni/Kalimantan Tengah/2024-12-21,153362.1037176876
Daging Sapi Murni/Kalimantan Tengah/2024-12-22,153388.25803698823
Daging Sapi Murni/Kalimantan Tengah/2024-12-23,153366.03582469473
Daging Sapi Murni/Kalimantan Tengah/2024-12-24,153349.05821162948
Daging Sapi Murni/Kalimantan Tengah/2024-12-25,153416.88495453607
Daging Sapi Murni/Kalimantan Tengah/2024-12-26,153434.01115826267
Daging Sapi Murni/Kalimantan Tengah/2024-12-27,153358.81859746092
Daging Sapi Murni/Kalimantan Tengah/2024-12-28,153359.02069035286
Daging Sapi Murni/Kalimantan Tengah/2024-12-29,153437.09884012892
Daging Sapi Murni/Kalimantan Tengah/2024-12-30,153394.98972012484
Daging Sapi Murni/Kalimantan Tengah/2024-12-31,153380.24982726644
Daging Sapi Murni/Kalimantan Timur/2024-10-01,153395.54363312444
Daging Sapi Murni/Kalimantan Timur/2024-10-02,153354.27190466458
Daging Sapi Murni/Kalimantan Timur/2024-10-03,153385.7160045934
Daging Sapi Murni/Kalimantan Timur/2024-10-04,153385.40865173773
Daging Sapi Murni/Kalimantan Timur/2024-10-05,153406.34260266245
Daging Sapi Murni/Kalimantan Timur/2024-10-06,153404.1730022463
Daging Sapi Murni/Kalimantan Timur/2024-10-07,153328.2537215572
Daging Sapi Murni/Kalimantan Timur/2024-10-08,153362.9847231141
Daging Sapi Murni/Kalimantan Timur/2024-10-09,153427.1952841477
Daging Sapi Murni/Kalimantan Timur/2024-10-10,153357.3284439094
Daging Sapi Murni/Kalimantan Timur/2024-10-11,153385.64733832597
Daging Sapi Murni/Kalimantan Timur/2024-10-12,153395.58031254736
Daging Sapi Murni/Kalimantan Timur/2024-10-13,153374.43426244293
Daging Sapi Murni/Kalimantan Timur/2024-10-14,153430.5778455704
Daging Sapi Murni/Kalimantan Timur/2024-10-15,153376.9726960504
Daging Sapi Murni/Kalimantan Timur/2024-10-16,153454.33901824142
Daging Sapi Murni/Kalimantan Timur/2024-10-17,153419.79899895113
Daging Sapi Murni/Kalimantan Timur/2024-10-18,153436.07028735738
Daging Sapi Murni/Kalimantan Timur/2024-10-19,153433.9445859118
Daging Sapi Murni/Kalimantan Timur/2024-10-20,153364.974034607
Daging Sapi Murni/Kalimantan Timur/2024-10-21,153427.48829088456
Daging Sapi Murni/Kalimantan Timur/2024-10-22,153418.48561082626
Daging Sapi Murni/Kalimantan Timur/2024-10-23,153424.04976267935
Daging Sapi Murni/Kalimantan Timur/2024-10-24,153362.45387163738
Daging Sapi Murni/Kalimantan Timur/2024-10-25,153361.14596275004
Daging Sapi Murni/Kalimantan Timur/2024-10-26,153397.66241831155
Daging Sapi Murni/Kalimantan Timur/2024-10-27,153363.42530560345
Daging Sapi Murni/Kalimantan Timur/2024-10-28,153375.94782280346
Daging Sapi Murni/Kalimantan Timur/2024-10-29,153327.3732808139
Daging Sapi Murni/Kalimantan Timur/2024-10-30,153362.80708893496
Daging Sapi Murni/Kalimantan Timur/2024-10-31,153413.88176065029
Daging Sapi Murni/Kalimantan Timur/2024-11-01,153350.16172362713
Daging Sapi Murni/Kalimantan Timur/2024-11-02,153386.89251269656
Daging Sapi Murni/Kalimantan Timur/2024-11-03,153438.75467618537
Daging Sapi Murni/Kalimantan Timur/2024-11-04,153396.32435167854
Daging Sapi Murni/Kalimantan Timur/2024-11-05,153395.65499895066
Daging Sapi Murni/Kalimantan Timur/2024-11-06,153457.32153017874
Daging Sapi Murni/Kalimantan Timur/2024-11-07,153426.64861341525
Daging Sapi Murni/Kalimantan Timur/2024-11-08,153399.33508457243
Daging Sapi Murni/Kalimantan Timur/2024-11-09,153399.9060008205
Daging Sapi Murni/Kalimantan Timur/2024-11-10,153404.16317736465
Daging Sapi Murni/Kalimantan Timur/2024-11-11,153421.74354293218
Daging Sapi Murni/Kalimantan Timur/2024-11-12,153464.0492372673
Daging Sapi Murni/Kalimantan Timur/2024-11-13,153387.75121522346
Daging Sapi Murni/Kalimantan Timur/2024-11-14,153393.7055759987
Daging Sapi Murni/Kalimantan Timur/2024-11-15,153345.29914035992
Daging Sapi Murni/Kalimantan Timur/2024-11-16,153389.98787693953
Daging Sapi Murni/Kalimantan Timur/2024-11-17,153446.11924205633
Daging Sapi Murni/Kalimantan Timur/2024-11-18,153355.58284773031
Daging Sapi Murni/Kalimantan Timur/2024-11-19,153379.1701607985
Daging Sapi Murni/Kalimantan Timur/2024-11-20,153365.593220164
Daging Sapi Murni/Kalimantan Timur/2024-11-21,153353.9833552583
Daging Sapi Murni/Kalimantan Timur/2024-11-22,153404.82508623952
Daging Sapi Murni/Kalimantan Timur/2024-11-23,153367.698776176
Daging Sapi Murni/Kalimantan Timur/2024-11-24,153399.37788343677
Daging Sapi Murni/Kalimantan Timur/2024-11-25,153378.26835188133
Daging Sapi Murni/Kalimantan Timur/2024-11-26,153392.6130980516
Daging Sapi Murni/Kalimantan Timur/2024-11-27,153382.96136097523
Daging Sapi Murni/Kalimantan Timur/2024-11-28,153449.80584857348
Daging Sapi Murni/Kalimantan Timur/2024-11-29,153346.9131231161
Daging Sapi Murni/Kalimantan Timur/2024-11-30,153380.52209460363
Daging Sapi Murni/Kalimantan Timur/2024-12-01,153354.69305238215
Daging Sapi Murni/Kalimantan Timur/2024-12-02,153368.3393892387
Daging Sapi Murni/Kalimantan Timur/2024-12-03,153401.20242854467
Daging Sapi Murni/Kalimantan Timur/2024-12-04,153373.32909022868
Daging Sapi Murni/Kalimantan Timur/2024-12-05,153382.98713507026
Daging Sapi Murni/Kalimantan Timur/2024-12-06,153403.046775212
Daging Sapi Murni/Kalimantan Timur/2024-12-07,153371.3193292754
Daging Sapi Murni/Kalimantan Timur/2024-12-08,153401.27700585575
Daging Sapi Murni/Kalimantan Timur/2024-12-09,153431.5095735381
Daging Sapi Murni/Kalimantan Timur/2024-12-10,153409.37171791468
Daging Sapi Murni/Kalimantan Timur/2024-12-11,153381.24447926754
Daging Sapi Murni/Kalimantan Timur/2024-12-12,153423.891493988
Daging Sapi Murni/Kalimantan Timur/2024-12-13,153418.48364059732
Daging Sapi Murni/Kalimantan Timur/2024-12-14,153388.4023865788
Daging Sapi Murni/Kalimantan Timur/2024-12-15,153420.9467271724
Daging Sapi Murni/Kalimantan Timur/2024-12-16,153352.91845808894
Daging Sapi Murni/Kalimantan Timur/2024-12-17,153372.0442198034
Daging Sapi Murni/Kalimantan Timur/2024-12-18,153383.37129761474
Daging Sapi Murni/Kalimantan Timur/2024-12-19,153338.79196392864
Daging Sapi Murni/Kalimantan Timur/2024-12-20,153332.86826375418
Daging Sapi Murni/Kalimantan Timur/2024-12-21,153397.4159785958
Daging Sapi Murni/Kalimantan Timur/2024-12-22,153394.1022469779
Daging Sapi Murni/Kalimantan Timur/2024-12-23,153365.50137877723
Daging Sapi Murni/Kalimantan Timur/2024-12-24,153470.3118464368
Daging Sapi Murni/Kalimantan Timur/2024-12-25,153395.2002449966
Daging Sapi Murni/Kalimantan Timur/2024-12-26,153425.79222249112
Daging Sapi Murni/Kalimantan Timur/2024-12-27,153384.674700198
Daging Sapi Murni/Kalimantan Timur/2024-12-28,153377.12306414254
Daging Sapi Murni/Kalimantan Timur/2024-12-29,153422.433257956
Daging Sapi Murni/Kalimantan Timur/2024-12-30,153401.85565478788
Daging Sapi Murni/Kalimantan Timur/2024-12-31,153412.61047771698
Daging Sapi Murni/Kalimantan Utara/2024-10-01,153374.95030102617
Daging Sapi Murni/Kalimantan Utara/2024-10-02,153329.19879027296
Daging Sapi Murni/Kalimantan Utara/2024-10-03,153354.0336286948
Daging Sapi Murni/Kalimantan Utara/2024-10-04,153370.3629907114
Daging Sapi Murni/Kalimantan Utara/2024-10-05,153437.49343191498
Daging Sapi Murni/Kalimantan Utara/2024-10-06,153313.66955567317
Daging Sapi Murni/Kalimantan Utara/2024-10-07,153394.09534250412
Daging Sapi Murni/Kalimantan Utara/2024-10-08,153414.76177779218
Daging Sapi Murni/Kalimantan Utara/2024-10-09,153373.53266977676
Daging Sapi Murni/Kalimantan Utara/2024-10-10,153412.02348680285
Daging Sapi Murni/Kalimantan Utara/2024-10-11,153447.22794998667
Daging Sapi Murni/Kalimantan Utara/2024-10-12,153360.31146543633
Daging Sapi Murni/Kalimantan Utara/2024-10-13,153405.09492173127
Daging Sapi Murni/Kalimantan Utara/2024-10-14,153400.49036107346
Daging Sapi Murni/Kalimantan Utara/2024-10-15,153383.72128629073
Daging Sapi Murni/Kalimantan Utara/2024-10-16,153400.78978886228
Daging Sapi Murni/Kalimantan Utara/2024-10-17,153387.74159913318
Daging Sapi Murni/Kalimantan Utara/2024-10-18,153440.99927754555
Daging Sapi Murni/Kalimantan Utara/2024-10-19,153395.7565772869
Daging Sapi Murni/Kalimantan Utara/2024-10-20,153383.0748790324
Daging Sapi Murni/Kalimantan Utara/2024-10-21,153431.0043315773
Daging Sapi Murni/Kalimantan Utara/2024-10-22,153379.35042064844
Daging Sapi Murni/Kalimantan Utara/2024-10-23,153447.46304355262
Daging Sapi Murni/Kalimantan Utara/2024-10-24,153385.2521423608
Daging Sapi Murni/Kalimantan Utara/2024-10-25,153393.25990585148
Daging Sapi Murni/Kalimantan Utara/2024-10-26,153363.2126509833
Daging Sapi Murni/Kalimantan Utara/2024-10-27,153393.39107401553
Daging Sapi Murni/Kalimantan Utara/2024-10-28,153392.7315678973
Daging Sapi Murni/Kalimantan Utara/2024-10-29,153376.94476090913
Daging Sapi Murni/Kalimantan Utara/2024-10-30,153404.83397667468
Daging Sapi Murni/Kalimantan Utara/2024-10-31,153380.87579995615
Daging Sapi Murni/Kalimantan Utara/2024-11-01,153415.75614794798
Daging Sapi Murni/Kalimantan Utara/2024-11-02,153441.72246711954
Daging Sapi Murni/Kalimantan Utara/2024-11-03,153356.112847332
Daging Sapi Murni/Kalimantan Utara/2024-11-04,153344.75518612156
Daging Sapi Murni/Kalimantan Utara/2024-11-05,153412.78452854438
Daging Sapi Murni/Kalimantan Utara/2024-11-06,153368.16119892747
Daging Sapi Murni/Kalimantan Utara/2024-11-07,153379.771053715
Daging Sapi Murni/Kalimantan Utara/2024-11-08,153368.9280223667
Daging Sapi Murni/Kalimantan Utara/2024-11-09,153464.46863602614
Daging Sapi Murni/Kalimantan Utara/2024-11-10,153365.8466132953
Daging Sapi Murni/Kalimantan Utara/2024-11-11,153367.54442472113
Daging Sapi Murni/Kalimantan Utara/2024-11-12,153410.03005143002
Daging Sapi Murni/Kalimantan Utara/2024-11-13,153407.54284101728
Daging Sapi Murni/Kalimantan Utara/2024-11-14,153364.48454943174
Daging Sapi Murni/Kalimantan Utara/2024-11-15,153386.64700227833
Daging Sapi Murni/Kalimantan Utara/2024-11-16,153448.72428703817
Daging Sapi Murni/Kalimantan Utara/2024-11-17,153360.99909623605
Daging Sapi Murni/Kalimantan Utara/2024-11-18,153445.03311783957
Daging Sapi Murni/Kalimantan Utara/2024-11-19,153428.96865241384
Daging Sapi Murni/Kalimantan Utara/2024-11-20,153350.56592063984
Daging Sapi Murni/Kalimantan Utara/2024-11-21,153365.98427172855
Daging Sapi Murni/Kalimantan Utara/2024-11-22,153372.09885813564
Daging Sapi Murni/Kalimantan Utara/2024-11-23,153410.76706032807
Daging Sapi Murni/Kalimantan Utara/2024-11-24,153437.11257652435
Daging Sapi Murni/Kalimantan Utara/2024-11-25,153357.54295843624
Daging Sapi Murni/Kalimantan Utara/2024-11-26,153351.04307312792
Daging Sapi Murni/Kalimantan Utara/2024-11-27,153366.94204152428
Daging Sapi Murni/Kalimantan Utara/2024-11-28,153402.70096054627
Daging Sapi Murni/Kalimantan Utara/2024-11-29,153358.22013265503
Daging Sapi Murni/Kalimantan Utara/2024-11-30,153428.74502195377
Daging Sapi Murni/Kalimantan Utara/2024-12-01,153403.97099632266
Daging Sapi Murni/Kalimantan Utara/2024-12-02,153381.31608155105
Daging Sapi Murni/Kalimantan Utara/2024-12-03,153428.49735248848
Daging Sapi Murni/Kalimantan Utara/2024-12-04,153407.00189049396
Daging Sapi Murni/Kalimantan Utara/2024-12-05,153409.99707155235
Daging Sapi Murni/Kalimantan Utara/2024-12-06,153416.2368800155
Daging Sapi Murni/Kalimantan Utara/2024-12-07,153380.30141765214
Daging Sapi Murni/Kalimantan Utara/2024-12-08,153361.4121389854
Daging Sapi Murni/Kalimantan Utara/2024-12-09,153430.0328090273
Daging Sapi Murni/Kalimantan Utara/2024-12-10,153354.93393536625
Daging Sapi Murni/Kalimantan Utara/2024-12-11,153377.70165892047
Daging Sapi Murni/Kalimantan Utara/2024-12-12,153436.57336922656
Daging Sapi Murni/Kalimantan Utara/2024-12-13,153361.62005872355
Daging Sapi Murni/Kalimantan Utara/2024-12-14,153398.66963571368
Daging Sapi Murni/Kalimantan Utara/2024-12-15,153399.43223552455
Daging Sapi Murni/Kalimantan Utara/2024-12-16,153377.7183530877
Daging Sapi Murni/Kalimantan Utara/2024-12-17,153427.83364903537
Daging Sapi Murni/Kalimantan Utara/2024-12-18,153411.35296716748
Daging Sapi Murni/Kalimantan Utara/2024-12-19,153399.43069079955
Daging Sapi Murni/Kalimantan Utara/2024-12-20,153432.2722493345
Daging Sapi Murni/Kalimantan Utara/2024-12-21,153422.3236614629
Daging Sapi Murni/Kalimantan Utara/2024-12-22,153362.73668365323
Daging Sapi Murni/Kalimantan Utara/2024-12-23,153427.0316336806
Daging Sapi Murni/Kalimantan Utara/2024-12-24,153337.90234291315
Daging Sapi Murni/Kalimantan Utara/2024-12-25,153412.5860261558
Daging Sapi Murni/Kalimantan Utara/2024-12-26,153394.76461817313
Daging Sapi Murni/Kalimantan Utara/2024-12-27,153379.54008216952
Daging Sapi Murni/Kalimantan Utara/2024-12-28,153403.0907282122
Daging Sapi Murni/Kalimantan Utara/2024-12-29,153399.4934442637
Daging Sapi Murni/Kalimantan Utara/2024-12-30,153437.17628697012
Daging Sapi Murni/Kalimantan Utara/2024-12-31,153398.4751678665
Daging Sapi Murni/Kepulauan Bangka Belitung/2024-10-01,153346.1343479969
Daging Sapi Murni/Kepulauan Bangka Belitung/2024-10-02,153448.96004220092
Daging Sapi Murni/Kepulauan Bangka Belitung/2024-10-03,153405.05018677728
Daging Sapi Murni/Kepulauan Bangka Belitung/2024-10-04,153365.5658505341
Daging Sapi Murni/Kepulauan Bangka Belitung/2024-10-05,153410.87016795005
Daging Sapi Murni/Kepulauan Bangka Belitung/2024-10-06,153382.35110504352
Daging Sapi Murni/Kepulauan Bangka Belitung/2024-10-07,153457.801536276
Daging Sapi Murni/Kepulauan Bangka Belitung/2024-10-08,153420.52433879825
Daging Sapi Murni/Kepulauan Bangka Belitung/2024-10-09,153400.13930469318
Daging Sapi Murni/Kepulauan Bangka Belitung/2024-10-10,153360.2334054089
Daging Sapi Murni/Kepulauan Bangka Belitung/2024-10-11,153410.58155143468
Daging Sapi Murni/Kepulauan Bangka Belitung/2024-10-12,153370.14958438708
Daging Sapi Murni/Kepulauan Bangka Belitung/2024-10-13,153334.05632147228
Daging Sapi Murni/Kepulauan Bangka Belitung/2024-10-14,153353.47660529337
Daging Sapi Murni/Kepulauan Bangka Belitung/2024-10-15,153414.82377322152
Daging Sapi Murni/Kepulauan Bangka Belitung/2024-10-16,153414.0181803696
Daging Sapi Murni/Kepulauan Bangka Belitung/2024-10-17,153410.6901030764
Daging Sapi Murni/Kepulauan Bangka Belitung/2024-10-18,153421.52061920043
Daging Sapi Murni/Kepulauan Bangka Belitung/2024-10-19,153375.41218836507
Daging Sapi Murni/Kepulauan Bangka Belitung/2024-10-20,153397.78966896364
Daging Sapi Murni/Kepulauan Bangka Belitung/2024-10-21,153414.5787785147
Daging Sapi Murni/Kepulauan Bangka Belitung/2024-10-22,153448.86083447657
Daging Sapi Murni/Kepulauan Bangka Belitung/2024-10-23,153409.68358753758
Daging Sapi Murni/Kepulauan Bangka Belitung/2024-10-24,153428.48623795374
Daging Sapi Murni/Kepulauan Bangka Belitung/2024-10-25,153416.62301134784
Daging Sapi Murni/Kepulauan Bangka Belitung/2024-10-26,153410.36739072052
Daging Sapi Murni/Kepulauan Bangka Belitung/2024-10-27,153432.1713739613
Daging Sapi Murni/Kepulauan Bangka Belitung/2024-10-28,153429.8441667689
Daging Sapi Murni/Kepulauan Bangka Belitung/2024-10-29,153372.42109778523
Daging Sapi Murni/Kepulauan Bangka Belitung/2024-10-30,153454.0711122975
Daging Sapi Murni/Kepulauan Bangka Belitung/2024-10-31,153403.71983940777
Daging Sapi Murni/Kepulauan Bangka Belitung/2024-11-01,153374.67198915838
Daging Sapi Murni/Kepulauan Bangka Belitung/2024-11-02,153403.69389654975
Daging Sapi Murni/Kepulauan Bangka Belitung/2024-11-03,153449.07560160523
Daging Sapi Murni/Kepulauan Bangka Belitung/2024-11-04,153408.9554012496
Daging Sapi Murni/Kepulauan Bangka Belitung/2024-11-05,153430.45820630508
Daging Sapi Murni/Kepulauan Bangka Belitung/2024-11-06,153460.09857375058
Daging Sapi Murni/Kepulauan Bangka Belitung/2024-11-07,153402.71505358568
Daging Sapi Murni/Kepulauan Bangka Belitung/2024-11-08,153407.2645663387
Daging Sapi Murni/Kepulauan Bangka Belitung/2024-11-09,153378.35252362763
Daging Sapi Murni/Kepulauan Bangka Belitung/2024-11-10,153438.508445505
Daging Sapi Murni/Kepulauan Bangka Belitung/2024-11-11,153354.2976436646
Daging Sapi Murni/Kepulauan Bangka Belitung/2024-11-12,153365.23006643498
Daging Sapi Murni/Kepulauan Bangka Belitung/2024-11-13,153377.10993125683
Daging Sapi Murni/Kepulauan Bangka Belitung/2024-11-14,153376.41966750185
Daging Sapi Murni/Kepulauan Bangka Belitung/2024-11-15,153363.8365131775
Daging Sapi Murni/Kepulauan Bangka Belitung/2024-11-16,153345.79793503953
Daging Sapi Murni/Kepulauan Bangka Belitung/2024-11-17,153398.63701807227
Daging Sapi Murni/Kepulauan Bangka Belitung/2024-11-18,153376.46360127747
Daging Sapi Murni/Kepulauan Bangka Belitung/2024-11-19,153449.74633626948
Daging Sapi Murni/Kepulauan Bangka Belitung/2024-11-20,153450.65681232922
Daging Sapi Murni/Kepulauan Bangka Belitung/2024-11-21,153366.74435522768
Daging Sapi Murni/Kepulauan Bangka Belitung/2024-11-22,153406.1322675862
Daging Sapi Murni/Kepulauan Bangka Belitung/2024-11-23,153418.51827346475
Daging Sapi Murni/Kepulauan Bangka Belitung/2024-11-24,153355.51769140732
Daging Sapi Murni/Kepulauan Bangka Belitung/2024-11-25,153359.81740670267
Daging Sapi Murni/Kepulauan Bangka Belitung/2024-11-26,153393.07871325302
Daging Sapi Murni/Kepulauan Bangka Belitung/2024-11-27,153384.1797899449
Daging Sapi Murni/Kepulauan Bangka Belitung/2024-11-28,153338.58849851252
Daging Sapi Murni/Kepulauan Bangka Belitung/2024-11-29,153442.00256324862
Daging Sapi Murni/Kepulauan Bangka Belitung/2024-11-30,153472.02765560205
Daging Sapi Murni/Kepulauan Bangka Belitung/2024-12-01,153417.7131760806
Daging Sapi Murni/Kepulauan Bangka Belitung/2024-12-02,153371.96755068982
Daging Sapi Murni/Kepulauan Bangka Belitung/2024-12-03,153421.29836537
Daging Sapi Murni/Kepulauan Bangka Belitung/2024-12-04,153386.94087774836
Daging Sapi Murni/Kepulauan Bangka Belitung/2024-12-05,153412.72215000307
Daging Sapi Murni/Kepulauan Bangka Belitung/2024-12-06,153402.09219774153
Daging Sapi Murni/Kepulauan Bangka Belitung/2024-12-07,153426.60965908028
Daging Sapi Murni/Kepulauan Bangka Belitung/2024-12-08,153413.2322732727
Daging Sapi Murni/Kepulauan Bangka Belitung/2024-12-09,153470.7718190305
Daging Sapi Murni/Kepulauan Bangka Belitung/2024-12-10,153420.65979681924
Daging Sapi Murni/Kepulauan Bangka Belitung/2024-12-11,153409.3333588645
Daging Sapi Murni/Kepulauan Bangka Belitung/2024-12-12,153408.71036124206
Daging Sapi Murni/Kepulauan Bangka Belitung/2024-12-13,153397.2566698103
Daging Sapi Murni/Kepulauan Bangka Belitung/2024-12-14,153413.23678999906
Daging Sapi Murni/Kepulauan Bangka Belitung/2024-12-15,153364.1745772412
Daging Sapi Murni/Kepulauan Bangka Belitung/2024-12-16,153435.54923067306
Daging Sapi Murni/Kepulauan Bangka Belitung/2024-12-17,153421.75664612895
Daging Sapi Murni/Kepulauan Bangka Belitung/2024-12-18,153376.1879825336
Daging Sapi Murni/Kepulauan Bangka Belitung/2024-12-19,153407.51488886192
Daging Sapi Murni/Kepulauan Bangka Belitung/2024-12-20,153363.96558636005
Daging Sapi Murni/Kepulauan Bangka Belitung/2024-12-21,153399.09749217058
Daging Sapi Murni/Kepulauan Bangka Belitung/2024-12-22,153336.56008399956
Daging Sapi Murni/Kepulauan Bangka Belitung/2024-12-23,153388.1137113652
Daging Sapi Murni/Kepulauan Bangka Belitung/2024-12-24,153418.52528322098
Daging Sapi Murni/Kepulauan Bangka Belitung/2024-12-25,153426.33630898249
Daging Sapi Murni/Kepulauan Bangka Belitung/2024-12-26,153396.88033013983
Daging Sapi Murni/Kepulauan Bangka Belitung/2024-12-27,153408.63845016548
Daging Sapi Murni/Kepulauan Bangka Belitung/2024-12-28,153432.9318328178
Daging Sapi Murni/Kepulauan Bangka Belitung/2024-12-29,153439.15846471803
Daging Sapi Murni/Kepulauan Bangka Belitung/2024-12-30,153371.2803810529
Daging Sapi Murni/Kepulauan Bangka Belitung/2024-12-31,153392.7334975818
Daging Sapi Murni/Kepulauan Riau/2024-10-01,153408.0925763686
Daging Sapi Murni/Kepulauan Riau/2024-10-02,153436.45855884452
Daging Sapi Murni/Kepulauan Riau/2024-10-03,153405.54893450448
Daging Sapi Murni/Kepulauan Riau/2024-10-04,153427.79146520156
Daging Sapi Murni/Kepulauan Riau/2024-10-05,153378.68518321202
Daging Sapi Murni/Kepulauan Riau/2024-10-06,153412.13189321625
Daging Sapi Murni/Kepulauan Riau/2024-10-07,153344.9636560834
Daging Sapi Murni/Kepulauan Riau/2024-10-08,153318.5947129215
Daging Sapi Murni/Kepulauan Riau/2024-10-09,153372.82740857246
Daging Sapi Murni/Kepulauan Riau/2024-10-10,153401.45091581385
Daging Sapi Murni/Kepulauan Riau/2024-10-11,153380.87591487172
Daging Sapi Murni/Kepulauan Riau/2024-10-12,153351.20510966374
Daging Sapi Murni/Kepulauan Riau/2024-10-13,153410.40229938232
Daging Sapi Murni/Kepulauan Riau/2024-10-14,153429.73716434377
Daging Sapi Murni/Kepulauan Riau/2024-10-15,153392.95479654928
Daging Sapi Murni/Kepulauan Riau/2024-10-16,153348.3242413893
Daging Sapi Murni/Kepulauan Riau/2024-10-17,153435.76701508745
Daging Sapi Murni/Kepulauan Riau/2024-10-18,153367.8973682324
Daging Sapi Murni/Kepulauan Riau/2024-10-19,153362.24604075696
Daging Sapi Murni/Kepulauan Riau/2024-10-20,153410.412529161
Daging Sapi Murni/Kepulauan Riau/2024-10-21,153401.7927697845
Daging Sapi Murni/Kepulauan Riau/2024-10-22,153388.4882792175
Daging Sapi Murni/Kepulauan Riau/2024-10-23,153353.7862603539
Daging Sapi Murni/Kepulauan Riau/2024-10-24,153332.75845735063
Daging Sapi Murni/Kepulauan Riau/2024-10-25,153382.2556654794
Daging Sapi Murni/Kepulauan Riau/2024-10-26,153377.15661793787
Daging Sapi Murni/Kepulauan Riau/2024-10-27,153396.8370052031
Daging Sapi Murni/Kepulauan Riau/2024-10-28,153431.993738088
Daging Sapi Murni/Kepulauan Riau/2024-10-29,153441.00752576572
Daging Sapi Murni/Kepulauan Riau/2024-10-30,153418.80073523507
Daging Sapi Murni/Kepulauan Riau/2024-10-31,153373.1635237352
Daging Sapi Murni/Kepulauan Riau/2024-11-01,153388.1342389726
Daging Sapi Murni/Kepulauan Riau/2024-11-02,153429.15888496424
Daging Sapi Murni/Kepulauan Riau/2024-11-03,153419.04263386255
Daging Sapi Murni/Kepulauan Riau/2024-11-04,153360.64874137923
Daging Sapi Murni/Kepulauan Riau/2024-11-05,153399.05934460156
Daging Sapi Murni/Kepulauan Riau/2024-11-06,153373.9818027756
Daging Sapi Murni/Kepulauan Riau/2024-11-07,153368.4446575503
Daging Sapi Murni/Kepulauan Riau/2024-11-08,153412.64679650497
Daging Sapi Murni/Kepulauan Riau/2024-11-09,153410.4279823612
Daging Sapi Murni/Kepulauan Riau/2024-11-10,153380.0099350128
Daging Sapi Murni/Kepulauan Riau/2024-11-11,153383.99420295065
Daging Sapi Murni/Kepulauan Riau/2024-11-12,153401.07305621443
Daging Sapi Murni/Kepulauan Riau/2024-11-13,153406.43057499288
Daging Sapi Murni/Kepulauan Riau/2024-11-14,153460.0527149849
Daging Sapi Murni/Kepulauan Riau/2024-11-15,153377.82275059642
Daging Sapi Murni/Kepulauan Riau/2024-11-16,153386.37463176317
Daging Sapi Murni/Kepulauan Riau/2024-11-17,153426.78836458622
Daging Sapi Murni/Kepulauan Riau/2024-11-18,153384.86734182152
Daging Sapi Murni/Kepulauan Riau/2024-11-19,153347.40611087676
Daging Sapi Murni/Kepulauan Riau/2024-11-20,153423.70777605934
Daging Sapi Murni/Kepulauan Riau/2024-11-21,153361.677964845
Daging Sapi Murni/Kepulauan Riau/2024-11-22,153368.45382779642
Daging Sapi Murni/Kepulauan Riau/2024-11-23,153377.98610600873
Daging Sapi Murni/Kepulauan Riau/2024-11-24,153400.9802152722
Daging Sapi Murni/Kepulauan Riau/2024-11-25,153439.16051095037
Daging Sapi Murni/Kepulauan Riau/2024-11-26,153406.74741955518
Daging Sapi Murni/Kepulauan Riau/2024-11-27,153400.20363822565
Daging Sapi Murni/Kepulauan Riau/2024-11-28,153384.34347717575
Daging Sapi Murni/Kepulauan Riau/2024-11-29,153378.44908019667
Daging Sapi Murni/Kepulauan Riau/2024-11-30,153407.0433603166
Daging Sapi Murni/Kepulauan Riau/2024-12-01,153463.035542709
Daging Sapi Murni/Kepulauan Riau/2024-12-02,153399.932275209
Daging Sapi Murni/Kepulauan Riau/2024-12-03,153416.45423368877
Daging Sapi Murni/Kepulauan Riau/2024-12-04,153403.1376599164
Daging Sapi Murni/Kepulauan Riau/2024-12-05,153336.83823668692
Daging Sapi Murni/Kepulauan Riau/2024-12-06,153363.8657161654
Daging Sapi Murni/Kepulauan Riau/2024-12-07,153386.93704001763
Daging Sapi Murni/Kepulauan Riau/2024-12-08,153355.20699785775
Daging Sapi Murni/Kepulauan Riau/2024-12-09,153431.4929224989
Daging Sapi Murni/Kepulauan Riau/2024-12-10,153397.44254484746
Daging Sapi Murni/Kepulauan Riau/2024-12-11,153369.12031861796
Daging Sapi Murni/Kepulauan Riau/2024-12-12,153391.35379912495
Daging Sapi Murni/Kepulauan Riau/2024-12-13,153394.09323562926
Daging Sapi Murni/Kepulauan Riau/2024-12-14,153406.970414841
Daging Sapi Murni/Kepulauan Riau/2024-12-15,153359.06105126554
Daging Sapi Murni/Kepulauan Riau/2024-12-16,153461.72729113273
Daging Sapi Murni/Kepulauan Riau/2024-12-17,153418.00035343625
Daging Sapi Murni/Kepulauan Riau/2024-12-18,153440.7225390724
Daging Sapi Murni/Kepulauan Riau/2024-12-19,153438.64120863096
Daging Sapi Murni/Kepulauan Riau/2024-12-20,153391.903243026
Daging Sapi Murni/Kepulauan Riau/2024-12-21,153364.87192418482
Daging Sapi Murni/Kepulauan Riau/2024-12-22,153336.7377266318
Daging Sapi Murni/Kepulauan Riau/2024-12-23,153416.3970952519
Daging Sapi Murni/Kepulauan Riau/2024-12-24,153404.02551783988
Daging Sapi Murni/Kepulauan Riau/2024-12-25,153370.13790888412
Daging Sapi Murni/Kepulauan Riau/2024-12-26,153377.57051275476
Daging Sapi Murni/Kepulauan Riau/2024-12-27,153391.66912493092
Daging Sapi Murni/Kepulauan Riau/2024-12-28,153484.945824345
Daging Sapi Murni/Kepulauan Riau/2024-12-29,153409.25114272942
Daging Sapi Murni/Kepulauan Riau/2024-12-30,153459.37000556235
Daging Sapi Murni/Kepulauan Riau/2024-12-31,153332.35620649037
Daging Sapi Murni/Lampung/2024-10-01,153451.23512856057
Daging Sapi Murni/Lampung/2024-10-02,153355.17355601495
Daging Sapi Murni/Lampung/2024-10-03,153337.0825242027
Daging Sapi Murni/Lampung/2024-10-04,153400.0914992387
Daging Sapi Murni/Lampung/2024-10-05,153381.71433191202
Daging Sapi Murni/Lampung/2024-10-06,153381.37760757105
Daging Sapi Murni/Lampung/2024-10-07,153393.47668857462
Daging Sapi Murni/Lampung/2024-10-08,153408.7705328228
Daging Sapi Murni/Lampung/2024-10-09,153345.53576742823
Daging Sapi Murni/Lampung/2024-10-10,153394.6758874195
Daging Sapi Murni/Lampung/2024-10-11,153362.70490407458
Daging Sapi Murni/Lampung/2024-10-12,153373.9454101487
Daging Sapi Murni/Lampung/2024-10-13,153378.80115738924
Daging Sapi Murni/Lampung/2024-10-14,153375.3942194688
Daging Sapi Murni/Lampung/2024-10-15,153396.9161439749
Daging Sapi Murni/Lampung/2024-10-16,153381.04249821816
Daging Sapi Murni/Lampung/2024-10-17,153356.7320861889
Daging Sapi Murni/Lampung/2024-10-18,153406.484948088
Daging Sapi Murni/Lampung/2024-10-19,153363.07566658978
Daging Sapi Murni/Lampung/2024-10-20,153448.01471627387
Daging Sapi Murni/Lampung/2024-10-21,153419.4693054511
Daging Sapi Murni/Lampung/2024-10-22,153431.21162586423
Daging Sapi Murni/Lampung/2024-10-23,153373.18493392126
Daging Sapi Murni/Lampung/2024-10-24,153356.23937990164
Daging Sapi Murni/Lampung/2024-10-25,153404.22923641198
Daging Sapi Murni/Lampung/2024-10-26,153404.89628789044
Daging Sapi Murni/Lampung/2024-10-27,153392.57717253678
Daging Sapi Murni/Lampung/2024-10-28,153446.68090083823
Daging Sapi Murni/Lampung/2024-10-29,153380.113938266
Daging Sapi Murni/Lampung/2024-10-30,153422.8636452814
Daging Sapi Murni/Lampung/2024-10-31,153349.33518505603
Daging Sapi Murni/Lampung/2024-11-01,153398.2980478834
Daging Sapi Murni/Lampung/2024-11-02,153390.42819572057
Daging Sapi Murni/Lampung/2024-11-03,153392.75879804368
Daging Sapi Murni/Lampung/2024-11-04,153383.34169666827
Daging Sapi Murni/Lampung/2024-11-05,153396.90712269134
Daging Sapi Murni/Lampung/2024-11-06,153403.5404274876
Daging Sapi Murni/Lampung/2024-11-07,153393.76145765733
Daging Sapi Murni/Lampung/2024-11-08,153358.1495372645
Daging Sapi Murni/Lampung/2024-11-09,153337.1634113151
Daging Sapi Murni/Lampung/2024-11-10,153468.9975912425
Daging Sapi Murni/Lampung/2024-11-11,153403.18559674735
Daging Sapi Murni/Lampung/2024-11-12,153369.13563337654
Daging Sapi Murni/Lampung/2024-11-13,153349.53859513073
Daging Sapi Murni/Lampung/2024-11-14,153389.67025658072
Daging Sapi Murni/Lampung/2024-11-15,153378.80334278048
Daging Sapi Murni/Lampung/2024-11-16,153342.66441007025
Daging Sapi Murni/Lampung/2024-11-17,153400.56928285345
Daging Sapi Murni/Lampung/2024-11-18,153354.0900272681
Daging Sapi Murni/Lampung/2024-11-19,153428.1411103598
Daging Sapi Murni/Lampung/2024-11-20,153430.7841296827
Daging Sapi Murni/Lampung/2024-11-21,153402.2089166474
Daging Sapi Murni/Lampung/2024-11-22,153406.59423623793
Daging Sapi Murni/Lampung/2024-11-23,153421.52113890633
Daging Sapi Murni/Lampung/2024-11-24,153442.82940404082
Daging Sapi Murni/Lampung/2024-11-25,153438.2790674585
Daging Sapi Murni/Lampung/2024-11-26,153375.11247810486
Daging Sapi Murni/Lampung/2024-11-27,153419.43944514368
Daging Sapi Murni/Lampung/2024-11-28,153409.60773958397
Daging Sapi Murni/Lampung/2024-11-29,153378.15726108704
Daging Sapi Murni/Lampung/2024-11-30,153407.07475642866
Daging Sapi Murni/Lampung/2024-12-01,153439.87051637025
Daging Sapi Murni/Lampung/2024-12-02,153400.84411885205
Daging Sapi Murni/Lampung/2024-12-03,153399.53001502913
Daging Sapi Murni/Lampung/2024-12-04,153381.03301971682
Daging Sapi Murni/Lampung/2024-12-05,153447.93824728768
Daging Sapi Murni/Lampung/2024-12-06,153391.813593937
Daging Sapi Murni/Lampung/2024-12-07,153395.14607953362
Daging Sapi Murni/Lampung/2024-12-08,153404.00460747487
Daging Sapi Murni/Lampung/2024-12-09,153406.43623451566
Daging Sapi Murni/Lampung/2024-12-10,153410.25998922507
Daging Sapi Murni/Lampung/2024-12-11,153394.1304184232
Daging Sapi Murni/Lampung/2024-12-12,153354.1888081158
Daging Sapi Murni/Lampung/2024-12-13,153397.3232933253
Daging Sapi Murni/Lampung/2024-12-14,153406.3609313264
Daging Sapi Murni/Lampung/2024-12-15,153357.59466560552
Daging Sapi Murni/Lampung/2024-12-16,153452.55010187888
Daging Sapi Murni/Lampung/2024-12-17,153354.75172963098
Daging Sapi Murni/Lampung/2024-12-18,153447.2086275124
Daging Sapi Murni/Lampung/2024-12-19,153413.96787950303
Daging Sapi Murni/Lampung/2024-12-20,153371.98548941326
Daging Sapi Murni/Lampung/2024-12-21,153400.486024975
Daging Sapi Murni/Lampung/2024-12-22,153374.76356647455
Daging Sapi Murni/Lampung/2024-12-23,153371.19855934358
Daging Sapi Murni/Lampung/2024-12-24,153385.56467259672
Daging Sapi Murni/Lampung/2024-12-25,153411.0435362878
Daging Sapi Murni/Lampung/2024-12-26,153411.00220185742
Daging Sapi Murni/Lampung/2024-12-27,153340.14088589704
Daging Sapi Murni/Lampung/2024-12-28,153378.2163491695
Daging Sapi Murni/Lampung/2024-12-29,153399.77236927807
Daging Sapi Murni/Lampung/2024-12-30,153409.11227154348
Daging Sapi Murni/Lampung/2024-12-31,153385.56202734244
Daging Sapi Murni/Maluku Utara/2024-10-01,153375.39042587936
Daging Sapi Murni/Maluku Utara/2024-10-02,153409.4927435096
Daging Sapi Murni/Maluku Utara/2024-10-03,153406.33362549846
Daging Sapi Murni/Maluku Utara/2024-10-04,153375.94241722906
Daging Sapi Murni/Maluku Utara/2024-10-05,153434.35215033707
Daging Sapi Murni/Maluku Utara/2024-10-06,153386.28700643018
Daging Sapi Murni/Maluku Utara/2024-10-07,153362.241714137
Daging Sapi Murni/Maluku Utara/2024-10-08,153402.56337452258
Daging Sapi Murni/Maluku Utara/2024-10-09,153307.30662574052
Daging Sapi Murni/Maluku Utara/2024-10-10,153397.28476466384
Daging Sapi Murni/Maluku Utara/2024-10-11,153343.26251824634
Daging Sapi Murni/Maluku Utara/2024-10-12,153400.3894454128
Daging Sapi Murni/Maluku Utara/2024-10-13,153391.76172613143
Daging Sapi Murni/Maluku Utara/2024-10-14,153404.14097672838
Daging Sapi Murni/Maluku Utara/2024-10-15,153419.71419830457
Daging Sapi Murni/Maluku Utara/2024-10-16,153378.73314845556
Daging Sapi Murni/Maluku Utara/2024-10-17,153406.53433109805
Daging Sapi Murni/Maluku Utara/2024-10-18,153406.1238048304
Daging Sapi Murni/Maluku Utara/2024-10-19,153443.55969256838
Daging Sapi Murni/Maluku Utara/2024-10-20,153392.54849092255
Daging Sapi Murni/Maluku Utara/2024-10-21,153408.5783176676
Daging Sapi Murni/Maluku Utara/2024-10-22,153404.5146248654
Daging Sapi Murni/Maluku Utara/2024-10-23,153378.67489901546
Daging Sapi Murni/Maluku Utara/2024-10-24,153388.5080492471
Daging Sapi Murni/Maluku Utara/2024-10-25,153357.24721511285
Daging Sapi Murni/Maluku Utara/2024-10-26,153383.6545136992
Daging Sapi Murni/Maluku Utara/2024-10-27,153364.18236276312
Daging Sapi Murni/Maluku Utara/2024-10-28,153343.60776502683
Daging Sapi Murni/Maluku Utara/2024-10-29,153388.0313664081
Daging Sapi Murni/Maluku Utara/2024-10-30,153397.0632026193
Daging Sapi Murni/Maluku Utara/2024-10-31,153428.2693924035
Daging Sapi Murni/Maluku Utara/2024-11-01,153412.7122744112
Daging Sapi Murni/Maluku Utara/2024-11-02,153356.8979829116
Daging Sapi Murni/Maluku Utara/2024-11-03,153375.45685537628
Daging Sapi Murni/Maluku Utara/2024-11-04,153406.7452881887
Daging Sapi Murni/Maluku Utara/2024-11-05,153381.4348203351
Daging Sapi Murni/Maluku Utara/2024-11-06,153435.16361805343
Daging Sapi Murni/Maluku Utara/2024-11-07,153398.44190236554
Daging Sapi Murni/Maluku Utara/2024-11-08,153364.75091440912
Daging Sapi Murni/Maluku Utara/2024-11-09,153408.3751632402
Daging Sapi Murni/Maluku Utara/2024-11-10,153444.88984853358
Daging Sapi Murni/Maluku Utara/2024-11-11,153428.84140335768
Daging Sapi Murni/Maluku Utara/2024-11-12,153413.37558354178
Daging Sapi Murni/Maluku Utara/2024-11-13,153419.64690538176
Daging Sapi Murni/Maluku Utara/2024-11-14,153440.6522617813
Daging Sapi Murni/Maluku Utara/2024-11-15,153423.45134111188
Daging Sapi Murni/Maluku Utara/2024-11-16,153410.2642697728
Daging Sapi Murni/Maluku Utara/2024-11-17,153409.48368655104
Daging Sapi Murni/Maluku Utara/2024-11-18,153444.87092036533
Daging Sapi Murni/Maluku Utara/2024-11-19,153380.68739774707
Daging Sapi Murni/Maluku Utara/2024-11-20,153381.34205618603
Daging Sapi Murni/Maluku Utara/2024-11-21,153380.67303645954
Daging Sapi Murni/Maluku Utara/2024-11-22,153352.88602606574
Daging Sapi Murni/Maluku Utara/2024-11-23,153384.9609082041
Daging Sapi Murni/Maluku Utara/2024-11-24,153367.26006533016
Daging Sapi Murni/Maluku Utara/2024-11-25,153389.648680891
Daging Sapi Murni/Maluku Utara/2024-11-26,153416.51981558272
Daging Sapi Murni/Maluku Utara/2024-11-27,153403.35928552263
Daging Sapi Murni/Maluku Utara/2024-11-28,153368.4955858784
Daging Sapi Murni/Maluku Utara/2024-11-29,153462.18280491434
Daging Sapi Murni/Maluku Utara/2024-11-30,153460.22377173367
Daging Sapi Murni/Maluku Utara/2024-12-01,153370.8643575728
Daging Sapi Murni/Maluku Utara/2024-12-02,153415.7863521846
Daging Sapi Murni/Maluku Utara/2024-12-03,153439.09611117942
Daging Sapi Murni/Maluku Utara/2024-12-04,153434.53642116892
Daging Sapi Murni/Maluku Utara/2024-12-05,153328.4473799067
Daging Sapi Murni/Maluku Utara/2024-12-06,153352.8132086258
Daging Sapi Murni/Maluku Utara/2024-12-07,153410.08463384325
Daging Sapi Murni/Maluku Utara/2024-12-08,153353.790345773
Daging Sapi Murni/Maluku Utara/2024-12-09,153466.69120185875
Daging Sapi Murni/Maluku Utara/2024-12-10,153389.32072149977
Daging Sapi Murni/Maluku Utara/2024-12-11,153407.79602368703
Daging Sapi Murni/Maluku Utara/2024-12-12,153389.84448107387
Daging Sapi Murni/Maluku Utara/2024-12-13,153443.6761767142
Daging Sapi Murni/Maluku Utara/2024-12-14,153352.16497459446
Daging Sapi Murni/Maluku Utara/2024-12-15,153383.0275790145
Daging Sapi Murni/Maluku Utara/2024-12-16,153386.15084636578
Daging Sapi Murni/Maluku Utara/2024-12-17,153377.75234662605
Daging Sapi Murni/Maluku Utara/2024-12-18,153341.15028824616
Daging Sapi Murni/Maluku Utara/2024-12-19,153341.07855367856
Daging Sapi Murni/Maluku Utara/2024-12-20,153400.90503291375
Daging Sapi Murni/Maluku Utara/2024-12-21,153367.3697934881
Daging Sapi Murni/Maluku Utara/2024-12-22,153411.36870061868
Daging Sapi Murni/Maluku Utara/2024-12-23,153375.71503793082
Daging Sapi Murni/Maluku Utara/2024-12-24,153430.93148825166
Daging Sapi Murni/Maluku Utara/2024-12-25,153382.5990654693
Daging Sapi Murni/Maluku Utara/2024-12-26,153416.1107816348
Daging Sapi Murni/Maluku Utara/2024-12-27,153336.33665051305
Daging Sapi Murni/Maluku Utara/2024-12-28,153355.70694559137
Daging Sapi Murni/Maluku Utara/2024-12-29,153395.7306048614
Daging Sapi Murni/Maluku Utara/2024-12-30,153428.13509391266
Daging Sapi Murni/Maluku Utara/2024-12-31,153365.14548150837
Daging Sapi Murni/Maluku/2024-10-01,153376.5220282027
Daging Sapi Murni/Maluku/2024-10-02,153442.09408760953
Daging Sapi Murni/Maluku/2024-10-03,153395.47931657417
Daging Sapi Murni/Maluku/2024-10-04,153421.96245014793
Daging Sapi Murni/Maluku/2024-10-05,153460.259158558
Daging Sapi Murni/Maluku/2024-10-06,153439.5321061096
Daging Sapi Murni/Maluku/2024-10-07,153418.53269570702
Daging Sapi Murni/Maluku/2024-10-08,153386.02674086124
Daging Sapi Murni/Maluku/2024-10-09,153418.18573384787
Daging Sapi Murni/Maluku/2024-10-10,153384.16895972838
Daging Sapi Murni/Maluku/2024-10-11,153423.16368198348
Daging Sapi Murni/Maluku/2024-10-12,153410.73220683867
Daging Sapi Murni/Maluku/2024-10-13,153370.67838121194
Daging Sapi Murni/Maluku/2024-10-14,153411.0255208237
Daging Sapi Murni/Maluku/2024-10-15,153344.85749678663
Daging Sapi Murni/Maluku/2024-10-16,153359.5400682198
Daging Sapi Murni/Maluku/2024-10-17,153344.28517430453
Daging Sapi Murni/Maluku/2024-10-18,153421.59632031593
Daging Sapi Murni/Maluku/2024-10-19,153394.29341505526
Daging Sapi Murni/Maluku/2024-10-20,153442.80359261032
Daging Sapi Murni/Maluku/2024-10-21,153345.30221124212
Daging Sapi Murni/Maluku/2024-10-22,153357.22268452527
Daging Sapi Murni/Maluku/2024-10-23,153332.8711267281
Daging Sapi Murni/Maluku/2024-10-24,153390.2352218175
Daging Sapi Murni/Maluku/2024-10-25,153401.65758149303
Daging Sapi Murni/Maluku/2024-10-26,153350.41547463904
Daging Sapi Murni/Maluku/2024-10-27,153370.7477182419
Daging Sapi Murni/Maluku/2024-10-28,153409.4807293434
Daging Sapi Murni/Maluku/2024-10-29,153409.35703369352
Daging Sapi Murni/Maluku/2024-10-30,153369.9342994374
Daging Sapi Murni/Maluku/2024-10-31,153385.9923329906
Daging Sapi Murni/Maluku/2024-11-01,153358.21782643622
Daging Sapi Murni/Maluku/2024-11-02,153448.67964609078
Daging Sapi Murni/Maluku/2024-11-03,153474.3659137598
Daging Sapi Murni/Maluku/2024-11-04,153406.89059843018
Daging Sapi Murni/Maluku/2024-11-05,153442.06328658084
Daging Sapi Murni/Maluku/2024-11-06,153364.14676628285
Daging Sapi Murni/Maluku/2024-11-07,153375.1539191167
Daging Sapi Murni/Maluku/2024-11-08,153417.642893201
Daging Sapi Murni/Maluku/2024-11-09,153435.44744120297
Daging Sapi Murni/Maluku/2024-11-10,153358.30979069683
Daging Sapi Murni/Maluku/2024-11-11,153419.6152822513
Daging Sapi Murni/Maluku/2024-11-12,153405.6297586027
Daging Sapi Murni/Maluku/2024-11-13,153388.66607098546
Daging Sapi Murni/Maluku/2024-11-14,153437.21747159952
Daging Sapi Murni/Maluku/2024-11-15,153425.415228954
Daging Sapi Murni/Maluku/2024-11-16,153397.7271625177
Daging Sapi Murni/Maluku/2024-11-17,153402.74758397997
Daging Sapi Murni/Maluku/2024-11-18,153376.62244847568
Daging Sapi Murni/Maluku/2024-11-19,153364.72417834282
Daging Sapi Murni/Maluku/2024-11-20,153439.06741421358
Daging Sapi Murni/Maluku/2024-11-21,153348.11344804277
Daging Sapi Murni/Maluku/2024-11-22,153407.6618534832
Daging Sapi Murni/Maluku/2024-11-23,153401.00321442977
Daging Sapi Murni/Maluku/2024-11-24,153385.84291116864
Daging Sapi Murni/Maluku/2024-11-25,153398.55862195842
Daging Sapi Murni/Maluku/2024-11-26,153338.9790880199
Daging Sapi Murni/Maluku/2024-11-27,153394.90786357966
Daging Sapi Murni/Maluku/2024-11-28,153396.48077231238
Daging Sapi Murni/Maluku/2024-11-29,153462.37296470007
Daging Sapi Murni/Maluku/2024-11-30,153441.9147176522
Daging Sapi Murni/Maluku/2024-12-01,153407.34606256138
Daging Sapi Murni/Maluku/2024-12-02,153434.41609828293
Daging Sapi Murni/Maluku/2024-12-03,153414.2612534827
Daging Sapi Murni/Maluku/2024-12-04,153380.50018975002
Daging Sapi Murni/Maluku/2024-12-05,153451.9591470161
Daging Sapi Murni/Maluku/2024-12-06,153331.46010753774
Daging Sapi Murni/Maluku/2024-12-07,153330.85234662282
Daging Sapi Murni/Maluku/2024-12-08,153372.02722649506
Daging Sapi Murni/Maluku/2024-12-09,153432.55459014024
Daging Sapi Murni/Maluku/2024-12-10,153430.3264065914
Daging Sapi Murni/Maluku/2024-12-11,153409.90955426398
Daging Sapi Murni/Maluku/2024-12-12,153393.57114566144
Daging Sapi Murni/Maluku/2024-12-13,153448.24505685957
Daging Sapi Murni/Maluku/2024-12-14,153408.69430844643
Daging Sapi Murni/Maluku/2024-12-15,153389.368752727
Daging Sapi Murni/Maluku/2024-12-16,153340.4567163411
Daging Sapi Murni/Maluku/2024-12-17,153411.32614384696
Daging Sapi Murni/Maluku/2024-12-18,153436.5033356372
Daging Sapi Murni/Maluku/2024-12-19,153417.08626615017
Daging Sapi Murni/Maluku/2024-12-20,153374.26222908832
Daging Sapi Murni/Maluku/2024-12-21,153374.88772630252
Daging Sapi Murni/Maluku/2024-12-22,153329.33205274062
Daging Sapi Murni/Maluku/2024-12-23,153415.08692006615
Daging Sapi Murni/Maluku/2024-12-24,153365.23317316442
Daging Sapi Murni/Maluku/2024-12-25,153363.29823481207
Daging Sapi Murni/Maluku/2024-12-26,153369.6271977423
Daging Sapi Murni/Maluku/2024-12-27,153395.8637794477
Daging Sapi Murni/Maluku/2024-12-28,153417.7143298771
Daging Sapi Murni/Maluku/2024-12-29,153394.74033565985
Daging Sapi Murni/Maluku/2024-12-30,153359.38770820305
Daging Sapi Murni/Maluku/2024-12-31,153410.03566055727
Daging Sapi Murni/Nusa Tenggara Barat/2024-10-01,153432.56720819938
Daging Sapi Murni/Nusa Tenggara Barat/2024-10-02,153416.69066785308
Daging Sapi Murni/Nusa Tenggara Barat/2024-10-03,153373.19718168632
Daging Sapi Murni/Nusa Tenggara Barat/2024-10-04,153371.44390054245
Daging Sapi Murni/Nusa Tenggara Barat/2024-10-05,153363.99190374586
Daging Sapi Murni/Nusa Tenggara Barat/2024-10-06,153362.16564263633
Daging Sapi Murni/Nusa Tenggara Barat/2024-10-07,153390.73638916272
Daging Sapi Murni/Nusa Tenggara Barat/2024-10-08,153430.94455848768
Daging Sapi Murni/Nusa Tenggara Barat/2024-10-09,153349.67609232946
Daging Sapi Murni/Nusa Tenggara Barat/2024-10-10,153409.6057686107
Daging Sapi Murni/Nusa Tenggara Barat/2024-10-11,153354.5862294153
Daging Sapi Murni/Nusa Tenggara Barat/2024-10-12,153390.6443396098
Daging Sapi Murni/Nusa Tenggara Barat/2024-10-13,153348.98488740952
Daging Sapi Murni/Nusa Tenggara Barat/2024-10-14,153447.65809301875
Daging Sapi Murni/Nusa Tenggara Barat/2024-10-15,153364.95621051834
Daging Sapi Murni/Nusa Tenggara Barat/2024-10-16,153365.0875742291
Daging Sapi Murni/Nusa Tenggara Barat/2024-10-17,153393.42746187243
Daging Sapi Murni/Nusa Tenggara Barat/2024-10-18,153445.6180436825
Daging Sapi Murni/Nusa Tenggara Barat/2024-10-19,153394.775232517
Daging Sapi Murni/Nusa Tenggara Barat/2024-10-20,153437.38569193718
Daging Sapi Murni/Nusa Tenggara Barat/2024-10-21,153456.5415302962
Daging Sapi Murni/Nusa Tenggara Barat/2024-10-22,153423.42332719362
Daging Sapi Murni/Nusa Tenggara Barat/2024-10-23,153411.64647250436
Daging Sapi Murni/Nusa Tenggara Barat/2024-10-24,153359.19507560736
Daging Sapi Murni/Nusa Tenggara Barat/2024-10-25,153389.5039073387
Daging Sapi Murni/Nusa Tenggara Barat/2024-10-26,153385.0290952227
Daging Sapi Murni/Nusa Tenggara Barat/2024-10-27,153380.50212522416
Daging Sapi Murni/Nusa Tenggara Barat/2024-10-28,153383.19009942134
Daging Sapi Murni/Nusa Tenggara Barat/2024-10-29,153410.8550399632
Daging Sapi Murni/Nusa Tenggara Barat/2024-10-30,153390.67315063457
Daging Sapi Murni/Nusa Tenggara Barat/2024-10-31,153393.6994875345
Daging Sapi Murni/Nusa Tenggara Barat/2024-11-01,153368.68151845073
Daging Sapi Murni/Nusa Tenggara Barat/2024-11-02,153403.42371372122
Daging Sapi Murni/Nusa Tenggara Barat/2024-11-03,153425.7360250829
Daging Sapi Murni/Nusa Tenggara Barat/2024-11-04,153402.7688248939
Daging Sapi Murni/Nusa Tenggara Barat/2024-11-05,153428.35938031969
Daging Sapi Murni/Nusa Tenggara Barat/2024-11-06,153428.5085939579
Daging Sapi Murni/Nusa Tenggara Barat/2024-11-07,153367.65847295627
Daging Sapi Murni/Nusa Tenggara Barat/2024-11-08,153426.2593973348
Daging Sapi Murni/Nusa Tenggara Barat/2024-11-09,153429.6744117916
Daging Sapi Murni/Nusa Tenggara Barat/2024-11-10,153328.38265770112
Daging Sapi Murni/Nusa Tenggara Barat/2024-11-11,153415.00462277976
Daging Sapi Murni/Nusa Tenggara Barat/2024-11-12,153426.40118376675
Daging Sapi Murni/Nusa Tenggara Barat/2024-11-13,153378.446251361
Daging Sapi Murni/Nusa Tenggara Barat/2024-11-14,153406.42315679666
Daging Sapi Murni/Nusa Tenggara Barat/2024-11-15,153437.60720303727
Daging Sapi Murni/Nusa Tenggara Barat/2024-11-16,153391.95012528464
Daging Sapi Murni/Nusa Tenggara Barat/2024-11-17,153399.29517656344
Daging Sapi Murni/Nusa Tenggara Barat/2024-11-18,153359.9336172773
Daging Sapi Murni/Nusa Tenggara Barat/2024-11-19,153369.8843130978
Daging Sapi Murni/Nusa Tenggara Barat/2024-11-20,153406.05101200409
Daging Sapi Murni/Nusa Tenggara Barat/2024-11-21,153416.90975339877
Daging Sapi Murni/Nusa Tenggara Barat/2024-11-22,153376.13408383983
Daging Sapi Murni/Nusa Tenggara Barat/2024-11-23,153462.71532711235
Daging Sapi Murni/Nusa Tenggara Barat/2024-11-24,153385.4994301673
Daging Sapi Murni/Nusa Tenggara Barat/2024-11-25,153373.7815494188
Daging Sapi Murni/Nusa Tenggara Barat/2024-11-26,153394.71106151436
Daging Sapi Murni/Nusa Tenggara Barat/2024-11-27,153382.66031449928
Daging Sapi Murni/Nusa Tenggara Barat/2024-11-28,153387.90711896605
Daging Sapi Murni/Nusa Tenggara Barat/2024-11-29,153332.83681287378
Daging Sapi Murni/Nusa Tenggara Barat/2024-11-30,153384.96812297235
Daging Sapi Murni/Nusa Tenggara Barat/2024-12-01,153398.76325408893
Daging Sapi Murni/Nusa Tenggara Barat/2024-12-02,153396.1043904774
Daging Sapi Murni/Nusa Tenggara Barat/2024-12-03,153336.6128213278
Daging Sapi Murni/Nusa Tenggara Barat/2024-12-04,153369.05484164352
Daging Sapi Murni/Nusa Tenggara Barat/2024-12-05,153397.03862792318
Daging Sapi Murni/Nusa Tenggara Barat/2024-12-06,153346.33709185454
Daging Sapi Murni/Nusa Tenggara Barat/2024-12-07,153442.26386379934
Daging Sapi Murni/Nusa Tenggara Barat/2024-12-08,153391.05566279654
Daging Sapi Murni/Nusa Tenggara Barat/2024-12-09,153425.06578449486
Daging Sapi Murni/Nusa Tenggara Barat/2024-12-10,153371.92540463322
Daging Sapi Murni/Nusa Tenggara Barat/2024-12-11,153395.56201032118
Daging Sapi Murni/Nusa Tenggara Barat/2024-12-12,153377.3482968356
Daging Sapi Murni/Nusa Tenggara Barat/2024-12-13,153367.3905446607
Daging Sapi Murni/Nusa Tenggara Barat/2024-12-14,153407.76072414973
Daging Sapi Murni/Nusa Tenggara Barat/2024-12-15,153390.53825088037
Daging Sapi Murni/Nusa Tenggara Barat/2024-12-16,153455.60829308885
Daging Sapi Murni/Nusa Tenggara Barat/2024-12-17,153369.43456937358
Daging Sapi Murni/Nusa Tenggara Barat/2024-12-18,153419.48547092234
Daging Sapi Murni/Nusa Tenggara Barat/2024-12-19,153466.9495845273
Daging Sapi Murni/Nusa Tenggara Barat/2024-12-20,153349.86868276203
Daging Sapi Murni/Nusa Tenggara Barat/2024-12-21,153372.70685649663
Daging Sapi Murni/Nusa Tenggara Barat/2024-12-22,153402.64844594031
Daging Sapi Murni/Nusa Tenggara Barat/2024-12-23,153429.68550411708
Daging Sapi Murni/Nusa Tenggara Barat/2024-12-24,153363.50953347617
Daging Sapi Murni/Nusa Tenggara Barat/2024-12-25,153383.93468341616
Daging Sapi Murni/Nusa Tenggara Barat/2024-12-26,153387.29743903707
Daging Sapi Murni/Nusa Tenggara Barat/2024-12-27,153383.71086707397
Daging Sapi Murni/Nusa Tenggara Barat/2024-12-28,153402.42856676754
Daging Sapi Murni/Nusa Tenggara Barat/2024-12-29,153390.97519278465
Daging Sapi Murni/Nusa Tenggara Barat/2024-12-30,153419.52964107317
Daging Sapi Murni/Nusa Tenggara Barat/2024-12-31,153452.33107969374
Daging Sapi Murni/Nusa Tenggara Timur/2024-10-01,153353.47996603814
Daging Sapi Murni/Nusa Tenggara Timur/2024-10-02,153367.20464266883
Daging Sapi Murni/Nusa Tenggara Timur/2024-10-03,153381.69312825124
Daging Sapi Murni/Nusa Tenggara Timur/2024-10-04,153385.38912571536
Daging Sapi Murni/Nusa Tenggara Timur/2024-10-05,153395.14624594507
Daging Sapi Murni/Nusa Tenggara Timur/2024-10-06,153382.35698665326
Daging Sapi Murni/Nusa Tenggara Timur/2024-10-07,153424.05933642611
Daging Sapi Murni/Nusa Tenggara Timur/2024-10-08,153408.91488784185
Daging Sapi Murni/Nusa Tenggara Timur/2024-10-09,153389.5247977219
Daging Sapi Murni/Nusa Tenggara Timur/2024-10-10,153320.3017811357
Daging Sapi Murni/Nusa Tenggara Timur/2024-10-11,153382.42394251432
Daging Sapi Murni/Nusa Tenggara Timur/2024-10-12,153438.67591558065
Daging Sapi Murni/Nusa Tenggara Timur/2024-10-13,153408.84695424463
Daging Sapi Murni/Nusa Tenggara Timur/2024-10-14,153454.0584528384
Daging Sapi Murni/Nusa Tenggara Timur/2024-10-15,153383.93976584607
Daging Sapi Murni/Nusa Tenggara Timur/2024-10-16,153330.43762608527
Daging Sapi Murni/Nusa Tenggara Timur/2024-10-17,153395.6983390608
Daging Sapi Murni/Nusa Tenggara Timur/2024-10-18,153434.0029916419
Daging Sapi Murni/Nusa Tenggara Timur/2024-10-19,153364.64739938025
Daging Sapi Murni/Nusa Tenggara Timur/2024-10-20,153389.95183812053
Daging Sapi Murni/Nusa Tenggara Timur/2024-10-21,153382.1277869063
Daging Sapi Murni/Nusa Tenggara Timur/2024-10-22,153403.80875361068
Daging Sapi Murni/Nusa Tenggara Timur/2024-10-23,153432.24525756517
Daging Sapi Murni/Nusa Tenggara Timur/2024-10-24,153418.72641281487
Daging Sapi Murni/Nusa Tenggara Timur/2024-10-25,153419.95778798862
Daging Sapi Murni/Nusa Tenggara Timur/2024-10-26,153396.91935099926
Daging Sapi Murni/Nusa Tenggara Timur/2024-10-27,153330.6919287684
Daging Sapi Murni/Nusa Tenggara Timur/2024-10-28,153450.9105070522
Daging Sapi Murni/Nusa Tenggara Timur/2024-10-29,153393.43461960624
Daging Sapi Murni/Nusa Tenggara Timur/2024-10-30,153396.78833331104
Daging Sapi Murni/Nusa Tenggara Timur/2024-10-31,153437.34266719865
Daging Sapi Murni/Nusa Tenggara Timur/2024-11-01,153394.5855454717
Daging Sapi Murni/Nusa Tenggara Timur/2024-11-02,153365.1616680917
Daging Sapi Murni/Nusa Tenggara Timur/2024-11-03,153404.2760316531
Daging Sapi Murni/Nusa Tenggara Timur/2024-11-04,153375.67314761566
Daging Sapi Murni/Nusa Tenggara Timur/2024-11-05,153446.87181026267
Daging Sapi Murni/Nusa Tenggara Timur/2024-11-06,153404.55542336582
Daging Sapi Murni/Nusa Tenggara Timur/2024-11-07,153470.0437670919
Daging Sapi Murni/Nusa Tenggara Timur/2024-11-08,153336.061481685
Daging Sapi Murni/Nusa Tenggara Timur/2024-11-09,153402.71384264776
Daging Sapi Murni/Nusa Tenggara Timur/2024-11-10,153390.75738528377
Daging Sapi Murni/Nusa Tenggara Timur/2024-11-11,153381.08383019207
Daging Sapi Murni/Nusa Tenggara Timur/2024-11-12,153388.7953237925
Daging Sapi Murni/Nusa Tenggara Timur/2024-11-13,153352.11879903646
Daging Sapi Murni/Nusa Tenggara Timur/2024-11-14,153425.92763763503
Daging Sapi Murni/Nusa Tenggara Timur/2024-11-15,153349.69486020086
Daging Sapi Murni/Nusa Tenggara Timur/2024-11-16,153370.57939440836
Daging Sapi Murni/Nusa Tenggara Timur/2024-11-17,153410.45567327653
Daging Sapi Murni/Nusa Tenggara Timur/2024-11-18,153315.5962754388
Daging Sapi Murni/Nusa Tenggara Timur/2024-11-19,153373.66349178946
Daging Sapi Murni/Nusa Tenggara Timur/2024-11-20,153358.22562919484
Daging Sapi Murni/Nusa Tenggara Timur/2024-11-21,153372.37704750185
Daging Sapi Murni/Nusa Tenggara Timur/2024-11-22,153365.88619054065
Daging Sapi Murni/Nusa Tenggara Timur/2024-11-23,153408.77285115066
Daging Sapi Murni/Nusa Tenggara Timur/2024-11-24,153441.059049916
Daging Sapi Murni/Nusa Tenggara Timur/2024-11-25,153431.24200424264
Daging Sapi Murni/Nusa Tenggara Timur/2024-11-26,153383.67286645065
Daging Sapi Murni/Nusa Tenggara Timur/2024-11-27,153380.1716033515
Daging Sapi Murni/Nusa Tenggara Timur/2024-11-28,153366.04489664666
Daging Sapi Murni/Nusa Tenggara Timur/2024-11-29,153434.39465291708
Daging Sapi Murni/Nusa Tenggara Timur/2024-11-30,153392.8350698732
Daging Sapi Murni/Nusa Tenggara Timur/2024-12-01,153388.18252568037
Daging Sapi Murni/Nusa Tenggara Timur/2024-12-02,153343.41040528554
Daging Sapi Murni/Nusa Tenggara Timur/2024-12-03,153422.32740103075
Daging Sapi Murni/Nusa Tenggara Timur/2024-12-04,153367.41203221338
Daging Sapi Murni/Nusa Tenggara Timur/2024-12-05,153381.00098924807
Daging Sapi Murni/Nusa Tenggara Timur/2024-12-06,153402.4463937038
Daging Sapi Murni/Nusa Tenggara Timur/2024-12-07,153379.52852396536
Daging Sapi Murni/Nusa Tenggara Timur/2024-12-08,153403.36982022264
Daging Sapi Murni/Nusa Tenggara Timur/2024-12-09,153391.3390704616
Daging Sapi Murni/Nusa Tenggara Timur/2024-12-10,153392.49592303723
Daging Sapi Murni/Nusa Tenggara Timur/2024-12-11,153432.3231772455
Daging Sapi Murni/Nusa Tenggara Timur/2024-12-12,153392.80229111845
Daging Sapi Murni/Nusa Tenggara Timur/2024-12-13,153398.89793394008
Daging Sapi Murni/Nusa Tenggara Timur/2024-12-14,153364.76501172013
Daging Sapi Murni/Nusa Tenggara Timur/2024-12-15,153419.8327567166
Daging Sapi Murni/Nusa Tenggara Timur/2024-12-16,153467.15519161217
Daging Sapi Murni/Nusa Tenggara Timur/2024-12-17,153395.72852173337
Daging Sapi Murni/Nusa Tenggara Timur/2024-12-18,153374.1329525557
Daging Sapi Murni/Nusa Tenggara Timur/2024-12-19,153361.2387994905
Daging Sapi Murni/Nusa Tenggara Timur/2024-12-20,153417.80860378666
Daging Sapi Murni/Nusa Tenggara Timur/2024-12-21,153417.05308521798
Daging Sapi Murni/Nusa Tenggara Timur/2024-12-22,153343.31288433203
Daging Sapi Murni/Nusa Tenggara Timur/2024-12-23,153382.79476292338
Daging Sapi Murni/Nusa Tenggara Timur/2024-12-24,153339.0334092757
Daging Sapi Murni/Nusa Tenggara Timur/2024-12-25,153406.64702402105
Daging Sapi Murni/Nusa Tenggara Timur/2024-12-26,153393.94268404215
Daging Sapi Murni/Nusa Tenggara Timur/2024-12-27,153355.82263422853
Daging Sapi Murni/Nusa Tenggara Timur/2024-12-28,153341.39287035778
Daging Sapi Murni/Nusa Tenggara Timur/2024-12-29,153432.85516223995
Daging Sapi Murni/Nusa Tenggara Timur/2024-12-30,153397.7108081188
Daging Sapi Murni/Nusa Tenggara Timur/2024-12-31,153451.19296169697
Daging Sapi Murni/Papua Barat/2024-10-01,153372.1538713253
Daging Sapi Murni/Papua Barat/2024-10-02,153425.88177798278
Daging Sapi Murni/Papua Barat/2024-10-03,153402.69952563
Daging Sapi Murni/Papua Barat/2024-10-04,153345.14704443017
Daging Sapi Murni/Papua Barat/2024-10-05,153397.82593817983
Daging Sapi Murni/Papua Barat/2024-10-06,153349.4392955536
Daging Sapi Murni/Papua Barat/2024-10-07,153401.89288545726
Daging Sapi Murni/Papua Barat/2024-10-08,153393.23032695096
Daging Sapi Murni/Papua Barat/2024-10-09,153461.0290811038
Daging Sapi Murni/Papua Barat/2024-10-10,153370.30790764382
Daging Sapi Murni/Papua Barat/2024-10-11,153375.6437066148
Daging Sapi Murni/Papua Barat/2024-10-12,153414.84315070862
Daging Sapi Murni/Papua Barat/2024-10-13,153430.44523598516
Daging Sapi Murni/Papua Barat/2024-10-14,153354.81900852785
Daging Sapi Murni/Papua Barat/2024-10-15,153378.38431972513
Daging Sapi Murni/Papua Barat/2024-10-16,153342.97164539123
Daging Sapi Murni/Papua Barat/2024-10-17,153449.4769843162
Daging Sapi Murni/Papua Barat/2024-10-18,153372.00050094243
Daging Sapi Murni/Papua Barat/2024-10-19,153398.22114914408
Daging Sapi Murni/Papua Barat/2024-10-20,153401.62294045955
Daging Sapi Murni/Papua Barat/2024-10-21,153476.34261377185
Daging Sapi Murni/Papua Barat/2024-10-22,153419.16707791277
Daging Sapi Murni/Papua Barat/2024-10-23,153430.25871283445
Daging Sapi Murni/Papua Barat/2024-10-24,153373.83932066258
Daging Sapi Murni/Papua Barat/2024-10-25,153351.27989685006
Daging Sapi Murni/Papua Barat/2024-10-26,153345.74741222148
Daging Sapi Murni/Papua Barat/2024-10-27,153380.6387120024
Daging Sapi Murni/Papua Barat/2024-10-28,153350.5136298171
Daging Sapi Murni/Papua Barat/2024-10-29,153374.08026930364
Daging Sapi Murni/Papua Barat/2024-10-30,153343.2699617937
Daging Sapi Murni/Papua Barat/2024-10-31,153373.44933690407
Daging Sapi Murni/Papua Barat/2024-11-01,153423.85294800953
Daging Sapi Murni/Papua Barat/2024-11-02,153424.20619939742
Daging Sapi Murni/Papua Barat/2024-11-03,153422.68343812914
Daging Sapi Murni/Papua Barat/2024-11-04,153403.65577260454
Daging Sapi Murni/Papua Barat/2024-11-05,153405.56542773053
Daging Sapi Murni/Papua Barat/2024-11-06,153351.34329862383
Daging Sapi Murni/Papua Barat/2024-11-07,153384.33840688498
Daging Sapi Murni/Papua Barat/2024-11-08,153326.22032643895
Daging Sapi Murni/Papua Barat/2024-11-09,153405.59407282277
Daging Sapi Murni/Papua Barat/2024-11-10,153329.4004434387
Daging Sapi Murni/Papua Barat/2024-11-11,153383.289631237
Daging Sapi Murni/Papua Barat/2024-11-12,153432.47350784388
Daging Sapi Murni/Papua Barat/2024-11-13,153436.70112270358
Daging Sapi Murni/Papua Barat/2024-11-14,153409.42520730634
Daging Sapi Murni/Papua Barat/2024-11-15,153340.5436915088
Daging Sapi Murni/Papua Barat/2024-11-16,153440.3363817107
Daging Sapi Murni/Papua Barat/2024-11-17,153404.42604661614
Daging Sapi Murni/Papua Barat/2024-11-18,153406.57271355923
Daging Sapi Murni/Papua Barat/2024-11-19,153399.53609124923
Daging Sapi Murni/Papua Barat/2024-11-20,153391.0744575555
Daging Sapi Murni/Papua Barat/2024-11-21,153360.81600266477
Daging Sapi Murni/Papua Barat/2024-11-22,153413.73879035297
Daging Sapi Murni/Papua Barat/2024-11-23,153386.9387586374
Daging Sapi Murni/Papua Barat/2024-11-24,153398.9405201321
Daging Sapi Murni/Papua Barat/2024-11-25,153426.045523777
Daging Sapi Murni/Papua Barat/2024-11-26,153428.36789574625
Daging Sapi Murni/Papua Barat/2024-11-27,153354.62917603875
Daging Sapi Murni/Papua Barat/2024-11-28,153388.08932321632
Daging Sapi Murni/Papua Barat/2024-11-29,153330.05074525144
Daging Sapi Murni/Papua Barat/2024-11-30,153359.448149801
Daging Sapi Murni/Papua Barat/2024-12-01,153420.87560723882
Daging Sapi Murni/Papua Barat/2024-12-02,153414.79750659625
Daging Sapi Murni/Papua Barat/2024-12-03,153386.0904722942
Daging Sapi Murni/Papua Barat/2024-12-04,153380.28004688927
Daging Sapi Murni/Papua Barat/2024-12-05,153367.3434103017
Daging Sapi Murni/Papua Barat/2024-12-06,153358.77580808997
Daging Sapi Murni/Papua Barat/2024-12-07,153405.2936046196
Daging Sapi Murni/Papua Barat/2024-12-08,153437.50415935466
Daging Sapi Murni/Papua Barat/2024-12-09,153379.24922535737
Daging Sapi Murni/Papua Barat/2024-12-10,153376.1153326969
Daging Sapi Murni/Papua Barat/2024-12-11,153390.7498970802
Daging Sapi Murni/Papua Barat/2024-12-12,153384.9214732544
Daging Sapi Murni/Papua Barat/2024-12-13,153406.1019063293
Daging Sapi Murni/Papua Barat/2024-12-14,153364.5869499578
Daging Sapi Murni/Papua Barat/2024-12-15,153419.8895463998
Daging Sapi Murni/Papua Barat/2024-12-16,153391.77559813295
Daging Sapi Murni/Papua Barat/2024-12-17,153392.47749158618
Daging Sapi Murni/Papua Barat/2024-12-18,153420.31406509472
Daging Sapi Murni/Papua Barat/2024-12-19,153425.5436071276
Daging Sapi Murni/Papua Barat/2024-12-20,153419.77976137833
Daging Sapi Murni/Papua Barat/2024-12-21,153397.52156986608
Daging Sapi Murni/Papua Barat/2024-12-22,153390.0418235666
Daging Sapi Murni/Papua Barat/2024-12-23,153373.615805472
Daging Sapi Murni/Papua Barat/2024-12-24,153345.14427612536
Daging Sapi Murni/Papua Barat/2024-12-25,153372.99164698838
Daging Sapi Murni/Papua Barat/2024-12-26,153436.34382966923
Daging Sapi Murni/Papua Barat/2024-12-27,153337.60579267272
Daging Sapi Murni/Papua Barat/2024-12-28,153368.3053281146
Daging Sapi Murni/Papua Barat/2024-12-29,153357.05754781328
Daging Sapi Murni/Papua Barat/2024-12-30,153362.29278950897
Daging Sapi Murni/Papua Barat/2024-12-31,153427.46816628677
Daging Sapi Murni/Papua/2024-10-01,153412.50500687183
Daging Sapi Murni/Papua/2024-10-02,153388.42814425385
Daging Sapi Murni/Papua/2024-10-03,153366.85191828673
Daging Sapi Murni/Papua/2024-10-04,153400.7417296608
Daging Sapi Murni/Papua/2024-10-05,153362.6069221055
Daging Sapi Murni/Papua/2024-10-06,153405.2272919258
Daging Sapi Murni/Papua/2024-10-07,153357.60140626747
Daging Sapi Murni/Papua/2024-10-08,153443.04575779603
Daging Sapi Murni/Papua/2024-10-09,153447.2471958899
Daging Sapi Murni/Papua/2024-10-10,153465.87267551266
Daging Sapi Murni/Papua/2024-10-11,153364.4062197565
Daging Sapi Murni/Papua/2024-10-12,153355.1385998091
Daging Sapi Murni/Papua/2024-10-13,153392.15206074758
Daging Sapi Murni/Papua/2024-10-14,153401.38243262697
Daging Sapi Murni/Papua/2024-10-15,153440.77895075345
Daging Sapi Murni/Papua/2024-10-16,153463.45790219874
Daging Sapi Murni/Papua/2024-10-17,153411.67338621407
Daging Sapi Murni/Papua/2024-10-18,153452.619096983
Daging Sapi Murni/Papua/2024-10-19,153403.6761983572
Daging Sapi Murni/Papua/2024-10-20,153346.12933162737
Daging Sapi Murni/Papua/2024-10-21,153377.69430607246
Daging Sapi Murni/Papua/2024-10-22,153433.22894289563
Daging Sapi Murni/Papua/2024-10-23,153431.76900699062
Daging Sapi Murni/Papua/2024-10-24,153387.20526121283
Daging Sapi Murni/Papua/2024-10-25,153461.36807929465
Daging Sapi Murni/Papua/2024-10-26,153412.70299025055
Daging Sapi Murni/Papua/2024-10-27,153372.09509256438
Daging Sapi Murni/Papua/2024-10-28,153450.09661254875
Daging Sapi Murni/Papua/2024-10-29,153344.35487467478
Daging Sapi Murni/Papua/2024-10-30,153362.23999013248
Daging Sapi Murni/Papua/2024-10-31,153405.40169769412
Daging Sapi Murni/Papua/2024-11-01,153376.61015751545
Daging Sapi Murni/Papua/2024-11-02,153442.57119692685
Daging Sapi Murni/Papua/2024-11-03,153427.2432310274
Daging Sapi Murni/Papua/2024-11-04,153381.38498443284
Daging Sapi Murni/Papua/2024-11-05,153355.95040597554
Daging Sapi Murni/Papua/2024-11-06,153389.0570515451
Daging Sapi Murni/Papua/2024-11-07,153441.61792093446
Daging Sapi Murni/Papua/2024-11-08,153398.3556765476
Daging Sapi Murni/Papua/2024-11-09,153385.3508248901
Daging Sapi Murni/Papua/2024-11-10,153387.17748317792
Daging Sapi Murni/Papua/2024-11-11,153382.97656453
Daging Sapi Murni/Papua/2024-11-12,153396.7683284095
Daging Sapi Murni/Papua/2024-11-13,153390.94766916902
Daging Sapi Murni/Papua/2024-11-14,153389.11976053333
Daging Sapi Murni/Papua/2024-11-15,153415.59166040047
Daging Sapi Murni/Papua/2024-11-16,153398.669493011
Daging Sapi Murni/Papua/2024-11-17,153398.6279390332
Daging Sapi Murni/Papua/2024-11-18,153375.75404837233
Daging Sapi Murni/Papua/2024-11-19,153404.8393259012
Daging Sapi Murni/Papua/2024-11-20,153384.32977027117
Daging Sapi Murni/Papua/2024-11-21,153411.1239145492
Daging Sapi Murni/Papua/2024-11-22,153363.88398930297
Daging Sapi Murni/Papua/2024-11-23,153427.68172254754
Daging Sapi Murni/Papua/2024-11-24,153392.92723870353
Daging Sapi Murni/Papua/2024-11-25,153310.5759867288
Daging Sapi Murni/Papua/2024-11-26,153384.2700198941
Daging Sapi Murni/Papua/2024-11-27,153342.19713912084
Daging Sapi Murni/Papua/2024-11-28,153388.28612528904
Daging Sapi Murni/Papua/2024-11-29,153365.8868158604
Daging Sapi Murni/Papua/2024-11-30,153421.4317865207
Daging Sapi Murni/Papua/2024-12-01,153358.39854757764
Daging Sapi Murni/Papua/2024-12-02,153348.15045554782
Daging Sapi Murni/Papua/2024-12-03,153379.01371454768
Daging Sapi Murni/Papua/2024-12-04,153383.13733974987
Daging Sapi Murni/Papua/2024-12-05,153372.6417807882
Daging Sapi Murni/Papua/2024-12-06,153342.41380548358
Daging Sapi Murni/Papua/2024-12-07,153404.75820438788
Daging Sapi Murni/Papua/2024-12-08,153445.52012412186
Daging Sapi Murni/Papua/2024-12-09,153370.02372659638
Daging Sapi Murni/Papua/2024-12-10,153411.0330104855
Daging Sapi Murni/Papua/2024-12-11,153369.52740287394
Daging Sapi Murni/Papua/2024-12-12,153443.9520680575
Daging Sapi Murni/Papua/2024-12-13,153435.62653187558
Daging Sapi Murni/Papua/2024-12-14,153350.64777796628
Daging Sapi Murni/Papua/2024-12-15,153291.2400183552
Daging Sapi Murni/Papua/2024-12-16,153415.4588599269
Daging Sapi Murni/Papua/2024-12-17,153451.88809355456
Daging Sapi Murni/Papua/2024-12-18,153432.9616497321
Daging Sapi Murni/Papua/2024-12-19,153355.51098671593
Daging Sapi Murni/Papua/2024-12-20,153399.77547978418
Daging Sapi Murni/Papua/2024-12-21,153385.85078232625
Daging Sapi Murni/Papua/2024-12-22,153433.93240191854
Daging Sapi Murni/Papua/2024-12-23,153363.7585119411
Daging Sapi Murni/Papua/2024-12-24,153393.81481622334
Daging Sapi Murni/Papua/2024-12-25,153376.83663101803
Daging Sapi Murni/Papua/2024-12-26,153355.1946497015
Daging Sapi Murni/Papua/2024-12-27,153337.45458268197
Daging Sapi Murni/Papua/2024-12-28,153373.03931750974
Daging Sapi Murni/Papua/2024-12-29,153397.55188575134
Daging Sapi Murni/Papua/2024-12-30,153337.05475536932
Daging Sapi Murni/Papua/2024-12-31,153412.61748454277
Daging Sapi Murni/Riau/2024-10-01,153362.18953415938
Daging Sapi Murni/Riau/2024-10-02,153337.47025181522
Daging Sapi Murni/Riau/2024-10-03,153386.72761442602
Daging Sapi Murni/Riau/2024-10-04,153381.73620200914
Daging Sapi Murni/Riau/2024-10-05,153422.18131065817
Daging Sapi Murni/Riau/2024-10-06,153414.0396479016
Daging Sapi Murni/Riau/2024-10-07,153366.42718399217
Daging Sapi Murni/Riau/2024-10-08,153453.791858656
Daging Sapi Murni/Riau/2024-10-09,153365.22780372828
Daging Sapi Murni/Riau/2024-10-10,153397.63018277354
Daging Sapi Murni/Riau/2024-10-11,153355.66591408395
Daging Sapi Murni/Riau/2024-10-12,153420.20948474694
Daging Sapi Murni/Riau/2024-10-13,153365.59605942984
Daging Sapi Murni/Riau/2024-10-14,153428.44791983356
Daging Sapi Murni/Riau/2024-10-15,153403.9635998148
Daging Sapi Murni/Riau/2024-10-16,153397.8492320875
Daging Sapi Murni/Riau/2024-10-17,153395.174517953
Daging Sapi Murni/Riau/2024-10-18,153384.8398129205
Daging Sapi Murni/Riau/2024-10-19,153404.73976054735
Daging Sapi Murni/Riau/2024-10-20,153346.16284793083
Daging Sapi Murni/Riau/2024-10-21,153415.1095889836
Daging Sapi Murni/Riau/2024-10-22,153414.02335394447
Daging Sapi Murni/Riau/2024-10-23,153397.6394149281
Daging Sapi Murni/Riau/2024-10-24,153440.13197666776
Daging Sapi Murni/Riau/2024-10-25,153415.23360295614
Daging Sapi Murni/Riau/2024-10-26,153365.82713876344
Daging Sapi Murni/Riau/2024-10-27,153397.14628675344
Daging Sapi Murni/Riau/2024-10-28,153429.0491658141
Daging Sapi Murni/Riau/2024-10-29,153390.45820882748
Daging Sapi Murni/Riau/2024-10-30,153422.6583298284
Daging Sapi Murni/Riau/2024-10-31,153431.659416241
Daging Sapi Murni/Riau/2024-11-01,153409.2399582061
Daging Sapi Murni/Riau/2024-11-02,153412.06310155956
Daging Sapi Murni/Riau/2024-11-03,153389.89330489014
Daging Sapi Murni/Riau/2024-11-04,153423.1472896642
Daging Sapi Murni/Riau/2024-11-05,153308.3513624811
Daging Sapi Murni/Riau/2024-11-06,153375.1396308436
Daging Sapi Murni/Riau/2024-11-07,153442.2792976855
Daging Sapi Murni/Riau/2024-11-08,153411.04651559258
Daging Sapi Murni/Riau/2024-11-09,153429.14926381616
Daging Sapi Murni/Riau/2024-11-10,153412.45510877753
Daging Sapi Murni/Riau/2024-11-11,153399.8611262391
Daging Sapi Murni/Riau/2024-11-12,153329.76612517887
Daging Sapi Murni/Riau/2024-11-13,153377.82688552866
Daging Sapi Murni/Riau/2024-11-14,153358.13117294954
Daging Sapi Murni/Riau/2024-11-15,153387.72705202544
Daging Sapi Murni/Riau/2024-11-16,153448.7931218899
Daging Sapi Murni/Riau/2024-11-17,153366.18026718174
Daging Sapi Murni/Riau/2024-11-18,153333.49901619897
Daging Sapi Murni/Riau/2024-11-19,153390.77954690723
Daging Sapi Murni/Riau/2024-11-20,153397.86771866048
Daging Sapi Murni/Riau/2024-11-21,153403.7094723741
Daging Sapi Murni/Riau/2024-11-22,153335.3184718814
Daging Sapi Murni/Riau/2024-11-23,153392.78860262866
Daging Sapi Murni/Riau/2024-11-24,153425.1328083798
Daging Sapi Murni/Riau/2024-11-25,153378.90538719177
Daging Sapi Murni/Riau/2024-11-26,153340.3041812552
Daging Sapi Murni/Riau/2024-11-27,153388.62292066438
Daging Sapi Murni/Riau/2024-11-28,153356.9404681348
Daging Sapi Murni/Riau/2024-11-29,153377.63672094626
Daging Sapi Murni/Riau/2024-11-30,153342.53741917826
Daging Sapi Murni/Riau/2024-12-01,153443.66707427875
Daging Sapi Murni/Riau/2024-12-02,153378.12662060276
Daging Sapi Murni/Riau/2024-12-03,153403.9883104946
Daging Sapi Murni/Riau/2024-12-04,153371.86506905884
Daging Sapi Murni/Riau/2024-12-05,153417.12704662152
Daging Sapi Murni/Riau/2024-12-06,153401.85846551388
Daging Sapi Murni/Riau/2024-12-07,153396.17979533353
Daging Sapi Murni/Riau/2024-12-08,153399.49509305638
Daging Sapi Murni/Riau/2024-12-09,153378.35962190767
Daging Sapi Murni/Riau/2024-12-10,153402.15697379108
Daging Sapi Murni/Riau/2024-12-11,153424.01822020576
Daging Sapi Murni/Riau/2024-12-12,153404.33355308566
Daging Sapi Murni/Riau/2024-12-13,153383.82088996316
Daging Sapi Murni/Riau/2024-12-14,153420.63865421765
Daging Sapi Murni/Riau/2024-12-15,153399.05229982428
Daging Sapi Murni/Riau/2024-12-16,153425.28553903874
Daging Sapi Murni/Riau/2024-12-17,153397.76979560737
Daging Sapi Murni/Riau/2024-12-18,153401.32356606232
Daging Sapi Murni/Riau/2024-12-19,153345.73413922408
Daging Sapi Murni/Riau/2024-12-20,153350.5037935537
Daging Sapi Murni/Riau/2024-12-21,153370.98564718856
Daging Sapi Murni/Riau/2024-12-22,153373.02351337348
Daging Sapi Murni/Riau/2024-12-23,153374.07697207853
Daging Sapi Murni/Riau/2024-12-24,153416.89949036442
Daging Sapi Murni/Riau/2024-12-25,153355.99879139618
Daging Sapi Murni/Riau/2024-12-26,153424.86467250675
Daging Sapi Murni/Riau/2024-12-27,153378.1156297045
Daging Sapi Murni/Riau/2024-12-28,153358.8825044752
Daging Sapi Murni/Riau/2024-12-29,153392.04121644236
Daging Sapi Murni/Riau/2024-12-30,153373.43052484636
Daging Sapi Murni/Riau/2024-12-31,153418.12476868072
Daging Sapi Murni/Sulawesi Barat/2024-10-01,153371.79734896738
Daging Sapi Murni/Sulawesi Barat/2024-10-02,153401.5263276333
Daging Sapi Murni/Sulawesi Barat/2024-10-03,153399.165504892
Daging Sapi Murni/Sulawesi Barat/2024-10-04,153399.7374975183
Daging Sapi Murni/Sulawesi Barat/2024-10-05,153473.15346271044
Daging Sapi Murni/Sulawesi Barat/2024-10-06,153374.82260117374
Daging Sapi Murni/Sulawesi Barat/2024-10-07,153378.57736779156
Daging Sapi Murni/Sulawesi Barat/2024-10-08,153398.5267957004
Daging Sapi Murni/Sulawesi Barat/2024-10-09,153412.89807349155
Daging Sapi Murni/Sulawesi Barat/2024-10-10,153418.18271369737
Daging Sapi Murni/Sulawesi Barat/2024-10-11,153311.90275496847
Daging Sapi Murni/Sulawesi Barat/2024-10-12,153443.1319144891
Daging Sapi Murni/Sulawesi Barat/2024-10-13,153352.85307699622
Daging Sapi Murni/Sulawesi Barat/2024-10-14,153340.4234354922
Daging Sapi Murni/Sulawesi Barat/2024-10-15,153364.577475646
Daging Sapi Murni/Sulawesi Barat/2024-10-16,153405.7358401522
Daging Sapi Murni/Sulawesi Barat/2024-10-17,153397.53645517028
Daging Sapi Murni/Sulawesi Barat/2024-10-18,153404.21654956162
Daging Sapi Murni/Sulawesi Barat/2024-10-19,153375.80703147387
Daging Sapi Murni/Sulawesi Barat/2024-10-20,153378.71695561046
Daging Sapi Murni/Sulawesi Barat/2024-10-21,153399.25081622272
Daging Sapi Murni/Sulawesi Barat/2024-10-22,153379.72246316736
Daging Sapi Murni/Sulawesi Barat/2024-10-23,153445.52811465593
Daging Sapi Murni/Sulawesi Barat/2024-10-24,153412.10183399278
Daging Sapi Murni/Sulawesi Barat/2024-10-25,153367.43843129333
Daging Sapi Murni/Sulawesi Barat/2024-10-26,153408.0119921673
Daging Sapi Murni/Sulawesi Barat/2024-10-27,153393.5488599913
Daging Sapi Murni/Sulawesi Barat/2024-10-28,153438.00260997875
Daging Sapi Murni/Sulawesi Barat/2024-10-29,153401.3828539509
Daging Sapi Murni/Sulawesi Barat/2024-10-30,153350.57470617877
Daging Sapi Murni/Sulawesi Barat/2024-10-31,153425.19744729518
Daging Sapi Murni/Sulawesi Barat/2024-11-01,153384.6282721274
Daging Sapi Murni/Sulawesi Barat/2024-11-02,153379.69715289862
Daging Sapi Murni/Sulawesi Barat/2024-11-03,153393.01286891114
Daging Sapi Murni/Sulawesi Barat/2024-11-04,153401.83727686122
Daging Sapi Murni/Sulawesi Barat/2024-11-05,153394.44656452155
Daging Sapi Murni/Sulawesi Barat/2024-11-06,153456.35383332183
Daging Sapi Murni/Sulawesi Barat/2024-11-07,153432.3450926584
Daging Sapi Murni/Sulawesi Barat/2024-11-08,153404.14489850248
Daging Sapi Murni/Sulawesi Barat/2024-11-09,153409.15228837298
Daging Sapi Murni/Sulawesi Barat/2024-11-10,153378.5205478038
Daging Sapi Murni/Sulawesi Barat/2024-11-11,153390.5462335406
Daging Sapi Murni/Sulawesi Barat/2024-11-12,153356.60266094242
Daging Sapi Murni/Sulawesi Barat/2024-11-13,153366.2229763246
Daging Sapi Murni/Sulawesi Barat/2024-11-14,153410.402271724
Daging Sapi Murni/Sulawesi Barat/2024-11-15,153378.57880432607
Daging Sapi Murni/Sulawesi Barat/2024-11-16,153389.0903820987
Daging Sapi Murni/Sulawesi Barat/2024-11-17,153392.713989362
Daging Sapi Murni/Sulawesi Barat/2024-11-18,153383.08293292177
Daging Sapi Murni/Sulawesi Barat/2024-11-19,153414.20733400807
Daging Sapi Murni/Sulawesi Barat/2024-11-20,153366.71332445083
Daging Sapi Murni/Sulawesi Barat/2024-11-21,153392.1191286352
Daging Sapi Murni/Sulawesi Barat/2024-11-22,153368.172257845
Daging Sapi Murni/Sulawesi Barat/2024-11-23,153385.02273788003
Daging Sapi Murni/Sulawesi Barat/2024-11-24,153377.21092305056
Daging Sapi Murni/Sulawesi Barat/2024-11-25,153381.75057242668
Daging Sapi Murni/Sulawesi Barat/2024-11-26,153358.1250907664
Daging Sapi Murni/Sulawesi Barat/2024-11-27,153416.56568561343
Daging Sapi Murni/Sulawesi Barat/2024-11-28,153375.6374600681
Daging Sapi Murni/Sulawesi Barat/2024-11-29,153383.16281330804
Daging Sapi Murni/Sulawesi Barat/2024-11-30,153380.8925603022
Daging Sapi Murni/Sulawesi Barat/2024-12-01,153380.185862305
Daging Sapi Murni/Sulawesi Barat/2024-12-02,153404.10780016892
Daging Sapi Murni/Sulawesi Barat/2024-12-03,153348.23219756637
Daging Sapi Murni/Sulawesi Barat/2024-12-04,153371.8577802917
Daging Sapi Murni/Sulawesi Barat/2024-12-05,153373.85220019298
Daging Sapi Murni/Sulawesi Barat/2024-12-06,153409.99601635028
Daging Sapi Murni/Sulawesi Barat/2024-12-07,153331.1139679246
Daging Sapi Murni/Sulawesi Barat/2024-12-08,153430.64239175792
Daging Sapi Murni/Sulawesi Barat/2024-12-09,153389.28203754095
Daging Sapi Murni/Sulawesi Barat/2024-12-10,153408.45976490792
Daging Sapi Murni/Sulawesi Barat/2024-12-11,153445.9829824156
Daging Sapi Murni/Sulawesi Barat/2024-12-12,153375.92332774954
Daging Sapi Murni/Sulawesi Barat/2024-12-13,153361.8269176382
Daging Sapi Murni/Sulawesi Barat/2024-12-14,153358.0455679618
Daging Sapi Murni/Sulawesi Barat/2024-12-15,153400.34966412955
Daging Sapi Murni/Sulawesi Barat/2024-12-16,153364.0545790009
Daging Sapi Murni/Sulawesi Barat/2024-12-17,153399.57456918564
Daging Sapi Murni/Sulawesi Barat/2024-12-18,153380.30077828988
Daging Sapi Murni/Sulawesi Barat/2024-12-19,153429.3215412902
Daging Sapi Murni/Sulawesi Barat/2024-12-20,153358.25822316733
Daging Sapi Murni/Sulawesi Barat/2024-12-21,153401.31599045754
Daging Sapi Murni/Sulawesi Barat/2024-12-22,153445.50305086636
Daging Sapi Murni/Sulawesi Barat/2024-12-23,153438.69339577624
Daging Sapi Murni/Sulawesi Barat/2024-12-24,153386.0128478522
Daging Sapi Murni/Sulawesi Barat/2024-12-25,153432.5745270062
Daging Sapi Murni/Sulawesi Barat/2024-12-26,153371.1039403457
Daging Sapi Murni/Sulawesi Barat/2024-12-27,153437.27711298474
Daging Sapi Murni/Sulawesi Barat/2024-12-28,153373.84342535064
Daging Sapi Murni/Sulawesi Barat/2024-12-29,153341.10641395088
Daging Sapi Murni/Sulawesi Barat/2024-12-30,153421.70003438456
Daging Sapi Murni/Sulawesi Barat/2024-12-31,153344.86365585405
Daging Sapi Murni/Sulawesi Selatan/2024-10-01,153387.38661485282
Daging Sapi Murni/Sulawesi Selatan/2024-10-02,153398.67480237433
Daging Sapi Murni/Sulawesi Selatan/2024-10-03,153426.80439573515
Daging Sapi Murni/Sulawesi Selatan/2024-10-04,153434.33436143922
Daging Sapi Murni/Sulawesi Selatan/2024-10-05,153390.9403080153
Daging Sapi Murni/Sulawesi Selatan/2024-10-06,153433.2583436241
Daging Sapi Murni/Sulawesi Selatan/2024-10-07,153421.03265786456
Daging Sapi Murni/Sulawesi Selatan/2024-10-08,153332.28434962954
Daging Sapi Murni/Sulawesi Selatan/2024-10-09,153354.8404553017
Daging Sapi Murni/Sulawesi Selatan/2024-10-10,153372.37871058896
Daging Sapi Murni/Sulawesi Selatan/2024-10-11,153392.81773862455
Daging Sapi Murni/Sulawesi Selatan/2024-10-12,153385.58686583242
Daging Sapi Murni/Sulawesi Selatan/2024-10-13,153384.1618487054
Daging Sapi Murni/Sulawesi Selatan/2024-10-14,153421.29716869167
Daging Sapi Murni/Sulawesi Selatan/2024-10-15,153402.92211754373
Daging Sapi Murni/Sulawesi Selatan/2024-10-16,153338.1540009398
Daging Sapi Murni/Sulawesi Selatan/2024-10-17,153344.21745194044
Daging Sapi Murni/Sulawesi Selatan/2024-10-18,153427.40377399605
Daging Sapi Murni/Sulawesi Selatan/2024-10-19,153427.08920754044
Daging Sapi Murni/Sulawesi Selatan/2024-10-20,153432.97312175215
Daging Sapi Murni/Sulawesi Selatan/2024-10-21,153373.65963119804
Daging Sapi Murni/Sulawesi Selatan/2024-10-22,153335.898647282
Daging Sapi Murni/Sulawesi Selatan/2024-10-23,153380.19578083532
Daging Sapi Murni/Sulawesi Selatan/2024-10-24,153430.67998246074
Daging Sapi Murni/Sulawesi Selatan/2024-10-25,153362.9346516529
Daging Sapi Murni/Sulawesi Selatan/2024-10-26,153437.21168758822
Daging Sapi Murni/Sulawesi Selatan/2024-10-27,153423.4949616553
Daging Sapi Murni/Sulawesi Selatan/2024-10-28,153361.57011342814
Daging Sapi Murni/Sulawesi Selatan/2024-10-29,153420.4742244803
Daging Sapi Murni/Sulawesi Selatan/2024-10-30,153427.04551370422
Daging Sapi Murni/Sulawesi Selatan/2024-10-31,153400.90555201675
Daging Sapi Murni/Sulawesi Selatan/2024-11-01,153388.0273183172
Daging Sapi Murni/Sulawesi Selatan/2024-11-02,153428.23624615316
Daging Sapi Murni/Sulawesi Selatan/2024-11-03,153419.03745507606
Daging Sapi Murni/Sulawesi Selatan/2024-11-04,153315.4728517202
Daging Sapi Murni/Sulawesi Selatan/2024-11-05,153363.7329578586
Daging Sapi Murni/Sulawesi Selatan/2024-11-06,153391.32091524737
Daging Sapi Murni/Sulawesi Selatan/2024-11-07,153447.73649102746
Daging Sapi Murni/Sulawesi Selatan/2024-11-08,153350.310345174
Daging Sapi Murni/Sulawesi Selatan/2024-11-09,153395.0557466157
Daging Sapi Murni/Sulawesi Selatan/2024-11-10,153369.0548477933
Daging Sapi Murni/Sulawesi Selatan/2024-11-11,153399.46649539363
Daging Sapi Murni/Sulawesi Selatan/2024-11-12,153398.7386694693
Daging Sapi Murni/Sulawesi Selatan/2024-11-13,153400.304002329
Daging Sapi Murni/Sulawesi Selatan/2024-11-14,153426.21645265166
Daging Sapi Murni/Sulawesi Selatan/2024-11-15,153363.46933346143
Daging Sapi Murni/Sulawesi Selatan/2024-11-16,153322.3012487627
Daging Sapi Murni/Sulawesi Selatan/2024-11-17,153428.2547082466
Daging Sapi Murni/Sulawesi Selatan/2024-11-18,153402.0941325984
Daging Sapi Murni/Sulawesi Selatan/2024-11-19,153348.97485739476
Daging Sapi Murni/Sulawesi Selatan/2024-11-20,153404.03396736435
Daging Sapi Murni/Sulawesi Selatan/2024-11-21,153382.64454436436
Daging Sapi Murni/Sulawesi Selatan/2024-11-22,153368.72793433827
Daging Sapi Murni/Sulawesi Selatan/2024-11-23,153386.18940990497
Daging Sapi Murni/Sulawesi Selatan/2024-11-24,153423.78865686452
Daging Sapi Murni/Sulawesi Selatan/2024-11-25,153414.67356819994
Daging Sapi Murni/Sulawesi Selatan/2024-11-26,153363.0123614048
Daging Sapi Murni/Sulawesi Selatan/2024-11-27,153409.15501158437
Daging Sapi Murni/Sulawesi Selatan/2024-11-28,153366.97560362588
Daging Sapi Murni/Sulawesi Selatan/2024-11-29,153370.74118171455
Daging Sapi Murni/Sulawesi Selatan/2024-11-30,153387.8518183703
Daging Sapi Murni/Sulawesi Selatan/2024-12-01,153393.73606167914
Daging Sapi Murni/Sulawesi Selatan/2024-12-02,153391.64719344463
Daging Sapi Murni/Sulawesi Selatan/2024-12-03,153358.03164413586
Daging Sapi Murni/Sulawesi Selatan/2024-12-04,153346.9379746598
Daging Sapi Murni/Sulawesi Selatan/2024-12-05,153418.82981389915
Daging Sapi Murni/Sulawesi Selatan/2024-12-06,153393.0175963007
Daging Sapi Murni/Sulawesi Selatan/2024-12-07,153348.62020155654
Daging Sapi Murni/Sulawesi Selatan/2024-12-08,153336.50671891065
Daging Sapi Murni/Sulawesi Selatan/2024-12-09,153387.3735474002
Daging Sapi Murni/Sulawesi Selatan/2024-12-10,153398.78435847815
Daging Sapi Murni/Sulawesi Selatan/2024-12-11,153441.5304911012
Daging Sapi Murni/Sulawesi Selatan/2024-12-12,153358.4422855821
Daging Sapi Murni/Sulawesi Selatan/2024-12-13,153374.81374947808
Daging Sapi Murni/Sulawesi Selatan/2024-12-14,153398.99459376835
Daging Sapi Murni/Sulawesi Selatan/2024-12-15,153327.16212844933
Daging Sapi Murni/Sulawesi Selatan/2024-12-16,153363.54615353092
Daging Sapi Murni/Sulawesi Selatan/2024-12-17,153399.91495593757
Daging Sapi Murni/Sulawesi Selatan/2024-12-18,153400.00899791752
Daging Sapi Murni/Sulawesi Selatan/2024-12-19,153460.9510468258
Daging Sapi Murni/Sulawesi Selatan/2024-12-20,153359.43765193442
Daging Sapi Murni/Sulawesi Selatan/2024-12-21,153381.10773265068
Daging Sapi Murni/Sulawesi Selatan/2024-12-22,153426.6372360154
Daging Sapi Murni/Sulawesi Selatan/2024-12-23,153323.99018448946
Daging Sapi Murni/Sulawesi Selatan/2024-12-24,153377.41879785105
Daging Sapi Murni/Sulawesi Selatan/2024-12-25,153365.06879555166
Daging Sapi Murni/Sulawesi Selatan/2024-12-26,153395.89108565208
Daging Sapi Murni/Sulawesi Selatan/2024-12-27,153422.06444164924
Daging Sapi Murni/Sulawesi Selatan/2024-12-28,153425.6792106936
Daging Sapi Murni/Sulawesi Selatan/2024-12-29,153366.7323867936
Daging Sapi Murni/Sulawesi Selatan/2024-12-30,153427.55841590374
Daging Sapi Murni/Sulawesi Selatan/2024-12-31,153415.95864350433
Daging Sapi Murni/Sulawesi Tengah/2024-10-01,153399.13107070795
Daging Sapi Murni/Sulawesi Tengah/2024-10-02,153428.51014828653
Daging Sapi Murni/Sulawesi Tengah/2024-10-03,153431.2435908451
Daging Sapi Murni/Sulawesi Tengah/2024-10-04,153407.78006602253
Daging Sapi Murni/Sulawesi Tengah/2024-10-05,153419.01215682953
Daging Sapi Murni/Sulawesi Tengah/2024-10-06,153400.1077965603
Daging Sapi Murni/Sulawesi Tengah/2024-10-07,153448.20820611468
Daging Sapi Murni/Sulawesi Tengah/2024-10-08,153370.75520299125
Daging Sapi Murni/Sulawesi Tengah/2024-10-09,153376.87996088606
Daging Sapi Murni/Sulawesi Tengah/2024-10-10,153334.7578407717
Daging Sapi Murni/Sulawesi Tengah/2024-10-11,153349.9272008507
Daging Sapi Murni/Sulawesi Tengah/2024-10-12,153340.56182107984
Daging Sapi Murni/Sulawesi Tengah/2024-10-13,153384.3835809551
Daging Sapi Murni/Sulawesi Tengah/2024-10-14,153437.4455334297
Daging Sapi Murni/Sulawesi Tengah/2024-10-15,153368.76480520642
Daging Sapi Murni/Sulawesi Tengah/2024-10-16,153396.43994730143
Daging Sapi Murni/Sulawesi Tengah/2024-10-17,153448.90530833893
Daging Sapi Murni/Sulawesi Tengah/2024-10-18,153369.45922147273
Daging Sapi Murni/Sulawesi Tengah/2024-10-19,153369.23535209274
Daging Sapi Murni/Sulawesi Tengah/2024-10-20,153390.15200161492
Daging Sapi Murni/Sulawesi Tengah/2024-10-21,153460.3583338956
Daging Sapi Murni/Sulawesi Tengah/2024-10-22,153375.99362007357
Daging Sapi Murni/Sulawesi Tengah/2024-10-23,153402.90736317582
Daging Sapi Murni/Sulawesi Tengah/2024-10-24,153416.2710086678
Daging Sapi Murni/Sulawesi Tengah/2024-10-25,153342.5075501483
Daging Sapi Murni/Sulawesi Tengah/2024-10-26,153400.2300280111
Daging Sapi Murni/Sulawesi Tengah/2024-10-27,153399.3306390797
Daging Sapi Murni/Sulawesi Tengah/2024-10-28,153412.84571201616
Daging Sapi Murni/Sulawesi Tengah/2024-10-29,153377.4925981385
Daging Sapi Murni/Sulawesi Tengah/2024-10-30,153438.4235619226
Daging Sapi Murni/Sulawesi Tengah/2024-10-31,153336.5011889456
Daging Sapi Murni/Sulawesi Tengah/2024-11-01,153367.175638709
Daging Sapi Murni/Sulawesi Tengah/2024-11-02,153349.64633051783
Daging Sapi Murni/Sulawesi Tengah/2024-11-03,153442.79948016515
Daging Sapi Murni/Sulawesi Tengah/2024-11-04,153362.15039458036
Daging Sapi Murni/Sulawesi Tengah/2024-11-05,153357.0762679502
Daging Sapi Murni/Sulawesi Tengah/2024-11-06,153426.27745365238
Daging Sapi Murni/Sulawesi Tengah/2024-11-07,153417.2174026193
Daging Sapi Murni/Sulawesi Tengah/2024-11-08,153417.2780924562
Daging Sapi Murni/Sulawesi Tengah/2024-11-09,153447.92813550876
Daging Sapi Murni/Sulawesi Tengah/2024-11-10,153424.60057018677
Daging Sapi Murni/Sulawesi Tengah/2024-11-11,153387.82018454318
Daging Sapi Murni/Sulawesi Tengah/2024-11-12,153427.19163674788
Daging Sapi Murni/Sulawesi Tengah/2024-11-13,153385.3360870492
Daging Sapi Murni/Sulawesi Tengah/2024-11-14,153380.99798272792
Daging Sapi Murni/Sulawesi Tengah/2024-11-15,153379.29743515054
Daging Sapi Murni/Sulawesi Tengah/2024-11-16,153402.90035083782
Daging Sapi Murni/Sulawesi Tengah/2024-11-17,153394.455373893
Daging Sapi Murni/Sulawesi Tengah/2024-11-18,153362.52994748764
Daging Sapi Murni/Sulawesi Tengah/2024-11-19,153346.9617012732
Daging Sapi Murni/Sulawesi Tengah/2024-11-20,153407.56036286845
Daging Sapi Murni/Sulawesi Tengah/2024-11-21,153447.67488451023
Daging Sapi Murni/Sulawesi Tengah/2024-11-22,153394.36272383842
Daging Sapi Murni/Sulawesi Tengah/2024-11-23,153455.039269879
Daging Sapi Murni/Sulawesi Tengah/2024-11-24,153382.43546251577
Daging Sapi Murni/Sulawesi Tengah/2024-11-25,153413.87349851825
Daging Sapi Murni/Sulawesi Tengah/2024-11-26,153426.8833345213
Daging Sapi Murni/Sulawesi Tengah/2024-11-27,153339.13884806845
Daging Sapi Murni/Sulawesi Tengah/2024-11-28,153394.55316678938
Daging Sapi Murni/Sulawesi Tengah/2024-11-29,153369.86656058088
Daging Sapi Murni/Sulawesi Tengah/2024-11-30,153395.0204953518
Daging Sapi Murni/Sulawesi Tengah/2024-12-01,153392.4535197873
Daging Sapi Murni/Sulawesi Tengah/2024-12-02,153385.83909949902
Daging Sapi Murni/Sulawesi Tengah/2024-12-03,153427.52127747424
Daging Sapi Murni/Sulawesi Tengah/2024-12-04,153457.70516934752
Daging Sapi Murni/Sulawesi Tengah/2024-12-05,153382.21439282803
Daging Sapi Murni/Sulawesi Tengah/2024-12-06,153393.84961029052
Daging Sapi Murni/Sulawesi Tengah/2024-12-07,153434.58580421694
Daging Sapi Murni/Sulawesi Tengah/2024-12-08,153380.8518880008
Daging Sapi Murni/Sulawesi Tengah/2024-12-09,153400.0237276377
Daging Sapi Murni/Sulawesi Tengah/2024-12-10,153372.4228361088
Daging Sapi Murni/Sulawesi Tengah/2024-12-11,153393.65709787776
Daging Sapi Murni/Sulawesi Tengah/2024-12-12,153399.25567102304
Daging Sapi Murni/Sulawesi Tengah/2024-12-13,153414.20235611947
Daging Sapi Murni/Sulawesi Tengah/2024-12-14,153357.03451356193
Daging Sapi Murni/Sulawesi Tengah/2024-12-15,153388.7089705519
Daging Sapi Murni/Sulawesi Tengah/2024-12-16,153425.16742311802
Daging Sapi Murni/Sulawesi Tengah/2024-12-17,153420.42061860816
Daging Sapi Murni/Sulawesi Tengah/2024-12-18,153373.30195822156
Daging Sapi Murni/Sulawesi Tengah/2024-12-19,153382.96127405908
Daging Sapi Murni/Sulawesi Tengah/2024-12-20,153368.3265296054
Daging Sapi Murni/Sulawesi Tengah/2024-12-21,153421.37461242574
Daging Sapi Murni/Sulawesi Tengah/2024-12-22,153374.71549215718
Daging Sapi Murni/Sulawesi Tengah/2024-12-23,153399.09072019474
Daging Sapi Murni/Sulawesi Tengah/2024-12-24,153343.1238282577
Daging Sapi Murni/Sulawesi Tengah/2024-12-25,153402.73410982068
Daging Sapi Murni/Sulawesi Tengah/2024-12-26,153435.7643557244
Daging Sapi Murni/Sulawesi Tengah/2024-12-27,153388.69061237547
Daging Sapi Murni/Sulawesi Tengah/2024-12-28,153431.67493570384
Daging Sapi Murni/Sulawesi Tengah/2024-12-29,153342.39199441762
Daging Sapi Murni/Sulawesi Tengah/2024-12-30,153387.865374697
Daging Sapi Murni/Sulawesi Tengah/2024-12-31,153342.25851582523
Daging Sapi Murni/Sulawesi Tenggara/2024-10-01,153391.18150276833
Daging Sapi Murni/Sulawesi Tenggara/2024-10-02,153392.4151743269
Daging Sapi Murni/Sulawesi Tenggara/2024-10-03,153387.11566400348
Daging Sapi Murni/Sulawesi Tenggara/2024-10-04,153409.37457133847
Daging Sapi Murni/Sulawesi Tenggara/2024-10-05,153416.0369813663
Daging Sapi Murni/Sulawesi Tenggara/2024-10-06,153430.4257025013
Daging Sapi Murni/Sulawesi Tenggara/2024-10-07,153399.9660123912
Daging Sapi Murni/Sulawesi Tenggara/2024-10-08,153400.01078359794
Daging Sapi Murni/Sulawesi Tenggara/2024-10-09,153399.46297916785
Daging Sapi Murni/Sulawesi Tenggara/2024-10-10,153397.07152747267
Daging Sapi Murni/Sulawesi Tenggara/2024-10-11,153365.43766763594
Daging Sapi Murni/Sulawesi Tenggara/2024-10-12,153375.3905782772
Daging Sapi Murni/Sulawesi Tenggara/2024-10-13,153425.3587083387
Daging Sapi Murni/Sulawesi Tenggara/2024-10-14,153378.88384930204
Daging Sapi Murni/Sulawesi Tenggara/2024-10-15,153429.12380664432
Daging Sapi Murni/Sulawesi Tenggara/2024-10-16,153378.34246057807
Daging Sapi Murni/Sulawesi Tenggara/2024-10-17,153405.31356900203
Daging Sapi Murni/Sulawesi Tenggara/2024-10-18,153320.98263874676
Daging Sapi Murni/Sulawesi Tenggara/2024-10-19,153381.04883227104
Daging Sapi Murni/Sulawesi Tenggara/2024-10-20,153425.04114964834
Daging Sapi Murni/Sulawesi Tenggara/2024-10-21,153364.19664990564
Daging Sapi Murni/Sulawesi Tenggara/2024-10-22,153387.55530279732
Daging Sapi Murni/Sulawesi Tenggara/2024-10-23,153370.93923573065
Daging Sapi Murni/Sulawesi Tenggara/2024-10-24,153436.80143960685
Daging Sapi Murni/Sulawesi Tenggara/2024-10-25,153411.52846239635
Daging Sapi Murni/Sulawesi Tenggara/2024-10-26,153360.21735479668
Daging Sapi Murni/Sulawesi Tenggara/2024-10-27,153397.24791839306
Daging Sapi Murni/Sulawesi Tenggara/2024-10-28,153454.38424469976
Daging Sapi Murni/Sulawesi Tenggara/2024-10-29,153404.00906499766
Daging Sapi Murni/Sulawesi Tenggara/2024-10-30,153419.4758225625
Daging Sapi Murni/Sulawesi Tenggara/2024-10-31,153393.55925235746
Daging Sapi Murni/Sulawesi Tenggara/2024-11-01,153347.33145499593
Daging Sapi Murni/Sulawesi Tenggara/2024-11-02,153417.07602372245
Daging Sapi Murni/Sulawesi Tenggara/2024-11-03,153353.73608363082
Daging Sapi Murni/Sulawesi Tenggara/2024-11-04,153403.42643544858
Daging Sapi Murni/Sulawesi Tenggara/2024-11-05,153450.74433082333
Daging Sapi Murni/Sulawesi Tenggara/2024-11-06,153363.31185587446
Daging Sapi Murni/Sulawesi Tenggara/2024-11-07,153387.8489488825
Daging Sapi Murni/Sulawesi Tenggara/2024-11-08,153428.67184639894
Daging Sapi Murni/Sulawesi Tenggara/2024-11-09,153340.0178310724
Daging Sapi Murni/Sulawesi Tenggara/2024-11-10,153407.54216112677
Daging Sapi Murni/Sulawesi Tenggara/2024-11-11,153413.6919988589
Daging Sapi Murni/Sulawesi Tenggara/2024-11-12,153397.9360065633
Daging Sapi Murni/Sulawesi Tenggara/2024-11-13,153419.18994551143
Daging Sapi Murni/Sulawesi Tenggara/2024-11-14,153389.33132837364
Daging Sapi Murni/Sulawesi Tenggara/2024-11-15,153417.2483177517
Daging Sapi Murni/Sulawesi Tenggara/2024-11-16,153394.50658700158
Daging Sapi Murni/Sulawesi Tenggara/2024-11-17,153320.86814213445
Daging Sapi Murni/Sulawesi Tenggara/2024-11-18,153459.3523871214
Daging Sapi Murni/Sulawesi Tenggara/2024-11-19,153376.57008520892
Daging Sapi Murni/Sulawesi Tenggara/2024-11-20,153385.14636911987
Daging Sapi Murni/Sulawesi Tenggara/2024-11-21,153392.12574477645
Daging Sapi Murni/Sulawesi Tenggara/2024-11-22,153374.5545525654
Daging Sapi Murni/Sulawesi Tenggara/2024-11-23,153431.77643029648
Daging Sapi Murni/Sulawesi Tenggara/2024-11-24,153400.3978980976
Daging Sapi Murni/Sulawesi Tenggara/2024-11-25,153358.21874356526
Daging Sapi Murni/Sulawesi Tenggara/2024-11-26,153377.65152157558
Daging Sapi Murni/Sulawesi Tenggara/2024-11-27,153361.74353000306
Daging Sapi Murni/Sulawesi Tenggara/2024-11-28,153446.84529786755
Daging Sapi Murni/Sulawesi Tenggara/2024-11-29,153410.77226171194
Daging Sapi Murni/Sulawesi Tenggara/2024-11-30,153417.0872188817
Daging Sapi Murni/Sulawesi Tenggara/2024-12-01,153400.07798478872
Daging Sapi Murni/Sulawesi Tenggara/2024-12-02,153428.937205978
Daging Sapi Murni/Sulawesi Tenggara/2024-12-03,153413.4310045838
Daging Sapi Murni/Sulawesi Tenggara/2024-12-04,153351.66208064643
Daging Sapi Murni/Sulawesi Tenggara/2024-12-05,153384.72414894885
Daging Sapi Murni/Sulawesi Tenggara/2024-12-06,153328.109496056
Daging Sapi Murni/Sulawesi Tenggara/2024-12-07,153414.60985256152
Daging Sapi Murni/Sulawesi Tenggara/2024-12-08,153403.06155937442
Daging Sapi Murni/Sulawesi Tenggara/2024-12-09,153415.87779574515
Daging Sapi Murni/Sulawesi Tenggara/2024-12-10,153417.6348403286
Daging Sapi Murni/Sulawesi Tenggara/2024-12-11,153384.3591862319
Daging Sapi Murni/Sulawesi Tenggara/2024-12-12,153410.61138583874
Daging Sapi Murni/Sulawesi Tenggara/2024-12-13,153326.45453602093
Daging Sapi Murni/Sulawesi Tenggara/2024-12-14,153359.55936875788
Daging Sapi Murni/Sulawesi Tenggara/2024-12-15,153353.7793121412
Daging Sapi Murni/Sulawesi Tenggara/2024-12-16,153428.497228216
Daging Sapi Murni/Sulawesi Tenggara/2024-12-17,153407.78878847437
Daging Sapi Murni/Sulawesi Tenggara/2024-12-18,153407.76129481633
Daging Sapi Murni/Sulawesi Tenggara/2024-12-19,153389.92559423888
Daging Sapi Murni/Sulawesi Tenggara/2024-12-20,153448.96569592084
Daging Sapi Murni/Sulawesi Tenggara/2024-12-21,153385.81679314186
Daging Sapi Murni/Sulawesi Tenggara/2024-12-22,153343.07043105143
Daging Sapi Murni/Sulawesi Tenggara/2024-12-23,153354.02193233275
Daging Sapi Murni/Sulawesi Tenggara/2024-12-24,153404.66659784724
Daging Sapi Murni/Sulawesi Tenggara/2024-12-25,153391.86497236855
Daging Sapi Murni/Sulawesi Tenggara/2024-12-26,153399.1829884457
Daging Sapi Murni/Sulawesi Tenggara/2024-12-27,153409.1250168064
Daging Sapi Murni/Sulawesi Tenggara/2024-12-28,153405.75022069062
Daging Sapi Murni/Sulawesi Tenggara/2024-12-29,153388.58694691383
Daging Sapi Murni/Sulawesi Tenggara/2024-12-30,153382.39757724036
Daging Sapi Murni/Sulawesi Tenggara/2024-12-31,153421.13545074893
Daging Sapi Murni/Sulawesi Utara/2024-10-01,153329.96873556357
Daging Sapi Murni/Sulawesi Utara/2024-10-02,153447.59663810668
Daging Sapi Murni/Sulawesi Utara/2024-10-03,153368.5179259298
Daging Sapi Murni/Sulawesi Utara/2024-10-04,153418.50980593593
Daging Sapi Murni/Sulawesi Utara/2024-10-05,153352.05700702098
Daging Sapi Murni/Sulawesi Utara/2024-10-06,153347.2914166216
Daging Sapi Murni/Sulawesi Utara/2024-10-07,153396.17940457942
Daging Sapi Murni/Sulawesi Utara/2024-10-08,153420.88559710162
Daging Sapi Murni/Sulawesi Utara/2024-10-09,153402.34846283338
Daging Sapi Murni/Sulawesi Utara/2024-10-10,153409.3869932935
Daging Sapi Murni/Sulawesi Utara/2024-10-11,153347.0220961852
Daging Sapi Murni/Sulawesi Utara/2024-10-12,153359.8758480045
Daging Sapi Murni/Sulawesi Utara/2024-10-13,153375.06850871636
Daging Sapi Murni/Sulawesi Utara/2024-10-14,153394.126875729
Daging Sapi Murni/Sulawesi Utara/2024-10-15,153383.82167384677
Daging Sapi Murni/Sulawesi Utara/2024-10-16,153378.90420094502
Daging Sapi Murni/Sulawesi Utara/2024-10-17,153470.39983011386
Daging Sapi Murni/Sulawesi Utara/2024-10-18,153374.12559213792
Daging Sapi Murni/Sulawesi Utara/2024-10-19,153394.82906991086
Daging Sapi Murni/Sulawesi Utara/2024-10-20,153399.68504764687
Daging Sapi Murni/Sulawesi Utara/2024-10-21,153389.2714981173
Daging Sapi Murni/Sulawesi Utara/2024-10-22,153352.18420200038
Daging Sapi Murni/Sulawesi Utara/2024-10-23,153434.05059759348
Daging Sapi Murni/Sulawesi Utara/2024-10-24,153374.16138533864
Daging Sapi Murni/Sulawesi Utara/2024-10-25,153373.39579611714
Daging Sapi Murni/Sulawesi Utara/2024-10-26,153380.76936738985
Daging Sapi Murni/Sulawesi Utara/2024-10-27,153355.22295660645
Daging Sapi Murni/Sulawesi Utara/2024-10-28,153380.28835898946
Daging Sapi Murni/Sulawesi Utara/2024-10-29,153404.72168606173
Daging Sapi Murni/Sulawesi Utara/2024-10-30,153411.93047177308
Daging Sapi Murni/Sulawesi Utara/2024-10-31,153357.37831403356
Daging Sapi Murni/Sulawesi Utara/2024-11-01,153374.49439947683
Daging Sapi Murni/Sulawesi Utara/2024-11-02,153430.41365545028
Daging Sapi Murni/Sulawesi Utara/2024-11-03,153387.596448123
Daging Sapi Murni/Sulawesi Utara/2024-11-04,153354.01192424414
Daging Sapi Murni/Sulawesi Utara/2024-11-05,153432.47628075574
Daging Sapi Murni/Sulawesi Utara/2024-11-06,153378.67470512935
Daging Sapi Murni/Sulawesi Utara/2024-11-07,153422.17387116706
Daging Sapi Murni/Sulawesi Utara/2024-11-08,153392.49748085873
Daging Sapi Murni/Sulawesi Utara/2024-11-09,153398.30982898263
Daging Sapi Murni/Sulawesi Utara/2024-11-10,153403.63726622346
Daging Sapi Murni/Sulawesi Utara/2024-11-11,153325.85538403416
Daging Sapi Murni/Sulawesi Utara/2024-11-12,153411.09305923755
Daging Sapi Murni/Sulawesi Utara/2024-11-13,153383.12230549322
Daging Sapi Murni/Sulawesi Utara/2024-11-14,153402.642665335
Daging Sapi Murni/Sulawesi Utara/2024-11-15,153385.65776898983
Daging Sapi Murni/Sulawesi Utara/2024-11-16,153392.81345412484
Daging Sapi Murni/Sulawesi Utara/2024-11-17,153378.27428492025
Daging Sapi Murni/Sulawesi Utara/2024-11-18,153353.3866842819
Daging Sapi Murni/Sulawesi Utara/2024-11-19,153398.45894129947
Daging Sapi Murni/Sulawesi Utara/2024-11-20,153374.32589050508
Daging Sapi Murni/Sulawesi Utara/2024-11-21,153442.7243973506
Daging Sapi Murni/Sulawesi Utara/2024-11-22,153404.66710277688
Daging Sapi Murni/Sulawesi Utara/2024-11-23,153441.88983201
Daging Sapi Murni/Sulawesi Utara/2024-11-24,153407.8396388122
Daging Sapi Murni/Sulawesi Utara/2024-11-25,153357.03582921284
Daging Sapi Murni/Sulawesi Utara/2024-11-26,153427.81496326264
Daging Sapi Murni/Sulawesi Utara/2024-11-27,153386.9712495015
Daging Sapi Murni/Sulawesi Utara/2024-11-28,153431.67733457862
Daging Sapi Murni/Sulawesi Utara/2024-11-29,153402.90378127852
Daging Sapi Murni/Sulawesi Utara/2024-11-30,153423.18536046293
Daging Sapi Murni/Sulawesi Utara/2024-12-01,153432.63265272457
Daging Sapi Murni/Sulawesi Utara/2024-12-02,153417.56282654454
Daging Sapi Murni/Sulawesi Utara/2024-12-03,153412.14316767943
Daging Sapi Murni/Sulawesi Utara/2024-12-04,153442.12677198762
Daging Sapi Murni/Sulawesi Utara/2024-12-05,153441.66303038405
Daging Sapi Murni/Sulawesi Utara/2024-12-06,153386.29454111942
Daging Sapi Murni/Sulawesi Utara/2024-12-07,153387.4762950148
Daging Sapi Murni/Sulawesi Utara/2024-12-08,153424.98938352114
Daging Sapi Murni/Sulawesi Utara/2024-12-09,153402.9427907724
Daging Sapi Murni/Sulawesi Utara/2024-12-10,153375.41884981515
Daging Sapi Murni/Sulawesi Utara/2024-12-11,153364.2672204819
Daging Sapi Murni/Sulawesi Utara/2024-12-12,153412.7247395936
Daging Sapi Murni/Sulawesi Utara/2024-12-13,153452.2750845962
Daging Sapi Murni/Sulawesi Utara/2024-12-14,153416.7527469696
Daging Sapi Murni/Sulawesi Utara/2024-12-15,153357.0295432085
Daging Sapi Murni/Sulawesi Utara/2024-12-16,153346.30576929808
Daging Sapi Murni/Sulawesi Utara/2024-12-17,153433.47443944472
Daging Sapi Murni/Sulawesi Utara/2024-12-18,153414.04950102835
Daging Sapi Murni/Sulawesi Utara/2024-12-19,153380.35901436288
Daging Sapi Murni/Sulawesi Utara/2024-12-20,153421.83995716868
Daging Sapi Murni/Sulawesi Utara/2024-12-21,153351.9891771897
Daging Sapi Murni/Sulawesi Utara/2024-12-22,153366.5273169461
Daging Sapi Murni/Sulawesi Utara/2024-12-23,153350.8934898226
Daging Sapi Murni/Sulawesi Utara/2024-12-24,153372.95651508195
Daging Sapi Murni/Sulawesi Utara/2024-12-25,153387.00884540885
Daging Sapi Murni/Sulawesi Utara/2024-12-26,153424.43507788732
Daging Sapi Murni/Sulawesi Utara/2024-12-27,153402.21200330378
Daging Sapi Murni/Sulawesi Utara/2024-12-28,153443.24465557397
Daging Sapi Murni/Sulawesi Utara/2024-12-29,153369.01353241605
Daging Sapi Murni/Sulawesi Utara/2024-12-30,153392.55373335324
Daging Sapi Murni/Sulawesi Utara/2024-12-31,153345.89338080402
Daging Sapi Murni/Sumatera Barat/2024-10-01,153404.04131371787
Daging Sapi Murni/Sumatera Barat/2024-10-02,153467.39632029994
Daging Sapi Murni/Sumatera Barat/2024-10-03,153359.33858584706
Daging Sapi Murni/Sumatera Barat/2024-10-04,153400.2881855455
Daging Sapi Murni/Sumatera Barat/2024-10-05,153378.15286640968
Daging Sapi Murni/Sumatera Barat/2024-10-06,153353.87939365138
Daging Sapi Murni/Sumatera Barat/2024-10-07,153403.5941323796
Daging Sapi Murni/Sumatera Barat/2024-10-08,153423.82195330536
Daging Sapi Murni/Sumatera Barat/2024-10-09,153473.85919319952
Daging Sapi Murni/Sumatera Barat/2024-10-10,153344.7579544599
Daging Sapi Murni/Sumatera Barat/2024-10-11,153354.97952423722
Daging Sapi Murni/Sumatera Barat/2024-10-12,153409.88213942316
Daging Sapi Murni/Sumatera Barat/2024-10-13,153440.05170681464
Daging Sapi Murni/Sumatera Barat/2024-10-14,153354.6062289178
Daging Sapi Murni/Sumatera Barat/2024-10-15,153464.2986144437
Daging Sapi Murni/Sumatera Barat/2024-10-16,153386.19852385408
Daging Sapi Murni/Sumatera Barat/2024-10-17,153419.25972753158
Daging Sapi Murni/Sumatera Barat/2024-10-18,153375.72306915376
Daging Sapi Murni/Sumatera Barat/2024-10-19,153357.16073157813
Daging Sapi Murni/Sumatera Barat/2024-10-20,153370.87027177218
Daging Sapi Murni/Sumatera Barat/2024-10-21,153412.2908386703
Daging Sapi Murni/Sumatera Barat/2024-10-22,153404.84724179428
Daging Sapi Murni/Sumatera Barat/2024-10-23,153413.90567065365
Daging Sapi Murni/Sumatera Barat/2024-10-24,153383.02528477323
Daging Sapi Murni/Sumatera Barat/2024-10-25,153404.45462308393
Daging Sapi Murni/Sumatera Barat/2024-10-26,153333.70109909508
Daging Sapi Murni/Sumatera Barat/2024-10-27,153416.66039319805
Daging Sapi Murni/Sumatera Barat/2024-10-28,153367.167417139
Daging Sapi Murni/Sumatera Barat/2024-10-29,153421.593497365
Daging Sapi Murni/Sumatera Barat/2024-10-30,153398.93398325477
Daging Sapi Murni/Sumatera Barat/2024-10-31,153427.1118559668
Daging Sapi Murni/Sumatera Barat/2024-11-01,153360.71976882013
Daging Sapi Murni/Sumatera Barat/2024-11-02,153398.4381642073
Daging Sapi Murni/Sumatera Barat/2024-11-03,153383.9118347076
Daging Sapi Murni/Sumatera Barat/2024-11-04,153436.16200777487
Daging Sapi Murni/Sumatera Barat/2024-11-05,153372.3640938193
Daging Sapi Murni/Sumatera Barat/2024-11-06,153391.10146245942
Daging Sapi Murni/Sumatera Barat/2024-11-07,153441.43632019288
Daging Sapi Murni/Sumatera Barat/2024-11-08,153297.98002324297
Daging Sapi Murni/Sumatera Barat/2024-11-09,153406.98685392272
Daging Sapi Murni/Sumatera Barat/2024-11-10,153329.3221032236
Daging Sapi Murni/Sumatera Barat/2024-11-11,153442.1808765256
Daging Sapi Murni/Sumatera Barat/2024-11-12,153312.523872181
Daging Sapi Murni/Sumatera Barat/2024-11-13,153414.46888388228
Daging Sapi Murni/Sumatera Barat/2024-11-14,153406.88901139062
Daging Sapi Murni/Sumatera Barat/2024-11-15,153431.8550731784
Daging Sapi Murni/Sumatera Barat/2024-11-16,153314.69077150148
Daging Sapi Murni/Sumatera Barat/2024-11-17,153407.52624184775
Daging Sapi Murni/Sumatera Barat/2024-11-18,153446.3321035886
Daging Sapi Murni/Sumatera Barat/2024-11-19,153423.99332254
Daging Sapi Murni/Sumatera Barat/2024-11-20,153402.3536913892
Daging Sapi Murni/Sumatera Barat/2024-11-21,153425.35208364332
Daging Sapi Murni/Sumatera Barat/2024-11-22,153371.1702080833
Daging Sapi Murni/Sumatera Barat/2024-11-23,153438.83907364175
Daging Sapi Murni/Sumatera Barat/2024-11-24,153418.138799857
Daging Sapi Murni/Sumatera Barat/2024-11-25,153354.08685261643
Daging Sapi Murni/Sumatera Barat/2024-11-26,153394.15897410738
Daging Sapi Murni/Sumatera Barat/2024-11-27,153421.18885170214
Daging Sapi Murni/Sumatera Barat/2024-11-28,153399.68412192253
Daging Sapi Murni/Sumatera Barat/2024-11-29,153358.59487996422
Daging Sapi Murni/Sumatera Barat/2024-11-30,153406.1352005898
Daging Sapi Murni/Sumatera Barat/2024-12-01,153364.62141229314
Daging Sapi Murni/Sumatera Barat/2024-12-02,153374.1993690037
Daging Sapi Murni/Sumatera Barat/2024-12-03,153403.84082005708
Daging Sapi Murni/Sumatera Barat/2024-12-04,153348.5923215462
Daging Sapi Murni/Sumatera Barat/2024-12-05,153391.38747934313
Daging Sapi Murni/Sumatera Barat/2024-12-06,153417.00572473533
Daging Sapi Murni/Sumatera Barat/2024-12-07,153395.9024446444
Daging Sapi Murni/Sumatera Barat/2024-12-08,153382.2906403504
Daging Sapi Murni/Sumatera Barat/2024-12-09,153327.4558285412
Daging Sapi Murni/Sumatera Barat/2024-12-10,153381.4572451302
Daging Sapi Murni/Sumatera Barat/2024-12-11,153340.4810874733
Daging Sapi Murni/Sumatera Barat/2024-12-12,153367.23754240738
Daging Sapi Murni/Sumatera Barat/2024-12-13,153411.24309543098
Daging Sapi Murni/Sumatera Barat/2024-12-14,153389.92929271312
Daging Sapi Murni/Sumatera Barat/2024-12-15,153424.6220026038
Daging Sapi Murni/Sumatera Barat/2024-12-16,153373.68461079482
Daging Sapi Murni/Sumatera Barat/2024-12-17,153400.05611347992
Daging Sapi Murni/Sumatera Barat/2024-12-18,153426.9310174728
Daging Sapi Murni/Sumatera Barat/2024-12-19,153396.77033885792
Daging Sapi Murni/Sumatera Barat/2024-12-20,153407.17264292104
Daging Sapi Murni/Sumatera Barat/2024-12-21,153395.52314428252
Daging Sapi Murni/Sumatera Barat/2024-12-22,153381.48826874734
Daging Sapi Murni/Sumatera Barat/2024-12-23,153368.57895513898
Daging Sapi Murni/Sumatera Barat/2024-12-24,153424.71765815982
Daging Sapi Murni/Sumatera Barat/2024-12-25,153410.11336698293
Daging Sapi Murni/Sumatera Barat/2024-12-26,153359.49052122774
Daging Sapi Murni/Sumatera Barat/2024-12-27,153329.30772044216
Daging Sapi Murni/Sumatera Barat/2024-12-28,153373.33195962713
Daging Sapi Murni/Sumatera Barat/2024-12-29,153354.94833252535
Daging Sapi Murni/Sumatera Barat/2024-12-30,153392.60721835092
Daging Sapi Murni/Sumatera Barat/2024-12-31,153358.6020851023
Daging Sapi Murni/Sumatera Selatan/2024-10-01,153463.91466172857
Daging Sapi Murni/Sumatera Selatan/2024-10-02,153480.43910387228
Daging Sapi Murni/Sumatera Selatan/2024-10-03,153421.1714805546
Daging Sapi Murni/Sumatera Selatan/2024-10-04,153388.68031926514
Daging Sapi Murni/Sumatera Selatan/2024-10-05,153429.40895616598
Daging Sapi Murni/Sumatera Selatan/2024-10-06,153361.89245824897
Daging Sapi Murni/Sumatera Selatan/2024-10-07,153418.88467284213
Daging Sapi Murni/Sumatera Selatan/2024-10-08,153372.48534815776
Daging Sapi Murni/Sumatera Selatan/2024-10-09,153433.60796453682
Daging Sapi Murni/Sumatera Selatan/2024-10-10,153315.28944600877
Daging Sapi Murni/Sumatera Selatan/2024-10-11,153369.37104159896
Daging Sapi Murni/Sumatera Selatan/2024-10-12,153429.27966470597
Daging Sapi Murni/Sumatera Selatan/2024-10-13,153361.23980167406
Daging Sapi Murni/Sumatera Selatan/2024-10-14,153400.20097701644
Daging Sapi Murni/Sumatera Selatan/2024-10-15,153376.94951007087
Daging Sapi Murni/Sumatera Selatan/2024-10-16,153391.03939563455
Daging Sapi Murni/Sumatera Selatan/2024-10-17,153361.79794274078
Daging Sapi Murni/Sumatera Selatan/2024-10-18,153437.56011826955
Daging Sapi Murni/Sumatera Selatan/2024-10-19,153428.08393671716
Daging Sapi Murni/Sumatera Selatan/2024-10-20,153453.82027303934
Daging Sapi Murni/Sumatera Selatan/2024-10-21,153359.90866836463
Daging Sapi Murni/Sumatera Selatan/2024-10-22,153386.74413426634
Daging Sapi Murni/Sumatera Selatan/2024-10-23,153393.70783204903
Daging Sapi Murni/Sumatera Selatan/2024-10-24,153413.56645595242
Daging Sapi Murni/Sumatera Selatan/2024-10-25,153383.39717642314
Daging Sapi Murni/Sumatera Selatan/2024-10-26,153400.37545985405
Daging Sapi Murni/Sumatera Selatan/2024-10-27,153424.43206486097
Daging Sapi Murni/Sumatera Selatan/2024-10-28,153422.28041741517
Daging Sapi Murni/Sumatera Selatan/2024-10-29,153366.3939116167
Daging Sapi Murni/Sumatera Selatan/2024-10-30,153344.7373105164
Daging Sapi Murni/Sumatera Selatan/2024-10-31,153398.35607404303
Daging Sapi Murni/Sumatera Selatan/2024-11-01,153400.72432185925
Daging Sapi Murni/Sumatera Selatan/2024-11-02,153384.5368962591
Daging Sapi Murni/Sumatera Selatan/2024-11-03,153413.47714350992
Daging Sapi Murni/Sumatera Selatan/2024-11-04,153406.675019195
Daging Sapi Murni/Sumatera Selatan/2024-11-05,153398.0068163439
Daging Sapi Murni/Sumatera Selatan/2024-11-06,153388.9569526527
Daging Sapi Murni/Sumatera Selatan/2024-11-07,153415.9564322938
Daging Sapi Murni/Sumatera Selatan/2024-11-08,153380.89112598266
Daging Sapi Murni/Sumatera Selatan/2024-11-09,153395.08461936875
Daging Sapi Murni/Sumatera Selatan/2024-11-10,153388.6232268623
Daging Sapi Murni/Sumatera Selatan/2024-11-11,153392.24410409716
Daging Sapi Murni/Sumatera Selatan/2024-11-12,153397.53525934808
Daging Sapi Murni/Sumatera Selatan/2024-11-13,153409.36816772932
Daging Sapi Murni/Sumatera Selatan/2024-11-14,153397.2857804401
Daging Sapi Murni/Sumatera Selatan/2024-11-15,153391.85982190596
Daging Sapi Murni/Sumatera Selatan/2024-11-16,153417.28326867908
Daging Sapi Murni/Sumatera Selatan/2024-11-17,153419.9841255863
Daging Sapi Murni/Sumatera Selatan/2024-11-18,153355.36492410154
Daging Sapi Murni/Sumatera Selatan/2024-11-19,153358.05455458694
Daging Sapi Murni/Sumatera Selatan/2024-11-20,153413.44115969882
Daging Sapi Murni/Sumatera Selatan/2024-11-21,153426.8088989408
Daging Sapi Murni/Sumatera Selatan/2024-11-22,153390.09860174806
Daging Sapi Murni/Sumatera Selatan/2024-11-23,153359.02130679376
Daging Sapi Murni/Sumatera Selatan/2024-11-24,153370.15128318
Daging Sapi Murni/Sumatera Selatan/2024-11-25,153369.43673064202
Daging Sapi Murni/Sumatera Selatan/2024-11-26,153363.29191321885
Daging Sapi Murni/Sumatera Selatan/2024-11-27,153381.48416365052
Daging Sapi Murni/Sumatera Selatan/2024-11-28,153349.47099192344
Daging Sapi Murni/Sumatera Selatan/2024-11-29,153405.4200928881
Daging Sapi Murni/Sumatera Selatan/2024-11-30,153371.23898304944
Daging Sapi Murni/Sumatera Selatan/2024-12-01,153405.27627005774
Daging Sapi Murni/Sumatera Selatan/2024-12-02,153395.80791938325
Daging Sapi Murni/Sumatera Selatan/2024-12-03,153418.07427207593
Daging Sapi Murni/Sumatera Selatan/2024-12-04,153421.499009427
Daging Sapi Murni/Sumatera Selatan/2024-12-05,153481.06881631978
Daging Sapi Murni/Sumatera Selatan/2024-12-06,153406.01887781144
Daging Sapi Murni/Sumatera Selatan/2024-12-07,153380.043462639
Daging Sapi Murni/Sumatera Selatan/2024-12-08,153324.410312658
Daging Sapi Murni/Sumatera Selatan/2024-12-09,153349.71701893382
Daging Sapi Murni/Sumatera Selatan/2024-12-10,153420.30905907028
Daging Sapi Murni/Sumatera Selatan/2024-12-11,153453.61322428717
Daging Sapi Murni/Sumatera Selatan/2024-12-12,153419.43823909914
Daging Sapi Murni/Sumatera Selatan/2024-12-13,153379.59669959507
Daging Sapi Murni/Sumatera Selatan/2024-12-14,153339.4480853739
Daging Sapi Murni/Sumatera Selatan/2024-12-15,153476.2722303395
Daging Sapi Murni/Sumatera Selatan/2024-12-16,153436.28086228538
Daging Sapi Murni/Sumatera Selatan/2024-12-17,153376.23062615082
Daging Sapi Murni/Sumatera Selatan/2024-12-18,153370.59270279462
Daging Sapi Murni/Sumatera Selatan/2024-12-19,153342.29110441584
Daging Sapi Murni/Sumatera Selatan/2024-12-20,153406.27078228022
Daging Sapi Murni/Sumatera Selatan/2024-12-21,153405.69999258657
Daging Sapi Murni/Sumatera Selatan/2024-12-22,153445.51715589667
Daging Sapi Murni/Sumatera Selatan/2024-12-23,153351.21558311168
Daging Sapi Murni/Sumatera Selatan/2024-12-24,153404.20893635706
Daging Sapi Murni/Sumatera Selatan/2024-12-25,153385.0005897817
Daging Sapi Murni/Sumatera Selatan/2024-12-26,153380.5535422808
Daging Sapi Murni/Sumatera Selatan/2024-12-27,153388.92486128633
Daging Sapi Murni/Sumatera Selatan/2024-12-28,153406.21136099234
Daging Sapi Murni/Sumatera Selatan/2024-12-29,153402.1052358118
Daging Sapi Murni/Sumatera Selatan/2024-12-30,153424.92967379527
Daging Sapi Murni/Sumatera Selatan/2024-12-31,153376.72187340763
Daging Sapi Murni/Sumatera Utara/2024-10-01,153386.8526166714
Daging Sapi Murni/Sumatera Utara/2024-10-02,153443.88723331384
Daging Sapi Murni/Sumatera Utara/2024-10-03,153362.43254514493
Daging Sapi Murni/Sumatera Utara/2024-10-04,153425.75023061357
Daging Sapi Murni/Sumatera Utara/2024-10-05,153410.62655687844
Daging Sapi Murni/Sumatera Utara/2024-10-06,153358.78569378643
Daging Sapi Murni/Sumatera Utara/2024-10-07,153407.8632642776
Daging Sapi Murni/Sumatera Utara/2024-10-08,153367.8513722537
Daging Sapi Murni/Sumatera Utara/2024-10-09,153335.46277686246
Daging Sapi Murni/Sumatera Utara/2024-10-10,153374.0729369457
Daging Sapi Murni/Sumatera Utara/2024-10-11,153404.89410894195
Daging Sapi Murni/Sumatera Utara/2024-10-12,153432.14565727834
Daging Sapi Murni/Sumatera Utara/2024-10-13,153404.11799838688
Daging Sapi Murni/Sumatera Utara/2024-10-14,153344.93322592057
Daging Sapi Murni/Sumatera Utara/2024-10-15,153382.42580335273
Daging Sapi Murni/Sumatera Utara/2024-10-16,153387.99855642146
Daging Sapi Murni/Sumatera Utara/2024-10-17,153389.90750811435
Daging Sapi Murni/Sumatera Utara/2024-10-18,153415.3387100282
Daging Sapi Murni/Sumatera Utara/2024-10-19,153364.00901237695
Daging Sapi Murni/Sumatera Utara/2024-10-20,153378.49733482403
Daging Sapi Murni/Sumatera Utara/2024-10-21,153414.82341793776
Daging Sapi Murni/Sumatera Utara/2024-10-22,153362.39563560596
Daging Sapi Murni/Sumatera Utara/2024-10-23,153380.71928824094
Daging Sapi Murni/Sumatera Utara/2024-10-24,153391.25480414755
Daging Sapi Murni/Sumatera Utara/2024-10-25,153384.06285589165
Daging Sapi Murni/Sumatera Utara/2024-10-26,153347.90373271515
Daging Sapi Murni/Sumatera Utara/2024-10-27,153389.1611742261
Daging Sapi Murni/Sumatera Utara/2024-10-28,153373.67415346997
Daging Sapi Murni/Sumatera Utara/2024-10-29,153350.44554277096
Daging Sapi Murni/Sumatera Utara/2024-10-30,153397.7407381598
Daging Sapi Murni/Sumatera Utara/2024-10-31,153402.52844548278
Daging Sapi Murni/Sumatera Utara/2024-11-01,153389.76885016868
Daging Sapi Murni/Sumatera Utara/2024-11-02,153390.60303315983
Daging Sapi Murni/Sumatera Utara/2024-11-03,153346.76187612404
Daging Sapi Murni/Sumatera Utara/2024-11-04,153471.75317081087
Daging Sapi Murni/Sumatera Utara/2024-11-05,153367.8801873994
Daging Sapi Murni/Sumatera Utara/2024-11-06,153375.10027387668
Daging Sapi Murni/Sumatera Utara/2024-11-07,153443.6609835863
Daging Sapi Murni/Sumatera Utara/2024-11-08,153366.1663128723
Daging Sapi Murni/Sumatera Utara/2024-11-09,153456.44512645595
Daging Sapi Murni/Sumatera Utara/2024-11-10,153374.34579543307
Daging Sapi Murni/Sumatera Utara/2024-11-11,153385.12868887195
Daging Sapi Murni/Sumatera Utara/2024-11-12,153417.36182634332
Daging Sapi Murni/Sumatera Utara/2024-11-13,153394.67179724245
Daging Sapi Murni/Sumatera Utara/2024-11-14,153364.53685237758
Daging Sapi Murni/Sumatera Utara/2024-11-15,153360.0014786788
Daging Sapi Murni/Sumatera Utara/2024-11-16,153375.2918796105
Daging Sapi Murni/Sumatera Utara/2024-11-17,153476.27266400756
Daging Sapi Murni/Sumatera Utara/2024-11-18,153403.7021064077
Daging Sapi Murni/Sumatera Utara/2024-11-19,153316.83106581404
Daging Sapi Murni/Sumatera Utara/2024-11-20,153395.58529539008
Daging Sapi Murni/Sumatera Utara/2024-11-21,153427.52736764884
Daging Sapi Murni/Sumatera Utara/2024-11-22,153433.2746254587
Daging Sapi Murni/Sumatera Utara/2024-11-23,153381.06541049722
Daging Sapi Murni/Sumatera Utara/2024-11-24,153362.58212016115
Daging Sapi Murni/Sumatera Utara/2024-11-25,153394.31394280118
Daging Sapi Murni/Sumatera Utara/2024-11-26,153387.40832134342
Daging Sapi Murni/Sumatera Utara/2024-11-27,153391.75615092422
Daging Sapi Murni/Sumatera Utara/2024-11-28,153426.1728565081
Daging Sapi Murni/Sumatera Utara/2024-11-29,153429.927135516
Daging Sapi Murni/Sumatera Utara/2024-11-30,153462.1195839672
Daging Sapi Murni/Sumatera Utara/2024-12-01,153441.96247650162
Daging Sapi Murni/Sumatera Utara/2024-12-02,153407.87886426065
Daging Sapi Murni/Sumatera Utara/2024-12-03,153391.27323532425
Daging Sapi Murni/Sumatera Utara/2024-12-04,153418.14604963915
Daging Sapi Murni/Sumatera Utara/2024-12-05,153365.8687913565
Daging Sapi Murni/Sumatera Utara/2024-12-06,153446.63394831165
Daging Sapi Murni/Sumatera Utara/2024-12-07,153398.72173017063
Daging Sapi Murni/Sumatera Utara/2024-12-08,153409.11352321538
Daging Sapi Murni/Sumatera Utara/2024-12-09,153353.24116169653
Daging Sapi Murni/Sumatera Utara/2024-12-10,153394.65511040553
Daging Sapi Murni/Sumatera Utara/2024-12-11,153374.71539026435
Daging Sapi Murni/Sumatera Utara/2024-12-12,153409.34390036025
Daging Sapi Murni/Sumatera Utara/2024-12-13,153413.51316142335
Daging Sapi Murni/Sumatera Utara/2024-12-14,153419.28256131898
Daging Sapi Murni/Sumatera Utara/2024-12-15,153447.12400208865
Daging Sapi Murni/Sumatera Utara/2024-12-16,153456.61847173297
Daging Sapi Murni/Sumatera Utara/2024-12-17,153446.80783573023
Daging Sapi Murni/Sumatera Utara/2024-12-18,153357.4230059718
Daging Sapi Murni/Sumatera Utara/2024-12-19,153355.69054477714
Daging Sapi Murni/Sumatera Utara/2024-12-20,153386.11282065956
Daging Sapi Murni/Sumatera Utara/2024-12-21,153403.73345627496
Daging Sapi Murni/Sumatera Utara/2024-12-22,153439.78787243614
Daging Sapi Murni/Sumatera Utara/2024-12-23,153394.48586338208
Daging Sapi Murni/Sumatera Utara/2024-12-24,153365.56546577255
Daging Sapi Murni/Sumatera Utara/2024-12-25,153364.26971764007
Daging Sapi Murni/Sumatera Utara/2024-12-26,153454.3305255247
Daging Sapi Murni/Sumatera Utara/2024-12-27,153462.21054777483
Daging Sapi Murni/Sumatera Utara/2024-12-28,153431.93287804836
Daging Sapi Murni/Sumatera Utara/2024-12-29,153359.10323017696
Daging Sapi Murni/Sumatera Utara/2024-12-30,153388.9947206891
Daging Sapi Murni/Sumatera Utara/2024-12-31,153404.5327881601
