id,price
Cabai Merah Keriting/Aceh/2024-10-01,34510.62368604135
Cabai Merah Keriting/Aceh/2024-10-02,34510.60675721234
Cabai Merah Keriting/Aceh/2024-10-03,34510.61153881847
Cabai Merah Keriting/Aceh/2024-10-04,34510.61941768399
Cabai Merah Keriting/Aceh/2024-10-05,34510.613813395474
Cabai Merah Keriting/Aceh/2024-10-06,34510.60545436279
Cabai Merah Keriting/Aceh/2024-10-07,34510.6115680044
Cabai Merah Keriting/Aceh/2024-10-08,34510.59379873333
Cabai Merah Keriting/Aceh/2024-10-09,34510.59711149641
Cabai Merah Keriting/Aceh/2024-10-10,34510.605213211646
Cabai Merah Keriting/Aceh/2024-10-11,34510.60877645641
Cabai Merah Keriting/Aceh/2024-10-12,34510.617288574074
Cabai Merah Keriting/Aceh/2024-10-13,34510.60385194005
Cabai Merah Keriting/Aceh/2024-10-14,34510.58780388785
Cabai Merah Keriting/Aceh/2024-10-15,34510.58765076591
Cabai Merah Keriting/Aceh/2024-10-16,34510.61476641777
Cabai Merah Keriting/Aceh/2024-10-17,34510.596559821075
Cabai Merah Keriting/Aceh/2024-10-18,34510.611472422155
Cabai Merah Keriting/Aceh/2024-10-19,34510.61401577308
Cabai Merah Keriting/Aceh/2024-10-20,34510.61331496947
Cabai Merah Keriting/Aceh/2024-10-21,34510.5963066145
Cabai Merah Keriting/Aceh/2024-10-22,34510.609232681425
Cabai Merah Keriting/Aceh/2024-10-23,34510.58734733563
Cabai Merah Keriting/Aceh/2024-10-24,34510.61098732769
Cabai Merah Keriting/Aceh/2024-10-25,34510.62471454674
Cabai Merah Keriting/Aceh/2024-10-26,34510.600206245035
Cabai Merah Keriting/Aceh/2024-10-27,34510.6194326896
Cabai Merah Keriting/Aceh/2024-10-28,34510.600704684744
Cabai Merah Keriting/Aceh/2024-10-29,34510.59923522612
Cabai Merah Keriting/Aceh/2024-10-30,34510.60806526161
Cabai Merah Keriting/Aceh/2024-10-31,34510.609624524535
Cabai Merah Keriting/Aceh/2024-11-01,34510.61386001022
Cabai Merah Keriting/Aceh/2024-11-02,34510.611574037546
Cabai Merah Keriting/Aceh/2024-11-03,34510.608281230096
Cabai Merah Keriting/Aceh/2024-11-04,34510.61768005083
Cabai Merah Keriting/Aceh/2024-11-05,34510.60801298464
Cabai Merah Keriting/Aceh/2024-11-06,34510.61686607476
Cabai Merah Keriting/Aceh/2024-11-07,34510.603116780054
Cabai Merah Keriting/Aceh/2024-11-08,34510.59159656172
Cabai Merah Keriting/Aceh/2024-11-09,34510.61548804049
Cabai Merah Keriting/Aceh/2024-11-10,34510.608599714775
Cabai Merah Keriting/Aceh/2024-11-11,34510.60290368942
Cabai Merah Keriting/Aceh/2024-11-12,34510.61077230513
Cabai Merah Keriting/Aceh/2024-11-13,34510.602442126925
Cabai Merah Keriting/Aceh/2024-11-14,34510.60233880059
Cabai Merah Keriting/Aceh/2024-11-15,34510.61088383907
Cabai Merah Keriting/Aceh/2024-11-16,34510.60877677223
Cabai Merah Keriting/Aceh/2024-11-17,34510.61152536193
Cabai Merah Keriting/Aceh/2024-11-18,34510.619078513606
Cabai Merah Keriting/Aceh/2024-11-19,34510.61006565703
Cabai Merah Keriting/Aceh/2024-11-20,34510.627978535966
Cabai Merah Keriting/Aceh/2024-11-21,34510.60636302716
Cabai Merah Keriting/Aceh/2024-11-22,34510.60478453387
Cabai Merah Keriting/Aceh/2024-11-23,34510.605555066875
Cabai Merah Keriting/Aceh/2024-11-24,34510.600829339695
Cabai Merah Keriting/Aceh/2024-11-25,34510.61344832384
Cabai Merah Keriting/Aceh/2024-11-26,34510.61352939113
Cabai Merah Keriting/Aceh/2024-11-27,34510.61444339332
Cabai Merah Keriting/Aceh/2024-11-28,34510.599988938324
Cabai Merah Keriting/Aceh/2024-11-29,34510.60532557492
Cabai Merah Keriting/Aceh/2024-11-30,34510.629693992545
Cabai Merah Keriting/Aceh/2024-12-01,34510.604105446924
Cabai Merah Keriting/Aceh/2024-12-02,34510.62220575779
Cabai Merah Keriting/Aceh/2024-12-03,34510.619445947246
Cabai Merah Keriting/Aceh/2024-12-04,34510.60265803314
Cabai Merah Keriting/Aceh/2024-12-05,34510.607594741814
Cabai Merah Keriting/Aceh/2024-12-06,34510.613284944935
Cabai Merah Keriting/Aceh/2024-12-07,34510.61408415801
Cabai Merah Keriting/Aceh/2024-12-08,34510.60482409341
Cabai Merah Keriting/Aceh/2024-12-09,34510.5987550412
Cabai Merah Keriting/Aceh/2024-12-10,34510.60828195748
Cabai Merah Keriting/Aceh/2024-12-11,34510.60447334161
Cabai Merah Keriting/Aceh/2024-12-12,34510.60207849455
Cabai Merah Keriting/Aceh/2024-12-13,34510.609869015934
Cabai Merah Keriting/Aceh/2024-12-14,34510.610106408
Cabai Merah Keriting/Aceh/2024-12-15,34510.6113397895
Cabai Merah Keriting/Aceh/2024-12-16,34510.61673065311
Cabai Merah Keriting/Aceh/2024-12-17,34510.619391826425
Cabai Merah Keriting/Aceh/2024-12-18,34510.608806364486
Cabai Merah Keriting/Aceh/2024-12-19,34510.61335953127
Cabai Merah Keriting/Aceh/2024-12-20,34510.60911656094
Cabai Merah Keriting/Aceh/2024-12-21,34510.6023302016
Cabai Merah Keriting/Aceh/2024-12-22,34510.61385102042
Cabai Merah Keriting/Aceh/2024-12-23,34510.60384839972
Cabai Merah Keriting/Aceh/2024-12-24,34510.60928204419
Cabai Merah Keriting/Aceh/2024-12-25,34510.59836555764
Cabai Merah Keriting/Aceh/2024-12-26,34510.61709719185
Cabai Merah Keriting/Aceh/2024-12-27,34510.5931647616
Cabai Merah Keriting/Aceh/2024-12-28,34510.599104487635
Cabai Merah Keriting/Aceh/2024-12-29,34510.60883695776
Cabai Merah Keriting/Aceh/2024-12-30,34510.621506295574
Cabai Merah Keriting/Aceh/2024-12-31,34510.63069416257
Cabai Merah Keriting/Bali/2024-10-01,34510.60919311458
Cabai Merah Keriting/Bali/2024-10-02,34510.61299646492
Cabai Merah Keriting/Bali/2024-10-03,34510.60077998857
Cabai Merah Keriting/Bali/2024-10-04,34510.61327005657
Cabai Merah Keriting/Bali/2024-10-05,34510.597405029475
Cabai Merah Keriting/Bali/2024-10-06,34510.60961737715
Cabai Merah Keriting/Bali/2024-10-07,34510.61875258665
Cabai Merah Keriting/Bali/2024-10-08,34510.59995849245
Cabai Merah Keriting/Bali/2024-10-09,34510.60025853004
Cabai Merah Keriting/Bali/2024-10-10,34510.60733701835
Cabai Merah Keriting/Bali/2024-10-11,34510.60420408576
Cabai Merah Keriting/Bali/2024-10-12,34510.61598084036
Cabai Merah Keriting/Bali/2024-10-13,34510.622487242
Cabai Merah Keriting/Bali/2024-10-14,34510.61564585169
Cabai Merah Keriting/Bali/2024-10-15,34510.61182366333
Cabai Merah Keriting/Bali/2024-10-16,34510.60739104676
Cabai Merah Keriting/Bali/2024-10-17,34510.60161494955
Cabai Merah Keriting/Bali/2024-10-18,34510.60875487239
Cabai Merah Keriting/Bali/2024-10-19,34510.622126049726
Cabai Merah Keriting/Bali/2024-10-20,34510.62610258064
Cabai Merah Keriting/Bali/2024-10-21,34510.59784074099
Cabai Merah Keriting/Bali/2024-10-22,34510.621811335244
Cabai Merah Keriting/Bali/2024-10-23,34510.616416635894
Cabai Merah Keriting/Bali/2024-10-24,34510.61132890244
Cabai Merah Keriting/Bali/2024-10-25,34510.62288123467
Cabai Merah Keriting/Bali/2024-10-26,34510.61100491047
Cabai Merah Keriting/Bali/2024-10-27,34510.61760133134
Cabai Merah Keriting/Bali/2024-10-28,34510.602636766656
Cabai Merah Keriting/Bali/2024-10-29,34510.59808978499
Cabai Merah Keriting/Bali/2024-10-30,34510.615815368765
Cabai Merah Keriting/Bali/2024-10-31,34510.588934812666
Cabai Merah Keriting/Bali/2024-11-01,34510.597160752295
Cabai Merah Keriting/Bali/2024-11-02,34510.60987827725
Cabai Merah Keriting/Bali/2024-11-03,34510.6201243183
Cabai Merah Keriting/Bali/2024-11-04,34510.614810313054
Cabai Merah Keriting/Bali/2024-11-05,34510.620480154495
Cabai Merah Keriting/Bali/2024-11-06,34510.59817990921
Cabai Merah Keriting/Bali/2024-11-07,34510.62351321886
Cabai Merah Keriting/Bali/2024-11-08,34510.60663245528
Cabai Merah Keriting/Bali/2024-11-09,34510.625667315355
Cabai Merah Keriting/Bali/2024-11-10,34510.60935984476
Cabai Merah Keriting/Bali/2024-11-11,34510.61618502044
Cabai Merah Keriting/Bali/2024-11-12,34510.60365198502
Cabai Merah Keriting/Bali/2024-11-13,34510.601142724445
Cabai Merah Keriting/Bali/2024-11-14,34510.61703730275
Cabai Merah Keriting/Bali/2024-11-15,34510.61551075554
Cabai Merah Keriting/Bali/2024-11-16,34510.602221924695
Cabai Merah Keriting/Bali/2024-11-17,34510.61148518984
Cabai Merah Keriting/Bali/2024-11-18,34510.60255683197
Cabai Merah Keriting/Bali/2024-11-19,34510.59637436967
Cabai Merah Keriting/Bali/2024-11-20,34510.63331045457
Cabai Merah Keriting/Bali/2024-11-21,34510.61218219314
Cabai Merah Keriting/Bali/2024-11-22,34510.60720523142
Cabai Merah Keriting/Bali/2024-11-23,34510.60108113301
Cabai Merah Keriting/Bali/2024-11-24,34510.60114134228
Cabai Merah Keriting/Bali/2024-11-25,34510.61434749414
Cabai Merah Keriting/Bali/2024-11-26,34510.60523596864
Cabai Merah Keriting/Bali/2024-11-27,34510.5949906649
Cabai Merah Keriting/Bali/2024-11-28,34510.607586047205
Cabai Merah Keriting/Bali/2024-11-29,34510.607832267495
Cabai Merah Keriting/Bali/2024-11-30,34510.61364239628
Cabai Merah Keriting/Bali/2024-12-01,34510.614413227544
Cabai Merah Keriting/Bali/2024-12-02,34510.61419772012
Cabai Merah Keriting/Bali/2024-12-03,34510.58759697768
Cabai Merah Keriting/Bali/2024-12-04,34510.59755287975
Cabai Merah Keriting/Bali/2024-12-05,34510.61020090853
Cabai Merah Keriting/Bali/2024-12-06,34510.5875413045
Cabai Merah Keriting/Bali/2024-12-07,34510.58623067774
Cabai Merah Keriting/Bali/2024-12-08,34510.60098831881
Cabai Merah Keriting/Bali/2024-12-09,34510.626612489534
Cabai Merah Keriting/Bali/2024-12-10,34510.5908187508
Cabai Merah Keriting/Bali/2024-12-11,34510.60888748195
Cabai Merah Keriting/Bali/2024-12-12,34510.60247060394
Cabai Merah Keriting/Bali/2024-12-13,34510.60058630293
Cabai Merah Keriting/Bali/2024-12-14,34510.62403192298
Cabai Merah Keriting/Bali/2024-12-15,34510.593007579104
Cabai Merah Keriting/Bali/2024-12-16,34510.609827577544
Cabai Merah Keriting/Bali/2024-12-17,34510.605607023754
Cabai Merah Keriting/Bali/2024-12-18,34510.612320345346
Cabai Merah Keriting/Bali/2024-12-19,34510.61134374384
Cabai Merah Keriting/Bali/2024-12-20,34510.61605925918
Cabai Merah Keriting/Bali/2024-12-21,34510.610717445925
Cabai Merah Keriting/Bali/2024-12-22,34510.614977681034
Cabai Merah Keriting/Bali/2024-12-23,34510.61978471411
Cabai Merah Keriting/Bali/2024-12-24,34510.6013773925
Cabai Merah Keriting/Bali/2024-12-25,34510.60945713407
Cabai Merah Keriting/Bali/2024-12-26,34510.623455757064
Cabai Merah Keriting/Bali/2024-12-27,34510.59371596822
Cabai Merah Keriting/Bali/2024-12-28,34510.60080095548
Cabai Merah Keriting/Bali/2024-12-29,34510.61959062567
Cabai Merah Keriting/Bali/2024-12-30,34510.612750439366
Cabai Merah Keriting/Bali/2024-12-31,34510.60103510936
Cabai Merah Keriting/Banten/2024-10-01,34510.61045434683
Cabai Merah Keriting/Banten/2024-10-02,34510.608708012776
Cabai Merah Keriting/Banten/2024-10-03,34510.612918628394
Cabai Merah Keriting/Banten/2024-10-04,34510.61521308388
Cabai Merah Keriting/Banten/2024-10-05,34510.593094077376
Cabai Merah Keriting/Banten/2024-10-06,34510.604928568995
Cabai Merah Keriting/Banten/2024-10-07,34510.5961713021
Cabai Merah Keriting/Banten/2024-10-08,34510.6166839246
Cabai Merah Keriting/Banten/2024-10-09,34510.59330407345
Cabai Merah Keriting/Banten/2024-10-10,34510.619900648526
Cabai Merah Keriting/Banten/2024-10-11,34510.6063004052
Cabai Merah Keriting/Banten/2024-10-12,34510.593106957145
Cabai Merah Keriting/Banten/2024-10-13,34510.61633062014
Cabai Merah Keriting/Banten/2024-10-14,34510.607954430154
Cabai Merah Keriting/Banten/2024-10-15,34510.61521244325
Cabai Merah Keriting/Banten/2024-10-16,34510.61376033607
Cabai Merah Keriting/Banten/2024-10-17,34510.6122658805
Cabai Merah Keriting/Banten/2024-10-18,34510.60108245869
Cabai Merah Keriting/Banten/2024-10-19,34510.60251229982
Cabai Merah Keriting/Banten/2024-10-20,34510.59810582
Cabai Merah Keriting/Banten/2024-10-21,34510.60364853044
Cabai Merah Keriting/Banten/2024-10-22,34510.607562204226
Cabai Merah Keriting/Banten/2024-10-23,34510.6081576067
Cabai Merah Keriting/Banten/2024-10-24,34510.611906617814
Cabai Merah Keriting/Banten/2024-10-25,34510.61328831985
Cabai Merah Keriting/Banten/2024-10-26,34510.62069935831
Cabai Merah Keriting/Banten/2024-10-27,34510.59345818651
Cabai Merah Keriting/Banten/2024-10-28,34510.62047998725
Cabai Merah Keriting/Banten/2024-10-29,34510.6049040912
Cabai Merah Keriting/Banten/2024-10-30,34510.61780589258
Cabai Merah Keriting/Banten/2024-10-31,34510.611719081084
Cabai Merah Keriting/Banten/2024-11-01,34510.614134513795
Cabai Merah Keriting/Banten/2024-11-02,34510.59661685666
Cabai Merah Keriting/Banten/2024-11-03,34510.6211089267
Cabai Merah Keriting/Banten/2024-11-04,34510.60953928954
Cabai Merah Keriting/Banten/2024-11-05,34510.62917251295
Cabai Merah Keriting/Banten/2024-11-06,34510.6031958031
Cabai Merah Keriting/Banten/2024-11-07,34510.607064496275
Cabai Merah Keriting/Banten/2024-11-08,34510.60342206155
Cabai Merah Keriting/Banten/2024-11-09,34510.58960458144
Cabai Merah Keriting/Banten/2024-11-10,34510.61518844731
Cabai Merah Keriting/Banten/2024-11-11,34510.59473924303
Cabai Merah Keriting/Banten/2024-11-12,34510.60421114961
Cabai Merah Keriting/Banten/2024-11-13,34510.605291853055
Cabai Merah Keriting/Banten/2024-11-14,34510.609052737935
Cabai Merah Keriting/Banten/2024-11-15,34510.61267543056
Cabai Merah Keriting/Banten/2024-11-16,34510.59699867512
Cabai Merah Keriting/Banten/2024-11-17,34510.597966335125
Cabai Merah Keriting/Banten/2024-11-18,34510.61337212396
Cabai Merah Keriting/Banten/2024-11-19,34510.587081243655
Cabai Merah Keriting/Banten/2024-11-20,34510.59925366508
Cabai Merah Keriting/Banten/2024-11-21,34510.60108134167
Cabai Merah Keriting/Banten/2024-11-22,34510.599593215535
Cabai Merah Keriting/Banten/2024-11-23,34510.61155935582
Cabai Merah Keriting/Banten/2024-11-24,34510.59890271577
Cabai Merah Keriting/Banten/2024-11-25,34510.62841152714
Cabai Merah Keriting/Banten/2024-11-26,34510.60835936484
Cabai Merah Keriting/Banten/2024-11-27,34510.60867062558
Cabai Merah Keriting/Banten/2024-11-28,34510.62270905854
Cabai Merah Keriting/Banten/2024-11-29,34510.595988095105
Cabai Merah Keriting/Banten/2024-11-30,34510.60477566001
Cabai Merah Keriting/Banten/2024-12-01,34510.61126292409
Cabai Merah Keriting/Banten/2024-12-02,34510.619882727406
Cabai Merah Keriting/Banten/2024-12-03,34510.60798655371
Cabai Merah Keriting/Banten/2024-12-04,34510.6034139352
Cabai Merah Keriting/Banten/2024-12-05,34510.599570307066
Cabai Merah Keriting/Banten/2024-12-06,34510.624501830134
Cabai Merah Keriting/Banten/2024-12-07,34510.61346130281
Cabai Merah Keriting/Banten/2024-12-08,34510.615467115145
Cabai Merah Keriting/Banten/2024-12-09,34510.59672205986
Cabai Merah Keriting/Banten/2024-12-10,34510.60613104533
Cabai Merah Keriting/Banten/2024-12-11,34510.60720535238
Cabai Merah Keriting/Banten/2024-12-12,34510.5949661949
Cabai Merah Keriting/Banten/2024-12-13,34510.6183872426
Cabai Merah Keriting/Banten/2024-12-14,34510.59736125034
Cabai Merah Keriting/Banten/2024-12-15,34510.61588114537
Cabai Merah Keriting/Banten/2024-12-16,34510.606353758136
Cabai Merah Keriting/Banten/2024-12-17,34510.61690147278
Cabai Merah Keriting/Banten/2024-12-18,34510.60241630026
Cabai Merah Keriting/Banten/2024-12-19,34510.61347766388
Cabai Merah Keriting/Banten/2024-12-20,34510.61380247173
Cabai Merah Keriting/Banten/2024-12-21,34510.60244904978
Cabai Merah Keriting/Banten/2024-12-22,34510.62628535536
Cabai Merah Keriting/Banten/2024-12-23,34510.59576188836
Cabai Merah Keriting/Banten/2024-12-24,34510.60964586552
Cabai Merah Keriting/Banten/2024-12-25,34510.60822101086
Cabai Merah Keriting/Banten/2024-12-26,34510.595509678715
Cabai Merah Keriting/Banten/2024-12-27,34510.60887799163
Cabai Merah Keriting/Banten/2024-12-28,34510.61406623077
Cabai Merah Keriting/Banten/2024-12-29,34510.6050519665
Cabai Merah Keriting/Banten/2024-12-30,34510.59629753835
Cabai Merah Keriting/Banten/2024-12-31,34510.605266159124
Cabai Merah Keriting/Bengkulu/2024-10-01,34510.59624555396
Cabai Merah Keriting/Bengkulu/2024-10-02,34510.615273078896
Cabai Merah Keriting/Bengkulu/2024-10-03,34510.61328944947
Cabai Merah Keriting/Bengkulu/2024-10-04,34510.602270681615
Cabai Merah Keriting/Bengkulu/2024-10-05,34510.60438881067
Cabai Merah Keriting/Bengkulu/2024-10-06,34510.62520259601
Cabai Merah Keriting/Bengkulu/2024-10-07,34510.607313199354
Cabai Merah Keriting/Bengkulu/2024-10-08,34510.59269622353
Cabai Merah Keriting/Bengkulu/2024-10-09,34510.606893084216
Cabai Merah Keriting/Bengkulu/2024-10-10,34510.59667857111
Cabai Merah Keriting/Bengkulu/2024-10-11,34510.61169031678
Cabai Merah Keriting/Bengkulu/2024-10-12,34510.587547498646
Cabai Merah Keriting/Bengkulu/2024-10-13,34510.60965884252
Cabai Merah Keriting/Bengkulu/2024-10-14,34510.601377667415
Cabai Merah Keriting/Bengkulu/2024-10-15,34510.60585755125
Cabai Merah Keriting/Bengkulu/2024-10-16,34510.61637284244
Cabai Merah Keriting/Bengkulu/2024-10-17,34510.61479262092
Cabai Merah Keriting/Bengkulu/2024-10-18,34510.59066587146
Cabai Merah Keriting/Bengkulu/2024-10-19,34510.61028597266
Cabai Merah Keriting/Bengkulu/2024-10-20,34510.60677652848
Cabai Merah Keriting/Bengkulu/2024-10-21,34510.62847306887
Cabai Merah Keriting/Bengkulu/2024-10-22,34510.60047808347
Cabai Merah Keriting/Bengkulu/2024-10-23,34510.61224846679
Cabai Merah Keriting/Bengkulu/2024-10-24,34510.615136112894
Cabai Merah Keriting/Bengkulu/2024-10-25,34510.61271689266
Cabai Merah Keriting/Bengkulu/2024-10-26,34510.60609801653
Cabai Merah Keriting/Bengkulu/2024-10-27,34510.629935838464
Cabai Merah Keriting/Bengkulu/2024-10-28,34510.589729636966
Cabai Merah Keriting/Bengkulu/2024-10-29,34510.61310586625
Cabai Merah Keriting/Bengkulu/2024-10-30,34510.60575276943
Cabai Merah Keriting/Bengkulu/2024-10-31,34510.6074533675
Cabai Merah Keriting/Bengkulu/2024-11-01,34510.62883544405
Cabai Merah Keriting/Bengkulu/2024-11-02,34510.60436824958
Cabai Merah Keriting/Bengkulu/2024-11-03,34510.60043255759
Cabai Merah Keriting/Bengkulu/2024-11-04,34510.615878125434
Cabai Merah Keriting/Bengkulu/2024-11-05,34510.608040161314
Cabai Merah Keriting/Bengkulu/2024-11-06,34510.58891396745
Cabai Merah Keriting/Bengkulu/2024-11-07,34510.62750682652
Cabai Merah Keriting/Bengkulu/2024-11-08,34510.60463980035
Cabai Merah Keriting/Bengkulu/2024-11-09,34510.60635802031
Cabai Merah Keriting/Bengkulu/2024-11-10,34510.61446496523
Cabai Merah Keriting/Bengkulu/2024-11-11,34510.60971431866
Cabai Merah Keriting/Bengkulu/2024-11-12,34510.60668462053
Cabai Merah Keriting/Bengkulu/2024-11-13,34510.61803296946
Cabai Merah Keriting/Bengkulu/2024-11-14,34510.61616024672
Cabai Merah Keriting/Bengkulu/2024-11-15,34510.61010437162
Cabai Merah Keriting/Bengkulu/2024-11-16,34510.621897725294
Cabai Merah Keriting/Bengkulu/2024-11-17,34510.61358654122
Cabai Merah Keriting/Bengkulu/2024-11-18,34510.60640835914
Cabai Merah Keriting/Bengkulu/2024-11-19,34510.61333375655
Cabai Merah Keriting/Bengkulu/2024-11-20,34510.596622378784
Cabai Merah Keriting/Bengkulu/2024-11-21,34510.59843386923
Cabai Merah Keriting/Bengkulu/2024-11-22,34510.59309060825
Cabai Merah Keriting/Bengkulu/2024-11-23,34510.61552016994
Cabai Merah Keriting/Bengkulu/2024-11-24,34510.63243569286
Cabai Merah Keriting/Bengkulu/2024-11-25,34510.59714356682
Cabai Merah Keriting/Bengkulu/2024-11-26,34510.595733448376
Cabai Merah Keriting/Bengkulu/2024-11-27,34510.62040111713
Cabai Merah Keriting/Bengkulu/2024-11-28,34510.615837262405
Cabai Merah Keriting/Bengkulu/2024-11-29,34510.5979385557
Cabai Merah Keriting/Bengkulu/2024-11-30,34510.59693944685
Cabai Merah Keriting/Bengkulu/2024-12-01,34510.60628943649
Cabai Merah Keriting/Bengkulu/2024-12-02,34510.60868663347
Cabai Merah Keriting/Bengkulu/2024-12-03,34510.60503211639
Cabai Merah Keriting/Bengkulu/2024-12-04,34510.589392924565
Cabai Merah Keriting/Bengkulu/2024-12-05,34510.609947189994
Cabai Merah Keriting/Bengkulu/2024-12-06,34510.60894917765
Cabai Merah Keriting/Bengkulu/2024-12-07,34510.599377201936
Cabai Merah Keriting/Bengkulu/2024-12-08,34510.61751521832
Cabai Merah Keriting/Bengkulu/2024-12-09,34510.6360662754
Cabai Merah Keriting/Bengkulu/2024-12-10,34510.60320891225
Cabai Merah Keriting/Bengkulu/2024-12-11,34510.62229707955
Cabai Merah Keriting/Bengkulu/2024-12-12,34510.61646782838
Cabai Merah Keriting/Bengkulu/2024-12-13,34510.61512407515
Cabai Merah Keriting/Bengkulu/2024-12-14,34510.61788399016
Cabai Merah Keriting/Bengkulu/2024-12-15,34510.624714049925
Cabai Merah Keriting/Bengkulu/2024-12-16,34510.607645975855
Cabai Merah Keriting/Bengkulu/2024-12-17,34510.59526189997
Cabai Merah Keriting/Bengkulu/2024-12-18,34510.6107469216
Cabai Merah Keriting/Bengkulu/2024-12-19,34510.62774021758
Cabai Merah Keriting/Bengkulu/2024-12-20,34510.60870825833
Cabai Merah Keriting/Bengkulu/2024-12-21,34510.61099545108
Cabai Merah Keriting/Bengkulu/2024-12-22,34510.60330027797
Cabai Merah Keriting/Bengkulu/2024-12-23,34510.61360285206
Cabai Merah Keriting/Bengkulu/2024-12-24,34510.599556586065
Cabai Merah Keriting/Bengkulu/2024-12-25,34510.62156621315
Cabai Merah Keriting/Bengkulu/2024-12-26,34510.62510874539
Cabai Merah Keriting/Bengkulu/2024-12-27,34510.60253670347
Cabai Merah Keriting/Bengkulu/2024-12-28,34510.613159770204
Cabai Merah Keriting/Bengkulu/2024-12-29,34510.61444638625
Cabai Merah Keriting/Bengkulu/2024-12-30,34510.603549525425
Cabai Merah Keriting/Bengkulu/2024-12-31,34510.5903690205
Cabai Merah Keriting/DI Yogyakarta/2024-10-01,34510.59890122642
Cabai Merah Keriting/DI Yogyakarta/2024-10-02,34510.62597888586
Cabai Merah Keriting/DI Yogyakarta/2024-10-03,34510.597702644445
Cabai Merah Keriting/DI Yogyakarta/2024-10-04,34510.63499667202
Cabai Merah Keriting/DI Yogyakarta/2024-10-05,34510.583107358674
Cabai Merah Keriting/DI Yogyakarta/2024-10-06,34510.61057310117
Cabai Merah Keriting/DI Yogyakarta/2024-10-07,34510.59454858676
Cabai Merah Keriting/DI Yogyakarta/2024-10-08,34510.60518863557
Cabai Merah Keriting/DI Yogyakarta/2024-10-09,34510.62307160276
Cabai Merah Keriting/DI Yogyakarta/2024-10-10,34510.62231856053
Cabai Merah Keriting/DI Yogyakarta/2024-10-11,34510.61678724446
Cabai Merah Keriting/DI Yogyakarta/2024-10-12,34510.61350572621
Cabai Merah Keriting/DI Yogyakarta/2024-10-13,34510.61201549366
Cabai Merah Keriting/DI Yogyakarta/2024-10-14,34510.61697254254
Cabai Merah Keriting/DI Yogyakarta/2024-10-15,34510.62844362774
Cabai Merah Keriting/DI Yogyakarta/2024-10-16,34510.609374073014
Cabai Merah Keriting/DI Yogyakarta/2024-10-17,34510.6269135002
Cabai Merah Keriting/DI Yogyakarta/2024-10-18,34510.60684198448
Cabai Merah Keriting/DI Yogyakarta/2024-10-19,34510.625841036635
Cabai Merah Keriting/DI Yogyakarta/2024-10-20,34510.60760929744
Cabai Merah Keriting/DI Yogyakarta/2024-10-21,34510.59947935524
Cabai Merah Keriting/DI Yogyakarta/2024-10-22,34510.59912533522
Cabai Merah Keriting/DI Yogyakarta/2024-10-23,34510.613661419375
Cabai Merah Keriting/DI Yogyakarta/2024-10-24,34510.602336799915
Cabai Merah Keriting/DI Yogyakarta/2024-10-25,34510.6286088521
Cabai Merah Keriting/DI Yogyakarta/2024-10-26,34510.58629584712
Cabai Merah Keriting/DI Yogyakarta/2024-10-27,34510.6197577551
Cabai Merah Keriting/DI Yogyakarta/2024-10-28,34510.62326145492
Cabai Merah Keriting/DI Yogyakarta/2024-10-29,34510.60971586414
Cabai Merah Keriting/DI Yogyakarta/2024-10-30,34510.60296350749
Cabai Merah Keriting/DI Yogyakarta/2024-10-31,34510.619238438754
Cabai Merah Keriting/DI Yogyakarta/2024-11-01,34510.59676936552
Cabai Merah Keriting/DI Yogyakarta/2024-11-02,34510.59168621494
Cabai Merah Keriting/DI Yogyakarta/2024-11-03,34510.60392168397
Cabai Merah Keriting/DI Yogyakarta/2024-11-04,34510.60830650247
Cabai Merah Keriting/DI Yogyakarta/2024-11-05,34510.598737316934
Cabai Merah Keriting/DI Yogyakarta/2024-11-06,34510.60973821116
Cabai Merah Keriting/DI Yogyakarta/2024-11-07,34510.60360730076
Cabai Merah Keriting/DI Yogyakarta/2024-11-08,34510.61172941248
Cabai Merah Keriting/DI Yogyakarta/2024-11-09,34510.605588210376
Cabai Merah Keriting/DI Yogyakarta/2024-11-10,34510.60021970013
Cabai Merah Keriting/DI Yogyakarta/2024-11-11,34510.59243200707
Cabai Merah Keriting/DI Yogyakarta/2024-11-12,34510.61044750895
Cabai Merah Keriting/DI Yogyakarta/2024-11-13,34510.59744523752
Cabai Merah Keriting/DI Yogyakarta/2024-11-14,34510.6229980122
Cabai Merah Keriting/DI Yogyakarta/2024-11-15,34510.606766175944
Cabai Merah Keriting/DI Yogyakarta/2024-11-16,34510.609823826504
Cabai Merah Keriting/DI Yogyakarta/2024-11-17,34510.608641472085
Cabai Merah Keriting/DI Yogyakarta/2024-11-18,34510.62171717807
Cabai Merah Keriting/DI Yogyakarta/2024-11-19,34510.59454297964
Cabai Merah Keriting/DI Yogyakarta/2024-11-20,34510.608269511584
Cabai Merah Keriting/DI Yogyakarta/2024-11-21,34510.60648492615
Cabai Merah Keriting/DI Yogyakarta/2024-11-22,34510.61555873483
Cabai Merah Keriting/DI Yogyakarta/2024-11-23,34510.60485939123
Cabai Merah Keriting/DI Yogyakarta/2024-11-24,34510.623920080325
Cabai Merah Keriting/DI Yogyakarta/2024-11-25,34510.6199687389
Cabai Merah Keriting/DI Yogyakarta/2024-11-26,34510.609825653744
Cabai Merah Keriting/DI Yogyakarta/2024-11-27,34510.602597109835
Cabai Merah Keriting/DI Yogyakarta/2024-11-28,34510.58862656858
Cabai Merah Keriting/DI Yogyakarta/2024-11-29,34510.61865612742
Cabai Merah Keriting/DI Yogyakarta/2024-11-30,34510.60574959481
Cabai Merah Keriting/DI Yogyakarta/2024-12-01,34510.60984535529
Cabai Merah Keriting/DI Yogyakarta/2024-12-02,34510.609929216334
Cabai Merah Keriting/DI Yogyakarta/2024-12-03,34510.59929489186
Cabai Merah Keriting/DI Yogyakarta/2024-12-04,34510.60673938571
Cabai Merah Keriting/DI Yogyakarta/2024-12-05,34510.599053883285
Cabai Merah Keriting/DI Yogyakarta/2024-12-06,34510.61312203192
Cabai Merah Keriting/DI Yogyakarta/2024-12-07,34510.61199729241
Cabai Merah Keriting/DI Yogyakarta/2024-12-08,34510.60576743744
Cabai Merah Keriting/DI Yogyakarta/2024-12-09,34510.605473652446
Cabai Merah Keriting/DI Yogyakarta/2024-12-10,34510.61178613871
Cabai Merah Keriting/DI Yogyakarta/2024-12-11,34510.60571251669
Cabai Merah Keriting/DI Yogyakarta/2024-12-12,34510.60776885958
Cabai Merah Keriting/DI Yogyakarta/2024-12-13,34510.60768558413
Cabai Merah Keriting/DI Yogyakarta/2024-12-14,34510.60443555517
Cabai Merah Keriting/DI Yogyakarta/2024-12-15,34510.59595282925
Cabai Merah Keriting/DI Yogyakarta/2024-12-16,34510.614461407946
Cabai Merah Keriting/DI Yogyakarta/2024-12-17,34510.60496316349
Cabai Merah Keriting/DI Yogyakarta/2024-12-18,34510.60942969532
Cabai Merah Keriting/DI Yogyakarta/2024-12-19,34510.60404776875
Cabai Merah Keriting/DI Yogyakarta/2024-12-20,34510.63241968358
Cabai Merah Keriting/DI Yogyakarta/2024-12-21,34510.6110635623
Cabai Merah Keriting/DI Yogyakarta/2024-12-22,34510.6052956892
Cabai Merah Keriting/DI Yogyakarta/2024-12-23,34510.589899971725
Cabai Merah Keriting/DI Yogyakarta/2024-12-24,34510.633592827595
Cabai Merah Keriting/DI Yogyakarta/2024-12-25,34510.60336382525
Cabai Merah Keriting/DI Yogyakarta/2024-12-26,34510.62023184434
Cabai Merah Keriting/DI Yogyakarta/2024-12-27,34510.613544125525
Cabai Merah Keriting/DI Yogyakarta/2024-12-28,34510.61288321706
Cabai Merah Keriting/DI Yogyakarta/2024-12-29,34510.6213182825
Cabai Merah Keriting/DI Yogyakarta/2024-12-30,34510.60915989965
Cabai Merah Keriting/DI Yogyakarta/2024-12-31,34510.5961408663
Cabai Merah Keriting/DKI Jakarta/2024-10-01,34510.604580601525
Cabai Merah Keriting/DKI Jakarta/2024-10-02,34510.62094533716
Cabai Merah Keriting/DKI Jakarta/2024-10-03,34510.61263180005
Cabai Merah Keriting/DKI Jakarta/2024-10-04,34510.62325353886
Cabai Merah Keriting/DKI Jakarta/2024-10-05,34510.61737538468
Cabai Merah Keriting/DKI Jakarta/2024-10-06,34510.60616556248
Cabai Merah Keriting/DKI Jakarta/2024-10-07,34510.602958013005
Cabai Merah Keriting/DKI Jakarta/2024-10-08,34510.60990327294
Cabai Merah Keriting/DKI Jakarta/2024-10-09,34510.62116450178
Cabai Merah Keriting/DKI Jakarta/2024-10-10,34510.60898149916
Cabai Merah Keriting/DKI Jakarta/2024-10-11,34510.61199131442
Cabai Merah Keriting/DKI Jakarta/2024-10-12,34510.595860674664
Cabai Merah Keriting/DKI Jakarta/2024-10-13,34510.60921076208
Cabai Merah Keriting/DKI Jakarta/2024-10-14,34510.59880509446
Cabai Merah Keriting/DKI Jakarta/2024-10-15,34510.61610612573
Cabai Merah Keriting/DKI Jakarta/2024-10-16,34510.61762569529
Cabai Merah Keriting/DKI Jakarta/2024-10-17,34510.61893789903
Cabai Merah Keriting/DKI Jakarta/2024-10-18,34510.613850217014
Cabai Merah Keriting/DKI Jakarta/2024-10-19,34510.60525170954
Cabai Merah Keriting/DKI Jakarta/2024-10-20,34510.595799932074
Cabai Merah Keriting/DKI Jakarta/2024-10-21,34510.60976413275
Cabai Merah Keriting/DKI Jakarta/2024-10-22,34510.59683962102
Cabai Merah Keriting/DKI Jakarta/2024-10-23,34510.61555492989
Cabai Merah Keriting/DKI Jakarta/2024-10-24,34510.60419509726
Cabai Merah Keriting/DKI Jakarta/2024-10-25,34510.59657782438
Cabai Merah Keriting/DKI Jakarta/2024-10-26,34510.61209750695
Cabai Merah Keriting/DKI Jakarta/2024-10-27,34510.598611600006
Cabai Merah Keriting/DKI Jakarta/2024-10-28,34510.60779213474
Cabai Merah Keriting/DKI Jakarta/2024-10-29,34510.62859263569
Cabai Merah Keriting/DKI Jakarta/2024-10-30,34510.60845051729
Cabai Merah Keriting/DKI Jakarta/2024-10-31,34510.603424409586
Cabai Merah Keriting/DKI Jakarta/2024-11-01,34510.606837904474
Cabai Merah Keriting/DKI Jakarta/2024-11-02,34510.60810918396
Cabai Merah Keriting/DKI Jakarta/2024-11-03,34510.61181340766
Cabai Merah Keriting/DKI Jakarta/2024-11-04,34510.60549249277
Cabai Merah Keriting/DKI Jakarta/2024-11-05,34510.613089123195
Cabai Merah Keriting/DKI Jakarta/2024-11-06,34510.60439927758
Cabai Merah Keriting/DKI Jakarta/2024-11-07,34510.60479283546
Cabai Merah Keriting/DKI Jakarta/2024-11-08,34510.613449117445
Cabai Merah Keriting/DKI Jakarta/2024-11-09,34510.61251008298
Cabai Merah Keriting/DKI Jakarta/2024-11-10,34510.59442502203
Cabai Merah Keriting/DKI Jakarta/2024-11-11,34510.621504163595
Cabai Merah Keriting/DKI Jakarta/2024-11-12,34510.604912274044
Cabai Merah Keriting/DKI Jakarta/2024-11-13,34510.6007519954
Cabai Merah Keriting/DKI Jakarta/2024-11-14,34510.61789490393
Cabai Merah Keriting/DKI Jakarta/2024-11-15,34510.59289600849
Cabai Merah Keriting/DKI Jakarta/2024-11-16,34510.61471870484
Cabai Merah Keriting/DKI Jakarta/2024-11-17,34510.59402931221
Cabai Merah Keriting/DKI Jakarta/2024-11-18,34510.60465459669
Cabai Merah Keriting/DKI Jakarta/2024-11-19,34510.6074085344
Cabai Merah Keriting/DKI Jakarta/2024-11-20,34510.60400733269
Cabai Merah Keriting/DKI Jakarta/2024-11-21,34510.60408333729
Cabai Merah Keriting/DKI Jakarta/2024-11-22,34510.61409711929
Cabai Merah Keriting/DKI Jakarta/2024-11-23,34510.59272885312
Cabai Merah Keriting/DKI Jakarta/2024-11-24,34510.59175246038
Cabai Merah Keriting/DKI Jakarta/2024-11-25,34510.613261055885
Cabai Merah Keriting/DKI Jakarta/2024-11-26,34510.62312054196
Cabai Merah Keriting/DKI Jakarta/2024-11-27,34510.605872486645
Cabai Merah Keriting/DKI Jakarta/2024-11-28,34510.61219537211
Cabai Merah Keriting/DKI Jakarta/2024-11-29,34510.608467545564
Cabai Merah Keriting/DKI Jakarta/2024-11-30,34510.5994152829
Cabai Merah Keriting/DKI Jakarta/2024-12-01,34510.607300712705
Cabai Merah Keriting/DKI Jakarta/2024-12-02,34510.625908979826
Cabai Merah Keriting/DKI Jakarta/2024-12-03,34510.6045408884
Cabai Merah Keriting/DKI Jakarta/2024-12-04,34510.60174312623
Cabai Merah Keriting/DKI Jakarta/2024-12-05,34510.60289533652
Cabai Merah Keriting/DKI Jakarta/2024-12-06,34510.604138309194
Cabai Merah Keriting/DKI Jakarta/2024-12-07,34510.60639735009
Cabai Merah Keriting/DKI Jakarta/2024-12-08,34510.5791729889
Cabai Merah Keriting/DKI Jakarta/2024-12-09,34510.62022055077
Cabai Merah Keriting/DKI Jakarta/2024-12-10,34510.60983157148
Cabai Merah Keriting/DKI Jakarta/2024-12-11,34510.61243086547
Cabai Merah Keriting/DKI Jakarta/2024-12-12,34510.5968859664
Cabai Merah Keriting/DKI Jakarta/2024-12-13,34510.603055223226
Cabai Merah Keriting/DKI Jakarta/2024-12-14,34510.62409578559
Cabai Merah Keriting/DKI Jakarta/2024-12-15,34510.61695561044
Cabai Merah Keriting/DKI Jakarta/2024-12-16,34510.62817482225
Cabai Merah Keriting/DKI Jakarta/2024-12-17,34510.60270159375
Cabai Merah Keriting/DKI Jakarta/2024-12-18,34510.616245170175
Cabai Merah Keriting/DKI Jakarta/2024-12-19,34510.59818220147
Cabai Merah Keriting/DKI Jakarta/2024-12-20,34510.63074611071
Cabai Merah Keriting/DKI Jakarta/2024-12-21,34510.623907117144
Cabai Merah Keriting/DKI Jakarta/2024-12-22,34510.607222125815
Cabai Merah Keriting/DKI Jakarta/2024-12-23,34510.616969483744
Cabai Merah Keriting/DKI Jakarta/2024-12-24,34510.609628856924
Cabai Merah Keriting/DKI Jakarta/2024-12-25,34510.61064427028
Cabai Merah Keriting/DKI Jakarta/2024-12-26,34510.622512255446
Cabai Merah Keriting/DKI Jakarta/2024-12-27,34510.60063845623
Cabai Merah Keriting/DKI Jakarta/2024-12-28,34510.62533624758
Cabai Merah Keriting/DKI Jakarta/2024-12-29,34510.62275683969
Cabai Merah Keriting/DKI Jakarta/2024-12-30,34510.61625645702
Cabai Merah Keriting/DKI Jakarta/2024-12-31,34510.61688428229
Cabai Merah Keriting/Gorontalo/2024-10-01,34510.59796467604
Cabai Merah Keriting/Gorontalo/2024-10-02,34510.616709293456
Cabai Merah Keriting/Gorontalo/2024-10-03,34510.60718613124
Cabai Merah Keriting/Gorontalo/2024-10-04,34510.6151112307
Cabai Merah Keriting/Gorontalo/2024-10-05,34510.591755095214
Cabai Merah Keriting/Gorontalo/2024-10-06,34510.613357183225
Cabai Merah Keriting/Gorontalo/2024-10-07,34510.59846698752
Cabai Merah Keriting/Gorontalo/2024-10-08,34510.62328706748
Cabai Merah Keriting/Gorontalo/2024-10-09,34510.62433257934
Cabai Merah Keriting/Gorontalo/2024-10-10,34510.609570002576
Cabai Merah Keriting/Gorontalo/2024-10-11,34510.605523486694
Cabai Merah Keriting/Gorontalo/2024-10-12,34510.610002644215
Cabai Merah Keriting/Gorontalo/2024-10-13,34510.60417354032
Cabai Merah Keriting/Gorontalo/2024-10-14,34510.60856027623
Cabai Merah Keriting/Gorontalo/2024-10-15,34510.60275318296
Cabai Merah Keriting/Gorontalo/2024-10-16,34510.59944883896
Cabai Merah Keriting/Gorontalo/2024-10-17,34510.61591675154
Cabai Merah Keriting/Gorontalo/2024-10-18,34510.62047991032
Cabai Merah Keriting/Gorontalo/2024-10-19,34510.592019889176
Cabai Merah Keriting/Gorontalo/2024-10-20,34510.6169635551
Cabai Merah Keriting/Gorontalo/2024-10-21,34510.60659600916
Cabai Merah Keriting/Gorontalo/2024-10-22,34510.6130052835
Cabai Merah Keriting/Gorontalo/2024-10-23,34510.60810058189
Cabai Merah Keriting/Gorontalo/2024-10-24,34510.6101507212
Cabai Merah Keriting/Gorontalo/2024-10-25,34510.60838624746
Cabai Merah Keriting/Gorontalo/2024-10-26,34510.60091000723
Cabai Merah Keriting/Gorontalo/2024-10-27,34510.593685987886
Cabai Merah Keriting/Gorontalo/2024-10-28,34510.599912882746
Cabai Merah Keriting/Gorontalo/2024-10-29,34510.63871829566
Cabai Merah Keriting/Gorontalo/2024-10-30,34510.61237279058
Cabai Merah Keriting/Gorontalo/2024-10-31,34510.59410603643
Cabai Merah Keriting/Gorontalo/2024-11-01,34510.61310844677
Cabai Merah Keriting/Gorontalo/2024-11-02,34510.61827640355
Cabai Merah Keriting/Gorontalo/2024-11-03,34510.61461137283
Cabai Merah Keriting/Gorontalo/2024-11-04,34510.63010329506
Cabai Merah Keriting/Gorontalo/2024-11-05,34510.608335959885
Cabai Merah Keriting/Gorontalo/2024-11-06,34510.61380343345
Cabai Merah Keriting/Gorontalo/2024-11-07,34510.61040588359
Cabai Merah Keriting/Gorontalo/2024-11-08,34510.62761486226
Cabai Merah Keriting/Gorontalo/2024-11-09,34510.60722250768
Cabai Merah Keriting/Gorontalo/2024-11-10,34510.5980324539
Cabai Merah Keriting/Gorontalo/2024-11-11,34510.612246134966
Cabai Merah Keriting/Gorontalo/2024-11-12,34510.597044067974
Cabai Merah Keriting/Gorontalo/2024-11-13,34510.61360506909
Cabai Merah Keriting/Gorontalo/2024-11-14,34510.61192141779
Cabai Merah Keriting/Gorontalo/2024-11-15,34510.62170714395
Cabai Merah Keriting/Gorontalo/2024-11-16,34510.61238524104
Cabai Merah Keriting/Gorontalo/2024-11-17,34510.60420582494
Cabai Merah Keriting/Gorontalo/2024-11-18,34510.59553362783
Cabai Merah Keriting/Gorontalo/2024-11-19,34510.61071192386
Cabai Merah Keriting/Gorontalo/2024-11-20,34510.60640659349
Cabai Merah Keriting/Gorontalo/2024-11-21,34510.60969187377
Cabai Merah Keriting/Gorontalo/2024-11-22,34510.59242065094
Cabai Merah Keriting/Gorontalo/2024-11-23,34510.617143969226
Cabai Merah Keriting/Gorontalo/2024-11-24,34510.60464986379
Cabai Merah Keriting/Gorontalo/2024-11-25,34510.619357094925
Cabai Merah Keriting/Gorontalo/2024-11-26,34510.60143762799
Cabai Merah Keriting/Gorontalo/2024-11-27,34510.61539831105
Cabai Merah Keriting/Gorontalo/2024-11-28,34510.61517165775
Cabai Merah Keriting/Gorontalo/2024-11-29,34510.60836749412
Cabai Merah Keriting/Gorontalo/2024-11-30,34510.6119220775
Cabai Merah Keriting/Gorontalo/2024-12-01,34510.61915413454
Cabai Merah Keriting/Gorontalo/2024-12-02,34510.5958364118
Cabai Merah Keriting/Gorontalo/2024-12-03,34510.5970064406
Cabai Merah Keriting/Gorontalo/2024-12-04,34510.61263085803
Cabai Merah Keriting/Gorontalo/2024-12-05,34510.6158810418
Cabai Merah Keriting/Gorontalo/2024-12-06,34510.60195523671
Cabai Merah Keriting/Gorontalo/2024-12-07,34510.59770004563
Cabai Merah Keriting/Gorontalo/2024-12-08,34510.602218155705
Cabai Merah Keriting/Gorontalo/2024-12-09,34510.601780032586
Cabai Merah Keriting/Gorontalo/2024-12-10,34510.597187693165
Cabai Merah Keriting/Gorontalo/2024-12-11,34510.60024138376
Cabai Merah Keriting/Gorontalo/2024-12-12,34510.592567873224
Cabai Merah Keriting/Gorontalo/2024-12-13,34510.60288971977
Cabai Merah Keriting/Gorontalo/2024-12-14,34510.61638749793
Cabai Merah Keriting/Gorontalo/2024-12-15,34510.59429368113
Cabai Merah Keriting/Gorontalo/2024-12-16,34510.5923957678
Cabai Merah Keriting/Gorontalo/2024-12-17,34510.61687625352
Cabai Merah Keriting/Gorontalo/2024-12-18,34510.62216555988
Cabai Merah Keriting/Gorontalo/2024-12-19,34510.61398189573
Cabai Merah Keriting/Gorontalo/2024-12-20,34510.60899407815
Cabai Merah Keriting/Gorontalo/2024-12-21,34510.61605840989
Cabai Merah Keriting/Gorontalo/2024-12-22,34510.60525996996
Cabai Merah Keriting/Gorontalo/2024-12-23,34510.60397711007
Cabai Merah Keriting/Gorontalo/2024-12-24,34510.60142155173
Cabai Merah Keriting/Gorontalo/2024-12-25,34510.60996276706
Cabai Merah Keriting/Gorontalo/2024-12-26,34510.6038593651
Cabai Merah Keriting/Gorontalo/2024-12-27,34510.596276438424
Cabai Merah Keriting/Gorontalo/2024-12-28,34510.60040001863
Cabai Merah Keriting/Gorontalo/2024-12-29,34510.60754049568
Cabai Merah Keriting/Gorontalo/2024-12-30,34510.629441043304
Cabai Merah Keriting/Gorontalo/2024-12-31,34510.613161884175
Cabai Merah Keriting/Jambi/2024-10-01,34510.60908368898
Cabai Merah Keriting/Jambi/2024-10-02,34510.61046735881
Cabai Merah Keriting/Jambi/2024-10-03,34510.59638186355
Cabai Merah Keriting/Jambi/2024-10-04,34510.604548081705
Cabai Merah Keriting/Jambi/2024-10-05,34510.60666690842
Cabai Merah Keriting/Jambi/2024-10-06,34510.62121563785
Cabai Merah Keriting/Jambi/2024-10-07,34510.613865997664
Cabai Merah Keriting/Jambi/2024-10-08,34510.605529572225
Cabai Merah Keriting/Jambi/2024-10-09,34510.61840907168
Cabai Merah Keriting/Jambi/2024-10-10,34510.596228951974
Cabai Merah Keriting/Jambi/2024-10-11,34510.599258083465
Cabai Merah Keriting/Jambi/2024-10-12,34510.60806256601
Cabai Merah Keriting/Jambi/2024-10-13,34510.60502525057
Cabai Merah Keriting/Jambi/2024-10-14,34510.62149494375
Cabai Merah Keriting/Jambi/2024-10-15,34510.61795279234
Cabai Merah Keriting/Jambi/2024-10-16,34510.59152185414
Cabai Merah Keriting/Jambi/2024-10-17,34510.5975124796
Cabai Merah Keriting/Jambi/2024-10-18,34510.59427240656
Cabai Merah Keriting/Jambi/2024-10-19,34510.599222391604
Cabai Merah Keriting/Jambi/2024-10-20,34510.608228102414
Cabai Merah Keriting/Jambi/2024-10-21,34510.621000283674
Cabai Merah Keriting/Jambi/2024-10-22,34510.602511693745
Cabai Merah Keriting/Jambi/2024-10-23,34510.61531797216
Cabai Merah Keriting/Jambi/2024-10-24,34510.58494086279
Cabai Merah Keriting/Jambi/2024-10-25,34510.61650983201
Cabai Merah Keriting/Jambi/2024-10-26,34510.62310885316
Cabai Merah Keriting/Jambi/2024-10-27,34510.60493373322
Cabai Merah Keriting/Jambi/2024-10-28,34510.58978315933
Cabai Merah Keriting/Jambi/2024-10-29,34510.59600109104
Cabai Merah Keriting/Jambi/2024-10-30,34510.61571732939
Cabai Merah Keriting/Jambi/2024-10-31,34510.64351536114
Cabai Merah Keriting/Jambi/2024-11-01,34510.58760709235
Cabai Merah Keriting/Jambi/2024-11-02,34510.62149715102
Cabai Merah Keriting/Jambi/2024-11-03,34510.61248319229
Cabai Merah Keriting/Jambi/2024-11-04,34510.60936509236
Cabai Merah Keriting/Jambi/2024-11-05,34510.60152515963
Cabai Merah Keriting/Jambi/2024-11-06,34510.636927658095
Cabai Merah Keriting/Jambi/2024-11-07,34510.614143510946
Cabai Merah Keriting/Jambi/2024-11-08,34510.61153850046
Cabai Merah Keriting/Jambi/2024-11-09,34510.603364241375
Cabai Merah Keriting/Jambi/2024-11-10,34510.62282593308
Cabai Merah Keriting/Jambi/2024-11-11,34510.58981837904
Cabai Merah Keriting/Jambi/2024-11-12,34510.61979535921
Cabai Merah Keriting/Jambi/2024-11-13,34510.612885746494
Cabai Merah Keriting/Jambi/2024-11-14,34510.614070413
Cabai Merah Keriting/Jambi/2024-11-15,34510.59170109801
Cabai Merah Keriting/Jambi/2024-11-16,34510.61307918836
Cabai Merah Keriting/Jambi/2024-11-17,34510.58671005612
Cabai Merah Keriting/Jambi/2024-11-18,34510.61462103149
Cabai Merah Keriting/Jambi/2024-11-19,34510.61303496013
Cabai Merah Keriting/Jambi/2024-11-20,34510.61188070915
Cabai Merah Keriting/Jambi/2024-11-21,34510.603165848785
Cabai Merah Keriting/Jambi/2024-11-22,34510.59537001695
Cabai Merah Keriting/Jambi/2024-11-23,34510.61708435191
Cabai Merah Keriting/Jambi/2024-11-24,34510.61339700977
Cabai Merah Keriting/Jambi/2024-11-25,34510.61395413826
Cabai Merah Keriting/Jambi/2024-11-26,34510.594350412954
Cabai Merah Keriting/Jambi/2024-11-27,34510.59994643321
Cabai Merah Keriting/Jambi/2024-11-28,34510.63009753365
Cabai Merah Keriting/Jambi/2024-11-29,34510.60093599651
Cabai Merah Keriting/Jambi/2024-11-30,34510.61416177523
Cabai Merah Keriting/Jambi/2024-12-01,34510.6102623125
Cabai Merah Keriting/Jambi/2024-12-02,34510.61413173176
Cabai Merah Keriting/Jambi/2024-12-03,34510.62583202906
Cabai Merah Keriting/Jambi/2024-12-04,34510.617316184376
Cabai Merah Keriting/Jambi/2024-12-05,34510.60309279236
Cabai Merah Keriting/Jambi/2024-12-06,34510.6142499238
Cabai Merah Keriting/Jambi/2024-12-07,34510.58967468641
Cabai Merah Keriting/Jambi/2024-12-08,34510.61092204509
Cabai Merah Keriting/Jambi/2024-12-09,34510.6004602668
Cabai Merah Keriting/Jambi/2024-12-10,34510.6307498927
Cabai Merah Keriting/Jambi/2024-12-11,34510.61928040583
Cabai Merah Keriting/Jambi/2024-12-12,34510.62356056936
Cabai Merah Keriting/Jambi/2024-12-13,34510.62961633727
Cabai Merah Keriting/Jambi/2024-12-14,34510.62210883445
Cabai Merah Keriting/Jambi/2024-12-15,34510.6030160562
Cabai Merah Keriting/Jambi/2024-12-16,34510.60748546675
Cabai Merah Keriting/Jambi/2024-12-17,34510.61068480038
Cabai Merah Keriting/Jambi/2024-12-18,34510.61735492405
Cabai Merah Keriting/Jambi/2024-12-19,34510.59792038875
Cabai Merah Keriting/Jambi/2024-12-20,34510.60318872751
Cabai Merah Keriting/Jambi/2024-12-21,34510.62817064511
Cabai Merah Keriting/Jambi/2024-12-22,34510.596887230626
Cabai Merah Keriting/Jambi/2024-12-23,34510.6122329017
Cabai Merah Keriting/Jambi/2024-12-24,34510.59347287255
Cabai Merah Keriting/Jambi/2024-12-25,34510.60158368056
Cabai Merah Keriting/Jambi/2024-12-26,34510.59903638898
Cabai Merah Keriting/Jambi/2024-12-27,34510.60976847565
Cabai Merah Keriting/Jambi/2024-12-28,34510.61886114862
Cabai Merah Keriting/Jambi/2024-12-29,34510.61510179437
Cabai Merah Keriting/Jambi/2024-12-30,34510.595113802105
Cabai Merah Keriting/Jambi/2024-12-31,34510.61726940837
Cabai Merah Keriting/Jawa Barat/2024-10-01,34510.610444053214
Cabai Merah Keriting/Jawa Barat/2024-10-02,34510.60295109302
Cabai Merah Keriting/Jawa Barat/2024-10-03,34510.60514795982
Cabai Merah Keriting/Jawa Barat/2024-10-04,34510.60170671466
Cabai Merah Keriting/Jawa Barat/2024-10-05,34510.61310273776
Cabai Merah Keriting/Jawa Barat/2024-10-06,34510.6139798191
Cabai Merah Keriting/Jawa Barat/2024-10-07,34510.610287313466
Cabai Merah Keriting/Jawa Barat/2024-10-08,34510.615582544124
Cabai Merah Keriting/Jawa Barat/2024-10-09,34510.61395203431
Cabai Merah Keriting/Jawa Barat/2024-10-10,34510.59232067657
Cabai Merah Keriting/Jawa Barat/2024-10-11,34510.59551894035
Cabai Merah Keriting/Jawa Barat/2024-10-12,34510.600945434715
Cabai Merah Keriting/Jawa Barat/2024-10-13,34510.60349835542
Cabai Merah Keriting/Jawa Barat/2024-10-14,34510.611970744525
Cabai Merah Keriting/Jawa Barat/2024-10-15,34510.59812761845
Cabai Merah Keriting/Jawa Barat/2024-10-16,34510.58518154097
Cabai Merah Keriting/Jawa Barat/2024-10-17,34510.61210742777
Cabai Merah Keriting/Jawa Barat/2024-10-18,34510.60920787093
Cabai Merah Keriting/Jawa Barat/2024-10-19,34510.60779189306
Cabai Merah Keriting/Jawa Barat/2024-10-20,34510.59804040338
Cabai Merah Keriting/Jawa Barat/2024-10-21,34510.612622742185
Cabai Merah Keriting/Jawa Barat/2024-10-22,34510.607482009924
Cabai Merah Keriting/Jawa Barat/2024-10-23,34510.60931883713
Cabai Merah Keriting/Jawa Barat/2024-10-24,34510.57476019264
Cabai Merah Keriting/Jawa Barat/2024-10-25,34510.59904076341
Cabai Merah Keriting/Jawa Barat/2024-10-26,34510.606063269464
Cabai Merah Keriting/Jawa Barat/2024-10-27,34510.615297763274
Cabai Merah Keriting/Jawa Barat/2024-10-28,34510.6164156896
Cabai Merah Keriting/Jawa Barat/2024-10-29,34510.61755334233
Cabai Merah Keriting/Jawa Barat/2024-10-30,34510.59116809816
Cabai Merah Keriting/Jawa Barat/2024-10-31,34510.6052983307
Cabai Merah Keriting/Jawa Barat/2024-11-01,34510.60849442933
Cabai Merah Keriting/Jawa Barat/2024-11-02,34510.615401970215
Cabai Merah Keriting/Jawa Barat/2024-11-03,34510.59224105305
Cabai Merah Keriting/Jawa Barat/2024-11-04,34510.60964975483
Cabai Merah Keriting/Jawa Barat/2024-11-05,34510.62299779576
Cabai Merah Keriting/Jawa Barat/2024-11-06,34510.619010895105
Cabai Merah Keriting/Jawa Barat/2024-11-07,34510.62708104024
Cabai Merah Keriting/Jawa Barat/2024-11-08,34510.6260753242
Cabai Merah Keriting/Jawa Barat/2024-11-09,34510.62258700107
Cabai Merah Keriting/Jawa Barat/2024-11-10,34510.609643517004
Cabai Merah Keriting/Jawa Barat/2024-11-11,34510.59346018263
Cabai Merah Keriting/Jawa Barat/2024-11-12,34510.62468819844
Cabai Merah Keriting/Jawa Barat/2024-11-13,34510.60840693722
Cabai Merah Keriting/Jawa Barat/2024-11-14,34510.62290780057
Cabai Merah Keriting/Jawa Barat/2024-11-15,34510.63252470856
Cabai Merah Keriting/Jawa Barat/2024-11-16,34510.61104397485
Cabai Merah Keriting/Jawa Barat/2024-11-17,34510.62141056623
Cabai Merah Keriting/Jawa Barat/2024-11-18,34510.60620731679
Cabai Merah Keriting/Jawa Barat/2024-11-19,34510.58720575734
Cabai Merah Keriting/Jawa Barat/2024-11-20,34510.60721438051
Cabai Merah Keriting/Jawa Barat/2024-11-21,34510.627460549
Cabai Merah Keriting/Jawa Barat/2024-11-22,34510.60732796892
Cabai Merah Keriting/Jawa Barat/2024-11-23,34510.62041871721
Cabai Merah Keriting/Jawa Barat/2024-11-24,34510.62021572015
Cabai Merah Keriting/Jawa Barat/2024-11-25,34510.61226130742
Cabai Merah Keriting/Jawa Barat/2024-11-26,34510.60174386299
Cabai Merah Keriting/Jawa Barat/2024-11-27,34510.60731248002
Cabai Merah Keriting/Jawa Barat/2024-11-28,34510.625635417404
Cabai Merah Keriting/Jawa Barat/2024-11-29,34510.61685367803
Cabai Merah Keriting/Jawa Barat/2024-11-30,34510.622362030495
Cabai Merah Keriting/Jawa Barat/2024-12-01,34510.59748853366
Cabai Merah Keriting/Jawa Barat/2024-12-02,34510.61401622482
Cabai Merah Keriting/Jawa Barat/2024-12-03,34510.60254822028
Cabai Merah Keriting/Jawa Barat/2024-12-04,34510.603866309764
Cabai Merah Keriting/Jawa Barat/2024-12-05,34510.60015398405
Cabai Merah Keriting/Jawa Barat/2024-12-06,34510.605505169144
Cabai Merah Keriting/Jawa Barat/2024-12-07,34510.614934360136
Cabai Merah Keriting/Jawa Barat/2024-12-08,34510.60657286455
Cabai Merah Keriting/Jawa Barat/2024-12-09,34510.60122704228
Cabai Merah Keriting/Jawa Barat/2024-12-10,34510.61487632001
Cabai Merah Keriting/Jawa Barat/2024-12-11,34510.62865883879
Cabai Merah Keriting/Jawa Barat/2024-12-12,34510.60671782029
Cabai Merah Keriting/Jawa Barat/2024-12-13,34510.612438397024
Cabai Merah Keriting/Jawa Barat/2024-12-14,34510.60250880162
Cabai Merah Keriting/Jawa Barat/2024-12-15,34510.59690247097
Cabai Merah Keriting/Jawa Barat/2024-12-16,34510.61762637975
Cabai Merah Keriting/Jawa Barat/2024-12-17,34510.60961368882
Cabai Merah Keriting/Jawa Barat/2024-12-18,34510.613406775985
Cabai Merah Keriting/Jawa Barat/2024-12-19,34510.60505365859
Cabai Merah Keriting/Jawa Barat/2024-12-20,34510.61812776514
Cabai Merah Keriting/Jawa Barat/2024-12-21,34510.61137016962
Cabai Merah Keriting/Jawa Barat/2024-12-22,34510.60241030549
Cabai Merah Keriting/Jawa Barat/2024-12-23,34510.615864088504
Cabai Merah Keriting/Jawa Barat/2024-12-24,34510.62326497516
Cabai Merah Keriting/Jawa Barat/2024-12-25,34510.61887478041
Cabai Merah Keriting/Jawa Barat/2024-12-26,34510.610851474215
Cabai Merah Keriting/Jawa Barat/2024-12-27,34510.622973976475
Cabai Merah Keriting/Jawa Barat/2024-12-28,34510.62387403487
Cabai Merah Keriting/Jawa Barat/2024-12-29,34510.61348414439
Cabai Merah Keriting/Jawa Barat/2024-12-30,34510.5994460948
Cabai Merah Keriting/Jawa Barat/2024-12-31,34510.6217154501
Cabai Merah Keriting/Jawa Tengah/2024-10-01,34510.605044243544
Cabai Merah Keriting/Jawa Tengah/2024-10-02,34510.61651130646
Cabai Merah Keriting/Jawa Tengah/2024-10-03,34510.61345843392
Cabai Merah Keriting/Jawa Tengah/2024-10-04,34510.606877252474
Cabai Merah Keriting/Jawa Tengah/2024-10-05,34510.62165989766
Cabai Merah Keriting/Jawa Tengah/2024-10-06,34510.60404824907
Cabai Merah Keriting/Jawa Tengah/2024-10-07,34510.61398891134
Cabai Merah Keriting/Jawa Tengah/2024-10-08,34510.61745672045
Cabai Merah Keriting/Jawa Tengah/2024-10-09,34510.609226469045
Cabai Merah Keriting/Jawa Tengah/2024-10-10,34510.59389364918
Cabai Merah Keriting/Jawa Tengah/2024-10-11,34510.60217041112
Cabai Merah Keriting/Jawa Tengah/2024-10-12,34510.60879858651
Cabai Merah Keriting/Jawa Tengah/2024-10-13,34510.61383634603
Cabai Merah Keriting/Jawa Tengah/2024-10-14,34510.62023811395
Cabai Merah Keriting/Jawa Tengah/2024-10-15,34510.61780648044
Cabai Merah Keriting/Jawa Tengah/2024-10-16,34510.603907209355
Cabai Merah Keriting/Jawa Tengah/2024-10-17,34510.62273848338
Cabai Merah Keriting/Jawa Tengah/2024-10-18,34510.6029599084
Cabai Merah Keriting/Jawa Tengah/2024-10-19,34510.604583987166
Cabai Merah Keriting/Jawa Tengah/2024-10-20,34510.60741914686
Cabai Merah Keriting/Jawa Tengah/2024-10-21,34510.612940499544
Cabai Merah Keriting/Jawa Tengah/2024-10-22,34510.63652039265
Cabai Merah Keriting/Jawa Tengah/2024-10-23,34510.613037094125
Cabai Merah Keriting/Jawa Tengah/2024-10-24,34510.61881935998
Cabai Merah Keriting/Jawa Tengah/2024-10-25,34510.62612642088
Cabai Merah Keriting/Jawa Tengah/2024-10-26,34510.60575778097
Cabai Merah Keriting/Jawa Tengah/2024-10-27,34510.60488282736
Cabai Merah Keriting/Jawa Tengah/2024-10-28,34510.61017874993
Cabai Merah Keriting/Jawa Tengah/2024-10-29,34510.59802759071
Cabai Merah Keriting/Jawa Tengah/2024-10-30,34510.60371272891
Cabai Merah Keriting/Jawa Tengah/2024-10-31,34510.6229762004
Cabai Merah Keriting/Jawa Tengah/2024-11-01,34510.60537103906
Cabai Merah Keriting/Jawa Tengah/2024-11-02,34510.59589759665
Cabai Merah Keriting/Jawa Tengah/2024-11-03,34510.622205984975
Cabai Merah Keriting/Jawa Tengah/2024-11-04,34510.6145141301
Cabai Merah Keriting/Jawa Tengah/2024-11-05,34510.6045836933
Cabai Merah Keriting/Jawa Tengah/2024-11-06,34510.603902460345
Cabai Merah Keriting/Jawa Tengah/2024-11-07,34510.6180008474
Cabai Merah Keriting/Jawa Tengah/2024-11-08,34510.598786570015
Cabai Merah Keriting/Jawa Tengah/2024-11-09,34510.601091814504
Cabai Merah Keriting/Jawa Tengah/2024-11-10,34510.62002107685
Cabai Merah Keriting/Jawa Tengah/2024-11-11,34510.61090876539
Cabai Merah Keriting/Jawa Tengah/2024-11-12,34510.61873747377
Cabai Merah Keriting/Jawa Tengah/2024-11-13,34510.61116208201
Cabai Merah Keriting/Jawa Tengah/2024-11-14,34510.60624789895
Cabai Merah Keriting/Jawa Tengah/2024-11-15,34510.61760985403
Cabai Merah Keriting/Jawa Tengah/2024-11-16,34510.59846398835
Cabai Merah Keriting/Jawa Tengah/2024-11-17,34510.61852216082
Cabai Merah Keriting/Jawa Tengah/2024-11-18,34510.611180571585
Cabai Merah Keriting/Jawa Tengah/2024-11-19,34510.60974782514
Cabai Merah Keriting/Jawa Tengah/2024-11-20,34510.59965057639
Cabai Merah Keriting/Jawa Tengah/2024-11-21,34510.61036308377
Cabai Merah Keriting/Jawa Tengah/2024-11-22,34510.60667634937
Cabai Merah Keriting/Jawa Tengah/2024-11-23,34510.617575093944
Cabai Merah Keriting/Jawa Tengah/2024-11-24,34510.63180993452
Cabai Merah Keriting/Jawa Tengah/2024-11-25,34510.62016599933
Cabai Merah Keriting/Jawa Tengah/2024-11-26,34510.599040271336
Cabai Merah Keriting/Jawa Tengah/2024-11-27,34510.60375877017
Cabai Merah Keriting/Jawa Tengah/2024-11-28,34510.61206868423
Cabai Merah Keriting/Jawa Tengah/2024-11-29,34510.578016675005
Cabai Merah Keriting/Jawa Tengah/2024-11-30,34510.60201281084
Cabai Merah Keriting/Jawa Tengah/2024-12-01,34510.61685014164
Cabai Merah Keriting/Jawa Tengah/2024-12-02,34510.603531244524
Cabai Merah Keriting/Jawa Tengah/2024-12-03,34510.62982004266
Cabai Merah Keriting/Jawa Tengah/2024-12-04,34510.60451190371
Cabai Merah Keriting/Jawa Tengah/2024-12-05,34510.60586139795
Cabai Merah Keriting/Jawa Tengah/2024-12-06,34510.61339867345
Cabai Merah Keriting/Jawa Tengah/2024-12-07,34510.61382078978
Cabai Merah Keriting/Jawa Tengah/2024-12-08,34510.62126915385
Cabai Merah Keriting/Jawa Tengah/2024-12-09,34510.599902895185
Cabai Merah Keriting/Jawa Tengah/2024-12-10,34510.602327381144
Cabai Merah Keriting/Jawa Tengah/2024-12-11,34510.59541940885
Cabai Merah Keriting/Jawa Tengah/2024-12-12,34510.60279526659
Cabai Merah Keriting/Jawa Tengah/2024-12-13,34510.60368814303
Cabai Merah Keriting/Jawa Tengah/2024-12-14,34510.61397135089
Cabai Merah Keriting/Jawa Tengah/2024-12-15,34510.62672081479
Cabai Merah Keriting/Jawa Tengah/2024-12-16,34510.611464580354
Cabai Merah Keriting/Jawa Tengah/2024-12-17,34510.61761576901
Cabai Merah Keriting/Jawa Tengah/2024-12-18,34510.6202990893
Cabai Merah Keriting/Jawa Tengah/2024-12-19,34510.60802887535
Cabai Merah Keriting/Jawa Tengah/2024-12-20,34510.63463512425
Cabai Merah Keriting/Jawa Tengah/2024-12-21,34510.619925727995
Cabai Merah Keriting/Jawa Tengah/2024-12-22,34510.61599606872
Cabai Merah Keriting/Jawa Tengah/2024-12-23,34510.59429805676
Cabai Merah Keriting/Jawa Tengah/2024-12-24,34510.609052951135
Cabai Merah Keriting/Jawa Tengah/2024-12-25,34510.61097246462
Cabai Merah Keriting/Jawa Tengah/2024-12-26,34510.61592255184
Cabai Merah Keriting/Jawa Tengah/2024-12-27,34510.61311036429
Cabai Merah Keriting/Jawa Tengah/2024-12-28,34510.61282905697
Cabai Merah Keriting/Jawa Tengah/2024-12-29,34510.58980616264
Cabai Merah Keriting/Jawa Tengah/2024-12-30,34510.61515457699
Cabai Merah Keriting/Jawa Tengah/2024-12-31,34510.61075693856
Cabai Merah Keriting/Jawa Timur/2024-10-01,34510.610865776565
Cabai Merah Keriting/Jawa Timur/2024-10-02,34510.60340680686
Cabai Merah Keriting/Jawa Timur/2024-10-03,34510.59704283698
Cabai Merah Keriting/Jawa Timur/2024-10-04,34510.60573243139
Cabai Merah Keriting/Jawa Timur/2024-10-05,34510.616876488835
Cabai Merah Keriting/Jawa Timur/2024-10-06,34510.63257188888
Cabai Merah Keriting/Jawa Timur/2024-10-07,34510.611924560515
Cabai Merah Keriting/Jawa Timur/2024-10-08,34510.62173532744
Cabai Merah Keriting/Jawa Timur/2024-10-09,34510.59733800412
Cabai Merah Keriting/Jawa Timur/2024-10-10,34510.6081486474
Cabai Merah Keriting/Jawa Timur/2024-10-11,34510.620829550666
Cabai Merah Keriting/Jawa Timur/2024-10-12,34510.61254322578
Cabai Merah Keriting/Jawa Timur/2024-10-13,34510.61365520578
Cabai Merah Keriting/Jawa Timur/2024-10-14,34510.60125615689
Cabai Merah Keriting/Jawa Timur/2024-10-15,34510.62078323114
Cabai Merah Keriting/Jawa Timur/2024-10-16,34510.59668580414
Cabai Merah Keriting/Jawa Timur/2024-10-17,34510.60008086714
Cabai Merah Keriting/Jawa Timur/2024-10-18,34510.62886482826
Cabai Merah Keriting/Jawa Timur/2024-10-19,34510.621736882735
Cabai Merah Keriting/Jawa Timur/2024-10-20,34510.61844292818
Cabai Merah Keriting/Jawa Timur/2024-10-21,34510.60039667257
Cabai Merah Keriting/Jawa Timur/2024-10-22,34510.624694468
Cabai Merah Keriting/Jawa Timur/2024-10-23,34510.60522863303
Cabai Merah Keriting/Jawa Timur/2024-10-24,34510.58784558081
Cabai Merah Keriting/Jawa Timur/2024-10-25,34510.608315095225
Cabai Merah Keriting/Jawa Timur/2024-10-26,34510.59019151059
Cabai Merah Keriting/Jawa Timur/2024-10-27,34510.62216989064
Cabai Merah Keriting/Jawa Timur/2024-10-28,34510.61668002134
Cabai Merah Keriting/Jawa Timur/2024-10-29,34510.59835740954
Cabai Merah Keriting/Jawa Timur/2024-10-30,34510.620025921795
Cabai Merah Keriting/Jawa Timur/2024-10-31,34510.6181094833
Cabai Merah Keriting/Jawa Timur/2024-11-01,34510.612911612705
Cabai Merah Keriting/Jawa Timur/2024-11-02,34510.6048613765
Cabai Merah Keriting/Jawa Timur/2024-11-03,34510.604561382665
Cabai Merah Keriting/Jawa Timur/2024-11-04,34510.59688374076
Cabai Merah Keriting/Jawa Timur/2024-11-05,34510.59090642193
Cabai Merah Keriting/Jawa Timur/2024-11-06,34510.62845495752
Cabai Merah Keriting/Jawa Timur/2024-11-07,34510.60382015527
Cabai Merah Keriting/Jawa Timur/2024-11-08,34510.61969120319
Cabai Merah Keriting/Jawa Timur/2024-11-09,34510.6166318538
Cabai Merah Keriting/Jawa Timur/2024-11-10,34510.618322602415
Cabai Merah Keriting/Jawa Timur/2024-11-11,34510.59380575078
Cabai Merah Keriting/Jawa Timur/2024-11-12,34510.629315758655
Cabai Merah Keriting/Jawa Timur/2024-11-13,34510.60070757812
Cabai Merah Keriting/Jawa Timur/2024-11-14,34510.60272566132
Cabai Merah Keriting/Jawa Timur/2024-11-15,34510.5915551701
Cabai Merah Keriting/Jawa Timur/2024-11-16,34510.59730501628
Cabai Merah Keriting/Jawa Timur/2024-11-17,34510.60667461013
Cabai Merah Keriting/Jawa Timur/2024-11-18,34510.60809675623
Cabai Merah Keriting/Jawa Timur/2024-11-19,34510.60495865488
Cabai Merah Keriting/Jawa Timur/2024-11-20,34510.61578389053
Cabai Merah Keriting/Jawa Timur/2024-11-21,34510.58919801362
Cabai Merah Keriting/Jawa Timur/2024-11-22,34510.62415334203
Cabai Merah Keriting/Jawa Timur/2024-11-23,34510.613546512854
Cabai Merah Keriting/Jawa Timur/2024-11-24,34510.6107188191
Cabai Merah Keriting/Jawa Timur/2024-11-25,34510.59483396814
Cabai Merah Keriting/Jawa Timur/2024-11-26,34510.62577024938
Cabai Merah Keriting/Jawa Timur/2024-11-27,34510.607782703155
Cabai Merah Keriting/Jawa Timur/2024-11-28,34510.620902092924
Cabai Merah Keriting/Jawa Timur/2024-11-29,34510.60747412355
Cabai Merah Keriting/Jawa Timur/2024-11-30,34510.58779910479
Cabai Merah Keriting/Jawa Timur/2024-12-01,34510.6129224218
Cabai Merah Keriting/Jawa Timur/2024-12-02,34510.63015655215
Cabai Merah Keriting/Jawa Timur/2024-12-03,34510.60912911295
Cabai Merah Keriting/Jawa Timur/2024-12-04,34510.61819355693
Cabai Merah Keriting/Jawa Timur/2024-12-05,34510.61543049005
Cabai Merah Keriting/Jawa Timur/2024-12-06,34510.60270897907
Cabai Merah Keriting/Jawa Timur/2024-12-07,34510.60129988577
Cabai Merah Keriting/Jawa Timur/2024-12-08,34510.60887745097
Cabai Merah Keriting/Jawa Timur/2024-12-09,34510.61256060769
Cabai Merah Keriting/Jawa Timur/2024-12-10,34510.611226672874
Cabai Merah Keriting/Jawa Timur/2024-12-11,34510.60270663973
Cabai Merah Keriting/Jawa Timur/2024-12-12,34510.59003060894
Cabai Merah Keriting/Jawa Timur/2024-12-13,34510.59584312031
Cabai Merah Keriting/Jawa Timur/2024-12-14,34510.604622406994
Cabai Merah Keriting/Jawa Timur/2024-12-15,34510.60524640382
Cabai Merah Keriting/Jawa Timur/2024-12-16,34510.61081262388
Cabai Merah Keriting/Jawa Timur/2024-12-17,34510.60674109818
Cabai Merah Keriting/Jawa Timur/2024-12-18,34510.604899926846
Cabai Merah Keriting/Jawa Timur/2024-12-19,34510.61987074804
Cabai Merah Keriting/Jawa Timur/2024-12-20,34510.607231912654
Cabai Merah Keriting/Jawa Timur/2024-12-21,34510.61295772468
Cabai Merah Keriting/Jawa Timur/2024-12-22,34510.60670119382
Cabai Merah Keriting/Jawa Timur/2024-12-23,34510.60542083607
Cabai Merah Keriting/Jawa Timur/2024-12-24,34510.60277338096
Cabai Merah Keriting/Jawa Timur/2024-12-25,34510.61089638361
Cabai Merah Keriting/Jawa Timur/2024-12-26,34510.60601253578
Cabai Merah Keriting/Jawa Timur/2024-12-27,34510.61142920348
Cabai Merah Keriting/Jawa Timur/2024-12-28,34510.61432614485
Cabai Merah Keriting/Jawa Timur/2024-12-29,34510.6105186042
Cabai Merah Keriting/Jawa Timur/2024-12-30,34510.604400384815
Cabai Merah Keriting/Jawa Timur/2024-12-31,34510.605095166575
Cabai Merah Keriting/Kalimantan Barat/2024-10-01,34510.61536365746
Cabai Merah Keriting/Kalimantan Barat/2024-10-02,34510.61323976846
Cabai Merah Keriting/Kalimantan Barat/2024-10-03,34510.5933984358
Cabai Merah Keriting/Kalimantan Barat/2024-10-04,34510.61203758852
Cabai Merah Keriting/Kalimantan Barat/2024-10-05,34510.61567900386
Cabai Merah Keriting/Kalimantan Barat/2024-10-06,34510.6099827899
Cabai Merah Keriting/Kalimantan Barat/2024-10-07,34510.610993463735
Cabai Merah Keriting/Kalimantan Barat/2024-10-08,34510.593086128705
Cabai Merah Keriting/Kalimantan Barat/2024-10-09,34510.618253632885
Cabai Merah Keriting/Kalimantan Barat/2024-10-10,34510.60716223844
Cabai Merah Keriting/Kalimantan Barat/2024-10-11,34510.60903275655
Cabai Merah Keriting/Kalimantan Barat/2024-10-12,34510.611480414205
Cabai Merah Keriting/Kalimantan Barat/2024-10-13,34510.62482730962
Cabai Merah Keriting/Kalimantan Barat/2024-10-14,34510.605257370764
Cabai Merah Keriting/Kalimantan Barat/2024-10-15,34510.61507092766
Cabai Merah Keriting/Kalimantan Barat/2024-10-16,34510.59432008719
Cabai Merah Keriting/Kalimantan Barat/2024-10-17,34510.61735485313
Cabai Merah Keriting/Kalimantan Barat/2024-10-18,34510.6148818131
Cabai Merah Keriting/Kalimantan Barat/2024-10-19,34510.60250274807
Cabai Merah Keriting/Kalimantan Barat/2024-10-20,34510.62641403149
Cabai Merah Keriting/Kalimantan Barat/2024-10-21,34510.60391112231
Cabai Merah Keriting/Kalimantan Barat/2024-10-22,34510.60194413541
Cabai Merah Keriting/Kalimantan Barat/2024-10-23,34510.622130895325
Cabai Merah Keriting/Kalimantan Barat/2024-10-24,34510.618906280244
Cabai Merah Keriting/Kalimantan Barat/2024-10-25,34510.60124544681
Cabai Merah Keriting/Kalimantan Barat/2024-10-26,34510.60219428091
Cabai Merah Keriting/Kalimantan Barat/2024-10-27,34510.61463839051
Cabai Merah Keriting/Kalimantan Barat/2024-10-28,34510.62511266182
Cabai Merah Keriting/Kalimantan Barat/2024-10-29,34510.61749139548
Cabai Merah Keriting/Kalimantan Barat/2024-10-30,34510.60307973884
Cabai Merah Keriting/Kalimantan Barat/2024-10-31,34510.620608389734
Cabai Merah Keriting/Kalimantan Barat/2024-11-01,34510.62420354305
Cabai Merah Keriting/Kalimantan Barat/2024-11-02,34510.61229099845
Cabai Merah Keriting/Kalimantan Barat/2024-11-03,34510.602453858904
Cabai Merah Keriting/Kalimantan Barat/2024-11-04,34510.62371012247
Cabai Merah Keriting/Kalimantan Barat/2024-11-05,34510.61987003335
Cabai Merah Keriting/Kalimantan Barat/2024-11-06,34510.58537696023
Cabai Merah Keriting/Kalimantan Barat/2024-11-07,34510.59087885027
Cabai Merah Keriting/Kalimantan Barat/2024-11-08,34510.61768927893
Cabai Merah Keriting/Kalimantan Barat/2024-11-09,34510.6207540904
Cabai Merah Keriting/Kalimantan Barat/2024-11-10,34510.6168849215
Cabai Merah Keriting/Kalimantan Barat/2024-11-11,34510.61184446365
Cabai Merah Keriting/Kalimantan Barat/2024-11-12,34510.62442638113
Cabai Merah Keriting/Kalimantan Barat/2024-11-13,34510.61698255628
Cabai Merah Keriting/Kalimantan Barat/2024-11-14,34510.620582870186
Cabai Merah Keriting/Kalimantan Barat/2024-11-15,34510.60019850365
Cabai Merah Keriting/Kalimantan Barat/2024-11-16,34510.59702082757
Cabai Merah Keriting/Kalimantan Barat/2024-11-17,34510.60015269998
Cabai Merah Keriting/Kalimantan Barat/2024-11-18,34510.60845498569
Cabai Merah Keriting/Kalimantan Barat/2024-11-19,34510.614277221495
Cabai Merah Keriting/Kalimantan Barat/2024-11-20,34510.61487560459
Cabai Merah Keriting/Kalimantan Barat/2024-11-21,34510.59769480095
Cabai Merah Keriting/Kalimantan Barat/2024-11-22,34510.636312154915
Cabai Merah Keriting/Kalimantan Barat/2024-11-23,34510.613852467
Cabai Merah Keriting/Kalimantan Barat/2024-11-24,34510.598036957774
Cabai Merah Keriting/Kalimantan Barat/2024-11-25,34510.60497314754
Cabai Merah Keriting/Kalimantan Barat/2024-11-26,34510.60954565305
Cabai Merah Keriting/Kalimantan Barat/2024-11-27,34510.600473661885
Cabai Merah Keriting/Kalimantan Barat/2024-11-28,34510.615453333245
Cabai Merah Keriting/Kalimantan Barat/2024-11-29,34510.605716727056
Cabai Merah Keriting/Kalimantan Barat/2024-11-30,34510.61240975963
Cabai Merah Keriting/Kalimantan Barat/2024-12-01,34510.608987075015
Cabai Merah Keriting/Kalimantan Barat/2024-12-02,34510.60416498208
Cabai Merah Keriting/Kalimantan Barat/2024-12-03,34510.60792523998
Cabai Merah Keriting/Kalimantan Barat/2024-12-04,34510.60556897423
Cabai Merah Keriting/Kalimantan Barat/2024-12-05,34510.6011649749
Cabai Merah Keriting/Kalimantan Barat/2024-12-06,34510.62430162723
Cabai Merah Keriting/Kalimantan Barat/2024-12-07,34510.59707752815
Cabai Merah Keriting/Kalimantan Barat/2024-12-08,34510.62175653019
Cabai Merah Keriting/Kalimantan Barat/2024-12-09,34510.621037680845
Cabai Merah Keriting/Kalimantan Barat/2024-12-10,34510.60962745013
Cabai Merah Keriting/Kalimantan Barat/2024-12-11,34510.6082363607
Cabai Merah Keriting/Kalimantan Barat/2024-12-12,34510.62188714978
Cabai Merah Keriting/Kalimantan Barat/2024-12-13,34510.6001561404
Cabai Merah Keriting/Kalimantan Barat/2024-12-14,34510.60029778483
Cabai Merah Keriting/Kalimantan Barat/2024-12-15,34510.62321984374
Cabai Merah Keriting/Kalimantan Barat/2024-12-16,34510.59712663182
Cabai Merah Keriting/Kalimantan Barat/2024-12-17,34510.60420480497
Cabai Merah Keriting/Kalimantan Barat/2024-12-18,34510.60576984353
Cabai Merah Keriting/Kalimantan Barat/2024-12-19,34510.60408202533
Cabai Merah Keriting/Kalimantan Barat/2024-12-20,34510.6024556998
Cabai Merah Keriting/Kalimantan Barat/2024-12-21,34510.61563623964
Cabai Merah Keriting/Kalimantan Barat/2024-12-22,34510.6173101022
Cabai Merah Keriting/Kalimantan Barat/2024-12-23,34510.60795533223
Cabai Merah Keriting/Kalimantan Barat/2024-12-24,34510.61014986393
Cabai Merah Keriting/Kalimantan Barat/2024-12-25,34510.61344639078
Cabai Merah Keriting/Kalimantan Barat/2024-12-26,34510.599092742574
Cabai Merah Keriting/Kalimantan Barat/2024-12-27,34510.60254933593
Cabai Merah Keriting/Kalimantan Barat/2024-12-28,34510.62312676028
Cabai Merah Keriting/Kalimantan Barat/2024-12-29,34510.602926256535
Cabai Merah Keriting/Kalimantan Barat/2024-12-30,34510.60249333642
Cabai Merah Keriting/Kalimantan Barat/2024-12-31,34510.61661064586
Cabai Merah Keriting/Kalimantan Selatan/2024-10-01,34510.615471517114
Cabai Merah Keriting/Kalimantan Selatan/2024-10-02,34510.61409465582
Cabai Merah Keriting/Kalimantan Selatan/2024-10-03,34510.62838643795
Cabai Merah Keriting/Kalimantan Selatan/2024-10-04,34510.60318596901
Cabai Merah Keriting/Kalimantan Selatan/2024-10-05,34510.60620442351
Cabai Merah Keriting/Kalimantan Selatan/2024-10-06,34510.588723609864
Cabai Merah Keriting/Kalimantan Selatan/2024-10-07,34510.63297850084
Cabai Merah Keriting/Kalimantan Selatan/2024-10-08,34510.61142436402
Cabai Merah Keriting/Kalimantan Selatan/2024-10-09,34510.61998652346
Cabai Merah Keriting/Kalimantan Selatan/2024-10-10,34510.62001183039
Cabai Merah Keriting/Kalimantan Selatan/2024-10-11,34510.60631506927
Cabai Merah Keriting/Kalimantan Selatan/2024-10-12,34510.608898422535
Cabai Merah Keriting/Kalimantan Selatan/2024-10-13,34510.60364260735
Cabai Merah Keriting/Kalimantan Selatan/2024-10-14,34510.63106431672
Cabai Merah Keriting/Kalimantan Selatan/2024-10-15,34510.59295172182
Cabai Merah Keriting/Kalimantan Selatan/2024-10-16,34510.59409750118
Cabai Merah Keriting/Kalimantan Selatan/2024-10-17,34510.61395497902
Cabai Merah Keriting/Kalimantan Selatan/2024-10-18,34510.606567484305
Cabai Merah Keriting/Kalimantan Selatan/2024-10-19,34510.60302636423
Cabai Merah Keriting/Kalimantan Selatan/2024-10-20,34510.60274599852
Cabai Merah Keriting/Kalimantan Selatan/2024-10-21,34510.61306985137
Cabai Merah Keriting/Kalimantan Selatan/2024-10-22,34510.6012720472
Cabai Merah Keriting/Kalimantan Selatan/2024-10-23,34510.61726941068
Cabai Merah Keriting/Kalimantan Selatan/2024-10-24,34510.59952336821
Cabai Merah Keriting/Kalimantan Selatan/2024-10-25,34510.627140542434
Cabai Merah Keriting/Kalimantan Selatan/2024-10-26,34510.6179643221
Cabai Merah Keriting/Kalimantan Selatan/2024-10-27,34510.60407813066
Cabai Merah Keriting/Kalimantan Selatan/2024-10-28,34510.60890439306
Cabai Merah Keriting/Kalimantan Selatan/2024-10-29,34510.609513681164
Cabai Merah Keriting/Kalimantan Selatan/2024-10-30,34510.61741767322
Cabai Merah Keriting/Kalimantan Selatan/2024-10-31,34510.60406571744
Cabai Merah Keriting/Kalimantan Selatan/2024-11-01,34510.59624922332
Cabai Merah Keriting/Kalimantan Selatan/2024-11-02,34510.604889180824
Cabai Merah Keriting/Kalimantan Selatan/2024-11-03,34510.59184600384
Cabai Merah Keriting/Kalimantan Selatan/2024-11-04,34510.60723208509
Cabai Merah Keriting/Kalimantan Selatan/2024-11-05,34510.60012162352
Cabai Merah Keriting/Kalimantan Selatan/2024-11-06,34510.60782217899
Cabai Merah Keriting/Kalimantan Selatan/2024-11-07,34510.61070428808
Cabai Merah Keriting/Kalimantan Selatan/2024-11-08,34510.60353078975
Cabai Merah Keriting/Kalimantan Selatan/2024-11-09,34510.61329477825
Cabai Merah Keriting/Kalimantan Selatan/2024-11-10,34510.61461316904
Cabai Merah Keriting/Kalimantan Selatan/2024-11-11,34510.615435807784
Cabai Merah Keriting/Kalimantan Selatan/2024-11-12,34510.59600952558
Cabai Merah Keriting/Kalimantan Selatan/2024-11-13,34510.62256187055
Cabai Merah Keriting/Kalimantan Selatan/2024-11-14,34510.60821721766
Cabai Merah Keriting/Kalimantan Selatan/2024-11-15,34510.613103780015
Cabai Merah Keriting/Kalimantan Selatan/2024-11-16,34510.624659648405
Cabai Merah Keriting/Kalimantan Selatan/2024-11-17,34510.61307054269
Cabai Merah Keriting/Kalimantan Selatan/2024-11-18,34510.61381181122
Cabai Merah Keriting/Kalimantan Selatan/2024-11-19,34510.614188289685
Cabai Merah Keriting/Kalimantan Selatan/2024-11-20,34510.62829577063
Cabai Merah Keriting/Kalimantan Selatan/2024-11-21,34510.59597225609
Cabai Merah Keriting/Kalimantan Selatan/2024-11-22,34510.59505948945
Cabai Merah Keriting/Kalimantan Selatan/2024-11-23,34510.60892273072
Cabai Merah Keriting/Kalimantan Selatan/2024-11-24,34510.60940084252
Cabai Merah Keriting/Kalimantan Selatan/2024-11-25,34510.60218698071
Cabai Merah Keriting/Kalimantan Selatan/2024-11-26,34510.603631455335
Cabai Merah Keriting/Kalimantan Selatan/2024-11-27,34510.59179837561
Cabai Merah Keriting/Kalimantan Selatan/2024-11-28,34510.605766713656
Cabai Merah Keriting/Kalimantan Selatan/2024-11-29,34510.61370950856
Cabai Merah Keriting/Kalimantan Selatan/2024-11-30,34510.61682023425
Cabai Merah Keriting/Kalimantan Selatan/2024-12-01,34510.61493593351
Cabai Merah Keriting/Kalimantan Selatan/2024-12-02,34510.60992002524
Cabai Merah Keriting/Kalimantan Selatan/2024-12-03,34510.60480887893
Cabai Merah Keriting/Kalimantan Selatan/2024-12-04,34510.603779819096
Cabai Merah Keriting/Kalimantan Selatan/2024-12-05,34510.60842489093
Cabai Merah Keriting/Kalimantan Selatan/2024-12-06,34510.589175835994
Cabai Merah Keriting/Kalimantan Selatan/2024-12-07,34510.59718802469
Cabai Merah Keriting/Kalimantan Selatan/2024-12-08,34510.61827942054
Cabai Merah Keriting/Kalimantan Selatan/2024-12-09,34510.60218296778
Cabai Merah Keriting/Kalimantan Selatan/2024-12-10,34510.60428606569
Cabai Merah Keriting/Kalimantan Selatan/2024-12-11,34510.60000390016
Cabai Merah Keriting/Kalimantan Selatan/2024-12-12,34510.60623624245
Cabai Merah Keriting/Kalimantan Selatan/2024-12-13,34510.61320205098
Cabai Merah Keriting/Kalimantan Selatan/2024-12-14,34510.61684989385
Cabai Merah Keriting/Kalimantan Selatan/2024-12-15,34510.59951022853
Cabai Merah Keriting/Kalimantan Selatan/2024-12-16,34510.60241823069
Cabai Merah Keriting/Kalimantan Selatan/2024-12-17,34510.59738490568
Cabai Merah Keriting/Kalimantan Selatan/2024-12-18,34510.60788630951
Cabai Merah Keriting/Kalimantan Selatan/2024-12-19,34510.60250747073
Cabai Merah Keriting/Kalimantan Selatan/2024-12-20,34510.59882024002
Cabai Merah Keriting/Kalimantan Selatan/2024-12-21,34510.587879777086
Cabai Merah Keriting/Kalimantan Selatan/2024-12-22,34510.60803760534
Cabai Merah Keriting/Kalimantan Selatan/2024-12-23,34510.60852807627
Cabai Merah Keriting/Kalimantan Selatan/2024-12-24,34510.601365275936
Cabai Merah Keriting/Kalimantan Selatan/2024-12-25,34510.60561466028
Cabai Merah Keriting/Kalimantan Selatan/2024-12-26,34510.60201684022
Cabai Merah Keriting/Kalimantan Selatan/2024-12-27,34510.61766193304
Cabai Merah Keriting/Kalimantan Selatan/2024-12-28,34510.603014315704
Cabai Merah Keriting/Kalimantan Selatan/2024-12-29,34510.61360698431
Cabai Merah Keriting/Kalimantan Selatan/2024-12-30,34510.599117614685
Cabai Merah Keriting/Kalimantan Selatan/2024-12-31,34510.59366699179
Cabai Merah Keriting/Kalimantan Tengah/2024-10-01,34510.60116526952
Cabai Merah Keriting/Kalimantan Tengah/2024-10-02,34510.60146584056
Cabai Merah Keriting/Kalimantan Tengah/2024-10-03,34510.61633484025
Cabai Merah Keriting/Kalimantan Tengah/2024-10-04,34510.62376066556
Cabai Merah Keriting/Kalimantan Tengah/2024-10-05,34510.62172803526
Cabai Merah Keriting/Kalimantan Tengah/2024-10-06,34510.61401857179
Cabai Merah Keriting/Kalimantan Tengah/2024-10-07,34510.614357736056
Cabai Merah Keriting/Kalimantan Tengah/2024-10-08,34510.61155244948
Cabai Merah Keriting/Kalimantan Tengah/2024-10-09,34510.61310919589
Cabai Merah Keriting/Kalimantan Tengah/2024-10-10,34510.612218610666
Cabai Merah Keriting/Kalimantan Tengah/2024-10-11,34510.613329108666
Cabai Merah Keriting/Kalimantan Tengah/2024-10-12,34510.620332386075
Cabai Merah Keriting/Kalimantan Tengah/2024-10-13,34510.61498071243
Cabai Merah Keriting/Kalimantan Tengah/2024-10-14,34510.607777542646
Cabai Merah Keriting/Kalimantan Tengah/2024-10-15,34510.61116625616
Cabai Merah Keriting/Kalimantan Tengah/2024-10-16,34510.59580331401
Cabai Merah Keriting/Kalimantan Tengah/2024-10-17,34510.61006511456
Cabai Merah Keriting/Kalimantan Tengah/2024-10-18,34510.60810665696
Cabai Merah Keriting/Kalimantan Tengah/2024-10-19,34510.59129885973
Cabai Merah Keriting/Kalimantan Tengah/2024-10-20,34510.60384248403
Cabai Merah Keriting/Kalimantan Tengah/2024-10-21,34510.60664452467
Cabai Merah Keriting/Kalimantan Tengah/2024-10-22,34510.589809197314
Cabai Merah Keriting/Kalimantan Tengah/2024-10-23,34510.60997917372
Cabai Merah Keriting/Kalimantan Tengah/2024-10-24,34510.6031714812
Cabai Merah Keriting/Kalimantan Tengah/2024-10-25,34510.60331697935
Cabai Merah Keriting/Kalimantan Tengah/2024-10-26,34510.59133999316
Cabai Merah Keriting/Kalimantan Tengah/2024-10-27,34510.58822434386
Cabai Merah Keriting/Kalimantan Tengah/2024-10-28,34510.59870478707
Cabai Merah Keriting/Kalimantan Tengah/2024-10-29,34510.62134044747
Cabai Merah Keriting/Kalimantan Tengah/2024-10-30,34510.61780515191
Cabai Merah Keriting/Kalimantan Tengah/2024-10-31,34510.608086820845
Cabai Merah Keriting/Kalimantan Tengah/2024-11-01,34510.61431369636
Cabai Merah Keriting/Kalimantan Tengah/2024-11-02,34510.61212422725
Cabai Merah Keriting/Kalimantan Tengah/2024-11-03,34510.59729747912
Cabai Merah Keriting/Kalimantan Tengah/2024-11-04,34510.60330112403
Cabai Merah Keriting/Kalimantan Tengah/2024-11-05,34510.60357844286
Cabai Merah Keriting/Kalimantan Tengah/2024-11-06,34510.608774918546
Cabai Merah Keriting/Kalimantan Tengah/2024-11-07,34510.58998017292
Cabai Merah Keriting/Kalimantan Tengah/2024-11-08,34510.60164813439
Cabai Merah Keriting/Kalimantan Tengah/2024-11-09,34510.61951968797
Cabai Merah Keriting/Kalimantan Tengah/2024-11-10,34510.61732225411
Cabai Merah Keriting/Kalimantan Tengah/2024-11-11,34510.618870762875
Cabai Merah Keriting/Kalimantan Tengah/2024-11-12,34510.6129300473
Cabai Merah Keriting/Kalimantan Tengah/2024-11-13,34510.62049345414
Cabai Merah Keriting/Kalimantan Tengah/2024-11-14,34510.60406476099
Cabai Merah Keriting/Kalimantan Tengah/2024-11-15,34510.60381582492
Cabai Merah Keriting/Kalimantan Tengah/2024-11-16,34510.6093953889
Cabai Merah Keriting/Kalimantan Tengah/2024-11-17,34510.60792740881
Cabai Merah Keriting/Kalimantan Tengah/2024-11-18,34510.60822859621
Cabai Merah Keriting/Kalimantan Tengah/2024-11-19,34510.62051058408
Cabai Merah Keriting/Kalimantan Tengah/2024-11-20,34510.62939386869
Cabai Merah Keriting/Kalimantan Tengah/2024-11-21,34510.60518363467
Cabai Merah Keriting/Kalimantan Tengah/2024-11-22,34510.609448328985
Cabai Merah Keriting/Kalimantan Tengah/2024-11-23,34510.61034254851
Cabai Merah Keriting/Kalimantan Tengah/2024-11-24,34510.60917116099
Cabai Merah Keriting/Kalimantan Tengah/2024-11-25,34510.596521254905
Cabai Merah Keriting/Kalimantan Tengah/2024-11-26,34510.62588198249
Cabai Merah Keriting/Kalimantan Tengah/2024-11-27,34510.599742146514
Cabai Merah Keriting/Kalimantan Tengah/2024-11-28,34510.61536436844
Cabai Merah Keriting/Kalimantan Tengah/2024-11-29,34510.60793129984
Cabai Merah Keriting/Kalimantan Tengah/2024-11-30,34510.59813174697
Cabai Merah Keriting/Kalimantan Tengah/2024-12-01,34510.60649915263
Cabai Merah Keriting/Kalimantan Tengah/2024-12-02,34510.609491320814
Cabai Merah Keriting/Kalimantan Tengah/2024-12-03,34510.62384466804
Cabai Merah Keriting/Kalimantan Tengah/2024-12-04,34510.59484904888
Cabai Merah Keriting/Kalimantan Tengah/2024-12-05,34510.59424305657
Cabai Merah Keriting/Kalimantan Tengah/2024-12-06,34510.607592938584
Cabai Merah Keriting/Kalimantan Tengah/2024-12-07,34510.60383073171
Cabai Merah Keriting/Kalimantan Tengah/2024-12-08,34510.61252584229
Cabai Merah Keriting/Kalimantan Tengah/2024-12-09,34510.59827676077
Cabai Merah Keriting/Kalimantan Tengah/2024-12-10,34510.62247331422
Cabai Merah Keriting/Kalimantan Tengah/2024-12-11,34510.59732367196
Cabai Merah Keriting/Kalimantan Tengah/2024-12-12,34510.62554334544
Cabai Merah Keriting/Kalimantan Tengah/2024-12-13,34510.59925107937
Cabai Merah Keriting/Kalimantan Tengah/2024-12-14,34510.61932586837
Cabai Merah Keriting/Kalimantan Tengah/2024-12-15,34510.611689463985
Cabai Merah Keriting/Kalimantan Tengah/2024-12-16,34510.62124545388
Cabai Merah Keriting/Kalimantan Tengah/2024-12-17,34510.60523513206
Cabai Merah Keriting/Kalimantan Tengah/2024-12-18,34510.579346484046
Cabai Merah Keriting/Kalimantan Tengah/2024-12-19,34510.62254326034
Cabai Merah Keriting/Kalimantan Tengah/2024-12-20,34510.60355836436
Cabai Merah Keriting/Kalimantan Tengah/2024-12-21,34510.62108418361
Cabai Merah Keriting/Kalimantan Tengah/2024-12-22,34510.615617680625
Cabai Merah Keriting/Kalimantan Tengah/2024-12-23,34510.62281653949
Cabai Merah Keriting/Kalimantan Tengah/2024-12-24,34510.613927093786
Cabai Merah Keriting/Kalimantan Tengah/2024-12-25,34510.60788877436
Cabai Merah Keriting/Kalimantan Tengah/2024-12-26,34510.612381251914
Cabai Merah Keriting/Kalimantan Tengah/2024-12-27,34510.611720655914
Cabai Merah Keriting/Kalimantan Tengah/2024-12-28,34510.6214981775
Cabai Merah Keriting/Kalimantan Tengah/2024-12-29,34510.59959350573
Cabai Merah Keriting/Kalimantan Tengah/2024-12-30,34510.61674556002
Cabai Merah Keriting/Kalimantan Tengah/2024-12-31,34510.606755626846
Cabai Merah Keriting/Kalimantan Timur/2024-10-01,34510.59493222504
Cabai Merah Keriting/Kalimantan Timur/2024-10-02,34510.61756850278
Cabai Merah Keriting/Kalimantan Timur/2024-10-03,34510.60591638999
Cabai Merah Keriting/Kalimantan Timur/2024-10-04,34510.60510689875
Cabai Merah Keriting/Kalimantan Timur/2024-10-05,34510.616467189866
Cabai Merah Keriting/Kalimantan Timur/2024-10-06,34510.60903739
Cabai Merah Keriting/Kalimantan Timur/2024-10-07,34510.632411728155
Cabai Merah Keriting/Kalimantan Timur/2024-10-08,34510.59029316901
Cabai Merah Keriting/Kalimantan Timur/2024-10-09,34510.60629661659
Cabai Merah Keriting/Kalimantan Timur/2024-10-10,34510.60610469497
Cabai Merah Keriting/Kalimantan Timur/2024-10-11,34510.61302051215
Cabai Merah Keriting/Kalimantan Timur/2024-10-12,34510.6050859199
Cabai Merah Keriting/Kalimantan Timur/2024-10-13,34510.60060698274
Cabai Merah Keriting/Kalimantan Timur/2024-10-14,34510.5964491906
Cabai Merah Keriting/Kalimantan Timur/2024-10-15,34510.600160177855
Cabai Merah Keriting/Kalimantan Timur/2024-10-16,34510.626166868795
Cabai Merah Keriting/Kalimantan Timur/2024-10-17,34510.614652143166
Cabai Merah Keriting/Kalimantan Timur/2024-10-18,34510.61855835785
Cabai Merah Keriting/Kalimantan Timur/2024-10-19,34510.61737212008
Cabai Merah Keriting/Kalimantan Timur/2024-10-20,34510.607399430315
Cabai Merah Keriting/Kalimantan Timur/2024-10-21,34510.60688631919
Cabai Merah Keriting/Kalimantan Timur/2024-10-22,34510.61453809591
Cabai Merah Keriting/Kalimantan Timur/2024-10-23,34510.61155658831
Cabai Merah Keriting/Kalimantan Timur/2024-10-24,34510.61080184893
Cabai Merah Keriting/Kalimantan Timur/2024-10-25,34510.59980054936
Cabai Merah Keriting/Kalimantan Timur/2024-10-26,34510.613774494675
Cabai Merah Keriting/Kalimantan Timur/2024-10-27,34510.612531813786
Cabai Merah Keriting/Kalimantan Timur/2024-10-28,34510.61900886392
Cabai Merah Keriting/Kalimantan Timur/2024-10-29,34510.618808316
Cabai Merah Keriting/Kalimantan Timur/2024-10-30,34510.603766471584
Cabai Merah Keriting/Kalimantan Timur/2024-10-31,34510.61438686548
Cabai Merah Keriting/Kalimantan Timur/2024-11-01,34510.60433775729
Cabai Merah Keriting/Kalimantan Timur/2024-11-02,34510.60333657449
Cabai Merah Keriting/Kalimantan Timur/2024-11-03,34510.60638007682
Cabai Merah Keriting/Kalimantan Timur/2024-11-04,34510.60341570744
Cabai Merah Keriting/Kalimantan Timur/2024-11-05,34510.60157438607
Cabai Merah Keriting/Kalimantan Timur/2024-11-06,34510.62100910258
Cabai Merah Keriting/Kalimantan Timur/2024-11-07,34510.60802781234
Cabai Merah Keriting/Kalimantan Timur/2024-11-08,34510.60714936494
Cabai Merah Keriting/Kalimantan Timur/2024-11-09,34510.60961126728
Cabai Merah Keriting/Kalimantan Timur/2024-11-10,34510.60095432101
Cabai Merah Keriting/Kalimantan Timur/2024-11-11,34510.59753471991
Cabai Merah Keriting/Kalimantan Timur/2024-11-12,34510.601577338115
Cabai Merah Keriting/Kalimantan Timur/2024-11-13,34510.58844476586
Cabai Merah Keriting/Kalimantan Timur/2024-11-14,34510.61658866121
Cabai Merah Keriting/Kalimantan Timur/2024-11-15,34510.60231932512
Cabai Merah Keriting/Kalimantan Timur/2024-11-16,34510.61362635587
Cabai Merah Keriting/Kalimantan Timur/2024-11-17,34510.6179381837
Cabai Merah Keriting/Kalimantan Timur/2024-11-18,34510.60990414557
Cabai Merah Keriting/Kalimantan Timur/2024-11-19,34510.61886381738
Cabai Merah Keriting/Kalimantan Timur/2024-11-20,34510.629772740045
Cabai Merah Keriting/Kalimantan Timur/2024-11-21,34510.614375745194
Cabai Merah Keriting/Kalimantan Timur/2024-11-22,34510.608792421524
Cabai Merah Keriting/Kalimantan Timur/2024-11-23,34510.60856610967
Cabai Merah Keriting/Kalimantan Timur/2024-11-24,34510.6127311325
Cabai Merah Keriting/Kalimantan Timur/2024-11-25,34510.602457560264
Cabai Merah Keriting/Kalimantan Timur/2024-11-26,34510.612276542764
Cabai Merah Keriting/Kalimantan Timur/2024-11-27,34510.61728504504
Cabai Merah Keriting/Kalimantan Timur/2024-11-28,34510.5971901521
Cabai Merah Keriting/Kalimantan Timur/2024-11-29,34510.60774565624
Cabai Merah Keriting/Kalimantan Timur/2024-11-30,34510.6069030837
Cabai Merah Keriting/Kalimantan Timur/2024-12-01,34510.61771904976
Cabai Merah Keriting/Kalimantan Timur/2024-12-02,34510.62059017558
Cabai Merah Keriting/Kalimantan Timur/2024-12-03,34510.603562551885
Cabai Merah Keriting/Kalimantan Timur/2024-12-04,34510.61734870093
Cabai Merah Keriting/Kalimantan Timur/2024-12-05,34510.605535054005
Cabai Merah Keriting/Kalimantan Timur/2024-12-06,34510.6117594287
Cabai Merah Keriting/Kalimantan Timur/2024-12-07,34510.61456309804
Cabai Merah Keriting/Kalimantan Timur/2024-12-08,34510.60789750328
Cabai Merah Keriting/Kalimantan Timur/2024-12-09,34510.60741877914
Cabai Merah Keriting/Kalimantan Timur/2024-12-10,34510.59652461127
Cabai Merah Keriting/Kalimantan Timur/2024-12-11,34510.614348979136
Cabai Merah Keriting/Kalimantan Timur/2024-12-12,34510.6097797216
Cabai Merah Keriting/Kalimantan Timur/2024-12-13,34510.61309906592
Cabai Merah Keriting/Kalimantan Timur/2024-12-14,34510.63069570885
Cabai Merah Keriting/Kalimantan Timur/2024-12-15,34510.615768018084
Cabai Merah Keriting/Kalimantan Timur/2024-12-16,34510.59735459158
Cabai Merah Keriting/Kalimantan Timur/2024-12-17,34510.60264961546
Cabai Merah Keriting/Kalimantan Timur/2024-12-18,34510.62236164959
Cabai Merah Keriting/Kalimantan Timur/2024-12-19,34510.59939302391
Cabai Merah Keriting/Kalimantan Timur/2024-12-20,34510.63736205778
Cabai Merah Keriting/Kalimantan Timur/2024-12-21,34510.6109035668
Cabai Merah Keriting/Kalimantan Timur/2024-12-22,34510.60514410594
Cabai Merah Keriting/Kalimantan Timur/2024-12-23,34510.61117217508
Cabai Merah Keriting/Kalimantan Timur/2024-12-24,34510.59808294796
Cabai Merah Keriting/Kalimantan Timur/2024-12-25,34510.59325844839
Cabai Merah Keriting/Kalimantan Timur/2024-12-26,34510.61529291105
Cabai Merah Keriting/Kalimantan Timur/2024-12-27,34510.60897289901
Cabai Merah Keriting/Kalimantan Timur/2024-12-28,34510.61650060997
Cabai Merah Keriting/Kalimantan Timur/2024-12-29,34510.616823943674
Cabai Merah Keriting/Kalimantan Timur/2024-12-30,34510.6259213789
Cabai Merah Keriting/Kalimantan Timur/2024-12-31,34510.59596728595
Cabai Merah Keriting/Kalimantan Utara/2024-10-01,34510.60097459945
Cabai Merah Keriting/Kalimantan Utara/2024-10-02,34510.61633369625
Cabai Merah Keriting/Kalimantan Utara/2024-10-03,34510.61557599622
Cabai Merah Keriting/Kalimantan Utara/2024-10-04,34510.61221255083
Cabai Merah Keriting/Kalimantan Utara/2024-10-05,34510.6110999772
Cabai Merah Keriting/Kalimantan Utara/2024-10-06,34510.599085631125
Cabai Merah Keriting/Kalimantan Utara/2024-10-07,34510.638336919954
Cabai Merah Keriting/Kalimantan Utara/2024-10-08,34510.61204935517
Cabai Merah Keriting/Kalimantan Utara/2024-10-09,34510.61140489352
Cabai Merah Keriting/Kalimantan Utara/2024-10-10,34510.60862614692
Cabai Merah Keriting/Kalimantan Utara/2024-10-11,34510.62406528086
Cabai Merah Keriting/Kalimantan Utara/2024-10-12,34510.61501601369
Cabai Merah Keriting/Kalimantan Utara/2024-10-13,34510.61155904025
Cabai Merah Keriting/Kalimantan Utara/2024-10-14,34510.6027328279
Cabai Merah Keriting/Kalimantan Utara/2024-10-15,34510.609848301574
Cabai Merah Keriting/Kalimantan Utara/2024-10-16,34510.61872208039
Cabai Merah Keriting/Kalimantan Utara/2024-10-17,34510.61736455255
Cabai Merah Keriting/Kalimantan Utara/2024-10-18,34510.62484558412
Cabai Merah Keriting/Kalimantan Utara/2024-10-19,34510.61398968521
Cabai Merah Keriting/Kalimantan Utara/2024-10-20,34510.60776715649
Cabai Merah Keriting/Kalimantan Utara/2024-10-21,34510.60342785084
Cabai Merah Keriting/Kalimantan Utara/2024-10-22,34510.60799595138
Cabai Merah Keriting/Kalimantan Utara/2024-10-23,34510.596366198355
Cabai Merah Keriting/Kalimantan Utara/2024-10-24,34510.61047416766
Cabai Merah Keriting/Kalimantan Utara/2024-10-25,34510.60079068225
Cabai Merah Keriting/Kalimantan Utara/2024-10-26,34510.609959262976
Cabai Merah Keriting/Kalimantan Utara/2024-10-27,34510.62861439436
Cabai Merah Keriting/Kalimantan Utara/2024-10-28,34510.622783380444
Cabai Merah Keriting/Kalimantan Utara/2024-10-29,34510.60937020574
Cabai Merah Keriting/Kalimantan Utara/2024-10-30,34510.62080406343
Cabai Merah Keriting/Kalimantan Utara/2024-10-31,34510.59355132734
Cabai Merah Keriting/Kalimantan Utara/2024-11-01,34510.61136479083
Cabai Merah Keriting/Kalimantan Utara/2024-11-02,34510.61393251512
Cabai Merah Keriting/Kalimantan Utara/2024-11-03,34510.60007394756
Cabai Merah Keriting/Kalimantan Utara/2024-11-04,34510.61309931646
Cabai Merah Keriting/Kalimantan Utara/2024-11-05,34510.61459360565
Cabai Merah Keriting/Kalimantan Utara/2024-11-06,34510.62267531996
Cabai Merah Keriting/Kalimantan Utara/2024-11-07,34510.603968755466
Cabai Merah Keriting/Kalimantan Utara/2024-11-08,34510.62659528642
Cabai Merah Keriting/Kalimantan Utara/2024-11-09,34510.60834692531
Cabai Merah Keriting/Kalimantan Utara/2024-11-10,34510.60737538765
Cabai Merah Keriting/Kalimantan Utara/2024-11-11,34510.59587231775
Cabai Merah Keriting/Kalimantan Utara/2024-11-12,34510.61879611939
Cabai Merah Keriting/Kalimantan Utara/2024-11-13,34510.60712030881
Cabai Merah Keriting/Kalimantan Utara/2024-11-14,34510.602601733386
Cabai Merah Keriting/Kalimantan Utara/2024-11-15,34510.61250747697
Cabai Merah Keriting/Kalimantan Utara/2024-11-16,34510.60833952808
Cabai Merah Keriting/Kalimantan Utara/2024-11-17,34510.616012996055
Cabai Merah Keriting/Kalimantan Utara/2024-11-18,34510.58879133624
Cabai Merah Keriting/Kalimantan Utara/2024-11-19,34510.62950444506
Cabai Merah Keriting/Kalimantan Utara/2024-11-20,34510.60529332319
Cabai Merah Keriting/Kalimantan Utara/2024-11-21,34510.61780632625
Cabai Merah Keriting/Kalimantan Utara/2024-11-22,34510.61227438534
Cabai Merah Keriting/Kalimantan Utara/2024-11-23,34510.61271737595
Cabai Merah Keriting/Kalimantan Utara/2024-11-24,34510.60454119154
Cabai Merah Keriting/Kalimantan Utara/2024-11-25,34510.60695428615
Cabai Merah Keriting/Kalimantan Utara/2024-11-26,34510.60589051736
Cabai Merah Keriting/Kalimantan Utara/2024-11-27,34510.61034590861
Cabai Merah Keriting/Kalimantan Utara/2024-11-28,34510.63987354194
Cabai Merah Keriting/Kalimantan Utara/2024-11-29,34510.617604886815
Cabai Merah Keriting/Kalimantan Utara/2024-11-30,34510.59207891287
Cabai Merah Keriting/Kalimantan Utara/2024-12-01,34510.6009164643
Cabai Merah Keriting/Kalimantan Utara/2024-12-02,34510.60514295075
Cabai Merah Keriting/Kalimantan Utara/2024-12-03,34510.61352446413
Cabai Merah Keriting/Kalimantan Utara/2024-12-04,34510.62426192943
Cabai Merah Keriting/Kalimantan Utara/2024-12-05,34510.62550579922
Cabai Merah Keriting/Kalimantan Utara/2024-12-06,34510.62393265981
Cabai Merah Keriting/Kalimantan Utara/2024-12-07,34510.60013795511
Cabai Merah Keriting/Kalimantan Utara/2024-12-08,34510.58544122422
Cabai Merah Keriting/Kalimantan Utara/2024-12-09,34510.60209083688
Cabai Merah Keriting/Kalimantan Utara/2024-12-10,34510.60503961171
Cabai Merah Keriting/Kalimantan Utara/2024-12-11,34510.61754483877
Cabai Merah Keriting/Kalimantan Utara/2024-12-12,34510.62265945688
Cabai Merah Keriting/Kalimantan Utara/2024-12-13,34510.599078905456
Cabai Merah Keriting/Kalimantan Utara/2024-12-14,34510.59261693501
Cabai Merah Keriting/Kalimantan Utara/2024-12-15,34510.60011476485
Cabai Merah Keriting/Kalimantan Utara/2024-12-16,34510.60959903669
Cabai Merah Keriting/Kalimantan Utara/2024-12-17,34510.599268135775
Cabai Merah Keriting/Kalimantan Utara/2024-12-18,34510.62076719774
Cabai Merah Keriting/Kalimantan Utara/2024-12-19,34510.59478227569
Cabai Merah Keriting/Kalimantan Utara/2024-12-20,34510.610763795536
Cabai Merah Keriting/Kalimantan Utara/2024-12-21,34510.61176963754
Cabai Merah Keriting/Kalimantan Utara/2024-12-22,34510.61150714223
Cabai Merah Keriting/Kalimantan Utara/2024-12-23,34510.62501716683
Cabai Merah Keriting/Kalimantan Utara/2024-12-24,34510.60739211451
Cabai Merah Keriting/Kalimantan Utara/2024-12-25,34510.62537337654
Cabai Merah Keriting/Kalimantan Utara/2024-12-26,34510.60737020583
Cabai Merah Keriting/Kalimantan Utara/2024-12-27,34510.61268706799
Cabai Merah Keriting/Kalimantan Utara/2024-12-28,34510.59796489553
Cabai Merah Keriting/Kalimantan Utara/2024-12-29,34510.608473139575
Cabai Merah Keriting/Kalimantan Utara/2024-12-30,34510.61499424956
Cabai Merah Keriting/Kalimantan Utara/2024-12-31,34510.60538512725
Cabai Merah Keriting/Kepulauan Bangka Belitung/2024-10-01,34510.612689251495
Cabai Merah Keriting/Kepulauan Bangka Belitung/2024-10-02,34510.59759069109
Cabai Merah Keriting/Kepulauan Bangka Belitung/2024-10-03,34510.60172313975
Cabai Merah Keriting/Kepulauan Bangka Belitung/2024-10-04,34510.62384336859
Cabai Merah Keriting/Kepulauan Bangka Belitung/2024-10-05,34510.60340880456
Cabai Merah Keriting/Kepulauan Bangka Belitung/2024-10-06,34510.60853423943
Cabai Merah Keriting/Kepulauan Bangka Belitung/2024-10-07,34510.625025909554
Cabai Merah Keriting/Kepulauan Bangka Belitung/2024-10-08,34510.62754851722
Cabai Merah Keriting/Kepulauan Bangka Belitung/2024-10-09,34510.61731908819
Cabai Merah Keriting/Kepulauan Bangka Belitung/2024-10-10,34510.61102674685
Cabai Merah Keriting/Kepulauan Bangka Belitung/2024-10-11,34510.6040599864
Cabai Merah Keriting/Kepulauan Bangka Belitung/2024-10-12,34510.60779989126
Cabai Merah Keriting/Kepulauan Bangka Belitung/2024-10-13,34510.60025922468
Cabai Merah Keriting/Kepulauan Bangka Belitung/2024-10-14,34510.60047080451
Cabai Merah Keriting/Kepulauan Bangka Belitung/2024-10-15,34510.60413382949
Cabai Merah Keriting/Kepulauan Bangka Belitung/2024-10-16,34510.59200003993
Cabai Merah Keriting/Kepulauan Bangka Belitung/2024-10-17,34510.61142503391
Cabai Merah Keriting/Kepulauan Bangka Belitung/2024-10-18,34510.59215160841
Cabai Merah Keriting/Kepulauan Bangka Belitung/2024-10-19,34510.602384274964
Cabai Merah Keriting/Kepulauan Bangka Belitung/2024-10-20,34510.59944261671
Cabai Merah Keriting/Kepulauan Bangka Belitung/2024-10-21,34510.62815274168
Cabai Merah Keriting/Kepulauan Bangka Belitung/2024-10-22,34510.61735612614
Cabai Merah Keriting/Kepulauan Bangka Belitung/2024-10-23,34510.61028232601
Cabai Merah Keriting/Kepulauan Bangka Belitung/2024-10-24,34510.60205740354
Cabai Merah Keriting/Kepulauan Bangka Belitung/2024-10-25,34510.604975286195
Cabai Merah Keriting/Kepulauan Bangka Belitung/2024-10-26,34510.60225502928
Cabai Merah Keriting/Kepulauan Bangka Belitung/2024-10-27,34510.60497434879
Cabai Merah Keriting/Kepulauan Bangka Belitung/2024-10-28,34510.60880184561
Cabai Merah Keriting/Kepulauan Bangka Belitung/2024-10-29,34510.60341878111
Cabai Merah Keriting/Kepulauan Bangka Belitung/2024-10-30,34510.60816680803
Cabai Merah Keriting/Kepulauan Bangka Belitung/2024-10-31,34510.60494297511
Cabai Merah Keriting/Kepulauan Bangka Belitung/2024-11-01,34510.62371093721
Cabai Merah Keriting/Kepulauan Bangka Belitung/2024-11-02,34510.60385907692
Cabai Merah Keriting/Kepulauan Bangka Belitung/2024-11-03,34510.61505654996
Cabai Merah Keriting/Kepulauan Bangka Belitung/2024-11-04,34510.60548632302
Cabai Merah Keriting/Kepulauan Bangka Belitung/2024-11-05,34510.620024444026
Cabai Merah Keriting/Kepulauan Bangka Belitung/2024-11-06,34510.62450046196
Cabai Merah Keriting/Kepulauan Bangka Belitung/2024-11-07,34510.60836566534
Cabai Merah Keriting/Kepulauan Bangka Belitung/2024-11-08,34510.60460256412
Cabai Merah Keriting/Kepulauan Bangka Belitung/2024-11-09,34510.60111422603
Cabai Merah Keriting/Kepulauan Bangka Belitung/2024-11-10,34510.60948055145
Cabai Merah Keriting/Kepulauan Bangka Belitung/2024-11-11,34510.592703019654
Cabai Merah Keriting/Kepulauan Bangka Belitung/2024-11-12,34510.59790484401
Cabai Merah Keriting/Kepulauan Bangka Belitung/2024-11-13,34510.62149092599
Cabai Merah Keriting/Kepulauan Bangka Belitung/2024-11-14,34510.586247527266
Cabai Merah Keriting/Kepulauan Bangka Belitung/2024-11-15,34510.604760545415
Cabai Merah Keriting/Kepulauan Bangka Belitung/2024-11-16,34510.60759795156
Cabai Merah Keriting/Kepulauan Bangka Belitung/2024-11-17,34510.61987575341
Cabai Merah Keriting/Kepulauan Bangka Belitung/2024-11-18,34510.61044493219
Cabai Merah Keriting/Kepulauan Bangka Belitung/2024-11-19,34510.60335058393
Cabai Merah Keriting/Kepulauan Bangka Belitung/2024-11-20,34510.60523501323
Cabai Merah Keriting/Kepulauan Bangka Belitung/2024-11-21,34510.6178758818
Cabai Merah Keriting/Kepulauan Bangka Belitung/2024-11-22,34510.61345323721
Cabai Merah Keriting/Kepulauan Bangka Belitung/2024-11-23,34510.60643118238
Cabai Merah Keriting/Kepulauan Bangka Belitung/2024-11-24,34510.608174313136
Cabai Merah Keriting/Kepulauan Bangka Belitung/2024-11-25,34510.61186670859
Cabai Merah Keriting/Kepulauan Bangka Belitung/2024-11-26,34510.6180294666
Cabai Merah Keriting/Kepulauan Bangka Belitung/2024-11-27,34510.60926448798
Cabai Merah Keriting/Kepulauan Bangka Belitung/2024-11-28,34510.605808763175
Cabai Merah Keriting/Kepulauan Bangka Belitung/2024-11-29,34510.61751576437
Cabai Merah Keriting/Kepulauan Bangka Belitung/2024-11-30,34510.61592301762
Cabai Merah Keriting/Kepulauan Bangka Belitung/2024-12-01,34510.62260163168
Cabai Merah Keriting/Kepulauan Bangka Belitung/2024-12-02,34510.602162479496
Cabai Merah Keriting/Kepulauan Bangka Belitung/2024-12-03,34510.59971117318
Cabai Merah Keriting/Kepulauan Bangka Belitung/2024-12-04,34510.615787483795
Cabai Merah Keriting/Kepulauan Bangka Belitung/2024-12-05,34510.631985716114
Cabai Merah Keriting/Kepulauan Bangka Belitung/2024-12-06,34510.59485479426
Cabai Merah Keriting/Kepulauan Bangka Belitung/2024-12-07,34510.61224159113
Cabai Merah Keriting/Kepulauan Bangka Belitung/2024-12-08,34510.61842844778
Cabai Merah Keriting/Kepulauan Bangka Belitung/2024-12-09,34510.603538228446
Cabai Merah Keriting/Kepulauan Bangka Belitung/2024-12-10,34510.60292298042
Cabai Merah Keriting/Kepulauan Bangka Belitung/2024-12-11,34510.59732022098
Cabai Merah Keriting/Kepulauan Bangka Belitung/2024-12-12,34510.62170248501
Cabai Merah Keriting/Kepulauan Bangka Belitung/2024-12-13,34510.61451075577
Cabai Merah Keriting/Kepulauan Bangka Belitung/2024-12-14,34510.60106567424
Cabai Merah Keriting/Kepulauan Bangka Belitung/2024-12-15,34510.61568747752
Cabai Merah Keriting/Kepulauan Bangka Belitung/2024-12-16,34510.60917966604
Cabai Merah Keriting/Kepulauan Bangka Belitung/2024-12-17,34510.607419552915
Cabai Merah Keriting/Kepulauan Bangka Belitung/2024-12-18,34510.599481827405
Cabai Merah Keriting/Kepulauan Bangka Belitung/2024-12-19,34510.61234016709
Cabai Merah Keriting/Kepulauan Bangka Belitung/2024-12-20,34510.61817834868
Cabai Merah Keriting/Kepulauan Bangka Belitung/2024-12-21,34510.61742124546
Cabai Merah Keriting/Kepulauan Bangka Belitung/2024-12-22,34510.61230552666
Cabai Merah Keriting/Kepulauan Bangka Belitung/2024-12-23,34510.61469242476
Cabai Merah Keriting/Kepulauan Bangka Belitung/2024-12-24,34510.61285286326
Cabai Merah Keriting/Kepulauan Bangka Belitung/2024-12-25,34510.62931407608
Cabai Merah Keriting/Kepulauan Bangka Belitung/2024-12-26,34510.61447988181
Cabai Merah Keriting/Kepulauan Bangka Belitung/2024-12-27,34510.621294181095
Cabai Merah Keriting/Kepulauan Bangka Belitung/2024-12-28,34510.614939330924
Cabai Merah Keriting/Kepulauan Bangka Belitung/2024-12-29,34510.61807698077
Cabai Merah Keriting/Kepulauan Bangka Belitung/2024-12-30,34510.59663437079
Cabai Merah Keriting/Kepulauan Bangka Belitung/2024-12-31,34510.599519993666
Cabai Merah Keriting/Kepulauan Riau/2024-10-01,34510.60940967161
Cabai Merah Keriting/Kepulauan Riau/2024-10-02,34510.61203400331
Cabai Merah Keriting/Kepulauan Riau/2024-10-03,34510.61986041624
Cabai Merah Keriting/Kepulauan Riau/2024-10-04,34510.61520587464
Cabai Merah Keriting/Kepulauan Riau/2024-10-05,34510.599287023186
Cabai Merah Keriting/Kepulauan Riau/2024-10-06,34510.60197800268
Cabai Merah Keriting/Kepulauan Riau/2024-10-07,34510.612363623426
Cabai Merah Keriting/Kepulauan Riau/2024-10-08,34510.61920528685
Cabai Merah Keriting/Kepulauan Riau/2024-10-09,34510.606214542604
Cabai Merah Keriting/Kepulauan Riau/2024-10-10,34510.600861017534
Cabai Merah Keriting/Kepulauan Riau/2024-10-11,34510.601049689976
Cabai Merah Keriting/Kepulauan Riau/2024-10-12,34510.59523210582
Cabai Merah Keriting/Kepulauan Riau/2024-10-13,34510.62756915025
Cabai Merah Keriting/Kepulauan Riau/2024-10-14,34510.60477316082
Cabai Merah Keriting/Kepulauan Riau/2024-10-15,34510.608434874106
Cabai Merah Keriting/Kepulauan Riau/2024-10-16,34510.61052315461
Cabai Merah Keriting/Kepulauan Riau/2024-10-17,34510.61946687692
Cabai Merah Keriting/Kepulauan Riau/2024-10-18,34510.60556918898
Cabai Merah Keriting/Kepulauan Riau/2024-10-19,34510.62099265908
Cabai Merah Keriting/Kepulauan Riau/2024-10-20,34510.61149683569
Cabai Merah Keriting/Kepulauan Riau/2024-10-21,34510.61515507931
Cabai Merah Keriting/Kepulauan Riau/2024-10-22,34510.6078738493
Cabai Merah Keriting/Kepulauan Riau/2024-10-23,34510.61407543127
Cabai Merah Keriting/Kepulauan Riau/2024-10-24,34510.59761796746
Cabai Merah Keriting/Kepulauan Riau/2024-10-25,34510.60925226743
Cabai Merah Keriting/Kepulauan Riau/2024-10-26,34510.59085089349
Cabai Merah Keriting/Kepulauan Riau/2024-10-27,34510.61295776101
Cabai Merah Keriting/Kepulauan Riau/2024-10-28,34510.60001574045
Cabai Merah Keriting/Kepulauan Riau/2024-10-29,34510.609606521735
Cabai Merah Keriting/Kepulauan Riau/2024-10-30,34510.60048308528
Cabai Merah Keriting/Kepulauan Riau/2024-10-31,34510.60267611082
Cabai Merah Keriting/Kepulauan Riau/2024-11-01,34510.6132020521
Cabai Merah Keriting/Kepulauan Riau/2024-11-02,34510.609314476074
Cabai Merah Keriting/Kepulauan Riau/2024-11-03,34510.62504221285
Cabai Merah Keriting/Kepulauan Riau/2024-11-04,34510.61568665749
Cabai Merah Keriting/Kepulauan Riau/2024-11-05,34510.613383053314
Cabai Merah Keriting/Kepulauan Riau/2024-11-06,34510.61296570766
Cabai Merah Keriting/Kepulauan Riau/2024-11-07,34510.628554011244
Cabai Merah Keriting/Kepulauan Riau/2024-11-08,34510.60299380818
Cabai Merah Keriting/Kepulauan Riau/2024-11-09,34510.62474267789
Cabai Merah Keriting/Kepulauan Riau/2024-11-10,34510.61031197467
Cabai Merah Keriting/Kepulauan Riau/2024-11-11,34510.59852320629
Cabai Merah Keriting/Kepulauan Riau/2024-11-12,34510.60835454762
Cabai Merah Keriting/Kepulauan Riau/2024-11-13,34510.6037192966
Cabai Merah Keriting/Kepulauan Riau/2024-11-14,34510.605792198614
Cabai Merah Keriting/Kepulauan Riau/2024-11-15,34510.6121186976
Cabai Merah Keriting/Kepulauan Riau/2024-11-16,34510.59163229347
Cabai Merah Keriting/Kepulauan Riau/2024-11-17,34510.59523887801
Cabai Merah Keriting/Kepulauan Riau/2024-11-18,34510.63510798627
Cabai Merah Keriting/Kepulauan Riau/2024-11-19,34510.604292486394
Cabai Merah Keriting/Kepulauan Riau/2024-11-20,34510.60453118878
Cabai Merah Keriting/Kepulauan Riau/2024-11-21,34510.61735612964
Cabai Merah Keriting/Kepulauan Riau/2024-11-22,34510.58870623247
Cabai Merah Keriting/Kepulauan Riau/2024-11-23,34510.61915675109
Cabai Merah Keriting/Kepulauan Riau/2024-11-24,34510.622088803015
Cabai Merah Keriting/Kepulauan Riau/2024-11-25,34510.59773325538
Cabai Merah Keriting/Kepulauan Riau/2024-11-26,34510.60738068984
Cabai Merah Keriting/Kepulauan Riau/2024-11-27,34510.602997494
Cabai Merah Keriting/Kepulauan Riau/2024-11-28,34510.599222269804
Cabai Merah Keriting/Kepulauan Riau/2024-11-29,34510.604908216046
Cabai Merah Keriting/Kepulauan Riau/2024-11-30,34510.62802128184
Cabai Merah Keriting/Kepulauan Riau/2024-12-01,34510.608735989306
Cabai Merah Keriting/Kepulauan Riau/2024-12-02,34510.59886815441
Cabai Merah Keriting/Kepulauan Riau/2024-12-03,34510.62026881562
Cabai Merah Keriting/Kepulauan Riau/2024-12-04,34510.62997001426
Cabai Merah Keriting/Kepulauan Riau/2024-12-05,34510.60249078782
Cabai Merah Keriting/Kepulauan Riau/2024-12-06,34510.61178337144
Cabai Merah Keriting/Kepulauan Riau/2024-12-07,34510.60662563241
Cabai Merah Keriting/Kepulauan Riau/2024-12-08,34510.61223083453
Cabai Merah Keriting/Kepulauan Riau/2024-12-09,34510.61430214037
Cabai Merah Keriting/Kepulauan Riau/2024-12-10,34510.643266961946
Cabai Merah Keriting/Kepulauan Riau/2024-12-11,34510.59155409786
Cabai Merah Keriting/Kepulauan Riau/2024-12-12,34510.60650154613
Cabai Merah Keriting/Kepulauan Riau/2024-12-13,34510.61310240355
Cabai Merah Keriting/Kepulauan Riau/2024-12-14,34510.60590552336
Cabai Merah Keriting/Kepulauan Riau/2024-12-15,34510.62434915519
Cabai Merah Keriting/Kepulauan Riau/2024-12-16,34510.615346247425
Cabai Merah Keriting/Kepulauan Riau/2024-12-17,34510.601922736874
Cabai Merah Keriting/Kepulauan Riau/2024-12-18,34510.61850355562
Cabai Merah Keriting/Kepulauan Riau/2024-12-19,34510.62013664959
Cabai Merah Keriting/Kepulauan Riau/2024-12-20,34510.60767884583
Cabai Merah Keriting/Kepulauan Riau/2024-12-21,34510.61013304199
Cabai Merah Keriting/Kepulauan Riau/2024-12-22,34510.602297113226
Cabai Merah Keriting/Kepulauan Riau/2024-12-23,34510.62713248522
Cabai Merah Keriting/Kepulauan Riau/2024-12-24,34510.61453299501
Cabai Merah Keriting/Kepulauan Riau/2024-12-25,34510.6206505352
Cabai Merah Keriting/Kepulauan Riau/2024-12-26,34510.61892094079
Cabai Merah Keriting/Kepulauan Riau/2024-12-27,34510.59938442748
Cabai Merah Keriting/Kepulauan Riau/2024-12-28,34510.603973546655
Cabai Merah Keriting/Kepulauan Riau/2024-12-29,34510.61132693043
Cabai Merah Keriting/Kepulauan Riau/2024-12-30,34510.61769836399
Cabai Merah Keriting/Kepulauan Riau/2024-12-31,34510.602171594466
Cabai Merah Keriting/Lampung/2024-10-01,34510.59602750837
Cabai Merah Keriting/Lampung/2024-10-02,34510.606277760184
Cabai Merah Keriting/Lampung/2024-10-03,34510.60731636767
Cabai Merah Keriting/Lampung/2024-10-04,34510.6209974227
Cabai Merah Keriting/Lampung/2024-10-05,34510.61658714291
Cabai Merah Keriting/Lampung/2024-10-06,34510.60316427479
Cabai Merah Keriting/Lampung/2024-10-07,34510.61295811828
Cabai Merah Keriting/Lampung/2024-10-08,34510.61093361908
Cabai Merah Keriting/Lampung/2024-10-09,34510.61107242263
Cabai Merah Keriting/Lampung/2024-10-10,34510.60160481887
Cabai Merah Keriting/Lampung/2024-10-11,34510.59162024815
Cabai Merah Keriting/Lampung/2024-10-12,34510.603187336965
Cabai Merah Keriting/Lampung/2024-10-13,34510.609934303655
Cabai Merah Keriting/Lampung/2024-10-14,34510.61357217136
Cabai Merah Keriting/Lampung/2024-10-15,34510.60896615757
Cabai Merah Keriting/Lampung/2024-10-16,34510.609643389755
Cabai Merah Keriting/Lampung/2024-10-17,34510.61127681672
Cabai Merah Keriting/Lampung/2024-10-18,34510.59608645257
Cabai Merah Keriting/Lampung/2024-10-19,34510.60819194963
Cabai Merah Keriting/Lampung/2024-10-20,34510.61170676131
Cabai Merah Keriting/Lampung/2024-10-21,34510.61947868987
Cabai Merah Keriting/Lampung/2024-10-22,34510.590062585274
Cabai Merah Keriting/Lampung/2024-10-23,34510.60559415619
Cabai Merah Keriting/Lampung/2024-10-24,34510.601111322394
Cabai Merah Keriting/Lampung/2024-10-25,34510.595518737755
Cabai Merah Keriting/Lampung/2024-10-26,34510.609989430064
Cabai Merah Keriting/Lampung/2024-10-27,34510.626785709515
Cabai Merah Keriting/Lampung/2024-10-28,34510.62301127746
Cabai Merah Keriting/Lampung/2024-10-29,34510.595878556065
Cabai Merah Keriting/Lampung/2024-10-30,34510.61405825847
Cabai Merah Keriting/Lampung/2024-10-31,34510.61646988903
Cabai Merah Keriting/Lampung/2024-11-01,34510.60971511879
Cabai Merah Keriting/Lampung/2024-11-02,34510.63261195129
Cabai Merah Keriting/Lampung/2024-11-03,34510.62832434393
Cabai Merah Keriting/Lampung/2024-11-04,34510.61503840091
Cabai Merah Keriting/Lampung/2024-11-05,34510.59921744295
Cabai Merah Keriting/Lampung/2024-11-06,34510.60999495161
Cabai Merah Keriting/Lampung/2024-11-07,34510.618260288415
Cabai Merah Keriting/Lampung/2024-11-08,34510.61060931801
Cabai Merah Keriting/Lampung/2024-11-09,34510.61382617468
Cabai Merah Keriting/Lampung/2024-11-10,34510.604011004834
Cabai Merah Keriting/Lampung/2024-11-11,34510.60762572757
Cabai Merah Keriting/Lampung/2024-11-12,34510.60732099662
Cabai Merah Keriting/Lampung/2024-11-13,34510.611890473425
Cabai Merah Keriting/Lampung/2024-11-14,34510.591689318135
Cabai Merah Keriting/Lampung/2024-11-15,34510.59637465415
Cabai Merah Keriting/Lampung/2024-11-16,34510.59636982259
Cabai Merah Keriting/Lampung/2024-11-17,34510.60435959535
Cabai Merah Keriting/Lampung/2024-11-18,34510.60533251353
Cabai Merah Keriting/Lampung/2024-11-19,34510.601383889894
Cabai Merah Keriting/Lampung/2024-11-20,34510.61591280953
Cabai Merah Keriting/Lampung/2024-11-21,34510.60510111235
Cabai Merah Keriting/Lampung/2024-11-22,34510.593411562215
Cabai Merah Keriting/Lampung/2024-11-23,34510.60414132933
Cabai Merah Keriting/Lampung/2024-11-24,34510.60890261257
Cabai Merah Keriting/Lampung/2024-11-25,34510.61327215971
Cabai Merah Keriting/Lampung/2024-11-26,34510.59157863743
Cabai Merah Keriting/Lampung/2024-11-27,34510.61333470872
Cabai Merah Keriting/Lampung/2024-11-28,34510.61988680157
Cabai Merah Keriting/Lampung/2024-11-29,34510.60942585361
Cabai Merah Keriting/Lampung/2024-11-30,34510.610583651345
Cabai Merah Keriting/Lampung/2024-12-01,34510.6189461888
Cabai Merah Keriting/Lampung/2024-12-02,34510.60113948062
Cabai Merah Keriting/Lampung/2024-12-03,34510.595161396326
Cabai Merah Keriting/Lampung/2024-12-04,34510.61799336847
Cabai Merah Keriting/Lampung/2024-12-05,34510.59998249826
Cabai Merah Keriting/Lampung/2024-12-06,34510.60830131848
Cabai Merah Keriting/Lampung/2024-12-07,34510.599941255845
Cabai Merah Keriting/Lampung/2024-12-08,34510.61176030885
Cabai Merah Keriting/Lampung/2024-12-09,34510.590084853684
Cabai Merah Keriting/Lampung/2024-12-10,34510.61435845293
Cabai Merah Keriting/Lampung/2024-12-11,34510.62137526408
Cabai Merah Keriting/Lampung/2024-12-12,34510.610523504365
Cabai Merah Keriting/Lampung/2024-12-13,34510.6113982827
Cabai Merah Keriting/Lampung/2024-12-14,34510.59843709641
Cabai Merah Keriting/Lampung/2024-12-15,34510.598982891206
Cabai Merah Keriting/Lampung/2024-12-16,34510.604533742546
Cabai Merah Keriting/Lampung/2024-12-17,34510.60668670075
Cabai Merah Keriting/Lampung/2024-12-18,34510.60076409899
Cabai Merah Keriting/Lampung/2024-12-19,34510.61890939006
Cabai Merah Keriting/Lampung/2024-12-20,34510.59774682715
Cabai Merah Keriting/Lampung/2024-12-21,34510.61806164576
Cabai Merah Keriting/Lampung/2024-12-22,34510.59779779892
Cabai Merah Keriting/Lampung/2024-12-23,34510.60266006847
Cabai Merah Keriting/Lampung/2024-12-24,34510.61973495489
Cabai Merah Keriting/Lampung/2024-12-25,34510.59763632687
Cabai Merah Keriting/Lampung/2024-12-26,34510.60397297269
Cabai Merah Keriting/Lampung/2024-12-27,34510.6040534963
Cabai Merah Keriting/Lampung/2024-12-28,34510.58917072068
Cabai Merah Keriting/Lampung/2024-12-29,34510.59868968962
Cabai Merah Keriting/Lampung/2024-12-30,34510.6133526364
Cabai Merah Keriting/Lampung/2024-12-31,34510.59414691254
Cabai Merah Keriting/Maluku Utara/2024-10-01,34510.61159997759
Cabai Merah Keriting/Maluku Utara/2024-10-02,34510.61906602872
Cabai Merah Keriting/Maluku Utara/2024-10-03,34510.61041011005
Cabai Merah Keriting/Maluku Utara/2024-10-04,34510.605687538045
Cabai Merah Keriting/Maluku Utara/2024-10-05,34510.599332066784
Cabai Merah Keriting/Maluku Utara/2024-10-06,34510.612188039944
Cabai Merah Keriting/Maluku Utara/2024-10-07,34510.6011448135
Cabai Merah Keriting/Maluku Utara/2024-10-08,34510.60930784885
Cabai Merah Keriting/Maluku Utara/2024-10-09,34510.613109383004
Cabai Merah Keriting/Maluku Utara/2024-10-10,34510.60868310717
Cabai Merah Keriting/Maluku Utara/2024-10-11,34510.61209229964
Cabai Merah Keriting/Maluku Utara/2024-10-12,34510.62943063738
Cabai Merah Keriting/Maluku Utara/2024-10-13,34510.59832386344
Cabai Merah Keriting/Maluku Utara/2024-10-14,34510.60729168564
Cabai Merah Keriting/Maluku Utara/2024-10-15,34510.596288878834
Cabai Merah Keriting/Maluku Utara/2024-10-16,34510.62086910905
Cabai Merah Keriting/Maluku Utara/2024-10-17,34510.60373194633
Cabai Merah Keriting/Maluku Utara/2024-10-18,34510.626139832755
Cabai Merah Keriting/Maluku Utara/2024-10-19,34510.60817183742
Cabai Merah Keriting/Maluku Utara/2024-10-20,34510.605362788774
Cabai Merah Keriting/Maluku Utara/2024-10-21,34510.61857776159
Cabai Merah Keriting/Maluku Utara/2024-10-22,34510.61217904383
Cabai Merah Keriting/Maluku Utara/2024-10-23,34510.61141141695
Cabai Merah Keriting/Maluku Utara/2024-10-24,34510.60476193547
Cabai Merah Keriting/Maluku Utara/2024-10-25,34510.59689058448
Cabai Merah Keriting/Maluku Utara/2024-10-26,34510.60342764276
Cabai Merah Keriting/Maluku Utara/2024-10-27,34510.592607318846
Cabai Merah Keriting/Maluku Utara/2024-10-28,34510.599972371936
Cabai Merah Keriting/Maluku Utara/2024-10-29,34510.60287109005
Cabai Merah Keriting/Maluku Utara/2024-10-30,34510.62801240426
Cabai Merah Keriting/Maluku Utara/2024-10-31,34510.613134851614
Cabai Merah Keriting/Maluku Utara/2024-11-01,34510.61000863856
Cabai Merah Keriting/Maluku Utara/2024-11-02,34510.60809794179
Cabai Merah Keriting/Maluku Utara/2024-11-03,34510.614542264324
Cabai Merah Keriting/Maluku Utara/2024-11-04,34510.6105876864
Cabai Merah Keriting/Maluku Utara/2024-11-05,34510.60687295641
Cabai Merah Keriting/Maluku Utara/2024-11-06,34510.63463752739
Cabai Merah Keriting/Maluku Utara/2024-11-07,34510.61888544258
Cabai Merah Keriting/Maluku Utara/2024-11-08,34510.5939463539
Cabai Merah Keriting/Maluku Utara/2024-11-09,34510.61052904886
Cabai Merah Keriting/Maluku Utara/2024-11-10,34510.600774319144
Cabai Merah Keriting/Maluku Utara/2024-11-11,34510.6163213252
Cabai Merah Keriting/Maluku Utara/2024-11-12,34510.61154160419
Cabai Merah Keriting/Maluku Utara/2024-11-13,34510.62552921954
Cabai Merah Keriting/Maluku Utara/2024-11-14,34510.60845995934
Cabai Merah Keriting/Maluku Utara/2024-11-15,34510.59650045329
Cabai Merah Keriting/Maluku Utara/2024-11-16,34510.62715486615
Cabai Merah Keriting/Maluku Utara/2024-11-17,34510.619862013984
Cabai Merah Keriting/Maluku Utara/2024-11-18,34510.61266717483
Cabai Merah Keriting/Maluku Utara/2024-11-19,34510.61555901812
Cabai Merah Keriting/Maluku Utara/2024-11-20,34510.6041819558
Cabai Merah Keriting/Maluku Utara/2024-11-21,34510.613153122504
Cabai Merah Keriting/Maluku Utara/2024-11-22,34510.612852792154
Cabai Merah Keriting/Maluku Utara/2024-11-23,34510.605410140604
Cabai Merah Keriting/Maluku Utara/2024-11-24,34510.60570916242
Cabai Merah Keriting/Maluku Utara/2024-11-25,34510.61371195525
Cabai Merah Keriting/Maluku Utara/2024-11-26,34510.61706738871
Cabai Merah Keriting/Maluku Utara/2024-11-27,34510.60104540712
Cabai Merah Keriting/Maluku Utara/2024-11-28,34510.59359327544
Cabai Merah Keriting/Maluku Utara/2024-11-29,34510.62221751874
Cabai Merah Keriting/Maluku Utara/2024-11-30,34510.60044634587
Cabai Merah Keriting/Maluku Utara/2024-12-01,34510.61329925177
Cabai Merah Keriting/Maluku Utara/2024-12-02,34510.61681033552
Cabai Merah Keriting/Maluku Utara/2024-12-03,34510.61625396824
Cabai Merah Keriting/Maluku Utara/2024-12-04,34510.59482470764
Cabai Merah Keriting/Maluku Utara/2024-12-05,34510.600737478
Cabai Merah Keriting/Maluku Utara/2024-12-06,34510.61310138806
Cabai Merah Keriting/Maluku Utara/2024-12-07,34510.61724845512
Cabai Merah Keriting/Maluku Utara/2024-12-08,34510.59926663975
Cabai Merah Keriting/Maluku Utara/2024-12-09,34510.604889025744
Cabai Merah Keriting/Maluku Utara/2024-12-10,34510.616001455
Cabai Merah Keriting/Maluku Utara/2024-12-11,34510.64024832465
Cabai Merah Keriting/Maluku Utara/2024-12-12,34510.59707206204
Cabai Merah Keriting/Maluku Utara/2024-12-13,34510.61758523642
Cabai Merah Keriting/Maluku Utara/2024-12-14,34510.60226326711
Cabai Merah Keriting/Maluku Utara/2024-12-15,34510.61667769474
Cabai Merah Keriting/Maluku Utara/2024-12-16,34510.60499899081
Cabai Merah Keriting/Maluku Utara/2024-12-17,34510.59576355026
Cabai Merah Keriting/Maluku Utara/2024-12-18,34510.61925812128
Cabai Merah Keriting/Maluku Utara/2024-12-19,34510.61778203078
Cabai Merah Keriting/Maluku Utara/2024-12-20,34510.61763623455
Cabai Merah Keriting/Maluku Utara/2024-12-21,34510.594972452345
Cabai Merah Keriting/Maluku Utara/2024-12-22,34510.60923056968
Cabai Merah Keriting/Maluku Utara/2024-12-23,34510.59975229848
Cabai Merah Keriting/Maluku Utara/2024-12-24,34510.61506323553
Cabai Merah Keriting/Maluku Utara/2024-12-25,34510.6018526766
Cabai Merah Keriting/Maluku Utara/2024-12-26,34510.617492277735
Cabai Merah Keriting/Maluku Utara/2024-12-27,34510.607089944315
Cabai Merah Keriting/Maluku Utara/2024-12-28,34510.624696454506
Cabai Merah Keriting/Maluku Utara/2024-12-29,34510.61004505174
Cabai Merah Keriting/Maluku Utara/2024-12-30,34510.60798289744
Cabai Merah Keriting/Maluku Utara/2024-12-31,34510.60071381892
Cabai Merah Keriting/Maluku/2024-10-01,34510.61034917876
Cabai Merah Keriting/Maluku/2024-10-02,34510.61841283963
Cabai Merah Keriting/Maluku/2024-10-03,34510.61714134767
Cabai Merah Keriting/Maluku/2024-10-04,34510.61634852418
Cabai Merah Keriting/Maluku/2024-10-05,34510.614322959904
Cabai Merah Keriting/Maluku/2024-10-06,34510.61642661819
Cabai Merah Keriting/Maluku/2024-10-07,34510.61379604662
Cabai Merah Keriting/Maluku/2024-10-08,34510.61744074134
Cabai Merah Keriting/Maluku/2024-10-09,34510.61212200043
Cabai Merah Keriting/Maluku/2024-10-10,34510.602928716755
Cabai Merah Keriting/Maluku/2024-10-11,34510.61996660584
Cabai Merah Keriting/Maluku/2024-10-12,34510.61040597295
Cabai Merah Keriting/Maluku/2024-10-13,34510.63009968531
Cabai Merah Keriting/Maluku/2024-10-14,34510.61554789542
Cabai Merah Keriting/Maluku/2024-10-15,34510.60966107195
Cabai Merah Keriting/Maluku/2024-10-16,34510.61134068904
Cabai Merah Keriting/Maluku/2024-10-17,34510.588700122484
Cabai Merah Keriting/Maluku/2024-10-18,34510.604364442064
Cabai Merah Keriting/Maluku/2024-10-19,34510.61505791357
Cabai Merah Keriting/Maluku/2024-10-20,34510.619467984965
Cabai Merah Keriting/Maluku/2024-10-21,34510.60936138083
Cabai Merah Keriting/Maluku/2024-10-22,34510.61769239202
Cabai Merah Keriting/Maluku/2024-10-23,34510.607379045614
Cabai Merah Keriting/Maluku/2024-10-24,34510.59824730211
Cabai Merah Keriting/Maluku/2024-10-25,34510.618115767145
Cabai Merah Keriting/Maluku/2024-10-26,34510.595665513945
Cabai Merah Keriting/Maluku/2024-10-27,34510.600480609806
Cabai Merah Keriting/Maluku/2024-10-28,34510.61268427965
Cabai Merah Keriting/Maluku/2024-10-29,34510.59906877635
Cabai Merah Keriting/Maluku/2024-10-30,34510.5995584179
Cabai Merah Keriting/Maluku/2024-10-31,34510.62213223118
Cabai Merah Keriting/Maluku/2024-11-01,34510.618432692674
Cabai Merah Keriting/Maluku/2024-11-02,34510.622235352355
Cabai Merah Keriting/Maluku/2024-11-03,34510.62115748452
Cabai Merah Keriting/Maluku/2024-11-04,34510.61096005369
Cabai Merah Keriting/Maluku/2024-11-05,34510.60843789691
Cabai Merah Keriting/Maluku/2024-11-06,34510.60670552282
Cabai Merah Keriting/Maluku/2024-11-07,34510.612131883696
Cabai Merah Keriting/Maluku/2024-11-08,34510.610534205094
Cabai Merah Keriting/Maluku/2024-11-09,34510.63070430029
Cabai Merah Keriting/Maluku/2024-11-10,34510.61130476582
Cabai Merah Keriting/Maluku/2024-11-11,34510.61006523076
Cabai Merah Keriting/Maluku/2024-11-12,34510.61277491524
Cabai Merah Keriting/Maluku/2024-11-13,34510.61505072809
Cabai Merah Keriting/Maluku/2024-11-14,34510.59569534902
Cabai Merah Keriting/Maluku/2024-11-15,34510.59338738225
Cabai Merah Keriting/Maluku/2024-11-16,34510.59942338146
Cabai Merah Keriting/Maluku/2024-11-17,34510.59800803268
Cabai Merah Keriting/Maluku/2024-11-18,34510.612384507265
Cabai Merah Keriting/Maluku/2024-11-19,34510.603571627
Cabai Merah Keriting/Maluku/2024-11-20,34510.62312479212
Cabai Merah Keriting/Maluku/2024-11-21,34510.603126698275
Cabai Merah Keriting/Maluku/2024-11-22,34510.60070351252
Cabai Merah Keriting/Maluku/2024-11-23,34510.6175549233
Cabai Merah Keriting/Maluku/2024-11-24,34510.61671213282
Cabai Merah Keriting/Maluku/2024-11-25,34510.59888746069
Cabai Merah Keriting/Maluku/2024-11-26,34510.608040710424
Cabai Merah Keriting/Maluku/2024-11-27,34510.60655076975
Cabai Merah Keriting/Maluku/2024-11-28,34510.624350210914
Cabai Merah Keriting/Maluku/2024-11-29,34510.59956350394
Cabai Merah Keriting/Maluku/2024-11-30,34510.6085961647
Cabai Merah Keriting/Maluku/2024-12-01,34510.60143725427
Cabai Merah Keriting/Maluku/2024-12-02,34510.61411174179
Cabai Merah Keriting/Maluku/2024-12-03,34510.604345314016
Cabai Merah Keriting/Maluku/2024-12-04,34510.60788831475
Cabai Merah Keriting/Maluku/2024-12-05,34510.622057000044
Cabai Merah Keriting/Maluku/2024-12-06,34510.61245971969
Cabai Merah Keriting/Maluku/2024-12-07,34510.61012989563
Cabai Merah Keriting/Maluku/2024-12-08,34510.60972741379
Cabai Merah Keriting/Maluku/2024-12-09,34510.61730998766
Cabai Merah Keriting/Maluku/2024-12-10,34510.6305691896
Cabai Merah Keriting/Maluku/2024-12-11,34510.60818344356
Cabai Merah Keriting/Maluku/2024-12-12,34510.61790856429
Cabai Merah Keriting/Maluku/2024-12-13,34510.60382716105
Cabai Merah Keriting/Maluku/2024-12-14,34510.60546083533
Cabai Merah Keriting/Maluku/2024-12-15,34510.621527265364
Cabai Merah Keriting/Maluku/2024-12-16,34510.61745157351
Cabai Merah Keriting/Maluku/2024-12-17,34510.608172405024
Cabai Merah Keriting/Maluku/2024-12-18,34510.600261219704
Cabai Merah Keriting/Maluku/2024-12-19,34510.6034223016
Cabai Merah Keriting/Maluku/2024-12-20,34510.59669366006
Cabai Merah Keriting/Maluku/2024-12-21,34510.60349446131
Cabai Merah Keriting/Maluku/2024-12-22,34510.598241104395
Cabai Merah Keriting/Maluku/2024-12-23,34510.62039097814
Cabai Merah Keriting/Maluku/2024-12-24,34510.62550835151
Cabai Merah Keriting/Maluku/2024-12-25,34510.61003681841
Cabai Merah Keriting/Maluku/2024-12-26,34510.626952921986
Cabai Merah Keriting/Maluku/2024-12-27,34510.628766699505
Cabai Merah Keriting/Maluku/2024-12-28,34510.59635114503
Cabai Merah Keriting/Maluku/2024-12-29,34510.611966523444
Cabai Merah Keriting/Maluku/2024-12-30,34510.61397727721
Cabai Merah Keriting/Maluku/2024-12-31,34510.61019546943
Cabai Merah Keriting/Nusa Tenggara Barat/2024-10-01,34510.607246239735
Cabai Merah Keriting/Nusa Tenggara Barat/2024-10-02,34510.619325675296
Cabai Merah Keriting/Nusa Tenggara Barat/2024-10-03,34510.61468262016
Cabai Merah Keriting/Nusa Tenggara Barat/2024-10-04,34510.610059860024
Cabai Merah Keriting/Nusa Tenggara Barat/2024-10-05,34510.60654651826
Cabai Merah Keriting/Nusa Tenggara Barat/2024-10-06,34510.636107870494
Cabai Merah Keriting/Nusa Tenggara Barat/2024-10-07,34510.60285024391
Cabai Merah Keriting/Nusa Tenggara Barat/2024-10-08,34510.61738902733
Cabai Merah Keriting/Nusa Tenggara Barat/2024-10-09,34510.62893755345
Cabai Merah Keriting/Nusa Tenggara Barat/2024-10-10,34510.605126931536
Cabai Merah Keriting/Nusa Tenggara Barat/2024-10-11,34510.59371944315
Cabai Merah Keriting/Nusa Tenggara Barat/2024-10-12,34510.61008779306
Cabai Merah Keriting/Nusa Tenggara Barat/2024-10-13,34510.60653149042
Cabai Merah Keriting/Nusa Tenggara Barat/2024-10-14,34510.61406681719
Cabai Merah Keriting/Nusa Tenggara Barat/2024-10-15,34510.63198834862
Cabai Merah Keriting/Nusa Tenggara Barat/2024-10-16,34510.61223443364
Cabai Merah Keriting/Nusa Tenggara Barat/2024-10-17,34510.61643887334
Cabai Merah Keriting/Nusa Tenggara Barat/2024-10-18,34510.6119133985
Cabai Merah Keriting/Nusa Tenggara Barat/2024-10-19,34510.60950140117
Cabai Merah Keriting/Nusa Tenggara Barat/2024-10-20,34510.607976552914
Cabai Merah Keriting/Nusa Tenggara Barat/2024-10-21,34510.59751936084
Cabai Merah Keriting/Nusa Tenggara Barat/2024-10-22,34510.62464731459
Cabai Merah Keriting/Nusa Tenggara Barat/2024-10-23,34510.61028129983
Cabai Merah Keriting/Nusa Tenggara Barat/2024-10-24,34510.607926090845
Cabai Merah Keriting/Nusa Tenggara Barat/2024-10-25,34510.61871726912
Cabai Merah Keriting/Nusa Tenggara Barat/2024-10-26,34510.61467816426
Cabai Merah Keriting/Nusa Tenggara Barat/2024-10-27,34510.59713564379
Cabai Merah Keriting/Nusa Tenggara Barat/2024-10-28,34510.61181420472
Cabai Merah Keriting/Nusa Tenggara Barat/2024-10-29,34510.62109967048
Cabai Merah Keriting/Nusa Tenggara Barat/2024-10-30,34510.613215560326
Cabai Merah Keriting/Nusa Tenggara Barat/2024-10-31,34510.62570623532
Cabai Merah Keriting/Nusa Tenggara Barat/2024-11-01,34510.60266160998
Cabai Merah Keriting/Nusa Tenggara Barat/2024-11-02,34510.617061776655
Cabai Merah Keriting/Nusa Tenggara Barat/2024-11-03,34510.60219073107
Cabai Merah Keriting/Nusa Tenggara Barat/2024-11-04,34510.603751361814
Cabai Merah Keriting/Nusa Tenggara Barat/2024-11-05,34510.6141836672
Cabai Merah Keriting/Nusa Tenggara Barat/2024-11-06,34510.62184106667
Cabai Merah Keriting/Nusa Tenggara Barat/2024-11-07,34510.60358134363
Cabai Merah Keriting/Nusa Tenggara Barat/2024-11-08,34510.60369868157
Cabai Merah Keriting/Nusa Tenggara Barat/2024-11-09,34510.60917484158
Cabai Merah Keriting/Nusa Tenggara Barat/2024-11-10,34510.617754011175
Cabai Merah Keriting/Nusa Tenggara Barat/2024-11-11,34510.6111235287
Cabai Merah Keriting/Nusa Tenggara Barat/2024-11-12,34510.62785704201
Cabai Merah Keriting/Nusa Tenggara Barat/2024-11-13,34510.62800641708
Cabai Merah Keriting/Nusa Tenggara Barat/2024-11-14,34510.60727892285
Cabai Merah Keriting/Nusa Tenggara Barat/2024-11-15,34510.5891303724
Cabai Merah Keriting/Nusa Tenggara Barat/2024-11-16,34510.60039678404
Cabai Merah Keriting/Nusa Tenggara Barat/2024-11-17,34510.586132579694
Cabai Merah Keriting/Nusa Tenggara Barat/2024-11-18,34510.60361921202
Cabai Merah Keriting/Nusa Tenggara Barat/2024-11-19,34510.61623243232
Cabai Merah Keriting/Nusa Tenggara Barat/2024-11-20,34510.606028476905
Cabai Merah Keriting/Nusa Tenggara Barat/2024-11-21,34510.5991256975
Cabai Merah Keriting/Nusa Tenggara Barat/2024-11-22,34510.61565285085
Cabai Merah Keriting/Nusa Tenggara Barat/2024-11-23,34510.585795380655
Cabai Merah Keriting/Nusa Tenggara Barat/2024-11-24,34510.60140819343
Cabai Merah Keriting/Nusa Tenggara Barat/2024-11-25,34510.60409945012
Cabai Merah Keriting/Nusa Tenggara Barat/2024-11-26,34510.59844188834
Cabai Merah Keriting/Nusa Tenggara Barat/2024-11-27,34510.61071974839
Cabai Merah Keriting/Nusa Tenggara Barat/2024-11-28,34510.588695653045
Cabai Merah Keriting/Nusa Tenggara Barat/2024-11-29,34510.60643310272
Cabai Merah Keriting/Nusa Tenggara Barat/2024-11-30,34510.60847112286
Cabai Merah Keriting/Nusa Tenggara Barat/2024-12-01,34510.617392036394
Cabai Merah Keriting/Nusa Tenggara Barat/2024-12-02,34510.60005068328
Cabai Merah Keriting/Nusa Tenggara Barat/2024-12-03,34510.62284184604
Cabai Merah Keriting/Nusa Tenggara Barat/2024-12-04,34510.62643674641
Cabai Merah Keriting/Nusa Tenggara Barat/2024-12-05,34510.610644781074
Cabai Merah Keriting/Nusa Tenggara Barat/2024-12-06,34510.61105512953
Cabai Merah Keriting/Nusa Tenggara Barat/2024-12-07,34510.608078105084
Cabai Merah Keriting/Nusa Tenggara Barat/2024-12-08,34510.61954545945
Cabai Merah Keriting/Nusa Tenggara Barat/2024-12-09,34510.58876519836
Cabai Merah Keriting/Nusa Tenggara Barat/2024-12-10,34510.614496484995
Cabai Merah Keriting/Nusa Tenggara Barat/2024-12-11,34510.59767345342
Cabai Merah Keriting/Nusa Tenggara Barat/2024-12-12,34510.617839071136
Cabai Merah Keriting/Nusa Tenggara Barat/2024-12-13,34510.603619968315
Cabai Merah Keriting/Nusa Tenggara Barat/2024-12-14,34510.62392209946
Cabai Merah Keriting/Nusa Tenggara Barat/2024-12-15,34510.61093310372
Cabai Merah Keriting/Nusa Tenggara Barat/2024-12-16,34510.60101410279
Cabai Merah Keriting/Nusa Tenggara Barat/2024-12-17,34510.630521774205
Cabai Merah Keriting/Nusa Tenggara Barat/2024-12-18,34510.60360303466
Cabai Merah Keriting/Nusa Tenggara Barat/2024-12-19,34510.61323456
Cabai Merah Keriting/Nusa Tenggara Barat/2024-12-20,34510.61952220028
Cabai Merah Keriting/Nusa Tenggara Barat/2024-12-21,34510.61726869646
Cabai Merah Keriting/Nusa Tenggara Barat/2024-12-22,34510.60412505965
Cabai Merah Keriting/Nusa Tenggara Barat/2024-12-23,34510.60824654698
Cabai Merah Keriting/Nusa Tenggara Barat/2024-12-24,34510.60762444717
Cabai Merah Keriting/Nusa Tenggara Barat/2024-12-25,34510.618497399555
Cabai Merah Keriting/Nusa Tenggara Barat/2024-12-26,34510.60021625999
Cabai Merah Keriting/Nusa Tenggara Barat/2024-12-27,34510.62149795768
Cabai Merah Keriting/Nusa Tenggara Barat/2024-12-28,34510.61459890881
Cabai Merah Keriting/Nusa Tenggara Barat/2024-12-29,34510.61967306407
Cabai Merah Keriting/Nusa Tenggara Barat/2024-12-30,34510.61311889243
Cabai Merah Keriting/Nusa Tenggara Barat/2024-12-31,34510.60925446934
Cabai Merah Keriting/Nusa Tenggara Timur/2024-10-01,34510.593926065136
Cabai Merah Keriting/Nusa Tenggara Timur/2024-10-02,34510.62196457041
Cabai Merah Keriting/Nusa Tenggara Timur/2024-10-03,34510.60328788151
Cabai Merah Keriting/Nusa Tenggara Timur/2024-10-04,34510.5933497358
Cabai Merah Keriting/Nusa Tenggara Timur/2024-10-05,34510.60408618742
Cabai Merah Keriting/Nusa Tenggara Timur/2024-10-06,34510.60496140481
Cabai Merah Keriting/Nusa Tenggara Timur/2024-10-07,34510.59606018442
Cabai Merah Keriting/Nusa Tenggara Timur/2024-10-08,34510.615093593326
Cabai Merah Keriting/Nusa Tenggara Timur/2024-10-09,34510.62476070145
Cabai Merah Keriting/Nusa Tenggara Timur/2024-10-10,34510.60557722466
Cabai Merah Keriting/Nusa Tenggara Timur/2024-10-11,34510.61217694171
Cabai Merah Keriting/Nusa Tenggara Timur/2024-10-12,34510.59643853031
Cabai Merah Keriting/Nusa Tenggara Timur/2024-10-13,34510.61053475728
Cabai Merah Keriting/Nusa Tenggara Timur/2024-10-14,34510.62037038553
Cabai Merah Keriting/Nusa Tenggara Timur/2024-10-15,34510.60764890548
Cabai Merah Keriting/Nusa Tenggara Timur/2024-10-16,34510.6121706966
Cabai Merah Keriting/Nusa Tenggara Timur/2024-10-17,34510.59722788134
Cabai Merah Keriting/Nusa Tenggara Timur/2024-10-18,34510.608300515574
Cabai Merah Keriting/Nusa Tenggara Timur/2024-10-19,34510.61214265096
Cabai Merah Keriting/Nusa Tenggara Timur/2024-10-20,34510.619822443005
Cabai Merah Keriting/Nusa Tenggara Timur/2024-10-21,34510.60907556392
Cabai Merah Keriting/Nusa Tenggara Timur/2024-10-22,34510.61885615253
Cabai Merah Keriting/Nusa Tenggara Timur/2024-10-23,34510.6127755463
Cabai Merah Keriting/Nusa Tenggara Timur/2024-10-24,34510.60170754269
Cabai Merah Keriting/Nusa Tenggara Timur/2024-10-25,34510.625058622936
Cabai Merah Keriting/Nusa Tenggara Timur/2024-10-26,34510.612231531435
Cabai Merah Keriting/Nusa Tenggara Timur/2024-10-27,34510.59696963549
Cabai Merah Keriting/Nusa Tenggara Timur/2024-10-28,34510.6018704641
Cabai Merah Keriting/Nusa Tenggara Timur/2024-10-29,34510.60810294046
Cabai Merah Keriting/Nusa Tenggara Timur/2024-10-30,34510.60683318276
Cabai Merah Keriting/Nusa Tenggara Timur/2024-10-31,34510.618541327174
Cabai Merah Keriting/Nusa Tenggara Timur/2024-11-01,34510.62132426723
Cabai Merah Keriting/Nusa Tenggara Timur/2024-11-02,34510.61473692369
Cabai Merah Keriting/Nusa Tenggara Timur/2024-11-03,34510.62611864048
Cabai Merah Keriting/Nusa Tenggara Timur/2024-11-04,34510.605529002576
Cabai Merah Keriting/Nusa Tenggara Timur/2024-11-05,34510.6027008359
Cabai Merah Keriting/Nusa Tenggara Timur/2024-11-06,34510.625532021404
Cabai Merah Keriting/Nusa Tenggara Timur/2024-11-07,34510.60403058324
Cabai Merah Keriting/Nusa Tenggara Timur/2024-11-08,34510.620325607095
Cabai Merah Keriting/Nusa Tenggara Timur/2024-11-09,34510.610841321075
Cabai Merah Keriting/Nusa Tenggara Timur/2024-11-10,34510.614991891445
Cabai Merah Keriting/Nusa Tenggara Timur/2024-11-11,34510.59563156266
Cabai Merah Keriting/Nusa Tenggara Timur/2024-11-12,34510.61094433407
Cabai Merah Keriting/Nusa Tenggara Timur/2024-11-13,34510.601645301365
Cabai Merah Keriting/Nusa Tenggara Timur/2024-11-14,34510.59849051015
Cabai Merah Keriting/Nusa Tenggara Timur/2024-11-15,34510.6133217057
Cabai Merah Keriting/Nusa Tenggara Timur/2024-11-16,34510.61773959137
Cabai Merah Keriting/Nusa Tenggara Timur/2024-11-17,34510.620156402394
Cabai Merah Keriting/Nusa Tenggara Timur/2024-11-18,34510.60994795001
Cabai Merah Keriting/Nusa Tenggara Timur/2024-11-19,34510.61728770319
Cabai Merah Keriting/Nusa Tenggara Timur/2024-11-20,34510.61042214883
Cabai Merah Keriting/Nusa Tenggara Timur/2024-11-21,34510.59870553691
Cabai Merah Keriting/Nusa Tenggara Timur/2024-11-22,34510.61782894401
Cabai Merah Keriting/Nusa Tenggara Timur/2024-11-23,34510.5941888624
Cabai Merah Keriting/Nusa Tenggara Timur/2024-11-24,34510.61037253677
Cabai Merah Keriting/Nusa Tenggara Timur/2024-11-25,34510.60831610807
Cabai Merah Keriting/Nusa Tenggara Timur/2024-11-26,34510.6152697242
Cabai Merah Keriting/Nusa Tenggara Timur/2024-11-27,34510.62200991924
Cabai Merah Keriting/Nusa Tenggara Timur/2024-11-28,34510.618806586615
Cabai Merah Keriting/Nusa Tenggara Timur/2024-11-29,34510.6218541524
Cabai Merah Keriting/Nusa Tenggara Timur/2024-11-30,34510.61116648381
Cabai Merah Keriting/Nusa Tenggara Timur/2024-12-01,34510.591130127774
Cabai Merah Keriting/Nusa Tenggara Timur/2024-12-02,34510.600624157625
Cabai Merah Keriting/Nusa Tenggara Timur/2024-12-03,34510.61208281878
Cabai Merah Keriting/Nusa Tenggara Timur/2024-12-04,34510.61623726998
Cabai Merah Keriting/Nusa Tenggara Timur/2024-12-05,34510.59683563805
Cabai Merah Keriting/Nusa Tenggara Timur/2024-12-06,34510.61120978386
Cabai Merah Keriting/Nusa Tenggara Timur/2024-12-07,34510.60436206867
Cabai Merah Keriting/Nusa Tenggara Timur/2024-12-08,34510.605053186395
Cabai Merah Keriting/Nusa Tenggara Timur/2024-12-09,34510.604489566605
Cabai Merah Keriting/Nusa Tenggara Timur/2024-12-10,34510.60643124374
Cabai Merah Keriting/Nusa Tenggara Timur/2024-12-11,34510.618337128384
Cabai Merah Keriting/Nusa Tenggara Timur/2024-12-12,34510.603923683535
Cabai Merah Keriting/Nusa Tenggara Timur/2024-12-13,34510.61679050301
Cabai Merah Keriting/Nusa Tenggara Timur/2024-12-14,34510.62226731264
Cabai Merah Keriting/Nusa Tenggara Timur/2024-12-15,34510.58963276739
Cabai Merah Keriting/Nusa Tenggara Timur/2024-12-16,34510.60360997304
Cabai Merah Keriting/Nusa Tenggara Timur/2024-12-17,34510.61084040472
Cabai Merah Keriting/Nusa Tenggara Timur/2024-12-18,34510.61383500862
Cabai Merah Keriting/Nusa Tenggara Timur/2024-12-19,34510.61661103619
Cabai Merah Keriting/Nusa Tenggara Timur/2024-12-20,34510.60548173124
Cabai Merah Keriting/Nusa Tenggara Timur/2024-12-21,34510.61312851911
Cabai Merah Keriting/Nusa Tenggara Timur/2024-12-22,34510.58024355992
Cabai Merah Keriting/Nusa Tenggara Timur/2024-12-23,34510.61701054492
Cabai Merah Keriting/Nusa Tenggara Timur/2024-12-24,34510.62023674339
Cabai Merah Keriting/Nusa Tenggara Timur/2024-12-25,34510.596872377966
Cabai Merah Keriting/Nusa Tenggara Timur/2024-12-26,34510.59614176426
Cabai Merah Keriting/Nusa Tenggara Timur/2024-12-27,34510.622500776866
Cabai Merah Keriting/Nusa Tenggara Timur/2024-12-28,34510.61353722082
Cabai Merah Keriting/Nusa Tenggara Timur/2024-12-29,34510.59892788628
Cabai Merah Keriting/Nusa Tenggara Timur/2024-12-30,34510.60456028067
Cabai Merah Keriting/Nusa Tenggara Timur/2024-12-31,34510.622820302655
Cabai Merah Keriting/Papua Barat/2024-10-01,34510.60968494686
Cabai Merah Keriting/Papua Barat/2024-10-02,34510.60412865547
Cabai Merah Keriting/Papua Barat/2024-10-03,34510.60624775628
Cabai Merah Keriting/Papua Barat/2024-10-04,34510.61659031162
Cabai Merah Keriting/Papua Barat/2024-10-05,34510.5977824818
Cabai Merah Keriting/Papua Barat/2024-10-06,34510.60542030923
Cabai Merah Keriting/Papua Barat/2024-10-07,34510.61737082783
Cabai Merah Keriting/Papua Barat/2024-10-08,34510.62194732147
Cabai Merah Keriting/Papua Barat/2024-10-09,34510.610437157
Cabai Merah Keriting/Papua Barat/2024-10-10,34510.61360460753
Cabai Merah Keriting/Papua Barat/2024-10-11,34510.626534514435
Cabai Merah Keriting/Papua Barat/2024-10-12,34510.61403166174
Cabai Merah Keriting/Papua Barat/2024-10-13,34510.63079276084
Cabai Merah Keriting/Papua Barat/2024-10-14,34510.601528373074
Cabai Merah Keriting/Papua Barat/2024-10-15,34510.60216467177
Cabai Merah Keriting/Papua Barat/2024-10-16,34510.61267400311
Cabai Merah Keriting/Papua Barat/2024-10-17,34510.60581405125
Cabai Merah Keriting/Papua Barat/2024-10-18,34510.62251655307
Cabai Merah Keriting/Papua Barat/2024-10-19,34510.617067146195
Cabai Merah Keriting/Papua Barat/2024-10-20,34510.594031759465
Cabai Merah Keriting/Papua Barat/2024-10-21,34510.62042620301
Cabai Merah Keriting/Papua Barat/2024-10-22,34510.610359742444
Cabai Merah Keriting/Papua Barat/2024-10-23,34510.6061995447
Cabai Merah Keriting/Papua Barat/2024-10-24,34510.613678396054
Cabai Merah Keriting/Papua Barat/2024-10-25,34510.596229548646
Cabai Merah Keriting/Papua Barat/2024-10-26,34510.62130185191
Cabai Merah Keriting/Papua Barat/2024-10-27,34510.619715146786
Cabai Merah Keriting/Papua Barat/2024-10-28,34510.62059278401
Cabai Merah Keriting/Papua Barat/2024-10-29,34510.607144141526
Cabai Merah Keriting/Papua Barat/2024-10-30,34510.610377512625
Cabai Merah Keriting/Papua Barat/2024-10-31,34510.60174429005
Cabai Merah Keriting/Papua Barat/2024-11-01,34510.59242895304
Cabai Merah Keriting/Papua Barat/2024-11-02,34510.613229584495
Cabai Merah Keriting/Papua Barat/2024-11-03,34510.60181618122
Cabai Merah Keriting/Papua Barat/2024-11-04,34510.60158443295
Cabai Merah Keriting/Papua Barat/2024-11-05,34510.58768966301
Cabai Merah Keriting/Papua Barat/2024-11-06,34510.60714238071
Cabai Merah Keriting/Papua Barat/2024-11-07,34510.604395003844
Cabai Merah Keriting/Papua Barat/2024-11-08,34510.61632512961
Cabai Merah Keriting/Papua Barat/2024-11-09,34510.61035223118
Cabai Merah Keriting/Papua Barat/2024-11-10,34510.61792442511
Cabai Merah Keriting/Papua Barat/2024-11-11,34510.60521273743
Cabai Merah Keriting/Papua Barat/2024-11-12,34510.61256896917
Cabai Merah Keriting/Papua Barat/2024-11-13,34510.60084897788
Cabai Merah Keriting/Papua Barat/2024-11-14,34510.62285378157
Cabai Merah Keriting/Papua Barat/2024-11-15,34510.608446085345
Cabai Merah Keriting/Papua Barat/2024-11-16,34510.603038561465
Cabai Merah Keriting/Papua Barat/2024-11-17,34510.614719024634
Cabai Merah Keriting/Papua Barat/2024-11-18,34510.620047757264
Cabai Merah Keriting/Papua Barat/2024-11-19,34510.61860250376
Cabai Merah Keriting/Papua Barat/2024-11-20,34510.624521571495
Cabai Merah Keriting/Papua Barat/2024-11-21,34510.60960469552
Cabai Merah Keriting/Papua Barat/2024-11-22,34510.609487445225
Cabai Merah Keriting/Papua Barat/2024-11-23,34510.593767996994
Cabai Merah Keriting/Papua Barat/2024-11-24,34510.616019433044
Cabai Merah Keriting/Papua Barat/2024-11-25,34510.63051036645
Cabai Merah Keriting/Papua Barat/2024-11-26,34510.61372650272
Cabai Merah Keriting/Papua Barat/2024-11-27,34510.61456492609
Cabai Merah Keriting/Papua Barat/2024-11-28,34510.58646739036
Cabai Merah Keriting/Papua Barat/2024-11-29,34510.602856453144
Cabai Merah Keriting/Papua Barat/2024-11-30,34510.61530803976
Cabai Merah Keriting/Papua Barat/2024-12-01,34510.59704969878
Cabai Merah Keriting/Papua Barat/2024-12-02,34510.604190284466
Cabai Merah Keriting/Papua Barat/2024-12-03,34510.62061574896
Cabai Merah Keriting/Papua Barat/2024-12-04,34510.6064973697
Cabai Merah Keriting/Papua Barat/2024-12-05,34510.60863721947
Cabai Merah Keriting/Papua Barat/2024-12-06,34510.611809918584
Cabai Merah Keriting/Papua Barat/2024-12-07,34510.60422883567
Cabai Merah Keriting/Papua Barat/2024-12-08,34510.59013637385
Cabai Merah Keriting/Papua Barat/2024-12-09,34510.615780149084
Cabai Merah Keriting/Papua Barat/2024-12-10,34510.61086862
Cabai Merah Keriting/Papua Barat/2024-12-11,34510.61461720126
Cabai Merah Keriting/Papua Barat/2024-12-12,34510.62135291116
Cabai Merah Keriting/Papua Barat/2024-12-13,34510.612667091955
Cabai Merah Keriting/Papua Barat/2024-12-14,34510.58622898672
Cabai Merah Keriting/Papua Barat/2024-12-15,34510.6065700787
Cabai Merah Keriting/Papua Barat/2024-12-16,34510.605720256346
Cabai Merah Keriting/Papua Barat/2024-12-17,34510.58489745843
Cabai Merah Keriting/Papua Barat/2024-12-18,34510.61294263922
Cabai Merah Keriting/Papua Barat/2024-12-19,34510.59831564074
Cabai Merah Keriting/Papua Barat/2024-12-20,34510.613831762246
Cabai Merah Keriting/Papua Barat/2024-12-21,34510.60196012027
Cabai Merah Keriting/Papua Barat/2024-12-22,34510.610070311006
Cabai Merah Keriting/Papua Barat/2024-12-23,34510.611453558675
Cabai Merah Keriting/Papua Barat/2024-12-24,34510.59873191779
Cabai Merah Keriting/Papua Barat/2024-12-25,34510.60719758308
Cabai Merah Keriting/Papua Barat/2024-12-26,34510.61715635948
Cabai Merah Keriting/Papua Barat/2024-12-27,34510.62531542502
Cabai Merah Keriting/Papua Barat/2024-12-28,34510.618119642444
Cabai Merah Keriting/Papua Barat/2024-12-29,34510.602394579735
Cabai Merah Keriting/Papua Barat/2024-12-30,34510.61932892558
Cabai Merah Keriting/Papua Barat/2024-12-31,34510.61333739916
Cabai Merah Keriting/Papua/2024-10-01,34510.61002126985
Cabai Merah Keriting/Papua/2024-10-02,34510.61205673794
Cabai Merah Keriting/Papua/2024-10-03,34510.61194201425
Cabai Merah Keriting/Papua/2024-10-04,34510.622489650275
Cabai Merah Keriting/Papua/2024-10-05,34510.614864078314
Cabai Merah Keriting/Papua/2024-10-06,34510.60231681672
Cabai Merah Keriting/Papua/2024-10-07,34510.629812382285
Cabai Merah Keriting/Papua/2024-10-08,34510.6109471687
Cabai Merah Keriting/Papua/2024-10-09,34510.608560959714
Cabai Merah Keriting/Papua/2024-10-10,34510.622719280545
Cabai Merah Keriting/Papua/2024-10-11,34510.619074076174
Cabai Merah Keriting/Papua/2024-10-12,34510.61854473425
Cabai Merah Keriting/Papua/2024-10-13,34510.59025226901
Cabai Merah Keriting/Papua/2024-10-14,34510.6072732744
Cabai Merah Keriting/Papua/2024-10-15,34510.62605293424
Cabai Merah Keriting/Papua/2024-10-16,34510.59846450406
Cabai Merah Keriting/Papua/2024-10-17,34510.610046619746
Cabai Merah Keriting/Papua/2024-10-18,34510.60404134201
Cabai Merah Keriting/Papua/2024-10-19,34510.62538182158
Cabai Merah Keriting/Papua/2024-10-20,34510.595875907326
Cabai Merah Keriting/Papua/2024-10-21,34510.600941122066
Cabai Merah Keriting/Papua/2024-10-22,34510.59704536277
Cabai Merah Keriting/Papua/2024-10-23,34510.611709364166
Cabai Merah Keriting/Papua/2024-10-24,34510.6161994154
Cabai Merah Keriting/Papua/2024-10-25,34510.60091998779
Cabai Merah Keriting/Papua/2024-10-26,34510.59994464183
Cabai Merah Keriting/Papua/2024-10-27,34510.61144075
Cabai Merah Keriting/Papua/2024-10-28,34510.610273598526
Cabai Merah Keriting/Papua/2024-10-29,34510.63182377289
Cabai Merah Keriting/Papua/2024-10-30,34510.60053140339
Cabai Merah Keriting/Papua/2024-10-31,34510.59829525961
Cabai Merah Keriting/Papua/2024-11-01,34510.62019538866
Cabai Merah Keriting/Papua/2024-11-02,34510.620320416354
Cabai Merah Keriting/Papua/2024-11-03,34510.58891384427
Cabai Merah Keriting/Papua/2024-11-04,34510.621889287606
Cabai Merah Keriting/Papua/2024-11-05,34510.61357353571
Cabai Merah Keriting/Papua/2024-11-06,34510.60986438013
Cabai Merah Keriting/Papua/2024-11-07,34510.62115354803
Cabai Merah Keriting/Papua/2024-11-08,34510.6082053779
Cabai Merah Keriting/Papua/2024-11-09,34510.61147845086
Cabai Merah Keriting/Papua/2024-11-10,34510.616465619605
Cabai Merah Keriting/Papua/2024-11-11,34510.623132292225
Cabai Merah Keriting/Papua/2024-11-12,34510.600978775685
Cabai Merah Keriting/Papua/2024-11-13,34510.610968368885
Cabai Merah Keriting/Papua/2024-11-14,34510.61152650952
Cabai Merah Keriting/Papua/2024-11-15,34510.62674054914
Cabai Merah Keriting/Papua/2024-11-16,34510.60763078172
Cabai Merah Keriting/Papua/2024-11-17,34510.61826813875
Cabai Merah Keriting/Papua/2024-11-18,34510.6284391961
Cabai Merah Keriting/Papua/2024-11-19,34510.583081954275
Cabai Merah Keriting/Papua/2024-11-20,34510.6039355426
Cabai Merah Keriting/Papua/2024-11-21,34510.59832217357
Cabai Merah Keriting/Papua/2024-11-22,34510.63041750285
Cabai Merah Keriting/Papua/2024-11-23,34510.593929073744
Cabai Merah Keriting/Papua/2024-11-24,34510.6128042448
Cabai Merah Keriting/Papua/2024-11-25,34510.615832641546
Cabai Merah Keriting/Papua/2024-11-26,34510.611276911615
Cabai Merah Keriting/Papua/2024-11-27,34510.59844479548
Cabai Merah Keriting/Papua/2024-11-28,34510.607442013825
Cabai Merah Keriting/Papua/2024-11-29,34510.62223177521
Cabai Merah Keriting/Papua/2024-11-30,34510.61892971279
Cabai Merah Keriting/Papua/2024-12-01,34510.60077390771
Cabai Merah Keriting/Papua/2024-12-02,34510.613739493994
Cabai Merah Keriting/Papua/2024-12-03,34510.60154772674
Cabai Merah Keriting/Papua/2024-12-04,34510.62554029634
Cabai Merah Keriting/Papua/2024-12-05,34510.60365712451
Cabai Merah Keriting/Papua/2024-12-06,34510.6204471558
Cabai Merah Keriting/Papua/2024-12-07,34510.61760075858
Cabai Merah Keriting/Papua/2024-12-08,34510.59411389221
Cabai Merah Keriting/Papua/2024-12-09,34510.59845039373
Cabai Merah Keriting/Papua/2024-12-10,34510.59198289367
Cabai Merah Keriting/Papua/2024-12-11,34510.60088277732
Cabai Merah Keriting/Papua/2024-12-12,34510.60948221175
Cabai Merah Keriting/Papua/2024-12-13,34510.61098171473
Cabai Merah Keriting/Papua/2024-12-14,34510.60749745262
Cabai Merah Keriting/Papua/2024-12-15,34510.60738230604
Cabai Merah Keriting/Papua/2024-12-16,34510.620053891354
Cabai Merah Keriting/Papua/2024-12-17,34510.598941401746
Cabai Merah Keriting/Papua/2024-12-18,34510.6136741877
Cabai Merah Keriting/Papua/2024-12-19,34510.606347811765
Cabai Merah Keriting/Papua/2024-12-20,34510.618917711
Cabai Merah Keriting/Papua/2024-12-21,34510.616591862345
Cabai Merah Keriting/Papua/2024-12-22,34510.61672078281
Cabai Merah Keriting/Papua/2024-12-23,34510.599503341364
Cabai Merah Keriting/Papua/2024-12-24,34510.62061519661
Cabai Merah Keriting/Papua/2024-12-25,34510.59576567147
Cabai Merah Keriting/Papua/2024-12-26,34510.60972895513
Cabai Merah Keriting/Papua/2024-12-27,34510.596583736035
Cabai Merah Keriting/Papua/2024-12-28,34510.60379212547
Cabai Merah Keriting/Papua/2024-12-29,34510.616961441185
Cabai Merah Keriting/Papua/2024-12-30,34510.61008031113
Cabai Merah Keriting/Papua/2024-12-31,34510.602809958444
Cabai Merah Keriting/Riau/2024-10-01,34510.60396738456
Cabai Merah Keriting/Riau/2024-10-02,34510.633327065014
Cabai Merah Keriting/Riau/2024-10-03,34510.596277187615
Cabai Merah Keriting/Riau/2024-10-04,34510.612627361406
Cabai Merah Keriting/Riau/2024-10-05,34510.63173534705
Cabai Merah Keriting/Riau/2024-10-06,34510.61844184527
Cabai Merah Keriting/Riau/2024-10-07,34510.6190811772
Cabai Merah Keriting/Riau/2024-10-08,34510.584870023195
Cabai Merah Keriting/Riau/2024-10-09,34510.61396821018
Cabai Merah Keriting/Riau/2024-10-10,34510.61690756468
Cabai Merah Keriting/Riau/2024-10-11,34510.60790090508
Cabai Merah Keriting/Riau/2024-10-12,34510.61961990563
Cabai Merah Keriting/Riau/2024-10-13,34510.59745521431
Cabai Merah Keriting/Riau/2024-10-14,34510.6021326702
Cabai Merah Keriting/Riau/2024-10-15,34510.612229305785
Cabai Merah Keriting/Riau/2024-10-16,34510.6087698061
Cabai Merah Keriting/Riau/2024-10-17,34510.5929406624
Cabai Merah Keriting/Riau/2024-10-18,34510.60071985637
Cabai Merah Keriting/Riau/2024-10-19,34510.61577216879
Cabai Merah Keriting/Riau/2024-10-20,34510.60660669771
Cabai Merah Keriting/Riau/2024-10-21,34510.60909310808
Cabai Merah Keriting/Riau/2024-10-22,34510.62422585348
Cabai Merah Keriting/Riau/2024-10-23,34510.60413473368
Cabai Merah Keriting/Riau/2024-10-24,34510.603155251
Cabai Merah Keriting/Riau/2024-10-25,34510.61918832128
Cabai Merah Keriting/Riau/2024-10-26,34510.61619164577
Cabai Merah Keriting/Riau/2024-10-27,34510.62376559674
Cabai Merah Keriting/Riau/2024-10-28,34510.61393394345
Cabai Merah Keriting/Riau/2024-10-29,34510.6009488262
Cabai Merah Keriting/Riau/2024-10-30,34510.60853928209
Cabai Merah Keriting/Riau/2024-10-31,34510.61172339901
Cabai Merah Keriting/Riau/2024-11-01,34510.61795880888
Cabai Merah Keriting/Riau/2024-11-02,34510.59479323533
Cabai Merah Keriting/Riau/2024-11-03,34510.61705028982
Cabai Merah Keriting/Riau/2024-11-04,34510.592278885444
Cabai Merah Keriting/Riau/2024-11-05,34510.62085791014
Cabai Merah Keriting/Riau/2024-11-06,34510.60313756046
Cabai Merah Keriting/Riau/2024-11-07,34510.61852574111
Cabai Merah Keriting/Riau/2024-11-08,34510.60310911668
Cabai Merah Keriting/Riau/2024-11-09,34510.60793431089
Cabai Merah Keriting/Riau/2024-11-10,34510.61273895494
Cabai Merah Keriting/Riau/2024-11-11,34510.596522765096
Cabai Merah Keriting/Riau/2024-11-12,34510.60507606031
Cabai Merah Keriting/Riau/2024-11-13,34510.61375162535
Cabai Merah Keriting/Riau/2024-11-14,34510.61560184004
Cabai Merah Keriting/Riau/2024-11-15,34510.6104567229
Cabai Merah Keriting/Riau/2024-11-16,34510.62206841225
Cabai Merah Keriting/Riau/2024-11-17,34510.614631389515
Cabai Merah Keriting/Riau/2024-11-18,34510.616263714444
Cabai Merah Keriting/Riau/2024-11-19,34510.59773146067
Cabai Merah Keriting/Riau/2024-11-20,34510.593984293264
Cabai Merah Keriting/Riau/2024-11-21,34510.635533228444
Cabai Merah Keriting/Riau/2024-11-22,34510.61675473676
Cabai Merah Keriting/Riau/2024-11-23,34510.60766275735
Cabai Merah Keriting/Riau/2024-11-24,34510.593546783566
Cabai Merah Keriting/Riau/2024-11-25,34510.59728742602
Cabai Merah Keriting/Riau/2024-11-26,34510.60387073145
Cabai Merah Keriting/Riau/2024-11-27,34510.609678075874
Cabai Merah Keriting/Riau/2024-11-28,34510.60940114515
Cabai Merah Keriting/Riau/2024-11-29,34510.62608089918
Cabai Merah Keriting/Riau/2024-11-30,34510.62551079371
Cabai Merah Keriting/Riau/2024-12-01,34510.63571282122
Cabai Merah Keriting/Riau/2024-12-02,34510.60718580167
Cabai Merah Keriting/Riau/2024-12-03,34510.6065545069
Cabai Merah Keriting/Riau/2024-12-04,34510.61125406202
Cabai Merah Keriting/Riau/2024-12-05,34510.606810128644
Cabai Merah Keriting/Riau/2024-12-06,34510.61588273496
Cabai Merah Keriting/Riau/2024-12-07,34510.604805893105
Cabai Merah Keriting/Riau/2024-12-08,34510.61051107654
Cabai Merah Keriting/Riau/2024-12-09,34510.6123769933
Cabai Merah Keriting/Riau/2024-12-10,34510.61599977798
Cabai Merah Keriting/Riau/2024-12-11,34510.60383517893
Cabai Merah Keriting/Riau/2024-12-12,34510.61150833559
Cabai Merah Keriting/Riau/2024-12-13,34510.607262130055
Cabai Merah Keriting/Riau/2024-12-14,34510.60823939909
Cabai Merah Keriting/Riau/2024-12-15,34510.6155830589
Cabai Merah Keriting/Riau/2024-12-16,34510.59762703601
Cabai Merah Keriting/Riau/2024-12-17,34510.61372624498
Cabai Merah Keriting/Riau/2024-12-18,34510.62208288509
Cabai Merah Keriting/Riau/2024-12-19,34510.62155526145
Cabai Merah Keriting/Riau/2024-12-20,34510.60930955908
Cabai Merah Keriting/Riau/2024-12-21,34510.60134330513
Cabai Merah Keriting/Riau/2024-12-22,34510.61298243271
Cabai Merah Keriting/Riau/2024-12-23,34510.59623833317
Cabai Merah Keriting/Riau/2024-12-24,34510.60697358114
Cabai Merah Keriting/Riau/2024-12-25,34510.60160062816
Cabai Merah Keriting/Riau/2024-12-26,34510.604177364025
Cabai Merah Keriting/Riau/2024-12-27,34510.611425661205
Cabai Merah Keriting/Riau/2024-12-28,34510.60944711968
Cabai Merah Keriting/Riau/2024-12-29,34510.62262824375
Cabai Merah Keriting/Riau/2024-12-30,34510.60271970895
Cabai Merah Keriting/Riau/2024-12-31,34510.582123823835
Cabai Merah Keriting/Sulawesi Barat/2024-10-01,34510.608908962786
Cabai Merah Keriting/Sulawesi Barat/2024-10-02,34510.60934253878
Cabai Merah Keriting/Sulawesi Barat/2024-10-03,34510.61646147988
Cabai Merah Keriting/Sulawesi Barat/2024-10-04,34510.61106751057
Cabai Merah Keriting/Sulawesi Barat/2024-10-05,34510.59889340046
Cabai Merah Keriting/Sulawesi Barat/2024-10-06,34510.59641868954
Cabai Merah Keriting/Sulawesi Barat/2024-10-07,34510.60664565164
Cabai Merah Keriting/Sulawesi Barat/2024-10-08,34510.6110780439
Cabai Merah Keriting/Sulawesi Barat/2024-10-09,34510.60795146179
Cabai Merah Keriting/Sulawesi Barat/2024-10-10,34510.60910503869
Cabai Merah Keriting/Sulawesi Barat/2024-10-11,34510.622560375086
Cabai Merah Keriting/Sulawesi Barat/2024-10-12,34510.60802343403
Cabai Merah Keriting/Sulawesi Barat/2024-10-13,34510.597176647745
Cabai Merah Keriting/Sulawesi Barat/2024-10-14,34510.60955223348
Cabai Merah Keriting/Sulawesi Barat/2024-10-15,34510.60370793988
Cabai Merah Keriting/Sulawesi Barat/2024-10-16,34510.61575375757
Cabai Merah Keriting/Sulawesi Barat/2024-10-17,34510.60097875951
Cabai Merah Keriting/Sulawesi Barat/2024-10-18,34510.6035439274
Cabai Merah Keriting/Sulawesi Barat/2024-10-19,34510.59869991433
Cabai Merah Keriting/Sulawesi Barat/2024-10-20,34510.605683857386
Cabai Merah Keriting/Sulawesi Barat/2024-10-21,34510.634174254505
Cabai Merah Keriting/Sulawesi Barat/2024-10-22,34510.60429299506
Cabai Merah Keriting/Sulawesi Barat/2024-10-23,34510.62508806372
Cabai Merah Keriting/Sulawesi Barat/2024-10-24,34510.621024599284
Cabai Merah Keriting/Sulawesi Barat/2024-10-25,34510.60575483625
Cabai Merah Keriting/Sulawesi Barat/2024-10-26,34510.59681193157
Cabai Merah Keriting/Sulawesi Barat/2024-10-27,34510.60940530745
Cabai Merah Keriting/Sulawesi Barat/2024-10-28,34510.599425135195
Cabai Merah Keriting/Sulawesi Barat/2024-10-29,34510.62422087783
Cabai Merah Keriting/Sulawesi Barat/2024-10-30,34510.604287565526
Cabai Merah Keriting/Sulawesi Barat/2024-10-31,34510.62397430847
Cabai Merah Keriting/Sulawesi Barat/2024-11-01,34510.61405827822
Cabai Merah Keriting/Sulawesi Barat/2024-11-02,34510.596451813704
Cabai Merah Keriting/Sulawesi Barat/2024-11-03,34510.58858599756
Cabai Merah Keriting/Sulawesi Barat/2024-11-04,34510.61528422111
Cabai Merah Keriting/Sulawesi Barat/2024-11-05,34510.61773858424
Cabai Merah Keriting/Sulawesi Barat/2024-11-06,34510.62003155049
Cabai Merah Keriting/Sulawesi Barat/2024-11-07,34510.607504030646
Cabai Merah Keriting/Sulawesi Barat/2024-11-08,34510.60508013494
Cabai Merah Keriting/Sulawesi Barat/2024-11-09,34510.61727528883
Cabai Merah Keriting/Sulawesi Barat/2024-11-10,34510.60691941003
Cabai Merah Keriting/Sulawesi Barat/2024-11-11,34510.610846682786
Cabai Merah Keriting/Sulawesi Barat/2024-11-12,34510.625642508705
Cabai Merah Keriting/Sulawesi Barat/2024-11-13,34510.60525987687
Cabai Merah Keriting/Sulawesi Barat/2024-11-14,34510.609451635275
Cabai Merah Keriting/Sulawesi Barat/2024-11-15,34510.603853633824
Cabai Merah Keriting/Sulawesi Barat/2024-11-16,34510.61095699384
Cabai Merah Keriting/Sulawesi Barat/2024-11-17,34510.6066678619
Cabai Merah Keriting/Sulawesi Barat/2024-11-18,34510.61545351235
Cabai Merah Keriting/Sulawesi Barat/2024-11-19,34510.62431231787
Cabai Merah Keriting/Sulawesi Barat/2024-11-20,34510.60755634185
Cabai Merah Keriting/Sulawesi Barat/2024-11-21,34510.61324613644
Cabai Merah Keriting/Sulawesi Barat/2024-11-22,34510.59957184433
Cabai Merah Keriting/Sulawesi Barat/2024-11-23,34510.609576988834
Cabai Merah Keriting/Sulawesi Barat/2024-11-24,34510.616846026605
Cabai Merah Keriting/Sulawesi Barat/2024-11-25,34510.61151646093
Cabai Merah Keriting/Sulawesi Barat/2024-11-26,34510.60851013386
Cabai Merah Keriting/Sulawesi Barat/2024-11-27,34510.6095984764
Cabai Merah Keriting/Sulawesi Barat/2024-11-28,34510.63374841177
Cabai Merah Keriting/Sulawesi Barat/2024-11-29,34510.600743863564
Cabai Merah Keriting/Sulawesi Barat/2024-11-30,34510.60709754847
Cabai Merah Keriting/Sulawesi Barat/2024-12-01,34510.60238522147
Cabai Merah Keriting/Sulawesi Barat/2024-12-02,34510.60660146778
Cabai Merah Keriting/Sulawesi Barat/2024-12-03,34510.61756326278
Cabai Merah Keriting/Sulawesi Barat/2024-12-04,34510.60064363731
Cabai Merah Keriting/Sulawesi Barat/2024-12-05,34510.61658052642
Cabai Merah Keriting/Sulawesi Barat/2024-12-06,34510.60902682045
Cabai Merah Keriting/Sulawesi Barat/2024-12-07,34510.630830900904
Cabai Merah Keriting/Sulawesi Barat/2024-12-08,34510.61461625423
Cabai Merah Keriting/Sulawesi Barat/2024-12-09,34510.60302642396
Cabai Merah Keriting/Sulawesi Barat/2024-12-10,34510.61266334578
Cabai Merah Keriting/Sulawesi Barat/2024-12-11,34510.60483757368
Cabai Merah Keriting/Sulawesi Barat/2024-12-12,34510.61459989
Cabai Merah Keriting/Sulawesi Barat/2024-12-13,34510.606297453814
Cabai Merah Keriting/Sulawesi Barat/2024-12-14,34510.6089660547
Cabai Merah Keriting/Sulawesi Barat/2024-12-15,34510.61964343629
Cabai Merah Keriting/Sulawesi Barat/2024-12-16,34510.59558971858
Cabai Merah Keriting/Sulawesi Barat/2024-12-17,34510.60975264539
Cabai Merah Keriting/Sulawesi Barat/2024-12-18,34510.59601161839
Cabai Merah Keriting/Sulawesi Barat/2024-12-19,34510.61462883361
Cabai Merah Keriting/Sulawesi Barat/2024-12-20,34510.60375185444
Cabai Merah Keriting/Sulawesi Barat/2024-12-21,34510.62455323114
Cabai Merah Keriting/Sulawesi Barat/2024-12-22,34510.61519368625
Cabai Merah Keriting/Sulawesi Barat/2024-12-23,34510.60168500051
Cabai Merah Keriting/Sulawesi Barat/2024-12-24,34510.60684774997
Cabai Merah Keriting/Sulawesi Barat/2024-12-25,34510.60566006278
Cabai Merah Keriting/Sulawesi Barat/2024-12-26,34510.61551830221
Cabai Merah Keriting/Sulawesi Barat/2024-12-27,34510.607300268144
Cabai Merah Keriting/Sulawesi Barat/2024-12-28,34510.60297253111
Cabai Merah Keriting/Sulawesi Barat/2024-12-29,34510.62074806366
Cabai Merah Keriting/Sulawesi Barat/2024-12-30,34510.62425503428
Cabai Merah Keriting/Sulawesi Barat/2024-12-31,34510.6182999523
Cabai Merah Keriting/Sulawesi Selatan/2024-10-01,34510.6092785613
Cabai Merah Keriting/Sulawesi Selatan/2024-10-02,34510.62567624943
Cabai Merah Keriting/Sulawesi Selatan/2024-10-03,34510.62640908635
Cabai Merah Keriting/Sulawesi Selatan/2024-10-04,34510.625567174255
Cabai Merah Keriting/Sulawesi Selatan/2024-10-05,34510.61735001692
Cabai Merah Keriting/Sulawesi Selatan/2024-10-06,34510.61707751697
Cabai Merah Keriting/Sulawesi Selatan/2024-10-07,34510.62268358411
Cabai Merah Keriting/Sulawesi Selatan/2024-10-08,34510.60893608494
Cabai Merah Keriting/Sulawesi Selatan/2024-10-09,34510.63327271129
Cabai Merah Keriting/Sulawesi Selatan/2024-10-10,34510.61165756803
Cabai Merah Keriting/Sulawesi Selatan/2024-10-11,34510.61023742701
Cabai Merah Keriting/Sulawesi Selatan/2024-10-12,34510.61367590967
Cabai Merah Keriting/Sulawesi Selatan/2024-10-13,34510.606340757084
Cabai Merah Keriting/Sulawesi Selatan/2024-10-14,34510.599965712216
Cabai Merah Keriting/Sulawesi Selatan/2024-10-15,34510.611061530515
Cabai Merah Keriting/Sulawesi Selatan/2024-10-16,34510.61949740138
Cabai Merah Keriting/Sulawesi Selatan/2024-10-17,34510.60186758515
Cabai Merah Keriting/Sulawesi Selatan/2024-10-18,34510.60003808059
Cabai Merah Keriting/Sulawesi Selatan/2024-10-19,34510.60137822275
Cabai Merah Keriting/Sulawesi Selatan/2024-10-20,34510.616341241875
Cabai Merah Keriting/Sulawesi Selatan/2024-10-21,34510.62077221266
Cabai Merah Keriting/Sulawesi Selatan/2024-10-22,34510.60491354966
Cabai Merah Keriting/Sulawesi Selatan/2024-10-23,34510.60303886338
Cabai Merah Keriting/Sulawesi Selatan/2024-10-24,34510.62736932641
Cabai Merah Keriting/Sulawesi Selatan/2024-10-25,34510.62603882306
Cabai Merah Keriting/Sulawesi Selatan/2024-10-26,34510.61729151456
Cabai Merah Keriting/Sulawesi Selatan/2024-10-27,34510.598898162425
Cabai Merah Keriting/Sulawesi Selatan/2024-10-28,34510.61650561324
Cabai Merah Keriting/Sulawesi Selatan/2024-10-29,34510.5941285048
Cabai Merah Keriting/Sulawesi Selatan/2024-10-30,34510.61431075729
Cabai Merah Keriting/Sulawesi Selatan/2024-10-31,34510.612502151125
Cabai Merah Keriting/Sulawesi Selatan/2024-11-01,34510.611927682745
Cabai Merah Keriting/Sulawesi Selatan/2024-11-02,34510.57910851508
Cabai Merah Keriting/Sulawesi Selatan/2024-11-03,34510.60594348915
Cabai Merah Keriting/Sulawesi Selatan/2024-11-04,34510.61180512136
Cabai Merah Keriting/Sulawesi Selatan/2024-11-05,34510.62165980938
Cabai Merah Keriting/Sulawesi Selatan/2024-11-06,34510.6107563739
Cabai Merah Keriting/Sulawesi Selatan/2024-11-07,34510.59520446881
Cabai Merah Keriting/Sulawesi Selatan/2024-11-08,34510.60344068073
Cabai Merah Keriting/Sulawesi Selatan/2024-11-09,34510.61047805091
Cabai Merah Keriting/Sulawesi Selatan/2024-11-10,34510.590801320664
Cabai Merah Keriting/Sulawesi Selatan/2024-11-11,34510.61197954252
Cabai Merah Keriting/Sulawesi Selatan/2024-11-12,34510.60066178305
Cabai Merah Keriting/Sulawesi Selatan/2024-11-13,34510.61710420349
Cabai Merah Keriting/Sulawesi Selatan/2024-11-14,34510.6193985781
Cabai Merah Keriting/Sulawesi Selatan/2024-11-15,34510.61196221266
Cabai Merah Keriting/Sulawesi Selatan/2024-11-16,34510.62302875273
Cabai Merah Keriting/Sulawesi Selatan/2024-11-17,34510.58130649207
Cabai Merah Keriting/Sulawesi Selatan/2024-11-18,34510.61704138937
Cabai Merah Keriting/Sulawesi Selatan/2024-11-19,34510.61037915257
Cabai Merah Keriting/Sulawesi Selatan/2024-11-20,34510.61312182854
Cabai Merah Keriting/Sulawesi Selatan/2024-11-21,34510.61630540278
Cabai Merah Keriting/Sulawesi Selatan/2024-11-22,34510.603155379526
Cabai Merah Keriting/Sulawesi Selatan/2024-11-23,34510.599450322974
Cabai Merah Keriting/Sulawesi Selatan/2024-11-24,34510.60582806803
Cabai Merah Keriting/Sulawesi Selatan/2024-11-25,34510.615024288985
Cabai Merah Keriting/Sulawesi Selatan/2024-11-26,34510.611234733624
Cabai Merah Keriting/Sulawesi Selatan/2024-11-27,34510.61810472161
Cabai Merah Keriting/Sulawesi Selatan/2024-11-28,34510.623696154755
Cabai Merah Keriting/Sulawesi Selatan/2024-11-29,34510.62298449672
Cabai Merah Keriting/Sulawesi Selatan/2024-11-30,34510.59973306611
Cabai Merah Keriting/Sulawesi Selatan/2024-12-01,34510.60529318209
Cabai Merah Keriting/Sulawesi Selatan/2024-12-02,34510.61769590018
Cabai Merah Keriting/Sulawesi Selatan/2024-12-03,34510.629450210115
Cabai Merah Keriting/Sulawesi Selatan/2024-12-04,34510.60388063945
Cabai Merah Keriting/Sulawesi Selatan/2024-12-05,34510.6354803589
Cabai Merah Keriting/Sulawesi Selatan/2024-12-06,34510.60656049909
Cabai Merah Keriting/Sulawesi Selatan/2024-12-07,34510.608565220595
Cabai Merah Keriting/Sulawesi Selatan/2024-12-08,34510.610657484984
Cabai Merah Keriting/Sulawesi Selatan/2024-12-09,34510.61407306223
Cabai Merah Keriting/Sulawesi Selatan/2024-12-10,34510.606731499865
Cabai Merah Keriting/Sulawesi Selatan/2024-12-11,34510.614921255925
Cabai Merah Keriting/Sulawesi Selatan/2024-12-12,34510.62170642089
Cabai Merah Keriting/Sulawesi Selatan/2024-12-13,34510.59314073953
Cabai Merah Keriting/Sulawesi Selatan/2024-12-14,34510.6059693639
Cabai Merah Keriting/Sulawesi Selatan/2024-12-15,34510.620723382825
Cabai Merah Keriting/Sulawesi Selatan/2024-12-16,34510.612764802405
Cabai Merah Keriting/Sulawesi Selatan/2024-12-17,34510.6137707457
Cabai Merah Keriting/Sulawesi Selatan/2024-12-18,34510.607698149375
Cabai Merah Keriting/Sulawesi Selatan/2024-12-19,34510.62015728773
Cabai Merah Keriting/Sulawesi Selatan/2024-12-20,34510.63001131687
Cabai Merah Keriting/Sulawesi Selatan/2024-12-21,34510.623501740454
Cabai Merah Keriting/Sulawesi Selatan/2024-12-22,34510.606517908265
Cabai Merah Keriting/Sulawesi Selatan/2024-12-23,34510.60694579207
Cabai Merah Keriting/Sulawesi Selatan/2024-12-24,34510.61032051003
Cabai Merah Keriting/Sulawesi Selatan/2024-12-25,34510.61092083319
Cabai Merah Keriting/Sulawesi Selatan/2024-12-26,34510.60539806086
Cabai Merah Keriting/Sulawesi Selatan/2024-12-27,34510.619421050054
Cabai Merah Keriting/Sulawesi Selatan/2024-12-28,34510.629205973266
Cabai Merah Keriting/Sulawesi Selatan/2024-12-29,34510.63122362566
Cabai Merah Keriting/Sulawesi Selatan/2024-12-30,34510.60857552411
Cabai Merah Keriting/Sulawesi Selatan/2024-12-31,34510.60764164049
Cabai Merah Keriting/Sulawesi Tengah/2024-10-01,34510.598433810424
Cabai Merah Keriting/Sulawesi Tengah/2024-10-02,34510.608312804194
Cabai Merah Keriting/Sulawesi Tengah/2024-10-03,34510.62332738295
Cabai Merah Keriting/Sulawesi Tengah/2024-10-04,34510.611469612995
Cabai Merah Keriting/Sulawesi Tengah/2024-10-05,34510.60918048157
Cabai Merah Keriting/Sulawesi Tengah/2024-10-06,34510.61715880445
Cabai Merah Keriting/Sulawesi Tengah/2024-10-07,34510.61304405107
Cabai Merah Keriting/Sulawesi Tengah/2024-10-08,34510.61049440598
Cabai Merah Keriting/Sulawesi Tengah/2024-10-09,34510.620089042895
Cabai Merah Keriting/Sulawesi Tengah/2024-10-10,34510.60771293444
Cabai Merah Keriting/Sulawesi Tengah/2024-10-11,34510.613896184994
Cabai Merah Keriting/Sulawesi Tengah/2024-10-12,34510.596993135754
Cabai Merah Keriting/Sulawesi Tengah/2024-10-13,34510.62706929073
Cabai Merah Keriting/Sulawesi Tengah/2024-10-14,34510.60297513481
Cabai Merah Keriting/Sulawesi Tengah/2024-10-15,34510.6168050017
Cabai Merah Keriting/Sulawesi Tengah/2024-10-16,34510.61238010987
Cabai Merah Keriting/Sulawesi Tengah/2024-10-17,34510.59257308647
Cabai Merah Keriting/Sulawesi Tengah/2024-10-18,34510.61643730953
Cabai Merah Keriting/Sulawesi Tengah/2024-10-19,34510.60915273674
Cabai Merah Keriting/Sulawesi Tengah/2024-10-20,34510.599502100195
Cabai Merah Keriting/Sulawesi Tengah/2024-10-21,34510.61449546903
Cabai Merah Keriting/Sulawesi Tengah/2024-10-22,34510.62125281617
Cabai Merah Keriting/Sulawesi Tengah/2024-10-23,34510.6159980487
Cabai Merah Keriting/Sulawesi Tengah/2024-10-24,34510.60379668992
Cabai Merah Keriting/Sulawesi Tengah/2024-10-25,34510.5996198027
Cabai Merah Keriting/Sulawesi Tengah/2024-10-26,34510.60842589174
Cabai Merah Keriting/Sulawesi Tengah/2024-10-27,34510.620063661816
Cabai Merah Keriting/Sulawesi Tengah/2024-10-28,34510.62056829291
Cabai Merah Keriting/Sulawesi Tengah/2024-10-29,34510.63300758191
Cabai Merah Keriting/Sulawesi Tengah/2024-10-30,34510.62325134109
Cabai Merah Keriting/Sulawesi Tengah/2024-10-31,34510.611883154794
Cabai Merah Keriting/Sulawesi Tengah/2024-11-01,34510.61242925615
Cabai Merah Keriting/Sulawesi Tengah/2024-11-02,34510.59884443481
Cabai Merah Keriting/Sulawesi Tengah/2024-11-03,34510.61824636693
Cabai Merah Keriting/Sulawesi Tengah/2024-11-04,34510.62226701581
Cabai Merah Keriting/Sulawesi Tengah/2024-11-05,34510.60410145262
Cabai Merah Keriting/Sulawesi Tengah/2024-11-06,34510.619536192746
Cabai Merah Keriting/Sulawesi Tengah/2024-11-07,34510.62208236743
Cabai Merah Keriting/Sulawesi Tengah/2024-11-08,34510.625104840175
Cabai Merah Keriting/Sulawesi Tengah/2024-11-09,34510.59474617887
Cabai Merah Keriting/Sulawesi Tengah/2024-11-10,34510.611181159744
Cabai Merah Keriting/Sulawesi Tengah/2024-11-11,34510.60299503547
Cabai Merah Keriting/Sulawesi Tengah/2024-11-12,34510.60873748372
Cabai Merah Keriting/Sulawesi Tengah/2024-11-13,34510.60442643992
Cabai Merah Keriting/Sulawesi Tengah/2024-11-14,34510.60357985872
Cabai Merah Keriting/Sulawesi Tengah/2024-11-15,34510.60725649352
Cabai Merah Keriting/Sulawesi Tengah/2024-11-16,34510.59334693257
Cabai Merah Keriting/Sulawesi Tengah/2024-11-17,34510.6154245763
Cabai Merah Keriting/Sulawesi Tengah/2024-11-18,34510.60602962694
Cabai Merah Keriting/Sulawesi Tengah/2024-11-19,34510.58822195268
Cabai Merah Keriting/Sulawesi Tengah/2024-11-20,34510.60751170768
Cabai Merah Keriting/Sulawesi Tengah/2024-11-21,34510.60057183921
Cabai Merah Keriting/Sulawesi Tengah/2024-11-22,34510.60525765608
Cabai Merah Keriting/Sulawesi Tengah/2024-11-23,34510.59741543346
Cabai Merah Keriting/Sulawesi Tengah/2024-11-24,34510.613610478904
Cabai Merah Keriting/Sulawesi Tengah/2024-11-25,34510.62645883904
Cabai Merah Keriting/Sulawesi Tengah/2024-11-26,34510.599330093406
Cabai Merah Keriting/Sulawesi Tengah/2024-11-27,34510.60581654151
Cabai Merah Keriting/Sulawesi Tengah/2024-11-28,34510.61474818848
Cabai Merah Keriting/Sulawesi Tengah/2024-11-29,34510.603303336095
Cabai Merah Keriting/Sulawesi Tengah/2024-11-30,34510.61334666594
Cabai Merah Keriting/Sulawesi Tengah/2024-12-01,34510.61860354431
Cabai Merah Keriting/Sulawesi Tengah/2024-12-02,34510.607199891885
Cabai Merah Keriting/Sulawesi Tengah/2024-12-03,34510.6018910665
Cabai Merah Keriting/Sulawesi Tengah/2024-12-04,34510.62941452406
Cabai Merah Keriting/Sulawesi Tengah/2024-12-05,34510.594378364585
Cabai Merah Keriting/Sulawesi Tengah/2024-12-06,34510.59638429426
Cabai Merah Keriting/Sulawesi Tengah/2024-12-07,34510.61451763027
Cabai Merah Keriting/Sulawesi Tengah/2024-12-08,34510.61023255242
Cabai Merah Keriting/Sulawesi Tengah/2024-12-09,34510.61185468804
Cabai Merah Keriting/Sulawesi Tengah/2024-12-10,34510.60112412417
Cabai Merah Keriting/Sulawesi Tengah/2024-12-11,34510.59367924656
Cabai Merah Keriting/Sulawesi Tengah/2024-12-12,34510.60501123878
Cabai Merah Keriting/Sulawesi Tengah/2024-12-13,34510.60478012464
Cabai Merah Keriting/Sulawesi Tengah/2024-12-14,34510.62814697326
Cabai Merah Keriting/Sulawesi Tengah/2024-12-15,34510.62083719585
Cabai Merah Keriting/Sulawesi Tengah/2024-12-16,34510.60967534784
Cabai Merah Keriting/Sulawesi Tengah/2024-12-17,34510.60787721052
Cabai Merah Keriting/Sulawesi Tengah/2024-12-18,34510.62535386389
Cabai Merah Keriting/Sulawesi Tengah/2024-12-19,34510.61377071221
Cabai Merah Keriting/Sulawesi Tengah/2024-12-20,34510.621141161864
Cabai Merah Keriting/Sulawesi Tengah/2024-12-21,34510.62778577349
Cabai Merah Keriting/Sulawesi Tengah/2024-12-22,34510.61315056613
Cabai Merah Keriting/Sulawesi Tengah/2024-12-23,34510.60361419874
Cabai Merah Keriting/Sulawesi Tengah/2024-12-24,34510.602731668725
Cabai Merah Keriting/Sulawesi Tengah/2024-12-25,34510.612037546096
Cabai Merah Keriting/Sulawesi Tengah/2024-12-26,34510.60624622033
Cabai Merah Keriting/Sulawesi Tengah/2024-12-27,34510.62167375112
Cabai Merah Keriting/Sulawesi Tengah/2024-12-28,34510.615105600256
Cabai Merah Keriting/Sulawesi Tengah/2024-12-29,34510.59538780367
Cabai Merah Keriting/Sulawesi Tengah/2024-12-30,34510.61139115975
Cabai Merah Keriting/Sulawesi Tengah/2024-12-31,34510.60698532943
Cabai Merah Keriting/Sulawesi Tenggara/2024-10-01,34510.61695201173
Cabai Merah Keriting/Sulawesi Tenggara/2024-10-02,34510.62126490681
Cabai Merah Keriting/Sulawesi Tenggara/2024-10-03,34510.61250242939
Cabai Merah Keriting/Sulawesi Tenggara/2024-10-04,34510.60271872079
Cabai Merah Keriting/Sulawesi Tenggara/2024-10-05,34510.61882790026
Cabai Merah Keriting/Sulawesi Tenggara/2024-10-06,34510.599701189
Cabai Merah Keriting/Sulawesi Tenggara/2024-10-07,34510.59688104885
Cabai Merah Keriting/Sulawesi Tenggara/2024-10-08,34510.62209922773
Cabai Merah Keriting/Sulawesi Tenggara/2024-10-09,34510.594695471686
Cabai Merah Keriting/Sulawesi Tenggara/2024-10-10,34510.613162206784
Cabai Merah Keriting/Sulawesi Tenggara/2024-10-11,34510.626348043435
Cabai Merah Keriting/Sulawesi Tenggara/2024-10-12,34510.63504793361
Cabai Merah Keriting/Sulawesi Tenggara/2024-10-13,34510.62772083964
Cabai Merah Keriting/Sulawesi Tenggara/2024-10-14,34510.60341217121
Cabai Merah Keriting/Sulawesi Tenggara/2024-10-15,34510.62046343999
Cabai Merah Keriting/Sulawesi Tenggara/2024-10-16,34510.59639836449
Cabai Merah Keriting/Sulawesi Tenggara/2024-10-17,34510.618510876164
Cabai Merah Keriting/Sulawesi Tenggara/2024-10-18,34510.611257382705
Cabai Merah Keriting/Sulawesi Tenggara/2024-10-19,34510.61891548971
Cabai Merah Keriting/Sulawesi Tenggara/2024-10-20,34510.60980984723
Cabai Merah Keriting/Sulawesi Tenggara/2024-10-21,34510.604264587644
Cabai Merah Keriting/Sulawesi Tenggara/2024-10-22,34510.59204197092
Cabai Merah Keriting/Sulawesi Tenggara/2024-10-23,34510.61723780945
Cabai Merah Keriting/Sulawesi Tenggara/2024-10-24,34510.60399314813
Cabai Merah Keriting/Sulawesi Tenggara/2024-10-25,34510.622676720945
Cabai Merah Keriting/Sulawesi Tenggara/2024-10-26,34510.60237590131
Cabai Merah Keriting/Sulawesi Tenggara/2024-10-27,34510.61162903338
Cabai Merah Keriting/Sulawesi Tenggara/2024-10-28,34510.59986466663
Cabai Merah Keriting/Sulawesi Tenggara/2024-10-29,34510.6047353605
Cabai Merah Keriting/Sulawesi Tenggara/2024-10-30,34510.61168512696
Cabai Merah Keriting/Sulawesi Tenggara/2024-10-31,34510.61866765338
Cabai Merah Keriting/Sulawesi Tenggara/2024-11-01,34510.61115709765
Cabai Merah Keriting/Sulawesi Tenggara/2024-11-02,34510.60600014499
Cabai Merah Keriting/Sulawesi Tenggara/2024-11-03,34510.60527105708
Cabai Merah Keriting/Sulawesi Tenggara/2024-11-04,34510.594499433995
Cabai Merah Keriting/Sulawesi Tenggara/2024-11-05,34510.605197011406
Cabai Merah Keriting/Sulawesi Tenggara/2024-11-06,34510.60567863932
Cabai Merah Keriting/Sulawesi Tenggara/2024-11-07,34510.611273548675
Cabai Merah Keriting/Sulawesi Tenggara/2024-11-08,34510.60398636619
Cabai Merah Keriting/Sulawesi Tenggara/2024-11-09,34510.608268828975
Cabai Merah Keriting/Sulawesi Tenggara/2024-11-10,34510.609384978045
Cabai Merah Keriting/Sulawesi Tenggara/2024-11-11,34510.59891279932
Cabai Merah Keriting/Sulawesi Tenggara/2024-11-12,34510.59471704247
Cabai Merah Keriting/Sulawesi Tenggara/2024-11-13,34510.59982177227
Cabai Merah Keriting/Sulawesi Tenggara/2024-11-14,34510.60145772202
Cabai Merah Keriting/Sulawesi Tenggara/2024-11-15,34510.624214552336
Cabai Merah Keriting/Sulawesi Tenggara/2024-11-16,34510.61626184143
Cabai Merah Keriting/Sulawesi Tenggara/2024-11-17,34510.598296846816
Cabai Merah Keriting/Sulawesi Tenggara/2024-11-18,34510.62997905602
Cabai Merah Keriting/Sulawesi Tenggara/2024-11-19,34510.60379142232
Cabai Merah Keriting/Sulawesi Tenggara/2024-11-20,34510.610146193365
Cabai Merah Keriting/Sulawesi Tenggara/2024-11-21,34510.60535841343
Cabai Merah Keriting/Sulawesi Tenggara/2024-11-22,34510.611410380254
Cabai Merah Keriting/Sulawesi Tenggara/2024-11-23,34510.603837833834
Cabai Merah Keriting/Sulawesi Tenggara/2024-11-24,34510.61375860572
Cabai Merah Keriting/Sulawesi Tenggara/2024-11-25,34510.60839747334
Cabai Merah Keriting/Sulawesi Tenggara/2024-11-26,34510.62336540132
Cabai Merah Keriting/Sulawesi Tenggara/2024-11-27,34510.60572118876
Cabai Merah Keriting/Sulawesi Tenggara/2024-11-28,34510.61844447375
Cabai Merah Keriting/Sulawesi Tenggara/2024-11-29,34510.61293886735
Cabai Merah Keriting/Sulawesi Tenggara/2024-11-30,34510.60187468611
Cabai Merah Keriting/Sulawesi Tenggara/2024-12-01,34510.622798277334
Cabai Merah Keriting/Sulawesi Tenggara/2024-12-02,34510.608338376675
Cabai Merah Keriting/Sulawesi Tenggara/2024-12-03,34510.61357667476
Cabai Merah Keriting/Sulawesi Tenggara/2024-12-04,34510.59910632364
Cabai Merah Keriting/Sulawesi Tenggara/2024-12-05,34510.624797415454
Cabai Merah Keriting/Sulawesi Tenggara/2024-12-06,34510.60310528964
Cabai Merah Keriting/Sulawesi Tenggara/2024-12-07,34510.62055044939
Cabai Merah Keriting/Sulawesi Tenggara/2024-12-08,34510.613000077785
Cabai Merah Keriting/Sulawesi Tenggara/2024-12-09,34510.608143575606
Cabai Merah Keriting/Sulawesi Tenggara/2024-12-10,34510.62837294303
Cabai Merah Keriting/Sulawesi Tenggara/2024-12-11,34510.62017329012
Cabai Merah Keriting/Sulawesi Tenggara/2024-12-12,34510.6100691765
Cabai Merah Keriting/Sulawesi Tenggara/2024-12-13,34510.62130564336
Cabai Merah Keriting/Sulawesi Tenggara/2024-12-14,34510.60963752547
Cabai Merah Keriting/Sulawesi Tenggara/2024-12-15,34510.59307168105
Cabai Merah Keriting/Sulawesi Tenggara/2024-12-16,34510.59539501227
Cabai Merah Keriting/Sulawesi Tenggara/2024-12-17,34510.619955757335
Cabai Merah Keriting/Sulawesi Tenggara/2024-12-18,34510.58545901238
Cabai Merah Keriting/Sulawesi Tenggara/2024-12-19,34510.6229773767
Cabai Merah Keriting/Sulawesi Tenggara/2024-12-20,34510.6147665812
Cabai Merah Keriting/Sulawesi Tenggara/2024-12-21,34510.61977350437
Cabai Merah Keriting/Sulawesi Tenggara/2024-12-22,34510.62909967159
Cabai Merah Keriting/Sulawesi Tenggara/2024-12-23,34510.62494872694
Cabai Merah Keriting/Sulawesi Tenggara/2024-12-24,34510.61716815473
Cabai Merah Keriting/Sulawesi Tenggara/2024-12-25,34510.60443369161
Cabai Merah Keriting/Sulawesi Tenggara/2024-12-26,34510.61357376311
Cabai Merah Keriting/Sulawesi Tenggara/2024-12-27,34510.60202944437
Cabai Merah Keriting/Sulawesi Tenggara/2024-12-28,34510.62536144611
Cabai Merah Keriting/Sulawesi Tenggara/2024-12-29,34510.612381068495
Cabai Merah Keriting/Sulawesi Tenggara/2024-12-30,34510.61309244678
Cabai Merah Keriting/Sulawesi Tenggara/2024-12-31,34510.59650415679
Cabai Merah Keriting/Sulawesi Utara/2024-10-01,34510.605504392275
Cabai Merah Keriting/Sulawesi Utara/2024-10-02,34510.60202755081
Cabai Merah Keriting/Sulawesi Utara/2024-10-03,34510.61884090456
Cabai Merah Keriting/Sulawesi Utara/2024-10-04,34510.62061494226
Cabai Merah Keriting/Sulawesi Utara/2024-10-05,34510.6123508685
Cabai Merah Keriting/Sulawesi Utara/2024-10-06,34510.59879511922
Cabai Merah Keriting/Sulawesi Utara/2024-10-07,34510.60343942209
Cabai Merah Keriting/Sulawesi Utara/2024-10-08,34510.61407025402
Cabai Merah Keriting/Sulawesi Utara/2024-10-09,34510.6066651888
Cabai Merah Keriting/Sulawesi Utara/2024-10-10,34510.60586920803
Cabai Merah Keriting/Sulawesi Utara/2024-10-11,34510.60976037432
Cabai Merah Keriting/Sulawesi Utara/2024-10-12,34510.60689225705
Cabai Merah Keriting/Sulawesi Utara/2024-10-13,34510.61810411998
Cabai Merah Keriting/Sulawesi Utara/2024-10-14,34510.60456682569
Cabai Merah Keriting/Sulawesi Utara/2024-10-15,34510.60127028154
Cabai Merah Keriting/Sulawesi Utara/2024-10-16,34510.61857593499
Cabai Merah Keriting/Sulawesi Utara/2024-10-17,34510.60965537012
Cabai Merah Keriting/Sulawesi Utara/2024-10-18,34510.60459338745
Cabai Merah Keriting/Sulawesi Utara/2024-10-19,34510.60137001247
Cabai Merah Keriting/Sulawesi Utara/2024-10-20,34510.62200931084
Cabai Merah Keriting/Sulawesi Utara/2024-10-21,34510.6219116481
Cabai Merah Keriting/Sulawesi Utara/2024-10-22,34510.62228308253
Cabai Merah Keriting/Sulawesi Utara/2024-10-23,34510.6126070493
Cabai Merah Keriting/Sulawesi Utara/2024-10-24,34510.61141437884
Cabai Merah Keriting/Sulawesi Utara/2024-10-25,34510.61257329123
Cabai Merah Keriting/Sulawesi Utara/2024-10-26,34510.60927413819
Cabai Merah Keriting/Sulawesi Utara/2024-10-27,34510.61809071152
Cabai Merah Keriting/Sulawesi Utara/2024-10-28,34510.608175857866
Cabai Merah Keriting/Sulawesi Utara/2024-10-29,34510.61183085616
Cabai Merah Keriting/Sulawesi Utara/2024-10-30,34510.61279752395
Cabai Merah Keriting/Sulawesi Utara/2024-10-31,34510.59410155123
Cabai Merah Keriting/Sulawesi Utara/2024-11-01,34510.60597052809
Cabai Merah Keriting/Sulawesi Utara/2024-11-02,34510.6189404663
Cabai Merah Keriting/Sulawesi Utara/2024-11-03,34510.61585051461
Cabai Merah Keriting/Sulawesi Utara/2024-11-04,34510.60028648579
Cabai Merah Keriting/Sulawesi Utara/2024-11-05,34510.60935196406
Cabai Merah Keriting/Sulawesi Utara/2024-11-06,34510.60281222093
Cabai Merah Keriting/Sulawesi Utara/2024-11-07,34510.62268748656
Cabai Merah Keriting/Sulawesi Utara/2024-11-08,34510.605665370975
Cabai Merah Keriting/Sulawesi Utara/2024-11-09,34510.59821617448
Cabai Merah Keriting/Sulawesi Utara/2024-11-10,34510.61398071468
Cabai Merah Keriting/Sulawesi Utara/2024-11-11,34510.5930628273
Cabai Merah Keriting/Sulawesi Utara/2024-11-12,34510.59828232233
Cabai Merah Keriting/Sulawesi Utara/2024-11-13,34510.589501915056
Cabai Merah Keriting/Sulawesi Utara/2024-11-14,34510.61100974399
Cabai Merah Keriting/Sulawesi Utara/2024-11-15,34510.60040689155
Cabai Merah Keriting/Sulawesi Utara/2024-11-16,34510.64211972732
Cabai Merah Keriting/Sulawesi Utara/2024-11-17,34510.60964909947
Cabai Merah Keriting/Sulawesi Utara/2024-11-18,34510.5900119532
Cabai Merah Keriting/Sulawesi Utara/2024-11-19,34510.59878656732
Cabai Merah Keriting/Sulawesi Utara/2024-11-20,34510.61872813771
Cabai Merah Keriting/Sulawesi Utara/2024-11-21,34510.61484775023
Cabai Merah Keriting/Sulawesi Utara/2024-11-22,34510.60789877859
Cabai Merah Keriting/Sulawesi Utara/2024-11-23,34510.62741270648
Cabai Merah Keriting/Sulawesi Utara/2024-11-24,34510.59460628938
Cabai Merah Keriting/Sulawesi Utara/2024-11-25,34510.61698519785
Cabai Merah Keriting/Sulawesi Utara/2024-11-26,34510.60168221878
Cabai Merah Keriting/Sulawesi Utara/2024-11-27,34510.610020192275
Cabai Merah Keriting/Sulawesi Utara/2024-11-28,34510.63042813522
Cabai Merah Keriting/Sulawesi Utara/2024-11-29,34510.61059568207
Cabai Merah Keriting/Sulawesi Utara/2024-11-30,34510.60729500384
Cabai Merah Keriting/Sulawesi Utara/2024-12-01,34510.61161680853
Cabai Merah Keriting/Sulawesi Utara/2024-12-02,34510.616142340485
Cabai Merah Keriting/Sulawesi Utara/2024-12-03,34510.60488879481
Cabai Merah Keriting/Sulawesi Utara/2024-12-04,34510.60541565108
Cabai Merah Keriting/Sulawesi Utara/2024-12-05,34510.62587255994
Cabai Merah Keriting/Sulawesi Utara/2024-12-06,34510.6057739651
Cabai Merah Keriting/Sulawesi Utara/2024-12-07,34510.60544676629
Cabai Merah Keriting/Sulawesi Utara/2024-12-08,34510.604764252894
Cabai Merah Keriting/Sulawesi Utara/2024-12-09,34510.60341020869
Cabai Merah Keriting/Sulawesi Utara/2024-12-10,34510.59188022505
Cabai Merah Keriting/Sulawesi Utara/2024-12-11,34510.60153708044
Cabai Merah Keriting/Sulawesi Utara/2024-12-12,34510.59840496365
Cabai Merah Keriting/Sulawesi Utara/2024-12-13,34510.628996571155
Cabai Merah Keriting/Sulawesi Utara/2024-12-14,34510.612018596745
Cabai Merah Keriting/Sulawesi Utara/2024-12-15,34510.63541453057
Cabai Merah Keriting/Sulawesi Utara/2024-12-16,34510.6211527818
Cabai Merah Keriting/Sulawesi Utara/2024-12-17,34510.60518956814
Cabai Merah Keriting/Sulawesi Utara/2024-12-18,34510.61118740332
Cabai Merah Keriting/Sulawesi Utara/2024-12-19,34510.60427274563
Cabai Merah Keriting/Sulawesi Utara/2024-12-20,34510.625075825505
Cabai Merah Keriting/Sulawesi Utara/2024-12-21,34510.62148483241
Cabai Merah Keriting/Sulawesi Utara/2024-12-22,34510.6091017918
Cabai Merah Keriting/Sulawesi Utara/2024-12-23,34510.60762351515
Cabai Merah Keriting/Sulawesi Utara/2024-12-24,34510.61284099716
Cabai Merah Keriting/Sulawesi Utara/2024-12-25,34510.62787318062
Cabai Merah Keriting/Sulawesi Utara/2024-12-26,34510.610028574054
Cabai Merah Keriting/Sulawesi Utara/2024-12-27,34510.61522823252
Cabai Merah Keriting/Sulawesi Utara/2024-12-28,34510.625953391296
Cabai Merah Keriting/Sulawesi Utara/2024-12-29,34510.6307899434
Cabai Merah Keriting/Sulawesi Utara/2024-12-30,34510.60609482778
Cabai Merah Keriting/Sulawesi Utara/2024-12-31,34510.59670557513
Cabai Merah Keriting/Sumatera Barat/2024-10-01,34510.599911648256
Cabai Merah Keriting/Sumatera Barat/2024-10-02,34510.62287480911
Cabai Merah Keriting/Sumatera Barat/2024-10-03,34510.60294771767
Cabai Merah Keriting/Sumatera Barat/2024-10-04,34510.58620866095
Cabai Merah Keriting/Sumatera Barat/2024-10-05,34510.60680135833
Cabai Merah Keriting/Sumatera Barat/2024-10-06,34510.624037162524
Cabai Merah Keriting/Sumatera Barat/2024-10-07,34510.60625092597
Cabai Merah Keriting/Sumatera Barat/2024-10-08,34510.6045182369
Cabai Merah Keriting/Sumatera Barat/2024-10-09,34510.6021396821
Cabai Merah Keriting/Sumatera Barat/2024-10-10,34510.60551431487
Cabai Merah Keriting/Sumatera Barat/2024-10-11,34510.626416056606
Cabai Merah Keriting/Sumatera Barat/2024-10-12,34510.62275878755
Cabai Merah Keriting/Sumatera Barat/2024-10-13,34510.60226257139
Cabai Merah Keriting/Sumatera Barat/2024-10-14,34510.60347341364
Cabai Merah Keriting/Sumatera Barat/2024-10-15,34510.59837749114
Cabai Merah Keriting/Sumatera Barat/2024-10-16,34510.61448393929
Cabai Merah Keriting/Sumatera Barat/2024-10-17,34510.62070963262
Cabai Merah Keriting/Sumatera Barat/2024-10-18,34510.613558254416
Cabai Merah Keriting/Sumatera Barat/2024-10-19,34510.61022019595
Cabai Merah Keriting/Sumatera Barat/2024-10-20,34510.610674205454
Cabai Merah Keriting/Sumatera Barat/2024-10-21,34510.617327518485
Cabai Merah Keriting/Sumatera Barat/2024-10-22,34510.62034398201
Cabai Merah Keriting/Sumatera Barat/2024-10-23,34510.61063862561
Cabai Merah Keriting/Sumatera Barat/2024-10-24,34510.617403513126
Cabai Merah Keriting/Sumatera Barat/2024-10-25,34510.62061068117
Cabai Merah Keriting/Sumatera Barat/2024-10-26,34510.587454438515
Cabai Merah Keriting/Sumatera Barat/2024-10-27,34510.617244910354
Cabai Merah Keriting/Sumatera Barat/2024-10-28,34510.63415799099
Cabai Merah Keriting/Sumatera Barat/2024-10-29,34510.60819234181
Cabai Merah Keriting/Sumatera Barat/2024-10-30,34510.610988050605
Cabai Merah Keriting/Sumatera Barat/2024-10-31,34510.63777013684
Cabai Merah Keriting/Sumatera Barat/2024-11-01,34510.61016847397
Cabai Merah Keriting/Sumatera Barat/2024-11-02,34510.6304844587
Cabai Merah Keriting/Sumatera Barat/2024-11-03,34510.59998061507
Cabai Merah Keriting/Sumatera Barat/2024-11-04,34510.60675789678
Cabai Merah Keriting/Sumatera Barat/2024-11-05,34510.604530083685
Cabai Merah Keriting/Sumatera Barat/2024-11-06,34510.6133834071
Cabai Merah Keriting/Sumatera Barat/2024-11-07,34510.611596003815
Cabai Merah Keriting/Sumatera Barat/2024-11-08,34510.6083039844
Cabai Merah Keriting/Sumatera Barat/2024-11-09,34510.61417831109
Cabai Merah Keriting/Sumatera Barat/2024-11-10,34510.60047058936
Cabai Merah Keriting/Sumatera Barat/2024-11-11,34510.596094644505
Cabai Merah Keriting/Sumatera Barat/2024-11-12,34510.626767851776
Cabai Merah Keriting/Sumatera Barat/2024-11-13,34510.62148768471
Cabai Merah Keriting/Sumatera Barat/2024-11-14,34510.61699993887
Cabai Merah Keriting/Sumatera Barat/2024-11-15,34510.60807863115
Cabai Merah Keriting/Sumatera Barat/2024-11-16,34510.61259709852
Cabai Merah Keriting/Sumatera Barat/2024-11-17,34510.61177066422
Cabai Merah Keriting/Sumatera Barat/2024-11-18,34510.6144639573
Cabai Merah Keriting/Sumatera Barat/2024-11-19,34510.60893348359
Cabai Merah Keriting/Sumatera Barat/2024-11-20,34510.597989944115
Cabai Merah Keriting/Sumatera Barat/2024-11-21,34510.611824384374
Cabai Merah Keriting/Sumatera Barat/2024-11-22,34510.593623616274
Cabai Merah Keriting/Sumatera Barat/2024-11-23,34510.61541261576
Cabai Merah Keriting/Sumatera Barat/2024-11-24,34510.60885805328
Cabai Merah Keriting/Sumatera Barat/2024-11-25,34510.60358558792
Cabai Merah Keriting/Sumatera Barat/2024-11-26,34510.616568590645
Cabai Merah Keriting/Sumatera Barat/2024-11-27,34510.59826872722
Cabai Merah Keriting/Sumatera Barat/2024-11-28,34510.608155542024
Cabai Merah Keriting/Sumatera Barat/2024-11-29,34510.61059410033
Cabai Merah Keriting/Sumatera Barat/2024-11-30,34510.615476466555
Cabai Merah Keriting/Sumatera Barat/2024-12-01,34510.596277066616
Cabai Merah Keriting/Sumatera Barat/2024-12-02,34510.6041894498
Cabai Merah Keriting/Sumatera Barat/2024-12-03,34510.61547978379
Cabai Merah Keriting/Sumatera Barat/2024-12-04,34510.621297188394
Cabai Merah Keriting/Sumatera Barat/2024-12-05,34510.61219328029
Cabai Merah Keriting/Sumatera Barat/2024-12-06,34510.606173948225
Cabai Merah Keriting/Sumatera Barat/2024-12-07,34510.60300883905
Cabai Merah Keriting/Sumatera Barat/2024-12-08,34510.602623980194
Cabai Merah Keriting/Sumatera Barat/2024-12-09,34510.604819543005
Cabai Merah Keriting/Sumatera Barat/2024-12-10,34510.593960726685
Cabai Merah Keriting/Sumatera Barat/2024-12-11,34510.60461790409
Cabai Merah Keriting/Sumatera Barat/2024-12-12,34510.61106434236
Cabai Merah Keriting/Sumatera Barat/2024-12-13,34510.61422131586
Cabai Merah Keriting/Sumatera Barat/2024-12-14,34510.601559219016
Cabai Merah Keriting/Sumatera Barat/2024-12-15,34510.5935996995
Cabai Merah Keriting/Sumatera Barat/2024-12-16,34510.6160532642
Cabai Merah Keriting/Sumatera Barat/2024-12-17,34510.60071232346
Cabai Merah Keriting/Sumatera Barat/2024-12-18,34510.591835254905
Cabai Merah Keriting/Sumatera Barat/2024-12-19,34510.61124690409
Cabai Merah Keriting/Sumatera Barat/2024-12-20,34510.60232611132
Cabai Merah Keriting/Sumatera Barat/2024-12-21,34510.62306278134
Cabai Merah Keriting/Sumatera Barat/2024-12-22,34510.61949009987
Cabai Merah Keriting/Sumatera Barat/2024-12-23,34510.60769510768
Cabai Merah Keriting/Sumatera Barat/2024-12-24,34510.6204491319
Cabai Merah Keriting/Sumatera Barat/2024-12-25,34510.613937327165
Cabai Merah Keriting/Sumatera Barat/2024-12-26,34510.60489784993
Cabai Merah Keriting/Sumatera Barat/2024-12-27,34510.602176057146
Cabai Merah Keriting/Sumatera Barat/2024-12-28,34510.62112655301
Cabai Merah Keriting/Sumatera Barat/2024-12-29,34510.59729406369
Cabai Merah Keriting/Sumatera Barat/2024-12-30,34510.60328606316
Cabai Merah Keriting/Sumatera Barat/2024-12-31,34510.614526958285
Cabai Merah Keriting/Sumatera Selatan/2024-10-01,34510.62750911656
Cabai Merah Keriting/Sumatera Selatan/2024-10-02,34510.60709882612
Cabai Merah Keriting/Sumatera Selatan/2024-10-03,34510.606335619435
Cabai Merah Keriting/Sumatera Selatan/2024-10-04,34510.62237849252
Cabai Merah Keriting/Sumatera Selatan/2024-10-05,34510.603488523484
Cabai Merah Keriting/Sumatera Selatan/2024-10-06,34510.61141251452
Cabai Merah Keriting/Sumatera Selatan/2024-10-07,34510.58631035205
Cabai Merah Keriting/Sumatera Selatan/2024-10-08,34510.61504545833
Cabai Merah Keriting/Sumatera Selatan/2024-10-09,34510.60397607345
Cabai Merah Keriting/Sumatera Selatan/2024-10-10,34510.59750799951
Cabai Merah Keriting/Sumatera Selatan/2024-10-11,34510.61719528535
Cabai Merah Keriting/Sumatera Selatan/2024-10-12,34510.614704038744
Cabai Merah Keriting/Sumatera Selatan/2024-10-13,34510.58031802911
Cabai Merah Keriting/Sumatera Selatan/2024-10-14,34510.60749196449
Cabai Merah Keriting/Sumatera Selatan/2024-10-15,34510.60919856419
Cabai Merah Keriting/Sumatera Selatan/2024-10-16,34510.61074202176
Cabai Merah Keriting/Sumatera Selatan/2024-10-17,34510.60535912443
Cabai Merah Keriting/Sumatera Selatan/2024-10-18,34510.59065431962
Cabai Merah Keriting/Sumatera Selatan/2024-10-19,34510.61711736614
Cabai Merah Keriting/Sumatera Selatan/2024-10-20,34510.61028991133
Cabai Merah Keriting/Sumatera Selatan/2024-10-21,34510.60673283176
Cabai Merah Keriting/Sumatera Selatan/2024-10-22,34510.59306994028
Cabai Merah Keriting/Sumatera Selatan/2024-10-23,34510.60941857713
Cabai Merah Keriting/Sumatera Selatan/2024-10-24,34510.60023525838
Cabai Merah Keriting/Sumatera Selatan/2024-10-25,34510.596595468094
Cabai Merah Keriting/Sumatera Selatan/2024-10-26,34510.60949170417
Cabai Merah Keriting/Sumatera Selatan/2024-10-27,34510.58767248368
Cabai Merah Keriting/Sumatera Selatan/2024-10-28,34510.62020820376
Cabai Merah Keriting/Sumatera Selatan/2024-10-29,34510.61217510664
Cabai Merah Keriting/Sumatera Selatan/2024-10-30,34510.59096453652
Cabai Merah Keriting/Sumatera Selatan/2024-10-31,34510.61236981129
Cabai Merah Keriting/Sumatera Selatan/2024-11-01,34510.605240008575
Cabai Merah Keriting/Sumatera Selatan/2024-11-02,34510.60389116675
Cabai Merah Keriting/Sumatera Selatan/2024-11-03,34510.62336117437
Cabai Merah Keriting/Sumatera Selatan/2024-11-04,34510.610527167984
Cabai Merah Keriting/Sumatera Selatan/2024-11-05,34510.576783733006
Cabai Merah Keriting/Sumatera Selatan/2024-11-06,34510.61686453322
Cabai Merah Keriting/Sumatera Selatan/2024-11-07,34510.61091849542
Cabai Merah Keriting/Sumatera Selatan/2024-11-08,34510.600735458145
Cabai Merah Keriting/Sumatera Selatan/2024-11-09,34510.61361484805
Cabai Merah Keriting/Sumatera Selatan/2024-11-10,34510.58505281379
Cabai Merah Keriting/Sumatera Selatan/2024-11-11,34510.616140044775
Cabai Merah Keriting/Sumatera Selatan/2024-11-12,34510.60255090861
Cabai Merah Keriting/Sumatera Selatan/2024-11-13,34510.60039423206
Cabai Merah Keriting/Sumatera Selatan/2024-11-14,34510.63224745266
Cabai Merah Keriting/Sumatera Selatan/2024-11-15,34510.6006012178
Cabai Merah Keriting/Sumatera Selatan/2024-11-16,34510.60581390031
Cabai Merah Keriting/Sumatera Selatan/2024-11-17,34510.59689939116
Cabai Merah Keriting/Sumatera Selatan/2024-11-18,34510.60884380275
Cabai Merah Keriting/Sumatera Selatan/2024-11-19,34510.608632690186
Cabai Merah Keriting/Sumatera Selatan/2024-11-20,34510.60278647679
Cabai Merah Keriting/Sumatera Selatan/2024-11-21,34510.61904296771
Cabai Merah Keriting/Sumatera Selatan/2024-11-22,34510.61728830615
Cabai Merah Keriting/Sumatera Selatan/2024-11-23,34510.61354524062
Cabai Merah Keriting/Sumatera Selatan/2024-11-24,34510.61115102257
Cabai Merah Keriting/Sumatera Selatan/2024-11-25,34510.59864094299
Cabai Merah Keriting/Sumatera Selatan/2024-11-26,34510.61551301717
Cabai Merah Keriting/Sumatera Selatan/2024-11-27,34510.59819533063
Cabai Merah Keriting/Sumatera Selatan/2024-11-28,34510.60421009583
Cabai Merah Keriting/Sumatera Selatan/2024-11-29,34510.61674125416
Cabai Merah Keriting/Sumatera Selatan/2024-11-30,34510.59749368557
Cabai Merah Keriting/Sumatera Selatan/2024-12-01,34510.63128256639
Cabai Merah Keriting/Sumatera Selatan/2024-12-02,34510.59093576325
Cabai Merah Keriting/Sumatera Selatan/2024-12-03,34510.58798597598
Cabai Merah Keriting/Sumatera Selatan/2024-12-04,34510.61927432807
Cabai Merah Keriting/Sumatera Selatan/2024-12-05,34510.60975534794
Cabai Merah Keriting/Sumatera Selatan/2024-12-06,34510.61011658058
Cabai Merah Keriting/Sumatera Selatan/2024-12-07,34510.60346917358
Cabai Merah Keriting/Sumatera Selatan/2024-12-08,34510.60313304249
Cabai Merah Keriting/Sumatera Selatan/2024-12-09,34510.616740991136
Cabai Merah Keriting/Sumatera Selatan/2024-12-10,34510.597258354384
Cabai Merah Keriting/Sumatera Selatan/2024-12-11,34510.61141768764
Cabai Merah Keriting/Sumatera Selatan/2024-12-12,34510.610236133325
Cabai Merah Keriting/Sumatera Selatan/2024-12-13,34510.594935313005
Cabai Merah Keriting/Sumatera Selatan/2024-12-14,34510.62572884508
Cabai Merah Keriting/Sumatera Selatan/2024-12-15,34510.603355761275
Cabai Merah Keriting/Sumatera Selatan/2024-12-16,34510.61962040373
Cabai Merah Keriting/Sumatera Selatan/2024-12-17,34510.599712256495
Cabai Merah Keriting/Sumatera Selatan/2024-12-18,34510.613531269046
Cabai Merah Keriting/Sumatera Selatan/2024-12-19,34510.602876423705
Cabai Merah Keriting/Sumatera Selatan/2024-12-20,34510.58181587066
Cabai Merah Keriting/Sumatera Selatan/2024-12-21,34510.61805839642
Cabai Merah Keriting/Sumatera Selatan/2024-12-22,34510.587830458884
Cabai Merah Keriting/Sumatera Selatan/2024-12-23,34510.62484634791
Cabai Merah Keriting/Sumatera Selatan/2024-12-24,34510.598709576174
Cabai Merah Keriting/Sumatera Selatan/2024-12-25,34510.61511134658
Cabai Merah Keriting/Sumatera Selatan/2024-12-26,34510.6191670445
Cabai Merah Keriting/Sumatera Selatan/2024-12-27,34510.60534293554
Cabai Merah Keriting/Sumatera Selatan/2024-12-28,34510.61370783486
Cabai Merah Keriting/Sumatera Selatan/2024-12-29,34510.606782602095
Cabai Merah Keriting/Sumatera Selatan/2024-12-30,34510.6184346311
Cabai Merah Keriting/Sumatera Selatan/2024-12-31,34510.603716588535
Cabai Merah Keriting/Sumatera Utara/2024-10-01,34510.62065093239
Cabai Merah Keriting/Sumatera Utara/2024-10-02,34510.61217587288
Cabai Merah Keriting/Sumatera Utara/2024-10-03,34510.59661553369
Cabai Merah Keriting/Sumatera Utara/2024-10-04,34510.59834806168
Cabai Merah Keriting/Sumatera Utara/2024-10-05,34510.6079219857
Cabai Merah Keriting/Sumatera Utara/2024-10-06,34510.61576293607
Cabai Merah Keriting/Sumatera Utara/2024-10-07,34510.594565034124
Cabai Merah Keriting/Sumatera Utara/2024-10-08,34510.61696290241
Cabai Merah Keriting/Sumatera Utara/2024-10-09,34510.60398913422
Cabai Merah Keriting/Sumatera Utara/2024-10-10,34510.61678294508
Cabai Merah Keriting/Sumatera Utara/2024-10-11,34510.60186276932
Cabai Merah Keriting/Sumatera Utara/2024-10-12,34510.59927684375
Cabai Merah Keriting/Sumatera Utara/2024-10-13,34510.59897018212
Cabai Merah Keriting/Sumatera Utara/2024-10-14,34510.60446346372
Cabai Merah Keriting/Sumatera Utara/2024-10-15,34510.61004896876
Cabai Merah Keriting/Sumatera Utara/2024-10-16,34510.62198697691
Cabai Merah Keriting/Sumatera Utara/2024-10-17,34510.597780231554
Cabai Merah Keriting/Sumatera Utara/2024-10-18,34510.62054403776
Cabai Merah Keriting/Sumatera Utara/2024-10-19,34510.61316256388
Cabai Merah Keriting/Sumatera Utara/2024-10-20,34510.606337485464
Cabai Merah Keriting/Sumatera Utara/2024-10-21,34510.629680474936
Cabai Merah Keriting/Sumatera Utara/2024-10-22,34510.618478741395
Cabai Merah Keriting/Sumatera Utara/2024-10-23,34510.60282643496
Cabai Merah Keriting/Sumatera Utara/2024-10-24,34510.6216447386
Cabai Merah Keriting/Sumatera Utara/2024-10-25,34510.5989206564
Cabai Merah Keriting/Sumatera Utara/2024-10-26,34510.609000691744
Cabai Merah Keriting/Sumatera Utara/2024-10-27,34510.59502752332
Cabai Merah Keriting/Sumatera Utara/2024-10-28,34510.59938859705
Cabai Merah Keriting/Sumatera Utara/2024-10-29,34510.60058619598
Cabai Merah Keriting/Sumatera Utara/2024-10-30,34510.61871547399
Cabai Merah Keriting/Sumatera Utara/2024-10-31,34510.604007917005
Cabai Merah Keriting/Sumatera Utara/2024-11-01,34510.60678230266
Cabai Merah Keriting/Sumatera Utara/2024-11-02,34510.61134532546
Cabai Merah Keriting/Sumatera Utara/2024-11-03,34510.615938530296
Cabai Merah Keriting/Sumatera Utara/2024-11-04,34510.62563914868
Cabai Merah Keriting/Sumatera Utara/2024-11-05,34510.60241549921
Cabai Merah Keriting/Sumatera Utara/2024-11-06,34510.61697371158
Cabai Merah Keriting/Sumatera Utara/2024-11-07,34510.61599370577
Cabai Merah Keriting/Sumatera Utara/2024-11-08,34510.60105093586
Cabai Merah Keriting/Sumatera Utara/2024-11-09,34510.62368037439
Cabai Merah Keriting/Sumatera Utara/2024-11-10,34510.613690201506
Cabai Merah Keriting/Sumatera Utara/2024-11-11,34510.61249886623
Cabai Merah Keriting/Sumatera Utara/2024-11-12,34510.599345611714
Cabai Merah Keriting/Sumatera Utara/2024-11-13,34510.60402998249
Cabai Merah Keriting/Sumatera Utara/2024-11-14,34510.62461156911
Cabai Merah Keriting/Sumatera Utara/2024-11-15,34510.605601699855
Cabai Merah Keriting/Sumatera Utara/2024-11-16,34510.603762812105
Cabai Merah Keriting/Sumatera Utara/2024-11-17,34510.5949566982
Cabai Merah Keriting/Sumatera Utara/2024-11-18,34510.58830152684
Cabai Merah Keriting/Sumatera Utara/2024-11-19,34510.61325169945
Cabai Merah Keriting/Sumatera Utara/2024-11-20,34510.59991216516
Cabai Merah Keriting/Sumatera Utara/2024-11-21,34510.61355586876
Cabai Merah Keriting/Sumatera Utara/2024-11-22,34510.58942310498
Cabai Merah Keriting/Sumatera Utara/2024-11-23,34510.6107201854
Cabai Merah Keriting/Sumatera Utara/2024-11-24,34510.60769406957
Cabai Merah Keriting/Sumatera Utara/2024-11-25,34510.61361372983
Cabai Merah Keriting/Sumatera Utara/2024-11-26,34510.60814976111
Cabai Merah Keriting/Sumatera Utara/2024-11-27,34510.59838433235
Cabai Merah Keriting/Sumatera Utara/2024-11-28,34510.616160119775
Cabai Merah Keriting/Sumatera Utara/2024-11-29,34510.59861518879
Cabai Merah Keriting/Sumatera Utara/2024-11-30,34510.61932819974
Cabai Merah Keriting/Sumatera Utara/2024-12-01,34510.62997790002
Cabai Merah Keriting/Sumatera Utara/2024-12-02,34510.60807698776
Cabai Merah Keriting/Sumatera Utara/2024-12-03,34510.604246488605
Cabai Merah Keriting/Sumatera Utara/2024-12-04,34510.622222063685
Cabai Merah Keriting/Sumatera Utara/2024-12-05,34510.61726244928
Cabai Merah Keriting/Sumatera Utara/2024-12-06,34510.59500665456
Cabai Merah Keriting/Sumatera Utara/2024-12-07,34510.60316762956
Cabai Merah Keriting/Sumatera Utara/2024-12-08,34510.59341982235
Cabai Merah Keriting/Sumatera Utara/2024-12-09,34510.59886655299
Cabai Merah Keriting/Sumatera Utara/2024-12-10,34510.613444177805
Cabai Merah Keriting/Sumatera Utara/2024-12-11,34510.602191268525
Cabai Merah Keriting/Sumatera Utara/2024-12-12,34510.6169512291
Cabai Merah Keriting/Sumatera Utara/2024-12-13,34510.61134533609
Cabai Merah Keriting/Sumatera Utara/2024-12-14,34510.61738147543
Cabai Merah Keriting/Sumatera Utara/2024-12-15,34510.61221442264
Cabai Merah Keriting/Sumatera Utara/2024-12-16,34510.611113063416
Cabai Merah Keriting/Sumatera Utara/2024-12-17,34510.60476830638
Cabai Merah Keriting/Sumatera Utara/2024-12-18,34510.6035523016
Cabai Merah Keriting/Sumatera Utara/2024-12-19,34510.64063688983
Cabai Merah Keriting/Sumatera Utara/2024-12-20,34510.59121294484
Cabai Merah Keriting/Sumatera Utara/2024-12-21,34510.60517934113
Cabai Merah Keriting/Sumatera Utara/2024-12-22,34510.614011142294
Cabai Merah Keriting/Sumatera Utara/2024-12-23,34510.60806417189
Cabai Merah Keriting/Sumatera Utara/2024-12-24,34510.61381518307
Cabai Merah Keriting/Sumatera Utara/2024-12-25,34510.60983503358
Cabai Merah Keriting/Sumatera Utara/2024-12-26,34510.608525981625
Cabai Merah Keriting/Sumatera Utara/2024-12-27,34510.617344242324
Cabai Merah Keriting/Sumatera Utara/2024-12-28,34510.59849685316
Cabai Merah Keriting/Sumatera Utara/2024-12-29,34510.61293291331
Cabai Merah Keriting/Sumatera Utara/2024-12-30,34510.607773496995
Cabai Merah Keriting/Sumatera Utara/2024-12-31,34510.604867250615
