Date,Aceh,Bali,Banten,Bengkulu,DI Yogyakarta,DKI Jakarta,Gorontalo,Jambi,Jawa Barat,Jawa Tengah,Jawa Timur,Kalimantan Barat,Kalimantan Selatan,Kalimantan Tengah,Kalimantan Timur,Kalimantan Utara,Kepulauan Bangka Belitung,Kepulauan Riau,Lampung,Maluku Utara,Maluku,Nusa Tenggara Barat,Nusa Tenggara Timur,Papua Barat,Papua,Riau,Sulawesi Barat,Sulawesi Selatan,Sulawesi Tengah,Sulawesi Tenggara,Sulawesi Utara,Sumatera Barat,Sumatera Selatan,Sumatera Utara
2022-01-01,48990.0,76680.0,80020.0,43040.0,63490.0,98730.0,11.068371235050263,51740.0,91430.0,65209.99999999999,68440.0,103886.25,98187.5,107568.75,11.488130597151969,11.645189805222813,11.816467030329967,11.244274480424577,10.898238201670146,11.62035284319528,110890.0,70020.0,59480.0,100000.0,105460.0,60000.0,11.193835281358767,11.097425172408931,11.347472824583113,11.331895074262475,11.498633824253364,48200.0,68790.0,55000.0
2022-01-02,48990.0,74370.0,81700.0,45830.0,64110.0,98730.0,11.057865619110094,59810.0,93530.0,64400.00000000001,68950.0,103886.25,90180.0,107568.75,11.409795792463761,11.637008613175091,11.773603693492984,11.394378387508226,10.985479146187918,11.582833917185196,108780.0,69280.0,60490.0,97430.0,100990.0,60000.0,11.124037198666844,11.07055256683868,11.324195417595107,11.26345077190963,11.412010608265987,48200.0,68220.0,68410.0
2022-01-03,48990.0,72660.0,84630.0,53330.0,70680.0,97420.0,11.117524542619655,66470.0,86060.0,66410.0,65790.0,103886.25,90090.0,92260.0,11.416315440734046,11.649909639875576,11.7084182326172,11.311922492087826,10.983613347424248,11.51662859989461,106850.0,68360.0,44570.0,101638.75,96970.0,65000.0,11.134457628756993,11.044696260501281,11.021101494211369,11.19176933566073,11.397525836740476,48200.0,71500.0,74700.0
2022-01-04,48990.0,75000.0,88680.0,53840.0,69670.0,95730.0,11.066497727453186,65410.0,88960.0,64760.00000000001,62990.0,103886.25,93510.0,107568.75,11.502683191505962,11.565052911356245,11.688734192593126,11.313266479778829,10.90744111582406,11.487412766201091,117430.0,65680.0,44750.0,97190.0,93580.0,58010.0,11.069929814564968,11.012396646681605,11.270866642542865,11.190941760821426,11.284656300113475,48200.0,66170.0,70360.0
2022-01-05,48990.0,70020.0,79400.0,53840.0,63250.0,88960.0,11.045654099689468,64750.0,87970.0,58780.0,57070.0,103886.25,98030.0,105880.0,11.495178922482257,11.507822466794325,11.722545990951964,11.401110832905937,10.896757843893464,11.387146799287635,115410.0,54790.0,50570.0,100650.0,98180.0,65000.0,11.086915754370356,11.009422961584018,11.235470912673883,11.210887504768335,11.246104283185776,48200.0,66420.0,70360.0
2022-01-06,48990.0,54710.0,73770.0,52350.0,46670.0,80320.0,10.861515060390364,63750.0,83590.0,53600.0,49780.0,103886.25,94600.0,89840.0,11.452761362098665,11.436487087221792,11.69650456405965,11.404460134358922,10.94183661241081,11.357569058546712,114540.0,48930.0,49900.0,89860.0,90110.0,65000.0,11.016347854469439,10.960426790193678,11.129187601481807,11.188869822404088,11.123446888589342,48200.0,60400.0,69710.0
2022-01-07,48990.0,53740.0,67710.0,53500.0,45860.0,73340.0,10.818397331333351,64780.0,80480.0,50230.0,47460.0,103886.25,92710.0,104200.0,11.407687164066097,11.415433907691098,11.642558016983761,11.297266335365645,10.949770923024142,11.285535410008587,79300.0,44610.0,48300.0,101638.75,90510.0,62500.0,11.10932361990884,10.927573832967658,11.152973729638365,11.172981207855637,11.093934290680341,48200.0,62910.0,66410.0
2022-01-08,48990.0,53730.0,68450.0,58550.0,45860.0,76210.0,10.910733540740393,57110.0,77700.0,45770.0,47220.0,103886.25,91910.0,99260.0,11.319716858739206,11.42835837101271,11.67002322645458,11.353824217948372,10.934730650833384,11.30652840513463,107080.0,41620.0,47190.0,101638.75,88060.0,62500.0,11.072107752919068,10.853038964104712,11.041336579870135,11.117078949527887,11.018317619227071,48200.0,63270.0,68410.0
2022-01-09,48990.0,53540.0,64940.0,53780.0,41160.0,76210.0,10.885397471418095,63340.0,73870.0,45480.0,46130.0,103886.25,89140.0,99940.0,11.355581358245379,11.36048498857772,11.644488671987546,11.385103457032141,10.972001393380204,11.289794413577894,98980.0,42580.0,54030.0,72660.0,88680.0,65000.0,11.072107752919068,10.837637848711049,11.043417712757153,11.15540730848484,10.910368250604645,48200.0,61970.0,72590.0
2022-01-10,48990.0,49030.0,64989.99999999999,54870.0,37380.0,71140.0,10.728780791588225,60990.0,66350.0,42600.0,43900.0,101790.0,88260.0,94120.0,11.279744203985432,11.283524879179666,11.567138991326866,11.308370569092329,10.946957041707028,11.261395299133934,105490.0,39590.0,46880.0,59470.0,89280.0,47500.0,11.077995500207495,10.85013288642403,11.040534989471949,11.070085538995333,10.892117550468008,48200.0,60700.0,64540.00000000001
2022-01-11,48990.0,47180.0,64040.00000000001,54130.0,39510.0,67490.0,10.646400611577631,60270.0,64330.0,41670.0,40950.0,98300.0,80130.0,91470.0,11.280627640864537,11.22205163761701,11.535283647580895,11.095453562937447,10.998108553267764,11.233621531028957,94580.0,38020.0,45150.0,90260.0,95630.0,47500.0,10.955898822303523,10.736418414365374,10.854778565594904,11.08154236880574,10.812169410206765,48200.0,58420.0,65840.0
2022-01-12,48990.0,43180.0,54830.0,52350.0,39700.0,71660.0,10.68283536485392,57090.0,59820.0,40250.0,39370.0,97870.0,86800.0,92460.0,11.19850234999397,11.206006205330874,11.370797225120187,11.394378387508226,10.934908916663861,11.332374340036496,104170.0,39840.0,49780.0,93610.0,93430.0,45000.0,10.922352923113982,10.68053920531829,10.778560378194001,10.998944869510936,10.801430997592224,48200.0,59280.0,60000.0
2022-01-13,48990.0,42230.0,53180.0,52350.0,39110.0,63490.0,10.814986823674152,53340.0,56420.0,40400.0,38560.0,94520.0,71600.0,88570.0,11.126983533350797,11.184851860891301,11.322140191764078,11.387713654165294,10.898607948952096,11.363856849549764,97370.0,38670.0,48630.0,86760.0,92340.0,45000.0,10.915470209522413,10.723289410218579,10.77438334991989,11.0406953589636,10.798370769971397,48200.0,58170.0,52850.0
2022-01-14,48990.0,43260.0,53620.0,48990.0,41120.0,62650.0,10.763440710059992,51300.0,53930.0,38400.0,37980.0,97320.0,66870.0,85540.0,11.077068157441543,11.170026621880517,11.361183548408668,11.366638782699756,10.869919915888612,11.371834139356602,96610.0,39420.0,48840.0,72070.0,90260.0,58010.0,10.798779341814225,10.642109884868972,10.779185430302025,11.02306192678775,10.803465958917977,48200.0,56800.0,52850.0
2022-01-15,48990.0,43260.0,50890.0,48190.0,40310.0,63200.0,10.732061203925051,51900.0,53040.0,37990.0,37680.0,96750.0,78100.0,84080.0,10.77228827467366,11.170167514576873,11.324799092787902,11.283650655850774,10.88708172961997,11.32973553124614,88050.0,39560.0,47890.0,81070.0,96780.0,45000.0,10.757711372994065,10.599156550639583,10.800208030113406,11.011241264121493,10.846439689363773,52000.0,55350.0,54430.0
2022-01-16,48990.0,41690.0,51380.0,52070.0,40720.0,56350.0,10.706631982470421,53690.0,52340.0,38360.0,37240.0,96310.0,78050.0,83950.0,11.064933785375604,11.102864813509706,11.333451848940403,11.238106967501327,10.91237569707775,11.343097536757666,89320.0,39370.0,44520.0,84850.0,100200.0,40000.0,10.709092503552526,10.57773220059301,10.754514166757886,10.985479146187918,10.83645839466148,52000.0,55170.0,44900.0
2022-01-17,48990.0,38440.0,51650.0,48890.0,40540.0,61280.0,10.709315887371531,47720.0,51620.0,38560.0,35710.0,94930.0,73530.0,81380.0,11.111118657114291,11.13358121731339,11.305421475643698,11.301475773184274,10.884835421043586,11.326848866824777,91820.0,35310.0,46720.0,83000.0,90110.0,45000.0,10.709092503552526,10.547995807489514,10.794686091998527,10.965971674529177,10.709539221301348,48200.0,52710.0,57690.0
2022-01-18,48990.0,40080.0,50380.0,46180.0,38130.0,61750.0,10.717103049046909,51200.0,52620.0,37580.0,36100.0,92990.0,65830.0,77290.0,11.065090289695444,11.096970530507365,11.305052226691862,11.231636247937386,10.9034022639752,11.308983870389673,85100.0,33720.0,46290.0,84830.0,89690.0,32400.0,10.741622129409992,10.473647554347222,10.73358838809481,10.87257944140141,10.800615852145526,48200.0,52490.0,56260.0
2022-01-19,48990.0,37930.0,48840.0,46720.0,38940.0,59470.0,10.680309299119006,46540.0,51350.0,36870.0,33630.0,93390.0,67570.0,79630.0,11.052808798233295,11.112910477933843,11.271376060416618,11.285409870187191,10.908905754228723,11.247670025080003,89050.0,33950.0,50210.0,84830.0,87490.0,35000.0,10.69378412959488,10.482933978579906,10.707751151716078,10.848968086540824,10.775429243836092,48200.0,50850.0,59230.0
2022-01-20,48990.0,38830.0,49080.0,47750.0,38780.0,59470.0,10.659398242331683,43380.0,49860.0,36050.0,33010.0,92410.0,74380.0,78460.0,11.000949179446842,11.164232862915847,11.277721984163577,11.279112699468133,10.898607948952096,11.277342362262427,84890.0,32050.0,49770.0,85960.0,87910.0,38000.0,10.566716616308788,10.45365888164355,10.717546203426988,10.860171386969528,10.71909569904425,48200.0,50600.0,53640.0
2022-01-21,48990.0,37020.0,48800.0,47070.0,37920.0,57370.0,10.650909827496074,43720.0,48070.0,34350.0,32430.0,91680.0,77390.0,76660.0,11.057392626952947,11.164232862915847,11.268315653289422,11.2506641951986,10.915288444217273,11.172840711058733,87150.0,34420.0,48110.0,82100.0,87960.0,35000.0,10.586104484122892,10.450481157684562,10.635398611146856,10.849356503939038,10.685812511742123,48200.0,47600.0,54050.0
2022-01-22,48990.0,36830.0,46510.0,48190.0,37520.0,59080.0,10.62427421889949,47550.0,48220.0,33370.0,29360.0,90990.0,74480.0,76750.0,11.04117631318603,11.131972465357673,11.346410325958852,11.226589153242802,10.851877546270282,11.23097361008447,88160.0,31300.0,48730.0,83850.0,69280.0,30000.0,10.566716616308788,10.451059677269122,10.694464463438248,10.838423379279122,10.606362266854584,48200.0,48770.0,56750.0
2022-01-23,48990.0,34360.0,47500.0,51120.0,36990.0,56460.0,10.569802959130605,44590.0,48250.0,30590.0,29500.0,95760.0,74270.0,75910.0,11.025832643730766,11.131972465357673,11.31020934572104,11.103617984394585,10.785414556982323,11.164657936601685,80110.0,27290.0,52170.0,79960.0,86670.0,35000.0,10.557659989689753,10.439425213116973,10.592400782564011,10.847801928316501,10.602641655359474,48200.0,48070.0,56750.0
2022-01-24,48990.0,28500.0,42760.0,47180.0,30760.0,55480.0,10.545893917642873,46640.0,43720.0,28320.0,26980.0,89110.0,65700.0,75690.0,11.004613346368536,11.116038459511904,11.26473330020486,11.221382615969278,10.77228827467366,11.148232750152198,93590.0,25420.0,45580.0,78950.0,78400.0,58010.0,10.49684202174171,10.420523850078832,10.57082962691412,10.816994413033667,10.580022511040418,48200.0,47740.0,55500.0
2022-01-25,48990.0,28970.0,38880.0,47180.0,32220.0,50850.0,10.53876724439254,48110.0,42200.0,28110.0,26940.0,85650.0,68870.0,75220.0,10.975772977285654,11.063837568778732,11.170026621880517,11.208178613891855,10.795710976276323,11.172137930831342,80880.0,24750.0,46250.0,75470.0,75620.0,33500.0,10.54299658642679,10.378509817336841,10.599405889891859,10.830738006646618,10.600153534845191,48200.0,46390.0,54050.0
2022-01-26,48990.0,29590.0,40110.0,46180.0,31040.0,53350.0,10.521399202410166,48470.0,40540.0,26960.0,26730.0,87970.0,66160.0,73770.0,10.944311817436843,11.078613251304343,11.197406174167238,11.229115884732321,10.761746548158834,11.131533265280341,87660.0,24220.0,45340.0,75140.0,75060.0,33500.0,10.525434069084952,10.376642461280849,10.579005242826247,10.788308256940795,10.590390276998743,48200.0,44870.0,44580.0
2022-01-27,48990.0,28860.0,38800.0,44520.0,28370.0,47400.0,10.480971324442349,44300.0,40020.0,26910.0,25000.0,86910.0,65880.0,73890.0,10.929367845038138,11.078613251304343,11.178445242969808,11.208178613891855,10.726587856343937,11.131533265280341,88700.0,23510.0,45170.0,67930.0,74000.0,33500.0,10.520320482745682,10.345959386273387,10.5506169722625,10.786035340845325,10.591396035047872,48200.0,44240.0,49760.0
2022-01-28,48990.0,28110.0,36880.0,44520.0,26030.0,46480.0,10.482653835144635,43550.0,38540.0,25930.0,24700.0,87340.0,69170.0,73330.0,10.918373970115221,11.059598012135023,11.153260340608929,11.204237641759402,10.728780791588225,11.166214996056205,90750.0,24450.0,44740.0,73060.0,73000.0,33500.0,10.50892311099205,10.343708291934567,10.54484131366684,10.769558098246614,10.5767125986592,48200.0,43340.0,44900.0
2022-01-29,48990.0,28110.0,37090.0,45390.0,25670.0,45450.0,10.552970160609808,40950.0,38360.0,25900.0,23890.0,88950.0,69140.0,73870.0,10.882959635008408,11.059598012135023,11.119601355755792,11.22458984566989,10.68604115633796,11.131533265280341,82640.0,23880.0,44310.0,61620.0,68040.0,33000.0,10.460843646427817,10.34628055791027,10.557659989689753,10.766820447545506,10.586104484122892,48200.0,43600.0,54220.0
2022-01-30,48990.0,27050.0,36830.0,45500.0,25050.0,38820.0,10.4954598897216,39260.0,38260.0,26120.0,24040.0,85980.0,66910.0,73480.0,10.867825315381769,11.007767085330117,11.142021191163186,11.12359449878062,10.673618922112436,11.131533265280341,71320.0,25120.0,44380.0,61620.0,73560.0,33000.0,10.498222246109224,10.333352547467827,10.543787600548086,10.723509645430674,10.562327926902078,58000.0,44050.0,53670.0
2022-01-31,48990.0,26260.0,37330.0,44510.0,24470.0,46480.0,10.499876004651563,41060.0,36560.0,25380.0,24600.0,88530.0,60240.0,73060.0,10.873148420667984,10.984122546973575,11.045654099689468,11.14995934444309,10.684897410216388,11.165507542294172,74760.0,24590.0,42370.0,71670.0,69490.0,36000.0,10.517889100523476,10.328787967145063,10.542468895852291,10.64354217367223,10.575947214398955,48200.0,40680.0,52880.0
2022-02-01,48990.0,26320.0,35890.0,43490.0,24120.0,46480.0,10.48321404355681,39410.0,36100.0,25170.0,24650.0,89910.0,63140.0,70270.0,10.796120636059607,11.059598012135023,10.942013616092948,11.165932074607458,10.647113946209364,11.19672045358521,74100.0,25170.0,43510.0,68050.0,73710.0,36000.0,10.504820933823419,10.310983929553371,10.534785924769006,10.636119834372657,10.606114656295205,48200.0,40340.0,54860.0
2022-02-02,48990.0,26240.0,37080.0,43090.0,25100.0,46480.0,10.517347989609593,38830.0,35970.0,25780.0,25610.0,88320.0,61340.0,66220.0,10.896572644989313,11.045813650395022,11.018317619227071,11.153976508853129,10.642826285701982,11.07459103087878,74630.0,24890.0,43260.0,70710.0,69090.0,32860.0,10.49601297178542,10.311649022192034,10.54563087050331,10.644734182586557,10.596909695290504,48200.0,40140.0,52880.0
2022-02-03,48990.0,25720.0,37320.0,43090.0,24900.0,45300.0,10.648064268202436,39020.0,34520.0,26420.0,26670.0,82800.0,62240.0,66270.0,10.842928244308982,11.045813650395022,10.990887213990135,11.156978827180746,10.642109884868972,11.136790977732414,77230.0,26630.0,43100.0,72680.0,68480.0,35000.0,10.448163726677256,10.282300629646866,10.523553157094481,10.635398611146856,10.607599400820762,50000.0,40190.0,52720.0
2022-02-04,48990.0,28030.0,37820.0,43730.0,24660.0,48860.0,10.671765396408588,40220.0,34950.0,30970.0,29150.0,83680.0,63200.0,66770.0,10.852071209606544,11.045813650395022,10.990550065253776,11.078921983805522,10.620863823642551,11.176487227771029,73400.0,25070.0,42520.0,77920.0,69050.0,33500.0,10.42854147231275,10.292518354180867,10.579514006287654,10.622326846019527,10.602393121706738,50000.0,41850.0,50320.0
2022-02-05,48990.0,29770.0,39270.0,46100.0,24660.0,42340.0,10.710208923978401,40900.0,35140.0,31850.0,33510.0,84930.0,65650.0,65580.0,10.728780791588225,11.045813650395022,11.057392626952947,11.078921983805522,10.633954602328156,11.234018115123202,74300.0,29730.0,42190.0,74450.0,68670.0,37000.0,10.407620832440994,10.287763071961688,10.541676837515391,10.635879484421974,10.691967639914864,50000.0,43130.0,51140.0
2022-02-06,48990.0,30800.0,39020.0,47150.0,24720.0,49430.0,10.820198196234971,42250.0,35390.0,32830.0,35270.0,78680.0,64989.99999999999,66590.0,10.940596708610187,11.018153620276298,11.055656405795792,11.126983533350797,10.617931341885154,11.233224789593368,70820.0,28690.0,40410.0,63500.0,68700.0,37000.0,10.353001443478973,10.271977424519397,10.502900810345617,10.616706931897726,10.71132409939953,50000.0,44230.0,51140.0
2022-02-07,48990.0,32740.000000000004,42500.0,45300.0,28340.0,49430.0,10.83586814555923,43250.0,37370.0,31680.0,34580.0,80720.0,60870.0,66590.0,10.818997980052005,11.032968464866704,11.048363005673876,11.092564969345363,10.602890127258581,11.240079458475659,77120.0,37320.0,40900.0,65750.0,66140.0,37000.0,10.41184012081972,10.346601626429049,10.53691126761627,10.615971565652215,10.72856171434071,42000.0,42840.0,49800.0
2022-02-08,48990.0,35540.0,42040.0,46100.0,29630.0,49050.0,10.775847295304315,41620.0,39960.0,33520.0,34340.0,80560.0,62350.0,67050.0,10.945547126244621,11.206413891581187,11.006772241852998,11.084616409436771,10.653274957143323,11.240079458475659,76250.0,38040.0,41400.0,65670.0,71180.0,24000.0,10.358409269356885,10.36410350510914,10.606114656295205,10.614253605184526,10.739023656715148,42000.0,43750.0,42580.0
2022-02-09,48990.0,37730.0,43070.0,44340.0,30250.0,49960.0,10.793660156255223,42600.0,39900.0,33870.0,34170.0,80790.0,62350.0,69180.0,10.956247856355338,11.17970194554807,11.041496820872945,11.092412706722497,10.641631999026803,11.228318659035375,75170.0,34930.0,39860.0,70280.0,68960.0,40000.0,10.409129765609963,10.405201793433656,10.602641655359474,10.5524477082064,10.753659849198822,42000.0,42590.0,48690.0
2022-02-10,48990.0,37480.0,42750.0,43290.0,30250.0,49920.0,10.806105232822933,43870.0,39780.0,33070.0,34220.0,81410.0,60690.0,70450.0,10.963376337755056,11.209533976591038,11.063053820541235,11.1154434073529,10.602890127258581,11.253390195121284,71530.0,37730.0,40370.0,71370.0,68060.0,40000.0,10.439717730523844,10.424392211743783,10.694237736914808,10.568260978408226,10.75173496195892,42000.0,43330.0,48250.0
2022-02-11,48990.0,36890.0,41010.0,43290.0,30700.0,51920.0,10.817796321618971,42970.0,39850.0,32650.0,34560.0,80170.0,61700.0,69180.0,10.963376337755056,11.195759654126208,11.076294714343865,11.19135563385109,10.639718168629964,11.161536525460733,72330.0,36500.0,40760.0,67310.0,67960.0,37000.0,10.561551448966803,10.392098241730961,10.75856223773664,10.578496220392818,10.757711372994065,39420.0,41690.0,50790.0
2022-02-12,48990.0,36080.0,42100.0,43710.0,30480.0,51300.0,10.895646135639412,42250.0,39960.0,33250.0,34220.0,79610.0,49130.0,69890.0,10.974745773415222,11.135041476622828,11.01962864348853,11.23150375548926,10.642826285701982,11.253390195121284,72560.0,36540.0,40320.0,63900.0,70050.0,55500.0,10.574925789933857,10.426172574814565,10.752163034994716,10.628884087311569,10.769768376656003,35000.0,42110.0,49970.0
2022-02-13,48990.0,36710.0,41200.0,45130.0,30880.0,46440.0,10.921088609106748,43620.0,40400.0,32670.0,34000.0,82460.0,62400.0,71220.0,10.943781931879723,11.237316880418971,10.996098536008393,11.199323694032696,10.66478391544408,11.221516456110812,69240.0,35680.0,39600.0,63640.0,71460.0,36000.0,10.619643001144993,10.438839921478714,10.737287582843205,10.564911840900125,10.778351940641137,35000.0,41120.0,49320.0
2022-02-14,48990.0,35160.0,41870.0,43510.0,31090.0,51750.0,10.922894283023263,43630.0,41650.0,34030.0,34620.0,79770.0,63020.0,71620.0,10.993075914439594,11.262295088386889,11.094086321816611,11.154405963738338,10.674313109478335,11.25014411353406,73150.0,34420.0,39860.0,64430.00000000001,68960.0,40000.0,10.619643001144993,10.394549148260978,10.77605625551905,10.591144690352435,10.811362974808935,40000.0,40720.0,47180.0
2022-02-15,48990.0,37610.0,44000.0,44710.0,31090.0,51190.0,10.857863738015615,42310.0,41310.0,34160.0,35610.0,75820.0,65560.0,70630.0,11.004447084272586,11.241261088211655,11.063053820541235,11.17059007360057,10.665250866959651,11.25014411353406,72880.0,34420.0,41180.0,66120.0,69010.0,40000.0,10.661509135319276,10.450481157684562,10.758349589413635,10.637560722208702,10.905974329106854,40000.0,41590.0,48060.0
2022-02-16,48990.0,38890.0,43980.0,45290.0,33850.0,51190.0,10.855743704842892,41910.0,41520.0,36550.0,39440.0,77860.0,63700.0,71110.0,10.961642363572961,11.23560288057948,11.100601891263528,11.177886201152898,10.680079340050707,11.26062340628579,70900.0,34420.0,40790.0,64090.0,69710.0,37000.0,10.668978650219241,10.47534242212957,10.773964685870737,10.625246485085315,10.92990542165575,40000.0,41810.0,47180.0
2022-02-17,48990.0,39370.0,42710.0,44230.0,35510.0,50300.0,10.945723474426929,42620.0,41500.0,37620.0,38990.0,77460.0,66420.0,71520.0,10.95659676862489,11.23560288057948,11.116930374363438,11.122117415455683,10.702142737876844,11.19672045358521,75130.0,33230.0,41580.0,64760.00000000001,60030.0,38000.0,10.66361558182207,10.51219277958166,10.795301148603121,10.631301825004375,10.944488383578978,30000.0,42110.0,49320.0
2022-02-18,48990.0,39050.0,47300.0,44160.0,34050.0,51300.0,10.906524626281207,41910.0,42410.0,37940.0,39470.0,77310.0,64420.0,72400.0,10.923615640649537,11.220713146431915,11.084769863692358,11.153690103100145,10.69151300145826,11.297638469933798,78200.0,33990.0,40800.0,65140.0,72350.0,58010.0,10.648776417499018,10.493244497383538,10.777934935151471,10.711992608204175,10.958513613041314,30000.0,42070.0,47940.0
2022-02-19,48990.0,39260.0,44790.0,45270.0,35070.0,49870.0,10.967180530408092,41910.0,42370.0,38500.0,40060.0,78790.0,67700.0,72400.0,11.011901646176497,11.290044379208922,11.105423283436139,11.157264292705586,10.69151300145826,11.268826372009427,83180.0,36970.0,40310.0,59440.0,73470.0,40000.0,10.703940854834315,10.49573646899098,10.771029119400374,10.675931008412125,10.969421678813655,35000.0,40420.0,47940.0
2022-02-20,48990.0,39810.0,42660.0,43660.0,36690.0,50760.0,10.949243923047078,41630.0,42130.0,38000.0,39960.0,81670.0,66550.0,74070.0,10.966662628245496,11.331655355212051,11.06852720235983,11.157264292705586,10.6633817512079,11.206142119216047,79740.0,41660.0,39000.0,58490.0,72450.0,40000.0,10.684210534101828,10.518700218288165,10.821197277163696,10.642587542445344,10.979530389777885,35000.0,41510.0,49130.0
2022-02-21,48990.0,41060.0,45820.0,44300.0,36690.0,52320.0,10.9441352201136,46840.0,44410.0,38670.0,39640.0,80220.0,70480.0,75640.0,11.043737502977494,11.36048498857772,11.087068856214001,11.135187385342592,10.65845863548799,11.265630092311698,82300.0,40310.0,40340.0,58750.0,72620.0,40000.0,10.631301825004375,10.534785924769006,10.814785842887238,10.722407984014007,10.981914140544825,30000.0,42600.0,40990.0
2022-02-22,48990.0,44460.0,48800.0,44300.0,36860.0,57850.0,10.982594169812288,44950.0,44830.0,39780.0,42270.0,80340.0,73590.0,76070.0,11.074746031189092,11.391333936201985,11.085996650738,11.127571760011485,10.634436170322823,11.054549966205157,87260.0,43310.0,41960.0,61450.0,71610.0,40000.0,10.533188948038239,10.55349234019923,10.895831506195684,10.55635946409418,10.994588367253703,35000.0,41710.0,47340.0
2022-02-23,48990.0,46990.0,56780.0,45180.0,38020.0,61780.0,11.003282474950524,44240.0,45620.0,40720.0,43820.0,81310.0,72610.0,75600.0,11.087374989598706,11.40345652126786,11.101054885563546,11.126394960475844,10.631784671878872,11.307634110687353,82340.0,43250.0,40550.0,62590.0,73760.0,45000.0,10.67106943758126,10.574670270717423,10.923255026881002,10.698085114131558,11.012561592414833,37180.0,40790.0,45720.0
2022-02-24,48990.0,48740.0,53310.0,45220.0,37860.0,60590.0,11.045334921888767,45840.0,46980.0,40990.0,44590.0,81260.0,69610.0,76440.0,11.089515303207188,11.40345652126786,11.079847609826162,11.109772681377931,10.609575637228874,11.327571314508846,82990.0,46410.0,41620.0,72610.0,73060.0,45000.0,10.662445881599808,10.593655298987073,10.925056796705926,10.737721883950984,11.055498417928932,35000.0,44910.0,49130.0
2022-02-25,48990.0,50310.0,52420.0,46290.0,37950.0,62310.0,11.046451598774738,46720.0,49030.0,41460.0,44930.0,81490.0,71710.0,76490.0,11.084155905330146,11.446689503996453,11.09378223642709,11.153690103100145,10.648064268202436,11.321534908836368,82940.0,45960.0,41680.0,71990.0,74810.0,45000.0,10.682147070420287,10.626460489993315,10.990718653830614,10.689464566656033,11.082157933374816,35000.0,44130.0,47030.0
2022-02-26,48990.0,50070.0,52370.0,45330.0,38120.0,62310.0,10.993412212806671,46970.0,49960.0,43040.0,45610.0,78790.0,70690.0,75130.0,11.140425970684523,11.51253538890045,11.094086321816611,10.9957631399864,10.670140738389808,11.380090972311647,82470.0,48990.0,40960.0,71410.0,75050.0,45000.0,10.682147070420287,10.632508505332279,11.000448478455008,10.713550726313105,11.055182367294991,40000.0,44480.0,47940.0
2022-02-27,48990.0,56210.0,52790.0,47850.0,38120.0,62310.0,10.965798861477905,46820.0,50230.0,44200.0,47480.0,78830.0,71930.0,77100.0,11.225523353325762,11.501065411757565,11.109922323732983,11.172840711058733,10.659398242331683,11.286288318151719,73120.0,48980.0,41740.0,63740.0,72800.0,42000.0,10.690603103986417,10.609822392399646,11.001449629862652,10.723729832149901,11.054233615622806,45000.0,45500.0,48250.0
2022-02-28,48990.0,58520.0,57470.0,46080.0,41860.0,64150.00000000001,10.986833907533804,47840.0,50750.0,45170.0,48490.0,79240.0,71950.0,76250.0,11.203011416743362,11.614678481420432,11.022572178834903,11.209804828829256,10.674544398220231,11.296521650519077,82820.0,54510.0,41560.0,65080.0,75330.0,42000.0,10.712438032589617,10.632508505332279,10.986664662703829,10.717103049046909,11.048203861234047,40000.0,46880.0,47640.0
2022-03-01,48990.0,60130.0,54870.0,45330.0,43570.0,66720.0,11.003615358893612,47720.0,52340.0,48580.0,51570.0,78930.0,76200.0,76990.0,11.22712162753022,11.682929808720653,11.213589077374968,11.212644356941931,10.680309299119006,11.281132111748349,81590.0,57160.0,41660.0,68650.0,76760.0,42000.0,10.714439990727769,10.62427421889949,10.936155888465743,10.777100402128553,11.07195234310307,40000.0,50070.0,48560.0
2022-03-02,48990.0,61980.0,63460.0,45920.0,53430.0,69140.0,11.031351152809686,48960.0,55380.0,53950.0,53940.0,78540.0,72540.0,77400.0,11.242572374640222,11.665569295784824,11.290918767193082,11.162530758988646,10.68672677662261,11.26716558160265,84410.0,62900.0,42110.0,70880.0,80390.0,57500.0,10.70101727068921,10.622326846019527,10.917648820068035,10.766398604507042,11.077222774301273,36000.0,50350.0,48250.0
2022-03-03,48990.0,60000.0,62190.0,45920.0,53870.0,67490.0,11.045813650395022,49900.0,56410.0,53850.0,53590.0,79440.0,74420.0,79510.0,11.194247958815927,11.65434689919201,11.287165995122649,11.182210622701028,10.698988232207888,11.309964370768503,87700.0,61040.0,40630.0,64700.0,84400.0,56000.0,10.740323737069875,10.646876224532782,10.960600534026208,10.699890535397843,11.082926856612652,35000.0,48940.0,48250.0
2022-03-04,48990.0,63120.0,63250.0,45670.0,56470.0,70320.0,11.05312559980728,49750.0,58330.0,54570.0,52810.0,80730.0,74840.0,80940.0,11.191493553471753,11.611602697158972,11.319838164964791,11.269974536348558,10.714439990727769,11.294035354935634,85780.0,60060.0,39710.0,64580.0,85770.0,60000.0,10.713105797383161,10.633472802314019,10.95135025862775,10.7177677069941,11.11350703877837,35000.0,52480.0,46480.0
2022-03-05,48990.0,65850.0,63970.0,45670.0,59280.0,77960.0,11.046292149829952,49750.0,59040.0,55510.0,55660.0,81140.0,76410.0,84840.0,11.189422759203678,11.5978271180566,11.31740924014814,11.285033156133814,10.754727632155955,11.346174061767133,89160.0,63450.0,40480.0,59020.0,80590.0,60000.0,10.734460018752944,10.69083065598303,11.0186455364637,10.734895549344964,11.138682822990772,35000.0,55490.0,47750.0
2022-03-06,48990.0,65590.0,63150.0,48040.0,58150.0,80340.0,11.088292827848269,50850.0,60700.0,57400.0,57330.0,79910.0,76020.0,84840.0,11.184990680370673,11.600853921314009,11.27885998595546,11.285033156133814,10.731842844242117,11.300486910172458,88580.0,69010.0,39190.0,65220.0,78520.0,60000.0,10.733152287697589,10.69514433474214,10.992571254737735,10.766820447545506,11.152830393342503,25000.0,55240.0,46480.0
2022-03-07,48990.0,63210.0,65990.0,47720.0,59860.0,77350.0,11.041977389875884,50230.0,62250.0,59230.0,58950.0,79120.0,79180.0,86660.0,11.19287170448714,11.658418777706304,11.293288259235284,11.27923903227946,10.750878265755231,11.322503185742365,88190.0,66770.0,42210.0,67050.0,85580.0,75000.0,10.733152287697589,10.733370361669143,10.918736348043124,10.781266120176918,11.14837674692692,25000.0,57980.0,36230.0
2022-03-08,48990.0,61660.0,64810.0,48290.0,60910.0,76570.0,11.057865619110094,54470.0,64340.0,60530.0,59400.0,80370.0,76050.0,87790.0,11.154835234271214,11.661526488186496,11.28151029797175,11.240342163551318,10.752590924862394,11.322503185742365,88190.0,65560.0,43450.0,67640.0,92790.0,77000.0,10.7487333087972,10.742486788680049,10.934374023807974,10.804684950962628,11.131533265280341,25000.0,58580.0,72910.0
2022-03-09,48990.0,62700.0,66310.0,47280.0,60350.0,77460.0,11.062269457560602,54470.0,64940.0,58690.0,57630.0,78340.0,79450.0,86400.0,11.18748614131548,11.61332268382311,11.347236811318073,11.257788023994173,10.743350700960297,11.412674097580505,88190.0,66240.0,43100.0,66850.0,89530.0,77500.0,10.79078192396869,10.762805735649291,10.981233648522853,10.798166421433821,11.142310958047757,25000.0,59710.0,78355.0
2022-03-10,48990.0,60160.0,64860.0,48080.0,54930.0,75140.0,11.121525970686776,55150.0,65090.0,54980.0,52250.0,80920.0,79260.0,86150.0,11.182210622701028,11.61332268382311,11.334647720933294,11.329615419782558,10.775429243836092,11.367564376592126,78940.0,67400.0,44080.0,66900.0,89740.0,77500.0,10.824188544898831,10.785621527758789,10.949595287222088,10.774592616232963,11.194110418585193,30000.0,58780.0,72910.0
2022-03-11,48990.0,57130.0,65220.0,50430.0,54740.0,75140.0,11.105573578013793,58720.0,66790.0,54460.0,52070.0,80120.0,81410.0,87320.0,11.241129864948206,11.611512089544247,11.354644600996048,11.29838232387519,10.757285668979632,11.359785940419789,83710.0,67720.0,43060.0,68270.0,89850.0,77500.0,10.838227054478743,10.825979020051886,11.017497355384242,10.817395447708488,11.16946285250363,30000.0,58630.0,67530.0
2022-03-12,48990.0,54920.0,66030.0,53500.0,54740.0,75140.0,11.063837568778732,59680.0,68140.0,53340.0,54190.0,81790.0,78560.0,87500.0,11.21709024576206,11.603962893194858,11.359319636684408,11.308370569092329,10.776682874304697,11.400327712466746,80740.0,63620.0,45370.0,64239.99999999999,95860.0,60000.0,10.851877546270282,10.815187764075905,11.035389539068879,10.775220152546073,11.127424735781627,30000.0,59670.0,75910.0
2022-03-13,48990.0,52340.0,61020.0,51470.0,54540.0,73370.0,11.068371235050263,59830.0,65790.0,54080.0,52850.0,82270.0,78990.0,87100.0,11.241129864948206,11.583952266618164,11.341080833027748,11.2816363282696,10.757072748994158,11.367564376592126,88040.0,61950.0,41640.0,51750.0,91610.0,60000.0,10.871630422615535,10.830738006646618,11.016676418156251,10.795096171764786,11.103467395592084,30000.0,59940.0,78355.0
2022-03-14,48990.0,55170.0,59130.0,51190.0,53870.0,76630.0,11.080310101740798,57450.0,65150.00000000001,51400.0,49610.0,82590.0,81200.0,86340.0,11.193835281358767,11.56153466038485,11.416976080918388,10.95729422815692,10.7487333087972,11.402898522905055,83450.0,62920.0,43460.0,67610.0,94420.0,62000.0,10.886520625352079,10.832121788941521,11.017004873924423,10.831133568448417,11.146503169576615,30000.0,57730.0,70990.0
2022-03-15,48990.0,54210.0,65120.00000000001,54820.0,50360.0,76630.0,11.06961829293506,58680.0,65150.00000000001,49940.0,49620.0,81190.0,78850.0,86020.0,11.183184522271576,11.574406190813248,11.408020401134028,11.27035696503027,10.751949021382632,11.349829898661163,83530.0,60740.0,43550.0,68010.0,94500.0,65000.0,10.901007979642964,10.839208293273227,11.009753808057733,10.820797764563748,11.150965149459202,30000.0,56000.0,78355.0
2022-03-16,48990.0,53060.0,66020.0,53590.0,49310.0,74890.0,11.055972306668727,59530.0,64739.99999999999,49970.0,47670.0,81620.0,81680.0,87450.0,11.22991247536671,11.533619851393762,11.420163036888468,11.297762484021957,10.768506042432708,11.438859030415347,86020.0,63350.0,44060.0,66990.0,95020.0,65000.0,10.92163065371222,10.847607436328959,11.004280794528954,10.831133568448417,11.150103092826168,30000.0,57050.0,78355.0
2022-03-17,48990.0,52080.0,64150.00000000001,53590.0,50070.0,71190.0,11.063837568778732,58720.0,61920.0,48200.0,48160.0,80740.0,79210.0,85830.0,11.256625773747116,11.549556288792015,11.434758496996531,11.283147454219847,10.740107174352467,11.295154952992526,84570.0,65370.00000000001,44150.0,65860.0,98130.0,60000.0,10.996266191844885,10.813377845229255,11.03828711196595,10.832319315904593,11.146647415602887,30000.0,55910.0,49510.0
2022-03-18,48990.0,53580.0,57390.0,53870.0,51230.0,69940.0,11.055656405795792,57750.0,61050.0,47810.0,49280.0,78440.0,83510.0,82090.0,11.25196321721783,11.489462346242421,11.437458107732674,11.271376060416618,10.767452878631598,11.325643626293687,85130.0,66500.0,43490.0,67400.0,94620.0,58010.0,11.003448930773533,10.83665506696672,11.055972306668727,10.86801591500877,11.127571760011485,30000.0,53680.0,78355.0
2022-03-19,48990.0,54200.0,59260.0,53510.0,51730.0,70060.0,11.042457728043182,57100.0,61150.0,47740.0,48840.0,82770.0,82990.0,84800.0,11.261909563554314,11.562962470557359,11.440795535200134,11.277468918909351,10.735113243529035,11.351829052626764,87320.0,64590.0,45420.0,64019.99999999999,95350.0,65000.0,11.003448930773533,10.845270577171219,11.007767085330117,10.832911662800246,11.083234260436102,30000.0,54630.0,78355.0
2022-03-20,48990.0,54070.0,59160.0,46380.0,52720.0,71140.0,11.009919190256369,56770.0,61660.0,47560.0,48730.0,81210.0,83510.0,85270.0,11.254556209815618,11.567044263857724,11.40857554959498,11.253519819470103,10.754087099210663,11.342149006315793,84060.0,63800.0,45050.0,63870.0,95500.0,65000.0,10.990044128923502,10.859210513653997,10.974403137513908,10.846829089886597,11.07195234310307,30000.0,53940.0,68000.0
2022-03-21,48990.0,50750.0,56090.0,49020.0,48040.0,67080.0,11.042137528235768,53050.0,58490.0,44880.0,48850.0,80270.0,80500.0,84890.0,11.302833865150633,11.552155793461898,11.472530462609178,11.247409238284769,10.781058245898533,11.371488620729712,83130.0,66750.0,44030.0,69570.0,83440.0,58010.0,11.015032519115959,10.870300281424473,10.924336478294055,10.81156464463578,11.1347495952997,30000.0,52090.0,66180.0
2022-03-22,48990.0,52080.0,53830.0,45500.0,48220.0,63590.0,10.995930852058708,53010.0,56380.0,44200.0,47240.0,80900.0,85930.0,80830.0,11.252612095978137,11.518818069425027,11.430423903458426,11.288042902452162,10.75579427616868,11.395728507536447,84810.0,66250.0,44220.0,73230.0,95890.0,65000.0,10.967007926154695,10.866680954096502,10.983103888458638,10.859210513653997,11.05881093278828,30000.0,53800.0,57540.0
2022-03-23,48990.0,48950.0,54460.0,47110.0,40540.0,62530.0,10.985140168879203,50630.0,55070.0,41950.0,45270.0,80150.0,84100.0,83540.0,11.240604799631146,11.518818069425027,11.069929814564968,11.202875076656438,10.74894801164928,11.395728507536447,83900.0,65170.0,46950.0,69770.0,96240.0,55000.0,10.98598739680029,10.860555477926988,10.984801076625908,10.847801928316501,11.085690095042095,48200.0,53480.0,71490.0
2022-03-24,48990.0,47340.0,55800.0,46290.0,40540.0,61700.0,11.006274448725538,50210.0,55390.0,39960.0,44950.0,79670.0,84070.0,82870.0,11.240210819640234,11.489462346242421,11.417856256130069,11.230575816507569,10.771029119400374,11.354878872588175,82620.0,61320.0,47200.0,72180.0,94090.0,50000.0,10.999279200267464,10.849744770527753,10.929188588593389,10.867825315381769,11.052808798233295,48200.0,51590.0,56180.0
2022-03-25,48990.0,46250.0,53710.0,46180.0,42500.0,60810.0,10.98751060056093,44410.0,55080.0,39140.0,43610.0,78220.0,80600.0,81560.0,11.224456416267188,11.478654879692781,11.415433907691098,11.235074904431736,10.729218802151282,11.320565693461432,81330.0,60360.0,47470.0,68380.0,92910.0,58010.0,10.996266191844885,10.847996382484267,10.947837230476315,10.834292442568305,11.06462070323595,48200.0,51290.0,61170.0
2022-03-26,48990.0,46720.0,53390.0,46180.0,41770.0,60390.0,10.979018845927424,43950.0,54570.0,38750.0,43830.0,77300.0,77780.0,81680.0,11.216552401696978,11.493446985132584,11.387940306176102,10.816321126754897,10.71931685969625,11.362114203075018,75120.0,60630.0,48440.0,69060.0,77780.0,40000.0,10.996266191844885,10.825780236605917,10.958861735792912,10.84663440857928,11.062269457560602,48200.0,48520.0,61770.0
2022-03-27,48990.0,46680.0,55700.0,43480.0,39880.0,61630.0,10.952401765007385,43460.0,54730.0,38000.0,43810.0,73960.0,80510.0,83260.0,11.206278014631144,11.514534170309645,11.419065233482609,11.264476926102367,10.695370855832222,11.362114203075018,75920.0,59990.0,48630.0,60530.0,91090.0,55000.0,11.005942448921688,10.827766295132465,10.939177790651616,10.85013288642403,11.05312559980728,48200.0,50940.0,61170.0
2022-03-28,48990.0,46110.0,51760.0,41300.0,38140.0,59230.0,10.995595399782035,44500.0,52240.0,36690.0,42490.0,76450.0,77900.0,80820.0,11.179562389893048,11.50318821141448,11.375741696247358,11.235074904431736,10.705959879210065,11.337750311696707,85160.0,56320.0,45960.0,72060.0,89980.0,45000.0,10.949946527983677,10.792222075639238,10.899162313664348,10.849744770527753,11.052491896264266,35000.0,46160.0,61440.0
2022-03-29,48990.0,45770.0,53320.0,43600.0,37700.0,57860.0,10.998610426939969,42650.0,53150.0,36720.0,40930.0,76800.0,78350.0,80450.0,11.182767252876404,11.52693684551788,11.299497068342587,11.219372861286699,10.729218802151282,11.321292693045136,86950.0,60450.0,47800.0,66450.0,86110.0,55000.0,10.934017269554355,10.79098778694702,11.012231673736794,10.924336478294055,11.04947630816179,48200.0,44520.0,58920.0
2022-03-30,48990.0,45070.0,52570.0,42340.0,37700.0,57860.0,11.002616374444639,44350.0,52830.0,37120.0,41980.0,76760.0,78520.0,79190.0,11.197680330794634,11.47533781763879,11.301352218770754,11.268060196083502,10.72196697939836,11.337750311696707,85930.0,56040.0,47420.0,69540.0,94940.0,55000.0,10.946428556333773,10.77312683156647,10.978507040265917,10.922533408982428,11.055972306668727,25000.0,47530.0,60820.0
2022-03-31,48990.0,45180.0,52950.0,39790.0,37490.0,59650.0,11.0186455364637,44700.0,53570.0,37890.0,41620.0,76820.0,76570.0,79820.0,11.132118822527973,11.494364266781965,11.30615956476456,11.175646903356373,10.712438032589617,11.373444982981379,92330.0,53870.0,48450.0,71200.0,87800.0,55000.0,10.9441352201136,10.76004951120163,10.905790829399939,10.915470209522413,11.040214173312895,25000.0,46100.0,59780.0
2022-04-01,48990.0,45420.0,54130.0,39820.0,37130.0,58010.0,11.01552597264265,42400.0,55210.0,37500.0,41540.0,76010.0,80590.0,78470.0,11.190803765071475,11.494364266781965,11.275695666680946,11.09469421533239,10.71555046034839,11.365132862993436,91510.0,55670.0,48760.0,74610.0,86200.0,58010.0,10.91328684226798,10.77438334991989,10.962336314087443,10.958687689565794,11.025995388254772,70000.0,45480.0,68440.0
2022-04-02,48990.0,44420.0,52860.0,40690.0,38010.0,58940.0,11.020283511637865,42200.0,54640.0,36900.0,39840.0,76350.0,79840.0,77910.0,11.207092999531119,11.503087227834325,11.290169338597282,11.175646903356373,10.712438032589617,11.340130386840555,96080.0,56140.0,48520.0,71090.0,82320.0,58010.0,10.935977844808969,10.792016466624613,10.95711990887328,10.964934347972234,11.013385913221205,70000.0,45520.0,69280.0
2022-04-03,48990.0,42570.0,54260.0,40690.0,38350.0,58010.0,11.003115991415362,42200.0,54430.0,36730.0,39420.0,75220.0,79520.0,76960.0,11.166780598933233,11.533619851393762,11.268954010944581,11.175646903356373,10.714439990727769,11.375626985776462,95930.0,55650.0,49520.0,65960.0,81990.0,45000.0,10.935977844808969,10.766187616237207,10.880327609274326,10.93793458372845,11.023225122819186,70000.0,45650.0,58980.0
2022-04-04,48990.0,44210.0,55020.0,40690.0,39870.0,58010.0,11.031027376277418,43750.0,54490.0,39570.0,39560.0,74360.0,75540.0,75840.0,11.193972859434542,11.56096296500668,11.245712464357787,11.21318430646977,10.689236703555197,11.40668678606212,96830.0,63120.0,49620.0,70310.0,81100.0,45000.0,10.911828611208096,10.761110496744438,10.915288444217273,10.954501466571443,11.065403224873476,70000.0,44890.0,53600.0
2022-04-05,48990.0,43830.0,53650.0,39480.0,40820.0,58940.0,11.304066895725715,44700.0,55560.0,39840.0,39470.0,73140.0,77080.0,71800.0,11.209669411880263,11.546176471754126,11.259206720063737,11.21318430646977,10.683064691094435,11.388846400857025,97760.0,63120.0,47710.0,75260.0,81850.0,55000.0,10.940064850284704,10.760474040511141,10.908722791698938,10.995427631436172,11.264605121369573,70000.0,44350.0,67190.0
2022-04-06,48990.0,42480.0,51680.0,39900.0,41060.0,59800.0,11.15797760019988,45310.0,55240.0,38380.0,40270.0,71430.0,76130.0,78280.0,11.191493553471753,11.563533024295223,11.299125624909152,11.178724646724017,10.705063038271945,11.37665890661652,95760.0,63280.0,49420.0,79290.0,82800.0,55000.0,10.956945559197127,10.783549889802996,10.861515060390364,10.953277176506669,11.328774235345339,45830.0,44320.0,53240.0
2022-04-07,48990.0,42200.0,50700.0,39900.0,40100.0,57930.0,11.071641450995672,42260.0,53970.0,36650.0,38530.0,63390.0,78720.0,78590.0,11.193560068411013,11.566949527414438,11.275949181024878,11.146791640825244,10.700566728905102,11.368258010219549,97670.0,60170.0,50130.0,79510.0,86220.0,45000.0,10.982764104897495,10.795710976276323,10.947661254690129,10.977140943163041,11.216417895469137,45830.0,44220.0,57610.0
2022-04-08,48990.0,40490.0,46660.0,39900.0,32090.000000000004,55820.0,10.96320307557429,41870.0,51110.0,33430.0,34520.0,73580.0,77570.0,78530.0,11.176627213212772,11.539966537281268,11.2816363282696,11.133142723386813,10.679389145388422,11.366059851159607,105530.0,59030.0,51030.0,79250.0,81710.0,41000.0,10.948716645194592,10.786862453648626,10.935799769447005,10.988355823411979,11.110520669325322,45830.0,44610.0,42030.0
2022-04-09,48990.0,42790.0,46880.0,39900.0,29620.0,53870.0,10.87938591868191,41610.0,50650.0,31620.0,32950.0,72250.0,75690.0,77180.0,11.144915088510604,11.522588625881184,11.257917079565681,11.133142723386813,10.662445881599808,11.304682841344873,92310.0,57290.0,52680.0,79310.0,82850.0,43000.0,10.905056493665374,10.717324650785173,10.935087150721296,10.997271537014264,10.967353104874402,45830.0,43380.0,44260.0
2022-04-10,48990.0,36680.0,46000.0,37780.0,29380.0,50070.0,10.847996382484267,41610.0,50920.0,30310.0,31950.0,72200.0,68590.0,76940.0,11.126983533350797,11.509730366073688,11.239816684367907,11.133142723386813,10.644734182586557,11.383738905587196,96440.0,54740.0,53020.0,75960.0,81380.0,44000.0,10.895831506195684,10.729875458480967,10.819198116145216,11.015197030681492,11.010084545108256,45830.0,40930.0,39410.0
2022-04-11,48990.0,34890.0,41110.0,36920.0,26810.0,52530.0,10.87731107260785,40620.0,46480.0,27100.0,31260.0,72230.0,73260.0,74870.0,11.053758902024423,11.475649260034846,11.178864319331653,11.154835234271214,10.587871447425917,11.350653563781977,94510.0,49880.0,53950.0,78310.0,82030.0,43270.0,10.882396212388988,10.706183963825353,10.888763155865234,10.986833907533804,10.99978048691366,45830.0,41240.0,37740.0
2022-04-12,48990.0,29860.0,38950.0,37420.0,26500.0,50070.0,10.681917533624532,40660.0,44160.0,27010.0,27100.0,71800.0,68640.0,72380.0,11.009753808057733,11.464795582766673,11.1660735453374,11.043257779289133,10.568518140370246,11.3036971461652,95840.0,48280.0,55610.0,76870.0,81470.0,43990.0,10.79673481124167,10.657518144952888,10.870110116741285,10.845270577171219,10.924876765740112,45830.0,40150.0,78355.0
2022-04-13,48990.0,28600.0,39440.0,35800.0,26070.0,44890.0,10.516806585736159,39220.0,43300.0,24710.0,27970.0,69230.0,68360.0,74400.0,11.16039904684354,11.44999631476691,11.170308387425273,11.093021618159922,10.555317824459362,11.265117738161308,90900.0,47620.0,53680.0,72850.0,83070.0,42430.0,10.766398604507042,10.623787731088578,10.849356503939038,10.977140943163041,10.838227054478743,45830.0,39300.0,41040.0
2022-04-14,48990.0,27540.0,36060.0,35800.0,26070.0,45670.0,10.620131509007471,37060.0,41150.0,25070.0,25270.0,68460.0,68000.0,72950.0,11.065090289695444,11.434001298163217,11.124774596570653,11.060227229880846,10.548258233355712,11.208720979432398,91860.0,43520.0,53970.0,73610.0,82900.0,42430.0,10.729218802151282,10.516535773840445,10.770609048402198,10.936689829317784,10.806713308080846,45830.0,36490.0,61970.0
2022-04-15,48990.0,27340.0,36000.0,36490.0,25070.0,45670.0,10.58938350638188,36000.0,39520.0,24750.0,26190.0,68140.0,66590.0,71330.0,11.049158348190272,11.349005554556825,11.160683537819985,11.12492201092318,10.540884151324754,11.190527716429953,92550.0,42950.0,56690.0,74060.0,82070.0,40000.0,10.700115984041597,10.475624621025222,10.65892854926746,10.994420429860368,10.761110496744438,44160.0,34910.0,61970.0
2022-04-16,48990.0,25910.0,35960.0,35140.0,24710.0,43800.0,10.687640206386288,35960.0,38980.0,24400.0,25680.0,68010.0,65640.0,71200.0,10.946252332458506,11.349005554556825,11.142166085101078,11.060227229880846,10.519240598188375,11.182488976518359,87250.0,43150.0,53190.0,72020.0,81400.0,42430.0,10.681687944129537,10.422311107413181,10.757711372994065,10.893604788384124,10.837244851908915,44160.0,35180.0,40260.0
2022-04-17,48990.0,26190.0,35980.0,34450.0,23840.0,42940.0,10.728780791588225,37210.0,38570.0,24240.0,25490.0,69010.0,68470.0,69240.0,10.950824090522444,11.349005554556825,11.132996516006004,11.012231673736794,10.527847197669088,11.157549676763116,86720.0,40560.0,54030.0,65480.00000000001,78680.0,42430.0,10.681687944129537,10.42111995751504,10.728123415808568,10.87674445755095,10.841950650675424,44160.0,35530.0,48520.0
2022-04-18,48990.0,25690.0,35120.0,34910.0,23470.0,41070.0,10.651146592342336,35820.0,37480.0,25640.0,24910.0,68460.0,63530.0,67820.0,10.968732629502142,11.336915945289954,11.012396646681605,11.100601891263528,10.550093288660156,11.18151439899016,81390.0,40000.0,51820.0,70750.0,81120.0,40000.0,10.612286601034295,10.413342705547672,10.742486788680049,10.879574327756249,10.736201004154935,44160.0,37490.0,45790.0
2022-04-19,48990.0,26090.0,35750.0,34860.0,20000.0,41070.0,10.496289398147198,38880.0,37130.0,25280.0,24080.0,69450.0,61400.0,66510.0,10.943074980753622,11.298754043454222,10.940064850284704,11.0319983915501,10.564137367503298,11.21507183719695,77480.0,39830.0,55670.0,76210.0,84340.0,41470.0,10.625732263919769,10.373834872713369,10.704165392288106,10.872958796881008,10.693103332582247,44160.0,38500.0,61970.0
2022-04-20,48990.0,24960.0,33800.0,34860.0,23710.0,41070.0,10.468829770273567,38150.0,36910.0,25480.0,24580.0,66030.0,61060.0,65770.0,10.893604788384124,11.303573865924402,10.942367529494035,11.075675528862556,10.553753327777704,11.196857635323791,78600.0,39560.0,55820.0,74970.0,83860.0,41470.0,10.47928597812618,10.287422542093928,10.712883258660504,10.981403814946024,10.691740346523577,44160.0,38230.0,61970.0
2022-04-21,48990.0,24390.0,31450.0,34860.0,23710.0,42830.0,10.48321404355681,36250.0,36820.0,24430.0,24470.0,62660.0,61330.0,65550.0,10.917830156883532,11.260880770109578,10.96648993456911,11.075675528862556,10.53025451707913,11.199597325534862,77350.0,39090.0,58800.0,74970.0,81990.0,41470.0,10.508650155427521,10.262594536666143,10.60784664405992,10.804278785363332,10.691058156211511,44160.0,38320.0,47910.0
2022-04-22,48990.0,25220.0,31610.0,34860.0,21240.0,42830.0,10.408828161071545,36630.0,34710.0,23980.0,23990.0,63250.0,60920.0,64489.99999999999,10.946252332458506,11.224322969058706,10.980041672085022,11.012231673736794,10.549307248688857,11.106024326263507,75150.0,36530.0,56080.0,74580.0,82310.0,42500.0,10.501252050663496,10.266775581745106,10.667815210028436,10.818997980052005,10.616706931897726,65000.0,37350.0,44210.0
2022-04-23,48990.0,29820.0,32730.0,34880.0,21240.0,43800.0,10.445550181223961,36670.0,34700.0,24040.0,23420.0,61650.0,62870.0,64300.0,10.755581038365076,11.214532906153606,10.968215530759235,11.06868314534739,10.5610334618531,11.205598352804692,69510.0,36170.0,53370.0,68200.0,82220.0,42500.0,10.501252050663496,10.21577686808075,10.686269748667396,10.759624801590439,10.545367754151743,44160.0,35890.0,48660.0
2022-04-24,48990.0,25160.0,31760.0,35620.0,21580.0,44600.0,10.451348811602946,36250.0,35200.0,24350.0,23690.0,61290.0,63810.0,64250.0,10.894904309600681,11.20246594482846,11.050111924969828,11.0916510456553,10.54141267859585,11.189560945645043,72600.0,36730.0,55210.0,72900.0,82470.0,42500.0,10.501252050663496,10.22015787614662,10.606857304116247,10.815991122155705,10.536114793300284,44160.0,37500.0,60000.0
2022-04-25,48990.0,25320.0,33530.0,35360.0,23520.0,44570.0,10.439717730523844,37640.0,37300.0,26990.0,23240.0,59020.0,63020.0,67000.0,10.837048295575237,11.247017930529273,10.90744111582406,11.038929878454953,10.582561163364714,11.177886201152898,67770.0,36530.0,51130.0,73470.0,83470.0,41470.0,10.475624621025222,10.23462415135353,10.596409707779776,10.893790537697386,10.540355344564857,44160.0,40740.0,60000.0
2022-04-26,48990.0,24100.0,36850.0,34500.0,26910.0,47760.0,10.411238454185042,35710.0,38220.0,28130.0,23890.0,58580.0,61120.0,63990.0,10.914561052430187,11.260880770109578,10.91982269458584,11.070708194329034,10.599156550639583,11.197954412280776,71400.0,36340.0,51810.0,73870.0,83650.0,42430.0,10.392098241730961,10.242492293944021,10.618665268916827,10.823391747980118,10.521129631565316,44160.0,40530.0,54510.0
2022-04-27,48990.0,24760.0,38420.0,36200.0,30660.0,48060.0,10.426172574814565,38150.0,39230.0,29380.0,25430.0,58090.0,63060.0,64650.00000000001,10.87447478132931,11.23004517880127,10.980382381786619,11.011241264121493,10.693557248751725,11.163240321076714,73480.0,36690.0,54070.0,68880.0,79140.0,42430.0,10.422013452928306,10.265731958189729,10.618665268916827,10.842928244308982,10.565685714952057,44160.0,41430.0,41600.0
2022-04-28,48990.0,24280.0,33990.0,37430.0,30680.0,47490.0,10.448453699421849,37380.0,39220.0,30150.0,27380.0,56800.0,62010.0,66140.0,10.657988500785741,11.267037714175425,11.029406919278141,11.046451598774738,10.68443954523277,11.187347667846776,74490.0,37130.0,53730.0,69140.0,78010.0,43470.0,10.49684202174171,10.228501536246664,10.573647540450066,10.842341802819034,10.59089328246696,30000.0,43540.0,60000.0
2022-04-29,48990.0,25320.0,36750.0,40250.0,32300.0,47930.0,10.427653793239193,39260.0,41580.0,30430.0,27360.0,58190.0,64360.0,68270.0,11.02093795121555,11.30861593474973,10.984461869350051,10.99139272406055,10.62427421889949,11.21601426819998,69880.0,37280.0,50640.0,66650.0,79310.0,43470.0,10.50892311099205,10.21869967166673,10.612286601034295,10.847218338835674,10.63660036103912,42430.0,47270.0,45400.0
2022-04-30,48990.0,25620.0,41270.0,41410.0,32160.0,51280.0,10.502900810345617,41380.0,44440.0,32690.0,26140.0,60730.0,65280.0,69030.0,10.99978048691366,11.321534908836368,11.182628124377098,11.072107752919068,10.756646772970166,11.178724646724017,67420.0,39690.0,50910.0,65069.99999999999,81050.0,45000.0,10.510831716653778,10.217969771265725,10.656812196128389,10.871630422615535,10.609575637228874,42430.0,54680.0,60000.0
2022-05-01,48990.0,25510.0,46060.0,44030.0,31620.0,52130.0,10.628884087311569,45840.0,45120.0,34910.0,27330.0,63340.0,69470.0,68640.0,11.20151065243636,11.366175664283679,11.159402690578014,11.016183532134377,10.913833131159123,11.169039816793108,69620.0,41470.0,53850.0,61580.0,82280.0,45000.0,10.513008529028681,10.208432264538738,10.69128560469541,10.833503659028759,10.607599400820762,35570.0,54630.0,50130.0
2022-05-02,48990.0,24770.0,50000.0,48110.0,31440.0,62050.0,10.685126264117057,48520.0,47190.0,34840.0,27700.0,56260.0,64090.0,70550.0,11.607373358434542,11.401781591223335,11.069929814564968,11.11186563934097,11.079230621020361,11.302093316370167,73160.0,41600.0,53620.0,72550.0,83910.0,45000.0,10.588879740723005,10.281615721568997,10.744429542820427,10.885022806270683,10.701242465483658,60000.0,53110.0,48000.0
2022-05-03,48990.0,25400.0,47180.0,47430.0,31440.0,52920.0,10.639957597831893,49140.0,47210.0,35080.0,27380.0,54560.0,65830.0,68970.0,10.96025301616898,11.401781591223335,11.070241239179373,11.152256842617728,11.145925977312283,11.170449240431308,70000.0,45470.0,53800.0,61340.0,82980.0,45000.0,10.546945414808707,10.242492293944021,10.665717600533267,10.809950146091303,10.659163423376018,42430.0,50260.0,48000.0
2022-05-04,48990.0,25450.0,42490.0,46620.0,36290.0,51600.0,10.584587455185396,49330.0,46750.0,34210.0,29030.0,62400.0,68060.0,70030.0,11.246495948551898,11.248061077798893,11.070085538995333,11.161252277082587,10.91328684226798,11.198365393710201,70850.0,43660.0,55030.0,62970.0,81790.0,45000.0,10.448743588106625,10.229223792606833,10.647113946209364,10.81719495047468,10.601895869017543,42430.0,58390.0,48000.0
2022-05-05,48990.0,27110.0,44090.0,48800.0,35200.0,51940.0,10.382543832613134,50630.0,46550.0,32480.0,28380.0,62220.0,75110.0,71890.0,11.075985169527042,11.284530649873318,11.073815668745837,11.14505956377669,10.925416761433269,11.220445233073493,73190.0,44300.0,52850.0,63010.0,87860.0,44500.0,10.479567066502215,10.23462415135353,10.576967596620598,10.82796468421378,10.588375721156376,42430.0,52500.0,60000.0
2022-05-06,48990.0,26700.0,51490.0,50450.0,34310.0,48760.0,10.307317991967832,57440.0,46320.0,31080.0,29420.0,66980.0,65060.0,76280.0,11.041977389875884,11.294781892900653,11.063680868264434,11.140716200112923,10.854971667978388,11.204782148381804,78240.0,45010.0,52800.0,63010.0,81490.0,45000.0,10.43060966426901,10.253122775683622,10.60313853743474,10.803669227477098,10.526507289654278,42430.0,51370.0,60000.0
2022-05-07,48990.0,25920.0,46190.0,50450.0,31010.0,50730.0,10.32485881766135,52370.0,45290.0,30940.0,28480.0,67270.0,65290.00000000001,74670.0,11.018317619227071,11.2818883412244,11.036034170120518,11.14115138637951,10.820398092289688,11.140280824376791,70180.0,43300.0,54380.0,62970.0,80730.0,40000.0,10.446422122219738,10.255235378138304,10.596659732783579,10.811362974808935,10.517889100523476,42430.0,46710.0,57970.0
2022-05-08,48990.0,25550.0,38190.0,49350.0,25790.0,47690.0,10.332050506334692,48660.0,43890.0,31420.0,27180.0,66410.0,63050.0,73530.0,10.970626373827352,11.268060196083502,10.974917047351173,11.126542136174459,10.743998145734295,11.255720866502989,62710.0,41040.0,53860.0,62970.0,78140.0,43990.0,10.446422122219738,10.23462415135353,10.529452721013085,10.788927247593167,10.5200506209133,42430.0,47430.0,57970.0
2022-05-09,48990.0,23270.0,37450.0,45980.0,26960.0,47400.0,10.352682423505618,50090.0,41000.0,30140.0,26290.0,64900.00000000001,62290.0,73640.0,10.914742949985985,11.174104472179522,10.873527560404474,11.13080083621997,10.675006815282412,11.12492201092318,59540.0,36000.0,51880.0,60590.0,74500.0,41350.0,10.446422122219738,10.192456296870509,10.442638208053022,10.799595985047786,10.515993929932415,42430.0,51440.0,49460.0
2022-05-10,48990.0,23580.0,33130.0,41690.0,26780.0,45280.0,10.228501536246664,45490.0,40330.0,29930.0,25120.0,64420.0,62640.0,69290.0,10.93080074098641,11.20082774157066,10.73815599652319,11.10812513584754,10.687183595798688,11.109473329472566,64780.0,37870.0,53090.0,63520.0,72680.0,56860.0,10.345638111452145,10.117428893085538,10.467123818934358,10.765765506102406,10.487126739641525,42430.0,52830.0,57970.0
2022-05-11,48990.0,23700.0,34600.0,45180.0,28370.0,46080.0,10.279214842380336,44410.0,40050.0,28760.0,25380.0,64080.0,61150.0,68570.0,11.07443600653965,11.190527716429953,10.854778565594904,11.10812513584754,10.683523185864164,11.12492201092318,62910.0,37540.0,51660.0,64129.99999999999,71930.0,57730.0,10.365364499570234,10.121055589517152,10.481812933648733,10.698536775122504,10.460557244776187,30980.0,50150.0,57970.0
2022-05-12,48990.0,24950.0,34880.0,40820.0,28370.0,46080.0,10.386561639971275,44200.0,39380.0,29550.0,25450.0,64440.0,58850.0,68090.0,10.913104679632676,11.204373796213224,10.855357760915753,11.10812513584754,10.625489404000175,11.153403615295403,61840.0,37080.0,50560.0,63520.0,74670.0,57730.0,10.340806561758198,10.128669025875903,10.417238892218322,10.642109884868972,10.533721557035943,42430.0,47640.0,38990.0
2022-05-13,48990.0,24560.0,33860.0,38820.0,28690.0,45870.0,10.414843035901724,44050.0,38420.0,29220.0,25370.0,65269.99999999999,56740.0,66420.0,10.883335073806908,11.123299256606082,10.988355823411979,11.10812513584754,10.641392970437847,11.127718762628396,61840.0,38450.0,51740.0,59380.0,72960.0,57730.0,10.251005700689442,10.1072851722528,10.432968086399285,10.656812196128389,10.497946353595198,52540.0,46180.0,55860.0
2022-05-14,48990.0,24380.0,34220.0,38820.0,27240.0,44780.0,10.449033392780304,40560.0,38040.0,29880.0,26540.0,64879.99999999999,59450.0,67150.0,10.934195662590364,11.112462823634855,10.985140168879203,11.140280824376791,10.64043628432532,11.156407651542994,53410.0,37790.0,49750.0,57600.0,71480.0,65379.99999999999,10.24213599094018,10.087515985121769,10.414243173852004,10.597409432938644,10.480690630565247,48990.0,44030.0,35330.0
2022-05-15,48990.0,24370.0,34270.0,39240.0,27870.0,45670.0,10.405504493520723,41300.0,38350.0,29890.0,27590.0,66330.0,58430.0,66100.0,10.768084910001393,11.148952526764623,10.944311817436843,11.098939154318382,10.622814044879375,11.173683395902351,60360.0,41390.0,49840.0,62740.0,72720.0,45000.0,10.24213599094018,10.086267337660777,10.3143049780709,10.582307587950027,10.49601297178542,40000.0,43400.0,49700.0
2022-05-16,48990.0,26750.0,34620.0,39120.0,31410.0,45670.0,10.430019188623735,39110.0,37710.0,30570.0,27900.0,64050.0,57570.0,64430.00000000001,10.65563450614867,11.148952526764623,10.919460710183415,11.072884439922198,10.625003507146516,11.107975224295076,60150.0,38300.0,49510.0,58850.0,71900.0,43990.0,10.285376924115587,10.087099942513005,10.381304329495126,10.614007941153417,10.505642716590316,48990.0,44530.0,49700.0
2022-05-17,48990.0,31460.0,34580.0,40790.0,33090.0,46480.0,10.467408346336265,41180.0,40850.0,33710.0,32570.0,65530.0,60130.0,66060.0,10.646400611577631,11.152973729638365,10.940951123740335,11.012561592414833,10.657518144952888,11.13824656087758,56410.0,40470.0,50110.0,58030.0,74750.0,45000.0,10.285376924115587,10.039372423556493,10.39240493375324,10.65492722584759,10.494629692640487,57970.0,43290.0,52250.0
2022-05-18,48990.0,31160.0,40590.0,42470.0,36390.0,46700.0,10.440594769696007,40250.0,41580.0,36340.0,34400.0,63350.0,61300.0,65830.0,10.737070361537285,11.12977453345857,10.855743704842892,11.001116024081504,10.652329576439035,11.207771646606407,56320.0,37980.0,50240.0,58030.0,72970.0,43990.0,10.24817594392868,10.041116787524166,10.499325055627958,10.613024681075675,10.529452721013085,55860.0,44600.0,52250.0
2022-05-19,48990.0,35580.0,45110.0,40820.0,38660.0,47560.0,10.592651811785132,41940.0,43650.0,41770.0,37100.0,63720.0,62370.0,69560.0,10.853812493953187,11.152113403521723,10.936867746266621,10.997438996322042,10.6699084287665,11.185268261530247,48090.0,41750.0,48730.0,59500.0,73210.0,46480.0,10.22234120367599,10.040680981712335,10.471666571132038,10.5506169722625,10.570573058768213,55860.0,45150.0,52250.0
2022-05-20,48990.0,35870.0,47540.0,39750.0,39230.0,55960.0,10.616216747823795,44160.0,44180.0,41760.0,40440.0,64390.0,64690.0,71270.0,10.858441149687675,11.189560945645043,11.004447084272586,11.015361515187422,10.665484260976488,11.18623918925854,61780.0,42440.0,48860.0,62050.0,72420.0,42990.0,10.188704088048116,10.071160676324263,10.50042665029748,10.546156895606837,10.526239092474103,48990.0,47920.0,52250.0
2022-05-21,48990.0,37680.0,47740.0,40410.0,40490.0,56660.0,10.639957597831893,44450.0,45170.0,42950.0,41970.0,67060.0,65040.00000000001,70410.0,10.895275291408279,11.189560945645043,11.047089140435771,11.018973346205863,10.689008788520935,11.217896469855393,61780.0,43230.0,47430.0,56470.0,74290.0,57970.0,10.214312256490171,10.057538227363052,10.571342565808699,10.50454685609326,10.521129631565316,54770.0,47970.0,49700.0
2022-05-22,48990.0,37300.0,45940.0,42610.0,39110.0,52220.0,10.613270586747499,44600.0,46380.0,43650.0,42060.0,66880.0,66620.0,70490.0,10.851296331126829,11.174665631549477,11.061798544294122,11.102563386249358,10.727684925086583,11.222452835867818,61390.0,42770.0,47590.0,63130.0,75440.0,43470.0,10.29960914564114,10.084182787585497,10.5524477082064,10.47081637553585,10.590138679352371,53670.0,48850.0,49700.0
2022-05-23,48990.0,38070.0,50700.0,43990.0,44520.0,53640.0,10.680079340050707,46890.0,47650.0,41720.0,42850.0,67890.0,70250.0,70530.0,10.997941206055378,11.247930743883217,11.080001797565458,11.092717208787851,10.717103049046909,11.14880861288244,61720.0,45400.0,47150.0,62050.0,76410.0,60000.0,10.236776155340317,10.105244021968689,10.610562292793485,10.468261443129174,10.57082962691412,53670.0,49990.0,52250.0
2022-05-24,48990.0,38220.0,52760.0,43830.0,44400.0,55300.0,10.633713731337494,49570.0,48960.0,43720.0,44540.0,70030.0,70790.0,71570.0,10.939710120850858,11.272648470915172,11.07086379760324,11.109922323732983,10.716659698193956,11.216148828725508,54590.0,45240.0,47650.0,63230.0,77730.0,60000.0,10.236776155340317,10.106877275363477,10.564653749740895,10.427061569124286,10.620131509007471,53670.0,49570.0,52250.0
2022-05-25,48990.0,40330.0,56180.0,42230.0,45200.0,63090.0,10.630093686839738,49920.0,51400.0,48390.0,46040.0,69880.0,67410.0,71600.0,10.98818683598424,11.218567827096358,11.083080570336517,11.142310958047757,10.742486788680049,11.146214615088313,55980.0,47380.0,47410.0,66380.0,80140.0,60000.0,10.211009016314165,10.150386692204734,10.571086129249698,10.491579726321211,10.636360126569123,53670.0,49090.0,58140.0
2022-05-26,48990.0,42130.0,59840.0,39590.0,45200.0,62320.0,10.67777683621291,50420.0,51760.0,50010.0,47940.0,70370.0,72280.0,71170.0,11.049317340813348,11.260880770109578,11.092717208787851,11.142310958047757,10.75130670559812,11.216148828725508,58480.0,46840.0,47770.0,60530.0,81090.0,49190.0,10.236776155340317,10.153506697855692,10.551663517451031,10.467977158387663,10.62135173563291,53670.0,49730.0,49090.0
2022-05-27,48990.0,45310.0,62450.0,42290.0,53490.0,63870.0,10.700115984041597,54530.0,51610.0,48220.0,47980.0,72570.0,71320.0,71060.0,10.962856461127396,11.258948924983619,11.163382173096926,11.119008420561059,10.775220152546073,11.176487227771029,57710.0,47940.0,43290.0,62250.0,81400.0,49750.0,10.206218323189425,10.205848855956967,10.490468337248462,10.505916494175116,10.619887284906223,53670.0,52260.0,58140.0
2022-05-28,48990.0,47580.0,65740.0,42820.0,51390.0,62790.0,10.721305107600823,54840.0,54320.0,49500.0,48070.0,73220.0,72000.0,71850.0,11.042777825355497,11.255074002477121,11.206549750071193,11.098787859232157,10.80529389020931,11.216148828725508,55510.0,47440.0,47390.0,64810.0,84610.0,52000.0,10.185692150979541,10.228501536246664,10.556099155887797,10.427949773825027,10.709092503552526,51270.0,55440.0,45570.0
2022-05-29,48990.0,47340.0,56610.0,48870.0,51430.0,63230.0,10.769558098246614,55890.0,54410.0,49790.0,49290.0,73340.0,72890.0,75760.0,10.977994972525236,11.255074002477121,11.220847076199346,11.11678177712113,10.918555175493893,11.197406174167238,55560.0,48510.0,46720.0,61020.0,85460.0,49750.0,10.180778321920783,10.242492293944021,10.498222246109224,10.452504513676049,10.698310970126737,53670.0,58330.0,58140.0
2022-05-30,48990.0,49720.0,66000.0,47220.0,55550.0,68170.0,10.783549889802996,57660.0,57550.0,52850.0,53870.0,74040.0,73290.0,79380.0,11.013056266434749,11.311066285763198,11.33393036936441,11.139554776658086,10.955375042698002,11.184157474284504,51020.0,56160.0,46990.0,61020.0,84170.0,45550.0,10.180778321920783,10.33692444371904,10.539826258020412,10.438839921478714,10.683981470512775,53670.0,58830.0,66480.0
2022-05-31,48990.0,53890.0,66600.0,47800.0,55930.0,68950.0,10.790164080634101,57910.0,58940.0,56650.0,58520.0,76010.0,73170.0,81490.0,10.993244077760206,11.297266335365645,11.347236811318073,11.125216774451276,10.96146880067333,11.172840711058733,56570.0,56310.0,46710.0,63010.0,88210.0,69930.0,10.193579219581707,10.336600252573103,10.614499208879641,10.425282789490705,10.722848794230309,50610.0,59980.0,52000.0
2022-06-01,48990.0,55250.0,67760.0,48100.0,59110.0,70750.0,10.771658895221004,58700.0,61690.0,59710.0,62460.0,74740.0,73290.0,80540.0,11.084002356823872,11.308125143215847,11.346292200840589,11.157406994914858,10.989875426581515,11.120638147127769,58690.0,58150.0,46220.0,57840.0,85650.0,68440.0,10.297588330565242,10.404293143019792,10.643780689153015,10.47194980911048,10.738806812235158,53670.0,62250.0,66480.0
2022-06-02,48990.0,60160.0,70780.0,48100.0,61670.0,73240.0,10.855936620963561,64450.0,63150.0,60850.0,64769.99999999999,75710.0,75390.0,80410.0,11.161962746590705,11.31886730288443,11.308125143215847,11.199323694032696,10.979189389621132,11.08246557362274,52490.0,56580.0,45050.0,57840.0,91090.0,69930.0,10.261196961231645,10.419032025002059,10.661977618146237,10.510286772360844,10.778351940641137,53670.0,65390.0,66480.0
2022-06-03,48990.0,64379.99999999999,75550.0,48100.0,65740.0,73240.0,10.892117550468008,64709.99999999999,65690.0,62700.0,64340.0,76680.0,77850.0,80900.0,11.141876276228,11.29166763456623,11.449783301804265,11.268698716780495,10.976457194140659,11.143758534334468,53660.0,59300.0,47020.0,61110.0,88660.0,60000.0,10.323217104657996,10.465699966318816,10.634917506521377,10.467408346336265,10.819398212191986,60000.0,65440.0,56130.0
2022-06-04,48990.0,69740.0,74610.0,50950.0,65970.0,77350.0,10.996768990769432,64430.00000000001,68630.0,66760.0,68510.0,78010.0,77370.0,84210.0,11.145637256200434,11.35850308156823,11.435839215995925,11.254426719747327,11.025344251183697,11.160541302448651,54470.0,62480.0,44520.0,63810.0,86450.0,68680.0,10.258746494416974,10.551924982703788,10.714884326564098,10.629368102712709,10.883897967847588,60000.0,67260.0,56130.0
2022-06-05,48990.0,76850.0,76540.0,53380.0,66860.0,78910.0,11.001949829953112,64430.00000000001,72290.0,70630.0,73900.0,77620.0,77920.0,84910.0,11.200691103415608,11.40668678606212,11.487412766201091,11.291418074414699,11.052491896264266,11.137519034145258,58810.0,52830.0,45350.0,65019.99999999999,87080.0,68680.0,10.43060966426901,10.554014247259433,10.659633006160352,10.480971324442349,10.911281225871653,54510.0,70080.0,68410.0
2022-06-06,48990.0,88690.0,86110.0,50950.0,75820.0,83680.0,11.025995388254772,70240.0,75020.0,75720.0,80500.0,77780.0,78000.0,87420.0,11.159260272895194,11.354878872588175,11.588598640125822,11.331415578682627,11.166356426769534,11.15854788008018,59290.0,79060.0,44970.0,48360.0,88150.0,70180.0,10.450191772337016,10.645448706505872,10.747229096720554,10.44729330359671,10.933124826700706,60000.0,72700.0,68410.0
2022-06-07,48990.0,85800.0,92030.0,54370.0,80190.0,89050.0,11.231901180182513,72800.0,80690.0,80300.0,84440.0,80970.0,77100.0,91720.0,11.212914368149038,11.361416293286421,11.52278668294207,11.331415578682627,11.164091131524941,11.21075223436259,53580.0,77890.0,43900.0,62750.0,89520.0,73990.0,10.5703164247782,10.6782377612977,10.725269783175804,10.571342565808699,11.004779580825996,60000.0,74770.0,68410.0
2022-06-08,48990.0,78510.0,91080.0,57850.0,88523.75,96190.0,11.260494699531083,76870.0,85420.0,82700.0,85720.0,80590.0,80270.0,93670.0,11.258948924983619,11.410460752424427,11.726915248090979,11.433676608779873,11.05122328316379,11.18637781629658,54670.0,75330.0,46140.0,62750.0,88110.0,67080.0,10.771029119400374,10.759837178943316,10.856322341590896,10.537707108065746,11.105272966266629,60000.0,74770.0,68410.0
2022-06-09,48990.0,81980.0,97070.0,57850.0,88523.75,92120.0,11.43226840195242,78730.0,86250.0,82960.0,86340.0,82030.0,91070.0,97320.0,11.349476691536836,11.441332788345242,11.76026199188191,11.44871755584115,11.167204591251192,11.226455990357765,50280.0,74410.0,45880.0,67590.0,85460.0,90000.0,10.894718767073803,10.83940442554546,10.9218112699754,10.710878178453925,11.184713022138405,51960.0,80190.0,70290.0
2022-06-10,48990.0,39895.0,49730.0,49990.0,38135.0,57220.0,10.81719495047468,49385.0,49300.0,38370.0,37680.0,72210.0,59550.0,70610.0,10.96025301616898,11.259593288117413,11.110969193687714,11.14708002888221,10.708422052537378,11.189560945645043,74760.0,41670.0,51575.0,73230.0,81400.0,58010.0,10.629610022590025,10.461988433479375,10.83636004400196,10.78727575364831,10.872389709681492,48200.0,49175.0,50000.0
2022-06-11,48990.0,39895.0,49730.0,49990.0,38135.0,57220.0,10.81719495047468,49385.0,49300.0,38370.0,37680.0,72210.0,59550.0,70610.0,10.96025301616898,11.259593288117413,11.110969193687714,11.14708002888221,10.708422052537378,11.189560945645043,74760.0,41670.0,51575.0,73230.0,81400.0,58010.0,10.629610022590025,10.461988433479375,10.83636004400196,10.78727575364831,10.872389709681492,48200.0,49175.0,50000.0
2022-06-12,48990.0,39895.0,49730.0,49990.0,38135.0,57220.0,10.81719495047468,49385.0,49300.0,38370.0,37680.0,72210.0,59550.0,70610.0,10.96025301616898,11.259593288117413,11.110969193687714,11.14708002888221,10.708422052537378,11.189560945645043,74760.0,41670.0,51575.0,73230.0,81400.0,58010.0,10.629610022590025,10.461988433479375,10.83636004400196,10.78727575364831,10.872389709681492,48200.0,49175.0,50000.0
2022-06-13,48990.0,39895.0,49730.0,49990.0,38135.0,57220.0,10.81719495047468,49385.0,49300.0,38370.0,37680.0,72210.0,59550.0,70610.0,10.96025301616898,11.259593288117413,11.110969193687714,11.14708002888221,10.708422052537378,11.189560945645043,74760.0,41670.0,51575.0,73230.0,81400.0,58010.0,10.629610022590025,10.461988433479375,10.83636004400196,10.78727575364831,10.872389709681492,48200.0,49175.0,50000.0
2022-06-14,48990.0,39895.0,49730.0,49990.0,38135.0,57220.0,10.81719495047468,49385.0,49300.0,38370.0,37680.0,72210.0,59550.0,70610.0,10.96025301616898,11.259593288117413,11.110969193687714,11.14708002888221,10.708422052537378,11.189560945645043,74760.0,41670.0,51575.0,73230.0,81400.0,58010.0,10.629610022590025,10.461988433479375,10.83636004400196,10.78727575364831,10.872389709681492,48200.0,49175.0,50000.0
2022-06-15,48990.0,39895.0,49730.0,49990.0,38135.0,57220.0,10.81719495047468,49385.0,49300.0,38370.0,37680.0,72210.0,59550.0,70610.0,10.96025301616898,11.259593288117413,11.110969193687714,11.14708002888221,10.708422052537378,11.189560945645043,74760.0,41670.0,51575.0,73230.0,81400.0,58010.0,10.629610022590025,10.461988433479375,10.83636004400196,10.78727575364831,10.872389709681492,48200.0,49175.0,50000.0
2022-06-16,48990.0,39895.0,49730.0,49990.0,38135.0,57220.0,10.81719495047468,49385.0,49300.0,38370.0,37680.0,72210.0,59550.0,70610.0,10.96025301616898,11.259593288117413,11.110969193687714,11.14708002888221,10.708422052537378,11.189560945645043,74760.0,41670.0,51575.0,73230.0,81400.0,58010.0,10.629610022590025,10.461988433479375,10.83636004400196,10.78727575364831,10.872389709681492,48200.0,49175.0,50000.0
2022-06-17,48990.0,39895.0,49730.0,49990.0,38135.0,57220.0,10.81719495047468,49385.0,49300.0,38370.0,37680.0,72210.0,59550.0,70610.0,10.96025301616898,11.259593288117413,11.110969193687714,11.14708002888221,10.708422052537378,11.189560945645043,74760.0,41670.0,51575.0,73230.0,81400.0,58010.0,10.629610022590025,10.461988433479375,10.83636004400196,10.78727575364831,10.872389709681492,48200.0,49175.0,50000.0
2022-06-18,48990.0,39895.0,49730.0,49990.0,38135.0,57220.0,10.81719495047468,49385.0,49300.0,38370.0,37680.0,72210.0,59550.0,70610.0,10.96025301616898,11.259593288117413,11.110969193687714,11.14708002888221,10.708422052537378,11.189560945645043,74760.0,41670.0,51575.0,73230.0,81400.0,58010.0,10.629610022590025,10.461988433479375,10.83636004400196,10.78727575364831,10.872389709681492,48200.0,49175.0,50000.0
2022-06-19,48990.0,39895.0,49730.0,49990.0,38135.0,57220.0,10.81719495047468,49385.0,49300.0,38370.0,37680.0,72210.0,59550.0,70610.0,10.96025301616898,11.259593288117413,11.110969193687714,11.14708002888221,10.708422052537378,11.189560945645043,74760.0,41670.0,51575.0,73230.0,81400.0,58010.0,10.629610022590025,10.461988433479375,10.83636004400196,10.78727575364831,10.872389709681492,48200.0,49175.0,50000.0
2022-06-20,48990.0,39895.0,49730.0,49990.0,38135.0,57220.0,10.81719495047468,49385.0,49300.0,38370.0,37680.0,72210.0,59550.0,70610.0,10.96025301616898,11.259593288117413,11.110969193687714,11.14708002888221,10.708422052537378,11.189560945645043,74760.0,41670.0,51575.0,73230.0,81400.0,58010.0,10.629610022590025,10.461988433479375,10.83636004400196,10.78727575364831,10.872389709681492,48200.0,49175.0,50000.0
2022-06-21,48990.0,39895.0,49730.0,49990.0,38135.0,57220.0,10.81719495047468,49385.0,49300.0,38370.0,37680.0,72210.0,59550.0,70610.0,10.96025301616898,11.259593288117413,11.110969193687714,11.14708002888221,10.708422052537378,11.189560945645043,74760.0,41670.0,51575.0,73230.0,81400.0,58010.0,10.629610022590025,10.461988433479375,10.83636004400196,10.78727575364831,10.872389709681492,48200.0,49175.0,50000.0
2022-06-22,48990.0,39895.0,49730.0,49990.0,38135.0,57220.0,10.81719495047468,49385.0,49300.0,38370.0,37680.0,72210.0,59550.0,70610.0,10.96025301616898,11.259593288117413,11.110969193687714,11.14708002888221,10.708422052537378,11.189560945645043,74760.0,41670.0,51575.0,73230.0,81400.0,58010.0,10.629610022590025,10.461988433479375,10.83636004400196,10.78727575364831,10.872389709681492,48200.0,49175.0,50000.0
2022-06-23,48990.0,39895.0,49730.0,49990.0,38135.0,57220.0,10.81719495047468,49385.0,49300.0,38370.0,37680.0,72210.0,59550.0,70610.0,10.96025301616898,11.259593288117413,11.110969193687714,11.14708002888221,10.708422052537378,11.189560945645043,74760.0,41670.0,51575.0,73230.0,81400.0,58010.0,10.629610022590025,10.461988433479375,10.83636004400196,10.78727575364831,10.872389709681492,48200.0,49175.0,50000.0
2022-06-24,48990.0,39895.0,49730.0,49990.0,38135.0,57220.0,10.81719495047468,49385.0,49300.0,38370.0,37680.0,72210.0,59550.0,70610.0,10.96025301616898,11.259593288117413,11.110969193687714,11.14708002888221,10.708422052537378,11.189560945645043,74760.0,41670.0,51575.0,73230.0,81400.0,58010.0,10.629610022590025,10.461988433479375,10.83636004400196,10.78727575364831,10.872389709681492,48200.0,49175.0,50000.0
2022-06-25,48990.0,39895.0,49730.0,49990.0,38135.0,57220.0,10.81719495047468,49385.0,49300.0,38370.0,37680.0,72210.0,59550.0,70610.0,10.96025301616898,11.259593288117413,11.110969193687714,11.14708002888221,10.708422052537378,11.189560945645043,74760.0,41670.0,51575.0,73230.0,81400.0,58010.0,10.629610022590025,10.461988433479375,10.83636004400196,10.78727575364831,10.872389709681492,48200.0,49175.0,50000.0
2022-06-26,48990.0,39895.0,49730.0,49990.0,38135.0,57220.0,10.81719495047468,49385.0,49300.0,38370.0,37680.0,72210.0,59550.0,70610.0,10.96025301616898,11.259593288117413,11.110969193687714,11.14708002888221,10.708422052537378,11.189560945645043,74760.0,41670.0,51575.0,73230.0,81400.0,58010.0,10.629610022590025,10.461988433479375,10.83636004400196,10.78727575364831,10.872389709681492,48200.0,49175.0,50000.0
2022-06-27,48990.0,39895.0,49730.0,49990.0,38135.0,57220.0,10.81719495047468,49385.0,49300.0,38370.0,37680.0,72210.0,59550.0,70610.0,10.96025301616898,11.259593288117413,11.110969193687714,11.14708002888221,10.708422052537378,11.189560945645043,74760.0,41670.0,51575.0,73230.0,81400.0,58010.0,10.629610022590025,10.461988433479375,10.83636004400196,10.78727575364831,10.872389709681492,48200.0,49175.0,50000.0
2022-06-28,48990.0,39895.0,49730.0,49990.0,38135.0,57220.0,10.81719495047468,49385.0,49300.0,38370.0,37680.0,72210.0,59550.0,70610.0,10.96025301616898,11.259593288117413,11.110969193687714,11.14708002888221,10.708422052537378,11.189560945645043,74760.0,41670.0,51575.0,73230.0,81400.0,58010.0,10.629610022590025,10.461988433479375,10.83636004400196,10.78727575364831,10.872389709681492,48200.0,49175.0,50000.0
2022-06-29,48990.0,39895.0,49730.0,49990.0,38135.0,57220.0,10.81719495047468,49385.0,49300.0,38370.0,37680.0,72210.0,59550.0,70610.0,10.96025301616898,11.259593288117413,11.110969193687714,11.14708002888221,10.708422052537378,11.189560945645043,74760.0,41670.0,51575.0,73230.0,81400.0,58010.0,10.629610022590025,10.461988433479375,10.83636004400196,10.78727575364831,10.872389709681492,48200.0,49175.0,50000.0
2022-06-30,48990.0,39895.0,49730.0,49990.0,38135.0,57220.0,10.81719495047468,49385.0,49300.0,38370.0,37680.0,72210.0,59550.0,70610.0,10.96025301616898,11.259593288117413,11.110969193687714,11.14708002888221,10.708422052537378,11.189560945645043,74760.0,41670.0,51575.0,73230.0,81400.0,58010.0,10.629610022590025,10.461988433479375,10.83636004400196,10.78727575364831,10.872389709681492,48200.0,49175.0,50000.0
2022-07-01,48990.0,39895.0,49730.0,49990.0,38135.0,57220.0,10.81719495047468,49385.0,49300.0,38370.0,37680.0,72210.0,59550.0,70610.0,10.96025301616898,11.259593288117413,11.110969193687714,11.14708002888221,10.708422052537378,11.189560945645043,74760.0,41670.0,51575.0,73230.0,81400.0,58010.0,10.629610022590025,10.461988433479375,10.83636004400196,10.78727575364831,10.872389709681492,48200.0,49175.0,50000.0
2022-07-02,48990.0,39895.0,49730.0,49990.0,38135.0,57220.0,10.81719495047468,49385.0,49300.0,38370.0,37680.0,72210.0,59550.0,70610.0,10.96025301616898,11.259593288117413,11.110969193687714,11.14708002888221,10.708422052537378,11.189560945645043,74760.0,41670.0,51575.0,73230.0,81400.0,58010.0,10.629610022590025,10.461988433479375,10.83636004400196,10.78727575364831,10.872389709681492,48200.0,49175.0,50000.0
2022-07-03,48990.0,39895.0,49730.0,49990.0,38135.0,57220.0,10.81719495047468,49385.0,49300.0,38370.0,37680.0,72210.0,59550.0,70610.0,10.96025301616898,11.259593288117413,11.110969193687714,11.14708002888221,10.708422052537378,11.189560945645043,74760.0,41670.0,51575.0,73230.0,81400.0,58010.0,10.629610022590025,10.461988433479375,10.83636004400196,10.78727575364831,10.872389709681492,48200.0,49175.0,50000.0
2022-07-04,48990.0,39895.0,49730.0,49990.0,38135.0,57220.0,10.81719495047468,49385.0,49300.0,38370.0,37680.0,72210.0,59550.0,70610.0,10.96025301616898,11.259593288117413,11.110969193687714,11.14708002888221,10.708422052537378,11.189560945645043,74760.0,41670.0,51575.0,73230.0,81400.0,58010.0,10.629610022590025,10.461988433479375,10.83636004400196,10.78727575364831,10.872389709681492,48200.0,49175.0,50000.0
2022-07-05,48990.0,39895.0,49730.0,49990.0,38135.0,57220.0,10.81719495047468,49385.0,49300.0,38370.0,37680.0,72210.0,59550.0,70610.0,10.96025301616898,11.259593288117413,11.110969193687714,11.14708002888221,10.708422052537378,11.189560945645043,74760.0,41670.0,51575.0,73230.0,81400.0,58010.0,10.629610022590025,10.461988433479375,10.83636004400196,10.78727575364831,10.872389709681492,48200.0,49175.0,50000.0
2022-07-06,48990.0,39895.0,49730.0,49990.0,38135.0,57220.0,10.81719495047468,49385.0,49300.0,38370.0,37680.0,72210.0,59550.0,70610.0,10.96025301616898,11.259593288117413,11.110969193687714,11.14708002888221,10.708422052537378,11.189560945645043,74760.0,41670.0,51575.0,73230.0,81400.0,58010.0,10.629610022590025,10.461988433479375,10.83636004400196,10.78727575364831,10.872389709681492,48200.0,49175.0,50000.0
2022-07-07,48990.0,39895.0,49730.0,49990.0,38135.0,57220.0,10.81719495047468,49385.0,49300.0,38370.0,37680.0,72210.0,59550.0,70610.0,10.96025301616898,11.259593288117413,11.110969193687714,11.14708002888221,10.708422052537378,11.189560945645043,74760.0,41670.0,51575.0,73230.0,81400.0,58010.0,10.629610022590025,10.461988433479375,10.83636004400196,10.78727575364831,10.872389709681492,48200.0,49175.0,50000.0
2022-07-08,48990.0,39895.0,49730.0,49990.0,38135.0,57220.0,10.81719495047468,49385.0,49300.0,38370.0,37680.0,72210.0,59550.0,70610.0,10.96025301616898,11.259593288117413,11.110969193687714,11.14708002888221,10.708422052537378,11.189560945645043,74760.0,41670.0,51575.0,73230.0,81400.0,58010.0,10.629610022590025,10.461988433479375,10.83636004400196,10.78727575364831,10.872389709681492,48200.0,49175.0,50000.0
2022-07-09,48990.0,39895.0,49730.0,49990.0,38135.0,57220.0,10.81719495047468,49385.0,49300.0,38370.0,37680.0,72210.0,59550.0,70610.0,10.96025301616898,11.259593288117413,11.110969193687714,11.14708002888221,10.708422052537378,11.189560945645043,74760.0,41670.0,51575.0,73230.0,81400.0,58010.0,10.629610022590025,10.461988433479375,10.83636004400196,10.78727575364831,10.872389709681492,48200.0,49175.0,50000.0
2022-07-10,48990.0,39895.0,49730.0,49990.0,38135.0,57220.0,10.81719495047468,49385.0,49300.0,38370.0,37680.0,72210.0,59550.0,70610.0,10.96025301616898,11.259593288117413,11.110969193687714,11.14708002888221,10.708422052537378,11.189560945645043,74760.0,41670.0,51575.0,73230.0,81400.0,58010.0,10.629610022590025,10.461988433479375,10.83636004400196,10.78727575364831,10.872389709681492,48200.0,49175.0,50000.0
2022-07-11,48990.0,39895.0,49730.0,49990.0,38135.0,57220.0,10.81719495047468,49385.0,49300.0,38370.0,37680.0,72210.0,59550.0,70610.0,10.96025301616898,11.259593288117413,11.110969193687714,11.14708002888221,10.708422052537378,11.189560945645043,74760.0,41670.0,51575.0,73230.0,81400.0,58010.0,10.629610022590025,10.461988433479375,10.83636004400196,10.78727575364831,10.872389709681492,48200.0,49175.0,50000.0
2022-07-12,48990.0,39895.0,49730.0,49990.0,38135.0,57220.0,10.81719495047468,49385.0,49300.0,38370.0,37680.0,72210.0,59550.0,70610.0,10.96025301616898,11.259593288117413,11.110969193687714,11.14708002888221,10.708422052537378,11.189560945645043,74760.0,41670.0,51575.0,73230.0,81400.0,58010.0,10.629610022590025,10.461988433479375,10.83636004400196,10.78727575364831,10.872389709681492,48200.0,49175.0,50000.0
2022-07-13,48990.0,39895.0,49730.0,49990.0,38135.0,57220.0,10.81719495047468,49385.0,49300.0,38370.0,37680.0,72210.0,59550.0,70610.0,10.96025301616898,11.259593288117413,11.110969193687714,11.14708002888221,10.708422052537378,11.189560945645043,74760.0,41670.0,51575.0,73230.0,81400.0,58010.0,10.629610022590025,10.461988433479375,10.83636004400196,10.78727575364831,10.872389709681492,48200.0,49175.0,50000.0
2022-07-14,48990.0,39895.0,102615.0,82407.5,74580.0,106781.25,10.81719495047468,82698.75,92550.0,79760.0,88777.5,92370.0,84090.0,107568.75,11.607373358434542,11.789569904032613,11.816467030329967,11.50731339256065,11.425492445071473,11.452123952509565,91200.0,66100.0,60570.0,87020.0,84780.0,90095.0,11.14708002888221,11.089668007602317,11.176207198086052,11.238896430838867,11.23004517880127,48200.0,87476.25,50000.0
2022-07-15,48990.0,73400.0,100330.0,82407.5,70830.0,106060.0,10.943781931879723,82698.75,96075.0,77480.0,83970.0,92070.0,98187.5,107568.75,11.607373358434542,11.789569904032613,11.816467030329967,11.50731339256065,11.425492445071473,11.448930795918297,95440.0,80230.0,61220.0,89130.0,87200.0,90095.0,11.124037198666844,11.023551435004947,11.176767179061333,11.210210969684486,11.223388339637967,73223.75,87476.25,78355.0
2022-07-16,48990.0,80670.0,97730.0,82407.5,65440.0,106450.0,10.990718653830614,82698.75,94850.0,74820.0,85270.0,91990.0,98187.5,107568.75,11.607373358434542,11.789569904032613,11.816467030329967,11.50731339256065,11.425492445071473,11.41057153610832,85530.0,79750.0,60700.0,85920.0,86980.0,90095.0,11.141876276228,10.979530389777885,11.19163145407322,11.223121142137346,11.173964133120124,73223.75,87476.25,78355.0
2022-07-17,48990.0,76310.0,97920.0,82407.5,62790.0,106560.0,10.951700883620385,82698.75,93790.0,73340.0,81460.0,91990.0,98187.5,107568.75,11.607373358434542,11.789569904032613,11.816467030329967,11.50731339256065,11.425492445071473,11.419175068071828,86850.0,81980.0,61950.0,88270.0,85600.0,90095.0,11.14708002888221,10.985309671896763,11.18623918925854,11.245320491947625,11.171997315498414,73223.75,87476.25,78355.0
2022-07-18,48990.0,66670.0,89920.0,82407.5,62720.0,101260.0,10.922172404664506,82698.75,86390.0,68820.0,78010.0,90890.0,98187.5,107568.75,11.607373358434542,11.775451254853325,11.816467030329967,11.50731339256065,11.425492445071473,11.426942649738638,90900.0,73270.0,63090.0,88130.0,93720.0,90095.0,11.13387343981368,10.945547126244621,11.19507280317333,11.224322969058706,11.133727339237783,73223.75,87476.25,78355.0
2022-07-19,48990.0,67250.0,87480.0,82407.5,59980.0,104880.0,10.911646182719558,82698.75,86730.0,66510.0,74690.0,91310.0,98187.5,107568.75,11.558577376639157,11.767265312052821,11.816467030329967,11.50731339256065,11.425492445071473,11.371488620729712,89740.0,76650.0,60640.0,89740.0,95740.0,90095.0,11.14708002888221,10.918011460821951,11.160683537819985,11.229647015655297,11.07953916300766,73223.75,87476.25,77070.0
2022-07-20,48990.0,64720.0,85120.0,82407.5,58160.0,101600.0,10.849356503939038,82698.75,84830.0,65040.00000000001,73310.0,92210.0,98100.0,107568.75,11.426942649738638,11.730943905311154,11.762368142618339,11.50731339256065,11.396290520005435,11.287040659850634,95250.0,70190.0,62860.0,89740.0,95790.0,90095.0,10.98225421298353,10.918011460821951,11.142021191163186,11.20328404116402,11.022898704119024,65000.0,87476.25,78355.0
2022-07-21,48990.0,64890.0,82260.0,82407.5,57150.0,100510.0,10.800208030113406,82698.75,81100.0,64780.0,71420.0,91520.0,94280.0,107568.75,11.415213402954864,11.696171594215317,11.778676296233881,11.50731339256065,11.348652056096753,11.313754755078138,84820.0,68250.0,62140.0,85650.0,94790.0,90095.0,10.85805624562026,10.93080074098641,11.120490099870814,11.175506780608618,10.946076077522912,65000.0,87476.25,75600.0
2022-07-22,48990.0,64480.00000000001,81310.0,80290.0,58880.0,93780.0,10.824387644967182,82698.75,78220.0,63090.0,70530.0,91360.0,89430.0,107530.0,11.390656130909488,11.66428081292377,11.688230798869883,11.50731339256065,11.292415941556662,11.26152389003502,94850.0,67800.0,61220.0,90760.0,94360.0,90095.0,10.86572631831299,10.902297921958711,11.004613346368536,11.223655465763155,10.86725329843447,60000.0,84090.0,67820.0
2022-07-23,48990.0,62740.0,82000.0,82407.5,58880.0,90110.0,10.906707991398342,80110.0,74610.0,62400.0,68060.0,91670.0,88300.0,100380.0,11.45520100860549,11.623580937568695,11.708911568482034,11.50731339256065,11.236130578115505,11.371027743441651,88270.0,60420.0,61260.0,88800.0,100000.0,90095.0,10.870680502337402,10.909637269778615,11.004779580825996,11.186516424119828,10.89768332428381,60000.0,80330.0,67820.0
2022-07-24,48990.0,62630.0,81320.0,82407.5,58590.0,90440.0,10.918011460821951,80880.0,75220.0,61420.0,67860.0,90300.0,85760.0,98610.0,11.405796720249754,11.533619851393762,11.687979006949394,11.50731339256065,11.21480240798111,11.35640030162027,82900.0,61310.0,61020.0,86480.0,99930.0,90095.0,10.862282063937007,10.858825905660948,10.96181589635374,11.163382173096926,10.895831506195684,60000.0,80030.0,78355.0
2022-07-25,48990.0,59590.0,81780.0,82407.5,55500.0,88450.0,10.878820478377339,82698.75,74650.0,59990.0,66070.0,89260.0,80900.0,97350.0,11.36652302320156,11.497111074075866,11.65373902811143,11.50731339256065,11.212104115711089,11.32973553124614,83470.0,60180.0,62610.0,87560.0,94160.0,90095.0,10.849938847305134,10.836064933972963,10.85805624562026,11.153690103100145,10.91565194179493,60000.0,79940.0,71860.0
2022-07-26,48990.0,59110.0,79100.0,82407.5,54450.0,86530.0,10.973202986493744,82698.75,72440.0,58350.0,65690.0,88180.0,82150.0,97830.0,11.29900177976496,11.505306514336992,11.58330004812049,11.50731339256065,11.179283220142068,11.354878872588175,88950.0,59790.0,63750.0,87120.0,93280.0,90095.0,10.819198116145216,10.808130714060665,10.891186902297498,11.126394960475844,10.937756856503727,60000.0,77540.0,70710.0
2022-07-27,48990.0,57780.0,74790.0,76050.0,57770.0,79430.0,10.952752021573898,79870.0,72060.0,57440.0,63210.0,89270.0,82660.0,97580.0,11.250924134634177,11.497111074075866,11.576191301588313,11.455095060689388,11.167628403875849,11.343097536757666,90150.0,57500.0,64310.0,84320.0,93850.0,79840.0,10.801430997592224,10.815187764075905,10.918373970115221,11.137082263908574,10.943781931879723,40000.0,76880.0,67820.0
2022-07-28,48990.0,57570.0,72730.0,79090.0,55870.0,85950.0,10.967698164486874,78680.0,71860.0,58100.0,59960.0,89630.0,81240.0,95860.0,11.288293306229559,11.490996779212582,11.524468586065211,11.441547608809866,11.118711821072,11.338226780121822,79280.0,55220.0,66340.0,84260.0,92050.0,81420.0,10.800208030113406,10.769768376656003,10.918736348043124,11.176767179061333,10.907990606643073,69280.0,75930.0,69280.0
2022-07-29,48990.0,52700.0,73130.0,74580.0,54160.0,82980.0,10.958165369058063,77960.0,71000.0,58140.0,59680.0,87810.0,82910.0,95380.0,11.282014323889351,11.472842780426324,11.556090312864955,11.439720162210953,11.094238329842927,11.373789826425874,84710.0,52950.0,65110.0,80110.0,93610.0,82460.0,10.734242182303689,10.720201013508184,10.918917487774808,11.166497837483044,10.931516419748775,52920.0,75150.0,48000.0
2022-07-30,48990.0,57880.0,72140.0,80340.0,54890.0,82980.0,10.927394254617141,80520.0,69240.0,57390.0,60230.0,85610.0,81370.0,96170.0,11.246626469592076,11.453822809375405,11.56761249411991,11.439720162210953,11.099695286586812,11.392124128824321,79360.0,53530.0,65480.00000000001,89190.0,92920.0,85000.0,10.752163034994716,10.731624436867815,10.899162313664348,11.142455810009306,10.934730650833384,54220.0,74120.0,69280.0
2022-07-31,48990.0,56350.0,71090.0,77420.0,55250.0,84090.0,10.9034022639752,81040.0,70490.0,57090.0,60760.0,85220.0,80530.0,95510.0,11.264861462612437,11.453822809375405,11.561915609142327,11.439720162210953,11.095301739538133,11.348652056096753,80580.0,51990.0,66400.0,83940.0,98460.0,85000.0,10.738806812235158,10.728780791588225,10.931158644392102,11.105723850006381,10.982764104897495,52920.0,70170.0,69280.0
2022-08-01,48990.0,55760.0,71050.0,72040.0,55610.0,83190.0,10.932231586681333,78500.0,70200.0,57550.0,62460.0,85150.0,79710.0,93460.0,11.286413747748252,11.456471508824036,11.551001292222455,11.427269532586736,11.083234260436102,11.348652056096753,85530.0,52810.0,67750.0,83850.0,93790.0,85000.0,10.671301477678828,10.697633249050782,10.907074620795127,11.15540730848484,10.946076077522912,52920.0,76600.0,63250.0
2022-08-02,48990.0,56840.0,68670.0,70450.0,54880.0,82090.0,10.924336478294055,77320.0,68190.0,58040.0,62830.0,84250.0,77810.0,92630.0,11.242834425715476,11.464585699356137,11.50227899186626,11.41510313235069,11.092717208787851,11.375512262145563,82370.0,50780.0,65420.0,83730.0,93180.0,85000.0,10.63875987814672,10.681228606945007,10.932410298526829,11.146503169576615,10.954151822330891,48200.0,76070.0,56570.0
2022-08-03,48990.0,60000.0,68290.0,70450.0,55830.0,79560.0,10.919641718763716,75440.0,69010.0,64330.0,37680.0,81660.0,59550.0,89280.0,11.279491650032252,11.56827502159171,11.48443339356898,11.489871758639005,11.21507183719695,11.313266479778829,113110.0,47790.0,68750.0,83430.0,81400.0,58010.0,10.62037567347787,10.613762216756664,10.819798284210286,10.78727575364831,10.988017819994926,63250.0,75790.0,50000.0
2022-08-04,48990.0,54930.0,68440.0,72750.0,54450.0,84360.0,10.908356766182873,72880.0,67960.0,58030.0,60650.0,87540.0,79760.0,90910.0,11.21534119384024,11.539577132967588,11.501368944885478,11.41510313235069,11.083848784736832,11.298134434036164,90700.0,48690.0,65790.0,81220.0,90840.0,82460.0,10.642826285701982,10.65728288404746,10.901745293274272,11.134311613512741,10.886707695092223,63250.0,73170.0,61640.0
2022-08-05,48990.0,56330.0,68430.0,72750.0,54450.0,76690.0,10.86266534521266,72330.0,66070.0,58420.0,60320.0,86760.0,76740.0,90310.0,11.200144364018984,11.550327217124229,11.476997724027738,11.41510313235069,11.095908894882296,11.309964370768503,86160.0,50630.0,65580.0,76040.0,91170.0,81420.0,10.690603103986417,10.641631999026803,10.885022806270683,11.051540587350107,10.903034285460993,48200.0,71950.0,66330.0
2022-08-06,48990.0,56450.0,69930.0,72750.0,54260.0,83190.0,10.871820298437317,72880.0,68100.0,57850.0,57900.0,86900.0,75170.0,88510.0,11.231106172786824,11.545305526433143,11.479275605755273,11.368489114552627,11.092260420912195,11.27430018780531,89330.0,50040.0,64870.00000000001,79920.0,92580.0,85000.0,10.616951933858967,10.637800668461894,10.900454637442037,11.112313560992032,10.950473157915448,61600.0,72770.0,66330.0
2022-08-07,48990.0,53070.0,69740.0,73910.0,53590.0,82090.0,11.013715451376466,71250.0,67030.0,57100.0,58860.0,86200.0,78960.0,88510.0,11.185961877516771,11.525752841275015,11.441869753004392,11.433784850288431,11.080926425083522,11.320444475462835,87230.0,50040.0,63230.0,87020.0,92020.0,79840.0,10.690603103986417,10.651383301144275,10.899347033629407,11.109772681377931,10.954151822330891,54290.0,73260.0,60440.0
2022-08-08,48990.0,56580.0,63890.0,72550.0,52750.0,82240.0,11.010580445673828,72910.0,65840.0,55110.0,55410.0,85210.0,76010.0,88080.0,11.179841481730028,11.574594247343596,11.398199003228743,11.433784850288431,11.07753193632009,11.320444475462835,93530.0,47290.0,64310.0,75920.0,93960.0,75000.0,10.673155862670482,10.65728288404746,10.89416193284752,11.109173887928804,11.02306192678775,59810.0,74010.0,67080.0
2022-08-09,48990.0,54360.0,63020.0,72750.0,52940.0,81360.0,11.042137528235768,72580.0,65650.0,54300.0,55360.0,84660.0,77690.0,87420.0,11.18637781629658,11.577785809317154,11.421588381953585,11.444121861285282,11.08798697535854,11.312166987877605,92450.0,47790.0,61070.0,77040.0,94210.0,77460.0,10.653038695742612,10.680079340050707,10.90468912348068,11.124774596570653,11.005942448921688,62930.0,72610.0,69520.0
2022-08-10,48990.0,54250.0,65990.0,72750.0,50630.0,80490.0,11.000281522397453,71290.0,63540.0,52690.0,53310.0,84080.0,76500.0,89400.0,11.183184522271576,11.626441632701303,11.391559769244576,11.407464944312068,11.075985169527042,11.33225454512524,90930.0,45990.0,59400.0,90790.0,97150.0,77460.0,10.709985739582528,10.69128560469541,10.896572644989313,11.116335852861406,11.020774381469046,50400.0,71390.0,63250.0
2022-08-11,48990.0,51650.0,65530.0,72750.0,48990.0,72120.0,11.051381947842192,68120.0,63180.0,49060.0,50750.0,85720.0,78510.0,89050.0,11.216148828725508,11.603780279814268,11.393815299065942,11.41807617893805,11.042297640955464,11.300486910172458,91820.0,44740.0,58630.0,93150.0,95540.0,77460.0,10.75579427616868,10.673850371449209,10.92163065371222,11.1069252136985,10.997271537014264,52410.0,69290.0,55410.0
2022-08-12,48990.0,51530.0,61700.0,70760.0,47800.0,70420.0,11.080001797565458,67490.0,61210.0,47280.0,48530.0,84430.0,77940.0,88140.0,11.216417895469137,11.628492714250788,11.355815410510317,11.409352240045227,11.057392626952947,11.344045168342067,85820.0,47650.0,57330.0,89320.0,89250.0,71140.0,10.760261798384528,10.658223595765195,10.985818008629954,11.14837674692692,11.02875800051622,44720.0,67940.0,52410.0
2022-08-13,48990.0,52520.0,60940.0,71330.0,47840.0,69800.0,11.234282417169117,66840.0,60740.0,47240.0,45820.0,83060.0,77380.0,88240.0,11.190251591564534,11.497111074075866,11.309474240751708,11.409352240045227,11.037161275511469,11.314852503584442,86670.0,42780.0,58180.0,92050.0,91800.0,72110.0,10.756859783664108,10.680998859207012,10.99122424909553,11.114550164673927,11.112313560992032,51220.0,68260.0,60000.0
2022-08-14,48990.0,49260.0,63030.0,64569.99999999999,43240.0,68700.0,11.198091424858745,67870.0,60710.0,45830.0,45410.0,80620.0,76070.0,86720.0,11.200964361058276,11.496602974965286,11.289419347937011,11.431726255472853,11.029569083193783,11.314852503584442,81150.0,43380.0,55990.0,88420.0,93710.0,71200.0,10.748518559837908,10.717103049046909,10.998944869510936,11.149815575393443,11.094998023570968,51220.0,66940.0,54510.0
2022-08-15,48990.0,43410.0,57410.0,62810.0,42100.0,69380.0,11.146358902740426,61710.0,55380.0,41710.0,40990.0,79040.0,70590.0,86720.0,11.172137930831342,11.56048630239851,11.272521302696882,11.381802598088962,11.004779580825996,11.330455897223192,88810.0,36220.0,56390.0,83280.0,92760.0,71200.0,10.803465958917977,10.737938963793802,11.030865448691081,11.119008420561059,11.106174530541606,55180.0,66320.0,56460.0
2022-08-16,48990.0,41650.0,56650.0,64849.99999999999,35050.0,67480.0,11.08154236880574,62820.0,55870.0,41060.0,40570.0,79350.0,73930.0,82170.0,11.124332223082254,11.570071100950763,11.242310254876202,11.419394701065979,10.984122546973575,11.330455897223192,83810.0,36980.0,52390.0,83580.0,92930.0,71200.0,10.7487333087972,10.698085114131558,11.038929878454953,11.11067019979991,11.10932361990884,55180.0,64489.99999999999,62610.0
2022-08-17,48990.0,39870.0,54770.0,61790.0,35050.0,65430.00000000001,11.068839064020526,62140.0,57530.0,41920.0,41270.0,77820.0,72830.0,81350.0,11.073350162732405,11.552251941761108,11.245059091624615,11.381802598088962,10.950122102111525,11.347590810330573,90900.0,35500.0,56040.0,88170.0,95210.0,71200.0,10.803465958917977,10.692422071769268,11.043417712757153,11.109922323732983,11.119304932104942,55180.0,63960.0,58280.0
2022-08-18,48990.0,39080.0,59890.0,60200.0,34860.0,64670.0,11.151682962743726,62100.0,54920.0,41050.0,40610.0,78270.0,70270.0,80490.0,11.043417712757153,11.552251941761108,11.220177247918267,11.381802598088962,10.957468517058643,11.362695422722654,89160.0,35970.0,54290.0,89280.0,96470.0,69820.0,10.76470945058247,10.698310970126737,11.080772379855539,11.11826675682705,11.162956556656031,49970.0,63090.0,69280.0
2022-08-19,48990.0,39210.0,56020.0,60630.0,34600.0,65700.0,11.108874356692946,64810.0,54160.0,40440.0,41120.0,78010.0,67190.0,79610.0,11.08798697535854,11.47896529088663,11.244405291716395,11.319838164964791,10.949770923024142,11.36952842362119,88420.0,33960.0,50520.0,88700.0,95530.0,73890.0,10.776265172078537,10.68786843351892,11.0184815912866,11.067122620070105,11.196171538365103,52610.0,62780.0,67820.0
2022-08-20,48990.0,38390.0,55440.0,62520.0,35690.0,67730.0,11.113954225978379,60780.0,55510.0,40880.0,39860.0,76160.0,67190.0,81340.0,11.117078949527887,11.47896529088663,11.199460519143054,11.304682841344873,10.964242198647996,11.344400298797051,90180.0,35790.0,53040.0,86320.0,97210.0,70000.0,10.780018225836406,10.707527418047702,11.074280958164245,11.075985169527042,11.205326358678088,51920.0,61360.0,54290.0
2022-08-21,48990.0,35120.0,58560.0,60800.0,37000.0,67730.0,11.027946259449502,61080.0,54340.0,40380.0,39720.0,75070.0,67490.0,80290.0,11.11529458897058,11.455306945297822,11.213589077374968,11.313388570956672,10.946604749159656,11.404348671520518,87680.0,34510.0,49540.0,94290.0,95040.0,67450.0,10.777934935151471,10.706855916545166,11.104220112937112,11.07195234310307,11.194797930643734,52610.0,61670.0,67820.0
2022-08-22,48990.0,34240.0,49190.0,56400.0,31730.0,63740.0,11.026158106297308,62430.0,52290.0,37950.0,37490.0,73880.0,67080.0,80500.0,11.117524542619655,11.42049214303914,11.205326358678088,11.283021614237802,10.974917047351173,11.380661839817389,90260.0,30260.0,49840.0,98860.0,94900.0,70000.0,10.799800041694619,10.705959879210065,11.132265158280985,11.07055256683868,11.134019519047316,52610.0,62050.0,60300.0
2022-08-23,48990.0,33780.0,52380.0,57190.0,30770.0,63320.0,11.035550735793711,57020.0,51040.0,37220.0,36090.0,72400.0,69770.0,79880.0,11.137519034145258,11.37321502126899,11.196034262467789,11.280627640864537,10.956945559197127,11.295776410703686,90730.0,30110.0,49390.0,101638.75,95120.0,62050.0,10.799800041694619,10.708198468938539,11.137082263908574,11.043577620650547,11.125364123639649,52610.0,59610.0,58480.0
2022-08-24,48990.0,32120.0,48600.0,57190.0,30590.0,59000.0,11.045813650395022,57020.0,50920.0,35840.0,35710.0,70570.0,65890.0,78140.0,11.149527975270669,11.400887146781372,11.130361121148248,11.289419347937011,10.92990542165575,11.374823643830943,92250.0,29980.0,48300.0,96710.0,94720.0,62050.0,10.789133492695576,10.69740723991905,11.117524542619655,11.016840659525736,11.100752912165108,51920.0,60230.0,58480.0
2022-08-25,48990.0,32670.0,50160.0,57190.0,30590.0,56850.0,11.021755398862679,57020.0,48470.0,35690.0,35220.0,69510.0,64810.0,77960.0,11.213723964609445,11.37929120991269,11.105573578013793,11.274807860012277,10.92775337907558,11.354761743652508,95870.0,29980.0,47970.0,85320.0,93720.0,62050.0,10.775220152546073,10.690603103986417,11.124037198666844,11.03957223206057,11.10482187913902,53600.0,55390.0,58480.0
2022-08-26,48990.0,32680.0,50760.0,58250.0,29480.0,59000.0,11.013715451376466,56250.0,48050.0,34750.0,35160.0,68090.0,57760.0,77570.0,11.208042976531692,11.391333936201985,11.14158638334139,11.237053379277805,10.930442709440007,11.354761743652508,91990.0,29980.0,50410.0,101638.75,89460.0,62050.0,10.76004951120163,10.681687944129537,11.146503169576615,11.045015642181069,11.121673864676632,60000.0,58230.0,53670.0
2022-08-27,48990.0,33100.0,48080.0,60810.0,29480.0,62400.0,11.033291613631048,52320.0,47920.0,34670.0,34670.0,69730.0,64760.00000000001,76200.0,11.226322809738011,11.391333936201985,11.182767252876404,11.237053379277805,10.946604749159656,11.33715440673783,94990.0,30920.0,45990.0,95780.0,87320.0,64230.00000000001,10.728123415808568,10.674313109478335,11.1584053405965,11.033453148862232,11.119304932104942,55900.0,56030.0,61480.0
2022-08-28,48990.0,34210.0,50030.0,57050.0,30910.0,54350.0,10.96648993456911,53960.0,49490.0,35150.0,34780.0,66760.0,65550.0,76200.0,11.194385480131949,11.391333936201985,11.175927089962485,11.261009427187181,10.923795898779666,11.297266335365645,94070.0,30070.0,45000.0,95780.0,87890.0,62050.0,10.727684925086583,10.673387419194464,11.172559658233004,11.0184815912866,11.088598586820854,52410.0,56250.0,61480.0
2022-08-29,48990.0,35840.0,51950.0,57480.0,34240.0,55220.0,10.922172404664506,52450.0,48090.0,36820.0,36660.0,68260.0,68050.0,75130.0,11.121230117072985,11.392011282385635,11.20151065243636,11.193835281358767,10.959557617938563,11.326005351001017,95790.0,30880.0,44170.0,94630.0,86930.0,59160.0,10.727684925086583,10.655163041535141,11.162956556656031,11.002782941171654,11.053283962966008,52410.0,55430.0,56120.0
2022-08-30,48990.0,37410.0,52910.0,62740.0,36500.0,56930.0,10.986326087088196,53350.0,46070.0,38480.0,37310.0,68290.0,61540.0,73020.0,11.120638147127769,11.366985980814485,11.18207141673165,11.193835281358767,10.9207270827385,11.327210155908142,92630.0,32270.000000000004,47090.0,84110.0,83350.0,72460.0,10.734242182303689,10.661743404167277,11.13824656087758,11.007103966325694,11.048522124790782,52410.0,55670.0,54770.0
2022-08-31,48990.0,39340.0,51720.0,57370.0,36500.0,56930.0,10.99643381957761,56460.0,49700.0,41450.0,39090.0,71640.0,64650.00000000001,76340.0,11.047089140435771,11.354878872588175,11.195896967723217,11.164941218710066,10.955549666384401,11.33225454512524,96140.0,34480.0,46350.0,90120.0,79190.0,72460.0,10.734242182303689,10.654455427579773,11.092412706722497,10.976286183811219,11.033291613631048,52640.0,57750.0,61640.0
2022-09-01,48990.0,39340.0,54180.0,57370.0,36980.0,62070.0,10.994924157455142,60140.0,50650.0,41860.0,40170.0,72990.0,67060.0,75780.0,11.06868314534739,11.336080882134516,11.19204504181486,11.23533892735046,10.943074980753622,11.332853376224865,92700.0,38180.0,45860.0,90990.0,79950.0,72460.0,10.744213867540292,10.63804055715469,11.059912670497305,10.952401765007385,11.048363005673876,61260.0,58060.0,54240.0
2022-09-02,48990.0,40610.0,52100.0,62040.0,41800.0,57760.0,10.947309210188068,59850.0,51190.0,43480.0,40740.0,73710.0,66010.0,77000.0,11.103467395592084,11.33381076072374,11.237712001989848,11.243096408137953,10.896202144253335,11.522885696764481,93140.0,39940.0,43960.0,92840.0,78790.0,50320.0,10.744213867540292,10.636840537810377,11.02404070372108,10.980041672085022,11.043417712757153,55700.0,56090.0,58310.0
2022-09-03,48990.0,42780.0,53950.0,64470.0,42930.0,59920.0,10.938467575959383,59740.0,52000.0,42650.0,41870.0,74520.0,68250.0,78830.0,11.071641450995672,11.326487447164432,11.221650278341562,11.213723964609445,10.894347578710008,11.36281162612522,93400.0,40570.0,44950.0,87470.0,79480.0,64810.0,10.791193607554506,10.613270586747499,11.048522124790782,10.985140168879203,11.037804765825014,52410.0,55890.0,55400.0
2022-09-04,48990.0,42180.0,54600.0,68490.0,43160.0,59450.0,10.86915875050772,61680.0,52100.0,44050.0,41950.0,76100.0,62320.0,79530.0,11.094998023570968,11.326487447164432,11.2511840065188,11.245973693967036,10.899531719479302,11.36281162612522,94440.0,40570.0,46010.0,88780.0,79030.0,67080.0,10.75877484084995,10.625975064872742,11.054391803423693,11.001949829953112,11.006938117844486,61730.0,58560.0,60000.0
2022-09-05,48990.0,44710.0,58010.0,67270.0,44890.0,61310.0,10.91492481446108,65820.0,54940.0,47760.0,46650.0,78040.0,68100.0,81160.0,11.11350703877837,11.33810768429718,11.267932443004478,11.325884790636296,10.954151822330891,11.35546431156703,92000.0,40890.0,44900.0,87880.0,77830.0,63870.0,10.746798905924305,10.634195415313956,11.098636541252267,10.984292222554272,10.984801076625908,62140.0,64790.00000000001,47620.0
2022-09-06,48990.0,46540.0,61410.0,67180.0,47940.0,63940.0,10.961642363572961,63540.0,57130.0,49350.0,48780.0,78890.0,70030.0,82610.0,11.113954225978379,11.338583982516495,11.278986350694812,11.325884790636296,10.98598739680029,11.373789826425874,90070.0,41760.0,43640.0,95090.0,77360.0,64810.0,10.766398604507042,10.642587542445344,11.09651568181252,10.97697004973177,11.004945787654156,63250.0,68920.0,60000.0
2022-09-07,48990.0,47420.0,60390.0,63960.0,47940.0,64810.0,11.010415172807951,66470.0,57920.0,50950.0,51430.0,78890.0,73770.0,84580.0,11.135333272776107,11.343808344620697,11.336438851734787,11.34072452156025,11.037965573724245,11.373789826425874,92150.0,43010.0,41770.0,94730.0,78110.0,64810.0,10.811766273800105,10.65845863548799,11.08246557362274,10.96146880067333,11.021918808236205,65730.0,70830.0,61640.0
2022-09-08,48990.0,48780.0,60360.0,67100.0,47090.0,62950.0,11.032968464866704,65150.00000000001,58540.0,50800.0,51870.0,80460.0,74900.0,84250.0,11.199323694032696,11.292914501973813,11.374019656008251,11.34072452156025,11.03909050554345,11.35112392514576,87220.0,42580.0,41070.0,92020.0,77350.0,63870.0,10.811766273800105,10.67777683621291,11.092108111907391,10.985140168879203,11.027296391837151,63250.0,71710.0,50200.0
2022-09-09,48990.0,46710.0,58010.0,67100.0,47550.0,65620.0,11.000448478455008,66470.0,58090.0,49240.0,50980.0,80810.0,75680.0,83870.0,11.172981207855637,11.251313917140475,11.376315051307444,11.341318303493475,11.009422961584018,11.298010466069327,88250.0,45550.0,42460.0,92020.0,78260.0,64810.0,10.842146245872229,10.679389145388422,11.082926856612652,10.96025301616898,11.003781759319981,56460.0,69500.0,50130.0
2022-09-10,48990.0,47800.0,59410.0,66330.0,47720.0,65690.0,10.997104049659168,65770.0,59100.0,49240.0,49670.0,80190.0,71130.0,84410.0,11.185961877516771,11.267037714175425,11.291542862275499,11.349829898661163,11.015854806436574,11.344991902770953,87950.0,44670.0,42230.0,86560.0,77840.0,60000.0,10.846050137149112,10.703266939811954,11.090125980925743,10.919279668833076,11.021591962782166,62140.0,68360.0,58480.0
2022-09-11,48990.0,47460.0,57260.0,64769.99999999999,47840.0,63940.0,10.953452166882645,65069.99999999999,59290.0,49830.0,50830.0,81900.0,71810.0,84410.0,11.190941760821426,11.2818883412244,11.326125896832687,11.351241480926113,11.005444242454628,11.358736451074895,84600.0,46060.0,42220.0,89040.0,80010.0,62450.0,10.917830156883532,10.683981470512775,11.086762629082946,10.962683108840446,11.017989594425455,56460.0,67010.0,54540.0
2022-09-12,48990.0,48200.0,58270.0,63420.0,46730.0,62320.0,10.942367529494035,64830.0,59150.0,51820.0,50810.0,82760.0,74340.0,84410.0,11.16960382464777,11.268060196083502,11.288543647320601,11.314364764125187,10.979018845927424,11.369412998162822,90030.0,48560.0,42170.0,83860.0,86960.0,63870.0,10.883147372026944,10.669211175914377,11.10331678410918,10.926675618557397,11.035873051311158,61620.0,67540.0,63250.0
2022-09-13,48990.0,49660.0,62080.0,65860.0,48640.0,63150.0,10.91710461223978,66170.0,58470.0,52610.0,50540.0,83070.0,71730.0,82980.0,11.167063280451984,11.257788023994173,11.237448604956809,11.329975710901676,11.004280794528954,11.372294645230435,86230.0,45790.0,42290.0,81080.0,81940.0,62450.0,10.886520625352079,10.662211777281856,11.082926856612652,10.926675618557397,11.021428499985934,62400.0,68480.0,52000.0
2022-09-14,48990.0,49380.0,64620.00000000001,65480.00000000001,50400.0,66500.0,10.86572631831299,63620.0,58360.0,52940.0,52340.0,84140.0,69460.0,81620.0,11.138101097868566,11.281006017883909,11.247800392978396,11.339773736496767,10.983443556606126,11.375856393561273,90000.0,49240.0,42980.0,88040.0,80360.0,62450.0,10.945723474426929,10.668048006379241,11.078458849302987,10.905240128159793,11.023877640745798,67530.0,68660.0,64500.0
2022-09-15,48990.0,49380.0,64129.99999999999,62400.0,49840.0,67330.0,10.978507040265917,61510.0,58910.0,54630.0,52470.0,86030.0,69940.0,82220.0,11.140571095927864,11.252352594997065,11.252352594997065,11.354410274507881,10.972173137962084,11.320201995375324,89580.0,49040.0,43910.0,86240.0,78260.0,58480.0,10.934908916663861,10.665484260976488,11.091803424286017,10.929367845038138,10.996601419215988,73223.75,69170.0,66720.0
2022-09-16,48990.0,50110.0,63390.0,61790.0,55060.0,67330.0,10.93828994344506,60940.0,60300.0,56900.0,55350.0,85600.0,69050.0,81810.0,11.161820693064698,11.260237236314717,11.282014323889351,11.415984956902713,10.927573832967658,11.329254998806961,86140.0,48340.0,43300.0,86050.0,78620.0,63870.0,10.97423177552843,10.654455427579773,11.088904252333467,10.916741642416735,11.034905792929415,57690.0,69180.0,78355.0
2022-09-17,48990.0,58370.0,63560.0,61980.0,55250.0,68950.0,10.93133754807084,62980.0,62140.0,59560.0,56780.0,86410.0,69890.0,81200.0,11.126983533350797,11.25520340876127,11.288418484608913,11.415433907691098,10.930442709440007,11.309351670702771,89340.0,53700.0,42760.0,88570.0,78250.0,60000.0,10.945017895028798,10.645924772307156,11.094390314766315,10.951525586491304,10.99525983493937,58260.0,70070.0,69100.0
2022-09-18,48990.0,60090.0,67380.0,64720.0,57770.0,69930.0,10.903953977980661,64030.0,62870.0,59610.0,58340.0,86160.0,69730.0,81840.0,11.171153208021556,11.226589153242802,11.266014185727938,11.369989992270412,10.95903575173321,11.291168451967353,91410.0,53010.0,44480.0,99090.0,78370.0,60000.0,10.929009300010005,10.650436129564383,11.09286942505702,10.949770923024142,10.985140168879203,60000.0,68830.0,69280.0
2022-09-19,48990.0,61020.0,66200.0,61310.0,55700.0,71510.0,10.86266534521266,67940.0,64590.0,61790.0,61020.0,87300.0,68930.0,83440.0,11.176627213212772,11.230310532851465,11.293537353157436,11.4222455489305,10.934552353218534,11.266270166070045,86980.0,56270.0,44920.0,84290.0,78120.0,62450.0,10.9218112699754,10.629368102712709,11.075365792291032,10.945370746958147,10.988862614422217,66330.0,68140.0,58280.0
2022-09-20,48990.0,59400.0,71890.0,61330.0,60810.0,75700.0,10.887642519226413,65860.0,66560.0,61440.0,63390.0,88480.0,72540.0,83390.0,11.123299256606082,11.244928365834845,11.304805984955106,11.435623165612135,10.966835292103926,11.36640725030155,86620.0,58920.0,45740.0,88280.0,77840.0,60000.0,10.864005673985291,10.620131509007471,11.075365792291032,10.963895944251435,10.977994972525236,57690.0,68470.0,58480.0
2022-09-21,48990.0,59020.0,69220.0,58490.0,60810.0,76520.0,10.913468971726102,67080.0,66620.0,60730.0,61070.0,87390.0,70740.0,83950.0,11.11796993724665,11.176487227771029,11.331775221920415,11.435623165612135,10.921991853622236,11.259593288117413,86690.0,60070.0,44770.0,89000.0,75100.0,61400.0,10.852651974684042,10.632508505332279,11.084616409436771,10.95292710386302,10.969421678813655,56040.0,68580.0,40000.0
2022-09-22,48990.0,58760.0,63940.0,60120.0,59270.0,76470.0,10.903034285460993,66180.0,65660.0,58790.0,58470.0,87450.0,69700.0,83620.0,11.053283962966008,11.151539441301377,11.268698716780495,11.427487395138115,10.932052842892203,11.283902161743626,87410.0,55100.0,43940.0,90320.0,79320.0,61620.0,10.852651974684042,10.600651654454007,11.036678385890651,10.960600534026208,10.98055269311614,60000.0,66510.0,63640.0
2022-09-23,48990.0,60440.0,64220.0,64080.0,53700.0,73080.0,10.861515060390364,62460.0,64349.99999999999,56250.0,57720.0,87360.0,70120.0,83640.0,11.119304932104942,11.14404779830432,11.28578644238053,11.393139174137378,10.935087150721296,11.302093316370167,87410.0,53890.0,45180.0,77960.0,80790.0,62450.0,10.849356503939038,10.608835006177392,11.015197030681492,10.950122102111525,10.990044128923502,60660.0,65110.0,40000.0
2022-09-24,48990.0,57820.0,65530.0,60200.0,55270.0,72240.0,10.966144457721258,63640.0,62510.0,55770.0,55730.0,87080.0,70190.0,82920.0,11.12815964086497,11.131093872221541,11.29788648273253,11.368489114552627,10.9218112699754,11.270102028826674,87410.0,53900.0,44840.0,89850.0,79830.0,62450.0,10.828559615417621,10.614253605184526,10.997773830833216,10.966835292103926,11.034583165448433,57890.0,64129.99999999999,56570.0
2022-09-25,48990.0,56850.0,64860.0,58310.0,55270.0,72540.0,10.896202144253335,59990.0,63020.0,55610.0,55570.0,86850.0,70710.0,82940.0,11.109173887928804,11.26473330020486,11.26550202838201,11.365828184665654,10.946780910947098,11.26345077190963,84800.0,53080.0,46580.0,89120.0,80290.0,62450.0,10.824387644967182,10.61130164613947,11.000448478455008,10.951174900018946,11.02566987271667,57690.0,62030.0,56570.0
2022-09-26,48990.0,53860.0,67660.0,55330.0,50630.0,72110.0,10.890255387214118,57450.0,62700.0,54550.0,55380.0,86320.0,66140.0,83510.0,11.074746031189092,11.118563488331727,11.285911934938985,11.382486428935865,10.92990542165575,11.289544385448426,94840.0,47720.0,44680.0,87150.0,82210.0,61400.0,10.840188570181905,10.619154254525943,10.988355823411979,10.93562166236856,10.970626373827352,43800.0,61620.0,45790.0
2022-09-27,48990.0,53890.0,65140.0,55250.0,50630.0,73080.0,10.928650626381225,54970.0,61950.0,53680.0,54330.0,85050.0,66940.0,83100.0,11.074125885745115,11.120490099870814,11.272902758846767,11.37068194602938,10.9129224838081,11.266014185727938,98540.0,47710.0,45030.0,87330.0,81220.0,62450.0,10.769347775610917,10.62037567347787,10.994084470441106,10.978336380152184,10.969766025505303,51220.0,63470.0,52920.0
2022-09-28,48990.0,55490.0,62150.0,54570.0,48820.0,75410.0,10.91328684226798,54670.0,61430.0,54570.0,53680.0,83300.0,67480.0,83480.0,11.052174893836543,11.04899933028452,11.242048066387396,11.30517532482585,10.933303378999149,11.264989608596517,91390.0,48960.0,46740.0,83450.0,82210.0,61400.0,10.83014437040946,10.619887284906223,11.032968464866704,10.955375042698002,11.023388292222021,49590.0,63150.0,44320.0
2022-09-29,48990.0,54180.0,64819.99999999999,53440.0,52940.0,75280.0,10.909454441052057,58210.0,60520.0,54560.0,54340.0,83120.0,67750.0,83870.0,11.038608546854045,11.112612064001667,11.277215789596891,11.322503185742365,10.910550912352129,11.331055806055044,92310.0,49620.0,45880.0,88220.0,80190.0,62450.0,10.834095305005075,10.623057555327177,10.998443163700694,11.021918808236205,10.968904936346597,48660.0,62610.0,55140.0
2022-09-30,48990.0,54580.0,62810.0,54190.0,48670.0,76980.0,10.87409600061987,56960.0,60600.0,54840.0,53890.0,81710.0,69440.0,83220.0,11.085843384637096,11.093630159049829,11.278986350694812,11.307019980767294,10.91091613578162,11.311922492087826,96210.0,50740.0,46780.0,87150.0,79660.0,62450.0,10.79673481124167,10.602393121706738,10.951174900018946,11.002949480158815,11.01913721078854,47620.0,58290.0,53670.0
2022-10-01,48990.0,53380.0,59930.0,54230.0,51180.0,76160.0,10.939177790651616,58500.0,60010.0,54860.0,55210.0,82470.0,68810.0,85120.0,11.030217476012854,11.122265222006739,11.273792257736359,11.296149100034178,10.908173703172075,11.31995945647696,91100.0,50740.0,47640.0,91970.0,80450.0,67450.0,10.75579427616868,10.594407254105722,10.961642363572961,11.010745691229099,11.02632079786699,47620.0,61090.0,45830.0
2022-10-02,48990.0,53470.0,61570.0,53840.0,52750.0,74500.0,10.918736348043124,60150.0,59920.0,54590.0,55190.0,81590.0,66980.0,84360.0,11.149527975270669,11.197817380927788,11.277089200908687,11.279365349132823,10.896943008505332,11.313388570956672,87720.0,47780.0,47730.0,89340.0,81400.0,63870.0,10.808333036725541,10.591647316585027,10.967870649653577,11.030703494879953,11.000949179446842,48800.0,61450.0,51580.0
2022-10-03,48990.0,52130.0,63440.0,55480.0,51060.0,74420.0,10.95135025862775,58280.0,60120.0,55450.0,53910.0,81730.0,67550.0,83940.0,11.112014968851744,11.158690399249249,11.283650655850774,11.308983870389673,10.892117550468008,11.304805984955106,90760.0,47530.0,49190.0,84520.0,81570.0,65000.0,10.800615852145526,10.581292642796804,10.982424205844241,11.008098480007638,11.001783124388094,45790.0,59600.0,49380.0
2022-10-04,48990.0,51470.0,60240.0,55750.0,51060.0,71890.0,10.928829979276463,59110.0,59470.0,53710.0,53700.0,78550.0,64930.00000000001,84150.0,11.123889653812942,11.22191786908987,11.249233319258543,11.282769886756641,10.91237569707775,11.324074638813377,88850.0,47530.0,48930.0,84550.0,82540.0,50990.0,10.816593217465508,10.579768290986172,11.021265010465248,11.028433383156079,11.010249872622438,48200.0,57480.0,48400.0
2022-10-05,48990.0,50860.0,58900.0,53500.0,51260.0,69520.0,11.008926486546514,59110.0,59110.0,52370.0,52590.0,78350.0,67000.0,81550.0,11.11126809820489,11.225923161423204,11.304929113402858,11.271248730274856,10.881080323786447,11.346292200840589,93630.0,47540.0,47330.0,70490.0,83110.0,62450.0,10.802041920919985,10.582307587950027,10.999112048861333,10.968560292962923,11.022898704119024,48200.0,57330.0,47950.0
2022-10-06,48990.0,46720.0,57780.0,54250.0,48270.0,70150.0,11.00909200561469,56590.0,59160.0,52260.0,49850.0,79130.0,64739.99999999999,83060.0,11.10316614993904,11.228318659035375,11.267293432681889,11.239422393691717,10.849938847305134,11.205734322130223,95220.0,42160.0,45180.0,91770.0,83440.0,51380.0,10.742702836729976,10.56645899058601,11.022408876202102,10.997104049659168,11.017497355384242,48200.0,57610.0,47830.0
2022-10-07,48990.0,46940.0,55530.0,56080.0,48080.0,66860.0,10.978336380152184,56740.0,58540.0,49840.0,45000.0,77790.0,63050.0,82440.0,11.081388418439035,11.23150375548926,11.275061599499308,11.269336830028958,10.847607436328959,11.32781201446548,86920.0,42860.0,44440.0,84500.0,85090.0,40000.0,10.676161923297924,10.562327926902078,11.027946259449502,10.96648993456911,11.00128284088368,48200.0,57800.0,56570.0
2022-10-08,48990.0,44870.0,57960.0,56980.0,47850.0,65030.0,11.019956131169735,56210.0,58380.0,48530.0,44140.0,76640.0,66840.0,81040.0,11.012561592414833,11.19190719823953,11.298877919281251,11.228318659035375,10.832714252818556,11.316070812478937,85110.0,41670.0,45850.0,87800.0,85210.0,60000.0,10.661743404167277,10.549307248688857,11.059598012135023,11.022735454804309,10.979700846260759,48200.0,58550.0,40000.0
2022-10-09,48990.0,44080.0,57830.0,59280.0,46810.0,66430.0,11.006108462601595,56780.0,57720.0,49050.0,44170.0,75890.0,67500.0,80790.0,11.026646101622237,11.20328404116402,11.269081633590115,11.236130578115505,10.818397331333351,11.347118783793917,99090.0,41670.0,45970.0,82390.0,85670.0,62450.0,10.71843192346452,10.532656055217016,11.013221103411352,11.031674824544641,11.010084545108256,48200.0,58920.0,56570.0
2022-10-10,48990.0,41440.0,57690.0,59110.0,45610.0,65690.0,11.018153620276298,56570.0,58440.0,47440.0,42610.0,73070.0,64330.0,80160.0,10.994252464259327,11.247930743883217,11.26242356364273,11.233753743203247,10.849938847305134,11.357919419421993,96450.0,39520.0,46220.0,81060.0,86200.0,65000.0,10.783135046711445,10.491857380698827,11.03925110683503,10.998275872479747,11.020447161688963,48200.0,61350.0,43660.0
2022-10-11,48990.0,41130.0,57280.0,58600.0,46160.0,63290.0,10.997271537014264,60210.0,58500.0,48680.0,42240.0,71730.0,64519.99999999999,79360.0,10.985648591762406,11.249363483526032,11.26550202838201,11.248972939884327,10.841363635435306,11.274173229472865,88390.0,38660.0,45420.0,79230.0,83610.0,62450.0,10.759624801590439,10.441762960010218,11.071019376668835,10.987172311286546,11.029569083193783,48200.0,59270.0,38250.0
2022-10-12,48990.0,41360.0,56770.0,57880.0,45090.0,63380.0,10.97697004973177,60770.0,56760.0,46960.0,40950.0,71640.0,66380.0,79360.0,10.89193149010949,11.246756973598734,11.24714838346204,11.23150375548926,10.828361344340756,11.265245851311018,87100.0,38220.0,45350.0,78830.0,81850.0,62450.0,10.747659102532259,10.419629022124354,11.059598012135023,10.92018454800297,11.032160135800446,48200.0,61520.0,45400.0
2022-10-13,48990.0,41670.0,57850.0,59150.0,42700.0,64300.0,10.934730650833384,60770.0,57140.0,47580.0,41260.0,71190.0,65379.99999999999,79080.0,10.96025301616898,11.272902758846767,11.258175140753421,11.220043228404824,10.796530128090472,11.294035354935634,91600.0,37890.0,45200.0,76560.0,81950.0,62450.0,10.725489582719506,10.42972382000155,10.981914140544825,10.924516606545858,11.027783832135368,45790.0,57890.0,44440.0
2022-10-14,48990.0,39540.0,54180.0,58040.0,42530.0,64300.0,10.911463720944793,59280.0,56320.0,45630.0,40370.0,71390.0,66400.0,79770.0,10.95222659070851,11.284907553239757,11.21709024576206,11.240473490213446,10.763440710059992,11.30615956476456,90810.0,36810.0,46100.0,77450.0,83660.0,62450.0,10.721525780211834,10.404293143019792,11.02745889833777,10.921450004820914,11.007435580793757,48200.0,58340.0,40280.0
2022-10-15,48990.0,38750.0,52060.0,56840.0,42980.0,67260.0,10.934017269554355,57800.0,57110.0,45660.0,39320.0,72940.0,66410.0,79030.0,10.93544352356233,11.272902758846767,11.246365410473755,11.240473490213446,10.783342489769069,11.313388570956672,87900.0,37250.0,45630.0,77450.0,82540.0,62450.0,10.63875987814672,10.373522431293592,10.952401765007385,10.932410298526829,10.987848775434378,45790.0,60960.0,54080.0
2022-10-16,48990.0,39380.0,52990.0,55280.0,40320.0,66340.0,10.920365425621666,56370.0,57420.0,44270.0,37940.0,70410.0,67770.0,78610.0,10.942544439235146,11.26178102224096,11.248451977655328,11.240473490213446,10.764920750925564,11.334528198068428,101130.0,36760.0,45810.0,83440.0,84950.0,62450.0,10.702817410686135,10.372897255442528,10.936511880708872,10.905056493665374,10.947837230476315,43050.0,57380.0,51960.0
2022-10-17,48990.0,37260.0,52690.0,52780.0,38510.0,59770.0,10.78975197290331,54270.0,53050.0,42470.0,36700.0,68860.0,67500.0,78610.0,10.79283864915433,11.255720866502989,11.2223191210012,11.211293206231721,10.737938963793802,11.334528198068428,93430.0,35600.0,45580.0,75680.0,83530.0,55000.0,10.724390101563799,10.363472411086743,10.962162871600537,10.943605240947042,10.954501466571443,43050.0,55070.0,38910.0
2022-10-18,48990.0,36790.0,51430.0,53030.0,35800.0,62510.0,10.729875458480967,51080.0,52420.0,41050.0,35850.0,68640.0,65450.0,77940.0,10.813780332606648,11.259206720063737,11.14837674692692,11.224322969058706,10.745507222034997,11.340962076644454,86410.0,34780.0,44700.0,77220.0,82790.0,57450.0,10.725709333961985,10.340160587768485,10.956247856355338,10.937579097686422,10.945547126244621,33760.0,54770.0,41890.0
2022-10-19,48990.0,36140.0,50510.0,51740.0,36920.0,59920.0,10.66874607044333,51220.0,51860.0,40410.0,35460.0,68240.0,65220.0,78010.0,10.822793733370741,11.244274480424577,11.227919807721856,11.213454171943471,10.668513436561481,11.248191394729853,92160.0,33250.0,44430.0,79420.0,81470.0,55000.0,10.64830170765649,10.32551474894327,11.016676418156251,10.937579097686422,10.879951039444416,43050.0,53530.0,51960.0
2022-10-20,48990.0,37350.0,47950.0,49880.0,35820.0,60790.0,10.739023656715148,50470.0,50870.0,40600.0,35660.0,68760.0,65610.0,76300.0,10.856707913495192,11.232166042257138,11.151826463590627,11.226988535536837,10.646876224532782,11.324557666439873,88400.0,33370.0,43710.0,73290.0,81720.0,52440.0,10.653274957143323,10.270592910089658,10.915106645867501,10.90285024541336,10.871820298437317,45830.0,52330.0,51960.0
2022-10-21,48990.0,35630.0,46880.0,51540.0,32070.0,55670.0,10.667815210028436,48390.0,49470.0,39220.0,35290.0,68510.0,65209.99999999999,76500.0,10.742270693943276,11.245973693967036,11.162388786133617,11.230841029806918,10.55087871125787,11.298877919281251,82830.0,32580.0,42740.0,77590.0,78540.0,55000.0,10.63923913817842,10.289803819583309,10.90853979568774,10.867634679419623,10.891000668685518,46540.0,51100.0,38090.0
2022-10-22,48990.0,33440.0,47740.0,50230.0,33330.0,57110.0,10.68878082152957,51610.0,48330.0,39160.0,34130.0,68570.0,63440.0,75030.0,10.831133568448417,11.249363483526032,11.167769634845211,11.220177247918267,10.578750763997512,11.244405291716395,84100.0,29890.0,43770.0,79260.0,78200.0,46900.0,10.519240598188375,10.278871388605838,10.916196940536755,10.839208293273227,10.86725329843447,43050.0,50590.0,51960.0
2022-10-23,48990.0,33360.0,48840.0,51040.0,32460.0,58200.0,10.666417292697274,51000.0,47950.0,38540.0,33550.0,67920.0,63260.0,74360.0,10.844100096555348,11.220713146431915,11.132996516006004,11.220177247918267,10.624031004577832,11.265245851311018,85720.0,29650.0,43390.0,76630.0,81280.0,43870.0,10.519240598188375,10.233186904869912,10.916196940536755,10.855164733080539,10.805902458874634,39790.0,48020.0,51960.0
2022-10-24,48990.0,34260.0,45200.0,47570.0,33800.0,54530.0,10.69559732562212,53900.0,48170.0,37330.0,34340.0,68950.0,62690.0,72830.0,10.930263645585358,11.220713146431915,11.140280824376791,11.204782148381804,10.603635172740818,11.311555636282499,91760.0,29860.0,41930.0,76830.0,80060.0,50000.0,10.44117903543668,10.252417581902414,10.923615640649537,10.820997540815013,10.831133568448417,36440.0,51070.0,43270.0
2022-10-25,48990.0,33970.0,42720.0,45510.0,33450.0,54530.0,10.61130164613947,51850.0,47400.0,36670.0,32680.0,65160.0,61660.0,73610.0,10.845270577171219,11.198776206303275,11.1154434073529,11.178025990909331,10.599904381963695,11.271885218915926,91580.0,29670.0,41620.0,80890.0,80350.0,44720.0,10.475906740307124,10.265731958189729,10.9129224838081,10.862856930775358,10.789339695269716,38890.0,51110.0,45000.0
2022-10-26,48990.0,32890.0,44140.0,44520.0,33630.0,49930.0,10.593404521575788,49290.0,44500.0,36940.0,33400.0,64410.0,59600.0,73190.0,10.953102155503702,11.198776206303275,11.104370588439984,11.11796993724665,10.501801939324901,11.329855628284692,84280.0,29850.0,42390.0,75020.0,79830.0,43820.0,10.460843646427817,10.206956848388238,10.883147372026944,10.764286715905591,10.781681739143439,38420.0,48880.0,43270.0
2022-10-27,48990.0,31820.0,43630.0,44580.0,33450.0,53170.0,10.579259656911983,48030.0,44150.0,36800.0,32880.0,64370.00000000001,60190.0,73270.0,10.924516606545858,11.187347667846776,11.112462823634855,11.149096419938578,10.498498062527567,11.271885218915926,75720.0,27370.0,41590.0,77800.0,79990.0,43820.0,10.460843646427817,10.198430699466112,10.891559265504869,10.79693945250625,10.747659102532259,38420.0,48070.0,42280.0
2022-10-28,48990.0,31580.0,43440.0,45960.0,33450.0,51630.0,10.586104484122892,46360.0,45420.0,35840.0,31300.0,62670.0,59340.0,73830.0,10.886146380853784,11.187347667846776,11.11350703877837,11.100299781021203,10.49684202174171,11.256884168342939,83160.0,26430.0,43040.0,81700.0,82280.0,44810.0,10.464274083455889,10.147648679072807,10.857863738015615,10.763229096719098,10.72680736639838,38420.0,46410.0,51960.0
2022-10-29,48990.0,32220.0,42360.0,43370.0,33450.0,52060.0,10.555057244929015,45380.0,44590.0,35140.0,31450.0,61760.0,57750.0,72540.0,10.888576470280553,11.16833435934526,11.082926856612652,11.09469421533239,10.517347989609593,11.214263331675284,76790.0,26330.0,42440.0,84120.0,81110.0,45000.0,10.442054794483777,10.096213132628804,10.849744770527753,10.765132006630253,10.66361558182207,36490.0,47320.0,51960.0
2022-10-30,48990.0,32700.000000000004,42570.0,43550.0,31910.0,50810.0,10.482653835144635,45460.0,45650.0,34390.0,30400.0,61090.0,57090.0,70030.0,10.927035001141991,11.17970194554807,11.062112511110408,11.075520672568887,10.532656055217016,11.22191786908987,90730.0,26790.0,41360.0,80550.0,82230.0,47620.0,10.431494724510877,10.132652936168832,10.845075592184445,10.81317654077572,10.66874607044333,36940.0,47760.0,51960.0
2022-10-31,48990.0,31760.0,43070.0,44470.0,32320.0,50810.0,10.490190296875209,45940.0,43130.0,32930.0,27610.0,58390.0,54090.0,69080.0,10.879951039444416,11.166780598933233,10.953452166882645,11.121082157436103,10.499876004651563,11.24714838346204,84840.0,24410.0,41470.0,81700.0,81160.0,47620.0,10.385944565501662,10.117832509493988,10.815589523788828,10.829352306844555,10.64616272024527,36940.0,46180.0,51960.0
2022-11-01,48990.0,31430.0,39790.0,43830.0,32320.0,50230.0,10.568775236216993,46640.0,42580.0,32510.0,27870.0,59740.0,54500.0,68960.0,10.852071209606544,11.143324481431074,10.931516419748775,11.107525354749654,10.526239092474103,11.121378054821049,84680.0,23870.0,42040.0,79970.0,76950.0,43470.0,10.427949773825027,10.090423446880827,10.844100096555348,10.784171831940965,10.594407254105722,39410.0,43660.0,46030.0
2022-11-02,48990.0,30780.0,40430.0,45140.0,31960.0,50230.0,10.679849328089071,46640.0,42160.0,32450.000000000004,26720.0,57570.0,53480.0,68960.0,10.853038964104712,11.128453451741024,10.974917047351173,11.110520669325322,10.484613193102275,11.0993929022843,76450.0,26670.0,43100.0,75300.0,75760.0,52140.0,10.390870532175569,10.101559419421314,10.833700913250638,10.77312683156647,10.632026007916341,45830.0,44310.0,64810.0
2022-11-03,48990.0,29910.0,39320.0,43910.0,31470.0,49830.0,10.589131655274922,46280.0,41650.0,31530.0,26250.0,57140.0,51940.0,65740.0,10.854778565594904,11.11081970791848,11.0007823069704,11.099090426517867,10.486289592589621,11.134311613512741,83610.0,24840.0,42400.0,86630.0,77410.0,50950.0,10.390870532175569,10.128669025875903,10.782720031453676,10.700115984041597,10.63923913817842,36490.0,43140.0,34640.0
2022-11-04,48990.0,30300.0,38340.0,42710.0,29420.0,49490.0,10.599405889891859,45150.0,41330.0,31040.0,27100.0,56710.0,52440.0,64480.00000000001,10.8594027621935,11.122265222006739,10.990550065253776,11.088751431256087,10.424689159126888,11.103467395592084,84180.0,24660.0,40550.0,86070.0,76440.0,51750.0,10.402169742355426,10.138994362833737,10.777309100685118,10.688096608575814,10.647113946209364,37800.0,44420.0,62450.0
2022-11-05,48990.0,28670.0,39560.0,43180.0,26310.0,49390.0,10.534785924769006,45590.0,43040.0,30920.0,26630.0,55390.0,51870.0,64989.99999999999,10.87731107260785,11.10737535324936,10.997773830833216,11.098333836583762,10.465414952351203,11.170026621880517,83090.0,24280.0,41640.0,79000.0,76210.0,47620.0,10.380063288102244,10.137808404440463,10.803465958917977,10.710655143391888,10.63923913817842,35570.0,44510.0,67080.0
2022-11-06,48990.0,28270.0,38210.0,42920.0,25920.0,48750.0,10.586104484122892,45890.0,41790.0,31040.0,26780.0,56650.0,51940.0,64050.0,10.876933364911343,11.13824656087758,10.985648591762406,11.098333836583762,10.485451744135313,11.134311613512741,84550.0,24190.0,39140.0,75300.0,75130.0,42430.0,10.385944565501662,10.147648679072807,10.79693945250625,10.719980048331397,10.659398242331683,35570.0,43080.0,62050.0
2022-11-07,48990.0,28740.0,37340.0,41370.0,24840.0,49490.0,10.600402625664993,42690.0,41190.0,31590.0,27010.0,56650.0,53500.0,65830.0,10.857863738015615,11.109623016626694,10.922172404664506,11.098333836583762,10.396688774948379,11.112462823634855,79550.0,24130.0,39670.0,80790.0,79070.0,46810.0,10.397604358238855,10.169728906753061,10.804075640682992,10.697633249050782,10.691740346523577,35570.0,41150.0,62050.0
2022-11-08,48990.0,28940.0,34730.0,41410.0,25460.0,49490.0,10.610069086697326,43060.0,41220.0,30830.0,26440.0,55820.0,53340.0,65880.0,10.754727632155955,11.083387926918672,10.865153099098274,11.086915754370356,10.420523850078832,11.116930374363438,84440.0,23870.0,39730.0,85430.0,76740.0,45750.0,10.419927387086586,10.199174996326047,10.781266120176918,10.722628413411362,10.678928750822152,35570.0,43380.0,64230.00000000001
2022-11-09,48990.0,28940.0,36630.0,42000.0,26970.0,49830.0,10.632990770056727,42820.0,39440.0,30330.0,26040.0,56380.0,52360.0,65880.0,10.802448995888462,11.098182449881282,10.851683845421267,11.10737535324936,10.377887752684266,11.109623016626694,74760.0,23980.0,40700.0,85370.0,75890.0,45750.0,10.419927387086586,10.162808729968926,10.789339695269716,10.679389145388422,10.694237736914808,36490.0,41060.0,67080.0
2022-11-10,48990.0,29060.0,36510.0,42570.0,29250.0,50360.0,10.627915353129104,42820.0,39730.0,30210.0,26280.0,56730.0,52060.0,65880.0,10.827766295132465,11.083387926918672,10.896202144253335,11.0694624957204,10.382543832613134,11.131826086763818,76490.0,24980.0,41300.0,86820.0,75590.0,43800.0,10.419927387086586,10.148040283087838,10.805090951658405,10.689236703555197,10.661509135319276,36040.0,40920.0,46430.0
2022-11-11,48990.0,28860.0,35600.0,42000.0,28400.0,48630.0,10.602393121706738,40200.0,40000.0,30170.0,26070.0,56300.0,52440.0,64310.0,10.953102155503702,11.049953058639625,10.882396212388988,11.059598012135023,10.382853468483827,11.12860032481358,80330.0,23550.0,41580.0,80090.0,74410.0,30370.0,10.425876067666572,10.158168529848494,10.79098778694702,10.70551155928146,10.662913925885341,35570.0,39170.0,50940.0
2022-11-12,48990.0,28860.0,35710.0,42710.0,27390.0,49490.0,10.644495894447413,39980.0,38880.0,29030.0,26300.0,56490.0,53580.0,66180.0,10.78872095994494,10.992066340225863,10.896202144253335,11.043417712757153,10.433556823868823,11.145637256200434,75540.0,23790.0,42420.0,71860.0,76210.0,37950.0,10.415142832042596,10.160491321338439,10.789133492695576,10.704165392288106,10.661274811576522,35570.0,39720.0,62050.0
2022-11-13,48990.0,28270.0,36890.0,42710.0,27680.0,49490.0,10.593655298987073,42690.0,40500.0,28690.0,26570.0,57230.0,53070.0,66180.0,10.838227054478743,10.975944075393727,10.894533190114505,11.059598012135023,10.3871783338948,11.10482187913902,79970.0,23200.0,40780.0,82090.0,77720.0,40000.0,10.384709273043539,10.183805073124855,10.718653230950043,10.709315887371531,10.662211777281856,35570.0,39600.0,47800.0
2022-11-14,48990.0,28240.0,33470.0,42870.0,27930.0,49670.0,10.622326846019527,40580.0,38820.0,29150.0,26120.0,57390.0,48310.0,65690.0,10.817996698327851,10.935265353017014,10.9218112699754,11.06961829293506,10.37477161168151,11.097728152217645,78300.0,23290.0,40520.0,76270.0,75740.0,43090.0,10.384709273043539,10.193953247114493,10.707527418047702,10.719980048331397,10.688552802557401,35570.0,38770.0,50130.0
2022-11-15,48990.0,27650.0,34160.0,41810.0,28530.0,47320.0,10.595909470156478,40580.0,38340.0,29330.0,26250.0,57980.0,48240.0,65190.0,10.763652278630154,10.948189089173493,10.850908666606845,11.023877640745798,10.355231738165019,11.076294714343865,83910.0,23470.0,40720.0,77310.0,75320.0,46260.0,10.403686917060819,10.171260241993542,10.75579427616868,10.723729832149901,10.632508505332279,35070.0,39940.0,67080.0
2022-11-16,48990.0,28020.0,37420.0,40330.0,28250.0,46820.0,10.634917506521377,40930.0,38300.0,29980.0,26920.0,57380.0,47000.0,65190.0,10.865535281748011,11.006772241852998,10.81156464463578,11.034421812666363,10.365364499570234,11.104521041303386,84190.0,23290.0,42030.0,84550.0,74630.0,45790.0,10.385944565501662,10.158556036634712,10.77312683156647,10.779185430302025,10.65845863548799,29580.0,41000.0,64810.0
2022-11-17,48990.0,29500.0,37420.0,40330.0,28060.0,45790.0,10.640675541671662,42430.0,39240.0,30260.0,27620.0,57290.0,45730.0,64040.00000000001,10.90137670441254,10.96924946099213,10.79078192396869,11.030865448691081,10.321243484728525,11.038929878454953,84000.0,23520.0,41870.0,78490.0,74320.0,44480.0,10.28946398406043,10.17545936253226,10.817996698327851,10.741838364328448,10.64354217367223,37340.0,40370.0,31620.0
2022-11-18,48990.0,31550.0,37050.0,40670.0,27870.0,45790.0,10.581038745471517,43630.0,39730.0,30600.0,29420.0,58030.0,47590.0,63780.0,10.761746548158834,10.988355823411979,10.77039894671221,11.039411682337976,10.351405324899678,11.072263138586607,66300.0,25110.0,40820.0,72010.0,73290.0,40000.0,10.419927387086586,10.174315895415749,10.79098778694702,10.758136895861702,10.605371456538457,37680.0,39410.0,38810.0
2022-11-19,48990.0,30950.0,37800.0,40250.0,29800.0,47320.0,10.601895869017543,43790.0,40460.0,29980.0,30020.0,58500.0,49930.0,63390.0,10.77312683156647,10.988355823411979,10.834095305005075,11.068994958386819,10.356503962502515,11.112313560992032,65950.0,24630.0,40360.0,78030.0,71190.0,40000.0,10.425282789490705,10.17278923583142,10.798370769971397,10.795915827145608,10.650436129564383,25000.0,40640.0,70000.0
2022-11-20,48990.0,31820.0,36870.0,41110.0,29420.0,48590.0,10.595408982170254,45400.0,40220.0,31240.0,30290.0,58420.0,48440.0,63390.0,10.786035340845325,10.988355823411979,10.821796246953596,11.085843384637096,10.349806654652559,11.08722193462106,82800.0,25260.0,40860.0,84520.0,70670.0,40000.0,10.425282789490705,10.172407206486922,10.802448995888462,10.750020834993819,10.63226728572478,38730.0,40670.0,64810.0
2022-11-21,48990.0,32560.000000000004,39340.0,42880.0,28530.0,45420.0,10.607599400820762,46340.0,41950.0,31050.0,30350.0,59270.0,50020.0,64349.99999999999,10.81317654077572,11.023225122819186,10.893604788384124,11.11678177712113,10.356186058125473,11.098333836583762,86670.0,27610.0,41050.0,69200.0,70720.0,44210.0,10.413042369168673,10.170494867496725,10.777517755695682,10.768084910001393,10.687183595798688,39410.0,41480.0,40990.0
2022-11-22,48990.0,31840.0,38440.0,42880.0,29790.0,48770.0,10.6782377612977,45900.0,41360.0,30900.0,30520.0,59470.0,50020.0,64000.0,10.826376468438509,11.002782941171654,10.891373101232977,11.022408876202102,10.376019233564437,11.08169629547538,84870.0,27510.0,40510.0,74120.0,68700.0,48110.0,10.460843646427817,10.170111960461874,10.701917745750618,10.754941051996273,10.68283536485392,32400.0,42510.0,57010.0
2022-11-23,48990.0,32390.0,37780.0,43250.0,30960.0,48870.0,10.63274966676691,47140.0,41810.0,31350.0,30030.0,60970.0,50300.0,65239.99999999999,10.873338008504597,11.03925110683503,10.90063911886528,11.16479958768697,10.39056336913101,11.073039704959928,85190.0,27800.0,41940.0,75240.0,68770.0,48760.0,10.48321404355681,10.142150059508008,10.794686091998527,10.713773116564433,10.706407998237976,39790.0,42440.0,61240.0
2022-11-24,48990.0,32010.0,38500.0,42880.0,30340.0,49910.0,10.667116495634444,46590.0,42110.0,31350.0,29710.0,62660.0,49550.0,64560.0,10.819598268208338,11.040374594257798,10.859018228147885,11.113357931928123,10.358091970204585,11.129627832757077,91940.0,26840.0,43920.0,78150.0,68600.0,48400.0,10.460843646427817,10.188328091653252,10.771029119400374,10.742918838113225,10.68260598601082,33250.0,42020.0,41210.0
2022-11-25,48990.0,30990.0,37320.0,41110.0,31170.0,49220.0,10.637320718367489,44840.0,42200.0,30690.0,29000.0,61280.0,49680.0,64560.0,10.747229096720554,11.031351152809686,10.852071209606544,11.13343507403426,10.355868052653099,11.119156687322887,79360.0,27070.0,38700.0,82010.0,71350.0,47020.0,10.485451744135313,10.196567530049501,10.752377002814772,10.757285668979632,10.668280748548518,41600.0,39490.0,59160.0
2022-11-26,48990.0,30930.0,38360.0,41110.0,27090.0,47810.0,10.739890564725487,45370.0,41710.0,31140.0,29540.0,61520.0,50180.0,63550.0,10.844685508116383,10.95187615002577,10.86323999182082,11.12285622984002,10.338867386592495,11.114848000895991,87910.0,25750.0,40260.0,74640.0,71920.0,41350.0,10.34788487064608,10.21027347878698,10.75130670559812,10.74140584772388,10.712438032589617,41600.0,40380.0,44980.0
2022-11-27,48990.0,31040.0,36750.0,42000.0,27090.0,47840.0,10.727465607601715,46080.0,40990.0,31000.0,29000.0,62760.0,49730.0,63990.0,10.793044089207646,10.989537936492082,10.87674445755095,11.111417516966188,10.351724752488161,11.127424735781627,88330.0,25480.0,40360.0,83020.0,70570.0,42430.0,10.442638208053022,10.244627450087734,10.782097185442593,10.780642367661684,10.741838364328448,41600.0,40330.0,59160.0
2022-11-28,48990.0,30220.0,37880.0,41810.0,27090.0,47840.0,10.748303764751594,45980.0,40670.0,30760.0,28030.0,62840.0,48520.0,63590.0,10.791605121726688,10.955549666384401,10.894533190114505,11.085383445340975,10.379442189358636,11.066966433520573,89510.0,26470.0,40310.0,74870.0,70350.0,47620.0,10.442638208053022,10.233546410194462,10.826972344990523,10.738806812235158,10.765976583441928,41600.0,39820.0,46100.0
2022-11-29,48990.0,30220.0,38470.0,42360.0,28240.0,47840.0,10.733152287697589,45660.0,40910.0,31200.0,28670.0,62490.0,49460.0,63820.0,10.743998145734295,11.014867980481915,10.886894729843826,11.085383445340975,10.39516093745751,11.076913516671743,86010.0,26260.0,41690.0,78710.0,71590.0,45790.0,10.435908313738707,10.207325906555994,10.82717089162978,10.73815599652319,10.800411961919318,41600.0,39770.0,47180.0
2022-11-30,48990.0,30470.0,39750.0,41810.0,34030.0,48260.0,10.717989161508248,44050.0,41220.0,33650.0,29950.0,63230.0,49800.0,64390.0,10.800208030113406,11.042297640955464,10.91565194179493,11.082619358263033,10.412140818440461,11.074125885745115,85040.0,26180.0,40950.0,75620.0,72640.0,46540.0,10.473364796894678,10.248530101745104,10.837637848711049,10.756433716893001,10.76470945058247,40900.0,39660.0,59160.0
2022-12-01,48990.0,31360.0,42420.0,42000.0,36470.0,49230.0,10.739673908168612,42020.0,40920.0,34610.0,30040.0,62110.0,51230.0,64340.0,10.734677807759816,11.049953058639625,10.918373970115221,11.035873051311158,10.39179145561983,11.134019519047316,87390.0,26120.0,40680.0,74530.0,71780.0,46540.0,10.403990075979044,10.242848470041249,10.841755017213652,10.782720031453676,10.758136895861702,40530.0,40320.0,59160.0
2022-12-02,48990.0,31710.0,45010.0,42360.0,38660.0,52620.0,10.76766360014283,42520.0,41010.0,35560.0,29970.0,62880.0,51570.0,64260.00000000001,10.804887971915088,11.068994958386819,10.88408552880545,11.065090289695444,10.386561639971275,11.08154236880574,87400.0,26010.0,40520.0,79160.0,72670.0,45790.0,10.462274425587943,10.23174758973532,10.843709631701985,10.735548489776468,10.77270764101727,44810.0,41310.0,54000.0
2022-12-03,48990.0,31900.0,42800.0,42990.0,38930.0,51150.0,10.757924157061597,43210.0,40860.0,36110.0,31520.0,62930.0,50810.0,64870.00000000001,10.856707913495192,11.061327409163853,10.93080074098641,11.062269457560602,10.446422122219738,11.07459103087878,73310.0,26920.0,40730.0,81660.0,71830.0,40000.0,10.518159546219628,10.224157008939576,10.77897712300635,10.783135046711445,10.835080604418724,48990.0,40680.0,59160.0
2022-12-04,48990.0,32650.0,42680.0,44140.0,37880.0,51340.0,10.778768772309705,44050.0,42190.0,36060.0,33160.0,61590.0,50290.0,65269.99999999999,10.881456468681893,11.061327409163853,10.939177790651616,11.028433383156079,10.407318772389159,11.141876276228,85540.0,30230.0,44330.0,73260.0,70970.0,45790.0,10.467692792805357,10.227055456677217,10.87049040995193,10.760261798384528,10.855357760915753,42940.0,41090.0,57010.0
2022-12-05,48990.0,36600.0,46650.0,44810.0,40070.0,52820.0,10.740540252898029,44050.0,44920.0,38270.0,36170.0,61220.0,50850.0,66540.0,10.883897967847588,11.164941218710066,10.952752021573898,11.061170314781226,10.443512690706546,11.168757693531585,92840.0,27610.0,41880.0,80250.0,72770.0,46540.0,10.504820933823419,10.247112717290387,10.86477077032911,10.737287582843205,10.861131337893761,43590.0,42200.0,44980.0
2022-12-06,48990.0,41650.0,49840.0,44200.0,39870.0,53950.0,10.782720031453676,46700.0,46710.0,40050.0,38480.0,60880.0,52110.0,68870.0,10.908722791698938,11.280627640864537,10.98903148770011,11.083234260436102,10.499049467245019,11.129040814645386,95050.0,30840.0,42120.0,76740.0,72390.0,45790.0,10.504820933823419,10.26014749636236,10.881832472145556,10.717103049046909,10.88164448808605,43900.0,43130.0,44400.0
2022-12-07,48990.0,44020.0,51900.0,44200.0,40950.0,53180.0,10.775847295304315,46450.0,48510.0,41960.0,40300.0,62290.0,52610.0,68650.0,10.876366535738473,11.164941218710066,10.953627126642347,11.088139913296622,10.511376364144162,11.172419102193079,92560.0,31970.0,42120.0,75120.0,71700.0,49320.0,10.487405632994514,10.290822633771821,10.867825315381769,10.717546203426988,10.887455624298196,44210.0,42690.0,50000.0
2022-12-08,48990.0,46480.0,51340.0,44200.0,42680.0,55210.0,10.880327609274326,47760.0,48580.0,41880.0,39100.0,62890.0,54150.0,71580.0,10.975772977285654,11.139700028379574,10.962336314087443,11.042137528235768,10.515451792270389,11.115740977693285,83920.0,33140.0,43200.0,76480.0,72750.0,50920.0,10.487405632994514,10.306315853989789,10.864579551114822,10.764075281534032,10.876366535738473,44210.0,44550.0,50000.0
2022-12-09,48990.0,47180.0,48980.0,45260.0,44040.0,55130.0,10.844880569171112,49260.0,51240.0,41900.0,39070.0,64910.0,53660.0,71390.0,10.949770923024142,11.112761282099115,10.922533408982428,11.083234260436102,10.58281467449521,11.136936631426448,90880.0,32740.000000000004,42720.0,75970.0,73550.0,49320.0,10.555057244929015,10.318935994253193,10.873906556448501,10.757498543639837,10.861706866436679,38340.0,44680.0,54770.0
2022-12-10,48990.0,45660.0,49760.0,47840.0,43200.0,57740.0,10.845855304120402,49990.0,51500.0,41780.0,39300.0,64760.00000000001,52320.0,71800.0,10.956771179117865,11.102864813509706,10.929188588593389,11.105272966266629,10.63226728572478,11.19822841866684,85410.0,34860.0,44700.0,86730.0,75240.0,53830.0,10.568775236216993,10.318935994253193,10.886146380853784,10.747014024455444,10.889696061373598,44810.0,45410.0,54770.0
2022-12-11,48990.0,43930.0,49020.0,45890.0,44270.0,54430.0,10.81055588854814,50230.0,51530.0,40760.0,38790.0,66630.0,54560.0,69780.0,10.968732629502142,11.130947364954519,10.95711990887328,11.083234260436102,10.631784671878872,11.137082263908574,74920.0,34840.0,45440.0,74160.0,74980.0,53130.0,10.568775236216993,10.344030187256989,10.901745293274272,10.74744412273953,10.881268413919793,44810.0,44740.0,54770.0
2022-12-12,48990.0,43700.0,49110.0,47840.0,42820.0,56400.0,10.813579109167462,52020.0,51500.0,41550.0,39070.0,68580.0,55080.0,71210.0,10.956945559197127,11.078613251304343,11.019301048524012,11.076604163372343,10.758349589413635,11.198365393710201,84680.0,34030.0,45310.0,77090.0,74930.0,53130.0,10.602890127258581,10.362209026944724,10.866680954096502,10.750235261617851,10.865917318389972,44810.0,48190.0,54770.0
2022-12-13,48990.0,41870.0,50580.0,47280.0,42820.0,57220.0,10.771029119400374,49700.0,51540.0,39880.0,37300.0,69260.0,56070.0,70990.0,11.011241264121493,11.066497727453186,11.018973346205863,11.095757140602533,10.770188800870221,11.214398127998244,83090.0,34640.0,45950.0,74640.0,78250.0,53130.0,10.62037567347787,10.36567949988784,10.792427642387484,10.745507222034997,10.884273054590794,44810.0,48950.0,60000.0
2022-12-14,48990.0,40270.0,51670.0,48350.0,40950.0,56680.0,10.769347775610917,53420.0,51550.0,40380.0,35960.0,68380.0,55990.0,69480.0,10.942721317684738,11.04517529477736,11.00128284088368,11.115889729664524,10.769558098246614,11.193009415184726,85780.0,34740.0,45150.0,83570.0,80890.0,52410.0,10.64616272024527,10.343386292962181,10.855357760915753,10.743566562464396,10.888949806604913,44810.0,48840.0,54770.0
2022-12-15,48990.0,37700.0,51950.0,46910.0,40310.0,57220.0,10.639478682087963,52440.0,51230.0,37880.0,34790.0,69260.0,55350.0,68870.0,10.944841422363956,11.052650359802138,11.033291613631048,11.135624983809228,10.750235261617851,11.209669411880263,91040.0,34000.0,47810.0,74190.0,81270.0,52410.0,10.616216747823795,10.366938509842946,10.815187764075905,10.764075281534032,10.854971667978388,44510.0,48550.0,52920.0
2022-12-16,48990.0,36270.0,50760.0,47060.0,40900.0,57030.0,10.62427421889949,51950.0,50950.0,36650.0,34310.0,69680.0,53990.0,67740.0,11.003948132061854,11.112462823634855,11.010745691229099,11.103015493074828,10.770609048402198,11.2176278007064,80980.0,33070.0,48360.0,77010.0,81650.0,54770.0,10.598158571464415,10.372271688502106,10.796530128090472,10.678468144195092,10.835671318412196,44810.0,49250.0,52920.0
2022-12-17,48990.0,35430.0,51460.0,45460.0,40050.0,55320.0,10.674313109478335,50780.0,50820.0,37330.0,33110.0,69610.0,52500.0,63610.0,10.967698164486874,11.105122626498469,11.023551435004947,11.103015493074828,10.75877484084995,11.190803765071475,78210.0,36140.0,53190.0,77590.0,82360.0,52440.0,10.574925789933857,10.3475642139384,10.820597948393958,10.736853093036016,10.782927560612269,54770.0,48880.0,51370.0
2022-12-18,48990.0,35260.0,50980.0,45890.0,39820.0,52530.0,10.673618922112436,50760.0,49390.0,37950.0,33690.0,70100.0,53230.0,64300.0,10.930442709440007,11.105122626498469,11.040855702741002,11.13080083621997,10.790164080634101,11.178165761127321,84790.0,36400.0,43520.0,82670.0,83250.0,52440.0,10.588375721156376,10.337572510881477,10.796530128090472,10.673155862670482,10.83645839466148,44810.0,49740.0,52920.0
2022-12-19,48990.0,37350.0,49890.0,46020.0,40050.0,52430.0,10.706855916545166,52740.0,48990.0,36070.0,33380.0,70250.0,49180.0,64560.0,10.979189389621132,11.114103243950222,11.006606338342099,11.109623016626694,10.785828455707216,11.178165761127321,82310.0,33950.0,55080.0,75770.0,86220.0,54850.0,10.588375721156376,10.34884622430597,10.785207543360087,10.718653230950043,10.795096171764786,47180.0,49160.0,52920.0
2022-12-20,48990.0,37240.0,49000.0,46500.0,39850.0,53470.0,10.685126264117057,50070.0,49320.0,36310.0,34110.0,69700.0,49230.0,64560.0,10.92990542165575,11.058968398224941,10.954151822330891,11.094998023570968,10.792016466624613,11.242310254876202,90870.0,31650.0,53260.0,85030.0,88930.0,54850.0,10.54299658642679,10.346601626429049,10.809748150372926,10.69559732562212,10.839796574724032,47170.0,49860.0,54770.0
2022-12-21,48990.0,37150.0,48930.0,45890.0,38480.0,52440.0,10.660336967143055,51850.0,46870.0,36790.0,33690.0,70430.0,49130.0,65110.0,10.776265172078537,11.11380518579687,11.0007823069704,11.1231516028244,10.813579109167462,11.235470912673883,93540.0,32150.0,56820.0,79500.0,90010.0,56460.0,10.505916494175116,10.29960914564114,10.805090951658405,10.719759034318209,10.794891152902334,47170.0,51750.0,57010.0
2022-12-22,48990.0,36680.0,47440.0,46330.0,39160.0,50790.0,10.680998859207012,53580.0,46850.0,36480.0,33760.0,70130.0,46130.0,65750.0,10.981063453138141,11.09636401959432,11.016512149807106,11.089515303207188,10.806307965662292,11.209669411880263,90890.0,31840.0,56750.0,81470.0,91230.0,56460.0,10.500701859458179,10.3143049780709,10.802041920919985,10.663849357772266,10.81458482169893,54220.0,51260.0,62450.0
2022-12-23,48990.0,39280.0,46280.0,46330.0,39330.0,52530.0,10.647113946209364,53580.0,46840.0,37620.0,36010.0,69650.0,49320.0,64269.99999999999,10.916560108088095,11.149240292410267,11.021265010465248,11.106775122142368,10.814182658053124,11.227919807721856,95820.0,33490.0,58580.0,85520.0,94430.0,62450.0,10.500701859458179,10.313641650130423,10.81859758766212,10.682147070420287,10.801634680173994,45400.0,51360.0,62450.0
2022-12-24,48990.0,38330.0,48130.0,46330.0,40800.0,52910.0,10.673387419194464,54110.0,47660.0,38070.0,37020.0,70890.0,49890.0,67420.0,10.941482511027885,11.192182866391956,11.036517370851499,11.095149893084974,10.810354015162442,11.245712464357787,83940.0,36770.0,54070.0,87910.0,97810.0,54680.0,10.489912179174006,10.280587479087396,10.836261683668637,10.710878178453925,10.801430997592224,45980.0,49070.0,63290.0
2022-12-25,48990.0,40010.0,48820.0,48210.0,40640.0,54540.0,10.679158974600682,52830.0,47480.0,38310.0,39830.0,72280.0,51790.0,68300.0,10.906524626281207,11.206006205330874,11.0597553536924,11.114848000895991,10.815790343132422,11.216417895469137,90860.0,38950.0,53380.0,70710.0,100600.0,61400.0,10.472516044509657,10.292179440058462,10.820398092289688,10.731405981781311,10.81719495047468,53590.0,50390.0,59790.0
2022-12-26,48990.0,42190.0,51830.0,47190.0,42740.0,53760.0,10.64043628432532,52310.0,49410.0,41480.0,41370.0,70970.0,50400.0,69240.0,11.025507075203857,11.299497068342587,11.064933785375604,11.172840711058733,10.821396973625738,11.200691103415608,101090.0,37660.0,56040.0,89720.0,97910.0,59860.0,10.525434069084952,10.3143049780709,10.721084386282662,10.727684925086583,10.820997540815013,54590.0,49350.0,54510.0
2022-12-27,48990.0,43770.0,54400.0,49030.0,43120.0,58520.0,10.682147070420287,52310.0,50770.0,42160.0,43190.0,71240.0,56600.0,69370.0,11.080772379855539,11.315705475634307,11.11529458897058,11.172840711058733,10.812773810257399,11.180817690214102,90000.0,37200.0,53040.0,89780.0,96270.0,54850.0,10.503175339529793,10.342097259236594,10.79078192396869,10.723729832149901,10.836064933972963,51490.0,50010.0,57970.0
2022-12-28,48990.0,44490.0,55150.0,48810.0,44410.0,57220.0,10.716659698193956,51130.0,52260.0,43150.0,44820.0,70330.0,56780.0,70390.0,11.040214173312895,11.303573865924402,11.061641523912554,11.13940950383547,10.812773810257399,11.19987088218331,95860.0,44430.0,56780.0,88790.0,97350.0,53130.0,10.513008529028681,10.330094260397667,10.818397331333351,10.731624436867815,10.82875784719086,54800.0,49190.0,52920.0
2022-12-29,48990.0,45090.0,57490.0,49030.0,44410.0,56400.0,10.727684925086583,53000.0,50450.0,42730.0,47070.0,70010.0,55460.0,72060.0,11.014703414770455,11.267037714175425,11.146935845249686,11.13940950383547,10.821197277163696,11.069306674229184,96680.0,46370.0,58600.0,90290.0,98410.0,55500.0,10.554014247259433,10.312977881893913,10.79857507675918,10.744213867540292,10.83685170059957,50990.0,49990.0,47900.0
2022-12-30,48990.0,49650.0,58220.0,49030.0,44410.0,58140.0,10.69128560469541,53580.0,51310.0,44630.0,47900.0,69840.0,58060.0,71710.0,10.972001393380204,11.194110418585193,11.092564969345363,11.14751245508821,10.820198196234971,11.194385480131949,98890.0,46450.0,59220.0,85840.0,97980.0,55570.0,10.513008529028681,10.328134180060221,10.713995457369334,10.750878265755231,10.749806362381149,56670.0,50250.0,48540.0
2022-12-31,48990.0,53410.0,66490.0,49030.0,48820.0,56400.0,10.706855916545166,54150.0,56680.0,44650.0,49950.0,69860.0,59680.0,71340.0,11.016019182793048,11.208720979432398,11.149096419938578,11.07257383750632,10.812975195790544,11.206278014631144,82740.0,47600.0,57490.0,90290.0,94600.0,52440.0,10.523822075506256,10.353639178266699,10.800819700808985,10.69650269224425,10.798370769971397,54380.0,51200.0,54770.0
2023-01-01,48990.0,62090.0,63760.0,48960.0,52890.0,56250.0,10.709092503552526,54820.0,58600.0,48170.0,52220.0,69100.0,55350.0,71580.0,10.905974329106854,11.181932191381273,11.252612095978137,11.185407023221142,10.856129499874779,11.208856524867434,92590.0,69190.0,63080.0,90820.0,89830.0,54850.0,10.428837190318216,10.377887752684266,10.765132006630253,10.748518559837908,10.844880569171112,57960.0,55370.0,53830.0
2023-01-02,48990.0,76610.0,71030.0,50090.0,55290.0,71020.0,10.79057601860207,55420.0,63740.0,58130.0,55790.0,73780.0,52990.0,70240.0,10.996936534247357,11.252482353905195,11.180259973491848,11.148952526764623,10.79057601860207,11.185268261530247,93250.0,79140.0,60230.0,87400.0,89070.0,56960.0,10.50892311099205,10.34692259189592,10.796325403035505,10.73815599652319,10.845660433124383,55340.0,57960.0,51100.0
2023-01-03,48990.0,71330.0,78720.0,50590.0,63830.0,73300.0,10.797348609444098,56890.0,68200.0,57170.0,58450.0,74790.0,57540.0,71610.0,10.930621741236532,11.233621531028957,11.280501483369353,11.200964361058276,10.883335073806908,11.202329530346486,84960.0,80210.0,61100.0,84510.0,88880.0,56620.0,10.498222246109224,10.355868052653099,10.731842844242117,10.765343217715396,10.857671193344657,54380.0,59560.0,50200.0
2023-01-04,48990.0,71850.0,72570.0,52760.0,59980.0,75560.0,10.774801838762809,61750.0,68450.0,56590.0,58860.0,75570.0,56900.0,71610.0,10.95781700375869,11.233621531028957,11.280501483369353,11.257271635090223,10.91637854079876,11.225123385317872,83940.0,66570.0,61690.0,81660.0,87890.0,62690.0,10.498222246109224,10.372584520889065,10.822195360925887,10.806713308080846,10.804481888784291,48990.0,55570.0,50000.0
2023-01-05,48990.0,69090.0,69510.0,53120.0,57620.0,70040.0,10.795915827145608,64720.0,66590.0,56910.0,55380.0,77310.0,58810.0,72730.0,10.949770923024142,11.247930743883217,11.280879908117802,11.244405291716395,10.942013616092948,11.225123385317872,85300.0,72220.0,60720.0,78330.0,89740.0,62690.0,10.498222246109224,10.371019379393825,10.822993111312226,10.811362974808935,10.803262649032352,50130.0,57910.0,62450.0
2023-01-06,48990.0,69120.0,70490.0,52610.0,57450.0,72620.0,10.767031302351667,60860.0,66870.0,57550.0,54620.0,77610.0,60920.0,72710.0,10.995595399782035,11.274554056125176,11.298506245754995,11.205054290550551,10.986326087088196,11.223521911620107,89250.0,66980.0,60860.0,76940.0,83290.0,64540.00000000001,10.586609649448985,10.373209892223665,10.874853418618248,10.805902458874634,10.789958047997803,56460.0,55860.0,53670.0
2023-01-07,48990.0,65220.0,73340.0,55040.0,57610.0,73070.0,10.821995823851237,60720.0,64790.00000000001,57240.0,56540.0,76040.0,60740.0,73400.0,11.10271411123683,11.279996694171217,11.279744203985432,11.30332725983938,10.954326659732555,11.283524879179666,79510.0,69680.0,64300.0,76790.0,85920.0,62140.0,10.606362266854584,10.386561639971275,10.86801591500877,10.799595985047786,10.799595985047786,52410.0,56690.0,53670.0
2023-01-08,48990.0,62730.0,72000.0,56990.0,56790.0,70760.0,10.805090951658405,60810.0,67400.0,60140.0,57700.0,74690.0,60310.0,73170.0,11.170308387425273,11.279996694171217,11.299249454717621,11.244012806494966,11.013221103411352,11.182767252876404,87610.0,71570.0,62160.0,82010.0,82460.0,64150.00000000001,10.6181760440838,10.379442189358636,10.860747468097681,10.795301148603121,10.811362974808935,60000.0,58440.0,53670.0
2023-01-09,48990.0,57010.0,66930.0,57670.0,58630.0,57220.0,10.756433716893001,59840.0,68080.0,56730.0,57150.0,74850.0,60000.0,75870.0,10.939887501296903,11.51293546492023,11.335961530452709,11.144915088510604,10.986326087088196,11.194660466040654,103320.0,67780.0,69720.0,79610.0,79300.0,58010.0,10.629610022590025,10.42171570981886,10.848968086540824,10.748088923518438,10.787069125000578,60000.0,59970.0,50000.0
2023-01-10,48990.0,59250.0,65420.0,57740.0,53050.0,69250.0,10.62135173563291,60340.0,67260.0,56550.0,57440.0,76210.0,58250.0,73150.0,11.08154236880574,11.307634110687353,11.322140191764078,11.19176933566073,10.996601419215988,11.203420325507885,79860.0,65780.0,63560.0,79070.0,79900.0,67240.0,10.606362266854584,10.434733259991683,10.83645839466148,10.846439689363773,10.769137408730304,52410.0,59830.0,53270.0
2023-01-11,48990.0,60270.0,64730.00000000001,58920.0,50940.0,65820.0,10.533455287996134,61590.0,66370.0,54420.0,55430.0,75480.0,59650.0,72370.0,10.91710461223978,11.331295668854674,11.357685859144864,11.21480240798111,11.002616374444639,11.147368333795482,84010.0,65310.0,61310.0,79350.0,78990.0,64310.0,10.543523998690802,10.42171570981886,10.807118486263493,10.858441149687675,10.73663577731889,47620.0,59460.0,60000.0
2023-01-12,48990.0,60190.0,60950.0,60450.0,49160.0,67550.0,10.63923913817842,60130.0,65060.0,53720.0,53420.0,75590.0,57420.0,69130.0,11.0184815912866,11.331295668854674,11.358152925161459,11.22472325727156,10.942367529494035,11.154978283509006,89700.0,67140.0,63030.0,78410.0,78610.0,65069.99999999999,10.53876724439254,10.427653793239193,10.774592616232963,10.873906556448501,10.720863616235846,52410.0,57350.0,60000.0
2023-01-13,48990.0,58900.0,62300.0,55600.0,51170.0,68330.0,10.661977618146237,60940.0,64400.00000000001,52610.0,52810.0,78800.0,59400.0,71350.0,11.012561592414833,11.285911934938985,11.331055806055044,11.22472325727156,10.96476135554887,11.139990468543681,90440.0,64980.00000000001,64319.99999999999,78660.0,77360.0,68920.0,10.569032265982456,10.415142832042596,10.754300655782611,10.848773821251536,10.725709333961985,45790.0,56400.0,60000.0
2023-01-14,48990.0,57820.0,60360.0,54630.0,52390.0,66750.0,10.617686579792684,58580.0,63640.0,52480.0,51480.0,79170.0,59830.0,71350.0,11.032321853893817,11.274554056125176,11.322624154460001,11.23626245900088,10.970282323317344,11.12506940354792,89750.0,63050.0,65300.0,76390.0,77050.0,62450.0,10.564395591953422,10.42171570981886,10.688324731580726,10.860555477926988,10.697859207113925,46540.0,57490.0,48280.0
2023-01-15,48990.0,54970.0,61630.0,54600.0,44610.0,65820.0,10.563362293832501,57950.0,62380.0,50100.0,49820.0,81460.0,60070.0,70390.0,10.965971674529177,11.274554056125176,11.31363270860269,11.214263331675284,10.96250972649727,11.12506940354792,82770.0,62930.0,65129.99999999999,81350.0,76480.0,60090.0,10.564395591953422,10.416939723904,10.75130670559812,10.839208293273227,10.69740723991905,52410.0,59130.0,60000.0
2023-01-16,48990.0,47920.0,59400.0,53530.0,45430.0,66080.0,10.49684202174171,55000.0,58070.0,48090.0,47150.0,79300.0,58580.0,69060.0,11.028920269688678,11.285911934938985,11.277468918909351,11.19521021111023,10.906524626281207,11.132265158280985,76800.0,63320.0,66370.0,72920.0,75160.0,55930.0,10.61719687580895,10.400650262332935,10.69014784459452,10.779185430302025,10.662913925885341,40000.0,56850.0,60000.0
2023-01-17,48990.0,45260.0,57260.0,53320.0,42470.0,63140.0,10.568518140370246,55770.0,57500.0,46660.0,46550.0,78870.0,58350.0,67710.0,11.006440407302657,11.260880770109578,11.297142259728977,11.176767179061333,10.929547069355774,11.104370588439984,86400.0,61420.0,65450.0,76730.0,76750.0,55930.0,10.591396035047872,10.40943127921051,10.772917258256959,10.821796246953596,10.614007941153417,48870.0,55690.0,49320.0
2023-01-18,48990.0,44560.0,56740.0,53320.0,42470.0,59650.0,10.535583457775974,53150.0,57110.0,47420.0,46330.0,78570.0,57480.0,66350.0,10.994756276448804,11.255462171102444,11.274554056125176,11.171293942090692,10.894904309600681,11.084309430262897,92690.0,61660.0,66150.0,72750.0,75770.0,55930.0,10.573903321093981,10.39393698454929,10.726587856343937,10.792222075639238,10.600900621243124,47480.0,55350.0,46420.0
2023-01-19,48990.0,44040.0,54830.0,53530.0,44400.0,62100.0,10.52328416634614,52880.0,57740.0,47830.0,46370.0,79110.0,56440.0,66120.0,10.902666171488752,11.221784082666318,11.18859323930985,11.214128517179825,10.898053276749138,11.031674824544641,88120.0,59850.0,65480.00000000001,76370.0,75770.0,55930.0,10.583068121374101,10.370079117304869,10.668048006379241,10.77354584646858,10.620131509007471,45210.0,54240.0,54770.0
2023-01-20,48990.0,45020.0,58310.0,52430.0,44890.0,65150.00000000001,10.447873669824078,52880.0,57120.0,46370.0,45340.0,79450.0,56440.0,63550.0,10.927932892952485,11.260494699531083,11.154405963738338,11.196171538365103,10.893233186217124,11.027783832135368,82790.0,58440.0,67350.0,73490.0,74790.0,55180.0,10.634676867382668,10.37195875822042,10.679389145388422,10.738589920723442,10.597159595331789,41600.0,55340.0,54770.0
2023-01-21,48990.0,43850.0,57370.0,52990.0,44890.0,63660.0,10.41003403381723,51890.0,56170.0,47210.0,45010.0,77620.0,56940.0,65930.0,10.745291779083457,11.260494699531083,11.102864813509706,11.162530758988646,10.899531719479302,11.080001797565458,88460.0,57930.0,67130.0,73490.0,72450.0,50000.0,10.607599400820762,10.369765500040804,10.670605195795803,10.68443954523277,10.55791989196796,44810.0,54670.0,54770.0
2023-01-22,48990.0,43990.0,56260.0,52430.0,45960.0,62810.0,10.343708291934567,54450.0,55390.0,45570.0,44780.0,79410.0,55540.0,64930.00000000001,10.824984707437652,11.27430018780531,11.12860032481358,11.18610054300038,10.900085572463958,11.08523008522044,67790.0,57150.0,67220.0,75840.0,71800.0,53130.0,10.581800244137618,10.34692259189592,10.644734182586557,10.739890564725487,10.50399847517414,54770.0,53730.0,52440.0
2023-01-23,48990.0,45590.0,58550.0,53320.0,46160.0,59650.0,10.32485881766135,55140.0,57840.0,45980.0,45800.0,79930.0,53490.0,64060.0,10.749162668413938,11.259464448702682,11.076758851984476,11.194522982538457,10.895831506195684,11.038447842325047,73900.0,56470.0,63000.0,74600.0,72300.0,55930.0,10.597659208142261,10.349486613684583,10.647113946209364,10.689464566656033,10.487126739641525,44810.0,53360.0,54770.0
2023-01-24,48990.0,46300.0,60430.0,53900.0,47840.0,59540.0,10.338867386592495,53960.0,58790.0,47440.0,48720.0,77950.0,52080.0,63270.0,10.820198196234971,11.216148828725508,11.055024304512123,11.19176933566073,10.89990098888399,11.066810222572993,68650.0,55240.0,63100.0,74010.0,69310.0,57740.0,10.572111481163375,10.340160587768485,10.65256600541687,10.66874607044333,10.449033392780304,41600.0,52900.0,45000.0
2023-01-25,48990.0,47020.0,60920.0,53560.0,49900.0,59650.0,10.306650011581617,55130.0,58440.0,48870.0,48940.0,78400.0,50630.0,62290.0,10.816994413033667,11.182210622701028,11.07443600653965,11.169744776921561,10.880327609274326,11.066810222572993,74030.0,56450.0,61880.0,73090.0,68720.0,58090.0,10.509468798708518,10.315630315397533,10.631543277584262,10.730750330040017,10.508650155427521,41600.0,54320.0,47430.0
2023-01-26,48990.0,48980.0,58660.0,53900.0,50120.0,62040.0,10.334652895494106,48820.0,57520.0,48410.0,48750.0,77390.0,52120.0,63680.0,10.84546552414626,11.205734322130223,11.115889729664524,11.161820693064698,10.888202994524125,11.02518140064756,82770.0,51840.0,61500.0,73540.0,68130.0,52920.0,10.504272703223902,10.317945437479338,10.595158644212706,10.742486788680049,10.455387938873837,41600.0,54060.0,42460.0
2023-01-27,48990.0,49290.0,57530.0,55750.0,51440.0,60520.0,10.342419673477199,49890.0,57390.0,50030.0,49880.0,73880.0,51360.0,62980.0,10.759837178943316,11.194385480131949,11.154405963738338,11.12815964086497,10.881832472145556,10.944311817436843,78770.0,54640.0,60690.0,74600.0,69780.0,58090.0,10.486568719482518,10.334652895494106,10.63057711727143,10.727246242006135,10.454523783963511,37800.0,54030.0,44810.0
2023-01-28,48990.0,48390.0,59900.0,54440.0,51650.0,66130.0,10.349166470257595,50150.0,57330.0,49120.0,50100.0,77990.0,51940.0,62980.0,10.761110496744438,11.176347222730618,11.131533265280341,11.161820693064698,10.886333520610298,10.995092010282178,75360.0,54170.0,62530.0,74540.0,70790.0,60370.0,10.493521689978726,10.32551474894327,10.623544398402931,10.712883258660504,10.412140818440461,43800.0,53730.0,44050.0
2023-01-29,48990.0,51040.0,60550.0,54530.0,51650.0,64129.99999999999,10.360627548882315,50940.0,57720.0,49480.0,49400.0,77780.0,52230.0,62980.0,10.72856171434071,11.182210622701028,11.182210622701028,11.138828201411055,10.898238201670146,10.995930852058708,78740.0,56150.0,61180.0,71290.0,68730.0,66040.0,10.482653835144635,10.321572692000395,10.54510456855174,10.705063038271945,10.423203539647565,54220.0,54300.0,49460.0
2023-01-30,48990.0,50240.0,57830.0,54580.0,47110.0,64129.99999999999,10.340160587768485,50930.0,57850.0,49880.0,50830.0,75790.0,49950.0,60780.0,10.76470945058247,11.187624595611938,11.21304934641774,11.158120200662147,10.875610263368761,10.939177790651616,86110.0,56200.0,61620.0,74440.0,71040.0,69520.0,10.49573646899098,10.315961375454851,10.603883397931984,10.583068121374101,10.423798052313332,43800.0,56060.0,55000.0
2023-01-31,48990.0,50240.0,57850.0,53350.0,49260.0,64930.00000000001,10.37882070461162,51510.0,57250.0,49500.0,50500.0,72730.0,56070.0,62280.0,10.79448098903612,11.184296390185041,11.187624595611938,11.223789002071875,10.8636229061867,10.97303141870689,73520.0,55260.0,61230.0,74440.0,72510.0,62140.0,10.484053768176494,10.321572692000395,10.587366919275157,10.601149526063207,10.440302508763368,40990.0,55330.0,41600.0
2023-02-01,48990.0,49750.0,57030.0,54530.0,49260.0,64010.00000000001,10.389026137075234,51640.0,56860.0,48470.0,50680.0,71480.0,55330.0,61690.0,10.731187478961756,11.188316579696238,11.179422814759526,11.200007632450186,10.891559265504869,10.96648993456911,74990.0,56480.0,59700.0,70240.0,74750.0,62140.0,10.481812933648733,10.309319260105164,10.597908920973804,10.600900621243124,10.467408346336265,48740.0,54950.0,47430.0
2023-02-02,48990.0,49010.0,57720.0,54530.0,51400.0,63090.0,10.627430633893226,54070.0,57740.0,48600.0,49560.0,74540.0,54910.0,60860.0,10.803872454726505,11.188316579696238,11.153260340608929,11.200007632450186,10.849744770527753,10.892675523922948,68950.0,54730.0,58630.0,72980.0,71190.0,58480.0,10.471099854390227,10.310318394272075,10.568775236216993,10.582307587950027,10.491579726321211,49530.0,54450.0,44050.0
2023-02-03,48990.0,49440.0,55860.0,53380.0,51750.0,63090.0,10.409732701928009,53860.0,56960.0,47280.0,50610.0,75430.0,52290.0,61800.0,10.81719495047468,11.158690399249249,11.167910845871202,11.148952526764623,10.897868317624576,10.839992591660522,73930.0,54730.0,61410.0,72600.0,74560.0,59310.0,10.445550181223961,10.307317991967832,10.540884151324754,10.585093387249513,10.469113812768233,43090.0,54400.0,47430.0
2023-02-04,48990.0,50700.0,56600.0,53280.0,52360.0,61420.0,10.479848075889779,53430.0,55270.0,48270.0,49260.0,72270.0,53040.0,61640.0,10.834489541275977,11.134165576944925,11.167487152957483,11.190389663527862,10.906707991398342,10.988355823411979,71380.0,55360.0,59710.0,76710.0,72050.0,62140.0,10.451059677269122,10.28946398406043,10.446422122219738,10.549307248688857,10.5138236135709,48990.0,54390.0,45000.0
2023-02-05,48990.0,50520.0,55040.0,53380.0,51470.0,63040.0,10.43385106267516,54250.0,58090.0,48610.0,51020.0,73470.0,51380.0,61870.0,10.855164733080539,11.091346218718432,11.182767252876404,11.1584053405965,10.822394858193437,10.929726261557809,51940.0,54720.0,61730.0,69130.0,70720.0,62960.0,10.451059677269122,10.300954090533025,10.445550181223961,10.587114559711914,10.467692792805357,52920.0,54750.0,37800.0
2023-02-06,48990.0,52500.0,60340.0,53420.0,51210.0,62160.0,10.549831343981374,52400.0,59320.0,51060.0,54350.0,70850.0,53330.0,61920.0,10.85400578295951,11.091346218718432,11.133288909394148,11.184296390185041,10.875610263368761,10.993580319588496,71700.0,57370.0,61110.0,74490.0,71770.0,59250.0,10.472232966887884,10.300618023854234,10.529987323148188,10.527311449886323,10.565943539941884,54220.0,53290.0,47430.0
2023-02-07,48990.0,52790.0,63030.0,54050.0,53310.0,64860.0,10.581800244137618,52970.0,58840.0,52130.0,55350.0,72320.0,56080.0,60820.0,10.843514342086866,11.099846444456379,11.14837674692692,11.145781627176344,10.869919915888612,10.92415631759022,67910.0,58110.0,62980.0,70800.0,72850.0,53180.0,10.482933978579906,10.310983929553371,10.516535773840445,10.543787600548086,10.587114559711914,35500.0,54470.0,47430.0
2023-02-08,48990.0,53490.0,60130.0,55160.0,53310.0,64500.0,10.575691956076147,53530.0,58910.0,52560.0,56110.0,73110.0,57350.0,61810.0,10.816994413033667,11.124037198666844,11.146935845249686,11.19822841866684,10.889882538083198,10.96250972649727,72060.0,60310.0,64739.99999999999,67940.0,69960.0,49320.0,10.482933978579906,10.330094260397667,10.542732775946709,10.494075844768336,10.594908243570371,48250.0,53880.0,47430.0
2023-02-09,48990.0,53810.0,60220.0,55210.0,52930.0,65540.0,10.575436632579892,52540.0,59120.0,52810.0,55420.0,75350.0,52940.0,62520.0,10.816793835369323,11.124037198666844,11.147656555612986,11.19822841866684,10.892861445910617,10.994756276448804,59080.0,60890.0,65340.0,70530.0,69820.0,52850.0,10.482933978579906,10.335302435967074,10.562069167908758,10.487405632994514,10.591647316585027,43800.0,52390.0,44810.0
2023-02-10,48990.0,54050.0,60880.0,54680.0,54390.0,64870.00000000001,10.551401983816314,52540.0,58950.0,52270.0,55410.0,75340.0,55910.0,61350.0,10.829352306844555,11.11186563934097,11.120342030692624,11.19822841866684,10.87447478132931,10.98598739680029,67520.0,60970.0,63230.0,72980.0,68420.0,54850.0,10.472232966887884,10.344030187256989,10.599156550639583,10.484333519758916,10.598907149201738,49530.0,52900.0,44810.0
2023-02-11,48990.0,57590.0,60340.0,55210.0,55000.0,61020.0,10.65351116273777,51240.0,58790.0,52410.0,55480.0,76330.0,58060.0,62120.0,10.838815913287421,11.11186563934097,11.084769863692358,11.19822841866684,10.900454637442037,10.89897755957152,67610.0,61950.0,64640.0,74060.0,65950.0,56460.0,10.472232966887884,10.34177474101152,10.605123600491979,10.489355711615616,10.625003507146516,50950.0,53430.0,42430.0
2023-02-12,48990.0,57610.0,61060.0,54620.0,54390.0,64870.00000000001,10.698085114131558,51240.0,59840.0,52610.0,55850.0,76010.0,56690.0,62400.0,10.841167887088753,11.135479138929584,11.100903910262819,11.19822841866684,10.86877795044219,10.981914140544825,64650.00000000001,61460.0,64730.00000000001,73910.0,65620.0,54770.0,10.472232966887884,10.355868052653099,10.585093387249513,10.404293143019792,10.689236703555197,46860.0,53360.0,40170.0
2023-02-13,48990.0,60060.0,62350.0,53900.0,55250.0,64810.0,10.75856223773664,51190.0,60800.0,53760.0,58380.0,75400.0,53690.0,64620.00000000001,10.864005673985291,11.141441405377787,11.056288107779814,11.209669411880263,10.892117550468008,10.958861735792912,67260.0,65110.0,64280.0,72510.0,66130.0,57210.0,10.467123818934358,10.33789638703407,10.614253605184526,10.494075844768336,10.751092508621763,48990.0,54100.0,40440.0
2023-02-14,48990.0,59010.0,64900.00000000001,49560.0,56440.0,65680.0,10.788308256940795,51740.0,60040.0,55010.0,57940.0,76060.0,53060.0,64760.00000000001,10.811766273800105,11.129334366775014,11.037965573724245,11.19176933566073,10.855357760915753,10.968560292962923,68330.0,68000.0,59980.0,70510.0,63430.0,52840.0,10.454523783963511,10.369451784390096,10.60313853743474,10.517618581666662,10.790164080634101,48250.0,54560.0,45000.0
2023-02-15,48990.0,60050.0,63330.0,53460.0,58640.0,63350.0,10.82717089162978,51730.0,63110.0,55940.0,57880.0,75700.0,57590.0,65160.0,10.851683845421267,11.124627160483929,11.004945787654156,11.19176933566073,10.83586814555923,10.990718653830614,67960.0,69780.0,65290.00000000001,72310.0,63020.0,52880.0,10.442346543814823,10.363472411086743,10.61351643196459,10.483494030119285,10.785828455707216,43990.0,54230.0,45000.0
2023-02-16,48990.0,61460.0,69130.0,54100.0,61100.0,68900.0,10.808939759229288,53890.0,63290.0,57990.0,60020.0,74130.0,59470.0,66930.0,10.946780910947098,11.14013565699855,11.042297640955464,11.159829821970122,10.854585425915689,11.019301048524012,57710.0,69930.0,61700.0,73490.0,63090.0,52410.0,10.442346543814823,10.38625315033408,10.71843192346452,10.55349234019923,10.780018225836406,48650.0,54780.0,41000.0
2023-02-17,48990.0,63270.0,71110.0,52200.0,62090.0,71270.0,10.784171831940965,55250.0,63830.0,59520.0,61060.0,73500.0,53340.0,66500.0,10.926136302397198,11.169744776921561,11.016183532134377,11.142021191163186,10.845270577171219,11.00128284088368,58640.0,71430.0,64349.99999999999,71860.0,62590.0,52410.0,10.446422122219738,10.405807102008174,10.68878082152957,10.539561609736435,10.777934935151471,48200.0,54330.0,39740.0
2023-02-18,48990.0,63630.0,70540.0,53640.0,63090.0,72230.0,10.77312683156647,55600.0,63870.0,59640.0,61150.0,72330.0,58060.0,67420.0,10.955549666384401,11.2176278007064,11.080618310893968,10.95135025862775,10.867444007108478,11.102412638540436,60320.0,71430.0,63060.0,71890.0,65459.99999999999,60000.0,10.471383252907115,10.42972382000155,10.689008788520935,10.472516044509657,10.83586814555923,50130.0,54170.0,45000.0
2023-02-19,48990.0,62380.0,69560.0,49990.0,61110.0,75530.0,10.776265172078537,55390.0,62940.0,60160.0,61420.0,73020.0,60220.0,67420.0,10.911098697487983,11.216955811863006,11.132118822527973,11.130654286011607,10.860939421415223,11.01569040305607,52210.0,73000.0,65920.0,66720.0,62190.0,55500.0,10.488520429241627,10.42171570981886,10.646400611577631,10.52462839711098,10.835080604418724,54860.0,53550.0,45000.0
2023-02-20,48990.0,63490.0,70480.0,51550.0,62610.0,73770.0,10.830738006646618,56240.0,67780.0,60390.0,61510.0,72980.0,59590.0,66550.0,10.98225421298353,11.241392294257817,11.26345077190963,11.198365393710201,10.856515146126256,10.947661254690129,60470.0,72360.0,65560.0,70810.0,61600.0,62860.0,10.467692792805357,10.453947265542192,10.747659102532259,10.387794647741309,10.86572631831299,52140.0,55480.0,45000.0
2023-02-21,48990.0,63060.0,68470.0,52610.0,61610.0,70570.0,10.849162314098441,58320.0,69300.0,61420.0,60540.0,72220.0,61870.0,67810.0,11.02306192678775,11.244012806494966,11.300486910172458,11.206685590106177,10.850908666606845,10.974060384172992,57620.0,71890.0,66970.0,70100.0,60590.0,59600.0,10.498222246109224,10.460270761075149,10.736853093036016,10.39699406253165,10.871630422615535,52520.0,56430.0,45000.0
2023-02-22,48990.0,62620.0,71790.0,48700.0,61790.0,72110.0,10.974745773415222,55620.0,68360.0,61140.0,59270.0,74380.0,63160.0,69450.0,11.004280794528954,11.256108784165866,11.315583667019851,11.245973693967036,10.800208030113406,11.013385913221205,57970.0,70900.0,65590.0,70340.0,60830.0,61480.0,10.498222246109224,10.466554521147781,10.758987398772785,10.408828161071545,10.918736348043124,48200.0,57440.0,41600.0
2023-02-23,48990.0,62940.0,70520.0,50040.0,62500.0,73970.0,11.088904252333467,57280.0,68170.0,62030.0,61410.0,73680.0,64819.99999999999,70590.0,11.010249872622438,11.271630672071568,11.320686896768006,11.22258653285716,10.835474452516607,11.077686481493952,60920.0,69370.0,67020.0,66790.0,62920.0,61360.0,10.503724171902725,10.474777785317187,10.753659849198822,10.45509997020284,10.999613419284296,52440.0,56380.0,42280.0
2023-02-24,48990.0,62340.0,68530.0,51550.0,61760.0,71990.0,11.071485968689245,56990.0,68630.0,61350.0,60070.0,73180.0,65950.0,71380.0,10.922172404664506,11.287040659850634,11.3210504185712,11.213454171943471,10.844490409005417,11.039411682337976,60200.0,68170.0,65400.00000000001,70220.0,63440.0,54230.0,10.50152703279139,10.480690630565247,10.877499872970908,10.485172305246778,11.011406400524537,43990.0,57040.0,47430.0
2023-02-25,48990.0,62570.0,69910.0,51550.0,55250.0,71990.0,11.127571760011485,57330.0,68970.0,60510.0,60180.0,72350.0,65910.0,72620.0,11.143324481431074,11.3281729558044,11.3150962841344,11.171716025500638,10.832319315904593,10.99223467339126,61590.0,67650.0,63870.0,71380.0,62400.0,61480.0,10.534519939024273,10.491301994830229,10.913833131159123,10.486010387763148,11.038126355768451,51360.0,56930.0,40720.0
2023-02-26,48990.0,61520.0,67270.0,52790.0,58480.0,73870.0,11.097728152217645,57120.0,68970.0,59700.0,60450.0,73130.0,66650.0,73030.0,11.06977406588073,11.368720165488835,11.298506245754995,11.181932191381273,10.83586814555923,10.999947526636095,54870.0,68140.0,64780.0,70230.0,58930.0,56620.0,10.534519939024273,10.506190196826267,10.940773931876521,10.548520590372643,11.068839064020526,48800.0,56880.0,52440.0
2023-02-27,48990.0,60460.0,66600.0,52790.0,55210.0,74780.0,11.102412638540436,55210.0,66290.0,57580.0,58620.0,73400.0,65810.0,75090.0,11.165932074607458,11.386919967335114,11.34558315695652,11.20355659128086,10.803465958917977,10.97731180739474,62550.0,65630.0,64780.0,71380.0,61570.0,46880.0,10.54141267859585,10.52085998803243,10.946604749159656,10.567231668726757,11.044855964091758,45550.0,56940.0,42940.0
2023-02-28,48990.0,59060.0,67890.0,53150.0,52390.0,74030.0,11.065716062153717,55670.0,66830.0,56700.0,57810.0,73620.0,68720.0,74700.0,11.171293942090692,11.397189083487625,11.350418300109132,11.18914632902127,10.801430997592224,10.984122546973575,61410.0,67410.0,67220.0,71230.0,61160.0,54430.0,10.563620718477313,10.517618581666662,10.954501466571443,10.572623763134569,11.09378223642709,50130.0,55530.0,53480.0
2023-03-01,48990.0,58180.0,67140.0,53780.0,53510.0,72150.0,11.063210619337342,54720.0,67290.0,55560.0,59540.0,73620.0,66680.0,74590.0,11.143469186666763,11.410128327715562,11.33715440673783,11.212239203383193,10.760898389671993,10.948013175300472,58350.0,66380.0,69140.0,57360.0,62780.0,56960.0,10.604875682997651,10.595909470156478,11.014538821972666,10.641631999026803,11.113954225978379,41410.0,56500.0,46430.0
2023-03-02,48990.0,59110.0,66740.0,53780.0,54540.0,71330.0,11.068059227434745,53310.0,66400.0,55910.0,59590.0,72560.0,67760.0,75990.0,11.157549676763116,11.410239148230769,11.328052656499585,11.212239203383193,10.769137408730304,10.939887501296903,60050.0,68210.0,69550.0,71970.0,62520.0,60000.0,10.604875682997651,10.588123616077645,11.009422961584018,10.646638446331167,11.09378223642709,45550.0,56800.0,53480.0
2023-03-03,48990.0,62210.0,66230.0,53910.0,54340.0,73840.0,11.068059227434745,52930.0,66250.0,58330.0,62480.0,73670.0,64129.99999999999,75340.0,11.129627832757077,11.426724668462366,11.329615419782558,11.207771646606407,10.753232416566384,10.901561015825624,51990.0,65110.0,67370.0,71970.0,61750.0,58280.0,10.629610022590025,10.584587455185396,11.000281522397453,10.6782377612977,11.071641450995672,43800.0,56270.0,53480.0
2023-03-04,48990.0,63080.0,70810.0,52770.0,55760.0,74630.0,11.135479138929584,52610.0,65390.0,60090.0,63100.0,73720.0,66850.0,74870.0,11.154835234271214,11.416976080918388,11.320323242768653,11.184018539083658,10.763017438588518,10.984122546973575,61380.0,71250.0,69790.0,72480.0,60810.0,60000.0,10.732497780300108,10.604627704024997,11.032321853893817,10.71909569904425,11.083695189061784,43800.0,57090.0,53480.0
2023-03-05,48990.0,63490.0,72680.0,54070.0,58800.0,75390.0,11.132411472622977,53230.0,66970.0,60770.0,64200.0,73270.0,65160.0,74020.0,11.140716200112923,11.43497473425289,11.341674403490117,11.184018539083658,10.769137408730304,10.975944075393727,53160.0,71980.0,69000.0,71470.0,60810.0,52410.0,10.732497780300108,10.609328821154957,11.060384472475045,10.672229100017557,11.11081970791848,43800.0,58000.0,50000.0
2023-03-06,48990.0,70320.0,71700.0,56080.0,63240.0,72740.0,11.13620815071354,54040.0,68600.0,62120.0,69330.0,76320.0,66590.0,74910.0,11.156407651542994,11.413999757013936,11.359669384869282,11.199049987635837,10.791399385808587,10.914561052430187,54940.0,74870.0,65800.0,71070.0,61980.0,60000.0,10.739673908168612,10.679158974600682,11.044855964091758,10.817395447708488,11.149527975270669,43800.0,57700.0,39660.0
2023-03-07,48990.0,72220.0,77850.0,55540.0,65510.00000000001,72050.0,11.132265158280985,55080.0,69490.0,62930.0,69890.0,81130.0,66730.0,77190.0,11.137082263908574,11.477930211972966,11.35850308156823,11.199049987635837,10.77039894671221,10.973717513311941,65209.99999999999,74870.0,68020.0,71810.0,62550.0,55670.0,10.744213867540292,10.692194881655606,11.060069962557526,10.857671193344657,11.155264320609968,32400.0,58020.0,36400.0
2023-03-08,48990.0,73350.0,79090.0,56160.0,65510.00000000001,73930.0,11.136499606683893,54710.0,70430.0,65440.0,69970.0,82500.0,66020.0,77860.0,11.058968398224941,11.492528861305006,11.394828630084016,11.19507280317333,10.798779341814225,10.944311817436843,70280.0,75550.0,67550.0,70720.0,60830.0,59330.0,10.744213867540292,10.711769821588273,11.072729150773492,10.856129499874779,11.177606563002838,34640.0,58880.0,47030.0
2023-03-09,48990.0,73530.0,79800.0,55700.0,65700.0,75390.0,11.151682962743726,54710.0,68850.0,66000.0,71250.0,82770.0,66480.0,77990.0,11.130361121148248,11.493243030450607,11.369989992270412,11.2223191210012,10.791399385808587,10.97303141870689,65360.0,76820.0,70470.0,72840.0,61230.0,58210.0,10.782304843886733,10.704165392288106,11.07490100747803,10.843709631701985,11.167628403875849,41890.0,59660.0,50990.0
2023-03-10,48990.0,74200.0,79000.0,54790.0,64260.00000000001,77090.0,11.1660735453374,55160.0,68860.0,66660.0,72590.0,85280.0,68130.0,79460.0,11.124627160483929,11.51742532539512,11.372639885521103,11.23560288057948,10.782304843886733,10.994252464259327,68380.0,79840.0,73380.0,70160.0,62250.0,56460.0,10.774592616232963,10.75173496195892,11.07490100747803,10.827567866685111,11.162388786133617,41890.0,60490.0,39660.0
2023-03-11,48990.0,73510.0,72550.0,56660.0,66960.0,79740.0,11.192182866391956,53500.0,70060.0,66920.0,72440.0,86440.0,71020.0,79610.0,11.054233615622806,11.474714641706449,11.293163689002427,11.202329530346486,10.763017438588518,10.982764104897495,69330.0,80250.0,73060.0,82440.0,62570.0,58210.0,10.842341802819034,10.768716542159835,11.08108044658523,10.834095305005075,11.192596226186202,45830.0,61440.0,36060.0
2023-03-12,48990.0,74100.0,75940.0,54170.0,66760.0,81080.0,11.181653682515929,55200.0,70190.0,66250.0,72110.0,87270.0,70480.0,81210.0,11.282769886756641,11.527134043337512,11.278227922626957,11.202329530346486,10.783135046711445,10.979018845927424,64500.0,80910.0,72160.0,71100.0,64099.99999999999,53050.0,10.83014437040946,10.788514629733339,11.094390314766315,10.844100096555348,11.19163145407322,39790.0,61270.0,48370.0
2023-03-13,48990.0,73100.0,78040.0,53690.0,65890.0,77750.0,11.277595459541718,57520.0,71080.0,67700.0,74870.0,88440.0,72410.0,81040.0,11.253001221229493,11.551482496397044,11.248321694680524,11.202329530346486,10.783757246831069,10.999279200267464,69340.0,78950.0,70740.0,70810.0,65670.0,60000.0,10.866871771942366,10.798166421433821,11.099090426517867,10.954151822330891,11.206413891581187,34760.0,62790.0,38820.0
2023-03-14,48990.0,72850.0,76790.0,53910.0,64920.0,76800.0,11.232298446992123,57220.0,70520.0,68190.0,74520.0,88030.0,70490.0,81880.0,11.272648470915172,11.586371074953409,11.275568885403834,11.202329530346486,10.778351940641137,10.968904936346597,70120.0,79780.0,75380.0,71340.0,66970.0,60000.0,10.903953977980661,10.783549889802996,11.10482187913902,10.92018454800297,11.274807860012277,33000.0,61200.0,48370.0
2023-03-15,48990.0,72250.0,75520.0,53960.0,65890.0,77580.0,11.245581823958364,56200.0,71840.0,68110.0,74960.0,88090.0,69310.0,81550.0,11.284656300113475,11.586371074953409,11.231901180182513,11.218433591700967,10.793249487064015,10.942721317684738,68610.0,80220.0,74690.0,75860.0,68220.0,57010.0,10.930263645585358,10.798779341814225,11.095149893084974,10.958165369058063,11.28125818971513,30000.0,61050.0,48370.0
2023-03-16,48990.0,74600.0,77420.0,53960.0,66970.0,71990.0,11.344400298797051,56020.0,71170.0,68330.0,77520.0,85870.0,68880.0,81150.0,11.199460519143054,11.56732841934952,11.202193097253064,11.218433591700967,10.771029119400374,11.04899933028452,63450.0,82980.0,73290.0,68970.0,67870.0,63090.0,10.94183661241081,10.84038451030323,11.154978283509006,10.91710461223978,11.306651321699022,32400.0,61050.0,51960.0
2023-03-17,48990.0,75810.0,80000.0,53960.0,70810.0,78650.0,11.367911253546788,57500.0,73600.0,67340.0,76290.0,86380.0,69990.0,81360.0,11.233753743203247,11.544336918924321,11.139990468543681,11.233489301372298,10.70101727068921,11.083695189061784,74150.0,82790.0,76570.0,72810.0,69390.0,63090.0,10.94183661241081,10.86477077032911,11.166921949681214,10.95729422815692,11.345937741741457,41890.0,59120.0,54770.0
2023-03-18,48990.0,76510.0,79320.0,53840.0,70710.0,83250.0,11.4244329916988,58590.0,73620.0,68320.0,77050.0,89230.0,69220.0,82050.0,11.21722466159107,11.572994638436139,11.126983533350797,11.242703408761695,10.798166421433821,11.091193770398117,69020.0,82500.0,71350.0,64260.00000000001,65690.0,66040.0,10.91000282698325,10.864197002956908,11.180817690214102,10.95659676862489,11.351711565902628,45830.0,60060.0,42730.0
2023-03-19,48990.0,77140.0,80610.0,52680.0,69910.0,84100.0,11.415984956902713,58590.0,73640.0,68360.0,75110.0,89050.0,71470.0,82250.0,11.279365349132823,11.580780355869482,11.07117493153335,11.244666862976436,10.801227273515407,11.139118894862325,66320.0,83300.0,69540.0,68720.0,63230.0,64470.0,10.923976124422659,10.85805624562026,11.202329530346486,10.940596708610187,11.388846400857025,45830.0,60030.0,55860.0
2023-03-20,48990.0,78740.0,82430.0,55130.0,69550.0,84100.0,11.33381076072374,57300.0,76860.0,68420.0,77500.0,86510.0,70130.0,79990.0,11.254556209815618,11.571958232222919,11.078458849302987,11.226322809738011,10.815187764075905,11.22325474981197,68410.0,82980.0,73850.0,67070.0,70650.0,61730.0,10.9404194539302,10.87674445755095,11.203692838488003,10.954326659732555,11.375053235961534,40660.0,60640.0,44370.0
2023-03-21,48990.0,79830.0,81840.0,54600.0,70970.0,85710.0,11.21304934641774,57300.0,79480.0,70390.0,76330.0,87510.0,68790.0,79900.0,11.215745092817135,11.579939045619438,11.077841002787293,11.229647015655297,10.79181081532623,11.25520340876127,69150.0,85270.0,71840.0,68640.0,70650.0,56460.0,10.9404194539302,10.87409600061987,11.198091424858745,10.974917047351173,11.332374340036496,39790.0,61060.0,37950.0
2023-03-22,48990.0,70000.0,81840.0,53460.0,70970.0,85710.0,11.062426379382472,56600.0,79620.0,70490.0,75740.0,83430.0,67500.0,79590.0,11.197954412280776,11.53087343227086,11.082773119257247,11.237448604956809,10.794275843997859,11.255979494997531,71120.0,84040.0,71000.0,70790.0,70840.0,62670.0,11.003948132061854,10.87049040995193,11.203011416743362,10.973546033786176,11.21507183719695,42080.0,61600.0,42150.0
2023-03-23,48990.0,80410.0,81180.0,53090.0,63820.0,85710.0,11.049635250243629,55640.0,78860.0,69870.0,74670.0,82430.0,64989.99999999999,78270.0,11.241523483091212,11.534501029487908,11.112313560992032,11.233224789593368,10.809546113844034,11.237843674494185,71520.0,82570.0,71510.0,72010.0,70760.0,61730.0,10.986495389225194,10.87257944140141,11.184435286790631,10.956247856355338,11.269847027614036,39790.0,60160.0,42150.0
2023-03-24,48990.0,78250.0,81220.0,53460.0,71960.0,83720.0,11.061327409163853,57100.0,77400.0,71000.0,72950.0,82650.0,63990.0,78090.0,11.19521021111023,11.483712902780677,11.112014968851744,11.214532906153606,10.820198196234971,11.274046255019954,74760.0,83280.0,70830.0,71550.0,70490.0,63090.0,10.962683108840446,10.844295271823357,11.17424479154663,10.936333900428618,11.398311153600078,39790.0,61490.0,36990.0
2023-03-25,48990.0,76710.0,81800.0,54020.0,70970.0,83720.0,11.206549750071193,58000.0,77860.0,70290.0,74080.0,81070.0,63630.0,76390.0,11.19135563385109,11.499749035853595,11.12860032481358,11.224189504039689,10.798779341814225,11.302833865150633,74120.0,85670.0,71020.0,79360.0,71160.0,64150.00000000001,10.938467575959383,10.844880569171112,11.147368333795482,10.96181589635374,11.403121759615027,39790.0,60910.0,36260.0
2023-03-26,48990.0,76350.0,79120.0,51010.0,68180.0,84630.0,11.08798697535854,58000.0,78040.0,69490.0,72370.0,81410.0,65170.0,77240.0,11.179422814759526,11.514534170309645,11.117078949527887,11.19973411321324,10.799187746794274,11.32165599473485,77010.0,84850.0,69820.0,78630.0,71560.0,62790.0,10.927035001141991,10.841167887088753,11.037000338212293,10.939532708935408,11.407464944312068,41890.0,60570.0,41600.0
2023-03-27,48990.0,66450.0,73320.0,49990.0,59690.0,84520.0,10.96146880067333,54110.0,74550.0,62540.0,67490.0,79050.0,63940.0,75390.0,11.182210622701028,11.469924013825526,11.170026621880517,11.206413891581187,10.758349589413635,11.232166042257138,61680.0,83220.0,65480.00000000001,71720.0,71690.0,64150.00000000001,10.922533408982428,10.81055588854814,11.041496820872945,10.969766025505303,11.142890240043943,44100.0,61140.0,54770.0
2023-03-28,48990.0,54660.0,71450.0,50420.0,47990.0,79530.0,10.851296331126829,53540.0,67140.0,51550.0,56380.0,79050.0,63500.0,74080.0,11.173964133120124,11.44272829718093,11.028271034951294,11.245973693967036,10.738372982159593,11.18623918925854,75250.0,81940.0,71570.0,70080.0,71690.0,61730.0,10.920003637661642,10.824586705402588,11.038447842325047,10.871630422615535,11.091498643801799,41890.0,57290.0,33900.0
2023-03-29,48990.0,56670.0,59330.0,50520.0,44250.0,71340.0,10.776891660007811,49640.0,62880.0,42780.0,48840.0,77860.0,64280.0,73120.0,11.094998023570968,11.407576060361786,11.035389539068879,11.247930743883217,10.725489582719506,11.160114474908951,75450.0,74950.0,71330.0,72060.0,70990.0,63090.0,10.833503659028759,10.785414556982323,10.985140168879203,10.851490107044963,10.988017819994926,39790.0,55850.0,34340.0
2023-03-30,48990.0,52820.0,57520.0,50520.0,46450.0,71220.0,10.636119834372657,43100.0,57640.0,42750.0,49720.0,73670.0,58230.0,69970.0,11.077377367258325,11.386579622903266,10.887268694433738,11.24688746057632,10.712215345197256,11.172278526394377,78270.0,80730.0,73320.0,71370.0,71760.0,61020.0,10.80529389020931,10.757924157061597,10.915470209522413,10.91565194179493,10.90063911886528,37740.0,52620.0,27350.0
2023-03-31,48990.0,49730.0,57050.0,49280.0,44080.0,68840.0,10.569032265982456,42650.0,57350.0,42960.0,47770.0,73000.0,57870.0,67600.0,11.04517529477736,11.322503185742365,10.950648639613158,11.211833885608513,10.634917506521377,11.16833435934526,68180.0,77560.0,68390.0,71520.0,68940.0,61360.0,10.737721883950984,10.685126264117057,10.839208293273227,10.81055588854814,10.807118486263493,41890.0,51320.0,34340.0
2023-04-01,48990.0,43800.0,55920.0,46010.0,41400.0,69430.0,10.506463824584774,43300.0,57870.0,40120.0,44940.0,72470.0,57500.0,66180.0,10.97765344829931,11.308738595005506,10.931516419748775,11.264989608596517,10.634917506521377,11.171856680390034,63300.0,74360.0,67490.0,67050.0,69310.0,54710.0,10.656812196128389,10.639718168629964,10.74744412273953,10.78768888290167,10.766609548270216,37440.0,51690.0,37340.0
2023-04-02,48990.0,42940.0,52670.0,46210.0,40220.0,62870.0,10.405201793433656,44750.0,58150.0,39280.0,42360.0,71400.0,54870.0,65740.0,10.951700883620385,11.233224789593368,10.919641718763716,11.184435286790631,10.63804055715469,11.19328477970024,63440.0,66230.0,71540.0,67210.0,68450.0,54790.0,10.605619251167537,10.553753327777704,10.76259398788244,10.714439990727769,10.702367679392998,45830.0,52050.0,38620.0
2023-04-03,48990.0,41000.0,50730.0,44850.0,40220.0,65310.0,10.45509997020284,43980.0,54840.0,39790.0,40460.0,65950.0,53820.0,62140.0,10.915288444217273,11.153260340608929,10.989875426581515,11.18151439899016,10.643303601288238,11.125216774451276,71470.0,56280.0,66090.0,66340.0,66950.0,55700.0,10.62135173563291,10.5200506209133,10.76195847542619,10.63804055715469,10.695823744135065,37440.0,49850.0,38260.0
2023-04-04,48990.0,37700.0,50710.0,45720.0,35800.0,59140.0,10.486010387763148,46430.0,53330.0,38670.0,39270.0,64610.0,49990.0,63070.0,10.920546270529567,11.142310958047757,10.96458833319395,11.16564907309151,10.620619778346533,11.121525970686776,68670.0,50710.0,70470.0,66780.0,69470.0,55440.0,10.57441468619423,10.466554521147781,10.703266939811954,10.487126739641525,10.700341381869716,38890.0,47560.0,38260.0
2023-04-05,48990.0,35600.0,48920.0,42780.0,32990.0,60740.0,10.477316144080852,45150.0,50960.0,37190.0,36730.0,64500.0,47680.0,61070.0,10.835474452516607,11.185823192802378,10.957468517058643,11.15512131228664,10.615726323351593,11.113059651512495,62250.0,50180.0,66600.0,60660.0,70270.0,58260.0,10.52891783292566,10.444095254586585,10.628641991731053,10.464559422726214,10.671997275090702,39790.0,43860.0,38260.0
2023-04-06,48990.0,33620.0,45110.0,43350.0,31470.0,61380.0,10.462274425587943,45330.0,49820.0,36310.0,34030.0,62720.0,49730.0,60620.0,10.814182658053124,11.170871680451109,10.943428518789156,11.071330462204312,10.634917506521377,11.11350703877837,67430.0,47910.0,66440.0,62980.0,71180.0,55440.0,10.542732775946709,10.410636425329677,10.528382658579849,10.49684202174171,10.636840537810377,30000.0,43830.0,26830.0
2023-04-07,48990.0,33640.0,45930.0,43710.0,31820.0,58280.0,10.431199791458543,44080.0,49300.0,36210.0,34060.0,63980.0,50770.0,60140.0,10.976286183811219,11.151108753342497,10.977994972525236,11.13722787518497,10.612532688248846,11.006772241852998,55560.0,48480.0,67310.0,56330.0,69080.0,53130.0,10.540619782899379,10.410636425329677,10.528382658579849,10.487126739641525,10.595659257474393,45060.0,42850.0,31750.0
2023-04-08,48990.0,30650.0,44960.0,42970.0,27660.0,54850.0,10.384091054112533,44080.0,49750.0,35260.0,34240.0,63770.0,51090.0,59760.0,10.85805624562026,11.151108753342497,10.98055269311614,11.11767302953823,10.581800244137618,11.05802323345963,61460.0,46260.0,68030.0,57630.0,70670.0,52840.0,10.511376364144162,10.402169742355426,10.480129006333248,10.48824184666795,10.575436632579892,39340.0,43420.0,32760.0
2023-04-09,48990.0,31820.0,44780.0,44190.0,29770.0,53820.0,10.35682176584848,40780.0,47200.0,34490.0,32340.000000000004,62320.0,52270.0,59510.0,10.81859758766212,11.164941218710066,10.98936914872542,11.115889729664524,10.5477333127379,11.030217476012854,60220.0,44540.0,64610.0,54390.0,70880.0,54510.0,10.511376364144162,10.408224678961561,10.559737318992255,10.48824184666795,10.569032265982456,36440.0,43080.0,54770.0
2023-04-10,48990.0,32090.000000000004,43160.0,43710.0,29570.0,54770.0,10.344995251991222,43240.0,44400.0,33230.0,30290.0,63670.0,49070.0,59010.0,10.841755017213652,11.177886201152898,10.92990542165575,11.098182449881282,10.548258233355712,11.032645211643478,65280.0,40430.0,67250.0,59270.0,69390.0,51600.0,10.537176618145875,10.405807102008174,10.489077361672273,10.45365888164355,10.482933978579906,39340.0,42390.0,35090.0
2023-04-11,48990.0,28940.0,42210.0,43060.0,29170.0,50560.0,10.330094260397667,43860.0,42570.0,32550.0,29620.0,65340.0,46730.0,58010.0,10.778351940641137,11.164091131524941,10.97987127369317,11.082926856612652,10.517618581666662,10.886707695092223,63200.0,39420.0,68510.0,53890.0,70030.0,51600.0,10.487405632994514,10.376019233564437,10.497118219058828,10.444677479283538,10.43385106267516,39340.0,42410.0,33020.0
2023-04-12,48990.0,28530.0,41320.0,39370.0,29140.0,50240.0,10.246758057051174,44190.0,42580.0,31390.0,28590.0,61410.0,51850.0,58010.0,10.795301148603121,11.164091131524941,10.987003123724813,11.084769863692358,10.511920715155126,10.948013175300472,63030.0,37980.0,65970.0,56960.0,70030.0,50970.0,10.487405632994514,10.35108579524461,10.394549148260978,10.399128469976915,10.442054794483777,39340.0,42550.0,30650.0
2023-04-13,48990.0,27650.0,40430.0,40040.0,29140.0,48710.0,10.22958472526072,44150.0,42270.0,30160.0,28070.0,61660.0,50090.0,58110.0,10.781889483867468,11.214667666146262,10.968387926718702,11.113954225978379,10.53212287826962,10.92415631759022,61340.0,36380.0,63220.0,58400.0,65060.0,51600.0,10.468261443129174,10.373209892223665,10.41843467126129,10.42141787803205,10.41574215482581,38420.0,40170.0,30650.0
2023-04-14,48990.0,27950.0,40050.0,40040.0,28600.0,43530.0,10.151947911834128,42800.0,41510.0,29830.0,28230.0,62370.0,49780.0,58070.0,10.785828455707216,11.185961877516771,10.891373101232977,11.098939154318382,10.52166870060616,10.805090951658405,58170.0,36330.0,70470.0,56190.0,66310.0,54510.0,10.383163008509824,10.378198833381106,10.380373692872555,10.399128469976915,10.398519104003334,38420.0,39950.0,31210.0
2023-04-15,48990.0,27390.0,40050.0,40960.0,28760.0,44850.0,10.227778757855184,41400.0,41250.0,30030.0,28000.0,62340.0,48430.0,58620.0,10.752377002814772,11.172137930831342,10.958861735792912,11.19328477970024,10.511920715155126,10.82677375892267,59160.0,36810.0,66290.0,54260.0,68010.0,56090.0,10.371019379393825,10.350766163457703,10.367253014814716,10.456251347665171,10.450770459312455,44270.0,41420.0,28360.0
2023-04-16,48990.0,27660.0,40640.0,40980.0,28760.0,46340.0,10.253122775683622,41800.0,41350.0,29640.0,27770.0,64940.0,46260.0,58180.0,10.679849328089071,11.184296390185041,10.966662628245496,11.150677879811573,10.51219277958166,10.868968368601042,55600.0,35920.0,63810.0,58820.0,69060.0,56090.0,10.373209892223665,10.354913429020494,10.373209892223665,10.451348811602946,10.468261443129174,44270.0,39680.0,29490.0
2023-04-17,48990.0,27280.0,42500.0,42740.0,30940.0,45610.0,10.231387437026681,40840.0,42630.0,31350.0,27490.0,64670.0,46980.0,58310.0,10.86266534521266,11.287792435957007,10.95781700375869,11.09073628594461,10.519240598188375,10.847801928316501,60240.0,35650.0,65560.0,56270.0,68370.0,53350.0,10.32649783986004,10.354595018522993,10.354595018522993,10.457688707770052,10.428245666832275,39340.0,40390.0,23995.0
2023-04-18,48990.0,27160.0,44200.0,42010.0,38010.0,51260.0,10.356503962502515,42580.0,44980.0,36560.0,28480.0,65850.0,50360.0,59300.0,10.843514342086866,11.231636247937386,10.92990542165575,11.098333836583762,10.533721557035943,10.90377010713103,59500.0,35950.0,66900.0,56160.0,70590.0,51800.0,10.36252502264981,10.34788487064608,10.384400211352364,10.484053768176494,10.440010162389305,41890.0,42440.0,31210.0
2023-04-19,48990.0,27820.0,45330.0,40590.0,35690.0,51260.0,10.39973746484973,45170.0,45490.0,37890.0,31460.0,64540.00000000001,51580.0,62110.0,10.960426790193678,11.276329332076138,10.994084470441106,11.212374272809082,10.64830170765649,10.893790537697386,69260.0,37190.0,66150.0,58140.0,70280.0,54470.0,10.391177600899962,10.353001443478973,10.39973746484973,10.396688774948379,10.516264888585782,40160.0,42020.0,33740.0
2023-04-20,48990.0,28070.0,44670.0,41820.0,37420.0,53210.0,10.593906013524816,50740.0,43390.0,37620.0,32300.0,65099.99999999999,55570.0,66670.0,10.981403814946024,11.276329332076138,11.019301048524012,11.112164276066546,10.634436170322823,10.92775337907558,63350.0,38430.0,62430.0,57690.0,70170.0,52680.0,10.391177600899962,10.383781801264941,10.479004810717253,10.592149690311398,10.594657780211852,50890.0,44030.0,35780.0
2023-04-21,48990.0,28100.0,44670.0,41820.0,39650.0,53920.0,10.564137367503298,55230.0,47760.0,38860.0,34480.0,65640.0,59920.0,72370.0,10.991055745741916,11.298134434036164,10.985648591762406,11.206821411691152,10.675006815282412,10.902666171488752,63880.0,38950.0,62790.0,56090.0,70780.0,54470.0,10.39179145561983,10.399433013772667,10.619154254525943,10.620863823642551,10.63106031411106,41890.0,44200.0,33310.0
2023-04-22,48990.0,28780.0,48680.0,49990.0,39560.0,54590.0,10.580784783666006,51470.0,46820.0,39720.0,37490.0,65330.0,66940.0,73480.0,10.96025301616898,11.333212502832822,11.110969193687714,11.127277689932466,10.819798284210286,11.015854806436574,70560.0,41670.0,63000.0,57490.0,85900.0,54470.0,10.53212287826962,10.4954598897216,10.463131911491967,10.63804055715469,10.668513436561481,40940.0,48990.0,26280.0
2023-04-23,48990.0,29830.0,44760.0,50000.0,39490.0,53210.0,10.528650281554203,49980.0,46000.0,38860.0,37010.0,64709.99999999999,61950.0,71900.0,10.851490107044963,11.421807485601441,11.225256725762893,11.127277689932466,10.544051132937742,10.948189089173493,63470.0,38950.0,64640.0,56080.0,74110.0,54290.0,10.420523850078832,10.379131495265538,10.65351116273777,10.542468895852291,10.679389145388422,41890.0,45800.0,31150.0
2023-04-24,48990.0,29180.0,45370.0,39360.0,35000.0,52880.0,10.52166870060616,44390.0,47970.0,35440.0,35340.0,61720.0,58930.0,70660.0,10.77438334991989,11.176207198086052,10.950999510654109,11.18151439899016,10.710655143391888,10.944664918551014,52900.0,39300.0,59480.0,64849.99999999999,72200.0,56460.0,10.427949773825027,10.379752786950895,10.625003507146516,10.523822075506256,10.564911840900125,41890.0,43990.0,44720.0
2023-04-25,48990.0,29440.0,43470.0,42030.0,33760.0,50650.0,10.310651217279874,41130.0,44900.0,34710.0,35200.0,66520.0,57100.0,69220.0,10.96181589635374,11.176207198086052,11.017497355384242,11.237975329663158,10.665484260976488,11.039893254197803,51400.0,38780.0,62540.0,55080.0,72900.0,56090.0,10.469965456491995,10.397909366476442,10.555317824459362,10.629126124296002,10.494629692640487,48790.0,45400.0,28460.0
2023-04-26,48990.0,27630.0,39600.0,44080.0,28930.0,51540.0,10.27646390360756,41810.0,43590.0,29460.0,28260.0,64129.99999999999,54480.0,65360.0,10.772917258256959,11.145492864378536,10.930979708701113,11.158975376666717,10.604131561522696,10.980722975444651,56450.0,36680.0,62040.0,57910.0,72320.0,53910.0,10.469965456491995,10.386561639971275,10.38625315033408,10.679158974600682,10.540619782899379,41210.0,42160.0,26830.0
2023-04-27,48990.0,26920.0,37620.0,44040.0,24480.0,49130.0,10.197685848215706,39490.0,41620.0,27700.0,24800.0,62160.0,50410.0,63450.0,10.856515146126256,11.176347222730618,10.735113243529035,11.145637256200434,10.535051839784135,10.97697004973177,54120.0,38010.0,62860.0,56310.0,70580.0,52680.0,10.456251347665171,10.373834872713369,10.457975932036732,10.5610334618531,10.534253882512301,36940.0,41590.0,29470.0
2023-04-28,48990.0,26050.0,34310.0,44040.0,21120.0,46510.0,10.204739634516608,39940.0,38810.0,25550.0,24890.0,57400.0,49610.0,61030.0,10.798779341814225,11.231636247937386,10.620131509007471,11.125216774451276,10.44088694523715,11.021918808236205,57490.0,36870.0,60700.0,55330.0,77500.0,49820.0,10.382543832613134,10.330746767679962,10.481251939552509,10.565427823471362,10.439717730523844,33140.0,36570.0,28460.0
2023-04-29,48990.0,25830.0,33300.0,43050.0,20480.0,45610.0,10.215044830421325,38870.0,38020.0,26590.0,24510.0,60930.0,50730.0,61310.0,10.81156464463578,11.216821359889048,10.629126124296002,11.132411472622977,10.378198833381106,10.939532708935408,49120.0,38010.0,58410.0,55330.0,69830.0,44500.0,10.375707473990893,10.317615033722944,10.345959386273387,10.493521689978726,10.453370414555645,41830.0,35950.0,35780.0
2023-04-30,48990.0,26130.0,35150.0,40650.0,21690.0,44030.0,10.287422542093928,37960.0,38240.0,25480.0,24810.0,59620.0,49370.0,59890.0,10.789133492695576,11.223521911620107,10.701242465483658,11.213319248310043,10.435614679722034,10.898238201670146,48960.0,37700.0,61950.0,57530.0,69090.0,44500.0,10.35682176584848,10.321572692000395,10.397299256942858,10.454235566299538,10.50015136537585,40990.0,35660.0,25870.0
2023-05-01,48990.0,25590.0,34640.0,41190.0,22110.0,43180.0,10.360627548882315,37560.0,36610.0,26270.0,24180.0,59470.0,49480.0,59890.0,10.838030691127368,11.210616945656284,10.704838702305462,11.19369768435266,10.431199791458543,10.913651068019124,46480.0,37360.0,59610.0,57270.0,67610.0,45830.0,10.35682176584848,10.26851253764627,10.416341118636355,10.483773938311225,10.434733259991683,42660.0,33580.0,33470.0
2023-05-02,48990.0,25420.0,34820.0,38050.0,22000.0,43940.0,10.400954343099128,37740.0,37340.0,25210.0,24110.0,62030.0,50950.0,58620.0,10.83093580710616,11.164941218710066,10.66874607044333,11.152973729638365,10.361260440267637,10.857671193344657,51150.0,36630.0,60750.0,59920.0,69830.0,44500.0,10.294211203989256,10.286059261830982,10.395772352596852,10.430019188623735,10.493244497383538,37940.0,34890.0,28190.0
2023-05-03,48990.0,23980.0,32120.0,37030.0,20770.0,43940.0,10.494075844768336,33450.0,35400.0,24740.0,24490.0,61620.0,48450.0,57370.0,10.83034228831376,11.164941218710066,10.643303601288238,10.99525983493937,10.270246481762213,10.882020420873696,43150.0,35830.0,61550.0,55860.0,69920.0,43800.0,10.204369620451851,10.233905786321381,10.372584520889065,10.445259365192133,10.519240598188375,35700.0,33680.0,33470.0
2023-05-04,48990.0,23870.0,32120.0,35840.0,20770.0,43940.0,10.452215713350586,32640.0,35560.0,24610.0,24170.0,62540.0,51560.0,56650.0,10.84819079884696,11.15254365910017,10.61719687580895,11.053917164931093,10.303638565820524,10.793454842740767,47940.0,35550.0,59210.0,56490.0,69720.0,42810.0,10.196940441748334,10.22015787614662,10.327479965258176,10.399433013772667,10.473081959467745,35700.0,32190.0,23995.0
2023-05-05,48990.0,22430.0,31700.0,35840.0,20910.0,39900.0,10.519510678674001,33310.0,35990.0,24120.0,23730.0,61880.0,49400.0,54910.0,10.800004056710831,11.167063280451984,10.64354217367223,11.022082190911469,10.319925570795222,10.791605121726688,49920.0,34540.0,57210.0,60240.0,68600.0,43800.0,10.173552856959741,10.227055456677217,10.305312710723696,10.411238454185042,10.504272703223902,23953.75,32800.0,26170.0
2023-05-06,48990.0,23080.0,32750.0,35840.0,21060.0,39710.0,10.480690630565247,33330.0,34870.0,24770.0,24560.0,58770.0,51890.0,56870.0,10.828163033944676,11.153260340608929,10.659867714887898,11.094998023570968,10.319925570795222,10.883522740361526,53580.0,34160.0,61940.0,58860.0,71810.0,41890.0,10.140573455973042,10.214312256490171,10.316292325947678,10.435908313738707,10.51110407747908,37940.0,31840.0,23995.0
2023-05-07,48990.0,22510.0,33300.0,32800.0,21820.0,40500.0,10.481532475939918,33330.0,34050.0,25630.0,25240.0,59570.0,51370.0,56470.0,10.714217748749789,11.20695721483113,10.64306497197388,11.066185134649652,10.3475642139384,10.969421678813655,45920.0,34570.0,59920.0,59080.0,73660.0,48490.0,10.196940441748334,10.192081708912877,10.271977424519397,10.448453699421849,10.495183233934963,42660.0,31890.0,33470.0
2023-05-08,48990.0,23410.0,33500.0,34280.0,22390.0,40500.0,10.410937485062203,32040.0,35360.0,26320.0,26500.0,59200.0,47790.0,56020.0,10.779393694214807,11.20695721483113,10.631301825004375,11.051699201695522,10.309319260105164,10.902297921958711,54060.0,33920.0,58430.0,59560.0,77180.0,43780.0,10.138599199626192,10.192456296870509,10.43060966426901,10.438547147147077,10.4954598897216,33470.0,32150.0,23995.0
2023-05-09,48990.0,22370.0,35770.0,34110.0,24600.0,41300.0,10.462274425587943,32040.0,34960.0,27270.0,26820.0,58130.0,48740.0,55020.0,10.76004951120163,11.20355659128086,10.57824161197918,11.040214173312895,10.33692444371904,10.801227273515407,46870.0,35170.0,60910.0,58860.0,73100.0,44690.0,10.121055589517152,10.184182773688342,10.394243113248184,10.379752786950895,10.49684202174171,43470.0,32750.0,23995.0
2023-05-10,48990.0,23860.0,35410.0,30190.0,27890.0,40500.0,10.491024186183038,31790.0,35240.0,29100.0,28140.0,58700.0,50240.0,54120.0,10.82319244951007,11.20355659128086,10.559218391085642,11.010415172807951,10.288443784012753,10.86801591500877,42530.0,35390.0,59780.0,59500.0,81350.0,42950.0,10.151557835374195,10.147256921643994,10.394243113248184,10.438839921478714,10.50454685609326,36770.0,32780.0,23995.0
2023-05-11,48990.0,24800.0,36700.0,29840.0,27660.0,41300.0,10.454523783963511,31820.0,35520.0,29460.0,29000.0,58690.0,49010.0,54120.0,10.84038451030323,11.20355659128086,10.544314595896374,11.00561033885736,10.316953898529778,10.93348189942236,49130.0,35140.0,63940.0,59670.0,82160.0,41700.0,10.151557835374195,10.165505603232393,10.370706056919774,10.357457069703907,10.509468798708518,43470.0,32320.0,23995.0
2023-05-12,48990.0,25360.0,35190.0,28740.0,27660.0,42340.0,10.505916494175116,31920.0,36360.0,29210.0,28330.0,56640.0,48410.0,53900.0,10.805902458874634,11.188316579696238,10.561292488948782,11.021918808236205,10.310983929553371,10.878254718169135,48790.0,35740.0,61880.0,55980.0,84740.0,41510.0,10.151557835374195,10.134638955251866,10.319265961919356,10.404293143019792,10.509468798708518,35700.0,32960.0,26030.0
2023-05-13,48990.0,25200.0,36700.0,29080.0,27660.0,44030.0,10.465984899076613,32720.0,36440.0,27590.0,28840.0,57460.0,47630.0,55920.0,10.802855905214333,11.169885709330611,10.630818744876143,10.999112048861333,10.334652895494106,10.98818683598424,42890.0,35740.0,63960.0,60370.0,86640.0,42270.0,10.142150059508008,10.15116760669524,10.370079117304869,10.463703160543519,10.49490650158872,43470.0,30900.0,31300.0
2023-05-14,48990.0,24910.0,35990.0,28500.0,27660.0,42430.0,10.436201861559756,32470.0,36270.0,28450.0,28170.0,56950.0,48870.0,55980.0,10.760686237600593,11.104220112937112,10.611547975828369,10.942190588450329,10.31231367277647,11.007435580793757,52590.0,35550.0,60700.0,58900.0,83390.0,42810.0,10.142150059508008,10.140573455973042,10.39516093745751,10.440302508763368,10.539826258020412,44270.0,30660.0,24500.0
2023-05-15,48990.0,25310.0,34910.0,28500.0,26890.0,43270.0,10.378198833381106,32470.0,35080.0,29180.0,28920.0,54530.0,49510.0,55740.0,10.837834289209853,11.114699093873261,10.56284524410665,10.958165369058063,10.344351978996153,10.95187615002577,42750.0,37190.0,62240.0,55780.0,86300.0,42810.0,10.184937747111391,10.133050455652521,10.374459462846412,10.430314470029058,10.483494030119285,44270.0,32760.0,31300.0
2023-05-16,48990.0,26800.0,34970.0,28020.0,26130.0,42430.0,10.332701738815134,32150.0,36320.0,28880.0,29330.0,57590.0,52290.0,56640.0,10.860939421415223,11.133727339237783,10.560774367644996,10.993244077760206,10.358726467862367,10.987341470228692,48500.0,38400.0,64620.00000000001,60000.0,87420.0,45010.0,10.099917450331914,10.149996006155071,10.33789638703407,10.44380401506915,10.464559422726214,36150.0,31900.0,24500.0
2023-05-17,48990.0,28580.0,36640.0,27970.0,27100.0,44030.0,10.324530690607611,32150.0,36340.0,29480.0,29600.0,54510.0,52300.0,56040.0,10.795096171764786,11.122560769584661,10.576202407581578,10.929547069355774,10.356503962502515,10.95764277558904,53800.0,37340.0,66790.0,66190.0,85780.0,45010.0,10.113383743764707,10.17888193964875,10.378198833381106,10.395772352596852,10.451637862362272,41830.0,33200.0,33470.0
2023-05-18,48990.0,27070.0,36230.0,26400.0,27100.0,43180.0,10.360944044643913,32700.000000000004,36530.0,29800.0,30470.0,57850.0,51490.0,57260.0,10.824984707437652,11.085996650738,10.596659732783579,11.019956131169735,10.37633089597424,10.989706695774244,38340.0,37900.0,65519.99999999999,65239.99999999999,88600.0,44090.0,10.15545176965853,10.181535869019623,10.366309203003638,10.377576575186112,10.44961275028905,32270.000000000004,32440.0,24500.0
2023-05-19,48990.0,30460.0,36870.0,25990.0,28360.0,42430.0,10.348525875764018,31510.0,36640.0,30330.0,30510.0,58850.0,49980.0,58140.0,10.809950146091303,11.070085538995333,10.559218391085642,10.923074671219148,10.359677460135904,10.977482642436838,51560.0,38350.0,62150.0,61740.0,89040.0,45270.0,10.137808404440463,10.171642709679686,10.357139468227567,10.385944565501662,10.475060143575218,40990.0,31930.0,25610.0
2023-05-20,48990.0,31770.0,37800.0,26400.0,30750.0,42430.0,10.292857153479405,33140.0,37720.0,31480.0,31140.0,57350.0,49130.0,59290.0,10.788514629733339,11.106474871430772,10.555317824459362,11.011241264121493,10.37882070461162,10.944841422363956,51220.0,40040.0,63000.0,65200.0,88540.0,40390.0,10.097449430486757,10.130264495082757,10.354595018522993,10.39056336913101,10.471383252907115,40990.0,31850.0,33470.0
2023-05-21,48990.0,32820.0,39190.0,26460.0,34860.0,43740.0,10.304643389056194,31920.0,37730.0,31440.0,32490.000000000004,57430.0,46500.0,59730.0,10.784793387507323,11.071641450995672,10.531055670783255,10.92990542165575,10.375707473990893,10.91237569707775,58750.0,41660.0,61250.0,59880.0,89710.0,44980.0,10.122261571332395,10.14136206845033,10.339514196226636,10.317615033722944,10.450770459312455,40990.0,32270.000000000004,33470.0
2023-05-22,48990.0,35990.0,39740.0,27120.0,34860.0,48710.0,10.310318394272075,32470.0,40890.0,33160.0,35110.0,58260.0,50890.0,59690.0,10.768295498386115,11.052650359802138,10.515451792270389,10.983273736954189,10.37633089597424,10.895275291408279,64760.00000000001,47380.0,62340.0,59600.0,90950.0,44090.0,10.110542371500753,10.115408363827857,10.364418902828275,10.39973746484973,10.432084329787237,37440.0,32430.0,25610.0
2023-05-23,48990.0,37640.0,42590.0,26780.0,36390.0,46720.0,10.276119503549053,32470.0,43190.0,34350.0,34800.0,58560.0,53180.0,59690.0,10.76259398788244,11.070085538995333,10.524090921620362,10.983273736954189,10.375395617193005,10.908905754228723,61420.0,45120.0,61240.0,64849.99999999999,87920.0,42810.0,10.092908846445305,10.093735942146068,10.373522431293592,10.38871840689063,10.422608673326225,34370.0,33630.0,33470.0
2023-05-24,48990.0,37870.0,41580.0,28070.0,34860.0,47260.0,10.27646390360756,33030.0,42990.0,34930.0,35210.0,55910.0,53640.0,59230.0,10.767242112707452,11.07814997376193,10.499876004651563,10.993244077760206,10.395772352596852,10.887829379231441,62210.0,42090.0,62290.0,62590.0,88470.0,42810.0,10.104426393862145,10.108915098044557,10.358409269356885,10.316623166948512,10.37633089597424,34370.0,33730.0,31300.0
2023-05-25,48990.0,35980.0,41470.0,28070.0,35070.0,48190.0,10.209537399846086,33030.0,42930.0,35010.0,35440.0,56310.0,43600.0,60170.0,10.768716542159835,11.07117493153335,10.573647540450066,11.003282474950524,10.417836960475736,10.82677375892267,60510.0,43900.0,60730.0,67010.0,85630.0,45790.0,10.114599007626499,10.135035686194147,10.327479965258176,10.300954090533025,10.368510046500305,38420.0,33480.0,26030.0
2023-05-26,48990.0,36050.0,41460.0,27800.0,35160.0,47260.0,10.259797429846147,33030.0,42900.0,34500.0,36280.0,54840.0,49290.0,60170.0,10.815388664108724,11.090278592103282,10.53876724439254,10.9957631399864,10.378509817336841,10.859594973780606,63170.0,45970.0,61390.0,63990.0,82050.0,41400.0,10.122261571332395,10.121859738971446,10.311649022192034,10.297588330565242,10.379442189358636,33560.0,32100.0,26030.0
2023-05-27,48990.0,35910.0,43500.0,28280.0,36490.0,47870.0,10.153117229086163,33910.0,43270.0,36040.0,36570.0,56930.0,48800.0,58570.0,10.807523500343267,11.131826086763818,10.583574822507286,10.991055745741916,10.382234100838373,10.811967862318305,68730.0,46040.0,63320.0,61920.0,81050.0,47620.0,10.116217065501464,10.099917450331914,10.2985992485648,10.337248529799139,10.369137970290991,43470.0,33380.0,23995.0
2023-05-28,48990.0,36530.0,41350.0,28070.0,36120.0,46840.0,10.110542371500753,33810.0,42630.0,35570.0,37800.0,56610.0,47960.0,58320.0,10.827369398856096,11.112761282099115,10.54220494610679,10.979018845927424,10.397909366476442,10.823989405181747,55550.0,45550.0,61920.0,62670.0,84890.0,45790.0,10.106060982105628,10.092495041920655,10.31860591767243,10.282642907853932,10.33854382482173,27000.0,33080.0,27220.0
2023-05-29,48990.0,35520.0,44150.0,27490.0,37630.0,48540.0,10.132652936168832,34110.0,43060.0,35780.0,36980.0,58790.0,49760.0,59070.0,10.884273054590794,11.099846444456379,10.676161923297924,11.013221103411352,10.39240493375324,10.821396973625738,39270.0,44700.0,62180.0,63660.0,85670.0,42290.0,10.146865010681147,10.101559419421314,10.33692444371904,10.345638111452145,10.315630315397533,26000.0,32230.0,40000.0
2023-05-30,48990.0,34590.0,42930.0,28550.0,37340.0,48270.0,10.076642221505265,34250.0,42400.0,35860.0,37410.0,59220.0,45670.0,58630.0,10.71909569904425,11.192596226186202,10.756646772970166,10.954850988603626,10.382543832613134,10.843904883186516,72840.0,44460.0,60760.0,63350.0,85670.0,42290.0,10.146865010681147,10.097449430486757,10.34884622430597,10.282642907853932,10.225969523029635,25980.0,33300.0,29470.0
2023-05-31,48990.0,33760.0,42310.0,28280.0,37440.0,47350.0,10.086267337660777,35480.0,43870.0,36690.0,37100.0,59590.0,47320.0,58010.0,10.79057601860207,11.138392002730182,10.758136895861702,11.01782554166572,10.395772352596852,10.756220615413271,73960.0,45180.0,60760.0,64810.0,85670.0,42290.0,10.14096783995039,10.078322823556219,10.344030187256989,10.267818117285737,10.229223792606833,42660.0,33070.0,37950.0
2023-06-01,48990.0,34360.0,42930.0,27270.0,36960.0,46530.0,10.024421175431756,35130.0,41970.0,36890.0,37100.0,58940.0,48560.0,57010.0,10.801838321277618,11.130067870314047,10.79078192396869,11.032483545838678,10.39546669175574,10.756220615413271,67810.0,45010.0,59520.0,69180.0,85330.0,43090.0,10.14096783995039,10.045030516645731,10.293872863209199,10.308319126670684,10.283669040109793,37940.0,32830.0,37950.0
2023-06-02,48990.0,35470.0,42770.0,28280.0,36390.0,45630.0,9.978641406136552,35220.0,42450.0,36460.0,36820.0,58980.0,47300.0,57440.0,10.774801838762809,11.160825752963293,10.82617776399085,10.989537936492082,10.401258331428318,10.853619167579001,70520.0,44650.0,58270.0,62720.0,83160.0,43560.0,10.05281232064669,10.073694354466976,10.209905507043057,10.319265961919356,10.242492293944021,37940.0,34080.0,26830.0
2023-06-03,48990.0,36040.0,43550.0,28460.0,37050.0,44810.0,10.05281232064669,34580.0,43550.0,37240.0,36830.0,62560.0,47180.0,58320.0,10.762805735649291,11.159829821970122,10.893604788384124,10.984801076625908,10.390870532175569,10.820797764563748,59790.0,45560.0,58590.0,65840.0,86080.0,43090.0,10.084182787585497,10.066923561388053,10.240352569152035,10.333677793031093,10.271977424519397,45830.0,34080.0,29590.0
2023-06-04,48990.0,36460.0,43630.0,28280.0,32740.000000000004,46430.0,10.069467984116963,35530.0,43360.0,36800.0,37050.0,62510.0,46700.0,58080.0,10.781473951252568,11.18207141673165,10.852651974684042,11.063053820541235,10.430314470029058,10.85013288642403,70750.0,45990.0,57450.0,70760.0,83160.0,40160.0,10.084182787585497,10.066923561388053,10.304308560150634,10.295225540024292,10.28946398406043,45830.0,34530.0,38990.0
2023-06-05,48990.0,37510.0,41530.0,29430.0,37050.0,47260.0,9.936003144212808,36240.0,44210.0,36780.0,37230.0,65010.00000000001,50780.0,61390.0,10.771658895221004,11.146070306614268,10.832319315904593,11.024692689856872,10.45682653965135,10.783757246831069,64920.0,45210.0,57410.0,67030.0,81370.0,44720.0,10.06777242184393,10.088763075406442,10.31860591767243,10.227417172661774,10.205479252168017,45830.0,34290.0,28460.0
2023-06-06,48990.0,37310.0,43270.0,29430.0,37150.0,47950.0,9.97119292889014,37880.0,45060.0,37970.0,37100.0,68320.0,49030.0,62090.0,10.670837343628586,11.080618310893968,10.843319014326264,11.07644945082794,10.441762960010218,10.791399385808587,64180.00000000001,45210.0,57150.0,66360.0,82410.0,44720.0,10.1072851722528,10.090838109351523,10.232467506256102,10.288443784012753,10.26049744037489,34500.0,35790.0,40000.0
2023-06-07,48990.0,37140.0,41530.0,30100.0,37150.0,48050.0,10.008342940638508,37880.0,45030.0,38080.0,37240.0,71700.0,50750.0,62350.0,10.847996382484267,11.132411472622977,10.849938847305134,11.08108044658523,10.501801939324901,10.73663577731889,68190.0,44530.0,57980.0,63420.0,80890.0,44720.0,10.108915098044557,10.11094877644823,10.247467251790306,10.141259768576592,10.298935994257638,38810.0,34320.0,31750.0
2023-06-08,48990.0,36900.0,41870.0,30550.0,37050.0,48050.0,10.101969490779476,36210.0,44520.0,38350.0,37130.0,72830.0,52100.0,63280.0,10.834686601143401,11.132411472622977,10.854392248926331,11.024366749924715,10.509195992072168,10.693913048011884,66070.0,44680.0,59770.0,63670.0,85000.0,46420.0,10.12346610050718,10.100738771884387,10.286741134279072,10.214678610538817,10.306650011581617,37420.0,35650.0,28280.0
2023-06-09,48990.0,36270.0,41870.0,30550.0,35670.0,47950.0,10.080838442676662,36210.0,44360.0,37820.0,37540.0,72470.0,52350.0,64900.00000000001,10.847218338835674,11.128012703048789,10.868968368601042,11.08108044658523,10.509741530941705,10.693913048011884,64930.00000000001,44610.0,60830.0,63620.0,83170.0,44720.0,10.172407206486922,10.120653272163802,10.333352547467827,10.37195875822042,10.265731958189729,37440.0,36010.0,32770.0
2023-06-10,48990.0,36520.0,42920.0,30550.0,36170.0,47950.0,10.103198696867215,36390.0,44420.0,38020.0,37300.0,75210.0,51510.0,65349.99999999999,10.86915875050772,11.090888804018297,10.920546270529567,11.046132675457146,10.52891783292566,10.693913048011884,71550.0,43690.0,58060.0,62470.0,79080.0,44810.0,10.174697196419377,10.137412772215015,10.342419673477199,10.382543832613134,10.292857153479405,45830.0,36230.0,30130.0
2023-06-11,48990.0,36730.0,42220.0,29360.0,34980.0,48560.0,10.065648918115544,36950.0,44320.0,37230.0,37140.0,77830.0,53630.0,64019.99999999999,10.656341286557868,11.11767302953823,10.930979708701113,11.10482187913902,10.52301510322231,10.783342489769069,64260.00000000001,43690.0,58090.0,63810.0,78660.0,44720.0,10.174697196419377,10.138599199626192,10.334977718468442,10.344030187256989,10.385944565501662,45830.0,35840.0,30650.0
2023-06-12,48990.0,35330.0,40070.0,30100.0,34600.0,46200.0,10.1072851722528,36210.0,44200.0,36310.0,36640.0,78120.0,52510.0,64610.0,10.822594315669765,11.151108753342497,10.90321829164412,11.088598586820854,10.484613193102275,10.750020834993819,67680.0,42610.0,56470.0,63070.0,79720.0,46060.0,10.183049243755136,10.15700510770532,10.36410350510914,10.29048314436063,10.265731958189729,45830.0,35280.0,30650.0
2023-06-13,48990.0,35180.0,41260.0,30620.0,34790.0,47020.0,10.076221629305255,36250.0,43090.0,36210.0,36180.0,78770.0,53830.0,65220.0,10.79283864915433,11.151108753342497,10.935087150721296,11.077377367258325,10.49296722793131,10.765343217715396,67820.0,42540.0,55730.0,64410.0,81390.0,46060.0,10.188704088048116,10.144117324857612,10.355868052653099,10.313309821085701,10.282300629646866,45830.0,35570.0,29590.0
2023-06-14,48990.0,35000.0,40280.0,31850.0,33090.0,46700.0,10.137412772215015,36090.0,43610.0,35930.0,35300.0,79220.0,52270.0,64519.99999999999,10.845270577171219,11.137373465261806,10.96025301616898,11.05723491317159,10.508650155427521,10.759412379123841,63240.0,42540.0,53080.0,62640.0,83200.0,48270.0,10.188704088048116,10.136224935521659,10.352682423505618,10.213945768177046,10.313309821085701,45830.0,35780.0,37950.0
2023-06-15,48990.0,34930.0,40330.0,31850.0,32400.0,43060.0,10.259797429846147,36010.0,42330.0,35410.0,35260.0,78030.0,52830.0,64080.0,10.785828455707216,11.137373465261806,10.977824224992123,11.05723491317159,10.48824184666795,10.759412379123841,63240.0,42470.0,52840.0,64330.0,81410.0,46060.0,10.182292842675238,10.157780872842553,10.337248529799139,10.34628055791027,10.349166470257595,39790.0,36050.0,29590.0
2023-06-16,48990.0,34030.0,38570.0,32510.0,32220.0,47110.0,10.26014749636236,37220.0,42530.0,36410.0,34920.0,80270.0,51510.0,64150.00000000001,10.79283864915433,11.164091131524941,11.00228315773407,11.084155905330146,10.51110407747908,10.787895383542555,56480.0,40780.0,52790.0,68720.0,85900.0,46060.0,10.201404568800312,10.170877627969897,10.319595820742771,10.323545662947192,10.398214281712368,39790.0,35940.0,30650.0
2023-06-17,48990.0,33190.0,39660.0,32850.0,31240.0,46200.0,10.267470726189352,37220.0,42220.0,34420.0,33920.0,79430.0,53900.0,63580.0,10.86572631831299,11.161820693064698,10.979530389777885,11.084923294403351,10.526507289654278,10.787895383542555,62870.0,40420.0,52300.0,69550.0,82920.0,47430.0,10.196194479235654,10.170877627969897,10.334652895494106,10.331724730986489,10.438547147147077,34760.0,35600.0,30130.0
2023-06-18,48990.0,33560.0,39760.0,33070.0,28890.0,47430.0,10.349166470257595,37220.0,42700.0,33360.0,33670.0,78480.0,52430.0,63180.0,10.806915917693338,11.184435286790631,11.000448478455008,11.052016354930764,10.52918531273253,10.838423379279122,45780.0,39800.0,53070.0,67850.0,88140.0,47380.0,10.207694828570066,10.176981954277059,10.32584255331256,10.363472411086743,10.457401400981889,45830.0,34920.0,38990.0
2023-06-19,48990.0,32340.000000000004,37720.0,33560.0,28450.0,43940.0,10.42022566305372,37620.0,40800.0,31850.0,31440.0,81480.0,50290.0,63050.0,10.782720031453676,11.148088732639419,10.947837230476315,11.067591033406591,10.521399202410166,10.883147372026944,64450.0,38890.0,50780.0,71020.0,89630.0,44720.0,10.221250135776074,10.173171119285232,10.39393698454929,10.512464770009274,10.491301994830229,34760.0,35050.0,29590.0
2023-06-20,48990.0,32370.0,38340.0,33790.0,28060.0,44030.0,10.435908313738707,37620.0,40650.0,30490.0,32000.0,75810.0,50350.0,61430.0,10.774592616232963,11.176207198086052,10.96146880067333,11.07521088802156,10.5200506209133,10.901745293274272,63960.0,36960.0,50300.0,71670.0,88760.0,46060.0,10.292857153479405,10.157393065500377,10.457975932036732,10.385018239245094,10.560515206289686,36590.0,35880.0,29590.0
2023-06-21,48990.0,32070.0,39660.0,33050.0,26310.0,44910.0,10.443512690706546,37620.0,40470.0,30810.0,31280.0,75860.0,51810.0,59600.0,10.737287582843205,11.219641062063408,10.972173137962084,11.067591033406591,10.5200506209133,10.920546270529567,66990.0,38350.0,51480.0,77920.0,91590.0,46420.0,10.317615033722944,10.183805073124855,10.5200506209133,10.352682423505618,10.641392970437847,36590.0,35950.0,37950.0
2023-06-22,48990.0,32420.0,38470.0,33050.0,27650.0,44030.0,10.548258233355712,37330.0,39260.0,30980.0,31300.0,74630.0,50560.0,60760.0,10.798983565153577,11.160114474908951,10.935799769447005,10.99122424909553,10.486847768485333,10.97337452485014,68240.0,39410.0,50770.0,84680.0,92090.0,46060.0,10.278527816830314,10.15116760669524,10.57773220059301,10.379752786950895,10.638999536873841,36590.0,36200.0,29590.0
2023-06-23,48990.0,32180.0,38380.0,33490.0,27650.0,43180.0,10.605619251167537,37620.0,39280.0,29940.0,31100.0,74690.0,51320.0,60150.0,10.776891660007811,11.17157535082466,10.92775337907558,10.958165369058063,10.468545647075837,10.991055745741916,67750.0,37260.0,51300.0,77770.0,98910.0,46060.0,10.304308560150634,10.146472946063877,10.589635294075828,10.413642951751813,10.645448706505872,36590.0,35820.0,29590.0
2023-06-24,48990.0,32250.0,39120.0,32490.000000000004,28460.0,40600.0,10.612286601034295,37330.0,39560.0,30320.0,31330.0,73000.0,51820.0,60480.0,10.805090951658405,11.204782148381804,10.897498296714174,11.070085538995333,10.521938126192444,11.015032519115959,53050.0,35480.0,51820.0,79210.0,92630.0,44810.0,10.332050506334692,10.161264387744689,10.586862136447245,10.349166470257595,10.65892854926746,41490.0,35400.0,37950.0
2023-06-25,48990.0,30840.0,38950.0,32490.000000000004,26570.0,42230.0,10.777100402128553,37620.0,40160.0,29250.0,30760.0,71430.0,52670.0,61440.0,10.843709631701985,11.17157535082466,10.888576470280553,11.086149893352006,10.505916494175116,10.98903148770011,71030.0,35640.0,48720.0,78460.0,95230.0,45940.0,10.336275956293182,10.185692150979541,10.586862136447245,10.400954343099128,10.69287629720916,36820.0,36350.0,26830.0
2023-06-26,48990.0,30960.0,38050.0,33240.0,26570.0,42230.0,10.799800041694619,37620.0,39650.0,29780.0,31070.0,70640.0,52250.0,61140.0,10.813981515563105,11.228318659035375,10.960600534026208,11.004945787654156,10.523553157094481,10.983952842598189,73310.0,34420.0,50000.0,83370.0,91960.0,41600.0,10.376642461280849,10.217604621184986,10.672924252515658,10.406412044405862,10.842341802819034,36820.0,37720.0,25460.0
2023-06-27,48990.0,30470.0,38690.0,32930.0,27550.0,42980.0,10.710655143391888,37120.0,40570.0,28700.0,30540.0,69100.0,53470.0,61110.0,10.851490107044963,11.253390195121284,11.006274448725538,11.043257779289133,10.55323128448846,11.10812513584754,72120.0,33410.0,49190.0,78280.0,97530.0,49490.0,10.40247336149791,10.212845496665768,10.709985739582528,10.45365888164355,10.840776275405888,39790.0,38860.0,40250.0
2023-06-28,48990.0,31000.0,38840.0,35030.0,28530.0,43940.0,10.72834258908784,37410.0,40390.0,28870.0,30980.0,69570.0,53040.0,64000.0,10.883335073806908,11.26473330020486,11.008098480007638,11.022408876202102,10.555838779903405,11.098787859232157,71860.0,35280.0,52870.0,81540.0,100590.0,52410.0,10.405807102008174,10.229223792606833,10.762382195268973,10.50152703279139,10.797962031129387,38530.0,39730.0,30780.0
2023-06-29,48990.0,31150.0,40590.0,33800.0,29690.0,46060.0,10.699439485571743,35460.0,40450.0,29960.0,30100.0,70680.0,59340.0,64000.0,11.052491896264266,11.343926763492066,10.96562601855712,10.985140168879203,10.572623763134569,11.184296390185041,72830.0,36050.0,52410.0,78230.0,100240.0,45800.0,10.239995502805314,10.195074491065121,10.802855905214333,10.630335431268707,10.867825315381769,41890.0,37740.0,40250.0
2023-06-30,48990.0,29740.0,38590.0,35030.0,29750.0,45610.0,10.763017438588518,38060.0,41010.0,29720.0,29530.0,71170.0,52850.0,64800.0,10.87523191259525,11.17157535082466,11.029406919278141,10.976628175230568,10.581800244137618,11.108424891548891,76580.0,35620.0,52350.0,75950.0,101770.0,53280.0,10.367567420904209,10.209169157096307,10.75536775508141,10.533721557035943,10.903586202466688,40660.0,39170.0,32010.0
2023-07-01,48990.0,29950.0,39550.0,35030.0,29750.0,44600.0,11.1244797026566,40050.0,43170.0,28790.0,29930.0,69690.0,52310.0,64360.0,10.86477077032911,11.11529458897058,10.999613419284296,10.977824224992123,10.580022511040418,11.156407651542994,79960.0,34610.0,52130.0,77640.0,98320.0,47910.0,10.36599440101149,10.196567530049501,10.735983546667017,10.518700218288165,11.07039691512464,41890.0,41060.0,40250.0
2023-07-02,48990.0,30210.0,37970.0,37600.0,27740.0,45810.0,11.012231673736794,41000.0,40650.0,29000.0,29810.0,72500.0,51740.0,62510.0,10.953802055796485,11.11529458897058,10.947133141450378,11.023225122819186,10.555057244929015,11.156407651542994,73260.0,34450.0,56070.0,76780.0,92960.0,48040.0,10.329114700468233,10.224882408848067,10.77438334991989,10.505642716590316,11.091955779701022,39790.0,40650.0,40250.0
2023-07-03,48990.0,29150.0,37290.0,36840.0,25850.0,44300.0,10.954501466571443,39590.0,39800.0,27620.0,28970.0,68730.0,50010.0,62310.0,10.967180530408092,11.13343507403426,10.91982269458584,11.042137528235768,10.592651811785132,11.198913106339084,79010.0,32090.000000000004,50560.0,74720.0,94200.0,47170.0,10.380063288102244,10.226331631955956,10.844685508116383,10.508104020682508,11.071796909131109,40660.0,38710.0,30780.0
2023-07-04,48990.0,27570.0,34710.0,37390.0,21790.0,41160.0,10.9129224838081,38770.0,38690.0,26210.0,28090.0,66840.0,51540.0,61660.0,10.917286047758095,11.23560288057948,10.843319014326264,11.032645211643478,10.575691956076147,11.198913106339084,75590.0,30960.0,50520.0,78280.0,92400.0,47170.0,10.354595018522993,10.219793524324475,10.844685508116383,10.5200506209133,11.006440407302657,39790.0,37170.0,30780.0
2023-07-05,48990.0,29860.0,35120.0,36990.0,23990.0,39550.0,10.81237091748186,37570.0,38640.0,25890.0,27630.0,63270.0,49010.0,60320.0,10.918917487774808,11.220713146431915,10.884835421043586,10.994252464259327,10.55843949396453,11.195759654126208,63300.0,31120.0,50100.0,82410.0,90540.0,49590.0,10.405201793433656,10.201775681400132,10.824984707437652,10.533188948038239,10.969938154395841,41890.0,38540.0,29590.0
2023-07-06,48990.0,27900.0,35560.0,38400.0,24920.0,40440.0,10.74593796874106,36540.0,37550.0,24640.0,26560.0,62510.0,51560.0,58640.0,10.996768990769432,11.176207198086052,10.89768332428381,11.014374202079626,10.5524477082064,11.245843087692526,76710.0,31120.0,52260.0,79180.0,90540.0,49370.0,10.399128469976915,10.207325906555994,10.820597948393958,10.488520429241627,10.942721317684738,39790.0,37070.0,35780.0
2023-07-07,48990.0,25840.0,33270.0,38190.0,23300.0,41180.0,10.728123415808568,35530.0,36830.0,24250.0,26000.0,63340.0,51480.0,61280.0,10.785207543360087,11.190941760821426,10.899162313664348,11.025995388254772,10.523553157094481,11.161110122588845,66980.0,31090.0,51100.0,76110.0,85210.0,51400.0,10.389948759849503,10.179261503913537,10.83861966554364,10.5200506209133,10.920907862260288,39160.0,36080.0,27360.0
2023-07-08,48990.0,27610.0,34120.0,37630.0,23300.0,41220.0,10.697859207113925,35600.0,36180.0,24100.0,25950.0,66700.0,48340.0,58950.0,10.841950650675424,11.111566913404856,10.97679912709094,10.947837230476315,10.52085998803243,11.243096408137953,77460.0,31140.0,54140.0,69430.0,83860.0,51300.0,10.416041681575788,10.193205052099978,10.818997980052005,10.466269750670861,10.847023733300478,42390.0,35880.0,26780.0
2023-07-09,48990.0,27370.0,34040.0,36050.0,23870.0,41220.0,10.641392970437847,35830.0,37350.0,24120.0,26920.0,64970.0,55640.0,57550.0,10.877122236592484,11.066966433520573,10.963895944251435,10.996768990769432,10.515451792270389,11.15512131228664,70020.0,30900.0,54200.0,79450.0,84820.0,52960.0,10.426765325491356,10.186822690744211,10.82617776399085,10.481251939552509,10.792633166886727,43800.0,35880.0,29470.0
2023-07-10,48990.0,27910.0,33800.0,35970.0,23560.0,39550.0,10.515180613182057,35580.0,37090.0,23190.0,26390.0,63370.0,48690.0,57300.0,10.837637848711049,11.106474871430772,10.985140168879203,11.0007823069704,10.503724171902725,11.13620815071354,71360.0,31720.0,50250.0,79390.0,85620.0,52200.0,10.426765325491356,10.176981954277059,10.778351940641137,10.457975932036732,10.749806362381149,49500.0,34810.0,31640.0
2023-07-11,48990.0,27120.0,34430.0,35970.0,22800.0,38780.0,10.519510678674001,35560.0,36150.0,23510.0,26340.0,59930.0,45970.0,57590.0,10.83192422295384,11.120342030692624,10.9404194539302,10.968904936346597,10.499600568082863,11.126247763113355,76030.0,31180.0,53100.0,80030.0,82910.0,49370.0,10.446422122219738,10.131857422821918,10.750235261617851,10.499876004651563,10.736201004154935,41890.0,35560.0,29490.0
2023-07-12,48990.0,26440.0,34780.0,33670.0,21650.0,38130.0,10.427061569124286,35040.0,35130.0,23900.0,25550.0,58580.0,46610.0,58560.0,10.825581413637233,11.151108753342497,10.908173703172075,10.95659676862489,10.503175339529793,11.094390314766315,78380.0,30640.0,50970.0,76550.0,87360.0,52200.0,10.379752786950895,10.14608072767165,10.727246242006135,10.473930231870588,10.70551155928146,41890.0,34360.0,28950.0
2023-07-13,48990.0,25410.0,33800.0,33670.0,21790.0,38880.0,10.50344979336838,35350.0,35090.0,23590.0,25730.0,57760.0,44810.0,58330.0,10.791399385808587,11.148952526764623,10.851877546270282,10.905423728938777,10.491301994830229,11.07055256683868,76720.0,30900.0,51470.0,81860.0,84420.0,52960.0,10.36567949988784,10.122261571332395,10.71931685969625,10.47928597812618,10.704165392288106,49500.0,32810.0,26310.0
2023-07-14,48990.0,25220.0,33710.0,34530.0,22170.0,38490.0,10.510559281627845,35580.0,34670.0,23830.0,25890.0,58070.0,45650.0,58920.0,10.779185430302025,11.148952526764623,10.976457194140659,10.971485982586401,10.475906740307124,11.076604163372343,74360.0,30700.0,54440.0,80090.0,82750.0,52960.0,10.327807126158824,10.123867288027606,10.601895869017543,10.503724171902725,10.636360126569123,50200.0,31810.0,30420.0
2023-07-15,48990.0,25320.0,33330.0,34030.0,21650.0,38340.0,10.443512690706546,35060.0,34350.0,24280.0,26280.0,57800.0,44890.0,57490.0,10.79078192396869,11.067747122440093,10.906524626281207,10.971485982586401,10.469397774605671,11.08553678194579,70950.0,30900.0,55100.0,76630.0,84340.0,51960.0,10.292518354180867,10.1072851722528,10.70886906982204,10.504272703223902,10.613270586747499,32860.0,32950.0,30420.0
2023-07-16,48990.0,24960.0,33070.0,34640.0,23150.0,37700.0,10.420821948214945,36110.0,34320.0,24000.0,26360.0,58800.0,46900.0,56520.0,10.685355065655601,11.067747122440093,10.881268413919793,11.055024304512123,10.419330568113901,11.090125980925743,72860.0,30960.0,52620.0,76980.0,80990.0,51310.0,10.30229722897745,10.093735942146068,10.67777683621291,10.47534242212957,10.604875682997651,29720.0,32510.0,34830.0
2023-07-17,48990.0,25410.0,33230.0,34640.0,22030.0,38030.0,10.505642716590316,36110.0,34590.0,24030.0,26260.0,55940.0,48060.0,55980.0,10.755154426298283,11.050429581934745,10.869349096176027,10.95659676862489,10.42171570981886,11.055498417928932,70350.0,30960.0,53580.0,77340.0,84140.0,50100.0,10.313641650130423,10.112572746599298,10.69514433474214,10.515722897840556,10.610315720151936,29720.0,32950.0,28360.0
2023-07-18,48990.0,25490.0,31770.0,35240.0,21240.0,38830.0,10.373834872713369,35800.0,34420.0,24480.0,25700.0,54740.0,47780.0,55970.0,10.784586245241274,11.005776407676661,10.888949806604913,10.95659676862489,10.41664046606121,11.063837568778732,73840.0,31230.0,53450.0,77540.0,83520.0,49490.0,10.262594536666143,10.121859738971446,10.598907149201738,10.509468798708518,10.586104484122892,44100.0,33060.0,30130.0
2023-07-19,48990.0,24580.0,32030.0,34600.0,23030.0,37790.0,10.334652895494106,36670.0,34380.0,24550.0,25810.0,53760.0,47930.0,55120.0,10.891000668685518,11.010249872622438,10.78644898276142,11.016512149807106,10.42972382000155,11.065246769525514,66570.0,30550.0,54460.0,75500.0,80630.0,47620.0,10.320584744874,10.115812796414458,10.584334393133231,10.449323113491568,10.590390276998743,32400.0,33470.0,38990.0
2023-07-20,48990.0,24990.0,31790.0,34640.0,22210.0,39760.0,10.296913817032536,36510.0,34150.0,24920.0,27100.0,54470.0,46680.0,57430.0,10.815187764075905,11.010249872622438,10.886146380853784,10.948892435371889,10.445550181223961,11.086609480344594,73750.0,30490.0,53530.0,78840.0,87350.0,48060.0,10.284010850340083,10.148040283087838,10.561551448966803,10.484892788250326,10.517889100523476,41890.0,33070.0,28970.0
2023-07-21,48990.0,26320.0,32400.0,34050.0,23090.0,38260.0,10.320584744874,35770.0,35080.0,26030.0,27430.0,53870.0,47560.0,57430.0,10.838815913287421,11.011901646176497,10.879197474102902,10.95659676862489,10.447583528813514,11.078921983805522,69320.0,32750.0,54040.0,78020.0,83510.0,46740.0,10.337572510881477,10.157393065500377,10.52085998803243,10.487963186464397,10.521399202410166,28230.0,33410.0,31210.0
2023-07-22,48990.0,27760.0,31240.0,35240.0,23310.0,38500.0,10.412741942560633,35730.0,34200.0,26190.0,28000.0,53120.0,46960.0,57680.0,10.902297921958711,11.011901646176497,10.859594973780606,11.016512149807106,10.44990230322135,11.088598586820854,69240.0,32750.0,51900.0,74810.0,82060.0,47540.0,10.330094260397667,10.152337836193743,10.491857380698827,10.469113812768233,10.475060143575218,32400.0,33400.0,38990.0
2023-07-23,48990.0,28240.0,32040.0,34720.0,24660.0,35360.0,10.341129392339512,35730.0,35230.0,25970.0,28020.0,54850.0,45290.0,57970.0,10.739023656715148,11.01552597264265,10.853812493953187,10.95659676862489,10.442638208053022,11.053442301049813,68460.0,35040.0,52610.0,72920.0,83360.0,46050.0,10.336275956293182,10.140573455973042,10.509195992072168,10.477034422194833,10.48768444858769,48790.0,33410.0,38000.0
2023-07-24,48990.0,31170.0,32130.000000000004,35770.0,25070.0,37930.0,10.417836960475736,34410.0,35160.0,26570.0,28820.0,52780.0,46120.0,59500.0,10.892861445910617,11.066341443265703,10.862090368195899,11.00011453846092,10.431789570603355,11.068215243411098,71140.0,33890.0,54320.0,70270.0,85260.0,45120.0,10.336275956293182,10.138994362833737,10.505368864030821,10.531856183153893,10.494629692640487,42800.0,33790.0,31150.0
2023-07-25,48990.0,33390.0,35410.0,35660.0,25070.0,37930.0,10.381614349338879,35020.0,35190.0,27220.0,29360.0,52880.0,48230.0,58500.0,10.879574327756249,11.071641450995672,10.8235910067382,10.942544439235146,10.431789570603355,11.031351152809686,68450.0,36860.0,54540.0,71730.0,84010.0,44920.0,10.336275956293182,10.154285180632153,10.458263073829322,10.49684202174171,10.465699966318816,41890.0,32960.0,32570.0
2023-07-26,48990.0,36790.0,35410.0,35690.0,25640.0,40450.0,10.426172574814565,36700.0,35440.0,28770.0,29990.0,52150.0,46180.0,59530.0,10.892489567361865,11.052650359802138,10.85013288642403,10.942544439235146,10.432968086399285,11.041016020812398,72580.0,36810.0,54190.0,80120.0,82880.0,46000.0,10.324202455851168,10.196940441748334,10.480129006333248,10.510014188812299,10.502900810345617,34760.0,34760.0,31640.0
2023-07-27,48990.0,36760.0,34600.0,35690.0,25370.0,39120.0,10.359677460135904,36700.0,36260.0,29140.0,31190.0,52060.0,46440.0,59530.0,10.927035001141991,11.044057190964745,10.825581413637233,10.925596695218122,10.42111995751504,11.066966433520573,71190.0,36250.0,54050.0,71210.0,82130.0,45360.0,10.31860591767243,10.256992477269037,10.486010387763148,10.55740001984479,10.473647554347222,49500.0,33970.0,36470.0
2023-07-28,48990.0,37350.0,35010.0,36300.0,26400.0,40220.0,10.349486613684583,36760.0,35960.0,29560.0,31400.0,53010.0,49770.0,60430.0,10.878254718169135,11.05407540279458,10.833109033818927,10.864961952985603,10.430314470029058,11.039893254197803,68420.0,35860.0,54260.0,74340.0,87420.0,43990.0,10.364734201103053,10.266427828229292,10.488798934228665,10.63323181522976,10.448743588106625,41890.0,34140.0,36470.0
2023-07-29,48990.0,38370.0,34470.0,36160.0,27160.0,40080.0,10.430019188623735,37610.0,35680.0,30220.0,31840.0,51360.0,46570.0,60840.0,10.895831506195684,11.093630159049829,10.864197002956908,10.931516419748775,10.460270761075149,11.039893254197803,71380.0,35910.0,55080.0,75110.0,87890.0,40400.0,10.33789638703407,10.288783966353765,10.450191772337016,10.541148449877936,10.537972247530655,49500.0,33730.0,36470.0
2023-07-30,48990.0,39070.0,34240.0,34910.0,27160.0,40790.0,10.459410817205152,36760.0,35890.0,29840.0,31750.0,51700.0,48310.0,60840.0,10.921991853622236,11.108424891548891,10.854778565594904,10.945017895028798,10.470532816298427,11.069929814564968,74230.0,36800.0,55000.0,68910.0,81370.0,43340.0,10.416939723904,10.291840411034329,10.505094936455558,10.631543277584262,10.498773802892188,46100.0,35140.0,37420.0
2023-07-31,48990.0,40780.0,35010.0,34910.0,28170.0,41250.0,10.474777785317187,36360.0,38420.0,30720.0,32890.0,52490.0,48390.0,61810.0,10.940064850284704,11.120045826546562,10.851877546270282,11.01173659154304,10.458263073829322,11.109173887928804,69260.0,37510.0,53330.0,76640.0,87730.0,42720.0,10.408828161071545,10.313641650130423,10.546156895606837,10.698310970126737,10.518700218288165,28280.0,35150.0,37420.0
2023-08-01,48990.0,40530.0,39740.0,35060.0,28560.0,42340.0,10.55087871125787,37800.0,38630.0,30890.0,33320.0,50970.0,50080.0,61740.0,10.950122102111525,11.120045826546562,10.873338008504597,11.006274448725538,10.454523783963511,10.997606427591897,81430.0,37410.0,54230.0,74640.0,86250.0,42720.0,10.444968464561736,10.350766163457703,10.52328416634614,10.606114656295205,10.556879877314014,43800.0,36080.0,41950.0
2023-08-02,48990.0,39720.0,38460.0,34380.0,29460.0,43530.0,10.571342565808699,37300.0,39290.0,31190.0,33910.0,52080.0,49580.0,63650.0,10.93900028426092,11.112612064001667,10.894347578710008,11.037483072428213,10.459984195277682,11.036517370851499,76970.0,37410.0,55070.0,80990.0,88330.0,41840.0,10.465699966318816,10.375707473990893,10.517077324312645,10.802652471248297,10.561292488948782,32490.000000000004,36450.0,41950.0
2023-08-03,48990.0,38770.0,39660.0,35430.0,30340.0,44030.0,10.650673006578945,37560.0,39650.0,31810.0,34420.0,50570.0,50110.0,63480.0,10.948189089173493,11.11320880284171,10.872199941956618,11.006274448725538,10.460843646427817,10.978507040265917,72370.0,37410.0,52290.0,80150.0,88330.0,42820.0,10.468545647075837,10.353001443478973,10.598408159645215,10.79448098903612,10.573647540450066,31930.0,37520.0,37520.0
2023-08-04,48990.0,37130.0,38980.0,35240.0,30340.0,46610.0,10.694464463438248,39240.0,42580.0,33460.0,34720.0,51960.0,48470.0,63370.0,10.869349096176027,11.091041298833769,10.855936620963561,11.021591962782166,10.470532816298427,11.038447842325047,74040.0,40040.0,55100.0,76780.0,83520.0,42620.0,10.547995807489514,10.372897255442528,10.598408159645215,10.816593217465508,10.584081267024454,37990.0,39150.0,38330.0
2023-08-05,48990.0,37890.0,37680.0,36980.0,31570.0,45700.0,10.707303634311371,39600.0,40460.0,33290.0,35360.0,52400.0,53680.0,64250.0,10.949419620566681,11.106474871430772,10.880515841025813,11.021265010465248,10.454235566299538,11.038447842325047,85770.0,40910.0,54560.0,75780.0,86380.0,41380.0,10.5524477082064,10.4048990016915,10.564137367503298,10.665484260976488,10.646638446331167,38260.0,38680.0,41950.0
2023-08-06,48990.0,37060.0,38180.0,35150.0,31340.0,44910.0,10.704838702305462,40940.0,40090.0,33780.0,35900.0,53190.0,53940.0,64250.0,10.972516538662562,11.137373465261806,10.922713862281604,11.006772241852998,10.45855013319517,11.095149893084974,84730.0,42650.0,53960.0,69120.0,87570.0,41860.0,10.5524477082064,10.402776888483787,10.572623763134569,10.687640206386288,10.683752354441571,38260.0,38800.0,41950.0
2023-08-07,48990.0,39040.0,40310.0,34790.0,33010.0,45270.0,10.736853093036016,40650.0,41230.0,34570.0,36880.0,53210.0,52960.0,64280.0,10.95187615002577,11.174946093191174,10.891373101232977,11.032968464866704,10.477316144080852,11.14158638334139,83020.0,39420.0,56260.0,71210.0,92720.0,42110.0,10.566974175677647,10.419330568113901,10.586609649448985,10.736418414365374,10.738589920723442,38530.0,38770.0,36940.0
2023-08-08,48990.0,39020.0,39430.0,35310.0,31460.0,44490.0,10.703716266952133,41150.0,41970.0,35000.0,37310.0,52720.0,56020.0,63880.0,11.013221103411352,11.22472325727156,10.925236795266423,11.06961829293506,10.469397774605671,11.077222774301273,81290.0,40450.0,57870.0,72640.0,92750.0,45410.0,10.61130164613947,10.432379002113745,10.59089328246696,10.749162668413938,10.792427642387484,39420.0,38350.0,36940.0
2023-08-09,48990.0,40370.0,38780.0,36560.0,32010.0,46080.0,10.700115984041597,40500.0,41910.0,35600.0,37450.0,53100.0,53660.0,64300.0,10.922533408982428,11.247670025080003,10.930263645585358,11.045015642181069,10.460843646427817,11.124332223082254,81080.0,41920.0,56460.0,71300.0,93720.0,46260.0,10.633472802314019,10.43913261011863,10.588627762694157,10.725709333961985,10.77605625551905,39560.0,37890.0,38620.0
2023-08-10,48990.0,41230.0,39060.0,36760.0,31170.0,45800.0,10.728999820851408,40880.0,42370.0,35230.0,37510.0,52330.0,51900.0,64040.00000000001,10.873527560404474,11.247017930529273,11.0007823069704,11.024203740111163,10.469965456491995,11.07753193632009,86020.0,42040.0,57060.0,71890.0,89840.0,45940.0,10.614990235380386,10.438254287073525,10.593906013524816,10.731187478961756,10.777309100685118,41890.0,38210.0,37890.0
2023-08-11,48990.0,42770.0,40170.0,36560.0,31470.0,45800.0,10.708422052537378,39570.0,41990.0,35190.0,37590.0,53350.0,52100.0,64250.0,11.051064593306913,11.247017930529273,11.021101494211369,11.071641450995672,10.490746300336754,11.059125838870145,77320.0,42040.0,58490.0,73910.0,88200.0,46260.0,10.637320718367489,10.427357725022913,10.596659732783579,10.708645586157765,10.780018225836406,40330.0,38570.0,39790.0
2023-08-12,48990.0,42880.0,39700.0,35470.0,34930.0,47430.0,10.700341381869716,39360.0,42170.0,35230.0,38120.0,53470.0,50690.0,64480.00000000001,10.816191860874863,11.218702044475025,11.054233615622806,11.066341443265703,10.465699966318816,11.061641523912554,86130.0,42900.0,60880.0,78280.0,92820.0,45940.0,10.640675541671662,10.42111995751504,10.572111481163375,10.635398611146856,10.758349589413635,44510.0,38950.0,37700.0
2023-08-13,48990.0,43570.0,39080.0,34840.0,36910.0,46890.0,10.660102368540187,41420.0,43080.0,35690.0,38530.0,53910.0,49810.0,64709.99999999999,10.918192731895209,11.245451166489797,10.962162871600537,11.068994958386819,10.477597786622002,11.055024304512123,79470.0,42040.0,58310.0,69240.0,93050.0,44810.0,10.582561163364714,10.415442538332677,10.581800244137618,10.714884326564098,10.75280480115716,32400.0,38000.0,41600.0
2023-08-14,48990.0,46500.0,40430.0,35620.0,36550.0,47430.0,10.625003507146516,40600.0,43570.0,36970.0,39540.0,53360.0,51200.0,65220.0,10.981744060947163,11.23560288057948,11.016347854469439,11.068994958386819,10.47928597812618,11.015854806436574,87820.0,43110.0,57710.0,70100.0,88240.0,46260.0,10.573903321093981,10.432673587634051,10.575691956076147,10.857285992746686,10.77333636096421,41890.0,39490.0,40410.0
2023-08-15,48990.0,45520.0,43150.0,36340.0,38130.0,48460.0,10.704165392288106,40790.0,42260.0,37110.0,40650.0,52190.0,52850.0,67450.0,10.871820298437317,11.262295088386889,11.036356329882327,10.957468517058643,10.446712600348778,11.081850198455246,83460.0,43110.0,57950.0,72220.0,87500.0,43590.0,10.593404521575788,10.427357725022913,10.572623763134569,10.83645839466148,10.775638291416081,41890.0,39370.0,46900.0
2023-08-16,48990.0,47270.0,43250.0,38080.0,39850.0,48780.0,10.742054552499473,40570.0,42630.0,37520.0,40230.0,52500.0,51960.0,68300.0,10.949770923024142,11.260880770109578,11.032321853893817,11.033291613631048,10.462560335928407,11.107825290265769,88030.0,42400.0,54870.0,73380.0,87090.0,49370.0,10.564911840900125,10.416939723904,10.554796597479278,10.75130670559812,10.738806812235158,41890.0,39340.0,46370.0
2023-08-17,48990.0,43660.0,41760.0,35840.0,39850.0,50630.0,10.638280388314705,41170.0,42660.0,37260.0,40470.0,53010.0,50310.0,69000.0,10.936333900428618,11.25014411353406,11.038447842325047,11.104069614787955,10.459410817205152,11.068371235050263,87940.0,42250.0,57850.0,71600.0,87310.0,45980.0,10.563362293832501,10.44729330359671,10.594657780211852,10.760686237600593,10.742054552499473,45830.0,39010.0,46370.0
2023-08-18,48990.0,40720.0,41860.0,36280.0,37900.0,48010.0,10.690375500198106,41170.0,44840.0,37900.0,40620.0,54350.0,51750.0,69810.0,10.984292222554272,11.285911934938985,11.030865448691081,11.038608546854045,10.480971324442349,11.050429581934745,93590.0,40420.0,57010.0,74750.0,86000.0,46610.0,10.55635946409418,10.447873669824078,10.609575637228874,10.849744770527753,10.753873497022564,41890.0,39230.0,46900.0
2023-08-19,48990.0,40330.0,42080.0,36380.0,38800.0,50370.0,10.648776417499018,40680.0,43510.0,38100.0,40330.0,53080.0,54930.0,69460.0,10.839796574724032,11.274427130021383,11.077377367258325,11.032160135800446,10.464559422726214,11.061013195716075,87740.0,40800.0,57360.0,74020.0,83090.0,49870.0,10.560255977752359,10.466554521147781,10.627188186139529,10.777309100685118,10.769137408730304,35000.0,38770.0,42940.0
2023-08-20,48990.0,39920.0,43730.0,36740.0,38930.0,51610.0,10.534519939024273,40980.0,44170.0,38180.0,40780.0,54480.0,54840.0,68640.0,10.905423728938777,11.318260035084966,11.03925110683503,11.094542276593797,10.475906740307124,10.994420429860368,83960.0,39390.0,55540.0,71010.0,83770.0,46610.0,10.547995807489514,10.4376683094997,10.58281467449521,10.749806362381149,10.740756721857224,49500.0,40330.0,46900.0
2023-08-21,48990.0,42140.0,42770.0,36560.0,38280.0,50800.0,10.436788698817288,41340.0,45130.0,37350.0,39620.0,56020.0,54310.0,66790.0,10.96129520764439,11.248451977655328,11.068839064020526,11.035228316355473,10.48321404355681,11.027946259449502,87810.0,38060.0,56020.0,71550.0,80940.0,48210.0,10.532656055217016,10.404596118238738,10.617686579792684,10.699890535397843,10.691740346523577,42670.0,40980.0,44480.0
2023-08-22,48990.0,40200.0,43920.0,37360.0,37950.0,50140.0,10.531322579448695,40220.0,46710.0,37430.0,38940.0,54870.0,54310.0,66790.0,10.95903575173321,11.284530649873318,11.046770420412674,11.11350703877837,10.477879349862967,11.001116024081504,83660.0,37960.0,55890.0,69880.0,79870.0,49750.0,10.459124004835836,10.410335274932894,10.56800375029692,10.727465607601715,10.681228606945007,52920.0,41080.0,46900.0
2023-08-23,48990.0,37850.0,42090.0,37820.0,37530.0,50720.0,10.426765325491356,40730.0,45930.0,36660.0,38230.0,54350.0,53220.0,67170.0,10.984461869350051,11.324195417595107,11.063994244741828,11.11350703877837,10.456251347665171,11.014538821972666,76300.0,37560.0,53440.0,67910.0,77130.0,49870.0,10.459124004835836,10.359994256691806,10.608093826184968,10.635879484421974,10.681687944129537,52920.0,40900.0,46900.0
2023-08-24,48990.0,33770.0,42590.0,38120.0,33660.0,51440.0,10.398519104003334,40220.0,44540.0,35940.0,36690.0,53210.0,53390.0,67640.0,10.889136422512594,11.255462171102444,11.026971299589365,11.094542276593797,10.444095254586585,10.988017819994926,82360.0,35140.0,53310.0,67570.0,72230.0,51080.0,10.468261443129174,10.309985460456241,10.587871447425917,10.699890535397843,10.58938350638188,42810.0,41120.0,41290.0
2023-08-25,48990.0,32610.0,38600.0,38120.0,33470.0,50370.0,10.359360563188138,39180.0,45820.0,35120.0,35530.0,52870.0,55260.0,67260.0,10.869349096176027,11.254426719747327,11.006938117844486,11.09317378810361,10.449033392780304,10.921088609106748,86320.0,32530.0,50890.0,69930.0,73130.0,48580.0,10.459124004835836,10.312645832481909,10.595659257474393,10.71909569904425,10.545893917642873,44090.0,41910.0,46900.0
2023-08-26,48990.0,30270.0,39130.0,37420.0,34860.0,50220.0,10.28946398406043,38390.0,45060.0,33690.0,35120.0,52920.0,52600.0,65940.0,10.912557992542743,11.237448604956809,10.974745773415222,11.075675528862556,10.459124004835836,10.967698164486874,77700.0,33990.0,49750.0,63230.0,77260.0,49220.0,10.451637862362272,10.306650011581617,10.499600568082863,10.645686767736345,10.580276666483256,44310.0,40430.0,46900.0
2023-08-27,48990.0,30500.0,38790.0,37730.0,28950.0,50370.0,10.206587653966265,38960.0,45060.0,33040.0,34070.0,48900.0,53820.0,64670.0,10.851296331126829,11.237448604956809,10.99525983493937,11.124627160483929,10.479004810717253,10.937756856503727,79040.0,33220.0,52790.0,69930.0,71190.0,53590.0,10.442638208053022,10.25488358752045,10.53025451707913,10.6782377612977,10.546156895606837,44510.0,40970.0,46900.0
2023-08-28,48990.0,28040.0,38220.0,36840.0,32930.0,50370.0,10.171642709679686,38390.0,43260.0,31400.0,31880.0,48850.0,44910.0,61770.0,10.81055588854814,11.111566913404856,10.947309210188068,11.091955779701022,10.434439280685709,10.956771179117865,81620.0,28960.0,51200.0,66870.0,71490.0,52440.0,10.442638208053022,10.202146656326482,10.541148449877936,10.597159595331789,10.507284258914009,49400.0,38230.0,55180.0
2023-08-29,48990.0,28770.0,38130.0,37250.0,29670.0,48710.0,10.130662964963708,38310.0,43060.0,30580.0,31520.0,50130.0,44950.0,60650.0,10.75600746851162,11.062112511110408,10.905056493665374,11.1069252136985,10.45855013319517,10.953627126642347,77780.0,28470.0,53750.0,67390.0,69940.0,45830.0,10.442638208053022,10.199918739620157,10.52918531273253,10.574159036330888,10.477034422194833,43800.0,38920.0,53600.0
2023-08-30,48990.0,27270.0,39050.0,35990.0,28840.0,47870.0,10.21723933772096,38100.0,41890.0,30210.0,30050.0,51270.0,47220.0,60240.0,10.72790419448184,11.020119834801047,10.880892198268546,11.086609480344594,10.462274425587943,10.939355265539385,74640.0,28980.0,51840.0,63480.0,65680.0,49410.0,10.426765325491356,10.173552856959741,10.530521639636548,10.591144690352435,10.460270761075149,40870.0,37740.0,46900.0
2023-08-31,48990.0,27720.0,38280.0,36610.0,27430.0,46940.0,10.121055589517152,38610.0,40710.0,29370.0,29790.0,51150.0,47310.0,59790.0,10.65845863548799,11.020119834801047,10.898238201670146,11.121525970686776,10.459697547336717,10.959731512836925,73630.0,28540.0,50270.0,67800.0,68820.0,48270.0,10.415442538332677,10.177362240256695,10.508377125337908,10.569802959130605,10.444095254586585,41530.0,36250.0,44980.0
2023-09-01,48990.0,27280.0,37550.0,35620.0,25850.0,46510.0,10.133845020868533,38610.0,41290.0,29560.0,28010.0,51720.0,43880.0,58850.0,10.713773116564433,10.93900028426092,10.925956465688445,11.1069252136985,10.435027152899222,10.945723474426929,69140.0,27720.0,50810.0,61330.0,68120.0,47430.0,10.296913817032536,10.146865010681147,10.462274425587943,10.598158571464415,10.397299256942858,40390.0,37860.0,45400.0
2023-09-02,48990.0,25630.0,38280.0,35270.0,30270.0,44030.0,10.114599007626499,37360.0,40020.0,29030.0,27710.0,51660.0,47910.0,56170.0,10.696728905881372,10.960079211941625,10.87447478132931,11.083234260436102,10.42022566305372,10.943428518789156,64410.0,26900.0,45840.0,56510.0,64110.0,47430.0,10.303303400245593,10.128669025875903,10.439425213116973,10.516535773840445,10.397299256942858,43240.0,36530.0,50990.0
2023-09-03,48990.0,24410.0,38470.0,36220.0,23840.0,44810.0,10.101149179835646,36600.0,39100.0,29270.0,26980.0,54390.0,44940.0,56170.0,10.612532688248846,10.938467575959383,10.883147372026944,11.099997579480696,10.404596118238738,10.96181589635374,69190.0,28440.0,50160.0,62040.0,66710.0,48270.0,10.244627450087734,10.119445348035612,10.408828161071545,10.526239092474103,10.343386292962181,50890.0,35460.0,46230.0
2023-09-04,48990.0,25610.0,36800.0,35550.0,24410.0,44810.0,10.14608072767165,37060.0,39510.0,27370.0,25880.0,50560.0,42730.0,56030.0,10.672692588705143,11.008926486546514,10.917648820068035,11.074746031189092,10.409129765609963,10.87806606028079,65250.0,26490.0,45020.0,64190.0,74060.0,47430.0,10.32288843838277,10.049361215025671,10.370706056919774,10.493798805759472,10.353320361711042,41210.0,36640.0,50990.0
2023-09-05,48990.0,26860.0,36800.0,34950.0,22840.0,43270.0,10.142937430124647,36050.0,38240.0,27370.0,25580.0,50750.0,42080.0,55560.0,10.611547975828369,11.021101494211369,10.9218112699754,11.152973729638365,10.386870034471961,10.815187764075905,65280.0,25610.0,45570.0,64670.0,67970.0,45840.0,10.291501267030537,10.039808799894367,10.34177474101152,10.472232966887884,10.399433013772667,41210.0,36850.0,44720.0
2023-09-06,48990.0,25460.0,36440.0,33590.0,22900.0,43180.0,10.172407206486922,35220.0,36550.0,27630.0,25010.0,50410.0,40190.0,54960.0,10.648776417499018,11.021101494211369,10.930621741236532,11.1082750249299,10.401866031000361,10.815187764075905,71560.0,25710.0,43910.0,68430.0,68910.0,48270.0,10.279901396250288,10.004734619552412,10.328787967145063,10.47081637553585,10.333677793031093,54860.0,35050.0,50990.0
2023-09-07,48990.0,25050.0,35500.0,33820.0,22640.0,43270.0,10.28127309153755,35220.0,37880.0,27780.0,25010.0,50690.0,42900.0,54040.0,10.508650155427521,11.015854806436574,10.945194336556533,11.124037198666844,10.407620832440994,10.83665506696672,65290.00000000001,24240.0,45660.0,61450.0,67630.0,49870.0,10.262594536666143,9.990169708671852,10.39973746484973,10.446131559688638,10.361892931354786,41890.0,36660.0,50990.0
2023-09-08,48990.0,25080.0,34910.0,35110.0,23670.0,45390.0,10.233905786321381,36000.0,37210.0,26780.0,24880.0,50820.0,40600.0,54040.0,10.68283536485392,11.020610784963102,10.93828994344506,11.143324481431074,10.380373692872555,10.881456468681893,58850.0,25050.0,45390.0,62380.0,70930.0,48580.0,10.265731958189729,9.952325334619427,10.385944565501662,10.455963627557306,10.341129392339512,41890.0,35000.0,53480.0
2023-09-09,48990.0,24810.0,34910.0,34990.0,23670.0,44510.0,10.176220948190334,36090.0,36580.0,25960.0,24840.0,51070.0,44200.0,54570.0,10.642109884868972,11.03973275601109,10.85805624562026,11.112313560992032,10.380373692872555,10.893047333337726,61600.0,26520.0,45810.0,61690.0,70890.0,49870.0,10.25769445336048,9.951849053414007,10.360944044643913,10.440594769696007,10.357774570341576,39790.0,35860.0,47420.0
2023-09-10,48990.0,24810.0,34600.0,34140.0,21760.0,44300.0,10.16627480445489,35370.0,36800.0,26200.0,25000.0,50630.0,42810.0,54570.0,10.491857380698827,10.989875426581515,10.919641718763716,11.197543261876168,10.399433013772667,10.8594027621935,56030.0,26520.0,44020.0,59260.0,70140.0,48270.0,10.202517493681471,9.928716606581903,10.446712600348778,10.424689159126888,10.342419673477199,41890.0,34780.0,50990.0
2023-09-11,48990.0,24580.0,34820.0,33540.0,21760.0,42200.0,10.17545936253226,35670.0,36410.0,25560.0,24910.0,49290.0,43430.0,54920.0,10.530521639636548,10.978677671259744,10.878631927203992,11.115592203591607,10.426172574814565,10.833503659028759,64760.00000000001,24860.0,43570.0,56460.0,70350.0,48700.0,10.273705376290232,9.948508718183648,10.294887542319458,10.397604358238855,10.370079117304869,43800.0,33830.0,50990.0
2023-09-12,48990.0,24520.0,35500.0,33540.0,23270.0,42830.0,10.223067921487122,36120.0,36280.0,25520.0,24530.0,49820.0,43960.0,55490.0,10.477316144080852,10.978677671259744,10.868968368601042,11.016019182793048,10.417836960475736,10.824785726220822,61200.0,24860.0,46430.0,57710.0,69710.0,48700.0,10.21723933772096,9.915959454031448,10.329114700468233,10.369451784390096,10.360944044643913,48650.0,33380.0,50990.0
2023-09-13,48990.0,24370.0,35500.0,33930.0,23710.0,41620.0,10.193205052099978,36270.0,35800.0,25730.0,24370.0,50520.0,44160.0,55860.0,10.367253014814716,11.008264136172082,10.940596708610187,11.036839375008134,10.41003403381723,10.819798284210286,59440.0,24860.0,42700.0,65840.0,70870.0,47430.0,10.204739634516608,9.909022208034603,10.301625885257831,10.389641313496469,10.340483626923639,56750.0,33470.0,44000.0
2023-09-14,48990.0,25910.0,35190.0,33930.0,24840.0,39790.0,10.194700882751725,34490.0,35580.0,25900.0,24150.0,49640.0,42840.0,55970.0,10.36372765365361,11.009588398503299,10.92163065371222,10.996936534247357,10.422906150720138,10.841950650675424,58150.0,25710.0,44890.0,58200.0,68470.0,46610.0,10.219793524324475,9.912001208301332,10.33854382482173,10.38068400132164,10.33237617558788,43800.0,32050.0,39240.0
2023-09-15,48990.0,25440.0,33940.0,33160.0,24720.0,39790.0,10.162422867948395,34680.0,34380.0,25920.0,24040.0,49200.0,42760.0,56240.0,10.622814044879375,11.026971299589365,10.882771862738064,11.010084545108256,10.432379002113745,10.841950650675424,61600.0,24580.0,44610.0,55790.0,74380.0,47430.0,10.143724181276514,9.907031266159493,10.350446429473651,10.378509817336841,10.367881728173579,40590.0,32600.0,46900.0
2023-09-16,48990.0,25320.0,33590.0,33930.0,23840.0,39900.0,10.413642951751813,34240.0,34350.0,26140.0,24280.0,50650.0,45110.0,56000.0,10.5200506209133,11.042777825355497,10.928829979276463,10.970282323317344,10.429132820900398,10.853232402669226,55400.0,23250.0,46270.0,57690.0,68030.0,47430.0,10.165120780630861,9.881804157704968,10.357139468227567,10.39516093745751,10.355549946021075,56120.0,31240.0,36330.0
2023-09-17,48990.0,25990.0,34260.0,33710.0,24520.0,38180.0,10.370706056919774,33990.0,35250.0,25660.0,24130.0,49980.0,45410.0,55960.0,10.425876067666572,11.010745691229099,10.885584751364705,10.984292222554272,10.407620832440994,10.823989405181747,62520.0,23250.0,44000.0,66660.0,72390.0,47430.0,10.224519774669448,9.913487387114461,10.3637880078829,10.405201793433656,10.33789638703407,46450.0,31680.0,46900.0
2023-09-18,48990.0,26140.0,34780.0,33930.0,22130.0,38180.0,10.25558704504304,33960.0,34400.0,25550.0,24800.0,52830.0,45050.0,54970.0,10.55791989196796,11.038447842325047,10.891559265504869,10.947837230476315,10.390870532175569,10.834686601143401,56060.0,22820.0,41730.0,65390.0,60180.0,48270.0,10.170877627969897,9.82720028436401,10.343708291934567,10.386870034471961,10.362209026944724,44900.0,31740.0,44000.0
2023-09-19,48990.0,26110.0,35030.0,34430.0,23200.0,38180.0,10.30497810588888,33620.0,33510.0,25760.0,25360.0,50560.0,44190.0,53220.0,10.593153681259418,11.043257779289133,10.911281225871653,10.992402978225373,10.394243113248184,10.832911662800246,53360.0,23460.0,42870.0,72770.0,72690.0,47430.0,10.208432264538738,9.83419106353347,10.396688774948379,10.38532711001602,10.389948759849503,47180.0,31660.0,46900.0
2023-09-20,48990.0,26570.0,35000.0,36590.0,25000.0,43820.0,10.30497810588888,33080.0,33800.0,26550.0,24740.0,53130.0,48380.0,55270.0,10.65845863548799,11.259593288117413,10.928471241312758,11.14708002888221,10.370079117304869,10.880515841025813,55720.0,23740.0,40140.0,45668.75,69830.0,47430.0,10.173934448966204,9.809231816610406,10.303303400245593,10.350766163457703,10.39301803576196,52920.0,31380.0,45830.0
2023-09-21,48990.0,24700.0,34820.0,32290.0,22940.0,38180.0,10.316953898529778,33500.0,36730.0,25750.0,25430.0,53580.0,40700.0,56310.0,10.36372765365361,11.037000338212293,10.893604788384124,10.992066340225863,10.375707473990893,10.888576470280553,65900.0,23890.0,40510.0,67760.0,67730.0,46950.0,10.214312256490171,9.83953552604361,10.422608673326225,10.32518683708304,10.38563588541525,44510.0,31640.0,46900.0
2023-09-22,48990.0,25750.0,34140.0,32360.0,22940.0,38540.0,10.324202455851168,33770.0,33190.0,25660.0,25100.0,55150.0,42700.0,56070.0,10.592651811785132,11.037000338212293,10.902297921958711,11.001783124388094,10.386870034471961,10.90413781502802,69910.0,23740.0,39850.0,63490.0,71850.0,45730.0,10.24356044187724,9.807582195649056,10.424689159126888,10.309985460456241,10.376642461280849,43670.0,31220.0,44210.0
2023-09-23,48990.0,26190.0,35590.0,32040.0,22940.0,39710.0,10.428245666832275,35340.0,32350.0,25390.0,25530.0,56540.0,43870.0,56310.0,10.36372765365361,11.037804765825014,10.864005673985291,10.994924157455142,10.397909366476442,10.889696061373598,48460.0,23890.0,40710.0,67590.0,68510.0,48580.0,10.138203880202953,9.806480934593978,10.416939723904,10.345638111452145,10.442638208053022,45550.0,32280.0,44810.0
2023-09-24,48990.0,26060.0,35670.0,32700.000000000004,24170.0,41300.0,10.531322579448695,34700.0,33350.0,25470.0,25710.0,55860.0,44170.0,57150.0,10.536114793300284,11.052650359802138,10.833700913250638,11.052333407611723,10.418135860525783,10.898792771338309,57700.0,24970.0,38970.0,66880.0,71700.0,50810.0,10.201775681400132,9.808132371719273,10.379752786950895,10.321243484728525,10.447002994124777,45910.0,32720.0,47430.0
2023-09-25,48990.0,26590.0,37320.0,32800.0,23710.0,40150.0,10.558699193753036,34710.0,35680.0,26530.0,25580.0,57090.0,45670.0,57830.0,10.505642716590316,11.073660524150764,10.906341227535142,11.035389539068879,10.423500840161113,10.914197158028326,63700.0,22370.0,36730.0,75110.0,70810.0,49370.0,10.223067921487122,9.791493975575202,10.40701662106948,10.313973369101156,10.569802959130605,45550.0,33080.0,41570.0
2023-09-26,48990.0,26480.0,35690.0,33370.0,24190.0,40500.0,10.594407254105722,36450.0,36900.0,27140.0,26290.0,57520.0,45660.0,58190.0,10.537441898283253,11.05881093278828,10.902482063674697,10.976628175230568,10.423798052313332,10.918555175493893,69550.0,22100.0,36910.0,55790.0,71560.0,47170.0,10.223067921487122,9.837935184295892,10.419330568113901,10.39179145561983,10.605371456538457,45880.0,33000.0,47430.0
2023-09-27,48990.0,26400.0,36700.0,32900.0,24490.0,40500.0,10.633713731337494,37620.0,36800.0,27650.0,26700.0,57180.0,47300.0,59900.0,10.617441757777065,11.082926856612652,10.859594973780606,11.030865448691081,10.438547147147077,10.918192731895209,73950.0,23300.0,37580.0,73670.0,72430.0,44810.0,10.210641315177503,9.814164414575925,10.423500840161113,10.366309203003638,10.627430633893226,43800.0,33100.0,48990.0
2023-09-28,48990.0,26430.0,35410.0,32900.0,24600.0,41210.0,10.683981470512775,37680.0,37070.0,27640.0,27000.0,56610.0,47880.0,61630.0,10.693103332582247,11.105723850006381,10.933303378999149,11.029569083193783,10.456251347665171,10.90285024541336,64569.99999999999,23470.0,37430.0,63160.0,68740.0,47910.0,10.21833478806055,9.82395721357932,10.433262498460529,10.309652415758565,10.612532688248846,43050.0,32240.000000000004,42510.0
2023-09-29,48990.0,26560.0,36090.0,33480.0,26050.0,42140.0,10.72856171434071,37740.0,36500.0,27550.0,26610.0,59040.0,46760.0,61390.0,10.785207543360087,11.061013195716075,10.940596708610187,11.031351152809686,10.44990230322135,10.89416193284752,65650.0,23620.0,36640.0,65019.99999999999,68320.0,49600.0,10.248530101745104,9.855924135604518,10.465699966318816,10.322559664050509,10.673387419194464,46540.0,32600.0,48990.0
2023-09-30,48990.0,28260.0,35100.0,33580.0,26050.0,43500.0,10.78768888290167,37330.0,37110.0,28230.0,27400.0,60850.0,46760.0,61260.0,10.719759034318209,11.079230621020361,10.943605240947042,11.01355069587326,10.425282789490705,10.889323003601277,46960.0,25130.0,35990.0,66150.0,72420.0,51190.0,10.252064798437244,9.856972298794659,10.465699966318816,10.349806654652559,10.659867714887898,59160.0,33430.0,48990.0
2023-10-01,48990.0,29200.0,36350.0,33270.0,25600.0,44480.0,10.783549889802996,36960.0,36920.0,28910.0,28190.0,59170.0,47860.0,62120.0,10.707751151716078,11.052650359802138,10.929188588593389,11.029569083193783,10.484053768176494,10.882584055202674,67110.0,25650.0,39120.0,68350.0,73530.0,47910.0,10.249591823249144,9.892477160016076,10.474777785317187,10.320584744874,10.656341286557868,46860.0,32590.000000000004,48990.0
2023-10-02,48990.0,27660.0,38260.0,34750.0,26220.0,43500.0,10.78872095994494,37390.0,39260.0,30550.0,29690.0,59780.0,47850.0,61420.0,10.692194881655606,11.092717208787851,10.950122102111525,11.05074713802576,10.517347989609593,10.953627126642347,69590.0,26440.0,35660.0,68790.0,73000.0,48990.0,10.282642907853932,9.963217656743893,10.513551992534897,10.451637862362272,10.723289410218579,45550.0,33470.0,43820.0
2023-10-03,48990.0,29850.0,41530.0,35680.0,34380.0,45430.0,10.867825315381769,37370.0,40740.0,30930.0,31420.0,60060.0,48940.0,62960.0,10.826972344990523,11.08798697535854,10.923615640649537,11.008760940077243,10.52489702656513,10.999279200267464,62180.0,27210.0,38140.0,70140.0,77230.0,51190.0,10.324202455851168,9.990628087851128,10.530788690858559,10.416041681575788,10.714439990727769,45550.0,35430.0,46540.0
2023-10-04,48990.0,31590.0,40330.0,35070.0,34380.0,44300.0,10.861898635700488,38480.0,40050.0,32290.0,32360.0,61520.0,50080.0,64319.99999999999,10.807523500343267,11.140425970684523,10.978507040265917,11.048840287088053,10.528114963964265,11.091803424286017,67780.0,27560.0,35690.0,74490.0,82050.0,49980.0,10.403990075979044,10.056680631152522,10.537441898283253,10.466554521147781,10.768084910001393,45550.0,36070.0,47960.0
2023-10-05,48990.0,34510.0,40670.0,34150.0,34380.0,44480.0,10.97987127369317,38380.0,39860.0,33690.0,34660.0,64300.0,52230.0,64370.00000000001,10.770609048402198,11.140425970684523,10.992066340225863,11.056761622530754,10.529987323148188,11.095149893084974,62390.0,27070.0,38800.0,75560.0,79240.0,49320.0,10.402169742355426,10.122261571332395,10.601149526063207,10.477879349862967,10.921450004820914,45550.0,37390.0,47960.0
2023-10-06,48990.0,34820.0,39980.0,34970.0,35530.0,45260.0,10.974403137513908,38960.0,40670.0,35700.0,34920.0,66000.0,51590.0,63970.0,10.75919991152435,11.058338387651427,11.035550735793711,11.026158106297308,10.53025451707913,11.196857635323791,68150.0,27650.0,38420.0,69580.0,81770.0,53050.0,10.417537971057733,10.150777225678416,10.621839409681247,10.529452721013085,10.914561052430187,55500.0,37870.0,47960.0
2023-10-07,48990.0,35540.0,41830.0,34970.0,33480.0,47340.0,10.998777662206932,38900.0,40620.0,36500.0,35440.0,66700.0,50340.0,64400.00000000001,10.740756721857224,11.086915754370356,11.042617789507126,11.075675528862556,10.527311449886323,11.131679686740132,68110.0,28310.0,37740.0,78090.0,84920.0,50690.0,10.427949773825027,10.132652936168832,10.64735161138778,10.440302508763368,10.940951123740335,45550.0,39040.0,46000.0
2023-10-08,48990.0,36340.0,39940.0,34870.0,37740.0,47340.0,11.035389539068879,39470.0,41690.0,36560.0,35840.0,65730.0,50360.0,64319.99999999999,10.77438334991989,11.05928325473169,11.061013195716075,11.075675528862556,10.540090836284206,11.178724646724017,76690.0,28310.0,39370.0,67980.0,83100.0,50920.0,10.463988662743825,10.16627480445489,10.667582359470872,10.555057244929015,10.986495389225194,43800.0,39260.0,44380.0
2023-10-09,48990.0,38760.0,40840.0,35650.0,37740.0,47340.0,11.025018523586803,41160.0,43330.0,38320.0,36980.0,68730.0,54090.0,66380.0,10.81156464463578,11.078458849302987,11.12948111053133,11.0497941670669,10.574159036330888,11.214667666146262,79900.0,31310.0,36070.0,72040.0,85940.0,51910.0,10.482933978579906,10.225969523029635,10.712438032589617,10.541940926673426,11.032806851316671,34640.0,41450.0,56880.0
2023-10-10,48990.0,39370.0,40720.0,35770.0,39170.0,49390.0,11.154262832601345,41190.0,43930.0,39370.0,37770.0,68790.0,52380.0,68330.0,10.841363635435306,11.08798697535854,11.143179755252751,11.124184721754474,10.554275098679943,11.277721984163577,82910.0,31940.0,39100.0,72810.0,85490.0,51210.0,10.504272703223902,10.23030619998629,10.717324650785173,10.662445881599808,11.07350535548211,43800.0,42800.0,48470.0
2023-10-11,48990.0,40530.0,44090.0,36840.0,39150.0,48210.0,11.193147106920685,40480.0,44010.0,40560.0,38620.0,69830.0,54350.0,70770.0,10.854392248926331,11.07086379760324,11.170167514576873,11.065403224873476,10.534785924769006,11.3640889731334,69790.0,33080.0,33580.0,65850.0,83000.0,51210.0,10.57185524173185,10.30865261563529,10.797757599041015,10.754300655782611,11.215745092817135,48200.0,42550.0,56110.0
2023-10-12,48990.0,41270.0,43470.0,36250.0,38530.0,51460.0,11.277089200908687,42300.0,44440.0,39600.0,39910.0,71750.0,52520.0,70430.0,10.933303378999149,11.120786172469979,11.154405963738338,11.106024326263507,10.584840453213362,11.282014323889351,63380.0,33980.0,36920.0,65550.0,81680.0,50000.0,10.64043628432532,10.296238848224217,10.740323737069875,10.729437735508842,11.177466714598282,43800.0,42920.0,70270.0
2023-10-13,48990.0,41770.0,44050.0,35830.0,38660.0,51460.0,11.268060196083502,41920.0,45390.0,39800.0,39960.0,69370.0,53950.0,70830.0,10.945899791516037,11.122117415455683,11.182767252876404,11.106775122142368,10.590390276998743,11.28578644238053,81940.0,34910.0,37690.0,68650.0,83970.0,50000.0,10.679389145388422,10.309985460456241,10.744645171594767,10.734460018752944,11.15512131228664,46100.0,43380.0,46000.0
2023-10-14,48990.0,41710.0,46000.0,37280.0,39680.0,52280.0,11.227520797262487,42200.0,45410.0,39710.0,40790.0,71110.0,55330.0,70810.0,10.87409600061987,11.154692164567411,11.20695721483113,11.065403224873476,10.580784783666006,11.267293432681889,77150.0,34920.0,40470.0,68110.0,79180.0,49390.0,10.641392970437847,10.327807126158824,10.77897712300635,10.64830170765649,11.160114474908951,43800.0,42980.0,46990.0
2023-10-15,48990.0,41520.0,45330.0,37480.0,42100.0,52370.0,11.234678739304933,40420.0,45840.0,40780.0,41630.0,69100.0,57290.0,70750.0,10.93080074098641,11.154692164567411,11.178165761127321,11.07257383750632,10.60784664405992,11.26345077190963,70030.0,33530.0,39450.0,67550.0,80050.0,50000.0,10.689464566656033,10.375707473990893,10.845855304120402,10.617931341885154,11.183045451818261,43800.0,42820.0,50300.0
2023-10-16,48990.0,42610.0,46550.0,37890.0,42100.0,53210.0,11.288793925756666,40050.0,48900.0,41870.0,43220.0,67860.0,56880.0,70680.0,10.777517755695682,11.153260340608929,11.219372861286699,11.074746031189092,10.624517374082325,11.200691103415608,84800.0,32420.0,36600.0,68750.0,78950.0,50000.0,10.616951933858967,10.393630762106916,10.824586705402588,10.683523185864164,11.23004517880127,43340.0,43710.0,50300.0
2023-10-17,48990.0,44230.0,49970.0,37950.0,45130.0,53130.0,11.261009427187181,43430.0,49610.0,45390.0,43780.0,68470.0,55310.0,70410.0,10.9441352201136,11.1681932081156,11.226988535536837,11.083387926918672,10.611794244853895,11.360950749348124,90980.0,35590.0,37140.0,69840.0,80890.0,50770.0,10.642826285701982,10.415142832042596,10.850714777975867,10.661274811576522,11.226988535536837,42800.0,43210.0,43240.0
2023-10-18,48990.0,47710.0,48540.0,38550.0,44580.0,54110.0,11.231768722833586,43290.0,51010.0,46040.0,45240.0,70740.0,56150.0,70640.0,10.922713862281604,11.166497837483044,11.258304146378245,11.142745451001325,10.63057711727143,11.306282526671115,92080.0,37180.0,37780.0,68700.0,76270.0,49580.0,10.698762529141883,10.43385106267516,10.807523500343267,10.74486075388336,11.226455990357765,52920.0,43240.0,45920.0
2023-10-19,48990.0,49220.0,47200.0,38950.0,46200.0,53040.0,11.21534119384024,43210.0,52500.0,46090.0,47020.0,69340.0,54360.0,71530.0,10.915288444217273,11.157121570129487,11.232827890691537,11.131679686740132,10.62476047015509,11.309106485525438,81380.0,37170.0,38540.0,66480.0,80660.0,50770.0,10.698762529141883,10.479567066502215,10.83861966554364,10.83940442554546,11.204373796213224,43800.0,45210.0,44330.0
2023-10-20,48990.0,50300.0,49970.0,39880.0,60720.0,56910.0,11.21923873391915,42930.0,51510.0,47770.0,47390.0,70720.0,58130.0,69820.0,10.870680502337402,11.170026621880517,11.21950697066651,11.169744776921561,10.625975064872742,11.326125896832687,84850.0,37600.0,37220.0,67520.0,77120.0,48770.0,10.75579427616868,10.482933978579906,10.819598268208338,10.750878265755231,11.18748614131548,52920.0,46300.0,45250.0
2023-10-21,48990.0,51190.0,52670.0,39120.0,47840.0,56470.0,11.304190115204406,41500.0,53570.0,47710.0,47970.0,70870.0,58940.0,69820.0,11.01962864348853,11.170026621880517,11.19507280317333,11.182488976518359,10.644495894447413,11.285535410008587,74130.0,39110.0,37540.0,74350.0,78830.0,49440.0,10.7177677069941,10.499876004651563,10.83014437040946,10.809546113844034,11.210481638644469,46100.0,47730.0,56570.0
2023-10-22,48990.0,53540.0,53340.0,37750.0,57150.0,56950.0,11.277215789596891,40890.0,54570.0,48890.0,50240.0,70160.0,59610.0,73960.0,10.967007926154695,11.150390527616379,11.18151439899016,11.178165761127321,10.663849357772266,11.26152389003502,89050.0,44260.0,37660.0,74510.0,78830.0,48990.0,10.74593796874106,10.504820933823419,10.837244851908915,10.844295271823357,11.247409238284769,43800.0,45570.0,59330.0
2023-10-23,48990.0,56460.0,55400.0,38150.0,56600.0,56470.0,11.229647015655297,44570.0,60040.0,54770.0,53300.0,71610.0,62820.0,76470.0,10.918192731895209,11.1681932081156,11.192596226186202,11.172559658233004,10.678468144195092,11.252093026657754,91480.0,45620.0,39070.0,70080.0,77240.0,49320.0,10.734677807759816,10.521399202410166,10.842341802819034,10.814785842887238,11.259722110934689,43800.0,48520.0,59330.0
2023-10-24,48990.0,59700.0,66040.0,37220.0,58520.0,62460.0,11.18207141673165,44890.0,62840.0,59000.0,55260.0,70120.0,61570.0,80380.0,10.87257944140141,11.194797930643734,11.242179169224649,11.167910845871202,10.686498288754322,11.275315274618944,86790.0,47690.0,37040.0,71020.0,78430.0,52310.0,10.712883258660504,10.525165583876873,10.893047333337726,10.85997928615443,11.239027947489063,43800.0,49100.0,59330.0
2023-10-25,48990.0,59830.0,66770.0,42360.0,61870.0,66490.0,11.161820693064698,46300.0,64390.0,60490.0,56850.0,71560.0,67110.0,84140.0,10.835277547857206,11.181932191381273,11.241392294257817,11.174104472179522,10.730094248137464,11.29254060496562,87110.0,47070.0,38550.0,68960.0,78210.0,53390.0,10.716659698193956,10.565685714952057,10.877688637695117,10.870300281424473,11.21480240798111,40000.0,51470.0,47270.0
2023-10-26,48990.0,60590.0,65340.0,42600.0,60540.0,64060.0,11.170449240431308,47790.0,65740.0,60240.0,58160.0,72790.0,67910.0,84830.0,10.974403137513908,11.154262832601345,11.295279275435373,11.172278526394377,10.788927247593167,11.244143652018927,64120.00000000001,47810.0,39740.0,72730.0,76620.0,54680.0,10.727026828278731,10.610562292793485,10.933838844688593,10.925956465688445,11.247800392978396,43800.0,52730.0,59330.0
2023-10-27,48990.0,62150.0,66500.0,43300.0,62010.0,68540.0,11.224322969058706,49580.0,67880.0,60850.0,60260.0,73150.0,66180.0,85250.0,11.032160135800446,11.146070306614268,11.278101462006626,11.219909190927746,10.86877795044219,11.263835703140003,87680.0,53540.0,36880.0,77840.0,77790.0,55990.0,10.753659849198822,10.624031004577832,10.95903575173321,10.818197034893952,11.295527873962463,43800.0,55700.0,59330.0
2023-10-28,48990.0,65190.0,66380.0,46840.0,62210.0,73120.0,11.30615956476456,50210.0,69030.0,61250.0,61210.0,75190.0,70560.0,84920.0,11.055972306668727,11.122560769584661,11.303573865924402,11.188178221181435,10.875610263368761,11.29900177976496,81620.0,56500.0,40890.0,77350.0,77840.0,61200.0,10.782512459217793,10.642587542445344,10.947309210188068,10.837244851908915,11.36952842362119,47180.0,56510.0,59330.0
2023-10-29,48990.0,67430.0,69550.0,52850.0,68530.0,73970.0,11.311066285763198,51900.0,69090.0,62250.0,63490.0,75000.0,73780.0,81030.0,11.08798697535854,11.134603622683905,11.355932416103318,11.207771646606407,10.897868317624576,11.265630092311698,90460.0,59360.0,38720.0,76310.0,77260.0,71530.0,10.782097185442593,10.722187506016818,10.95764277558904,10.832121788941521,11.344991902770953,46100.0,59050.0,61970.0
2023-10-30,48990.0,69800.0,72860.0,54190.0,68690.0,75530.0,11.21480240798111,54750.0,74480.0,67520.0,65890.0,74260.0,69640.0,83100.0,11.18387958457714,11.230575816507569,11.413668506872886,11.250014050843658,10.999446323738674,11.248842724768771,87710.0,59020.0,37910.0,77490.0,73900.0,70900.0,10.784171831940965,10.754514166757886,10.97303141870689,10.885959206069424,11.32865400835664,51920.0,62640.0,61970.0
2023-10-31,48990.0,71300.0,74320.0,56260.0,70480.0,76250.0,11.261009427187181,56560.0,77590.0,70440.0,67760.0,75490.0,72080.0,85080.0,11.165932074607458,11.279365349132823,11.521994219230104,11.235866764155578,11.011406400524537,11.243751064074187,93260.0,58140.0,44310.0,75470.0,73130.0,74690.0,10.771029119400374,10.784379060058416,10.988862614422217,10.926316106770525,11.312411423903804,49660.0,68140.0,58450.0
2023-11-01,48990.0,69020.0,77540.0,55000.0,66120.0,78760.0,11.277974985391984,56430.0,78720.0,70290.0,65410.0,75700.0,72130.0,86190.0,11.131972465357673,11.21304934641774,11.524666271173247,11.273792257736359,11.080464218191493,11.240736091808946,92130.0,56650.0,42610.0,76710.0,70360.0,80750.0,10.840580412039547,10.799800041694619,11.009753808057733,10.99122424909553,11.29166763456623,49660.0,69610.0,58450.0
2023-11-02,48990.0,66540.0,75580.0,55000.0,66120.0,81190.0,11.296645803177345,58180.0,77940.0,71070.0,66190.0,75840.0,71970.0,90330.0,10.944841422363956,11.284153604397167,11.513735137097267,11.278227922626957,11.135187385342592,11.26473330020486,92170.0,58000.0,45530.0,80140.0,71990.0,80560.0,10.922533408982428,10.821796246953596,10.985479146187918,11.013880179739768,11.289419347937011,44720.0,69260.0,61970.0
2023-11-03,48990.0,66290.0,82650.0,55860.0,66450.0,84900.0,11.235074904431736,58030.0,79200.0,71290.0,68200.0,75360.0,72610.0,89730.0,11.163807608465529,11.284153604397167,11.47263457938665,11.3064054734599,11.133288909394148,11.219104588559038,96990.0,60430.0,45920.0,72710.0,71460.0,82070.0,10.922533408982428,10.869729678852693,10.994084470441106,11.030217476012854,11.284656300113475,52780.0,69620.0,71000.0
2023-11-04,48990.0,67390.0,84880.0,55360.0,66450.0,88120.0,11.299125624909152,66850.0,79720.0,73390.0,69690.0,74520.0,74780.0,90330.0,11.180120495696487,11.27201246804444,11.52120112702131,11.38328364101371,11.164091131524941,11.217359059354894,90560.0,62260.0,45030.0,75240.0,69770.0,79650.0,10.947661254690129,10.864005673985291,10.971657815702502,11.012726510945454,11.302587076486851,59440.0,72660.0,72970.0
2023-11-05,48990.0,68210.0,85850.0,62290.0,70390.0,88640.0,11.262808890404589,67860.0,81890.0,74920.0,71160.0,73800.0,75530.0,91010.0,11.182628124377098,11.257271635090223,11.491916310112307,11.352651073434947,11.171153208021556,11.180259973491848,86540.0,62660.0,44330.0,71300.0,69080.0,80560.0,10.961121584475679,10.871630422615535,11.018809454767185,11.022245546897196,11.301228649089653,60000.0,71690.0,75370.0
2023-11-06,48990.0,66980.0,62960.0,63940.0,76140.0,62240.0,11.256625773747116,65680.0,83790.0,74510.0,70360.0,72390.0,76990.0,90750.0,11.143035008125729,11.318502986459444,11.50892748368293,11.367680015613487,11.177606563002838,11.164232862915847,94570.0,59610.0,46180.0,69280.0,69980.0,80560.0,10.930621741236532,10.909271578893042,11.05074713802576,11.071485968689245,11.296149100034178,66490.0,73300.0,78355.0
2023-11-07,48990.0,66580.0,81030.0,62170.0,71660.0,62240.0,11.242572374640222,69200.0,82290.0,74830.0,67880.0,71330.0,75830.0,91810.0,11.183740610759584,11.329375153566437,11.501065411757565,11.386693083918184,11.177466714598282,11.178305511812328,90820.0,61150.0,46470.0,69280.0,71760.0,81790.0,10.956073354557526,10.93133754807084,11.046770420412674,11.02973122081655,11.29788648273253,59440.0,76750.0,78355.0
2023-11-08,48990.0,69350.0,81640.0,66640.0,71300.0,91550.0,11.25053420013823,70310.0,82430.0,75800.0,70730.0,70210.0,78270.0,92760.0,11.216148828725508,11.324799092787902,11.542591057625978,11.359552815731995,11.197543261876168,11.124184721754474,89190.0,63860.0,45070.0,71510.0,75720.0,79420.0,10.950473157915448,10.953627126642347,11.034260433845368,11.122117415455683,11.298010466069327,59450.0,78630.0,66710.0
2023-11-09,48990.0,69910.0,81480.0,69770.0,71300.0,92920.0,11.250274159310356,72660.0,81620.0,77660.0,72670.0,70490.0,78020.0,92460.0,11.2511840065188,11.325402403776808,11.572994638436139,11.3573354164153,11.2205791987249,11.079230621020361,82750.0,64360.0,45700.0,69700.0,75160.0,80560.0,10.95781700375869,10.959731512836925,11.035389539068879,11.076913516671743,11.284656300113475,54770.0,76450.0,65170.0
2023-11-10,48990.0,68760.0,81290.0,68750.0,71240.0,94700.0,11.245189800327386,72290.0,83330.0,77840.0,73500.0,70880.0,78410.0,91920.0,11.256884168342939,11.340249242027534,11.576566708674777,11.404348671520518,11.226056395275458,10.929547069355774,87980.0,63430.0,49810.0,74890.0,75370.0,80560.0,10.944488383578978,10.970282323317344,11.051857790886414,11.137519034145258,11.285158743253763,62570.0,79430.0,78355.0
2023-11-11,48990.0,69150.0,82010.0,69170.0,72130.0,93330.0,11.218433591700967,72860.0,82670.0,77560.0,73360.0,70660.0,78630.0,91540.0,11.263963980630047,11.330215832884797,11.562867346610785,11.441440204346033,11.225123385317872,11.144481537431497,82530.0,61190.0,50980.0,73240.0,77600.0,80630.0,10.944488383578978,10.974917047351173,11.071796909131109,11.085076701576972,11.26690983039603,66490.0,78010.0,73430.0
2023-11-12,48990.0,68360.0,81130.0,69500.0,73210.0,90200.0,11.224056021205383,73770.0,83600.0,76150.0,72270.0,71720.0,77500.0,91520.0,11.254815139660025,11.32865400835664,11.566665264222712,11.426833665039982,11.239422393691717,10.970282323317344,86410.0,59840.0,46570.0,64810.0,77700.0,85180.0,10.934552353218534,10.982084191220336,11.07830442345797,11.049953058639625,11.26332242856534,66100.0,77470.0,78355.0
2023-11-13,48990.0,68420.0,79920.0,64860.0,73210.0,93260.0,11.213319248310043,76060.0,83830.0,77250.0,71130.0,68920.0,77660.0,91130.0,11.29788648273253,11.399991901592273,11.56105827026951,11.397189083487625,11.22539004843061,11.06665398721974,89270.0,59690.0,45390.0,66720.0,80850.0,82380.0,10.942721317684738,10.982934011109675,11.071796909131109,11.164657936601685,11.22712162753022,66490.0,77640.0,78355.0
2023-11-14,48990.0,69910.0,84110.0,71100.0,75330.0,94910.0,11.208178613891855,79510.0,84100.0,76290.0,70900.0,67070.0,79820.0,90730.0,11.334049963700565,11.43702665946202,11.540258491037868,11.355698391225406,11.16960382464777,11.061170314781226,88630.0,62240.0,47130.0,68020.0,79120.0,78220.0,10.963376337755056,10.98751060056093,11.128747176317603,11.19630879542033,11.240736091808946,66490.0,79070.0,78355.0
2023-11-15,48990.0,71360.0,85290.0,71610.0,75950.0,93170.0,11.21709024576206,77930.0,82290.0,75500.0,73650.0,67490.0,77960.0,91540.0,11.295030615091687,11.440042895549956,11.530775206233024,11.410239148230769,11.206413891581187,11.032321853893817,91900.0,62320.0,47800.0,70510.0,79660.0,79580.0,10.923795898779666,10.952576908625598,11.076294714343865,11.208314232857019,11.243620167168404,68040.0,79410.0,78355.0
2023-11-16,48990.0,70300.0,84550.0,71610.0,75120.0,92270.0,11.257400757317503,79250.0,83710.0,75990.0,74480.0,67000.0,75880.0,91170.0,11.242965425506064,11.450315749157802,11.536358748352965,11.35077117486578,11.226189611378818,11.06415089616141,92410.0,61990.0,46060.0,65900.0,79130.0,83320.0,10.961642363572961,10.966662628245496,11.093325934895127,11.171856680390034,11.269974536348558,67080.0,79080.0,78355.0
2023-11-17,48990.0,70310.0,83440.0,72560.0,73950.0,93600.0,11.261266691695104,79700.0,84430.0,78280.0,75410.0,68140.0,82330.0,91800.0,11.244536085898856,11.521399459049608,11.50892748368293,11.374479156768768,11.238764896889764,10.942013616092948,84770.0,62790.0,51150.0,69640.0,77380.0,82770.0,10.96648993456911,10.96562601855712,11.1347495952997,11.206821411691152,11.293288259235284,68040.0,80020.0,78355.0
2023-11-18,48990.0,69970.0,85940.0,75980.0,76800.0,88580.0,11.38408021805069,78750.0,85000.0,77660.0,75240.0,69290.0,79430.0,92420.0,11.262680464647342,11.50892748368293,11.499951668046466,11.388846400857025,11.239685271415658,11.032321853893817,95450.0,65280.0,51200.0,62100.0,73460.0,79610.0,10.9652802430657,10.96959386698131,11.13358121731339,11.218165066840664,11.311677936505237,68040.0,80330.0,78355.0
2023-11-19,48990.0,71860.0,83770.0,73810.0,81710.0,86630.0,11.390090942008317,78300.0,78630.0,77930.0,76390.0,69770.0,82820.0,94990.0,11.27035696503027,11.50892748368293,11.51662859989461,11.406241852183078,11.225789909817326,11.124332223082254,80120.0,64860.0,49010.0,67930.0,70010.0,80900.0,10.974060384172992,10.970626373827352,11.14173134028943,11.217762144303785,11.319231486631292,69520.0,80380.0,78355.0
2023-11-20,48990.0,75220.0,85130.0,74270.0,79800.0,93130.0,11.378033146706365,75310.0,88820.0,79860.0,80070.0,70000.0,86410.0,97960.0,11.296397482445013,11.519712381659202,11.56048630239851,11.386125650065743,11.24322737361564,11.086915754370356,94490.0,65450.0,54220.0,67650.0,76050.0,84770.0,10.993075914439594,10.944841422363956,11.221114881934668,11.198365393710201,11.313144373692909,69160.0,84340.0,78355.0
2023-11-21,48990.0,77230.0,89630.0,73710.0,84260.0,97010.0,11.383055930978685,82160.0,91440.0,83310.0,81610.0,71150.0,91810.0,101110.0,11.287291314687705,11.496196309716343,11.700159933624827,11.373559944009717,11.251443810887574,11.043737502977494,89600.0,71710.0,53840.0,71720.0,75850.0,84770.0,11.055498417928932,11.02648346297243,11.221516456110812,11.241785809137758,11.31631429624586,68040.0,83130.0,78355.0
2023-11-22,48990.0,79150.0,91740.0,81570.0,88523.75,101170.0,11.346882686945893,82698.75,90170.0,87450.0,85630.0,72870.0,72600.0,103710.0,11.351946525549389,11.533619851393762,11.749032624436294,11.423886579428085,11.252093026657754,11.122413006714245,88020.0,72190.0,55070.0,68950.0,76130.0,83790.0,11.08108044658523,11.041496820872945,11.19342243352861,11.10737535324936,11.332733638689398,72110.0,82350.0,77970.0
2023-11-23,48990.0,80090.0,90740.0,79960.0,83390.0,102210.0,11.419943572599912,82698.75,95180.0,87800.0,86860.0,75700.0,95300.0,104080.0,11.39336459991126,11.542882246260032,11.731185109403144,11.403679633460749,11.25714249618824,11.065090289695444,89110.0,70580.0,54540.0,74170.0,72660.0,82070.0,11.066966433520573,11.08722193462106,11.244405291716395,11.274427130021383,11.343453003845157,69880.0,82650.0,78355.0
2023-11-24,48990.0,80220.0,90040.0,79320.0,80860.0,103840.0,11.430641079947753,82698.75,93900.0,86020.0,84650.0,75650.0,96060.0,104800.0,11.413889352491655,11.551771107793426,11.725137484210757,11.423230490351397,11.228451574129409,11.127424735781627,85580.0,69090.0,58050.0,73860.0,72840.0,81210.0,11.112612064001667,11.12815964086497,11.288418484608913,11.281762342685816,11.385898586339334,68040.0,82350.0,78355.0
2023-11-25,48990.0,81110.0,91670.0,80990.0,78730.0,105510.0,11.481341914308347,80700.0,83970.0,86910.0,85360.0,76380.0,98187.5,106210.0,11.460905590898102,11.541522639947903,11.74277448429944,11.446689503996453,11.2511840065188,11.184157474284504,103190.0,69810.0,63870.0,74030.0,71420.0,82310.0,11.156264806643742,11.125953303371235,11.290918767193082,11.091955779701022,11.401669829409995,69280.0,83270.0,78230.0
2023-11-26,48990.0,80400.0,90540.0,82407.5,77570.0,104630.0,11.527823929632195,80820.0,90840.0,86260.0,84400.0,75730.0,98187.5,106210.0,11.48350695288756,11.537530268827476,11.744362529828946,11.447757412385977,11.276962596193759,11.183184522271576,97310.0,72250.0,57130.0,72150.0,63720.0,84900.0,11.218165066840664,11.050588372585485,11.266654013763995,11.266270166070045,11.4655298279956,65420.0,82550.0,78355.0
2023-11-27,48990.0,82160.0,90540.0,80990.0,79940.0,102960.0,11.53967449826278,78390.0,91930.0,86750.0,84040.0,74140.0,98187.5,106540.0,11.470445847351602,11.643787046819533,11.74926950519163,11.418955386828427,11.26332242856534,11.253390195121284,92340.0,71330.0,63040.0,64810.0,71610.0,87750.0,11.29166763456623,11.12860032481358,11.335245121065762,11.36952842362119,11.509429360713519,69520.0,84440.0,76000.0
2023-11-28,48990.0,81110.0,90910.0,81360.0,81960.0,102960.0,11.526443680771136,64340.0,90390.0,86660.0,82390.0,74130.0,98187.5,107160.0,11.483815861823661,11.725218360260167,11.728528659110452,11.418955386828427,11.2801229153614,11.35896976613294,100460.0,73710.0,60210.0,71180.0,69530.0,82910.0,11.320808085386119,11.15797760019988,11.303450570483712,11.442236717161688,11.511734756358006,69520.0,83640.0,78355.0
2023-11-29,48990.0,79830.0,93480.0,82180.0,81960.0,104970.0,11.526443680771136,82698.75,90080.0,86140.0,82150.0,71140.0,98187.5,104470.0,11.449357139707065,11.784104610122984,11.728448050353073,11.408131455484142,11.296273298951323,11.289419347937011,99420.0,73750.0,63500.0,70510.0,67620.0,87020.0,11.328035125277365,11.179003972433575,11.360950749348124,11.382486428935865,11.496297991533687,67530.0,84740.0,74400.0
2023-11-30,48990.0,78650.0,92510.0,82407.5,82960.0,106781.25,11.555419660582594,82698.75,90850.0,84730.0,81810.0,73140.0,98187.5,102070.0,11.400998996098089,11.77737217502662,11.691832866831062,11.37240973857126,11.273538195921754,11.30221677925738,101440.0,73300.0,62840.0,72230.0,66170.0,90095.0,11.287541906712672,11.170167514576873,11.382030593666835,11.35546431156703,11.526246346753071,68040.0,84700.0,78355.0
2023-12-01,48990.0,78390.0,89730.0,80570.0,81960.0,106781.25,11.57327710835497,82698.75,90590.0,84820.0,81360.0,71950.0,98187.5,101660.0,11.426942649738638,11.768814967177327,11.723923557900767,11.416315440734046,11.249363483526032,11.24688746057632,105080.0,71840.0,62390.0,72590.0,66800.0,89220.0,11.328035125277365,11.193147106920685,11.408020401134028,11.393589974879816,11.514634004584831,69520.0,87090.0,78355.0
2023-12-02,48990.0,79530.0,89720.0,82407.5,84830.0,106781.25,11.607699137243758,82698.75,91200.0,86490.0,81770.0,72670.0,98187.5,102890.0,11.416425577744599,11.746185669938866,11.665397593961787,11.402116801738675,11.162246793119435,11.335842164524378,91960.0,71470.0,65900.0,75780.0,70530.0,82460.0,11.328035125277365,11.196034262467789,11.399207904060908,11.363972918076751,11.411125270507158,69520.0,87476.25,78355.0
2023-12-03,48990.0,80040.0,90940.0,82407.5,82510.0,106781.25,11.612417796465078,82698.75,92160.0,80890.0,81850.0,72440.0,96310.0,104050.0,11.41034995646615,11.259593288117413,11.663162783291332,11.462799909562678,11.26113806771427,11.43605521971203,101830.0,71250.0,65650.0,74890.0,65610.0,82460.0,11.322866048003833,11.212239203383193,11.399207904060908,11.414772247561753,11.58171431564635,69880.0,79970.0,78355.0
2023-12-04,48990.0,80040.0,90470.0,82407.5,82370.0,106781.25,11.62035284319528,82698.75,92870.0,87690.0,83760.0,71430.0,80160.0,103610.0,11.47107168834584,11.266654013763995,11.674031897363491,11.446262021115974,11.258046118483998,11.196171538365103,100090.0,68690.0,62720.0,68450.0,67720.0,81960.0,11.328035125277365,11.227387758388332,11.422683420444102,11.442236717161688,11.622954068134021,73223.75,87476.25,78355.0
2023-12-05,48990.0,79210.0,94750.0,82407.5,84330.0,106781.25,11.61332268382311,82698.75,95090.0,87420.0,85770.0,72580.0,97360.0,105740.0,11.45689465044527,11.705288107574903,11.694588471634306,11.457951721822017,11.270866642542865,11.49944501055635,83250.0,68200.0,62960.0,60820.0,73920.0,83720.0,11.328035125277365,11.233885937899789,11.506816845285819,11.265117738161308,11.667970030876544,61360.0,87476.25,72990.0
2023-12-06,48990.0,79030.0,95730.0,82407.5,84540.0,106781.25,11.320080733279282,82698.75,95270.0,87100.0,85260.0,72250.0,98187.5,105020.0,11.478447885353336,11.69708699464207,11.694588471634306,11.42596135959055,11.257658951765174,11.531658893426009,104870.0,69750.0,65840.0,70040.0,77800.0,84390.0,11.328035125277365,11.234678739304933,11.567707167779874,11.12948111053133,11.756822930886967,63160.0,87476.25,78355.0
2023-12-07,48990.0,80760.0,71510.0,82407.5,84940.0,105510.0,11.755016375982748,82698.75,95860.0,87810.0,84590.0,72750.0,97920.0,105120.0,11.479172178164836,11.268698716780495,11.669595824878655,11.50429835826971,11.249103138046111,11.573653610839628,99050.0,69680.0,62880.0,68160.0,76920.0,83100.0,11.328035125277365,11.248321694680524,11.591375449407067,11.442236717161688,11.756822930886967,59440.0,87476.25,78355.0
2023-12-08,48990.0,81630.0,71030.0,82407.5,83520.0,71880.0,11.76339970525729,82698.75,95130.0,87978.75,84960.0,74530.0,95770.0,106480.0,11.525061524189727,11.72165361181011,11.640711635366157,11.450741503014646,11.215206524587721,11.652956936236603,95550.0,69200.0,63250.0,62810.0,78770.0,85990.0,11.328035125277365,11.214532906153606,11.591375449407067,11.442236717161688,11.756822930886967,59440.0,87476.25,73430.0
2023-12-09,48990.0,81860.0,93590.0,82407.5,83520.0,106781.25,11.76339970525729,82698.75,95410.0,87978.75,85100.0,74980.0,98187.5,106770.0,11.528414882166357,11.77159830913703,11.6451021904474,11.400215788038004,11.214398127998244,11.654694088265986,91190.0,70470.0,62570.0,71750.0,80190.0,87460.0,11.328035125277365,11.253315018513934,11.591375449407067,11.442236717161688,11.756822930886967,61050.0,87476.25,78355.0
2023-12-10,48990.0,84940.0,96590.0,82407.5,85680.0,106781.25,11.76339970525729,82698.75,95370.0,85410.0,86040.0,75270.0,98187.5,104460.0,11.556951919719207,11.789569904032613,11.676836924447922,11.409352240045227,11.207500243041213,11.657192524244925,106490.0,71210.0,67790.0,69250.0,84620.0,86220.0,11.328035125277365,11.253315018513934,11.591375449407067,11.442236717161688,11.756822930886967,59790.0,87476.25,73880.0
2023-12-11,48990.0,83960.0,68790.0,82407.5,86340.0,106781.25,11.76339970525729,76680.0,94950.0,86880.0,86050.0,71970.0,95860.0,100830.0,11.546853349632526,11.789569904032613,11.645977992957379,11.430098050263268,11.214128517179825,11.607608175229434,99720.0,72280.0,63230.0,69100.0,81200.0,86220.0,11.328035125277365,11.253315018513934,11.591375449407067,11.441225360805015,11.756822930886967,61360.0,87476.25,69280.0
2023-12-12,48990.0,81710.0,92960.0,82407.5,85450.0,106781.25,11.76339970525729,78940.0,92890.0,87580.0,84850.0,72260.0,93030.0,96860.0,11.510031280856891,11.789569904032613,11.58998835277166,11.441869753004392,11.163098448931654,11.657192524244925,102060.0,70720.0,65420.0,70040.0,84360.0,86220.0,11.328035125277365,11.253315018513934,11.591375449407067,11.442236717161688,11.756822930886967,60000.0,87476.25,59640.0
2023-12-13,48990.0,81830.0,90730.0,82407.5,85180.0,105890.0,11.76339970525729,78020.0,93870.0,87910.0,84070.0,67730.0,89610.0,96860.0,11.495382482752065,11.789569904032613,11.591191210165295,11.441869753004392,11.181235773725405,11.657192524244925,100170.0,71210.0,65790.0,73230.0,86880.0,86220.0,11.328035125277365,11.253315018513934,11.591375449407067,11.442236717161688,11.4655298279956,54770.0,86790.0,75600.0
2023-12-14,48990.0,81330.0,90540.0,82407.5,83490.0,103990.0,11.76339970525729,77050.0,92360.0,85330.0,81520.0,69550.0,86710.0,96170.0,11.471697137908086,11.789569904032613,11.603597633079941,11.464900507955111,11.176767179061333,11.657192524244925,98860.0,70880.0,66310.0,78350.0,87620.0,82900.0,11.114401213291382,11.253315018513934,11.591375449407067,11.358269657587524,11.748953651713432,57390.0,85490.0,67120.0
2023-12-15,48990.0,81350.0,89800.0,82407.5,80790.0,102430.0,11.76339970525729,77200.0,90680.0,84500.0,81550.0,70230.0,89930.0,95380.0,11.479068739876027,11.789569904032613,11.589803169300607,11.44999631476691,11.139845259006064,11.657192524244925,106930.0,72140.0,66020.0,74090.0,87090.0,83650.0,11.328035125277365,11.253315018513934,11.591375449407067,11.442236717161688,11.756822930886967,55180.0,81890.0,68680.0
2023-12-16,48990.0,80700.0,87920.0,81090.0,79940.0,101600.0,11.0694624957204,74660.0,91030.0,82960.0,79690.0,69080.0,87940.0,97430.0,11.449037398907548,11.789569904032613,11.56495798606238,11.49212053553704,11.152256842617728,11.657192524244925,117000.0,72610.0,66830.0,50080.0,91590.0,86150.0,11.328035125277365,11.253315018513934,11.591375449407067,11.442236717161688,11.756822930886967,48990.0,80040.0,70180.0
2023-12-17,48990.0,79070.0,87740.0,73480.0,74790.0,99830.0,11.76339970525729,70850.0,90190.0,81430.0,80350.0,67830.0,87600.0,96270.0,11.46668255379549,11.789569904032613,11.572146749628347,11.414772247561753,11.112164276066546,11.657192524244925,109570.0,71140.0,69000.0,79370.0,77940.0,82460.0,11.328035125277365,11.253315018513934,11.591375449407067,11.324436931404833,11.756822930886967,59440.0,77060.0,78355.0
2023-12-18,48990.0,79270.0,87670.0,71140.0,74790.0,95630.0,11.76339970525729,66150.0,86810.0,78460.0,75820.0,66110.0,82470.0,92130.0,11.458479838780507,11.789569904032613,11.527331202277828,11.409463146595481,11.097576673787882,11.657192524244925,82420.0,69390.0,66380.0,66520.0,96600.0,87240.0,11.328035125277365,11.253315018513934,11.591375449407067,11.442236717161688,11.756822930886967,44750.0,72700.0,65110.0
2023-12-19,48990.0,78310.0,83460.0,66430.0,73770.0,94820.0,11.76339970525729,69130.0,82430.0,75230.0,76400.0,65150.00000000001,85000.0,92830.0,11.425197467633199,11.789569904032613,11.472738685324947,11.355113089309977,11.064933785375604,11.657192524244925,110020.0,69170.0,66820.0,74090.0,101820.0,78500.0,11.328035125277365,11.253315018513934,11.591375449407067,11.442236717161688,11.756822930886967,49660.0,70420.0,70180.0
2023-12-20,48990.0,77190.0,80780.0,63000.0,74830.0,95630.0,11.76339970525729,64970.0,81230.0,74860.0,76040.0,66660.0,80360.0,90020.0,11.409795792463761,11.781050030081477,11.402451899925579,11.394828630084016,11.037804765825014,11.657192524244925,110910.0,67320.0,71250.0,73910.0,111030.0,84340.0,11.328035125277365,11.253315018513934,11.591375449407067,11.442236717161688,11.756822930886967,51920.0,68560.0,58460.0
2023-12-21,48990.0,76080.0,81880.0,62460.0,68420.0,92330.0,11.466891997618188,64019.99999999999,81010.0,75120.0,73830.0,63750.0,74090.0,89540.0,11.403121759615027,11.789569904032613,11.40066341061013,11.374364301371587,11.04788549635337,11.461958433142733,108820.0,71120.0,68310.0,73390.0,114086.25,76070.0,11.30824786368332,11.253315018513934,11.591375449407067,11.442236717161688,11.756822930886967,47180.0,70630.0,58460.0
2023-12-22,48990.0,75830.0,81980.0,61640.0,67290.0,93170.0,11.42049214303914,63090.0,80240.0,75030.0,73720.0,62890.0,75970.0,88770.0,11.423339868427764,11.789569904032613,11.401893340547367,11.396739902673568,11.014703414770455,11.657192524244925,111060.0,67740.0,68800.0,78540.0,114086.25,68040.0,11.291168451967353,11.253315018513934,11.591375449407067,11.442236717161688,11.756822930886967,43800.0,69250.0,73480.0
2023-12-23,48990.0,73510.0,79750.0,59210.0,67480.0,94660.0,11.76339970525729,49510.0,79610.0,71680.0,73190.0,58530.0,75120.0,86950.0,11.397413598256026,11.789569904032613,11.41510313235069,11.368142438021469,11.017333221844826,11.657192524244925,111860.0,66740.0,72870.0,71660.0,114086.25,70700.0,11.20546236498899,11.253315018513934,11.591375449407067,11.326848866824777,11.756822930886967,43800.0,66890.0,49820.0
2023-12-24,48990.0,74150.0,82400.0,62460.0,72890.0,94060.0,11.708335986305901,64340.0,79590.0,73440.0,73910.0,59070.0,75330.0,86460.0,11.391559769244576,11.789569904032613,11.380319358422197,11.375512262145563,11.01962864348853,11.657192524244925,111520.0,69650.0,73000.0,83550.0,114086.25,70700.0,11.227387758388332,11.253315018513934,11.591375449407067,11.442236717161688,11.756822930886967,43800.0,66150.0,59730.0
2023-12-25,48990.0,73500.0,84720.0,62460.0,73720.0,94060.0,11.350065300787932,61670.0,81260.0,74890.0,73520.0,59810.0,79760.0,86080.0,11.399767965010177,11.789569904032613,11.331895074262475,11.38408021805069,11.036678385890651,11.557812784846119,120658.75,69970.0,73690.0,93170.0,114086.25,61360.0,11.289794413577894,11.253315018513934,11.591375449407067,11.442236717161688,11.756822930886967,43340.0,65650.0,75890.0
2023-12-26,48990.0,74270.0,83340.0,61730.0,71300.0,91400.0,11.382828169079987,60940.0,81260.0,73340.0,72340.0,61730.0,76360.0,87280.0,11.392011282385635,11.789569904032613,11.331895074262475,11.347590810330573,11.014538821972666,11.657192524244925,110510.0,69750.0,72190.0,89060.0,114086.25,71930.0,11.21923873391915,11.253315018513934,11.591375449407067,11.442236717161688,11.494567992933975,34640.0,65770.0,75890.0
2023-12-27,48990.0,75420.0,84930.0,63310.0,72230.0,93220.0,11.76339970525729,58480.0,82110.0,74910.0,71260.0,61530.0,75710.0,87280.0,11.362579205815287,11.789569904032613,11.34700074233762,10.952752021573898,11.022735454804309,11.657192524244925,110370.0,70230.0,70510.0,80640.0,114086.25,76060.0,11.240473490213446,11.253315018513934,11.591375449407067,11.442236717161688,11.756822930886967,43800.0,65800.0,73480.0
2023-12-28,48990.0,75240.0,81460.0,62400.0,71820.0,90630.0,11.733513754381672,64420.0,80800.0,74410.0,71000.0,59510.0,64660.0,83550.0,11.098333836583762,11.789569904032613,11.326487447164432,11.3704513479723,10.986833907533804,11.657192524244925,105030.0,69160.0,67580.0,89080.0,114086.25,73640.0,11.222452835867818,11.253315018513934,11.591375449407067,11.442236717161688,11.756822930886967,46100.0,65980.0,68680.0
2023-12-29,48990.0,74430.0,81510.0,62880.0,73710.0,91400.0,11.706772019768783,62550.0,82130.0,73660.0,70470.0,59530.0,67860.0,83830.0,11.329855628284692,11.789569904032613,11.273284069543339,11.339179036445937,10.975772977285654,11.657192524244925,114400.0,67800.0,71260.0,91470.0,114086.25,74920.0,11.192596226186202,11.253315018513934,11.591375449407067,11.442236717161688,11.756822930886967,45550.0,66120.0,66720.0
2023-12-30,48990.0,74850.0,80690.0,62500.0,73710.0,94060.0,11.674882736767843,59050.0,80600.0,73170.0,69660.0,60580.0,63010.0,80580.0,11.241261088211655,11.789569904032613,11.250274159310356,11.282895758418062,10.932588978440108,11.657192524244925,112210.0,67470.0,69760.0,93000.0,114086.25,74680.0,11.23150375548926,11.253315018513934,11.591375449407067,11.310086865746364,11.705205603408395,38470.0,64209.99999999999,57690.0
2023-12-31,48990.0,75050.0,80240.0,61530.0,71280.0,91400.0,11.671389685233615,59080.0,79900.0,72000.0,66490.0,54950.0,65780.0,79650.0,11.256108784165866,11.782502119051607,11.240473490213446,11.236921602665328,10.958165369058063,11.515432320181409,117870.0,65930.0,74700.0,84360.0,114086.25,77680.0,11.245059091624615,11.252352594997065,11.591375449407067,11.442236717161688,11.57928420350653,43800.0,64709.99999999999,69280.0
2024-01-01,48990.0,73050.0,81210.0,60940.0,68270.0,92420.0,11.59663222104322,62250.0,80540.0,70950.0,68600.0,62750.0,63500.0,76590.0,11.251054079018163,11.735436816488253,11.260494699531083,11.300857848403131,10.936333900428618,11.657192524244925,111980.0,65930.0,68250.0,85160.0,114086.25,71310.0,11.087068856214001,11.215610477950067,11.591375449407067,11.442236717161688,11.548784765670737,45830.0,62400.0,60000.0
2024-01-02,48990.0,72230.0,86310.0,62260.0,69070.0,94870.0,11.504600911823996,64730.00000000001,78710.0,73870.0,68020.0,57010.0,63390.0,75460.0,11.313144373692909,11.755251843701211,11.277721984163577,11.38442141405973,10.927394254617141,11.459746182698746,108880.0,65770.0,74070.0,80400.0,114086.25,74960.0,11.153833316230168,11.220847076199346,11.591375449407067,11.442236717161688,11.562677071567636,39790.0,65450.0,55520.0
2024-01-03,48990.0,72480.0,83610.0,65890.0,70520.0,94910.0,11.391446859098352,67350.0,81540.0,71710.0,67100.0,57380.0,63230.0,75570.0,11.338583982516495,11.720272912144674,11.302093316370167,11.448930795918297,10.913468971726102,11.657192524244925,108090.0,64110.0,73330.0,83100.0,114086.25,75650.0,11.149527975270669,11.199460519143054,11.591375449407067,11.442236717161688,11.572712088705506,41890.0,64590.0,64810.0
2024-01-04,48990.0,73210.0,84450.0,67350.0,68750.0,93260.0,11.161962746590705,67160.0,79860.0,69090.0,61520.0,53210.0,49020.0,75480.0,11.288919041488882,11.681832447342321,11.27022950505253,11.412121220393614,10.906524626281207,11.657192524244925,102050.0,62780.0,72880.0,80970.0,113930.0,70700.0,11.144336978624722,11.177047052000846,11.591375449407067,11.442236717161688,11.393702643319253,41890.0,63980.0,64629.99999999999
2024-01-05,48990.0,66300.0,83450.0,67900.0,70400.0,93070.0,11.0497941670669,65290.00000000001,78280.0,66710.0,58860.0,51760.0,57300.0,74380.0,11.272139700982676,11.614859115627622,11.315461843566249,11.397076807198014,10.879008994005844,11.657192524244925,101150.0,57800.0,72520.0,80990.0,111420.0,66120.0,11.1082750249299,11.126689290215573,11.466891997618188,11.442236717161688,11.209263050972009,40940.0,62130.0,58260.0
2024-01-06,48990.0,64230.00000000001,75900.0,65950.0,61530.0,88100.0,10.933838844688593,60050.0,76820.0,67110.0,57360.0,52480.0,56020.0,73610.0,11.164091131524941,11.595804147462973,11.243751064074187,11.32865400835664,10.858633546178956,11.657192524244925,104470.0,56860.0,74990.0,77400.0,112120.0,56330.0,11.101658558934227,11.132996516006004,11.472738685324947,11.442236717161688,11.127277689932466,47380.0,60970.0,59440.0
2024-01-07,48990.0,62100.0,69460.0,62380.0,60070.0,88250.0,10.888389749837856,56150.0,76270.0,63870.0,55980.0,50460.0,53910.0,70040.0,11.083695189061784,11.601037069820487,11.26537394804985,11.313388570956672,10.861515060390364,11.657192524244925,103060.0,55370.0,72500.0,80500.0,92540.0,69950.0,11.040855702741002,11.09681893726207,11.381346450927982,11.442236717161688,11.041336579870135,49240.0,61830.0,53840.0
2024-01-08,48990.0,53260.0,63120.0,56130.0,57400.0,83030.0,10.8107577211892,54060.0,71290.0,59470.0,52510.0,52260.0,52500.0,69160.0,10.992066340225863,11.601037069820487,11.243096408137953,11.208992051932396,10.848968086540824,11.586835560404786,103780.0,48520.0,74310.0,75190.0,110260.0,72130.0,11.020283511637865,10.98903148770011,11.3384649292281,11.442236717161688,10.894904309600681,43780.0,58040.0,50430.0
2024-01-09,48990.0,48890.0,64019.99999999999,53270.0,61360.0,78760.0,10.782512459217793,53500.0,66750.0,56970.0,51850.0,50290.0,45280.0,68360.0,10.979700846260759,11.583672796491703,11.217762144303785,11.172137930831342,10.816793835369323,11.589154756961761,103870.0,47640.0,70490.0,79550.0,112510.0,69190.0,10.917648820068035,10.876177521259402,11.327330556601796,11.442236717161688,10.887455624298196,45830.0,57610.0,57390.0
2024-01-10,48990.0,49350.0,60720.0,51700.0,53180.0,76250.0,10.678468144195092,49540.0,66800.0,54070.0,49850.0,50020.0,52480.0,66400.0,10.913651068019124,11.591191210165295,11.228451574129409,11.251443810887574,10.809141918288724,11.508224432411579,103180.0,42400.0,71350.0,72810.0,111300.0,66620.0,10.917467450363533,10.832911662800246,11.21075223436259,11.430423903458426,10.815589523788828,39420.0,58470.0,62610.0
2024-01-11,48990.0,48570.0,60420.0,51510.0,50860.0,72740.0,10.649488059999875,47760.0,65790.0,51450.0,47420.0,48820.0,50330.0,62910.0,10.88950954988395,11.580967217620358,11.218702044475025,11.095908894882296,10.795096171764786,11.544724474519176,101700.0,41360.0,68300.0,80300.0,109770.0,69080.0,10.975088291957388,10.805496787584513,11.11126809820489,11.442236717161688,10.805496787584513,41890.0,55580.0,52440.0
2024-01-12,48990.0,44670.0,59920.0,48660.0,40720.0,70140.0,10.640675541671662,47380.0,61600.0,49290.0,43790.0,49970.0,49790.0,62910.0,10.885022806270683,11.552924721134081,11.189008085269668,11.163807608465529,10.774592616232963,11.500255539369428,100000.0,40350.0,69380.0,75170.0,109050.0,68460.0,10.83034228831376,10.743350700960297,11.072729150773492,11.442236717161688,10.73815599652319,41890.0,54790.0,53700.0
2024-01-13,48990.0,44070.0,58840.0,48220.0,41200.0,70140.0,10.625975064872742,47580.0,57560.0,46840.0,42910.0,50880.0,43010.0,60180.0,10.852071209606544,11.435947223686178,11.241916946359936,11.188039843520903,10.758987398772785,11.418735657314574,95930.0,40230.0,66360.0,78120.0,92000.0,68250.0,10.877122236592484,10.722628413411362,11.0184815912866,11.442236717161688,10.740107174352467,49390.0,51610.0,56080.0
2024-01-14,48990.0,41440.0,61980.0,46210.0,41550.0,70140.0,10.561292488948782,46960.0,58660.0,46920.0,42660.0,50770.0,50200.0,60180.0,10.78810184154973,11.412342407950504,11.167487152957483,11.147656555612986,10.753659849198822,11.204373796213224,106590.0,39960.0,68370.0,75970.0,112310.0,66580.0,10.762382195268973,10.68695521229612,11.044057190964745,11.442236717161688,10.719980048331397,47240.0,49950.0,56080.0
2024-01-15,48990.0,42510.0,58210.0,47200.0,44170.0,64849.99999999999,10.457401400981889,46530.0,54180.0,45710.0,41760.0,49520.0,45250.0,60950.0,10.775220152546073,11.374019656008251,11.140861283245812,11.109623016626694,10.77333636096421,11.419284890598735,89370.0,38190.0,67200.0,76950.0,107290.0,65209.99999999999,10.69559732562212,10.659398242331683,10.963895944251435,11.429011105449131,10.705735744369607,40050.0,48460.0,53270.0
2024-01-16,48990.0,42240.0,57390.0,47540.0,45090.0,67220.0,10.389641313496469,45700.0,55190.0,46480.0,42950.0,47690.0,49090.0,59730.0,10.740756721857224,11.287416618549733,11.120193939586706,11.1231516028244,10.727246242006135,11.365016929029292,97090.0,40580.0,64680.00000000001,76370.0,104730.0,62480.0,10.679158974600682,10.615235658245211,10.899162313664348,11.322986972837104,10.647113946209364,45500.0,48780.0,46570.0
2024-01-17,48990.0,42100.0,58980.0,45590.0,45080.0,67650.0,10.39546669175574,44460.0,55310.0,44730.0,40700.0,48050.0,46570.0,59650.0,10.760898389671993,11.268315653289422,11.142310958047757,11.082619358263033,10.731187478961756,11.309229085628576,98000.0,40650.0,58520.0,75490.0,105080.0,62840.0,10.644734182586557,10.569032265982456,10.757711372994065,11.314120805157875,10.601398368945095,46100.0,49920.0,53270.0
2024-01-18,48990.0,40980.0,54130.0,45390.0,46310.0,70100.0,10.253827472516985,43250.0,53640.0,41530.0,39060.0,50510.0,46830.0,55030.0,10.81458482169893,11.23533892735046,11.134895546610602,11.07953916300766,10.749162668413938,11.24322737361564,102490.0,36910.0,69330.0,70850.0,104110.0,61100.0,10.670605195795803,10.58281467449521,10.694917762328627,11.306651321699022,10.50152703279139,45860.0,49570.0,41990.0
2024-01-19,48990.0,39670.0,49760.0,40910.0,43410.0,66290.0,10.127470751247781,41560.0,51700.0,41990.0,38250.0,50330.0,42580.0,55110.0,10.79057601860207,11.228052775836298,11.11826675682705,11.048522124790782,10.71843192346452,11.26062340628579,101280.0,35600.0,64360.0,72890.0,107330.0,61840.0,10.564395591953422,10.524090921620362,10.70976250536426,11.241129864948206,10.396383394136135,48010.0,45860.0,37420.0
2024-01-20,48990.0,40960.0,51380.0,39450.0,43790.0,60630.0,10.221250135776074,43030.0,51460.0,42700.0,37990.0,49650.0,43470.0,57000.0,10.782512459217793,11.219641062063408,11.149240292410267,11.044376776784246,10.691058156211511,11.215475844959395,82910.0,34820.0,63820.0,73640.0,108700.0,61210.0,10.54299658642679,10.458837110181584,10.650199196425806,11.174805872202667,10.416341118636355,51150.0,44160.0,40030.0
2024-01-21,48990.0,38570.0,52310.0,39340.0,41820.0,63260.0,10.220522095264865,41810.0,52520.0,41770.0,38430.0,51200.0,42900.0,56010.0,10.694691138568423,11.199323694032696,11.115889729664524,11.065872444101304,10.698310970126737,11.194797930643734,100610.0,35040.0,63600.0,63170.0,98850.0,59890.0,10.57185524173185,10.435614679722034,10.648064268202436,11.120045826546562,10.342419673477199,46750.0,44380.0,40700.0
2024-01-22,48990.0,37790.0,49860.0,37550.0,37120.0,62540.0,10.198058343191331,41240.0,50230.0,39260.0,36320.0,53460.0,40580.0,57220.0,10.751949021382632,11.143758534334468,11.096970530507365,11.011406400524537,10.681917533624532,11.1660735453374,93710.0,36290.0,64080.0,73910.0,98790.0,59010.0,10.584334393133231,10.375083663110116,10.626945679590664,11.129334366775014,10.368510046500305,49110.0,43860.0,40490.0
2024-01-23,48990.0,36680.0,48620.0,38080.0,37030.0,62540.0,10.146472946063877,40840.0,49600.0,37550.0,34370.0,53520.0,42160.0,57450.0,10.654691354537881,11.135770807421247,11.097879607705167,11.003615358893612,10.624517374082325,11.028108660385287,88530.0,31910.0,66900.0,68040.0,102620.0,58870.0,10.52918531273253,10.385944565501662,10.561810341941893,11.156264806643742,10.350126593227081,48120.0,42920.0,36050.0
2024-01-24,48990.0,35080.0,49120.0,37450.0,36280.0,62310.0,10.121055589517152,41010.0,49220.0,38470.0,33920.0,54710.0,39380.0,53980.0,10.610808804651954,11.21142840348472,11.109173887928804,11.010249872622438,10.570059724910275,11.131679686740132,81650.0,31210.0,69440.0,81900.0,99640.0,57120.0,10.405201793433656,10.345638111452145,10.564395591953422,11.080618310893968,10.306650011581617,52030.0,43710.0,38570.0
2024-01-25,48990.0,36850.0,48860.0,36700.0,36390.0,65550.0,10.173934448966204,40830.0,47850.0,36900.0,34870.0,56030.0,40520.0,52280.0,10.591647316585027,11.181932191381273,11.079230621020361,11.016019182793048,10.589131655274922,11.088139913296622,82470.0,30610.0,68520.0,79370.0,97050.0,58720.0,10.410937485062203,10.324530690607611,10.533455287996134,11.053442301049813,10.253122775683622,40050.0,43330.0,38000.0
2024-01-26,48990.0,37080.0,52670.0,36420.0,36140.0,60520.0,10.090423446880827,40030.0,48360.0,37630.0,35090.0,56040.0,39200.0,52320.0,10.660336967143055,11.150821524950867,11.075055959753039,11.017004873924423,10.581800244137618,11.01913721078854,82460.0,30530.0,67180.0,80500.0,96590.0,57560.0,10.391177600899962,10.320584744874,10.49241245828517,10.936867746266621,10.253122775683622,43590.0,41750.0,39620.0
2024-01-27,48990.0,37280.0,49250.0,36810.0,36090.0,61870.0,10.102379394048045,39410.0,46710.0,37480.0,35190.0,57110.0,40760.0,53430.0,10.51219277958166,11.13824656087758,11.058968398224941,11.002782941171654,10.566716616308788,10.993580319588496,83600.0,30530.0,66060.0,80500.0,89220.0,60210.0,10.31463647711259,10.270246481762213,10.446422122219738,11.053442301049813,10.273705376290232,47620.0,41230.0,40780.0
2024-01-28,48990.0,37250.0,48780.0,36570.0,36720.0,62640.0,10.09125259994852,38400.0,48950.0,37310.0,34490.0,55730.0,39880.0,53240.0,10.590390276998743,11.121969587054622,11.046451598774738,11.148952526764623,10.549045098003141,10.99122424909553,81850.0,31500.0,65239.99999999999,77460.0,90720.0,59970.0,10.353320361711042,10.257343526911061,10.452215713350586,11.014867980481915,10.226331631955956,51440.0,42860.0,39110.0
2024-01-29,48990.0,34710.0,49310.0,37930.0,33270.0,62540.0,10.11094877644823,39350.0,47500.0,37570.0,33540.0,57630.0,39620.0,52970.0,10.622326846019527,11.10932361990884,10.98598739680029,11.0319983915501,10.587619215169118,10.966662628245496,78580.0,31060.0,65440.0,79220.0,87580.0,56980.0,10.282642907853932,10.242492293944021,10.39699406253165,11.03005541721757,10.183049243755136,48720.0,43390.0,43190.0
2024-01-30,48990.0,35080.0,48360.0,37820.0,35700.0,60160.0,10.053242872620965,40370.0,47500.0,38080.0,33940.0,58410.0,39900.0,52240.0,10.61130164613947,11.111566913404856,11.007435580793757,11.018317619227071,10.556099155887797,10.914561052430187,78660.0,31060.0,67420.0,77130.0,83290.0,55720.0,10.340160587768485,10.192081708912877,10.34884622430597,11.032968464866704,10.173552856959741,53250.0,44060.0,41490.0
2024-01-31,48990.0,34920.0,49550.0,38490.0,36400.0,61440.0,9.971660087639176,42360.0,47330.0,37080.0,33200.0,57490.0,37330.0,52110.0,10.570573058768213,11.040053726628985,10.993075914439594,11.023388292222021,10.708422052537378,10.870680502337402,69060.0,29980.0,62930.0,80500.0,60140.0,55930.0,10.351724752488161,10.172407206486922,10.300618023854234,11.00561033885736,10.158943393317584,49930.0,43240.0,43490.0
2024-02-01,48990.0,35540.0,50170.0,39000.0,36360.0,62340.0,9.966039727193092,43650.0,48060.0,36360.0,32880.0,58290.0,40670.0,52110.0,10.698988232207888,11.021591962782166,10.981403814946024,11.006440407302657,10.656341286557868,10.938645176925998,68920.0,29320.0,63220.0,76140.0,76950.0,57260.0,10.361260440267637,10.183805073124855,10.304643389056194,10.981744060947163,10.14136206845033,45440.0,42610.0,42500.0
2024-02-02,48990.0,35810.0,50070.0,39680.0,36550.0,63470.0,10.063946862472948,44310.0,46930.0,35900.0,32300.0,58800.0,41310.0,51300.0,10.623301006492076,11.029082512534124,11.008595366197799,11.035873051311158,10.65775335052364,10.908722791698938,66110.0,28640.0,59940.0,74870.0,73850.0,56770.0,10.300954090533025,10.162808729968926,10.267818117285737,10.872769137130032,10.161264387744689,43510.0,43030.0,42190.0
2024-02-03,48990.0,35370.0,47970.0,41740.0,35700.0,61680.0,10.072428317836021,46880.0,45600.0,37000.0,32130.000000000004,60580.0,39260.0,51640.0,10.625246485085315,11.078613251304343,11.025995388254772,10.9404194539302,10.680079340050707,10.89081440038412,60690.0,29380.0,58910.0,74870.0,71610.0,57550.0,10.312645832481909,10.151947911834128,10.214312256490171,10.815187764075905,10.164735809883883,45700.0,44130.0,41490.0
2024-02-04,48990.0,37470.0,49260.0,42940.0,36030.0,63420.0,10.00247278922055,45790.0,46610.0,36980.0,32580.0,61560.0,41280.0,50360.0,10.592400782564011,11.078613251304343,11.02485561999279,11.042617789507126,10.685583814855978,10.81055588854814,61190.0,29130.0,55640.0,69640.0,66060.0,56370.0,10.31231367277647,10.127071007078722,10.232107612780684,10.84155934547194,10.137016983402756,49050.0,48160.0,42680.0
2024-02-05,48990.0,35180.0,49950.0,46280.0,39010.0,64860.0,10.047198210202426,49630.0,46910.0,36700.0,33530.0,65410.0,38470.0,50350.0,10.574925789933857,11.1439031767786,11.0497941670669,11.044216996641381,10.689692377847104,10.834292442568305,59870.0,28020.0,57340.0,69280.0,70940.0,54360.0,10.290822633771821,10.115812796414458,10.232107612780684,10.872199941956618,10.148823031356834,42030.0,50730.0,43600.0
2024-02-06,48990.0,35190.0,47370.0,44240.0,39250.0,61860.0,10.046331696565607,50960.0,46760.0,37250.0,33910.0,65900.0,41500.0,50780.0,10.555578336105706,11.139554776658086,11.132118822527973,11.099090426517867,10.683981470512775,10.847412906506923,59640.0,27470.0,57380.0,69640.0,70940.0,57760.0,10.28127309153755,10.11013580132114,10.266427828229292,10.83093580710616,10.167043414461599,46940.0,52020.0,44520.0
2024-02-07,48990.0,35510.0,48470.0,49360.0,37550.0,62470.0,9.983268687540978,49470.0,45830.0,37400.0,34890.0,66070.0,42480.0,51870.0,10.579768290986172,11.159260272895194,11.143758534334468,11.06852720235983,10.739890564725487,10.802448995888462,58880.0,26900.0,55840.0,74870.0,68070.0,60060.0,10.216142686053807,10.083765355620846,10.270246481762213,10.82875784719086,10.125069885783383,47060.0,50960.0,41550.0
2024-02-08,48990.0,35740.0,48440.0,50480.0,38480.0,59920.0,10.084182787585497,51600.0,45770.0,37690.0,35380.0,68160.0,44330.0,53730.0,10.5815464756746,11.159260272895194,11.182906362021663,11.054708103975111,10.750449642272962,10.789339695269716,59940.0,27730.0,56260.0,72740.0,63370.0,58650.0,10.205109511721595,10.109729065774982,10.306650011581617,10.757285668979632,10.11904238220166,48860.0,49100.0,40700.0
2024-02-09,48990.0,35870.0,48180.0,49990.0,39590.0,67500.0,10.0613883347884,53820.0,38810.0,37880.0,36810.0,72200.0,45180.0,55500.0,10.519240598188375,11.143179755252751,11.200417771082792,11.092260420912195,10.760261798384528,10.829748417047592,54530.0,26950.0,60320.0,72740.0,63370.0,84950.0,10.249945480064259,10.164350690877352,10.32288843838277,10.742918838113225,10.133050455652521,49310.0,45720.0,45600.0
2024-02-10,48990.0,37320.0,52150.0,49990.0,40640.0,61780.0,10.041552403492023,53810.0,48800.0,40510.0,40090.0,71770.0,46780.0,56510.0,10.676161923297924,11.037483072428213,11.118860131812937,11.105874099420692,10.747874036118608,10.829154192888762,51090.0,28990.0,56650.0,69030.0,59910.0,61660.0,10.162422867948395,10.175840227862885,10.404293143019792,10.68053920531829,10.135432259803407,56710.0,51760.0,44620.0
2024-02-11,48990.0,40160.0,52310.0,51980.0,48250.0,55700.0,10.025749432069084,54990.0,49690.0,40180.0,40760.0,72720.0,43440.0,55080.0,10.656812196128389,11.068839064020526,11.203692838488003,11.08844571902063,10.756433716893001,10.823790225800138,48330.0,30890.0,56760.0,70350.0,59700.0,60680.0,10.192081708912877,10.097861190354223,10.34788487064608,10.692422071769268,10.12667110305036,54240.0,53010.0,44210.0
2024-02-12,48990.0,43820.0,55570.0,54640.0,48750.0,60030.0,10.001113231320568,55160.0,49610.0,45590.0,44600.0,75240.0,47550.0,57350.0,10.745291779083457,11.10737535324936,11.267037714175425,11.108874356692946,10.765343217715396,10.847412906506923,43680.0,37480.0,56150.0,72740.0,62410.0,61020.0,10.185692150979541,10.133050455652521,10.343708291934567,10.699665035915537,10.118235963061956,57440.0,54550.0,45010.0
2024-02-13,48990.0,43970.0,53890.0,54430.0,52090.0,59280.0,10.006991345550789,55940.0,51250.0,45720.0,47250.0,77190.0,49060.0,58590.0,10.72790419448184,11.135187385342592,11.31740924014814,11.06727878222921,10.808535318464235,10.905240128159793,41710.0,39830.0,55970.0,66870.0,60240.0,60610.0,10.17888193964875,10.176220948190334,10.299272626590986,10.667116495634444,10.191706980586526,55840.0,55930.0,49390.0
2024-02-14,48990.0,45390.0,55060.0,56770.0,54570.0,59790.0,10.114599007626499,57910.0,51380.0,47140.0,46460.0,79680.0,49810.0,58950.0,10.798983565153577,11.153690103100145,11.320080733279282,11.185823192802378,10.798983565153577,10.91237569707775,50230.0,52180.0,55550.0,63100.0,58220.0,61380.0,10.140178916395605,10.18039933305852,10.286400256173781,10.653038695742612,10.281958234245314,57510.0,55640.0,47450.0
2024-02-15,48990.0,51430.0,65480.00000000001,60720.0,61090.0,63590.0,10.60313853743474,61580.0,53930.0,53850.0,52610.0,81720.0,51630.0,61090.0,10.74378237738236,11.176207198086052,11.324316181791085,11.10316614993904,10.794275843997859,10.843904883186516,51250.0,46130.0,54920.0,73680.0,52660.0,61670.0,10.169728906753061,10.215044830421325,10.345316733380217,10.717989161508248,10.468829770273567,50480.0,53990.0,59040.0
2024-02-16,48990.0,56090.0,72200.0,69560.0,68500.0,71580.0,10.619643001144993,62170.0,60110.0,55760.0,57140.0,79710.0,55620.0,61700.0,10.805902458874634,11.158262780792422,11.352885812464908,11.11767302953823,10.923435350020554,10.996266191844885,40580.0,47760.0,56420.0,72740.0,60420.0,64640.0,10.213945768177046,10.34692259189592,10.403686917060819,10.736853093036016,10.554275098679943,55200.0,59790.0,63570.0
2024-02-17,48990.0,57620.0,77740.0,82407.5,65940.0,74900.0,10.537441898283253,68420.0,63960.0,56050.0,60320.0,82580.0,63380.0,72820.0,10.838815913287421,11.152830393342503,11.324074638813377,11.21507183719695,10.93562166236856,10.963895944251435,42750.0,53920.0,55100.0,69990.0,56580.0,67620.0,10.236776155340317,10.403383666209391,10.481812933648733,10.77897712300635,10.613270586747499,61660.0,67380.0,63210.0
2024-02-18,48990.0,57100.0,75870.0,82407.5,69360.0,72000.0,10.555838779903405,75840.0,67030.0,59100.0,63200.0,82230.0,62470.0,79210.0,10.950999510654109,11.232033619988815,11.375053235961534,11.22991247536671,11.008926486546514,10.99978048691366,44420.0,51540.0,55440.0,71410.0,56730.0,70970.0,10.429428364110965,10.454235566299538,10.47194980911048,10.852845488114479,10.584840453213362,65090.0,78340.0,70280.0
2024-02-19,48990.0,56510.0,70540.0,82320.0,72630.0,78680.0,10.509195992072168,72870.0,65790.0,64120.00000000001,64910.0,84830.0,74730.0,81270.0,11.214937131663044,11.4244329916988,11.44690317692811,11.245581823958364,11.049158348190272,11.064933785375604,42760.0,51970.0,56720.0,73680.0,58930.0,77360.0,10.450770459312455,10.458837110181584,10.475060143575218,10.974917047351173,10.541676837515391,72020.0,82110.0,66750.0
2024-02-20,48990.0,61640.0,73200.0,65450.0,74380.0,82550.0,10.543523998690802,73040.0,66580.0,67290.0,65290.00000000001,88560.0,85540.0,84940.0,11.247017930529273,11.510432359764515,11.476997724027738,11.278733605246044,11.037161275511469,10.996768990769432,42320.0,51820.0,55670.0,74750.0,59670.0,82470.0,10.47872356423098,10.464844680601267,10.438839921478714,10.977482642436838,10.527847197669088,73223.75,82720.0,67580.0
2024-02-21,48990.0,67680.0,71110.0,80690.0,76670.0,83960.0,10.469681655831673,71680.0,69530.0,69620.0,66910.0,92150.0,80400.0,89460.0,11.203011416743362,11.557621545519082,11.50076178646932,11.33225454512524,11.08553678194579,11.035873051311158,44120.0,52300.0,57570.0,73420.0,53130.0,83770.0,10.477316144080852,10.498773802892188,10.467408346336265,11.031836621134321,10.5495693306696,73223.75,82800.0,62710.0
2024-02-22,48990.0,72860.0,71550.0,82407.5,77880.0,87380.0,10.509468798708518,74300.0,71990.0,72070.0,69100.0,92570.0,82550.0,89790.0,11.22725470181248,11.554077005184336,11.493548946876626,11.36640725030155,11.070085538995333,11.09712210077563,42700.0,54810.0,55550.0,91290.0,54310.0,84390.0,10.477316144080852,10.472232966887884,10.499325055627958,10.95222659070851,10.529987323148188,72050.0,80190.0,64220.0
2024-02-23,48990.0,75880.0,71880.0,80090.0,78880.0,62950.0,10.47872356423098,76850.0,75690.0,74630.0,69810.0,92260.0,83650.0,90730.0,11.234282417169117,11.538017997581926,11.517624407626693,11.373100020578859,11.063680868264434,11.112014968851744,41800.0,58610.0,58190.0,67960.0,53770.0,83860.0,10.429132820900398,10.483494030119285,10.510286772360844,10.960600534026208,10.541676837515391,73223.75,79060.0,71810.0
2024-02-24,48990.0,75090.0,73360.0,81320.0,77400.0,90380.0,10.558958826115072,79280.0,76330.0,73900.0,69110.0,95070.0,82010.0,90230.0,11.178305511812328,11.542202674170115,11.501571249131523,11.387260195972038,11.051540587350107,11.02485561999279,40360.0,61470.0,55900.0,64370.00000000001,50910.0,84600.0,10.442346543814823,10.484333519758916,10.54141267859585,10.849162314098441,10.557139982397933,72850.0,79320.0,65310.0
2024-02-25,48990.0,74090.0,72000.0,82407.5,72860.0,87540.0,10.561292488948782,79360.0,75810.0,71580.0,64989.99999999999,92870.0,81610.0,90090.0,11.208178613891855,11.475649260034846,11.515532064835178,11.40222851361153,11.044696260501281,11.05928325473169,40330.0,63740.0,57220.0,70210.0,49350.0,85540.0,10.491301994830229,10.488520429241627,10.53025451707913,10.808130714060665,10.578496220392818,73223.75,79600.0,63260.0
2024-02-26,48990.0,74100.0,62520.0,81800.0,66680.0,87540.0,10.742054552499473,81800.0,73950.0,69020.0,57000.0,93460.0,79520.0,90870.0,11.179283220142068,11.456683102015756,11.545305526433143,11.388393456142506,11.053917164931093,11.027621378434315,38930.0,59310.0,59870.0,66350.0,54020.0,90095.0,10.546682644153423,10.487126739641525,10.544051132937742,10.997606427591897,10.761110496744438,72040.0,79150.0,62830.0
2024-02-27,48990.0,74400.0,73430.0,80400.0,66880.0,86980.0,10.840972100417284,81950.0,73540.0,68910.0,56740.0,93770.0,78640.0,92940.0,11.159687465109704,11.563723136557087,11.535185853808324,11.377804237799664,11.030217476012854,11.083541569791482,39720.0,56760.0,56990.0,66350.0,54210.0,90095.0,10.565169865465496,10.48768444858769,10.560255977752359,10.9652802430657,10.812169410206765,70500.0,78290.0,65860.0
2024-02-28,48990.0,74010.0,71970.0,75280.0,67020.0,85530.0,10.825780236605917,80760.0,73770.0,68450.0,57160.0,95170.0,77620.0,90530.0,11.153117045391879,11.445192513736032,11.464585699356137,11.374823643830943,11.010249872622438,11.01782554166572,40670.0,55240.0,59680.0,63250.0,53840.0,90095.0,10.540090836284206,10.474777785317187,10.587114559711914,10.975772977285654,10.83665506696672,68190.0,78630.0,69550.0
2024-02-29,48990.0,74470.0,69720.0,80200.0,63690.0,85530.0,10.81719495047468,79420.0,73740.0,64599.99999999999,56810.0,94750.0,76970.0,92190.0,11.169321860483546,11.51871865201099,11.461537429252754,11.418955386828427,11.032806851316671,11.003115991415362,40470.0,55800.0,58960.0,56500.0,52710.0,89840.0,10.536645846657073,10.531589416892908,10.633472802314019,10.900270121979117,10.779393694214807,70680.0,76910.0,65830.0
2024-03-01,48990.0,63480.0,70230.0,81070.0,63520.0,81590.0,10.84038451030323,75830.0,71970.0,61260.0,53240.0,93030.0,79190.0,91970.0,11.223922520551032,11.544046153628019,11.452442708090487,11.414441253251834,11.018809454767185,11.044057190964745,39940.0,54350.0,55030.0,64540.00000000001,51670.0,87290.0,10.564653749740895,10.5200506209133,10.626945679590664,10.925956465688445,10.776474045001011,73223.75,73880.0,61780.0
2024-03-02,48990.0,61960.0,66980.0,78040.0,62580.0,81990.0,10.886520625352079,74980.0,72870.0,60110.0,52490.0,92790.0,81830.0,92360.0,11.283147454219847,11.536749407693227,11.393139174137378,11.335603389914535,11.016512149807106,11.091041298833769,41420.0,54630.0,53790.0,63250.0,51420.0,87810.0,10.549831343981374,10.495183233934963,10.656341286557868,10.95781700375869,10.763863802448526,73223.75,71690.0,60960.0
2024-03-03,48990.0,60140.0,68600.0,79630.0,63240.0,81360.0,10.88950954988395,73540.0,72500.0,59940.0,52700.0,93290.0,79040.0,94510.0,11.291043617373028,11.530775206233024,11.420053310764763,11.356166386226402,11.010910909482787,11.085996650738,41890.0,54140.0,52840.0,66890.0,52270.0,87390.0,10.579514006287654,10.638520161969526,10.722187506016818,10.92018454800297,10.763652278630154,73223.75,70830.0,58490.0
2024-03-04,48990.0,59570.0,65099.99999999999,78270.0,60920.0,81830.0,10.876933364911343,75270.0,71560.0,60200.0,54230.0,92880.0,79250.0,93190.0,11.22712162753022,11.60021263725817,11.408020401134028,11.33117574464663,10.993748398115178,11.063994244741828,43310.0,53190.0,54260.0,56970.0,53590.0,84590.0,10.577222529574613,10.66501741845733,10.751949021382632,10.867444007108478,10.825979020051886,73223.75,73460.0,58440.0
2024-03-05,48990.0,58840.0,68190.0,78650.0,59740.0,82460.0,10.833306365889975,73660.0,70500.0,59250.0,54390.0,94440.0,76820.0,91700.0,11.259722110934689,11.62250606353896,11.398311153600078,11.300981463909618,11.001949829953112,11.10150767475264,44760.0,53220.0,52280.0,72040.0,52800.0,81430.0,10.604627704024997,10.64616272024527,10.768506042432708,10.83940442554546,10.842341802819034,73223.75,74020.0,60390.0
2024-03-06,48990.0,58250.0,69350.0,78810.0,59880.0,78680.0,10.877499872970908,78210.0,68570.0,58620.0,53070.0,93290.0,79320.0,91870.0,11.258562107711272,11.598378127795861,11.334408660916138,11.298010466069327,10.96562601855712,11.036195262974786,43800.0,53260.0,54550.0,63330.0,54640.0,81060.0,10.633954602328156,10.655398801626767,10.806915917693338,10.876177521259402,10.872958796881008,73223.75,73560.0,56800.0
2024-03-07,48990.0,59210.0,68180.0,78280.0,61430.0,86920.0,10.931158644392102,79970.0,69570.0,57280.0,52290.0,91210.0,79100.0,90020.0,11.130361121148248,11.577973231420392,11.35838637638872,11.296521650519077,10.978507040265917,11.122265222006739,44410.0,53910.0,54700.0,63330.0,57030.0,79270.0,10.712215345197256,10.671765396408588,10.807928350453047,10.820997540815013,10.870110116741285,70210.0,72390.0,54060.0
2024-03-08,48990.0,60290.0,69250.0,80100.0,59940.0,87090.0,10.974574470139485,79130.0,69260.0,56950.0,51580.0,93210.0,76910.0,93050.0,11.124627160483929,11.576003545182921,11.35159406537374,11.277848492778983,10.948364972106267,11.13635388931704,45220.0,53300.0,53560.0,64750.0,54810.0,82530.0,10.703266939811954,10.662445881599808,10.804075640682992,10.886520625352079,10.849938847305134,71360.0,71750.0,55790.0
2024-03-09,48990.0,61200.0,66120.0,81220.0,60560.0,82940.0,10.981914140544825,78050.0,69550.0,57160.0,50910.0,93470.0,77700.0,93750.0,11.164374574221812,11.551482496397044,11.35159406537374,11.264092241667084,10.974403137513908,11.132996516006004,48030.0,52360.0,54060.0,63330.0,56290.0,82080.0,10.67869847402843,10.666417292697274,10.756859783664108,10.85400578295951,10.8636229061867,73223.75,75320.0,55290.0
2024-03-10,48990.0,61190.0,66740.0,81100.0,56980.0,85000.0,10.921450004820914,80340.0,69570.0,57260.0,50790.0,94630.0,79430.0,93420.0,11.152113403521723,11.490894556899406,11.359785940419789,11.32395384544237,10.981233648522853,11.14115138637951,54160.0,53690.0,54140.0,60550.0,55430.0,80590.0,10.689008788520935,10.686498288754322,10.816994413033667,10.852264835444581,10.869349096176027,73223.75,75110.0,55950.0
2024-03-11,48990.0,39895.0,66900.0,78710.0,56410.0,83050.0,10.943781931879723,81020.0,69370.0,55560.0,47750.0,94300.0,77450.0,93400.0,11.244143652018927,11.524073098572291,11.35850308156823,11.368142438021469,10.983443556606126,11.098333836583762,50540.0,53360.0,54640.0,57060.0,56240.0,82350.0,10.681917533624532,10.697181179695644,10.76787427725986,10.798370769971397,10.890441759661355,71370.0,75670.0,57490.0
2024-03-12,48990.0,64200.0,65340.0,78840.0,52730.0,79960.0,11.191493553471753,77630.0,68540.0,55390.0,47060.0,93830.0,78610.0,93340.0,11.246365410473755,11.521399459049608,11.417196197360875,11.363972918076751,10.979359904234647,11.12948111053133,55740.0,55410.0,56520.0,60440.0,56620.0,81380.0,10.70528732392309,10.699213884343516,10.755154426298283,10.803465958917977,11.012726510945454,73223.75,74190.0,57490.0
2024-03-13,48990.0,66700.0,71080.0,76220.0,49730.0,75020.0,11.165932074607458,76340.0,70010.0,58550.0,48070.0,85320.0,82530.0,93720.0,11.275188445103009,11.48935996694752,11.404794448349733,11.410793066663828,10.963895944251435,11.159829821970122,46560.0,58040.0,57250.0,68750.0,56630.0,85110.0,10.794275843997859,10.700341381869716,10.779393694214807,10.83645839466148,11.168757693531585,73223.75,73490.0,71370.0
2024-03-14,48990.0,63350.0,70120.0,77610.0,55000.0,81090.0,11.12860032481358,76920.0,70680.0,57330.0,48960.0,97470.0,79340.0,94410.0,11.273665234897482,11.46668255379549,11.43497473425289,11.425415782028626,11.0292447290611,11.177326846633411,57710.0,57970.0,60370.0,67960.0,56720.0,90095.0,10.753232416566384,10.722187506016818,10.784586245241274,10.843514342086866,11.14013565699855,73223.75,73780.0,67860.0
2024-03-15,48990.0,62570.0,69010.0,77190.0,53370.0,80000.0,10.97987127369317,77620.0,67280.0,54730.0,45790.0,94060.0,78770.0,94050.0,11.287040659850634,11.466263534503996,11.402898522905055,11.406464343868368,11.026646101622237,11.17606715383184,55790.0,56450.0,60830.0,66240.0,56720.0,90095.0,10.71843192346452,10.747014024455444,10.753232416566384,10.893047333337726,11.011241264121493,73223.75,72860.0,66450.0
2024-03-16,48990.0,57410.0,66560.0,81910.0,48150.0,90670.0,10.90377010713103,78820.0,66240.0,50950.0,42410.0,96290.0,79180.0,92930.0,11.297018168695637,11.471384462025355,11.394378387508226,11.416535702626325,10.997606427591897,11.175506780608618,56840.0,55740.0,60860.0,80050.0,56960.0,90095.0,10.772497979828982,10.752163034994716,10.802245479117977,10.947133141450378,10.978165690908606,70800.0,71540.0,65069.99999999999
2024-03-17,48990.0,54670.0,60610.0,74270.0,46720.0,85730.0,10.706855916545166,71170.0,65050.0,51100.0,40850.0,95970.0,77260.0,91820.0,11.285660934071714,11.45774039691976,11.401669829409995,11.402786885859301,10.955025703818272,11.156836063853547,55950.0,53360.0,62900.0,66240.0,55500.0,89010.0,10.795096171764786,10.712883258660504,10.816191860874863,10.891000668685518,10.96302978336854,73223.75,72720.0,63160.0
2024-03-18,48990.0,54400.0,58820.0,67470.0,44060.0,84340.0,10.523822075506256,68080.0,59770.0,46580.0,39690.0,92660.0,74340.0,90320.0,11.240867366751374,11.470654504539034,11.356634162310524,11.307511314872079,10.884460545216813,11.07443600653965,45300.0,52360.0,59500.0,64260.00000000001,53510.0,81770.0,10.808939759229288,10.615235658245211,10.729437735508842,10.774592616232963,10.79693945250625,72830.0,68590.0,59040.0
2024-03-19,48990.0,54330.0,54170.0,69120.0,44470.0,75040.0,10.42972382000155,63010.0,57570.0,44440.0,37270.0,92120.0,73370.0,89000.0,11.242048066387396,11.45318607621936,11.275188445103009,11.29166763456623,10.890255387214118,11.112164276066546,49930.0,55600.0,58090.0,68370.0,53490.0,76640.0,10.752377002814772,10.621107809394994,10.725709333961985,10.779185430302025,10.662679931125755,72590.0,62720.0,53940.0
2024-03-20,48990.0,49870.0,54500.0,67820.0,37590.0,71220.0,10.457975932036732,62800.0,56410.0,41860.0,35430.0,91140.0,69360.0,84290.0,11.21196900978784,11.403902695885694,11.20055444658802,11.194797930643734,10.800004056710831,11.05312559980728,51150.0,52080.0,58760.0,68370.0,49930.0,72170.0,10.708645586157765,10.572879805741458,10.668048006379241,10.730750330040017,10.665717600533267,70850.0,60020.0,52140.0
2024-03-21,48990.0,46220.0,51780.0,67280.0,37040.0,68390.0,10.508377125337908,60160.0,51830.0,40010.0,33430.0,92230.0,70010.0,79190.0,11.151252336606678,11.401558055104555,11.19850234999397,11.189422759203678,10.806105232822933,10.997271537014264,50950.0,48990.0,57880.0,68370.0,49390.0,72610.0,10.704614316001061,10.528650281554203,10.624031004577832,10.697633249050782,10.723289410218579,66540.0,57170.0,52380.0
2024-03-22,48990.0,45100.0,53340.0,66030.0,35940.0,67810.0,10.510286772360844,59800.0,49470.0,38250.0,31130.0,88370.0,60400.0,78800.0,11.07257383750632,11.373444982981379,11.16946285250363,11.143758534334468,10.763863802448526,10.966144457721258,53310.0,42480.0,58130.0,65680.0,47350.0,74900.0,10.610069086697326,10.503175339529793,10.573391694365673,10.74937727911096,10.745291779083457,68800.0,56790.0,51890.0
2024-03-23,48990.0,43530.0,52560.0,68170.0,34400.0,62700.0,10.704838702305462,61770.0,48650.0,37970.0,31890.0,87020.0,60120.0,78650.0,11.000448478455008,11.373904747819767,11.17606715383184,11.213723964609445,10.752590924862394,10.944664918551014,55970.0,41420.0,55360.0,60710.0,50050.0,69670.0,10.572367654953075,10.498222246109224,10.5815464756746,10.630818744876143,10.790164080634101,69640.0,55050.0,48150.0
2024-03-24,48990.0,42780.0,44890.0,66350.0,32110.0,65810.0,10.673618922112436,61100.0,48510.0,37480.0,31130.0,86560.0,62980.0,77700.0,11.048363005673876,11.376085748730224,11.147944694382609,11.173683395902351,10.728999820851408,10.918555175493893,57160.0,40240.0,58300.0,59250.0,51460.0,68380.0,10.596159620247835,10.463988662743825,10.535583457775974,10.662211777281856,10.758349589413635,73223.75,54980.0,51390.0
2024-03-25,48990.0,41810.0,46300.0,67800.0,31700.0,65780.0,10.597409432938644,60110.0,45370.0,34690.0,29150.0,86920.0,60280.0,78260.0,11.048522124790782,11.3908821170575,11.075520672568887,11.153117045391879,10.713105797383161,10.832714252818556,54000.0,39060.0,57000.0,60730.0,53090.0,64030.0,10.532922537124472,10.475060143575218,10.524359695475658,10.579005242826247,10.653038695742612,62790.0,52950.0,52670.0
2024-03-26,48990.0,39210.0,45780.0,66430.0,30710.0,61540.0,10.634917506521377,55580.0,43700.0,33780.0,28050.0,84590.0,61870.0,76810.0,11.063680868264434,11.386579622903266,11.077995500207495,11.15797760019988,10.65351116273777,10.804684950962628,53540.0,39290.0,54780.0,59510.0,57230.0,65239.99999999999,10.508650155427521,10.464844680601267,10.581292642796804,10.569802959130605,10.699439485571743,69910.0,50380.0,50790.0
2024-03-27,48990.0,38330.0,41690.0,65670.0,30170.0,58800.0,10.670837343628586,55410.0,43770.0,33250.0,27640.0,84850.0,60140.0,65040.00000000001,11.029406919278141,11.37951977873004,11.081234444367965,11.14995934444309,10.645686767736345,10.807928350453047,53400.0,38700.0,56890.0,57010.0,61130.0,63230.0,10.471099854390227,10.45855013319517,10.606114656295205,10.528650281554203,10.748303764751594,61280.0,48750.0,47720.0
2024-03-28,48990.0,36460.0,43540.0,64110.0,30070.0,57920.0,10.671765396408588,51870.0,42610.0,32580.0,26800.0,84420.0,57640.0,75450.0,10.929726261557809,11.365480584263572,11.08722193462106,11.152256842617728,10.620863823642551,10.78872095994494,58140.0,39210.0,54370.0,65900.0,55930.0,66610.0,10.464559422726214,10.467408346336265,10.611794244853895,10.565943539941884,10.729875458480967,54740.0,49670.0,50610.0
2024-03-29,48990.0,36200.0,39020.0,60310.0,30790.0,55550.0,10.635879484421974,51130.0,41700.0,32550.0,26280.0,84870.0,58140.0,73080.0,11.03054151483554,11.388280187900534,11.071641450995672,11.173683395902351,10.594156665220533,10.834686601143401,52560.0,38300.0,58940.0,53920.0,56880.0,65489.99999999999,10.473081959467745,10.494352807047845,10.67869847402843,10.584334393133231,10.692422071769268,57210.0,49900.0,43590.0
2024-03-30,48990.0,35330.0,42680.0,56090.0,29990.0,53190.0,10.642826285701982,49580.0,40540.0,32270.000000000004,25600.0,84910.0,59720.0,73650.0,11.021265010465248,11.3704513479723,11.04517529477736,11.06477725655833,10.59089328246696,10.777100402128553,54530.0,39080.0,56310.0,60730.0,53530.0,64310.0,10.490746300336754,10.515451792270389,10.63804055715469,10.586609649448985,10.72196697939836,57330.0,49430.0,47450.0
2024-03-31,48990.0,35070.0,42300.0,56010.0,28910.0,52080.0,10.722628413411362,47260.0,42150.0,32800.0,26790.0,86200.0,59560.0,73790.0,11.093325934895127,11.351946525549389,11.04899933028452,11.132557765560215,10.572367654953075,10.937756856503727,54090.0,38830.0,60010.0,46900.0,55590.0,63020.0,10.610069086697326,10.50015136537585,10.665250866959651,10.557139982397933,10.747229096720554,63200.0,49820.0,44900.0
2024-04-01,48990.0,35030.0,41380.0,57650.0,32620.0,53620.0,10.689920137152056,48100.0,43190.0,34170.0,27700.0,87780.0,59340.0,73350.0,11.067122620070105,11.369643835758058,11.016512149807106,11.121230117072985,10.564911840900125,10.918736348043124,53530.0,39390.0,55800.0,62690.0,56060.0,61730.0,10.620863823642551,10.506737377491612,10.676392784874349,10.571086129249698,10.739890564725487,62390.0,48040.0,53270.0
2024-04-02,48990.0,36600.0,42790.0,58670.0,36720.0,53620.0,10.75280480115716,51960.0,42620.0,34780.0,28870.0,89240.0,58750.0,74380.0,11.06336739355144,11.369643835758058,11.061170314781226,11.116038459511904,10.610808804651954,10.889136422512594,53740.0,38000.0,57960.0,60370.0,52710.0,64280.0,10.652093091549316,10.523822075506256,10.679849328089071,10.532922537124472,10.815388664108724,61210.0,47850.0,47480.0
2024-04-03,48990.0,35870.0,41360.0,57900.0,32740.000000000004,55040.0,10.780642367661684,51320.0,42040.0,34810.0,28770.0,85920.0,56860.0,75450.0,11.082311765329093,11.372064418801726,11.077222774301273,11.071485968689245,10.592902778006394,10.951525586491304,53810.0,38140.0,55630.0,57060.0,53260.0,63060.0,10.728780791588225,10.534785924769006,10.660102368540187,10.536114793300284,10.87447478132931,53130.0,48280.0,47960.0
2024-04-04,48990.0,35820.0,41450.0,59650.0,31780.0,55280.0,10.737070361537285,55100.0,43930.0,34550.0,28370.0,88610.0,55810.0,75760.0,11.017333221844826,11.297018168695637,11.047567030084219,11.128306557093602,10.608835006177392,11.012891402282436,56030.0,37730.0,57120.0,52600.0,53970.0,64060.0,10.74140584772388,10.587114559711914,10.673850371449209,10.523822075506256,10.892489567361865,57450.0,49590.0,48340.0
2024-04-05,48990.0,36010.0,40100.0,61930.0,33190.0,57210.0,10.695823744135065,53910.0,44010.0,35830.0,28210.0,85650.0,58460.0,73790.0,11.048840287088053,11.31020934572104,11.134603622683905,11.121082157436103,10.613270586747499,10.99978048691366,56670.0,37590.0,57100.0,45668.75,55140.0,63280.0,10.768506042432708,10.608835006177392,10.662211777281856,10.570059724910275,10.854392248926331,52960.0,49890.0,43240.0
2024-04-06,48990.0,35940.0,43150.0,60870.0,34450.0,58070.0,10.70101727068921,55000.0,44510.0,37800.0,28630.0,86700.0,59550.0,74120.0,10.99223467339126,11.366985980814485,11.157834979399821,11.164941218710066,10.628641991731053,11.035873051311158,58790.0,38550.0,56910.0,57710.0,57160.0,61560.0,10.783549889802996,10.594908243570371,10.676854348197491,10.582307587950027,10.885397471418095,53350.0,52460.0,48250.0
2024-04-07,48990.0,38960.0,54120.0,75670.0,44580.0,64099.99999999999,10.75856223773664,61740.0,49970.0,40260.0,31230.0,87180.0,61240.0,73750.0,11.044855964091758,11.410239148230769,11.238764896889764,11.21075223436259,10.756220615413271,11.052174893836543,58270.0,39820.0,55700.0,58870.0,56540.0,54700.0,10.770609048402198,10.593906013524816,10.696050111394271,10.629126124296002,10.927932892952485,67030.0,66450.0,49730.0
2024-04-08,48990.0,39410.0,52190.0,74820.0,41760.0,64140.0,11.041657036202691,71460.0,59090.0,43400.0,31980.0,87850.0,58530.0,85630.0,11.079847609826162,11.610514863562742,11.374249432781127,11.124332223082254,10.93562166236856,11.079384903913779,60550.0,46460.0,56900.0,58980.0,70530.0,78870.0,10.829946413325908,10.623544398402931,10.753659849198822,10.60313853743474,11.098333836583762,70680.0,79610.0,48270.0
2024-04-09,48990.0,41790.0,53590.0,79610.0,40960.0,69580.0,11.216148828725508,78380.0,61050.0,43540.0,32900.0,86350.0,65080.0,91720.0,11.057865619110094,11.635594323310514,11.471280215001514,11.136790977732414,10.994588367253703,11.059125838870145,60920.0,44840.0,57650.0,58980.0,89810.0,80880.0,10.91710461223978,10.661743404167277,10.816793835369323,10.685583814855978,11.202329530346486,70680.0,82270.0,46390.0
2024-04-10,48990.0,41110.0,49730.0,49990.0,38135.0,57220.0,11.118860131812937,49385.0,49300.0,36280.0,29220.0,90000.0,70000.0,70610.0,10.96025301616898,11.259593288117413,11.110969193687714,11.14708002888221,10.708422052537378,11.002116507732017,74760.0,41670.0,47620.0,73230.0,67080.0,57570.0,10.629610022590025,10.497394340112052,10.804684950962628,10.596659732783579,11.211698743168176,64810.0,49175.0,48000.0
2024-04-11,48990.0,45410.0,49730.0,49990.0,38135.0,57220.0,11.239685271415658,49385.0,51970.0,45000.0,29040.0,100000.0,59550.0,70610.0,10.96025301616898,11.259593288117413,11.110969193687714,11.14708002888221,10.708422052537378,11.002116507732017,74760.0,41670.0,64810.0,73230.0,90000.0,58010.0,10.629610022590025,10.497394340112052,10.91909859470083,10.596659732783579,10.91091613578162,70000.0,49175.0,50000.0
2024-04-12,48990.0,47020.0,49730.0,79830.0,39870.0,64190.0,11.089668007602317,69960.0,58540.0,43470.0,34570.0,86820.0,70230.0,97050.0,11.105122626498469,11.518917476956224,11.459851639008296,11.219372861286699,10.865917318389972,11.055182367294991,85190.0,51160.0,56720.0,59180.0,77740.0,77590.0,10.849550656077264,10.589131655274922,10.876555514497824,10.580530757347514,10.967007926154695,68680.0,73310.0,51260.0
2024-04-13,48990.0,46830.0,45480.0,76600.0,38240.0,63380.0,11.022735454804309,71900.0,54390.0,41990.0,35570.0,89250.0,67130.0,95620.0,11.131826086763818,11.451273440556445,11.328293240639033,11.273156982132447,10.859787148429518,11.121821736797093,80170.0,47630.0,54960.0,61560.0,82240.0,74200.0,10.870300281424473,10.63106031411106,10.802448995888462,10.64901368794098,11.023714551176646,72680.0,75430.0,54480.0
2024-04-14,48990.0,45960.0,44980.0,65960.0,34550.0,61690.0,10.986495389225194,74420.0,53180.0,41160.0,33430.0,90080.0,65840.0,93890.0,11.153260340608929,11.436379137828363,11.323349659624773,11.305913595583258,10.86266534521266,11.092717208787851,76360.0,49070.0,57950.0,65030.0,82280.0,72590.0,10.977824224992123,10.65351116273777,10.819998260213831,10.608093826184968,10.96924946099213,65090.0,70660.0,55660.0
2024-04-15,48990.0,42550.0,43780.0,58340.0,32270.000000000004,56430.0,10.951525586491304,58650.0,49000.0,36710.0,30960.0,87890.0,64400.00000000001,91830.0,11.151969943847991,11.45392889216251,11.309474240751708,11.161252277082587,10.751092508621763,11.138682822990772,74440.0,44900.0,59330.0,58980.0,77140.0,74230.0,10.96025301616898,10.66967606516289,10.839992591660522,10.617931341885154,10.993244077760206,54260.0,64620.00000000001,54190.0
2024-04-16,48990.0,40030.0,38370.0,60360.0,30930.0,54660.0,10.827369398856096,58200.0,43420.0,34520.0,28890.0,86390.0,63330.0,89010.0,11.137082263908574,11.620801813265496,11.14404779830432,11.153690103100145,10.649962207136612,11.170026621880517,74490.0,43860.0,56660.0,62950.0,72890.0,76640.0,10.823790225800138,10.641153884700563,10.882771862738064,10.660336967143055,10.959557617938563,62360.0,53140.0,50870.0
2024-04-17,48990.0,36520.0,39810.0,63170.0,31290.0,54840.0,10.69287629720916,52600.0,42470.0,32040.0,28160.0,84200.0,64030.0,85110.0,11.15612194133691,11.595067505962271,11.144626075344043,11.11737603364944,10.653983406613278,11.237843674494185,62110.0,41700.0,55450.0,59640.0,78360.0,77230.0,10.838030691127368,10.641153884700563,10.829352306844555,10.706631982470421,10.894347578710008,57920.0,51460.0,55180.0
2024-04-18,48990.0,36100.0,39600.0,64340.0,30650.0,51940.0,10.718210566991152,50320.0,41190.0,30780.0,26610.0,84260.0,60730.0,85890.0,11.054233615622806,11.441332788345242,11.153833316230168,11.109473329472566,10.624031004577832,11.16039904684354,61220.0,41660.0,57430.0,59640.0,74710.0,72930.0,10.851490107044963,10.611055255757304,10.804481888784291,10.695823744135065,10.885771996244106,57390.0,49420.0,48300.0
2024-04-19,48990.0,35270.0,39160.0,60510.0,29760.0,49130.0,10.821396973625738,46210.0,40070.0,31930.0,27380.0,82360.0,62020.0,80760.0,10.975601849898009,11.48247656671073,11.147800635375791,11.126689290215573,10.55947788869972,11.156978827180746,64390.0,42830.0,55650.0,53050.0,73250.0,68430.0,10.834883622185886,10.592902778006394,10.864197002956908,10.6659508856554,11.012726510945454,51300.0,46670.0,46040.0
2024-04-20,48990.0,35190.0,39580.0,60620.0,28780.0,49180.0,11.249363483526032,43740.0,40440.0,33290.0,28270.0,83100.0,61330.0,76490.0,11.045813650395022,11.459218734270973,11.112014968851744,11.116038459511904,10.526239092474103,11.223521911620107,75760.0,42170.0,55100.0,57300.0,75860.0,66640.0,10.853425803822502,10.577477397554379,10.876177521259402,10.681228606945007,11.062269457560602,59310.0,48070.0,46100.0
2024-04-21,48990.0,38420.0,41270.0,59250.0,30650.0,48610.0,11.21534119384024,48610.0,40780.0,34040.0,27880.0,83290.0,64040.00000000001,76310.0,11.038447842325047,11.410903813540878,11.075675528862556,11.116930374363438,10.516264888585782,11.167487152957483,76730.0,44260.0,56770.0,57300.0,75860.0,66720.0,10.799595985047786,10.534519939024273,10.889696061373598,10.692422071769268,11.061170314781226,56510.0,46880.0,47620.0
2024-04-22,48990.0,38210.0,40200.0,58780.0,30510.0,52120.0,11.13620815071354,47810.0,43590.0,34570.0,29230.0,82820.0,60250.0,77390.0,11.026808713825016,11.087834014026866,11.0674349200055,11.128894006259427,10.505368864030821,11.222185388252525,72180.0,43150.0,54700.0,53050.0,76900.0,64599.99999999999,10.799391886753337,10.49213495800589,10.875988471047103,10.706855916545166,11.102412638540436,50660.0,47490.0,48150.0
2024-04-23,48990.0,37420.0,39960.0,59250.0,32230.0,50480.0,11.02632079786699,50900.0,42800.0,34960.0,29430.0,79970.0,60260.0,76330.0,10.982424205844241,11.415323661400773,11.046132675457146,11.050905878263567,10.450770459312455,11.188178221181435,68430.0,40740.0,55380.0,57060.0,80530.0,62470.0,10.800004056710831,10.503724171902725,10.912740254782156,10.782720031453676,11.09286942505702,57230.0,45450.0,43240.0
2024-04-24,48990.0,37410.0,41150.0,57710.0,32080.0,50560.0,11.025507075203857,51540.0,42170.0,34260.0,29750.0,80800.0,56950.0,75170.0,10.948364972106267,11.291418074414699,11.052016354930764,11.092260420912195,10.496565748118558,11.15612194133691,68540.0,42660.0,55450.0,57300.0,82760.0,67320.0,10.785621527758789,10.518700218288165,10.861706866436679,10.756859783664108,11.102412638540436,51300.0,45730.0,46570.0
2024-04-25,48990.0,37890.0,41100.0,56450.0,32080.0,48740.0,11.039893254197803,50020.0,40790.0,33870.0,30030.0,78560.0,58190.0,73830.0,10.896202144253335,11.3011050641372,10.998610426939969,11.108574735711242,10.505094936455558,11.17424479154663,66750.0,42100.0,55930.0,57300.0,85970.0,62360.0,10.75280480115716,10.518700218288165,10.866871771942366,10.761746548158834,11.04899933028452,51020.0,45710.0,45180.0
2024-04-26,48990.0,38020.0,41140.0,52390.0,31160.0,51010.0,11.083080570336517,48100.0,41600.0,35130.0,30530.0,79380.0,57680.0,69960.0,10.981063453138141,11.341080833027748,10.922533408982428,11.05723491317159,10.497946353595198,11.150390527616379,75040.0,43900.0,54410.0,57830.0,85330.0,62360.0,10.76766360014283,10.509195992072168,10.896943008505332,10.762170357789895,11.08553678194579,54430.0,45990.0,48740.0
2024-04-27,48990.0,37240.0,39420.0,54700.0,31470.0,48280.0,11.045015642181069,50420.0,41520.0,35380.0,30480.0,79480.0,59040.0,70330.0,10.953102155503702,11.30615956476456,10.963722772083234,11.107675333752876,10.469965456491995,11.180120495696487,74280.0,42780.0,57620.0,57300.0,90540.0,58500.0,10.75130670559812,10.511376364144162,10.924516606545858,10.794686091998527,11.086149893352006,55880.0,47590.0,48740.0
2024-04-28,48990.0,36810.0,39530.0,55550.0,34160.0,47470.0,11.01716906136117,45950.0,42400.0,35100.0,29870.0,79160.0,59260.0,70030.0,10.92415631759022,11.350182981074266,10.95135025862775,11.093934290680341,10.51219277958166,11.179980998444355,75120.0,43380.0,56050.0,76140.0,89180.0,61980.0,10.725049935309642,10.497118219058828,10.930442709440007,10.763440710059992,11.07117493153335,54770.0,50990.0,48740.0
2024-04-29,48990.0,36330.0,37840.0,56120.0,34330.0,46690.0,11.026808713825016,48210.0,43220.0,34430.0,28210.0,78670.0,57580.0,69060.0,10.970282323317344,11.309596795779068,10.932410298526829,11.108424891548891,10.501252050663496,11.144770592368399,82500.0,42570.0,55650.0,65960.0,89640.0,62870.0,10.779601914762763,10.49213495800589,10.932946242515648,10.761534575968792,11.037965573724245,55840.0,49120.0,44420.0
2024-04-30,48990.0,32910.0,41540.0,54940.0,31930.0,47490.0,11.045813650395022,47930.0,42900.0,33170.0,26440.0,77490.0,57140.0,69030.0,10.997104049659168,11.357802646102229,10.907074620795127,11.118563488331727,10.475060143575218,11.126542136174459,71640.0,40330.0,53620.0,74870.0,90980.0,64040.00000000001,10.797962031129387,10.484053768176494,10.90853979568774,10.732934166159403,11.038608546854045,56650.0,50630.0,45040.0
2024-05-01,48990.0,33540.0,42700.0,55990.0,30270.0,47180.0,11.052808798233295,47700.0,42310.0,32830.0,26230.0,75370.0,56190.0,68250.0,10.970798354703502,11.376315051307444,10.918011460821951,11.198091424858745,10.526239092474103,11.21196900978784,72110.0,40430.0,55270.0,66940.0,92200.0,65550.0,10.763017438588518,10.510286772360844,10.899531719479302,10.745507222034997,11.076294714343865,54000.0,47150.0,48990.0
2024-05-02,48990.0,33710.0,39660.0,56010.0,29490.0,45960.0,11.051381947842192,47780.0,41770.0,32060.000000000004,24710.0,72090.0,55390.0,67460.0,10.943958591598232,11.481445117743048,10.878820478377339,11.130947364954519,10.513280297700861,11.227520797262487,66640.0,38660.0,54850.0,76890.0,82540.0,68410.0,10.69333031642197,10.493244497383538,10.908905754228723,10.726368298094252,11.109024133525745,56920.0,46950.0,47140.0
2024-05-03,48990.0,31710.0,39580.0,58860.0,27550.0,48360.0,11.052174893836543,46570.0,41910.0,31140.0,24390.0,73370.0,53290.0,65349.99999999999,10.92163065371222,11.490587827248513,10.895460730714525,11.112462823634855,10.500701859458179,11.192320671976058,68670.0,38730.0,55970.0,62570.0,84540.0,65500.0,10.769347775610917,10.49684202174171,10.902482063674697,10.745507222034997,11.071485968689245,50970.0,47080.0,45360.0
2024-05-04,48990.0,29400.0,37360.0,59840.0,27550.0,44720.0,11.06336739355144,47710.0,40820.0,29550.0,23820.0,70150.0,54410.0,63510.0,10.906524626281207,11.513535278995853,10.865344208681089,11.124332223082254,10.525165583876873,11.228318659035375,67650.0,39190.0,55790.0,69500.0,84210.0,64300.0,10.754727632155955,10.465699966318816,10.896387411780173,10.729656620945079,11.077222774301273,60150.0,47480.0,45210.0
2024-05-05,48990.0,28360.0,35750.0,58110.0,26190.0,47180.0,11.009588398503299,46180.0,41230.0,29310.0,23640.0,70250.0,52350.0,62600.0,10.76004951120163,11.550905023594403,10.879197474102902,11.165365991463032,10.513008529028681,11.189560945645043,64480.00000000001,39610.0,55120.0,64890.0,84400.0,64390.0,10.751520856703959,10.476188780020186,10.942721317684738,10.71555046034839,11.05644597094435,57530.0,45860.0,44380.0
2024-05-06,48990.0,27510.0,38930.0,55980.0,26390.0,47760.0,11.010249872622438,43670.0,38920.0,28420.0,22780.0,70200.0,47350.0,60870.0,10.74378237738236,11.55436486885409,10.851490107044963,11.148952526764623,10.482653835144635,11.214667666146262,66250.0,38120.0,50910.0,63460.0,85870.0,67260.0,10.713105797383161,10.475060143575218,10.898423092400252,10.7177677069941,11.037643932062444,61620.0,43640.0,37650.0
2024-05-07,48990.0,26510.0,39000.0,54590.0,25840.0,46260.0,11.06195554002416,42410.0,38230.0,27150.0,22400.0,70230.0,48060.0,60870.0,10.75877484084995,11.55436486885409,10.83861966554364,11.118711821072,10.45682653965135,11.18623918925854,61420.0,37250.0,53400.0,60590.0,83420.0,66270.0,10.652802378509259,10.476188780020186,10.86572631831299,10.734460018752944,11.04772627589639,50450.0,42740.0,42820.0
2024-05-08,48990.0,24960.0,37960.0,51780.0,24260.0,47760.0,11.050111924969828,42500.0,37940.0,27030.0,22330.0,70080.0,45240.0,60500.0,10.809141918288724,11.404460134358922,10.860171386969528,11.103768550523514,10.43737519189882,11.207771646606407,66220.0,36540.0,51470.0,63900.0,85890.0,62580.0,10.59089328246696,10.464844680601267,10.859787148429518,10.780018225836406,11.109623016626694,52230.0,40480.0,43620.0
2024-05-09,48990.0,24940.0,36520.0,50300.0,23640.0,45690.0,11.05407540279458,41100.0,36310.0,26670.0,21490.0,69470.0,45520.0,61200.0,10.856515146126256,11.116633157794398,10.843709631701985,11.10316614993904,10.419032025002059,11.240210819640234,65840.0,34250.0,53290.0,60080.0,87310.0,62360.0,10.565943539941884,10.447873669824078,10.882771862738064,10.756433716893001,11.114848000895991,62740.0,39610.0,40480.0
2024-05-10,48990.0,25860.0,35310.0,48210.0,24620.0,45780.0,11.039893254197803,41810.0,34850.0,26920.0,21880.0,68930.0,45530.0,61200.0,10.906157795147806,11.39234978350592,10.880515841025813,11.044696260501281,10.432379002113745,11.219909190927746,67080.0,32990.0,50670.0,62740.0,89620.0,59400.0,10.585599063475808,10.444095254586585,10.897498296714174,10.75877484084995,11.127130622457644,54430.0,41400.0,44380.0
2024-05-11,48990.0,26410.0,36170.0,47890.0,23610.0,41740.0,11.037000338212293,42170.0,35010.0,26920.0,21030.0,69110.0,48450.0,61210.0,10.863048479640058,11.309964370768503,10.899162313664348,11.063680868264434,10.4048990016915,11.255074002477121,66760.0,33430.0,51040.0,59230.0,100460.0,58480.0,10.55947788869972,10.448163726677256,10.877877366793928,10.777726367178413,11.108574735711242,55500.0,40960.0,44380.0
2024-05-12,48990.0,24480.0,36320.0,49440.0,23900.0,39750.0,11.006772241852998,42550.0,35550.0,26930.0,21670.0,69630.0,44040.0,60880.0,10.856515146126256,11.274554056125176,10.852071209606544,11.07490100747803,10.447583528813514,11.159402690578014,66010.0,34040.0,49370.0,67560.0,97550.0,61520.0,10.55349234019923,10.45365888164355,10.864197002956908,10.749591843760111,11.102111074930848,51960.0,40220.0,44000.0
2024-05-13,48990.0,25110.0,35890.0,48780.0,23900.0,40590.0,11.012561592414833,41590.0,35010.0,27150.0,21880.0,69980.0,43560.0,60010.0,10.860939421415223,11.298506245754995,10.918736348043124,11.06477725655833,10.42022566305372,11.206142119216047,64540.00000000001,34570.0,50960.0,62800.0,97020.0,61160.0,10.586862136447245,10.463703160543519,10.865535281748011,10.750449642272962,11.109772681377931,54510.0,39050.0,43240.0
2024-05-14,48990.0,25980.0,34940.0,49300.0,24470.0,41200.0,11.045334921888767,41690.0,34620.0,28190.0,21490.0,71620.0,43280.0,60490.0,10.785414556982323,11.273538195921754,10.950999510654109,11.104069614787955,10.44088694523715,11.10482187913902,66720.0,34350.0,50180.0,60550.0,94450.0,60390.0,10.583068121374101,10.471383252907115,10.84038451030323,10.813579109167462,11.113954225978379,56650.0,39330.0,45720.0
2024-05-15,48990.0,28250.0,34400.0,49300.0,31700.0,41200.0,11.080155961534562,41480.0,34030.0,29550.0,22930.0,69370.0,42760.0,59300.0,10.799800041694619,11.26113806771427,10.928471241312758,11.04899933028452,10.459697547336717,11.21318430646977,69690.0,37530.0,51490.0,66620.0,89040.0,61270.0,10.561551448966803,10.491301994830229,10.84663440857928,10.82717089162978,11.084002356823872,54510.0,38350.0,44280.0
2024-05-16,48990.0,27860.0,35650.0,49950.0,29990.0,42540.0,11.003948132061854,41440.0,33600.0,30410.0,24030.0,69580.0,44650.0,60130.0,10.737070361537285,11.241785809137758,10.939532708935408,11.058653442552348,10.452504513676049,11.208042976531692,71650.0,38290.0,51100.0,66990.0,88110.0,59790.0,10.597159595331789,10.49296722793131,10.8624737229379,10.786035340845325,11.06336739355144,56960.0,40460.0,46820.0
2024-05-17,48990.0,27820.0,34430.0,51430.0,30960.0,43480.0,10.999279200267464,42860.0,34990.0,30690.0,24430.0,69750.0,42040.0,60390.0,10.749806362381149,11.241261088211655,10.953627126642347,11.091498643801799,10.498222246109224,11.199597325534862,67230.0,38210.0,52550.0,66230.0,87290.0,59610.0,10.626460489993315,10.502900810345617,10.867062553383725,10.779185430302025,11.053283962966008,56960.0,40870.0,46820.0
2024-05-18,48990.0,28240.0,33960.0,53440.0,32420.0,41730.0,10.993916448396218,43370.0,34080.0,31250.0,24400.0,69760.0,43340.0,60440.0,10.836261683668637,11.224990027090804,10.906524626281207,11.090583744605611,10.526507289654278,11.19135563385109,67880.0,39430.0,47410.0,66320.0,87000.0,59190.0,10.610069086697326,10.50454685609326,10.875610263368761,10.797348609444098,11.066810222572993,57910.0,41710.0,49000.0
2024-05-19,48990.0,27020.0,33180.0,56940.0,32070.0,43680.0,10.973717513311941,42380.0,34410.0,30570.0,24480.0,69900.0,41640.0,59380.0,10.816392559306074,11.20410146876502,10.931695259437355,11.043737502977494,10.5495693306696,11.228318659035375,73880.0,37880.0,48950.0,66720.0,89260.0,60570.0,10.612778714919378,10.499325055627958,10.839012122525581,10.833306365889975,11.044855964091758,55870.0,39910.0,46820.0
2024-05-20,48990.0,28030.0,35240.0,55550.0,31920.0,42830.0,10.937756856503727,42420.0,35230.0,31690.0,24240.0,67560.0,47970.0,60330.0,10.766820447545506,11.298506245754995,10.89601684239608,11.062269457560602,10.528650281554203,11.267804673602521,59590.0,40280.0,50880.0,63590.0,92860.0,61050.0,10.614990235380386,10.513280297700861,10.85400578295951,10.84038451030323,11.035711906538346,54210.0,41340.0,50600.0
2024-05-21,48990.0,29220.0,33600.0,56340.0,31790.0,44220.0,10.927394254617141,43090.0,34710.0,30540.0,24790.0,65140.0,49290.0,60660.0,10.793660156255223,11.322624154460001,10.879951039444416,10.993916448396218,10.539296891395203,11.236789808685486,60910.0,39400.0,47330.0,67930.0,88220.0,60810.0,10.60858800721353,10.493798805759472,10.83665506696672,10.853038964104712,11.046451598774738,50690.0,42980.0,50400.0
2024-05-22,48990.0,28440.0,35370.0,53500.0,31640.0,45070.0,10.976457194140659,42190.0,34750.0,31540.0,23960.0,66350.0,48240.0,59420.0,10.785828455707216,11.34605590873519,10.918917487774808,11.056919410968344,10.55791989196796,11.231106172786824,54670.0,38530.0,49770.0,68300.0,89350.0,60690.0,10.59965516698957,10.493521689978726,10.83586814555923,10.8235910067382,11.007767085330117,53270.0,43220.0,52440.0
2024-05-23,48990.0,28280.0,36080.0,53040.0,31640.0,43830.0,10.942367529494035,43780.0,35250.0,31660.0,23880.0,67460.0,47830.0,59820.0,10.819198116145216,11.321413808274313,10.933838844688593,11.05723491317159,10.549045098003141,11.203829067134373,55680.0,39400.0,50490.0,70900.0,94810.0,61290.0,10.536645846657073,10.489077361672273,10.830738006646618,10.859787148429518,11.0007823069704,49320.0,42080.0,54880.0
2024-05-24,48990.0,28300.0,38660.0,52790.0,29970.0,41730.0,10.934908916663861,42380.0,34770.0,31100.0,24070.0,69620.0,48270.0,61330.0,10.855550751498411,11.334528198068428,10.907257885099419,11.036678385890651,10.547470749064702,11.25014411353406,58760.0,38760.0,48870.0,69220.0,90720.0,61260.0,10.594156665220533,10.48321404355681,10.849744770527753,10.811967862318305,10.965971674529177,52850.0,39700.0,52440.0
2024-05-25,48990.0,27960.0,35430.0,52330.0,29970.0,42030.0,10.891373101232977,42780.0,34760.0,30810.0,24090.0,69370.0,48210.0,60520.0,10.832911662800246,11.311800221772462,10.869349096176027,11.03973275601109,10.552708968527668,11.230443183476444,59520.0,39890.0,47390.0,67320.0,92380.0,60380.0,10.63804055715469,10.487126739641525,10.842732802022468,10.780850328399447,10.980382381786619,54210.0,42400.0,52440.0
2024-05-26,48990.0,29490.0,36350.0,53600.0,30100.0,43830.0,10.899347033629407,43510.0,35290.0,31410.0,24360.0,68620.0,47490.0,61180.0,10.827766295132465,11.305421475643698,10.843123648405275,11.055972306668727,10.563620718477313,11.156550476040493,59320.0,41560.0,49660.0,67320.0,94310.0,59780.0,10.593404521575788,10.502351525774941,10.869349096176027,10.780226316398169,10.982934011109675,57240.0,41000.0,52440.0
2024-05-27,48990.0,30320.0,35920.0,54790.0,30390.0,44630.0,10.953277176506669,42580.0,35840.0,30930.0,24610.0,72130.0,46370.0,61780.0,10.802652471248297,11.296769940423644,10.864388295328752,11.02973122081655,10.571598936624849,11.215475844959395,58200.0,40050.0,50610.0,67320.0,98000.0,57300.0,10.70101727068921,10.510014188812299,10.851683845421267,10.786862453648626,11.000448478455008,57010.0,40820.0,54500.0
2024-05-28,48990.0,29410.0,39160.0,53900.0,31920.0,42410.0,10.999112048861333,40930.0,35730.0,31360.0,25530.0,71840.0,43400.0,61850.0,10.809344036488135,11.263579098784021,10.87938591868191,11.097273648073832,10.571598936624849,11.213319248310043,60440.0,40900.0,48900.0,67320.0,98400.0,60200.0,10.673155862670482,10.49573646899098,10.871060578737334,10.77438334991989,11.044376776784246,54210.0,40750.0,49590.0
2024-05-29,48990.0,28900.0,36210.0,52290.0,31640.0,42290.0,10.990212802809811,42010.0,36450.0,31540.0,25070.0,70780.0,45530.0,61220.0,10.804075640682992,11.235206924604611,10.912740254782156,11.097273648073832,10.561810341941893,11.20151065243636,60160.0,39980.0,49160.0,80650.0,97990.0,59250.0,10.71843192346452,10.52220747920813,10.87674445755095,10.771449014012997,11.043097820238309,57010.0,40580.0,46250.0
2024-05-30,48990.0,28080.0,34890.0,51830.0,31800.0,42930.0,11.002449779968526,43800.0,36880.0,31280.0,25440.0,70440.0,46510.0,61220.0,10.789339695269716,11.220713146431915,10.888389749837856,11.094542276593797,10.559218391085642,11.21950697066651,61850.0,39050.0,49380.0,76020.0,94990.0,60010.0,10.681458301911103,10.498773802892188,10.886146380853784,10.798983565153577,11.042937835596494,49320.0,41640.0,53130.0
2024-05-31,48990.0,28910.0,36440.0,52520.0,33370.0,42200.0,11.000281522397453,45100.0,37620.0,32010.0,25300.0,70180.0,47510.0,61360.0,10.81859758766212,11.246104283185776,10.923255026881002,11.093630159049829,10.570573058768213,11.131386822378166,56780.0,37010.0,48270.0,80650.0,89030.0,59880.0,10.653983406613278,10.486847768485333,10.871630422615535,10.794070656866477,11.023225122819186,53840.0,41470.0,48740.0
2024-06-01,48990.0,27720.0,39000.0,53400.0,31450.0,38540.0,11.0319983915501,44670.0,36890.0,31350.0,25900.0,70090.0,45860.0,61260.0,10.841363635435306,11.229115884732321,10.917830156883532,11.10932361990884,10.574670270717423,11.145637256200434,54410.0,36870.0,49680.0,74710.0,89350.0,59730.0,10.676854348197491,10.47872356423098,10.916741642416735,10.786655739574794,11.091955779701022,52850.0,41060.0,44810.0
2024-06-02,48990.0,28340.0,36920.0,52900.0,31590.0,41490.0,11.00228315773407,44070.0,36470.0,32220.0,25560.0,71120.0,47130.0,62000.0,10.838815913287421,11.212644356941931,10.892675523922948,11.07319494589417,10.572623763134569,11.170871680451109,52060.0,37650.0,48710.0,80650.0,87590.0,60480.0,10.689692377847104,10.493244497383538,10.897868317624576,10.816994413033667,11.097576673787882,52290.0,42390.0,46850.0
2024-06-03,48990.0,30830.0,39450.0,51820.0,31580.0,41490.0,11.097728152217645,43160.0,37210.0,32110.0,27300.0,71110.0,47880.0,61760.0,10.85110251765231,11.232033619988815,10.873148420667984,11.026808713825016,10.5703164247782,11.21156358246189,56630.0,36120.0,48300.0,72030.0,90050.0,59660.0,10.75856223773664,10.47534242212957,10.890255387214118,10.808737559293302,11.140571095927864,53350.0,43850.0,45880.0
2024-06-04,48990.0,31210.0,39490.0,50810.0,31780.0,41490.0,11.119156687322887,41940.0,37730.0,32340.000000000004,27530.0,70930.0,48060.0,61760.0,10.77897712300635,11.266398131673066,10.915106645867501,11.028433383156079,10.574925789933857,11.180399431835866,56100.0,34790.0,46590.0,72740.0,92480.0,59190.0,10.75856223773664,10.481251939552509,10.882396212388988,10.83665506696672,11.138828201411055,49320.0,42000.0,47970.0
2024-06-05,48990.0,31710.0,40130.0,50640.0,31380.0,44940.0,11.15854788008018,41890.0,38450.0,32610.0,28290.0,68580.0,45220.0,61590.0,10.854971667978388,11.266398131673066,10.915288444217273,11.045494523523427,10.558958826115072,11.177746391852555,58690.0,35800.0,47960.0,48300.0,97930.0,59690.0,10.763863802448526,10.485172305246778,10.897313234903,10.840188570181905,11.159687465109704,52850.0,42520.0,47180.0
2024-06-06,48990.0,32200.000000000004,37250.0,50940.0,31240.0,42830.0,11.129627832757077,42160.0,38720.0,31910.0,29100.0,69810.0,50140.0,61760.0,10.794275843997859,11.196034262467789,10.922894283023263,11.036517370851499,10.56645899058601,11.196994798246125,60720.0,38410.0,46750.0,78400.0,97780.0,59650.0,10.767242112707452,10.494075844768336,10.939532708935408,10.86649009983224,11.135916609771838,50660.0,42660.0,47690.0
2024-06-07,48990.0,33180.0,36420.0,52750.0,30950.0,42920.0,11.240736091808946,44010.0,39200.0,32810.0,30200.0,69620.0,53100.0,60840.0,10.824586705402588,11.262937299670778,10.918736348043124,11.0319983915501,10.586862136447245,11.200281076894816,62220.0,38640.0,46340.0,75490.0,96440.0,58330.0,10.791605121726688,10.510559281627845,10.954151822330891,10.86915875050772,11.237843674494185,49320.0,42960.0,50910.0
2024-06-08,48990.0,33990.0,37510.0,53400.0,31320.0,42950.0,11.314242792081028,44150.0,38330.0,33120.0,30340.0,70180.0,49430.0,59970.0,10.837834289209853,11.243489253126375,10.940064850284704,11.043257779289133,10.564653749740895,11.217493439058385,61680.0,37930.0,45810.0,79490.0,95680.0,59530.0,10.805496787584513,10.5205902717723,10.934017269554355,10.859018228147885,11.260237236314717,53270.0,43490.0,50910.0
2024-06-09,48990.0,34440.0,42220.0,56100.0,32240.000000000004,41710.0,11.30652840513463,43920.0,38570.0,33870.0,31140.0,70350.0,51580.0,60990.0,10.858633546178956,11.256884168342939,10.956247856355338,11.074125885745115,10.578496220392818,11.211293206231721,61480.0,37800.0,45900.0,84460.0,94130.0,60970.0,10.785000486874338,10.56645899058601,10.967353104874402,10.9034022639752,11.31995945647696,56090.0,42640.0,51220.0
2024-06-10,48990.0,35190.0,39280.0,55090.0,34340.0,43230.0,11.38328364101371,45170.0,40810.0,35450.0,33330.0,70360.0,53520.0,61560.0,10.971829619297056,11.240604799631146,10.964934347972234,11.125511451119436,10.601895869017543,11.258433135362765,55820.0,41980.0,45950.0,78350.0,88950.0,61000.0,10.808939759229288,10.650199196425806,10.968560292962923,10.958165369058063,11.391898423211194,55780.0,44730.0,49240.0
2024-06-11,48990.0,33760.0,41820.0,55090.0,34910.0,49040.0,11.32949529389048,46880.0,41270.0,36720.0,35320.0,71210.0,53180.0,62450.0,10.97679912709094,11.258304146378245,10.961989399026116,11.066185134649652,10.602890127258581,11.282014323889351,61920.0,42280.0,43500.0,82130.0,91990.0,62320.0,10.828559615417621,10.642826285701982,10.98378310941834,10.951525586491304,11.384989815502859,54120.0,45980.0,49240.0
2024-06-12,48990.0,33670.0,38230.0,58330.0,35660.0,49390.0,11.308983870389673,51140.0,41410.0,36500.0,33450.0,70310.0,52740.0,64120.00000000001,10.934374023807974,11.338941057363176,11.048840287088053,11.094998023570968,10.619154254525943,11.233621531028957,61240.0,41690.0,43840.0,77100.0,93340.0,61930.0,10.825780236605917,10.642826285701982,10.986833907533804,11.001116024081504,11.37849080738185,57330.0,47280.0,50100.0
2024-06-13,48990.0,34130.0,38810.0,62760.0,32830.0,51650.0,11.322624154460001,49440.0,41460.0,36440.0,33380.0,70830.0,55300.0,64890.0,10.963895944251435,11.367911253546788,11.010415172807951,11.102261868103218,10.641631999026803,11.269081633590115,63180.0,41470.0,43820.0,88790.0,91330.0,60930.0,10.884460545216813,10.595909470156478,11.025018523586803,11.043417712757153,11.35206398467375,47430.0,49090.0,52310.0
2024-06-14,48990.0,33830.0,38780.0,62270.0,33280.0,54730.0,11.324195417595107,49800.0,41520.0,36030.0,32640.0,70790.0,56500.0,66310.0,10.9849706371255,11.419175068071828,10.992571254737735,11.07814997376193,10.63057711727143,11.260108479844526,59450.0,40760.0,43550.0,79660.0,94380.0,61300.0,10.940596708610187,10.614990235380386,11.01206667357142,11.017497355384242,11.360135525582294,57330.0,49500.0,60440.0
2024-06-15,48990.0,33750.0,44460.0,62830.0,33270.0,55560.0,11.335245121065762,49190.0,41640.0,35460.0,32030.0,72650.0,57100.0,66200.0,10.967525649563905,11.435190924760807,11.084769863692358,11.114848000895991,10.644495894447413,11.307388503976142,66990.0,40610.0,42310.0,78770.0,96090.0,63200.0,10.971314119938606,10.60735209643727,11.02632079786699,11.032483545838678,11.342149006315793,60220.0,53520.0,52310.0
2024-06-16,48990.0,32700.000000000004,46340.0,66070.0,31840.0,51610.0,11.311433321100587,49720.0,42300.0,36020.0,31450.0,73580.0,58200.0,67180.0,10.95659676862489,11.378719559198565,11.098182449881282,11.108724557423686,10.66361558182207,11.356634162310524,63200.0,40060.0,42870.0,97880.0,97460.0,64209.99999999999,10.975430693220769,10.641153884700563,11.057707979914358,11.017989594425455,11.275568885403834,52950.0,53590.0,52310.0
2024-06-17,48990.0,41930.0,49730.0,75000.0,31160.0,65000.0,11.268698716780495,49385.0,49300.0,32110.0,31300.0,72210.0,59550.0,60000.0,11.002116507732017,11.259593288117413,11.110969193687714,11.14708002888221,10.819798284210286,11.189560945645043,74760.0,45000.0,43270.0,73230.0,81400.0,55000.0,10.629610022590025,10.217969771265725,11.304805984955106,10.78727575364831,11.44390759317077,52000.0,49175.0,30000.0
2024-06-18,48990.0,37010.0,45000.0,69880.0,32450.000000000004,60000.0,11.27923903227946,49385.0,49300.0,30990.0,30260.0,72210.0,90000.0,60000.0,10.96025301616898,11.259593288117413,11.002116507732017,11.14708002888221,10.708422052537378,11.189560945645043,63250.0,45000.0,42170.0,73230.0,81400.0,65000.0,10.629610022590025,10.187575674477692,11.253649427018628,11.156264806643742,11.201783686253295,60000.0,49175.0,30000.0
2024-06-19,48990.0,32600.0,41750.0,65040.00000000001,33210.0,52600.0,11.331655355212051,49660.0,43040.0,36400.0,30760.0,73070.0,55950.0,68660.0,10.98936914872542,11.330335872257855,11.0993929022843,11.10271411123683,10.674775633480014,11.301228649089653,65970.0,39440.0,42530.0,99600.0,101770.0,65650.0,10.97731180739474,10.585599063475808,11.082157933374816,11.050429581934745,11.295776410703686,53350.0,51590.0,62960.0
2024-06-20,48990.0,31960.0,39530.0,64560.0,31810.0,52670.0,11.287541906712672,48530.0,41520.0,34500.0,29460.0,73020.0,55280.0,67510.0,10.931516419748775,11.31667941077417,11.072107752919068,11.126689290215573,10.66967606516289,11.282895758418062,68920.0,38750.0,43580.0,101638.75,102040.0,63880.0,10.896943008505332,10.54563087050331,11.130947364954519,11.036839375008134,11.329615419782558,55730.0,49660.0,51470.0
2024-06-21,48990.0,31690.0,39260.0,63150.0,28740.0,49920.0,11.240998624462954,44610.0,42060.0,33630.0,28460.0,69870.0,53460.0,65840.0,10.993075914439594,11.314486721293981,11.033130052302017,11.102111074930848,10.635879484421974,11.343571464800565,74200.0,38340.0,43390.0,84920.0,102970.0,64239.99999999999,10.93900028426092,10.539296891395203,11.130947364954519,11.04899933028452,11.33201491224167,55130.0,44480.0,47380.0
2024-06-22,48990.0,31610.0,41020.0,62680.0,29090.0,46640.0,11.178864319331653,42760.0,41040.0,33830.0,28080.0,70950.0,53440.0,64230.00000000001,10.948716645194592,11.330575907784267,10.975259507243907,11.064933785375604,10.626703114218108,11.343453003845157,72990.0,37740.0,44740.0,79370.0,104620.0,64540.00000000001,10.927214644012448,10.54484131366684,11.015854806436574,10.998275872479747,11.278607208562525,52410.0,44330.0,50100.0
2024-06-23,48990.0,29160.0,38700.0,59170.0,29310.0,48810.0,11.109024133525745,43730.0,40200.0,32800.0,27600.0,70730.0,51210.0,64030.0,10.939532708935408,11.321777065973317,10.983613347424248,11.14708002888221,10.618420686417931,11.32189812255531,70090.0,35350.0,43310.0,87060.0,103410.0,65099.99999999999,10.917286047758095,10.537441898283253,11.107825290265769,10.98852478228779,11.235734831071847,57980.0,45280.0,47390.0
2024-06-24,48990.0,29990.0,38610.0,57510.0,27780.0,43260.0,11.103617984394585,43760.0,38880.0,31520.0,26640.0,68600.0,48070.0,62340.0,10.921991853622236,11.312411423903804,10.923435350020554,11.102864813509706,10.594156665220533,11.323591377758436,61440.0,34720.0,42020.0,83950.0,104820.0,48580.0,10.854199034612414,10.522745967684028,11.060698883507174,10.963895944251435,11.215879689565481,56480.0,42430.0,48520.0
2024-06-25,48990.0,31200.0,37640.0,53410.0,27130.0,42570.0,11.050429581934745,44590.0,39040.0,31120.0,27000.0,67810.0,50610.0,63240.0,10.899716371226633,11.331535474133938,10.837834289209853,11.103015493074828,10.604875682997651,11.296769940423644,57760.0,34480.0,45970.0,86620.0,105470.0,59890.0,10.815790343132422,10.483494030119285,11.074125885745115,10.982934011109675,11.156407651542994,50140.0,41720.0,44570.0
2024-06-26,48990.0,31250.0,34760.0,50830.0,26000.0,44760.0,10.86649009983224,44340.0,38910.0,31190.0,26420.0,66630.0,48030.0,62410.0,10.81237091748186,11.303820411209855,10.841167887088753,11.126689290215573,10.57441468619423,11.28991940420376,65980.0,34840.0,44490.0,80640.0,101360.0,60220.0,10.839600519357369,10.469397774605671,11.087528021154112,10.906707991398342,11.15512131228664,49320.0,40570.0,46570.0
2024-06-27,48990.0,31560.0,35130.0,51200.0,27200.0,46910.0,10.857093336791094,46740.0,37180.0,29470.0,26710.0,69210.0,48660.0,60230.0,10.827567866685111,11.310454260675547,10.815991122155705,11.105723850006381,10.578496220392818,11.311188645844597,64330.0,33160.0,42640.0,81060.0,97500.0,60520.0,10.741622129409992,10.42171570981886,11.018153620276298,10.81237091748186,11.11737603364944,51110.0,40000.0,48150.0
2024-06-28,48990.0,30820.0,35510.0,49220.0,27440.0,46420.0,10.903034285460993,45560.0,38030.0,30050.0,26540.0,71620.0,48140.0,59480.0,10.851877546270282,11.310454260675547,10.824188544898831,11.038608546854045,10.57185524173185,11.292665252835548,67580.0,34270.0,40250.0,82920.0,98300.0,60540.0,10.716437949035694,10.40610961895143,11.007767085330117,10.863814308399894,11.0406953589636,51110.0,38780.0,47050.0
2024-06-29,48990.0,30350.0,36190.0,49660.0,28650.0,44660.0,10.779601914762763,46230.0,36950.0,30380.0,27110.0,68690.0,45030.0,59870.0,10.797348609444098,11.251703547775568,10.83645839466148,11.030703494879953,10.573903321093981,11.252352594997065,65640.0,33900.0,40110.0,82920.0,99540.0,59640.0,10.724830039099766,10.403383666209391,10.945017895028798,10.87731107260785,11.0292447290611,47180.0,39090.0,44230.0
2024-06-30,48990.0,31220.0,38540.0,48450.0,29580.0,46420.0,10.82875784719086,45530.0,38250.0,30890.0,28090.0,69200.0,45240.0,49650.0,10.845855304120402,11.285409870187191,10.795301148603121,11.023551435004947,10.604131561522696,11.25714249618824,64200.0,34320.0,41370.0,91470.0,97080.0,57930.0,10.722628413411362,10.367253014814716,10.950473157915448,10.887268694433738,10.984631487370677,52780.0,40270.0,40990.0
2024-07-01,48990.0,33070.0,38730.0,47780.0,31300.0,42630.0,10.841363635435306,43620.0,40050.0,31940.0,30080.0,71040.0,45260.0,58470.0,10.883522740361526,11.268571045253626,10.82319244951007,11.021101494211369,10.631543277584262,11.239553841191775,57390.0,34680.0,41450.0,81820.0,92280.0,57670.0,10.713105797383161,10.388410581979008,10.980382381786619,10.817395447708488,10.940064850284704,51800.0,40960.0,46880.0
2024-07-02,48990.0,32780.0,41300.0,49020.0,32570.0,43430.0,10.801634680173994,42360.0,39640.0,33680.0,31760.0,71100.0,47200.0,60560.0,10.895275291408279,11.348652056096753,10.948189089173493,11.021101494211369,10.60834094722611,11.196446033638646,56500.0,35290.0,41240.0,78600.0,77960.0,57670.0,10.739240454183802,10.37882070461162,10.949595287222088,10.87674445755095,10.947837230476315,57990.0,41020.0,46540.0
2024-07-03,48990.0,34490.0,41540.0,49400.0,35580.0,44090.0,10.766609548270216,45020.0,41460.0,35490.0,33250.0,71480.0,48770.0,62320.0,10.858633546178956,11.37010535115202,10.949068194652432,11.051064593306913,10.608093826184968,11.218433591700967,60130.0,36860.0,41110.0,80390.0,93480.0,57660.0,10.748303764751594,10.383781801264941,10.967525649563905,10.893047333337726,10.91710461223978,51110.0,40620.0,47690.0
2024-07-04,48990.0,38200.0,42130.0,51700.0,34610.0,46210.0,10.819998260213831,48930.0,42840.0,36430.0,34570.0,71970.0,47810.0,63760.0,10.82875784719086,11.3573354164153,11.030865448691081,11.043097820238309,10.629610022590025,11.266781930260281,63530.0,39150.0,39860.0,85720.0,95110.0,59490.0,10.740323737069875,10.415442538332677,10.932588978440108,10.895275291408279,10.912557992542743,47870.0,41370.0,47690.0
2024-07-05,48990.0,38200.0,41730.0,50480.0,35990.0,47430.0,10.753659849198822,50850.0,43030.0,37540.0,36270.0,73440.0,48660.0,64160.0,10.857285992746686,11.378605189831132,11.028271034951294,11.081388418439035,10.657047567781314,11.252352594997065,60760.0,39830.0,40030.0,68870.0,92960.0,59220.0,10.724390101563799,10.443221281449325,10.93811227937182,10.865917318389972,10.877688637695117,50660.0,43360.0,42880.0
2024-07-06,48990.0,37600.0,41510.0,56500.0,36950.0,47430.0,10.761322558837014,51480.0,42920.0,37880.0,35990.0,73410.0,49900.0,66590.0,10.891000668685518,11.382372489597046,10.954326659732555,11.03005541721757,10.690603103986417,11.216552401696978,58600.0,39950.0,43220.0,85240.0,91030.0,57580.0,10.750449642272962,10.481251939552509,10.942898164853874,10.849550656077264,10.808130714060665,52850.0,43820.0,46900.0
2024-07-07,48990.0,40090.0,44360.0,58720.0,37320.0,47940.0,10.722848794230309,56250.0,42920.0,38010.0,36550.0,75010.0,48970.0,67190.0,10.902113746328311,11.390204005346519,10.962336314087443,11.103768550523514,10.681228606945007,11.23533892735046,61270.0,40520.0,43500.0,80390.0,86440.0,58350.0,10.752163034994716,10.475624621025222,10.970798354703502,10.775220152546073,10.812169410206765,58490.0,45460.0,57970.0
2024-07-08,48990.0,41900.0,44580.0,57750.0,41410.0,49510.0,10.657047567781314,54780.0,44720.0,39400.0,39560.0,77110.0,52970.0,70910.0,10.962162871600537,11.42049214303914,11.02648346297243,11.091041298833769,10.688324731580726,11.291542862275499,68650.0,43090.0,40130.0,80390.0,88300.0,60070.0,10.750020834993819,10.47928597812618,11.018153620276298,10.842146245872229,10.76766360014283,51800.0,46380.0,47690.0
2024-07-09,48990.0,43040.0,45990.0,56170.0,41630.0,50360.0,10.645448706505872,54510.0,45790.0,39880.0,40730.0,78510.0,56950.0,72530.0,10.975259507243907,11.396852216793818,11.048840287088053,11.0916510456553,10.701467609576827,11.312411423903804,67830.0,46870.0,42370.0,83990.0,82140.0,59840.0,10.718874489469398,10.466554521147781,11.014044880972106,10.876177521259402,10.770819105958742,54210.0,46570.0,48990.0
2024-07-10,48990.0,46430.0,46260.0,55120.0,43250.0,48680.0,10.648776417499018,52110.0,46590.0,40210.0,42640.0,78760.0,57170.0,73840.0,10.972173137962084,11.424214462617172,11.046929793122029,11.067122620070105,10.707527418047702,11.241261088211655,70290.0,50570.0,43050.0,88410.0,80520.0,58920.0,10.703491628618902,10.469965456491995,11.010745691229099,10.824387644967182,10.776474045001011,50390.0,47840.0,49240.0
2024-07-11,48990.0,50240.0,46210.0,55120.0,45560.0,49640.0,10.71599430314656,52910.0,48070.0,42790.0,44210.0,79770.0,55680.0,73890.0,10.956247856355338,11.401893340547367,11.045494523523427,11.120342030692624,10.701242465483658,11.285409870187191,67110.0,49280.0,42930.0,88410.0,80350.0,59450.0,10.672460871214069,10.493521689978726,10.972516538662562,10.898607948952096,10.739240454183802,52850.0,48490.0,46900.0
2024-07-12,48990.0,53600.0,49340.0,55900.0,48500.0,50610.0,10.800615852145526,53690.0,49970.0,43980.0,48220.0,78240.0,55870.0,74260.0,11.011076100443914,11.369066641827967,11.156836063853547,11.129921212642122,10.73358838809481,11.274427130021383,64379.99999999999,53860.0,43670.0,88990.0,77920.0,59820.0,10.650909827496074,10.510286772360844,10.998777662206932,10.901929536770998,10.724830039099766,51300.0,49760.0,44630.0
2024-07-13,48990.0,52930.0,52780.0,56430.0,49780.0,49980.0,10.732061203925051,56580.0,51180.0,48600.0,50400.0,79110.0,57400.0,73040.0,11.02306192678775,11.373904747819767,11.173683395902351,11.108724557423686,10.764075281534032,11.241785809137758,64819.99999999999,49550.0,44050.0,83330.0,80000.0,60220.0,10.694917762328627,10.527579359655915,11.007767085330117,10.90063911886528,10.714439990727769,52850.0,51180.0,47500.0
2024-07-14,48990.0,56420.0,54680.0,55190.0,50610.0,52010.0,10.710878178453925,57340.0,52040.0,48460.0,51570.0,77570.0,55730.0,72650.0,11.021428499985934,11.342030376724688,11.19190719823953,11.136499606683893,10.784171831940965,11.256754979390998,65400.00000000001,49950.0,43870.0,86430.0,83900.0,59780.0,10.649725161670181,10.544577989460558,11.007269787305745,10.889136422512594,10.710208923978401,51800.0,52890.0,47660.0
2024-07-15,48990.0,59280.0,58930.0,54520.0,58140.0,50490.0,10.688324731580726,60100.0,54480.0,51420.0,52950.0,78880.0,59590.0,74390.0,11.004280794528954,11.453716715333545,11.234282417169117,11.107225329245237,10.740323737069875,11.222452835867818,61540.0,60540.0,44210.0,92290.0,83180.0,67200.0,10.689692377847104,10.54484131366684,11.004280794528954,10.944488383578978,10.700566728905102,54210.0,53640.0,46540.0
2024-07-16,48990.0,60760.0,59500.0,54000.0,58130.0,60250.0,10.640914741787618,59520.0,53820.0,50890.0,54290.0,80320.0,59070.0,76320.0,11.006108462601595,11.460589521950299,11.222987516609326,11.133727339237783,10.797144051901348,11.27175795359301,65710.0,60980.0,43810.0,84550.0,79820.0,65970.0,10.704838702305462,10.540090836284206,11.014538821972666,10.89416193284752,10.689008788520935,54850.0,53200.0,52660.0
2024-07-17,48990.0,62030.0,65430.00000000001,55400.0,62640.0,61840.0,10.68695521229612,60850.0,59040.0,54540.0,57520.0,80620.0,62710.0,76650.0,11.064307523045168,11.447757412385977,11.22991247536671,11.114103243950222,10.783342489769069,11.264989608596517,64790.00000000001,60530.0,44080.0,84450.0,80050.0,63800.0,10.66361558182207,10.572111481163375,11.012726510945454,10.886333520610298,10.694464463438248,47430.0,56310.0,52880.0
2024-07-18,48990.0,61370.0,62820.0,57500.0,65870.0,67040.0,10.716216150693835,63440.0,60520.0,57670.0,61520.0,81810.0,65220.0,69670.0,11.029893332154973,11.463955784688743,11.23560288057948,11.193835281358767,10.815187764075905,11.27175795359301,67890.0,59600.0,44530.0,88990.0,79940.0,66110.0,10.712438032589617,10.612040453245921,10.985309671896763,10.939887501296903,10.746798905924305,54210.0,58510.0,50270.0
2024-07-19,48990.0,67870.0,65519.99999999999,61220.0,66910.0,75660.0,10.78768888290167,64660.0,63980.0,60240.0,64160.0,81730.0,63720.0,75460.0,11.053917164931093,11.470967408709472,11.26242356364273,11.179562389893048,10.838423379279122,11.215610477950067,67650.0,59080.0,44030.0,83330.0,81040.0,69740.0,10.75856223773664,10.63274966676691,10.993075914439594,10.89768332428381,10.738372982159593,54210.0,60670.0,46960.0
2024-07-20,48990.0,68500.0,70950.0,63310.0,64640.0,73100.0,10.753873497022564,64480.00000000001,64940.0,62000.0,61990.0,80540.0,64050.0,77060.0,11.09954410586509,11.473987111949572,11.310943910707977,11.18748614131548,10.837834289209853,11.199049987635837,68420.0,59360.0,46640.0,77470.0,76310.0,65360.0,10.762170357789895,10.679389145388422,10.996768990769432,10.892675523922948,10.764075281534032,54430.0,63790.0,52880.0
2024-07-21,48990.0,69700.0,65920.0,62820.0,65970.0,66200.0,10.739890564725487,64120.00000000001,64910.0,61000.0,62920.0,80540.0,63150.0,77350.0,11.081850198455246,11.453610610034549,11.329014645967838,11.231768722833586,10.835277547857206,11.175506780608618,68570.0,58190.0,46450.0,83330.0,76830.0,69480.0,10.801023507926635,10.670140738389808,10.9957631399864,10.867444007108478,10.752590924862394,50100.0,63390.0,50910.0
2024-07-22,48990.0,69260.0,73840.0,61350.0,66420.0,63570.0,10.746153272535544,63430.0,64540.00000000001,65120.00000000001,64519.99999999999,82730.0,63390.0,77720.0,11.089515303207188,11.427705210235741,11.350065300787932,11.26152389003502,10.877499872970908,11.171716025500638,67840.0,65099.99999999999,47300.0,84450.0,82410.0,66360.0,10.837048295575237,10.680309299119006,10.997606427591897,10.893233186217124,10.77039894671221,55500.0,63610.0,50080.0
2024-07-23,48990.0,72210.0,70760.0,62200.0,73010.0,65980.0,10.762170357789895,63580.0,67690.0,66440.0,67520.0,82350.0,66720.0,79180.0,11.079076314320057,11.452017678066344,11.38986477697473,11.294906261729011,10.923615640649537,11.19369768435266,66130.0,65880.0,47920.0,83330.0,89490.0,71690.0,10.846829089886597,10.713773116564433,10.990044128923502,10.894533190114505,10.763017438588518,52850.0,64450.0,51780.0
2024-07-24,48990.0,75870.0,72130.0,65970.0,75370.0,77720.0,10.801023507926635,64790.00000000001,68420.0,69030.0,68300.0,82440.0,65519.99999999999,78820.0,11.121525970686776,11.45435311081116,11.388393456142506,11.311188645844597,10.954501466571443,11.194110418585193,71100.0,64700.0,48990.0,85430.0,93090.0,72790.0,10.856322341590896,10.769978610857677,11.024529733170398,10.89193149010949,10.81719495047468,54770.0,65190.0,51780.0
2024-07-25,48990.0,75800.0,73590.0,63240.0,73750.0,74050.0,10.860939421415223,65940.0,71110.0,71590.0,72780.0,80580.0,64780.0,81310.0,11.130067870314047,11.501672385908988,11.372179538641607,11.32189812255531,10.98903148770011,11.214532906153606,72230.0,66350.0,50610.0,84200.0,92060.0,72960.0,10.853619167579001,10.811967862318305,11.036195262974786,10.918192731895209,10.796530128090472,51870.0,65290.00000000001,48490.0
2024-07-26,48990.0,73910.0,70600.0,65220.0,68300.0,82210.0,10.838227054478743,65530.0,71780.0,70910.0,67030.0,81100.0,66770.0,81350.0,11.168052036959455,11.411457364027745,11.36536469060746,11.326005351001017,10.993075914439594,11.258691063428058,80360.0,66980.0,48510.0,77470.0,87960.0,71250.0,10.821197277163696,10.833109033818927,11.056603809192042,10.960426790193678,10.785621527758789,56460.0,66530.0,51780.0
2024-07-27,48990.0,68100.0,69930.0,65740.0,66150.0,75460.0,10.835474452516607,65010.00000000001,71140.0,68890.0,67820.0,80800.0,62190.0,79580.0,11.167063280451984,11.413889352491655,11.372639885521103,11.347472824583113,10.990212802809811,11.27885998595546,81550.0,65590.0,49040.0,85500.0,88270.0,74830.0,10.879197474102902,10.842928244308982,11.076913516671743,10.988862614422217,10.776682874304697,47180.0,65770.0,47880.0
2024-07-28,48990.0,71140.0,79800.0,66920.0,69410.0,69540.0,10.89990098888399,63870.0,70550.0,69270.0,68960.0,81060.0,66250.0,80050.0,11.161820693064698,11.398759629350664,11.388846400857025,11.389412293397818,11.008429764899107,11.248451977655328,79060.0,66040.0,50300.0,85910.0,85800.0,71200.0,10.886707695092223,10.854585425915689,11.088139913296622,10.968043105074278,10.808939759229288,55900.0,67960.0,58450.0
2024-07-29,48990.0,79390.0,71970.0,66380.0,66840.0,79400.0,10.995427631436172,63420.0,73590.0,69460.0,69550.0,80620.0,65030.0,81400.0,11.156978827180746,11.416535702626325,11.413999757013936,11.382372489597046,11.006772241852998,11.260108479844526,73560.0,66800.0,50750.0,84450.0,85710.0,72110.0,10.86323999182082,10.85997928615443,11.063210619337342,10.990381448250039,10.927932892952485,54430.0,67860.0,55100.0
2024-07-30,48990.0,77950.0,72470.0,66630.0,69550.0,84850.0,11.0497941670669,63560.0,73920.0,70470.0,69560.0,80750.0,67970.0,77640.0,11.124184721754474,11.410903813540878,11.445834355415728,11.363624672072257,11.01782554166572,11.263579098784021,74080.0,66730.0,49650.0,85500.0,88720.0,76440.0,10.883335073806908,10.888576470280553,11.046929793122029,11.007103966325694,10.96562601855712,55900.0,67800.0,52270.0
2024-07-31,48990.0,75510.0,71720.0,70200.0,69480.0,78630.0,11.038608546854045,65220.0,73960.0,70540.0,69340.0,81000.0,68910.0,81850.0,11.165507542294172,11.3965152365826,11.431617790897276,11.369989992270412,11.040534989471949,11.255074002477121,77560.0,66380.0,52340.0,101638.75,96800.0,72670.0,10.892489567361865,10.914197158028326,11.08523008522044,10.925416761433269,10.973202986493744,53840.0,68250.0,52270.0
2024-08-01,48990.0,70470.0,75700.0,70720.0,70690.0,78040.0,11.020774381469046,63470.0,75950.0,68770.0,66390.0,80940.0,68960.0,82340.0,11.22539004843061,11.38260035529399,11.414551596861948,11.35640030162027,11.044376776784246,11.239816684367907,80750.0,65820.0,49220.0,92290.0,98400.0,76600.0,10.882959635008408,10.917648820068035,11.082926856612652,11.01569040305607,10.976115144232244,54920.0,68400.0,49040.0
2024-08-02,48990.0,70040.0,78880.0,70170.0,64209.99999999999,82910.0,11.020610784963102,65500.0,76730.0,68390.0,66080.0,81720.0,70700.0,83030.0,11.212509323993688,11.367564376592126,11.427051622560924,11.386352662245923,11.016512149807106,11.22325474981197,80770.0,65670.0,49280.0,101050.0,101770.0,75470.0,10.878631927203992,10.917830156883532,11.075055959753039,11.004613346368536,10.96302978336854,53350.0,67760.0,51780.0
2024-08-03,48990.0,71760.0,78850.0,70700.0,64840.0,77720.0,11.025832643730766,65540.0,76410.0,68520.0,64030.0,82240.0,69790.0,82670.0,11.171856680390034,11.377689763693581,11.430532497598794,11.391446859098352,11.010580445673828,11.26550202838201,79700.0,63470.0,51970.0,98020.0,103060.0,73650.0,10.933660387981716,10.922894283023263,11.112761282099115,10.997104049659168,11.02404070372108,52850.0,67010.0,49300.0
2024-08-04,48990.0,71080.0,74380.0,69910.0,67470.0,78500.0,11.034905792929415,65780.0,73290.0,68460.0,65860.0,83340.0,68740.0,83280.0,11.171856680390034,11.367564376592126,11.435947223686178,11.383966460172832,11.017497355384242,11.285911934938985,80890.0,62870.0,52060.0,101638.75,106200.0,73410.0,10.874664117894554,10.90744111582406,11.122413006714245,10.998108553267764,11.044696260501281,57420.0,66800.0,51780.0
2024-08-05,48990.0,69870.0,79490.0,69630.0,67250.0,87410.0,11.102111074930848,65560.0,76810.0,67180.0,65860.0,83610.0,68180.0,85380.0,11.194935376352896,11.38385268935265,11.43226840195242,11.412674097580505,11.014538821972666,11.277089200908687,81240.0,63270.0,52020.0,101638.75,111140.0,73980.0,10.89768332428381,10.904872825443134,11.132557765560215,11.018317619227071,11.079847609826162,61280.0,66640.0,51420.0
2024-08-06,48990.0,70260.0,78690.0,69910.0,66900.0,80710.0,11.1556932229126,64750.0,76580.0,66220.0,66200.0,84940.0,66730.0,86010.0,11.200691103415608,11.397076807198014,11.437134538982278,11.413889352491655,11.003448930773533,11.149815575393443,78730.0,63010.0,51700.0,101638.75,79950.0,74200.0,10.896202144253335,10.924516606545858,11.137519034145258,11.024366749924715,11.121969587054622,54770.0,68110.0,52170.0
2024-08-07,48990.0,70190.0,76400.0,67140.0,65530.0,84860.0,11.152687036498401,62070.0,76320.0,65250.0,66270.0,84570.0,68900.0,88920.0,11.215610477950067,11.362695422722654,11.445620453959314,11.391559769244576,11.017661461988261,11.324919784107928,80800.0,62410.0,50140.0,101638.75,108450.0,73300.0,10.907807476583594,10.911463720944793,11.137664581841497,11.035550735793711,11.121525970686776,54770.0,64379.99999999999,51920.0
2024-08-08,48990.0,67240.0,78150.0,66250.0,61050.0,76160.0,11.209804828829256,63890.0,74310.0,63290.0,64629.99999999999,84320.0,70630.0,89280.0,11.232430834198418,11.35850308156823,11.440150450187817,11.39640288460621,10.992066340225863,11.310086865746364,79270.0,61360.0,48810.0,101638.75,82640.0,75930.0,10.890441759661355,10.905974329106854,11.151826463590627,10.987341470228692,11.110221541281332,53840.0,65459.99999999999,53930.0
2024-08-09,48990.0,65390.0,71950.0,67290.0,59570.0,76730.0,11.188316579696238,64459.99999999999,74870.0,64590.0,63240.0,88010.0,70350.0,88770.0,11.171856680390034,11.369989992270412,11.435190924760807,11.39110805214731,10.953452166882645,11.146503169576615,80510.0,62050.0,48440.0,101638.75,106580.0,76910.0,10.9034022639752,10.883147372026944,11.155979055616665,11.021755398862679,11.128306557093602,51920.0,64769.99999999999,50930.0
2024-08-10,48990.0,63410.0,76140.0,67290.0,59270.0,75430.0,11.193835281358767,63610.0,74610.0,62650.0,62190.0,87760.0,70270.0,88410.0,11.139700028379574,11.38442141405973,11.419833822391277,11.386239162597649,10.953277176506669,11.2968940622618,78150.0,61890.0,48990.0,101638.75,108490.0,76730.0,10.90321829164412,10.878631927203992,11.1347495952997,11.036517370851499,11.187209175200513,59440.0,63540.0,48350.0
2024-08-11,48990.0,62460.0,76330.0,65940.0,57260.0,75390.0,11.198913106339084,62220.0,73730.0,61980.0,60430.0,86610.0,67650.0,86840.0,11.121969587054622,11.37516801226265,11.424869906649334,11.39471608844349,10.962683108840446,11.327932342721105,79560.0,62930.0,49570.0,101638.75,108490.0,78180.0,10.994924157455142,10.877877366793928,11.170167514576873,11.044216996641381,11.169180848581908,60490.0,63560.0,54070.0
2024-08-12,48990.0,60830.0,72050.0,65890.0,56050.0,76690.0,11.192596226186202,60020.0,69340.0,58080.0,59440.0,88410.0,68620.0,86220.0,11.110371116488025,11.32781201446548,11.398311153600078,11.39471608844349,10.958165369058063,11.372294645230435,74580.0,58550.0,47870.0,101638.75,104840.0,77550.0,10.924876765740112,10.860363450888991,11.161678619356618,11.02485561999279,11.167345882084478,59080.0,63160.0,52300.0
2024-08-13,48990.0,60180.0,69970.0,64569.99999999999,54990.0,76690.0,11.194247958815927,58690.0,68970.0,58150.0,58280.0,89030.0,69460.0,84270.0,11.118860131812937,11.290419210539213,11.323349659624773,11.400998996098089,10.938645176925998,11.331655355212051,75200.0,60670.0,47070.0,101638.75,108330.0,76520.0,10.958861735792912,10.818397331333351,11.157264292705586,11.025344251183697,11.161252277082587,53130.0,62920.0,48780.0
2024-08-14,48990.0,59760.0,68200.0,64739.99999999999,51000.0,73350.0,11.143324481431074,57760.0,65379.99999999999,56050.0,55920.0,88660.0,66240.0,84040.0,11.033291613631048,11.300981463909618,11.376315051307444,11.38861995414463,10.962336314087443,11.330095779100558,78980.0,57090.0,47640.0,101638.75,100980.0,74390.0,10.953802055796485,10.77270764101727,11.152113403521723,10.993075914439594,11.10331678410918,60820.0,60620.0,53740.0
2024-08-15,48990.0,54500.0,65080.0,63240.0,48400.0,69660.0,11.130507714323132,55470.0,64920.0,54280.0,54180.0,88380.0,69920.0,83980.0,11.07319494589417,11.292789885170322,11.334049963700565,11.382942056513771,10.923255026881002,11.316070812478937,90470.0,55330.0,48060.0,101638.75,107490.0,77200.0,10.909637269778615,10.751520856703959,11.163240321076714,10.984631487370677,11.124774596570653,56410.0,58640.0,49800.0
2024-08-16,48990.0,53730.0,58800.0,62230.0,46780.0,68860.0,11.08645630814811,54660.0,62530.0,51610.0,52030.0,87100.0,71250.0,82710.0,11.0694624957204,11.277089200908687,11.3281729558044,11.39246259175458,10.883335073806908,11.233489301372298,85620.0,54610.0,47080.0,101638.75,109970.0,73910.0,10.891559265504869,10.754727632155955,11.140716200112923,10.971657815702502,11.095149893084974,47180.0,57040.0,50690.0
2024-08-17,48990.0,53030.0,62990.0,61640.0,45890.0,64739.99999999999,11.098333836583762,53900.0,62900.0,50790.0,50700.0,86610.0,70600.0,81710.0,11.083387926918672,11.297266335365645,11.27035696503027,11.309106485525438,10.87504268351396,11.280249120621802,86820.0,55080.0,48180.0,101638.75,111750.0,73400.0,10.911646182719558,10.733152287697589,11.13824656087758,11.015197030681492,11.07055256683868,45270.0,54660.0,44210.0
2024-08-18,48990.0,51270.0,63240.0,60990.0,45970.0,70700.0,11.038769225561248,54200.0,61090.0,49360.0,51450.0,85160.0,69760.0,79900.0,11.057865619110094,11.269974536348558,11.251703547775568,11.337511992323789,10.870300281424473,11.316070812478937,87840.0,53830.0,46870.0,101638.75,110950.0,71490.0,10.887455624298196,10.72834258908784,11.089820688682373,10.988693712621322,11.07195234310307,55020.0,55540.0,48060.0
2024-08-19,48990.0,50930.0,65650.0,60620.0,45670.0,67800.0,11.063994244741828,55760.0,60690.0,48980.0,49660.0,85330.0,70570.0,79310.0,11.05928325473169,11.260752096477201,11.251054079018163,11.286413747748252,10.885584751364705,11.262295088386889,79180.0,52480.0,47070.0,67740.0,112300.0,72950.0,10.943428518789156,10.711992608204175,11.089057050060134,10.978336380152184,11.1069252136985,56330.0,56710.0,51820.0
2024-08-20,48990.0,51210.0,65450.0,61150.0,44320.0,64569.99999999999,11.099241675837533,55540.0,60660.0,47580.0,49000.0,84060.0,66790.0,79630.0,11.035711906538346,11.246626469592076,11.238896430838867,11.274934737803758,10.875421105875668,11.317652398287231,79240.0,52870.0,46520.0,101638.75,110300.0,71250.0,10.925956465688445,10.705735744369607,11.086149893352006,10.996936534247357,11.086762629082946,51600.0,56600.0,49890.0
2024-08-21,48990.0,49580.0,61760.0,60360.0,42300.0,63170.0,11.109623016626694,54650.0,57230.0,46010.0,48060.0,83230.0,69680.0,78040.0,11.018973346205863,11.310821520675267,11.245843087692526,11.21803077736607,10.854585425915689,11.35312049640539,83800.0,49180.0,48370.0,97980.0,81100.0,70520.0,10.920546270529567,10.677315698578214,11.030379508549343,10.917830156883532,11.08722193462106,51680.0,54790.0,55760.0
2024-08-22,48990.0,46850.0,57310.0,57840.0,41050.0,60780.0,11.093325934895127,54900.0,55810.0,45080.0,45880.0,82120.0,60060.0,79000.0,11.030865448691081,11.260494699531083,11.203692838488003,11.205870272970607,10.856707913495192,11.33381076072374,78990.0,47910.0,46380.0,97980.0,104660.0,69460.0,10.864197002956908,10.612532688248846,11.085383445340975,10.931695259437355,11.084923294403351,63440.0,53580.0,50440.0
2024-08-23,48990.0,45580.0,58020.0,56780.0,42550.0,61330.0,11.099997579480696,52270.0,55100.0,43270.0,43270.0,81410.0,64810.0,78780.0,11.016019182793048,11.269974536348558,11.174385091226979,11.19973411321324,10.870110116741285,11.305667565886232,88750.0,43870.0,46790.0,101638.75,102980.0,70050.0,10.88801620432633,10.594156665220533,11.0694624957204,10.917467450363533,11.111417516966188,55660.0,51800.0,49100.0
2024-08-24,48990.0,42570.0,57790.0,55880.0,42330.0,58160.0,11.160256770998894,51250.0,54480.0,42770.0,43320.0,79530.0,64840.0,78030.0,10.968387926718702,11.286789942169962,11.029406919278141,11.177886201152898,10.841950650675424,11.302833865150633,85840.0,45400.0,47110.0,89980.0,102850.0,68680.0,10.905240128159793,10.582307587950027,11.091498643801799,10.922894283023263,11.091498643801799,54770.0,51600.0,56900.0
2024-08-25,48990.0,41270.0,56530.0,55500.0,39480.0,56850.0,11.164232862915847,49720.0,53150.0,41860.0,42380.0,78420.0,65480.00000000001,77590.0,10.928650626381225,11.269974536348558,10.95222659070851,11.205598352804692,10.835671318412196,11.33249412059865,82530.0,44460.0,48080.0,92660.0,102780.0,68270.0,10.859787148429518,10.575436632579892,11.071641450995672,10.864388295328752,11.122413006714245,53840.0,50800.0,58830.0
2024-08-26,48990.0,37990.0,55860.0,54540.0,34940.0,56860.0,11.161820693064698,47850.0,50240.0,39330.0,39030.0,77190.0,60870.0,74410.0,10.88950954988395,11.22258653285716,10.958861735792912,11.199460519143054,10.802041920919985,11.290419210539213,75190.0,37550.0,43180.0,101638.75,97650.0,64390.0,10.849744770527753,10.521129631565316,11.082311765329093,10.915106645867501,11.131826086763818,57090.0,48510.0,57830.0
2024-08-27,48990.0,35710.0,54080.0,53640.0,32020.000000000004,54150.0,11.139845259006064,49030.0,49930.0,36120.0,36070.0,79820.0,62180.0,73480.0,10.85805624562026,11.242310254876202,10.993412212806671,11.19190719823953,10.749806362381149,11.302587076486851,74720.0,36360.0,43930.0,95130.0,97240.0,65930.0,10.801634680173994,10.480971324442349,11.05360061406664,10.88950954988395,11.137082263908574,56660.0,46420.0,55690.0
2024-08-28,48990.0,35260.0,51800.0,53510.0,29260.0,51940.0,11.10812513584754,48250.0,46780.0,34570.0,34450.0,78280.0,59080.0,70270.0,10.870680502337402,11.216955811863006,10.998108553267764,11.204782148381804,10.714217748749789,11.2462348553532,72850.0,34900.0,43550.0,96190.0,91160.0,64540.00000000001,10.793865427624693,10.455675824642753,11.025507075203857,10.904872825443134,11.145637256200434,53530.0,46310.0,53070.0
2024-08-29,48990.0,36450.0,52120.0,52490.0,30180.0,51650.0,11.05707717451267,47180.0,45290.0,34180.0,34920.0,75010.0,55350.0,70940.0,10.859018228147885,11.251573687764477,10.988355823411979,11.22818572627257,10.69514433474214,11.345228446396614,73110.0,34290.0,42560.0,89290.0,90500.0,61030.0,10.777726367178413,10.42171570981886,10.996266191844885,10.878443340472396,11.10737535324936,56330.0,44360.0,62960.0
2024-08-30,48990.0,35650.0,49340.0,51270.0,28740.0,50390.0,11.066966433520573,47130.0,45430.0,33390.0,33570.0,72750.0,55030.0,69250.0,10.744645171594767,11.247930743883217,10.977994972525236,11.149815575393443,10.674313109478335,11.328894447881247,74520.0,33010.0,44510.0,91280.0,89170.0,61100.0,10.733152287697589,10.424986018358423,10.978165690908606,10.873717076381238,11.083387926918672,52440.0,43630.0,55960.0
2024-08-31,48990.0,34770.0,49760.0,51270.0,28830.0,52030.0,11.088292827848269,47670.0,45650.0,32560.000000000004,33250.0,74940.0,55120.0,67470.0,10.709539221301348,11.283776416704102,10.936867746266621,11.180678290191572,10.677315698578214,11.310576695662721,70770.0,31790.0,46630.0,93220.0,89850.0,58920.0,10.717989161508248,10.407620832440994,10.954326659732555,10.899347033629407,11.107675333752876,58720.0,41680.0,54500.0
2024-09-01,48990.0,33960.0,48710.0,48590.0,28440.0,49280.0,11.075055959753039,48180.0,44540.0,32440.0,32860.0,74940.0,54780.0,64230.00000000001,10.797348609444098,11.275061599499308,10.926855325994174,11.145492864378536,10.672692588705143,11.317773955188168,71130.0,33150.0,43970.0,93220.0,88810.0,58860.0,10.709985739582528,10.389026137075234,10.901007979642964,10.879008994005844,11.125806040978839,56330.0,42090.0,57240.0
2024-09-02,48990.0,32730.0,46530.0,48830.0,29510.0,51190.0,11.03005541721757,44160.0,43120.0,31970.0,32140.0,73060.0,51190.0,64660.0,10.839796574724032,11.218836243841805,10.888576470280553,11.122413006714245,10.657988500785741,11.313754755078138,67540.0,34410.0,41440.0,84340.0,82960.0,56340.0,10.684210534101828,10.357457069703907,10.905056493665374,10.843514342086866,11.037804765825014,55130.0,41240.0,64870.00000000001
2024-09-03,48990.0,34350.0,44040.0,47750.0,28200.0,49990.0,10.9957631399864,44140.0,42500.0,31640.0,31200.0,75620.0,51650.0,65510.00000000001,10.832911662800246,11.220847076199346,10.899716371226633,11.117524542619655,10.633472802314019,11.31582726941323,65519.99999999999,31720.0,41410.0,84070.0,86850.0,57230.0,10.724830039099766,10.329767847024877,10.92163065371222,10.845075592184445,11.002449779968526,57830.0,41890.0,49990.0
2024-09-04,48990.0,35180.0,44790.0,46130.0,29310.0,48560.0,10.952401765007385,43520.0,42000.0,31810.0,31570.0,74340.0,50310.0,64930.00000000001,10.820398092289688,11.249103138046111,10.895089817707918,11.095453562937447,10.634195415313956,11.3150962841344,66350.0,29890.0,42470.0,93640.0,90640.0,57490.0,10.733370361669143,10.311316531166229,10.918917487774808,10.780850328399447,11.006108462601595,64519.99999999999,42160.0,57590.0
2024-09-05,48990.0,34560.0,42930.0,45950.0,28470.0,48220.0,11.011901646176497,42650.0,40810.0,32190.0,31450.0,75110.0,50200.0,63760.0,10.793660156255223,11.22485665107695,10.946252332458506,11.14880861288244,10.633472802314019,11.290294282372747,65260.00000000001,28940.0,42420.0,82490.0,91050.0,54350.0,10.601895869017543,10.321901790930502,10.904872825443134,10.789958047997803,11.034260433845368,53320.0,41750.0,60100.0
2024-09-06,48990.0,33790.0,44760.0,45840.0,29040.0,48030.0,11.036839375008134,43140.0,40860.0,33620.0,31500.0,72860.0,50830.0,65200.0,10.769768376656003,11.237843674494185,10.954676242858241,11.130947364954519,10.600153534845191,11.290294282372747,67150.0,29940.0,38920.0,80340.0,88550.0,58050.0,10.655163041535141,10.321243484728525,10.857285992746686,10.786655739574794,11.012726510945454,61240.0,40620.0,58970.0
2024-09-07,48990.0,33320.0,44080.0,45840.0,28900.0,47260.0,11.097425172408931,42510.0,40240.0,32060.000000000004,31720.0,72100.0,49500.0,65830.0,10.75536775508141,11.253260553967815,10.9374013072653,11.016347854469439,10.588123616077645,11.309841860783786,69810.0,30170.0,40240.0,84550.0,82220.0,58220.0,10.66967606516289,10.3143049780709,10.919460710183415,10.77270764101727,11.038126355768451,55440.0,40650.0,62950.0
2024-09-08,48990.0,33000.0,42750.0,45300.0,28480.0,47820.0,11.093021618159922,42810.0,40560.0,32040.0,31450.0,71600.0,48190.0,65019.99999999999,10.730094248137464,11.241785809137758,10.970970306007317,11.077841002787293,10.597159595331789,11.302093316370167,66330.0,30320.0,38570.0,101638.75,85230.0,56670.0,10.718653230950043,10.316292325947678,10.881080323786447,10.741189519249884,11.034099028977048,52440.0,39750.0,61600.0
2024-09-09,48990.0,32580.0,43490.0,44140.0,28370.0,45370.0,11.06665398721974,42270.0,40220.0,31200.0,32320.0,72430.0,49870.0,65690.0,10.756646772970166,11.199597325534862,10.987341470228692,11.078767629469402,10.612286601034295,11.311800221772462,67300.0,29600.0,37780.0,84550.0,81680.0,58440.0,10.726368298094252,10.32288843838277,10.879197474102902,10.780642367661684,11.07195234310307,51310.0,40320.0,52620.0
2024-09-10,48990.0,32950.0,41880.0,43720.0,29250.0,46000.0,11.0694624957204,42320.0,40400.0,31650.0,32230.0,71270.0,49760.0,65450.0,10.735983546667017,11.216283371146936,10.975772977285654,11.034099028977048,10.613270586747499,11.302093316370167,66770.0,30160.0,38510.0,80340.0,86060.0,58840.0,10.706855916545166,10.310983929553371,10.890255387214118,10.773964685870737,11.06852720235983,56850.0,41080.0,54180.0
2024-09-11,48990.0,31010.0,41670.0,42090.0,29050.0,46780.0,11.123446888589342,42390.0,39900.0,30610.0,31400.0,71920.0,48500.0,65330.0,10.744645171594767,11.223121142137346,10.930442709440007,11.05928325473169,10.596159620247835,11.314242792081028,69410.0,28810.0,37680.0,83240.0,89870.0,59180.0,10.702592570321846,10.287422542093928,10.882584055202674,10.745291779083457,11.073660524150764,55360.0,39900.0,48350.0
2024-09-12,48990.0,32300.0,39090.0,43540.0,28210.0,46780.0,11.120490099870814,42170.0,38200.0,30630.0,31780.0,72640.0,47540.0,64260.00000000001,10.72856171434071,11.163665816785628,10.930621741236532,11.0184815912866,10.568260978408226,11.310943910707977,69890.0,29420.0,38550.0,77960.0,87920.0,56140.0,10.727684925086583,10.274050608635028,10.876933364911343,10.756859783664108,11.102261868103218,48700.0,39280.0,50500.0
2024-09-13,48990.0,34060.0,39080.0,41920.0,28600.0,46780.0,11.096212334371204,41010.0,37860.0,31480.0,31400.0,71250.0,49230.0,65040.00000000001,10.740323737069875,11.167628403875849,10.923435350020554,11.043097820238309,10.602393121706738,11.355230177102538,66460.0,29140.0,38080.0,82320.0,88070.0,57820.0,10.703940854834315,10.274740715974103,10.846439689363773,10.760686237600593,11.07257383750632,52970.0,38210.0,50250.0
2024-09-14,48990.0,33400.0,39580.0,44260.0,28720.0,43850.0,11.096212334371204,40320.0,38030.0,30990.0,31430.0,71590.0,50110.0,64300.0,10.71843192346452,11.173683395902351,10.939177790651616,11.019792400735156,10.571598936624849,11.349123359613154,76950.0,30620.0,37030.0,79850.0,87210.0,57370.0,10.774592616232963,10.267818117285737,10.846439689363773,10.724610094524913,11.132118822527973,53840.0,38150.0,51550.0
2024-09-15,48990.0,31800.0,38430.0,43050.0,28260.0,45460.0,11.07953916300766,41120.0,38270.0,31360.0,31200.0,71420.0,49900.0,64069.99999999999,10.665717600533267,11.21722466159107,10.921088609106748,11.001783124388094,10.539561609736435,11.342267621835587,79420.0,29590.0,40050.0,98980.0,89240.0,56330.0,10.747229096720554,10.284010850340083,10.844490409005417,10.721746404137187,11.139845259006064,47180.0,37680.0,54750.0
2024-09-16,48990.0,32780.0,39280.0,43560.0,31510.0,44030.0,11.084923294403351,41380.0,37650.0,31600.0,31570.0,72230.0,48350.0,62330.0,10.737287582843205,11.192596226186202,11.008760940077243,10.9849706371255,10.612040453245921,11.33428910947301,76770.0,30600.0,38080.0,85910.0,91310.0,56400.0,10.641153884700563,10.264687244346277,10.840776275405888,10.741189519249884,11.128747176317603,55360.0,38150.0,49950.0
2024-09-17,48990.0,33990.0,40590.0,43810.0,32670.0,43430.0,11.142021191163186,44630.0,38670.0,33080.0,31350.0,72980.0,49210.0,61270.0,10.727026828278731,11.21722466159107,10.966317211064466,10.95292710386302,10.644257549513497,11.421040412713825,73480.0,30920.0,36220.0,91000.0,86830.0,55950.0,10.668280748548518,10.233186904869912,10.821396973625738,10.632508505332279,11.163807608465529,50100.0,38790.0,48870.0
2024-09-18,48990.0,34650.0,42890.0,46350.0,34290.0,43430.0,11.122560769584661,43840.0,39550.0,34720.0,31590.0,70930.0,47440.0,61120.0,10.698536775122504,11.217359059354894,10.977824224992123,10.981403814946024,10.621595602385325,11.329254998806961,74080.0,30920.0,36880.0,87110.0,85290.0,54640.0,10.655163041535141,10.252064798437244,10.852071209606544,10.637080656910603,11.177326846633411,53370.0,38860.0,44710.0
2024-09-19,48990.0,36030.0,43260.0,46440.0,35650.0,44030.0,11.155264320609968,45000.0,39630.0,34870.0,31900.0,69690.0,47310.0,60730.0,10.69014784459452,11.199186850198666,10.975259507243907,10.992402978225373,10.635639076689303,11.34546493408262,77750.0,30190.0,37430.0,84900.0,84790.0,54600.0,10.625975064872742,10.247112717290387,10.860939421415223,10.63660036103912,11.164657936601685,52850.0,39850.0,46710.0
2024-09-20,48990.0,35450.0,42740.0,45060.0,35180.0,44030.0,11.165365991463032,45440.0,39390.0,34970.0,31690.0,69390.0,47070.0,58880.0,10.701692702991545,11.210075607726402,10.973717513311941,10.997438996322042,10.616951933858967,11.379862534028966,73490.0,30990.0,38080.0,84900.0,84100.0,55740.0,10.6401969697212,10.238208256118535,10.85400578295951,10.604131561522696,11.187070663371381,53570.0,40470.0,49850.0
2024-09-21,48990.0,36300.0,42280.0,45230.0,35500.0,43950.0,11.231636247937386,45010.0,40050.0,35910.0,32190.0,69790.0,47820.0,61660.0,10.531055670783255,11.235998679835268,10.936333900428618,11.018973346205863,10.636119834372657,11.292041858056862,71810.0,31470.0,36550.0,91000.0,85130.0,56160.0,10.662211777281856,10.2456933210051,10.852071209606544,10.651856550721268,11.192320671976058,53940.0,41280.0,50730.0
2024-09-22,48990.0,36630.0,42380.0,43580.0,35960.0,44910.0,11.19135563385109,45010.0,40280.0,35090.0,31820.0,71770.0,45950.0,60370.0,10.680079340050707,11.239816684367907,11.02518140064756,10.9218112699754,10.624517374082325,11.293537353157436,71700.0,30040.0,36340.0,98980.0,85740.0,54900.0,10.598657685547298,10.265731958189729,10.863048479640058,10.57798693872359,11.21601426819998,49490.0,41610.0,48530.0
2024-09-23,48990.0,38270.0,41320.0,45230.0,35420.0,45600.0,11.185129480581873,44320.0,40910.0,36380.0,31410.0,71440.0,45220.0,63310.0,10.701692702991545,11.249233319258543,11.07055256683868,11.003115991415362,10.628641991731053,11.315461843566249,68470.0,30430.0,35330.0,81700.0,83750.0,52030.0,10.63106031411106,10.236417809461043,10.887642519226413,10.597908920973804,11.228052775836298,53040.0,41080.0,46880.0
2024-09-24,48990.0,38550.0,41590.0,43750.0,34400.0,44840.0,11.166639228202394,44900.0,40780.0,36370.0,31600.0,70770.0,46480.0,63890.0,10.71843192346452,11.260237236314717,11.047089140435771,11.007103966325694,10.623057555327177,11.288293306229559,68050.0,30890.0,37270.0,86700.0,83600.0,53410.0,10.61130164613947,10.260847261969445,10.86649009983224,10.629126124296002,11.253260553967815,48100.0,41370.0,46250.0
2024-09-25,48990.0,37250.0,42350.0,45080.0,34230.0,44810.0,11.127424735781627,45610.0,40440.0,35980.0,31900.0,70620.0,47560.0,63820.0,10.750235261617851,11.237448604956809,11.022735454804309,11.02632079786699,10.63057711727143,11.334886723814416,67840.0,30470.0,36610.0,83380.0,83620.0,55210.0,10.661743404167277,10.248530101745104,10.872958796881008,10.631543277584262,11.276329332076138,50570.0,42130.0,46160.0
2024-09-26,48990.0,36240.0,41050.0,45120.0,34040.0,45700.0,11.166497837483044,45000.0,40810.0,35780.0,31800.0,70810.0,46580.0,63500.0,10.70101727068921,11.242965425506064,11.027621378434315,11.055340405097962,10.622814044879375,11.30652840513463,67100.0,31350.0,36160.0,86700.0,81980.0,57160.0,10.641631999026803,10.241423003850693,10.885771996244106,10.600900621243124,11.261909563554314,47690.0,42330.0,43800.0
2024-09-27,48990.0,35900.0,39740.0,46270.0,33880.0,45700.0,11.159117834926688,44830.0,41740.0,35510.0,31090.0,70310.0,46740.0,62240.0,10.706631982470421,11.224990027090804,11.04899933028452,11.084769863692358,10.612778714919378,11.303573865924402,66380.0,28900.0,35490.0,56190.0,81400.0,57190.0,10.619643001144993,10.238208256118535,10.893604788384124,10.588123616077645,11.230443183476444,49040.0,42240.0,44930.0
2024-09-28,48990.0,35610.0,39440.0,46270.0,34240.0,44810.0,11.176767179061333,44770.0,41050.0,35920.0,30830.0,68150.0,47400.0,61730.0,10.539561609736435,11.17970194554807,11.046611022299611,11.055340405097962,10.608093826184968,11.2816363282696,65800.0,29430.0,36010.0,80880.0,81400.0,56440.0,10.654219444947,10.18039933305852,10.84819079884696,10.531589416892908,11.240210819640234,47200.0,42360.0,46900.0
2024-09-29,48990.0,34890.0,40140.0,45830.0,31180.0,44810.0,11.180259973491848,43980.0,41080.0,35710.0,30880.0,68870.0,47110.0,60930.0,10.684897410216388,11.225656640453089,11.05723491317159,11.095453562937447,10.608093826184968,11.297018168695637,69310.0,28610.0,37570.0,91470.0,82130.0,58730.0,10.634436170322823,10.185692150979541,10.841950650675424,10.514366634409091,11.209669411880263,51130.0,42190.0,43490.0
2024-09-30,48990.0,33490.0,43160.0,45990.0,30420.0,44170.0,11.161962746590705,44100.0,40760.0,35430.0,30830.0,66110.0,43410.0,62410.0,10.63875987814672,11.237843674494185,11.018317619227071,11.047567030084219,10.61130164613947,11.248972939884327,64170.0,29420.0,36690.0,80880.0,83050.0,56010.0,10.622814044879375,10.171260241993542,10.84546552414626,10.593404521575788,11.21534119384024,47400.0,42370.0,43610.0
