id,price
Daging Sapi Murni/Aceh/2024-10-01,123968.2598195428
Daging Sapi Murni/Aceh/2024-10-02,123968.2485798665
Daging Sapi Murni/Aceh/2024-10-03,123968.24992024607
Daging Sapi Murni/Aceh/2024-10-04,123968.26787846806
Daging Sapi Murni/Aceh/2024-10-05,123968.25161108824
Daging Sapi Murni/Aceh/2024-10-06,123968.2605444362
Daging Sapi Murni/Aceh/2024-10-07,123968.24309158124
Daging Sapi Murni/Aceh/2024-10-08,123968.26898847891
Daging Sapi Murni/Aceh/2024-10-09,123968.25455216203
Daging Sapi Murni/Aceh/2024-10-10,123968.25214776068
Daging Sapi Murni/Aceh/2024-10-11,123968.26681786375
Daging Sapi Murni/Aceh/2024-10-12,123968.2648423412
Daging Sapi Murni/Aceh/2024-10-13,123968.25745979432
Daging Sapi Murni/Aceh/2024-10-14,123968.2516393142
Daging Sapi Murni/Aceh/2024-10-15,123968.23924195571
Daging Sapi Murni/Aceh/2024-10-16,123968.26382416923
Daging Sapi Murni/Aceh/2024-10-17,123968.244302371
Daging Sapi Murni/Aceh/2024-10-18,123968.2626881616
Daging Sapi Murni/Aceh/2024-10-19,123968.25255677207
Daging Sapi Murni/Aceh/2024-10-20,123968.26873528004
Daging Sapi Murni/Aceh/2024-10-21,123968.24940309774
Daging Sapi Murni/Aceh/2024-10-22,123968.2619321001
Daging Sapi Murni/Aceh/2024-10-23,123968.26802915293
Daging Sapi Murni/Aceh/2024-10-24,123968.2457703645
Daging Sapi Murni/Aceh/2024-10-25,123968.25870681203
Daging Sapi Murni/Aceh/2024-10-26,123968.2734004422
Daging Sapi Murni/Aceh/2024-10-27,123968.25406998213
Daging Sapi Murni/Aceh/2024-10-28,123968.26278067764
Daging Sapi Murni/Aceh/2024-10-29,123968.25693465045
Daging Sapi Murni/Aceh/2024-10-30,123968.25435558175
Daging Sapi Murni/Aceh/2024-10-31,123968.25772902626
Daging Sapi Murni/Aceh/2024-11-01,123968.27578496675
Daging Sapi Murni/Aceh/2024-11-02,123968.25782729412
Daging Sapi Murni/Aceh/2024-11-03,123968.24800334124
Daging Sapi Murni/Aceh/2024-11-04,123968.2524325056
Daging Sapi Murni/Aceh/2024-11-05,123968.262170498
Daging Sapi Murni/Aceh/2024-11-06,123968.25105420392
Daging Sapi Murni/Aceh/2024-11-07,123968.25989916315
Daging Sapi Murni/Aceh/2024-11-08,123968.2597679069
Daging Sapi Murni/Aceh/2024-11-09,123968.27305917944
Daging Sapi Murni/Aceh/2024-11-10,123968.25673437076
Daging Sapi Murni/Aceh/2024-11-11,123968.26910463256
Daging Sapi Murni/Aceh/2024-11-12,123968.25705799476
Daging Sapi Murni/Aceh/2024-11-13,123968.24973794028
Daging Sapi Murni/Aceh/2024-11-14,123968.25856255474
Daging Sapi Murni/Aceh/2024-11-15,123968.24559832666
Daging Sapi Murni/Aceh/2024-11-16,123968.23762833569
Daging Sapi Murni/Aceh/2024-11-17,123968.26671664888
Daging Sapi Murni/Aceh/2024-11-18,123968.2414883392
Daging Sapi Murni/Aceh/2024-11-19,123968.25540463424
Daging Sapi Murni/Aceh/2024-11-20,123968.2449075761
Daging Sapi Murni/Aceh/2024-11-21,123968.25924712358
Daging Sapi Murni/Aceh/2024-11-22,123968.26062266272
Daging Sapi Murni/Aceh/2024-11-23,123968.26846283146
Daging Sapi Murni/Aceh/2024-11-24,123968.25716491272
Daging Sapi Murni/Aceh/2024-11-25,123968.27573478191
Daging Sapi Murni/Aceh/2024-11-26,123968.24922719786
Daging Sapi Murni/Aceh/2024-11-27,123968.2758876252
Daging Sapi Murni/Aceh/2024-11-28,123968.2679618057
Daging Sapi Murni/Aceh/2024-11-29,123968.26988000656
Daging Sapi Murni/Aceh/2024-11-30,123968.24236493612
Daging Sapi Murni/Aceh/2024-12-01,123968.26084663854
Daging Sapi Murni/Aceh/2024-12-02,123968.25384896348
Daging Sapi Murni/Aceh/2024-12-03,123968.25293640372
Daging Sapi Murni/Aceh/2024-12-04,123968.25579058232
Daging Sapi Murni/Aceh/2024-12-05,123968.26270073628
Daging Sapi Murni/Aceh/2024-12-06,123968.25257542168
Daging Sapi Murni/Aceh/2024-12-07,123968.26361620487
Daging Sapi Murni/Aceh/2024-12-08,123968.2746517234
Daging Sapi Murni/Aceh/2024-12-09,123968.247910042
Daging Sapi Murni/Aceh/2024-12-10,123968.23266446404
Daging Sapi Murni/Aceh/2024-12-11,123968.26464151675
Daging Sapi Murni/Aceh/2024-12-12,123968.26983787032
Daging Sapi Murni/Aceh/2024-12-13,123968.24625917764
Daging Sapi Murni/Aceh/2024-12-14,123968.25055413644
Daging Sapi Murni/Aceh/2024-12-15,123968.26723901772
Daging Sapi Murni/Aceh/2024-12-16,123968.26210845073
Daging Sapi Murni/Aceh/2024-12-17,123968.2575417894
Daging Sapi Murni/Aceh/2024-12-18,123968.25484572366
Daging Sapi Murni/Aceh/2024-12-19,123968.25517064566
Daging Sapi Murni/Aceh/2024-12-20,123968.26427315998
Daging Sapi Murni/Aceh/2024-12-21,123968.25908952234
Daging Sapi Murni/Aceh/2024-12-22,123968.26687542022
Daging Sapi Murni/Aceh/2024-12-23,123968.268588897
Daging Sapi Murni/Aceh/2024-12-24,123968.26829085704
Daging Sapi Murni/Aceh/2024-12-25,123968.26132398176
Daging Sapi Murni/Aceh/2024-12-26,123968.24475282452
Daging Sapi Murni/Aceh/2024-12-27,123968.25324883033
Daging Sapi Murni/Aceh/2024-12-28,123968.25311497843
Daging Sapi Murni/Aceh/2024-12-29,123968.24389195596
Daging Sapi Murni/Aceh/2024-12-30,123968.24699124314
Daging Sapi Murni/Aceh/2024-12-31,123968.26808638466
Daging Sapi Murni/Bali/2024-10-01,123968.26106823231
Daging Sapi Murni/Bali/2024-10-02,123968.25818966128
Daging Sapi Murni/Bali/2024-10-03,123968.2529438952
Daging Sapi Murni/Bali/2024-10-04,123968.26688322471
Daging Sapi Murni/Bali/2024-10-05,123968.26299121646
Daging Sapi Murni/Bali/2024-10-06,123968.24125110572
Daging Sapi Murni/Bali/2024-10-07,123968.2649263848
Daging Sapi Murni/Bali/2024-10-08,123968.26592181071
Daging Sapi Murni/Bali/2024-10-09,123968.27045018156
Daging Sapi Murni/Bali/2024-10-10,123968.25318045438
Daging Sapi Murni/Bali/2024-10-11,123968.25765163402
Daging Sapi Murni/Bali/2024-10-12,123968.24256220597
Daging Sapi Murni/Bali/2024-10-13,123968.24637344696
Daging Sapi Murni/Bali/2024-10-14,123968.25734740758
Daging Sapi Murni/Bali/2024-10-15,123968.25888570253
Daging Sapi Murni/Bali/2024-10-16,123968.25320134086
Daging Sapi Murni/Bali/2024-10-17,123968.26526343974
Daging Sapi Murni/Bali/2024-10-18,123968.25801386184
Daging Sapi Murni/Bali/2024-10-19,123968.24634609708
Daging Sapi Murni/Bali/2024-10-20,123968.24982432192
Daging Sapi Murni/Bali/2024-10-21,123968.25550946944
Daging Sapi Murni/Bali/2024-10-22,123968.2576376714
Daging Sapi Murni/Bali/2024-10-23,123968.2642257522
Daging Sapi Murni/Bali/2024-10-24,123968.27542518498
Daging Sapi Murni/Bali/2024-10-25,123968.26741659996
Daging Sapi Murni/Bali/2024-10-26,123968.25964702496
Daging Sapi Murni/Bali/2024-10-27,123968.26331535431
Daging Sapi Murni/Bali/2024-10-28,123968.2601044596
Daging Sapi Murni/Bali/2024-10-29,123968.26220083352
Daging Sapi Murni/Bali/2024-10-30,123968.25638232408
Daging Sapi Murni/Bali/2024-10-31,123968.2581128951
Daging Sapi Murni/Bali/2024-11-01,123968.26139427812
Daging Sapi Murni/Bali/2024-11-02,123968.2572469322
Daging Sapi Murni/Bali/2024-11-03,123968.2572632806
Daging Sapi Murni/Bali/2024-11-04,123968.24749584422
Daging Sapi Murni/Bali/2024-11-05,123968.25804873214
Daging Sapi Murni/Bali/2024-11-06,123968.26356049208
Daging Sapi Murni/Bali/2024-11-07,123968.26337750869
Daging Sapi Murni/Bali/2024-11-08,123968.24929776252
Daging Sapi Murni/Bali/2024-11-09,123968.26217758738
Daging Sapi Murni/Bali/2024-11-10,123968.2628786225
Daging Sapi Murni/Bali/2024-11-11,123968.24062499104
Daging Sapi Murni/Bali/2024-11-12,123968.26113312323
Daging Sapi Murni/Bali/2024-11-13,123968.233737129
Daging Sapi Murni/Bali/2024-11-14,123968.25238845842
Daging Sapi Murni/Bali/2024-11-15,123968.26854041948
Daging Sapi Murni/Bali/2024-11-16,123968.26038103412
Daging Sapi Murni/Bali/2024-11-17,123968.26482013246
Daging Sapi Murni/Bali/2024-11-18,123968.2521347113
Daging Sapi Murni/Bali/2024-11-19,123968.25458191312
Daging Sapi Murni/Bali/2024-11-20,123968.24444113502
Daging Sapi Murni/Bali/2024-11-21,123968.25897245036
Daging Sapi Murni/Bali/2024-11-22,123968.27264640774
Daging Sapi Murni/Bali/2024-11-23,123968.26339656214
Daging Sapi Murni/Bali/2024-11-24,123968.25695069776
Daging Sapi Murni/Bali/2024-11-25,123968.26064554384
Daging Sapi Murni/Bali/2024-11-26,123968.2519164896
Daging Sapi Murni/Bali/2024-11-27,123968.25781082374
Daging Sapi Murni/Bali/2024-11-28,123968.2710009561
Daging Sapi Murni/Bali/2024-11-29,123968.26821382358
Daging Sapi Murni/Bali/2024-11-30,123968.23835015389
Daging Sapi Murni/Bali/2024-12-01,123968.26088768271
Daging Sapi Murni/Bali/2024-12-02,123968.24125920748
Daging Sapi Murni/Bali/2024-12-03,123968.253015674
Daging Sapi Murni/Bali/2024-12-04,123968.24061574638
Daging Sapi Murni/Bali/2024-12-05,123968.25748104248
Daging Sapi Murni/Bali/2024-12-06,123968.24951371991
Daging Sapi Murni/Bali/2024-12-07,123968.25546847588
Daging Sapi Murni/Bali/2024-12-08,123968.26923303268
Daging Sapi Murni/Bali/2024-12-09,123968.24866260044
Daging Sapi Murni/Bali/2024-12-10,123968.23813145031
Daging Sapi Murni/Bali/2024-12-11,123968.24444767438
Daging Sapi Murni/Bali/2024-12-12,123968.24944799746
Daging Sapi Murni/Bali/2024-12-13,123968.25088631548
Daging Sapi Murni/Bali/2024-12-14,123968.25826297094
Daging Sapi Murni/Bali/2024-12-15,123968.243927049
Daging Sapi Murni/Bali/2024-12-16,123968.26564318342
Daging Sapi Murni/Bali/2024-12-17,123968.26875543076
Daging Sapi Murni/Bali/2024-12-18,123968.27350792698
Daging Sapi Murni/Bali/2024-12-19,123968.26409380646
Daging Sapi Murni/Bali/2024-12-20,123968.25998881584
Daging Sapi Murni/Bali/2024-12-21,123968.26302057932
Daging Sapi Murni/Bali/2024-12-22,123968.24314237828
Daging Sapi Murni/Bali/2024-12-23,123968.25100081392
Daging Sapi Murni/Bali/2024-12-24,123968.26342229216
Daging Sapi Murni/Bali/2024-12-25,123968.256996011
Daging Sapi Murni/Bali/2024-12-26,123968.26998193446
Daging Sapi Murni/Bali/2024-12-27,123968.26486355292
Daging Sapi Murni/Bali/2024-12-28,123968.26253411794
Daging Sapi Murni/Bali/2024-12-29,123968.2593465054
Daging Sapi Murni/Bali/2024-12-30,123968.26316525304
Daging Sapi Murni/Bali/2024-12-31,123968.26027003989
Daging Sapi Murni/Banten/2024-10-01,123968.24974819788
Daging Sapi Murni/Banten/2024-10-02,123968.2750713361
Daging Sapi Murni/Banten/2024-10-03,123968.25119620204
Daging Sapi Murni/Banten/2024-10-04,123968.26464743106
Daging Sapi Murni/Banten/2024-10-05,123968.2867444632
Daging Sapi Murni/Banten/2024-10-06,123968.26090199944
Daging Sapi Murni/Banten/2024-10-07,123968.25755971168
Daging Sapi Murni/Banten/2024-10-08,123968.2610288735
Daging Sapi Murni/Banten/2024-10-09,123968.27023022591
Daging Sapi Murni/Banten/2024-10-10,123968.2331317906
Daging Sapi Murni/Banten/2024-10-11,123968.23744878283
Daging Sapi Murni/Banten/2024-10-12,123968.25681239972
Daging Sapi Murni/Banten/2024-10-13,123968.26708898688
Daging Sapi Murni/Banten/2024-10-14,123968.25900542332
Daging Sapi Murni/Banten/2024-10-15,123968.25507141388
Daging Sapi Murni/Banten/2024-10-16,123968.26175016828
Daging Sapi Murni/Banten/2024-10-17,123968.27521752958
Daging Sapi Murni/Banten/2024-10-18,123968.24750826404
Daging Sapi Murni/Banten/2024-10-19,123968.26666291716
Daging Sapi Murni/Banten/2024-10-20,123968.2589075783
Daging Sapi Murni/Banten/2024-10-21,123968.26797321456
Daging Sapi Murni/Banten/2024-10-22,123968.2598004275
Daging Sapi Murni/Banten/2024-10-23,123968.24490437156
Daging Sapi Murni/Banten/2024-10-24,123968.258019772
Daging Sapi Murni/Banten/2024-10-25,123968.25460067258
Daging Sapi Murni/Banten/2024-10-26,123968.25709997468
Daging Sapi Murni/Banten/2024-10-27,123968.2724344851
Daging Sapi Murni/Banten/2024-10-28,123968.28012618808
Daging Sapi Murni/Banten/2024-10-29,123968.25018794792
Daging Sapi Murni/Banten/2024-10-30,123968.25892570562
Daging Sapi Murni/Banten/2024-10-31,123968.26637659616
Daging Sapi Murni/Banten/2024-11-01,123968.2552394126
Daging Sapi Murni/Banten/2024-11-02,123968.24990669257
Daging Sapi Murni/Banten/2024-11-03,123968.2447650419
Daging Sapi Murni/Banten/2024-11-04,123968.26374349558
Daging Sapi Murni/Banten/2024-11-05,123968.24431099488
Daging Sapi Murni/Banten/2024-11-06,123968.2449188982
Daging Sapi Murni/Banten/2024-11-07,123968.2433224213
Daging Sapi Murni/Banten/2024-11-08,123968.26159606445
Daging Sapi Murni/Banten/2024-11-09,123968.259849972
Daging Sapi Murni/Banten/2024-11-10,123968.2491399468
Daging Sapi Murni/Banten/2024-11-11,123968.27126189986
Daging Sapi Murni/Banten/2024-11-12,123968.2481233493
Daging Sapi Murni/Banten/2024-11-13,123968.25148041022
Daging Sapi Murni/Banten/2024-11-14,123968.25261938956
Daging Sapi Murni/Banten/2024-11-15,123968.26807350454
Daging Sapi Murni/Banten/2024-11-16,123968.24275282434
Daging Sapi Murni/Banten/2024-11-17,123968.27805387828
Daging Sapi Murni/Banten/2024-11-18,123968.26691323413
Daging Sapi Murni/Banten/2024-11-19,123968.25511350698
Daging Sapi Murni/Banten/2024-11-20,123968.26792506204
Daging Sapi Murni/Banten/2024-11-21,123968.25704866643
Daging Sapi Murni/Banten/2024-11-22,123968.26531631552
Daging Sapi Murni/Banten/2024-11-23,123968.25899341395
Daging Sapi Murni/Banten/2024-11-24,123968.2597788044
Daging Sapi Murni/Banten/2024-11-25,123968.24260482016
Daging Sapi Murni/Banten/2024-11-26,123968.26415305948
Daging Sapi Murni/Banten/2024-11-27,123968.26292328266
Daging Sapi Murni/Banten/2024-11-28,123968.26321031104
Daging Sapi Murni/Banten/2024-11-29,123968.25931418028
Daging Sapi Murni/Banten/2024-11-30,123968.25347341428
Daging Sapi Murni/Banten/2024-12-01,123968.26523701022
Daging Sapi Murni/Banten/2024-12-02,123968.25223865562
Daging Sapi Murni/Banten/2024-12-03,123968.27841785496
Daging Sapi Murni/Banten/2024-12-04,123968.26045105106
Daging Sapi Murni/Banten/2024-12-05,123968.2498981712
Daging Sapi Murni/Banten/2024-12-06,123968.24909717352
Daging Sapi Murni/Banten/2024-12-07,123968.25704944562
Daging Sapi Murni/Banten/2024-12-08,123968.26613684764
Daging Sapi Murni/Banten/2024-12-09,123968.25114980523
Daging Sapi Murni/Banten/2024-12-10,123968.25229642176
Daging Sapi Murni/Banten/2024-12-11,123968.24700113916
Daging Sapi Murni/Banten/2024-12-12,123968.25182076608
Daging Sapi Murni/Banten/2024-12-13,123968.25975568812
Daging Sapi Murni/Banten/2024-12-14,123968.27411293652
Daging Sapi Murni/Banten/2024-12-15,123968.26987147186
Daging Sapi Murni/Banten/2024-12-16,123968.25726427331
Daging Sapi Murni/Banten/2024-12-17,123968.22938908033
Daging Sapi Murni/Banten/2024-12-18,123968.26459115648
Daging Sapi Murni/Banten/2024-12-19,123968.25625949094
Daging Sapi Murni/Banten/2024-12-20,123968.26549074624
Daging Sapi Murni/Banten/2024-12-21,123968.2759755453
Daging Sapi Murni/Banten/2024-12-22,123968.24318080522
Daging Sapi Murni/Banten/2024-12-23,123968.255778471
Daging Sapi Murni/Banten/2024-12-24,123968.25741067932
Daging Sapi Murni/Banten/2024-12-25,123968.2614976589
Daging Sapi Murni/Banten/2024-12-26,123968.26231645596
Daging Sapi Murni/Banten/2024-12-27,123968.25373358696
Daging Sapi Murni/Banten/2024-12-28,123968.2506050662
Daging Sapi Murni/Banten/2024-12-29,123968.23660978176
Daging Sapi Murni/Banten/2024-12-30,123968.24347108032
Daging Sapi Murni/Banten/2024-12-31,123968.25599520288
Daging Sapi Murni/Bengkulu/2024-10-01,123968.2466102078
Daging Sapi Murni/Bengkulu/2024-10-02,123968.2571763353
Daging Sapi Murni/Bengkulu/2024-10-03,123968.26203992029
Daging Sapi Murni/Bengkulu/2024-10-04,123968.2498077426
Daging Sapi Murni/Bengkulu/2024-10-05,123968.26201077944
Daging Sapi Murni/Bengkulu/2024-10-06,123968.24482397908
Daging Sapi Murni/Bengkulu/2024-10-07,123968.24210076685
Daging Sapi Murni/Bengkulu/2024-10-08,123968.24527265476
Daging Sapi Murni/Bengkulu/2024-10-09,123968.24756302804
Daging Sapi Murni/Bengkulu/2024-10-10,123968.26012944104
Daging Sapi Murni/Bengkulu/2024-10-11,123968.25716666304
Daging Sapi Murni/Bengkulu/2024-10-12,123968.24756221211
Daging Sapi Murni/Bengkulu/2024-10-13,123968.26312543477
Daging Sapi Murni/Bengkulu/2024-10-14,123968.250871171
Daging Sapi Murni/Bengkulu/2024-10-15,123968.2528887726
Daging Sapi Murni/Bengkulu/2024-10-16,123968.26344293576
Daging Sapi Murni/Bengkulu/2024-10-17,123968.24365275758
Daging Sapi Murni/Bengkulu/2024-10-18,123968.26553382762
Daging Sapi Murni/Bengkulu/2024-10-19,123968.23832336256
Daging Sapi Murni/Bengkulu/2024-10-20,123968.26866426792
Daging Sapi Murni/Bengkulu/2024-10-21,123968.24494810015
Daging Sapi Murni/Bengkulu/2024-10-22,123968.24790155682
Daging Sapi Murni/Bengkulu/2024-10-23,123968.2570104098
Daging Sapi Murni/Bengkulu/2024-10-24,123968.23812275924
Daging Sapi Murni/Bengkulu/2024-10-25,123968.25792572394
Daging Sapi Murni/Bengkulu/2024-10-26,123968.25017019888
Daging Sapi Murni/Bengkulu/2024-10-27,123968.24837610387
Daging Sapi Murni/Bengkulu/2024-10-28,123968.24109499031
Daging Sapi Murni/Bengkulu/2024-10-29,123968.27449589183
Daging Sapi Murni/Bengkulu/2024-10-30,123968.25008129708
Daging Sapi Murni/Bengkulu/2024-10-31,123968.2528415718
Daging Sapi Murni/Bengkulu/2024-11-01,123968.26377411048
Daging Sapi Murni/Bengkulu/2024-11-02,123968.2553216134
Daging Sapi Murni/Bengkulu/2024-11-03,123968.24730328676
Daging Sapi Murni/Bengkulu/2024-11-04,123968.24404254217
Daging Sapi Murni/Bengkulu/2024-11-05,123968.24006472695
Daging Sapi Murni/Bengkulu/2024-11-06,123968.26972171928
Daging Sapi Murni/Bengkulu/2024-11-07,123968.2613714014
Daging Sapi Murni/Bengkulu/2024-11-08,123968.25657776698
Daging Sapi Murni/Bengkulu/2024-11-09,123968.24471378584
Daging Sapi Murni/Bengkulu/2024-11-10,123968.25602801322
Daging Sapi Murni/Bengkulu/2024-11-11,123968.27358769772
Daging Sapi Murni/Bengkulu/2024-11-12,123968.24553138392
Daging Sapi Murni/Bengkulu/2024-11-13,123968.27525765976
Daging Sapi Murni/Bengkulu/2024-11-14,123968.26361759432
Daging Sapi Murni/Bengkulu/2024-11-15,123968.26049086332
Daging Sapi Murni/Bengkulu/2024-11-16,123968.2521422154
Daging Sapi Murni/Bengkulu/2024-11-17,123968.24726192596
Daging Sapi Murni/Bengkulu/2024-11-18,123968.2711085258
Daging Sapi Murni/Bengkulu/2024-11-19,123968.25098695228
Daging Sapi Murni/Bengkulu/2024-11-20,123968.2520779038
Daging Sapi Murni/Bengkulu/2024-11-21,123968.24958583093
Daging Sapi Murni/Bengkulu/2024-11-22,123968.25588551378
Daging Sapi Murni/Bengkulu/2024-11-23,123968.25143899336
Daging Sapi Murni/Bengkulu/2024-11-24,123968.24584039571
Daging Sapi Murni/Bengkulu/2024-11-25,123968.25264661448
Daging Sapi Murni/Bengkulu/2024-11-26,123968.24966622057
Daging Sapi Murni/Bengkulu/2024-11-27,123968.25836172808
Daging Sapi Murni/Bengkulu/2024-11-28,123968.26877318922
Daging Sapi Murni/Bengkulu/2024-11-29,123968.26514627092
Daging Sapi Murni/Bengkulu/2024-11-30,123968.26322526712
Daging Sapi Murni/Bengkulu/2024-12-01,123968.26809377094
Daging Sapi Murni/Bengkulu/2024-12-02,123968.26551968032
Daging Sapi Murni/Bengkulu/2024-12-03,123968.2515427898
Daging Sapi Murni/Bengkulu/2024-12-04,123968.24748069384
Daging Sapi Murni/Bengkulu/2024-12-05,123968.26250716417
Daging Sapi Murni/Bengkulu/2024-12-06,123968.24018522352
Daging Sapi Murni/Bengkulu/2024-12-07,123968.25536116851
Daging Sapi Murni/Bengkulu/2024-12-08,123968.24927056694
Daging Sapi Murni/Bengkulu/2024-12-09,123968.26120962149
Daging Sapi Murni/Bengkulu/2024-12-10,123968.2580938226
Daging Sapi Murni/Bengkulu/2024-12-11,123968.25106322048
Daging Sapi Murni/Bengkulu/2024-12-12,123968.2550876893
Daging Sapi Murni/Bengkulu/2024-12-13,123968.25357108215
Daging Sapi Murni/Bengkulu/2024-12-14,123968.2628366198
Daging Sapi Murni/Bengkulu/2024-12-15,123968.25894187832
Daging Sapi Murni/Bengkulu/2024-12-16,123968.25037207792
Daging Sapi Murni/Bengkulu/2024-12-17,123968.245240059
Daging Sapi Murni/Bengkulu/2024-12-18,123968.26699993631
Daging Sapi Murni/Bengkulu/2024-12-19,123968.24986443396
Daging Sapi Murni/Bengkulu/2024-12-20,123968.24182139555
Daging Sapi Murni/Bengkulu/2024-12-21,123968.2477854047
Daging Sapi Murni/Bengkulu/2024-12-22,123968.24218628046
Daging Sapi Murni/Bengkulu/2024-12-23,123968.25321130607
Daging Sapi Murni/Bengkulu/2024-12-24,123968.2551054038
Daging Sapi Murni/Bengkulu/2024-12-25,123968.2541713874
Daging Sapi Murni/Bengkulu/2024-12-26,123968.26531729876
Daging Sapi Murni/Bengkulu/2024-12-27,123968.27870603172
Daging Sapi Murni/Bengkulu/2024-12-28,123968.25768272256
Daging Sapi Murni/Bengkulu/2024-12-29,123968.26538772264
Daging Sapi Murni/Bengkulu/2024-12-30,123968.26022926212
Daging Sapi Murni/Bengkulu/2024-12-31,123968.24812564829
Daging Sapi Murni/DI Yogyakarta/2024-10-01,123968.24780863489
Daging Sapi Murni/DI Yogyakarta/2024-10-02,123968.26337583878
Daging Sapi Murni/DI Yogyakarta/2024-10-03,123968.26540567596
Daging Sapi Murni/DI Yogyakarta/2024-10-04,123968.25280232228
Daging Sapi Murni/DI Yogyakarta/2024-10-05,123968.26221100288
Daging Sapi Murni/DI Yogyakarta/2024-10-06,123968.25026528738
Daging Sapi Murni/DI Yogyakarta/2024-10-07,123968.26772013928
Daging Sapi Murni/DI Yogyakarta/2024-10-08,123968.25187722075
Daging Sapi Murni/DI Yogyakarta/2024-10-09,123968.256078188
Daging Sapi Murni/DI Yogyakarta/2024-10-10,123968.27046994724
Daging Sapi Murni/DI Yogyakarta/2024-10-11,123968.25346940717
Daging Sapi Murni/DI Yogyakarta/2024-10-12,123968.26146171671
Daging Sapi Murni/DI Yogyakarta/2024-10-13,123968.26200801732
Daging Sapi Murni/DI Yogyakarta/2024-10-14,123968.2473491614
Daging Sapi Murni/DI Yogyakarta/2024-10-15,123968.27016077068
Daging Sapi Murni/DI Yogyakarta/2024-10-16,123968.24526523025
Daging Sapi Murni/DI Yogyakarta/2024-10-17,123968.26615887808
Daging Sapi Murni/DI Yogyakarta/2024-10-18,123968.26972973076
Daging Sapi Murni/DI Yogyakarta/2024-10-19,123968.26973860116
Daging Sapi Murni/DI Yogyakarta/2024-10-20,123968.25595753932
Daging Sapi Murni/DI Yogyakarta/2024-10-21,123968.24856561433
Daging Sapi Murni/DI Yogyakarta/2024-10-22,123968.25568240904
Daging Sapi Murni/DI Yogyakarta/2024-10-23,123968.26504676144
Daging Sapi Murni/DI Yogyakarta/2024-10-24,123968.25890599072
Daging Sapi Murni/DI Yogyakarta/2024-10-25,123968.277615373
Daging Sapi Murni/DI Yogyakarta/2024-10-26,123968.27170741158
Daging Sapi Murni/DI Yogyakarta/2024-10-27,123968.25884528834
Daging Sapi Murni/DI Yogyakarta/2024-10-28,123968.24981984826
Daging Sapi Murni/DI Yogyakarta/2024-10-29,123968.26308804864
Daging Sapi Murni/DI Yogyakarta/2024-10-30,123968.25126751924
Daging Sapi Murni/DI Yogyakarta/2024-10-31,123968.24501235197
Daging Sapi Murni/DI Yogyakarta/2024-11-01,123968.26879919576
Daging Sapi Murni/DI Yogyakarta/2024-11-02,123968.25155419072
Daging Sapi Murni/DI Yogyakarta/2024-11-03,123968.23120060789
Daging Sapi Murni/DI Yogyakarta/2024-11-04,123968.26707481177
Daging Sapi Murni/DI Yogyakarta/2024-11-05,123968.24875949277
Daging Sapi Murni/DI Yogyakarta/2024-11-06,123968.25024112556
Daging Sapi Murni/DI Yogyakarta/2024-11-07,123968.27035915716
Daging Sapi Murni/DI Yogyakarta/2024-11-08,123968.2559904225
Daging Sapi Murni/DI Yogyakarta/2024-11-09,123968.25763804912
Daging Sapi Murni/DI Yogyakarta/2024-11-10,123968.26190815696
Daging Sapi Murni/DI Yogyakarta/2024-11-11,123968.27346487626
Daging Sapi Murni/DI Yogyakarta/2024-11-12,123968.24509740031
Daging Sapi Murni/DI Yogyakarta/2024-11-13,123968.26824705883
Daging Sapi Murni/DI Yogyakarta/2024-11-14,123968.27454297848
Daging Sapi Murni/DI Yogyakarta/2024-11-15,123968.25563342588
Daging Sapi Murni/DI Yogyakarta/2024-11-16,123968.24719514509
Daging Sapi Murni/DI Yogyakarta/2024-11-17,123968.2654631699
Daging Sapi Murni/DI Yogyakarta/2024-11-18,123968.26313843162
Daging Sapi Murni/DI Yogyakarta/2024-11-19,123968.25899737202
Daging Sapi Murni/DI Yogyakarta/2024-11-20,123968.25536820728
Daging Sapi Murni/DI Yogyakarta/2024-11-21,123968.25844087274
Daging Sapi Murni/DI Yogyakarta/2024-11-22,123968.26006715384
Daging Sapi Murni/DI Yogyakarta/2024-11-23,123968.25255023786
Daging Sapi Murni/DI Yogyakarta/2024-11-24,123968.25579510596
Daging Sapi Murni/DI Yogyakarta/2024-11-25,123968.26451082376
Daging Sapi Murni/DI Yogyakarta/2024-11-26,123968.25827372352
Daging Sapi Murni/DI Yogyakarta/2024-11-27,123968.26199012304
Daging Sapi Murni/DI Yogyakarta/2024-11-28,123968.2601199981
Daging Sapi Murni/DI Yogyakarta/2024-11-29,123968.25037011708
Daging Sapi Murni/DI Yogyakarta/2024-11-30,123968.25032635443
Daging Sapi Murni/DI Yogyakarta/2024-12-01,123968.24388229357
Daging Sapi Murni/DI Yogyakarta/2024-12-02,123968.261938436
Daging Sapi Murni/DI Yogyakarta/2024-12-03,123968.26213531978
Daging Sapi Murni/DI Yogyakarta/2024-12-04,123968.26095390026
Daging Sapi Murni/DI Yogyakarta/2024-12-05,123968.25518482077
Daging Sapi Murni/DI Yogyakarta/2024-12-06,123968.25579633316
Daging Sapi Murni/DI Yogyakarta/2024-12-07,123968.28090273176
Daging Sapi Murni/DI Yogyakarta/2024-12-08,123968.2585657412
Daging Sapi Murni/DI Yogyakarta/2024-12-09,123968.24499258788
Daging Sapi Murni/DI Yogyakarta/2024-12-10,123968.24539977462
Daging Sapi Murni/DI Yogyakarta/2024-12-11,123968.25622987116
Daging Sapi Murni/DI Yogyakarta/2024-12-12,123968.25644160992
Daging Sapi Murni/DI Yogyakarta/2024-12-13,123968.25145297668
Daging Sapi Murni/DI Yogyakarta/2024-12-14,123968.2515501699
Daging Sapi Murni/DI Yogyakarta/2024-12-15,123968.2771328784
Daging Sapi Murni/DI Yogyakarta/2024-12-16,123968.24172628636
Daging Sapi Murni/DI Yogyakarta/2024-12-17,123968.24756566368
Daging Sapi Murni/DI Yogyakarta/2024-12-18,123968.25216640987
Daging Sapi Murni/DI Yogyakarta/2024-12-19,123968.2506482628
Daging Sapi Murni/DI Yogyakarta/2024-12-20,123968.24086482088
Daging Sapi Murni/DI Yogyakarta/2024-12-21,123968.27376035244
Daging Sapi Murni/DI Yogyakarta/2024-12-22,123968.25547390652
Daging Sapi Murni/DI Yogyakarta/2024-12-23,123968.2783194998
Daging Sapi Murni/DI Yogyakarta/2024-12-24,123968.25957856294
Daging Sapi Murni/DI Yogyakarta/2024-12-25,123968.27414586554
Daging Sapi Murni/DI Yogyakarta/2024-12-26,123968.25526854293
Daging Sapi Murni/DI Yogyakarta/2024-12-27,123968.25817607137
Daging Sapi Murni/DI Yogyakarta/2024-12-28,123968.25579089051
Daging Sapi Murni/DI Yogyakarta/2024-12-29,123968.25650508616
Daging Sapi Murni/DI Yogyakarta/2024-12-30,123968.24870474557
Daging Sapi Murni/DI Yogyakarta/2024-12-31,123968.24411276488
Daging Sapi Murni/DKI Jakarta/2024-10-01,123968.2606537733
Daging Sapi Murni/DKI Jakarta/2024-10-02,123968.2654384544
Daging Sapi Murni/DKI Jakarta/2024-10-03,123968.233918232
Daging Sapi Murni/DKI Jakarta/2024-10-04,123968.26977337716
Daging Sapi Murni/DKI Jakarta/2024-10-05,123968.26293859028
Daging Sapi Murni/DKI Jakarta/2024-10-06,123968.28061343948
Daging Sapi Murni/DKI Jakarta/2024-10-07,123968.2715187308
Daging Sapi Murni/DKI Jakarta/2024-10-08,123968.2693359309
Daging Sapi Murni/DKI Jakarta/2024-10-09,123968.26087008607
Daging Sapi Murni/DKI Jakarta/2024-10-10,123968.26382150703
Daging Sapi Murni/DKI Jakarta/2024-10-11,123968.27246804022
Daging Sapi Murni/DKI Jakarta/2024-10-12,123968.26110197647
Daging Sapi Murni/DKI Jakarta/2024-10-13,123968.26048371429
Daging Sapi Murni/DKI Jakarta/2024-10-14,123968.25923783316
Daging Sapi Murni/DKI Jakarta/2024-10-15,123968.24746316177
Daging Sapi Murni/DKI Jakarta/2024-10-16,123968.2760005436
Daging Sapi Murni/DKI Jakarta/2024-10-17,123968.2612476436
Daging Sapi Murni/DKI Jakarta/2024-10-18,123968.25375404906
Daging Sapi Murni/DKI Jakarta/2024-10-19,123968.25674819162
Daging Sapi Murni/DKI Jakarta/2024-10-20,123968.26366292202
Daging Sapi Murni/DKI Jakarta/2024-10-21,123968.25620196426
Daging Sapi Murni/DKI Jakarta/2024-10-22,123968.25080267826
Daging Sapi Murni/DKI Jakarta/2024-10-23,123968.25699344774
Daging Sapi Murni/DKI Jakarta/2024-10-24,123968.24994464737
Daging Sapi Murni/DKI Jakarta/2024-10-25,123968.26262191712
Daging Sapi Murni/DKI Jakarta/2024-10-26,123968.2591443776
Daging Sapi Murni/DKI Jakarta/2024-10-27,123968.2637142649
Daging Sapi Murni/DKI Jakarta/2024-10-28,123968.2431914763
Daging Sapi Murni/DKI Jakarta/2024-10-29,123968.26982966613
Daging Sapi Murni/DKI Jakarta/2024-10-30,123968.24391335552
Daging Sapi Murni/DKI Jakarta/2024-10-31,123968.25019904152
Daging Sapi Murni/DKI Jakarta/2024-11-01,123968.2390731356
Daging Sapi Murni/DKI Jakarta/2024-11-02,123968.26286115043
Daging Sapi Murni/DKI Jakarta/2024-11-03,123968.26189644342
Daging Sapi Murni/DKI Jakarta/2024-11-04,123968.26752568374
Daging Sapi Murni/DKI Jakarta/2024-11-05,123968.24917109274
Daging Sapi Murni/DKI Jakarta/2024-11-06,123968.27273192904
Daging Sapi Murni/DKI Jakarta/2024-11-07,123968.25145288616
Daging Sapi Murni/DKI Jakarta/2024-11-08,123968.26747666992
Daging Sapi Murni/DKI Jakarta/2024-11-09,123968.24995123826
Daging Sapi Murni/DKI Jakarta/2024-11-10,123968.277842457
Daging Sapi Murni/DKI Jakarta/2024-11-11,123968.26058420591
Daging Sapi Murni/DKI Jakarta/2024-11-12,123968.23478579908
Daging Sapi Murni/DKI Jakarta/2024-11-13,123968.2555742595
Daging Sapi Murni/DKI Jakarta/2024-11-14,123968.26045731982
Daging Sapi Murni/DKI Jakarta/2024-11-15,123968.2541520922
Daging Sapi Murni/DKI Jakarta/2024-11-16,123968.2565524221
Daging Sapi Murni/DKI Jakarta/2024-11-17,123968.2645090868
Daging Sapi Murni/DKI Jakarta/2024-11-18,123968.27417376872
Daging Sapi Murni/DKI Jakarta/2024-11-19,123968.2571488698
Daging Sapi Murni/DKI Jakarta/2024-11-20,123968.26011441986
Daging Sapi Murni/DKI Jakarta/2024-11-21,123968.23578804206
Daging Sapi Murni/DKI Jakarta/2024-11-22,123968.24896309397
Daging Sapi Murni/DKI Jakarta/2024-11-23,123968.26199905472
Daging Sapi Murni/DKI Jakarta/2024-11-24,123968.25637953969
Daging Sapi Murni/DKI Jakarta/2024-11-25,123968.26422044364
Daging Sapi Murni/DKI Jakarta/2024-11-26,123968.26291305992
Daging Sapi Murni/DKI Jakarta/2024-11-27,123968.25983480172
Daging Sapi Murni/DKI Jakarta/2024-11-28,123968.26436926716
Daging Sapi Murni/DKI Jakarta/2024-11-29,123968.25802068182
Daging Sapi Murni/DKI Jakarta/2024-11-30,123968.23803898667
Daging Sapi Murni/DKI Jakarta/2024-12-01,123968.2362067715
Daging Sapi Murni/DKI Jakarta/2024-12-02,123968.26764287568
Daging Sapi Murni/DKI Jakarta/2024-12-03,123968.26725392592
Daging Sapi Murni/DKI Jakarta/2024-12-04,123968.24872484567
Daging Sapi Murni/DKI Jakarta/2024-12-05,123968.26054029448
Daging Sapi Murni/DKI Jakarta/2024-12-06,123968.25682964503
Daging Sapi Murni/DKI Jakarta/2024-12-07,123968.25846737536
Daging Sapi Murni/DKI Jakarta/2024-12-08,123968.25221995256
Daging Sapi Murni/DKI Jakarta/2024-12-09,123968.25812631282
Daging Sapi Murni/DKI Jakarta/2024-12-10,123968.26618798242
Daging Sapi Murni/DKI Jakarta/2024-12-11,123968.26314562808
Daging Sapi Murni/DKI Jakarta/2024-12-12,123968.24811178818
Daging Sapi Murni/DKI Jakarta/2024-12-13,123968.26831782426
Daging Sapi Murni/DKI Jakarta/2024-12-14,123968.26675653891
Daging Sapi Murni/DKI Jakarta/2024-12-15,123968.2437550878
Daging Sapi Murni/DKI Jakarta/2024-12-16,123968.25891836884
Daging Sapi Murni/DKI Jakarta/2024-12-17,123968.25617272306
Daging Sapi Murni/DKI Jakarta/2024-12-18,123968.26693924375
Daging Sapi Murni/DKI Jakarta/2024-12-19,123968.24919846527
Daging Sapi Murni/DKI Jakarta/2024-12-20,123968.25349925803
Daging Sapi Murni/DKI Jakarta/2024-12-21,123968.25821611709
Daging Sapi Murni/DKI Jakarta/2024-12-22,123968.25745165416
Daging Sapi Murni/DKI Jakarta/2024-12-23,123968.25832924976
Daging Sapi Murni/DKI Jakarta/2024-12-24,123968.26010732864
Daging Sapi Murni/DKI Jakarta/2024-12-25,123968.2556533222
Daging Sapi Murni/DKI Jakarta/2024-12-26,123968.26149129054
Daging Sapi Murni/DKI Jakarta/2024-12-27,123968.26186378852
Daging Sapi Murni/DKI Jakarta/2024-12-28,123968.25779419349
Daging Sapi Murni/DKI Jakarta/2024-12-29,123968.26506248643
Daging Sapi Murni/DKI Jakarta/2024-12-30,123968.2458934098
Daging Sapi Murni/DKI Jakarta/2024-12-31,123968.25931429844
Daging Sapi Murni/Gorontalo/2024-10-01,123968.26192333132
Daging Sapi Murni/Gorontalo/2024-10-02,123968.2504878951
Daging Sapi Murni/Gorontalo/2024-10-03,123968.24667565012
Daging Sapi Murni/Gorontalo/2024-10-04,123968.24542663386
Daging Sapi Murni/Gorontalo/2024-10-05,123968.26766331396
Daging Sapi Murni/Gorontalo/2024-10-06,123968.26075982476
Daging Sapi Murni/Gorontalo/2024-10-07,123968.27196567463
Daging Sapi Murni/Gorontalo/2024-10-08,123968.28187172678
Daging Sapi Murni/Gorontalo/2024-10-09,123968.25004839478
Daging Sapi Murni/Gorontalo/2024-10-10,123968.25854421956
Daging Sapi Murni/Gorontalo/2024-10-11,123968.27026332864
Daging Sapi Murni/Gorontalo/2024-10-12,123968.25348654694
Daging Sapi Murni/Gorontalo/2024-10-13,123968.2653559296
Daging Sapi Murni/Gorontalo/2024-10-14,123968.25938226984
Daging Sapi Murni/Gorontalo/2024-10-15,123968.28441135566
Daging Sapi Murni/Gorontalo/2024-10-16,123968.26533433696
Daging Sapi Murni/Gorontalo/2024-10-17,123968.26870226796
Daging Sapi Murni/Gorontalo/2024-10-18,123968.27080287668
Daging Sapi Murni/Gorontalo/2024-10-19,123968.24772667944
Daging Sapi Murni/Gorontalo/2024-10-20,123968.26535305708
Daging Sapi Murni/Gorontalo/2024-10-21,123968.2625600419
Daging Sapi Murni/Gorontalo/2024-10-22,123968.2741368635
Daging Sapi Murni/Gorontalo/2024-10-23,123968.24565500703
Daging Sapi Murni/Gorontalo/2024-10-24,123968.25031632664
Daging Sapi Murni/Gorontalo/2024-10-25,123968.25163734704
Daging Sapi Murni/Gorontalo/2024-10-26,123968.2453215658
Daging Sapi Murni/Gorontalo/2024-10-27,123968.24891906508
Daging Sapi Murni/Gorontalo/2024-10-28,123968.26950903395
Daging Sapi Murni/Gorontalo/2024-10-29,123968.26285960455
Daging Sapi Murni/Gorontalo/2024-10-30,123968.25569495404
Daging Sapi Murni/Gorontalo/2024-10-31,123968.24740824176
Daging Sapi Murni/Gorontalo/2024-11-01,123968.26689710344
Daging Sapi Murni/Gorontalo/2024-11-02,123968.25007288858
Daging Sapi Murni/Gorontalo/2024-11-03,123968.25889556798
Daging Sapi Murni/Gorontalo/2024-11-04,123968.26581604524
Daging Sapi Murni/Gorontalo/2024-11-05,123968.262030236
Daging Sapi Murni/Gorontalo/2024-11-06,123968.25108085314
Daging Sapi Murni/Gorontalo/2024-11-07,123968.25282005276
Daging Sapi Murni/Gorontalo/2024-11-08,123968.27729721704
Daging Sapi Murni/Gorontalo/2024-11-09,123968.27575562274
Daging Sapi Murni/Gorontalo/2024-11-10,123968.24337794504
Daging Sapi Murni/Gorontalo/2024-11-11,123968.2500531971
Daging Sapi Murni/Gorontalo/2024-11-12,123968.258233314
Daging Sapi Murni/Gorontalo/2024-11-13,123968.25885733556
Daging Sapi Murni/Gorontalo/2024-11-14,123968.2674808406
Daging Sapi Murni/Gorontalo/2024-11-15,123968.25169008282
Daging Sapi Murni/Gorontalo/2024-11-16,123968.25531021698
Daging Sapi Murni/Gorontalo/2024-11-17,123968.24700893828
Daging Sapi Murni/Gorontalo/2024-11-18,123968.2668628556
Daging Sapi Murni/Gorontalo/2024-11-19,123968.2413088256
Daging Sapi Murni/Gorontalo/2024-11-20,123968.2509811942
Daging Sapi Murni/Gorontalo/2024-11-21,123968.28375730224
Daging Sapi Murni/Gorontalo/2024-11-22,123968.25895488069
Daging Sapi Murni/Gorontalo/2024-11-23,123968.26353443762
Daging Sapi Murni/Gorontalo/2024-11-24,123968.2464315804
Daging Sapi Murni/Gorontalo/2024-11-25,123968.24725132166
Daging Sapi Murni/Gorontalo/2024-11-26,123968.26846138683
Daging Sapi Murni/Gorontalo/2024-11-27,123968.25834525614
Daging Sapi Murni/Gorontalo/2024-11-28,123968.27481065493
Daging Sapi Murni/Gorontalo/2024-11-29,123968.24379488797
Daging Sapi Murni/Gorontalo/2024-11-30,123968.23852891669
Daging Sapi Murni/Gorontalo/2024-12-01,123968.26301961653
Daging Sapi Murni/Gorontalo/2024-12-02,123968.2510512622
Daging Sapi Murni/Gorontalo/2024-12-03,123968.24009884178
Daging Sapi Murni/Gorontalo/2024-12-04,123968.2628626485
Daging Sapi Murni/Gorontalo/2024-12-05,123968.2613686759
Daging Sapi Murni/Gorontalo/2024-12-06,123968.2743468386
Daging Sapi Murni/Gorontalo/2024-12-07,123968.26577203623
Daging Sapi Murni/Gorontalo/2024-12-08,123968.27279440463
Daging Sapi Murni/Gorontalo/2024-12-09,123968.25904395638
Daging Sapi Murni/Gorontalo/2024-12-10,123968.27743319092
Daging Sapi Murni/Gorontalo/2024-12-11,123968.26144209602
Daging Sapi Murni/Gorontalo/2024-12-12,123968.28214002668
Daging Sapi Murni/Gorontalo/2024-12-13,123968.27211173042
Daging Sapi Murni/Gorontalo/2024-12-14,123968.25037862436
Daging Sapi Murni/Gorontalo/2024-12-15,123968.23583655208
Daging Sapi Murni/Gorontalo/2024-12-16,123968.26734588064
Daging Sapi Murni/Gorontalo/2024-12-17,123968.2577425886
Daging Sapi Murni/Gorontalo/2024-12-18,123968.24371674232
Daging Sapi Murni/Gorontalo/2024-12-19,123968.2631700587
Daging Sapi Murni/Gorontalo/2024-12-20,123968.24802233046
Daging Sapi Murni/Gorontalo/2024-12-21,123968.2700738418
Daging Sapi Murni/Gorontalo/2024-12-22,123968.26621005835
Daging Sapi Murni/Gorontalo/2024-12-23,123968.25559657913
Daging Sapi Murni/Gorontalo/2024-12-24,123968.27050658526
Daging Sapi Murni/Gorontalo/2024-12-25,123968.24305717622
Daging Sapi Murni/Gorontalo/2024-12-26,123968.25517453263
Daging Sapi Murni/Gorontalo/2024-12-27,123968.26283110974
Daging Sapi Murni/Gorontalo/2024-12-28,123968.26670776511
Daging Sapi Murni/Gorontalo/2024-12-29,123968.24178901767
Daging Sapi Murni/Gorontalo/2024-12-30,123968.26042992392
Daging Sapi Murni/Gorontalo/2024-12-31,123968.25036879387
Daging Sapi Murni/Jambi/2024-10-01,123968.24053892972
Daging Sapi Murni/Jambi/2024-10-02,123968.25932076524
Daging Sapi Murni/Jambi/2024-10-03,123968.25164204922
Daging Sapi Murni/Jambi/2024-10-04,123968.24972807438
Daging Sapi Murni/Jambi/2024-10-05,123968.23943493252
Daging Sapi Murni/Jambi/2024-10-06,123968.26217893534
Daging Sapi Murni/Jambi/2024-10-07,123968.2648426158
Daging Sapi Murni/Jambi/2024-10-08,123968.2603074862
Daging Sapi Murni/Jambi/2024-10-09,123968.2554370066
Daging Sapi Murni/Jambi/2024-10-10,123968.25220125228
Daging Sapi Murni/Jambi/2024-10-11,123968.2502610388
Daging Sapi Murni/Jambi/2024-10-12,123968.2693660929
Daging Sapi Murni/Jambi/2024-10-13,123968.25407717632
Daging Sapi Murni/Jambi/2024-10-14,123968.24917942072
Daging Sapi Murni/Jambi/2024-10-15,123968.26204880651
Daging Sapi Murni/Jambi/2024-10-16,123968.27087451676
Daging Sapi Murni/Jambi/2024-10-17,123968.25788804356
Daging Sapi Murni/Jambi/2024-10-18,123968.26070273232
Daging Sapi Murni/Jambi/2024-10-19,123968.24925808675
Daging Sapi Murni/Jambi/2024-10-20,123968.2578790451
Daging Sapi Murni/Jambi/2024-10-21,123968.2486596205
Daging Sapi Murni/Jambi/2024-10-22,123968.23153350614
Daging Sapi Murni/Jambi/2024-10-23,123968.25691272508
Daging Sapi Murni/Jambi/2024-10-24,123968.26436539712
Daging Sapi Murni/Jambi/2024-10-25,123968.25454411912
Daging Sapi Murni/Jambi/2024-10-26,123968.26362089472
Daging Sapi Murni/Jambi/2024-10-27,123968.23864135768
Daging Sapi Murni/Jambi/2024-10-28,123968.26000364972
Daging Sapi Murni/Jambi/2024-10-29,123968.25928189012
Daging Sapi Murni/Jambi/2024-10-30,123968.2469158558
Daging Sapi Murni/Jambi/2024-10-31,123968.26035760896
Daging Sapi Murni/Jambi/2024-11-01,123968.24991540468
Daging Sapi Murni/Jambi/2024-11-02,123968.25886136998
Daging Sapi Murni/Jambi/2024-11-03,123968.24916510803
Daging Sapi Murni/Jambi/2024-11-04,123968.26671456956
Daging Sapi Murni/Jambi/2024-11-05,123968.25622584512
Daging Sapi Murni/Jambi/2024-11-06,123968.26176227712
Daging Sapi Murni/Jambi/2024-11-07,123968.25720593028
Daging Sapi Murni/Jambi/2024-11-08,123968.24858499329
Daging Sapi Murni/Jambi/2024-11-09,123968.26917294844
Daging Sapi Murni/Jambi/2024-11-10,123968.26101348895
Daging Sapi Murni/Jambi/2024-11-11,123968.26880854346
Daging Sapi Murni/Jambi/2024-11-12,123968.259895762
Daging Sapi Murni/Jambi/2024-11-13,123968.25213094136
Daging Sapi Murni/Jambi/2024-11-14,123968.25214232
Daging Sapi Murni/Jambi/2024-11-15,123968.25811993674
Daging Sapi Murni/Jambi/2024-11-16,123968.2576929248
Daging Sapi Murni/Jambi/2024-11-17,123968.26908906426
Daging Sapi Murni/Jambi/2024-11-18,123968.27446041128
Daging Sapi Murni/Jambi/2024-11-19,123968.26018058688
Daging Sapi Murni/Jambi/2024-11-20,123968.242892221
Daging Sapi Murni/Jambi/2024-11-21,123968.2384517252
Daging Sapi Murni/Jambi/2024-11-22,123968.27870137696
Daging Sapi Murni/Jambi/2024-11-23,123968.26811095473
Daging Sapi Murni/Jambi/2024-11-24,123968.24527127466
Daging Sapi Murni/Jambi/2024-11-25,123968.24620192996
Daging Sapi Murni/Jambi/2024-11-26,123968.24760598793
Daging Sapi Murni/Jambi/2024-11-27,123968.25824776242
Daging Sapi Murni/Jambi/2024-11-28,123968.24691877108
Daging Sapi Murni/Jambi/2024-11-29,123968.25834061371
Daging Sapi Murni/Jambi/2024-11-30,123968.23817126584
Daging Sapi Murni/Jambi/2024-12-01,123968.24767358448
Daging Sapi Murni/Jambi/2024-12-02,123968.2626198732
Daging Sapi Murni/Jambi/2024-12-03,123968.2515720527
Daging Sapi Murni/Jambi/2024-12-04,123968.252953721
Daging Sapi Murni/Jambi/2024-12-05,123968.27287795802
Daging Sapi Murni/Jambi/2024-12-06,123968.24714733812
Daging Sapi Murni/Jambi/2024-12-07,123968.251798309
Daging Sapi Murni/Jambi/2024-12-08,123968.26687062728
Daging Sapi Murni/Jambi/2024-12-09,123968.24996364368
Daging Sapi Murni/Jambi/2024-12-10,123968.2524101596
Daging Sapi Murni/Jambi/2024-12-11,123968.26689183545
Daging Sapi Murni/Jambi/2024-12-12,123968.26353062804
Daging Sapi Murni/Jambi/2024-12-13,123968.25220266572
Daging Sapi Murni/Jambi/2024-12-14,123968.2550617823
Daging Sapi Murni/Jambi/2024-12-15,123968.26232301352
Daging Sapi Murni/Jambi/2024-12-16,123968.26879512676
Daging Sapi Murni/Jambi/2024-12-17,123968.2721689204
Daging Sapi Murni/Jambi/2024-12-18,123968.2690228449
Daging Sapi Murni/Jambi/2024-12-19,123968.24803504806
Daging Sapi Murni/Jambi/2024-12-20,123968.2623611356
Daging Sapi Murni/Jambi/2024-12-21,123968.25138692078
Daging Sapi Murni/Jambi/2024-12-22,123968.27074452216
Daging Sapi Murni/Jambi/2024-12-23,123968.26018378133
Daging Sapi Murni/Jambi/2024-12-24,123968.24967105885
Daging Sapi Murni/Jambi/2024-12-25,123968.25523979546
Daging Sapi Murni/Jambi/2024-12-26,123968.26367371633
Daging Sapi Murni/Jambi/2024-12-27,123968.26058655125
Daging Sapi Murni/Jambi/2024-12-28,123968.24522034764
Daging Sapi Murni/Jambi/2024-12-29,123968.26635769648
Daging Sapi Murni/Jambi/2024-12-30,123968.25679365256
Daging Sapi Murni/Jambi/2024-12-31,123968.25680887602
Daging Sapi Murni/Jawa Barat/2024-10-01,123968.24547290128
Daging Sapi Murni/Jawa Barat/2024-10-02,123968.25746578352
Daging Sapi Murni/Jawa Barat/2024-10-03,123968.24115973346
Daging Sapi Murni/Jawa Barat/2024-10-04,123968.2454083916
Daging Sapi Murni/Jawa Barat/2024-10-05,123968.25128411315
Daging Sapi Murni/Jawa Barat/2024-10-06,123968.25514729253
Daging Sapi Murni/Jawa Barat/2024-10-07,123968.2604306936
Daging Sapi Murni/Jawa Barat/2024-10-08,123968.24724015564
Daging Sapi Murni/Jawa Barat/2024-10-09,123968.25336764623
Daging Sapi Murni/Jawa Barat/2024-10-10,123968.25723627247
Daging Sapi Murni/Jawa Barat/2024-10-11,123968.26832076364
Daging Sapi Murni/Jawa Barat/2024-10-12,123968.2625863669
Daging Sapi Murni/Jawa Barat/2024-10-13,123968.27516313284
Daging Sapi Murni/Jawa Barat/2024-10-14,123968.2639297044
Daging Sapi Murni/Jawa Barat/2024-10-15,123968.25449686452
Daging Sapi Murni/Jawa Barat/2024-10-16,123968.241972789
Daging Sapi Murni/Jawa Barat/2024-10-17,123968.25965304147
Daging Sapi Murni/Jawa Barat/2024-10-18,123968.2430715952
Daging Sapi Murni/Jawa Barat/2024-10-19,123968.25685198244
Daging Sapi Murni/Jawa Barat/2024-10-20,123968.2390491104
Daging Sapi Murni/Jawa Barat/2024-10-21,123968.2716866654
Daging Sapi Murni/Jawa Barat/2024-10-22,123968.255655257
Daging Sapi Murni/Jawa Barat/2024-10-23,123968.24420444114
Daging Sapi Murni/Jawa Barat/2024-10-24,123968.26052931824
Daging Sapi Murni/Jawa Barat/2024-10-25,123968.26588867394
Daging Sapi Murni/Jawa Barat/2024-10-26,123968.25660936776
Daging Sapi Murni/Jawa Barat/2024-10-27,123968.2554600454
Daging Sapi Murni/Jawa Barat/2024-10-28,123968.27381836192
Daging Sapi Murni/Jawa Barat/2024-10-29,123968.23648793378
Daging Sapi Murni/Jawa Barat/2024-10-30,123968.24506848876
Daging Sapi Murni/Jawa Barat/2024-10-31,123968.2456896022
Daging Sapi Murni/Jawa Barat/2024-11-01,123968.25424932867
Daging Sapi Murni/Jawa Barat/2024-11-02,123968.263474451
Daging Sapi Murni/Jawa Barat/2024-11-03,123968.27055082632
Daging Sapi Murni/Jawa Barat/2024-11-04,123968.25971337908
Daging Sapi Murni/Jawa Barat/2024-11-05,123968.27401760036
Daging Sapi Murni/Jawa Barat/2024-11-06,123968.2877158595
Daging Sapi Murni/Jawa Barat/2024-11-07,123968.27492998463
Daging Sapi Murni/Jawa Barat/2024-11-08,123968.27370358148
Daging Sapi Murni/Jawa Barat/2024-11-09,123968.25040644356
Daging Sapi Murni/Jawa Barat/2024-11-10,123968.25661648985
Daging Sapi Murni/Jawa Barat/2024-11-11,123968.2501653191
Daging Sapi Murni/Jawa Barat/2024-11-12,123968.26259410722
Daging Sapi Murni/Jawa Barat/2024-11-13,123968.25011087905
Daging Sapi Murni/Jawa Barat/2024-11-14,123968.24679604908
Daging Sapi Murni/Jawa Barat/2024-11-15,123968.2461548878
Daging Sapi Murni/Jawa Barat/2024-11-16,123968.25737967064
Daging Sapi Murni/Jawa Barat/2024-11-17,123968.24960559668
Daging Sapi Murni/Jawa Barat/2024-11-18,123968.2450019869
Daging Sapi Murni/Jawa Barat/2024-11-19,123968.2576141905
Daging Sapi Murni/Jawa Barat/2024-11-20,123968.26811771293
Daging Sapi Murni/Jawa Barat/2024-11-21,123968.27254736816
Daging Sapi Murni/Jawa Barat/2024-11-22,123968.26609570424
Daging Sapi Murni/Jawa Barat/2024-11-23,123968.2586845215
Daging Sapi Murni/Jawa Barat/2024-11-24,123968.2604605612
Daging Sapi Murni/Jawa Barat/2024-11-25,123968.2603289177
Daging Sapi Murni/Jawa Barat/2024-11-26,123968.25730264845
Daging Sapi Murni/Jawa Barat/2024-11-27,123968.27339687476
Daging Sapi Murni/Jawa Barat/2024-11-28,123968.2453933462
Daging Sapi Murni/Jawa Barat/2024-11-29,123968.2642676081
Daging Sapi Murni/Jawa Barat/2024-11-30,123968.26734387947
Daging Sapi Murni/Jawa Barat/2024-12-01,123968.25204302756
Daging Sapi Murni/Jawa Barat/2024-12-02,123968.2527242882
Daging Sapi Murni/Jawa Barat/2024-12-03,123968.25029524024
Daging Sapi Murni/Jawa Barat/2024-12-04,123968.25954346356
Daging Sapi Murni/Jawa Barat/2024-12-05,123968.26687346822
Daging Sapi Murni/Jawa Barat/2024-12-06,123968.25684136014
Daging Sapi Murni/Jawa Barat/2024-12-07,123968.2532432872
Daging Sapi Murni/Jawa Barat/2024-12-08,123968.25500527553
Daging Sapi Murni/Jawa Barat/2024-12-09,123968.2678070391
Daging Sapi Murni/Jawa Barat/2024-12-10,123968.24504273992
Daging Sapi Murni/Jawa Barat/2024-12-11,123968.25666970231
Daging Sapi Murni/Jawa Barat/2024-12-12,123968.26295695904
Daging Sapi Murni/Jawa Barat/2024-12-13,123968.26249867734
Daging Sapi Murni/Jawa Barat/2024-12-14,123968.25326184332
Daging Sapi Murni/Jawa Barat/2024-12-15,123968.2574705644
Daging Sapi Murni/Jawa Barat/2024-12-16,123968.25108488798
Daging Sapi Murni/Jawa Barat/2024-12-17,123968.26077899318
Daging Sapi Murni/Jawa Barat/2024-12-18,123968.262768291
Daging Sapi Murni/Jawa Barat/2024-12-19,123968.2500052766
Daging Sapi Murni/Jawa Barat/2024-12-20,123968.2501262418
Daging Sapi Murni/Jawa Barat/2024-12-21,123968.248011262
Daging Sapi Murni/Jawa Barat/2024-12-22,123968.24957088073
Daging Sapi Murni/Jawa Barat/2024-12-23,123968.2640396944
Daging Sapi Murni/Jawa Barat/2024-12-24,123968.2580240837
Daging Sapi Murni/Jawa Barat/2024-12-25,123968.24458205167
Daging Sapi Murni/Jawa Barat/2024-12-26,123968.26093238663
Daging Sapi Murni/Jawa Barat/2024-12-27,123968.25540085048
Daging Sapi Murni/Jawa Barat/2024-12-28,123968.25652659337
Daging Sapi Murni/Jawa Barat/2024-12-29,123968.2471692799
Daging Sapi Murni/Jawa Barat/2024-12-30,123968.25424403689
Daging Sapi Murni/Jawa Barat/2024-12-31,123968.26070377894
Daging Sapi Murni/Jawa Tengah/2024-10-01,123968.24571451246
Daging Sapi Murni/Jawa Tengah/2024-10-02,123968.26319819575
Daging Sapi Murni/Jawa Tengah/2024-10-03,123968.2387566755
Daging Sapi Murni/Jawa Tengah/2024-10-04,123968.25583314447
Daging Sapi Murni/Jawa Tengah/2024-10-05,123968.26914390014
Daging Sapi Murni/Jawa Tengah/2024-10-06,123968.2627729728
Daging Sapi Murni/Jawa Tengah/2024-10-07,123968.24111372052
Daging Sapi Murni/Jawa Tengah/2024-10-08,123968.2577376293
Daging Sapi Murni/Jawa Tengah/2024-10-09,123968.25702097738
Daging Sapi Murni/Jawa Tengah/2024-10-10,123968.25817705506
Daging Sapi Murni/Jawa Tengah/2024-10-11,123968.25717968764
Daging Sapi Murni/Jawa Tengah/2024-10-12,123968.24372566532
Daging Sapi Murni/Jawa Tengah/2024-10-13,123968.25801338463
Daging Sapi Murni/Jawa Tengah/2024-10-14,123968.24878283749
Daging Sapi Murni/Jawa Tengah/2024-10-15,123968.27081843185
Daging Sapi Murni/Jawa Tengah/2024-10-16,123968.25699015168
Daging Sapi Murni/Jawa Tengah/2024-10-17,123968.27239486204
Daging Sapi Murni/Jawa Tengah/2024-10-18,123968.25548453272
Daging Sapi Murni/Jawa Tengah/2024-10-19,123968.230934633
Daging Sapi Murni/Jawa Tengah/2024-10-20,123968.2564755272
Daging Sapi Murni/Jawa Tengah/2024-10-21,123968.26013432808
Daging Sapi Murni/Jawa Tengah/2024-10-22,123968.2557255136
Daging Sapi Murni/Jawa Tengah/2024-10-23,123968.2622864131
Daging Sapi Murni/Jawa Tengah/2024-10-24,123968.23172136211
Daging Sapi Murni/Jawa Tengah/2024-10-25,123968.27602260988
Daging Sapi Murni/Jawa Tengah/2024-10-26,123968.2582267985
Daging Sapi Murni/Jawa Tengah/2024-10-27,123968.25902721506
Daging Sapi Murni/Jawa Tengah/2024-10-28,123968.2802021508
Daging Sapi Murni/Jawa Tengah/2024-10-29,123968.24699355608
Daging Sapi Murni/Jawa Tengah/2024-10-30,123968.25696457076
Daging Sapi Murni/Jawa Tengah/2024-10-31,123968.25519891451
Daging Sapi Murni/Jawa Tengah/2024-11-01,123968.24504162149
Daging Sapi Murni/Jawa Tengah/2024-11-02,123968.27623990511
Daging Sapi Murni/Jawa Tengah/2024-11-03,123968.27282692744
Daging Sapi Murni/Jawa Tengah/2024-11-04,123968.26446430942
Daging Sapi Murni/Jawa Tengah/2024-11-05,123968.2509958974
Daging Sapi Murni/Jawa Tengah/2024-11-06,123968.2519182543
Daging Sapi Murni/Jawa Tengah/2024-11-07,123968.25521939364
Daging Sapi Murni/Jawa Tengah/2024-11-08,123968.2732059487
Daging Sapi Murni/Jawa Tengah/2024-11-09,123968.25717955331
Daging Sapi Murni/Jawa Tengah/2024-11-10,123968.25641420354
Daging Sapi Murni/Jawa Tengah/2024-11-11,123968.26760315908
Daging Sapi Murni/Jawa Tengah/2024-11-12,123968.26440928198
Daging Sapi Murni/Jawa Tengah/2024-11-13,123968.24967510032
Daging Sapi Murni/Jawa Tengah/2024-11-14,123968.26908693672
Daging Sapi Murni/Jawa Tengah/2024-11-15,123968.27134918024
Daging Sapi Murni/Jawa Tengah/2024-11-16,123968.25957018993
Daging Sapi Murni/Jawa Tengah/2024-11-17,123968.27752853178
Daging Sapi Murni/Jawa Tengah/2024-11-18,123968.26585913454
Daging Sapi Murni/Jawa Tengah/2024-11-19,123968.25094227014
Daging Sapi Murni/Jawa Tengah/2024-11-20,123968.2633349506
Daging Sapi Murni/Jawa Tengah/2024-11-21,123968.25573448442
Daging Sapi Murni/Jawa Tengah/2024-11-22,123968.24835025729
Daging Sapi Murni/Jawa Tengah/2024-11-23,123968.24285753422
Daging Sapi Murni/Jawa Tengah/2024-11-24,123968.27289942148
Daging Sapi Murni/Jawa Tengah/2024-11-25,123968.2596076024
Daging Sapi Murni/Jawa Tengah/2024-11-26,123968.25384236232
Daging Sapi Murni/Jawa Tengah/2024-11-27,123968.25197663331
Daging Sapi Murni/Jawa Tengah/2024-11-28,123968.2737826656
Daging Sapi Murni/Jawa Tengah/2024-11-29,123968.24375946214
Daging Sapi Murni/Jawa Tengah/2024-11-30,123968.24863313294
Daging Sapi Murni/Jawa Tengah/2024-12-01,123968.25617483222
Daging Sapi Murni/Jawa Tengah/2024-12-02,123968.26212259477
Daging Sapi Murni/Jawa Tengah/2024-12-03,123968.26486719587
Daging Sapi Murni/Jawa Tengah/2024-12-04,123968.26047941703
Daging Sapi Murni/Jawa Tengah/2024-12-05,123968.25815322292
Daging Sapi Murni/Jawa Tengah/2024-12-06,123968.25081568872
Daging Sapi Murni/Jawa Tengah/2024-12-07,123968.2661148462
Daging Sapi Murni/Jawa Tengah/2024-12-08,123968.26269334718
Daging Sapi Murni/Jawa Tengah/2024-12-09,123968.2442363129
Daging Sapi Murni/Jawa Tengah/2024-12-10,123968.27935342467
Daging Sapi Murni/Jawa Tengah/2024-12-11,123968.24764487836
Daging Sapi Murni/Jawa Tengah/2024-12-12,123968.26044938032
Daging Sapi Murni/Jawa Tengah/2024-12-13,123968.26347493324
Daging Sapi Murni/Jawa Tengah/2024-12-14,123968.25808373975
Daging Sapi Murni/Jawa Tengah/2024-12-15,123968.2613501789
Daging Sapi Murni/Jawa Tengah/2024-12-16,123968.24446009626
Daging Sapi Murni/Jawa Tengah/2024-12-17,123968.2627565575
Daging Sapi Murni/Jawa Tengah/2024-12-18,123968.25883335836
Daging Sapi Murni/Jawa Tengah/2024-12-19,123968.25412657272
Daging Sapi Murni/Jawa Tengah/2024-12-20,123968.28304497716
Daging Sapi Murni/Jawa Tengah/2024-12-21,123968.2482526142
Daging Sapi Murni/Jawa Tengah/2024-12-22,123968.27059001026
Daging Sapi Murni/Jawa Tengah/2024-12-23,123968.28955692003
Daging Sapi Murni/Jawa Tengah/2024-12-24,123968.26988457324
Daging Sapi Murni/Jawa Tengah/2024-12-25,123968.25455619156
Daging Sapi Murni/Jawa Tengah/2024-12-26,123968.26457272618
Daging Sapi Murni/Jawa Tengah/2024-12-27,123968.27488454926
Daging Sapi Murni/Jawa Tengah/2024-12-28,123968.26931548424
Daging Sapi Murni/Jawa Tengah/2024-12-29,123968.2540320966
Daging Sapi Murni/Jawa Tengah/2024-12-30,123968.24665979452
Daging Sapi Murni/Jawa Tengah/2024-12-31,123968.26360376675
Daging Sapi Murni/Jawa Timur/2024-10-01,123968.26368733204
Daging Sapi Murni/Jawa Timur/2024-10-02,123968.26946875968
Daging Sapi Murni/Jawa Timur/2024-10-03,123968.2550494882
Daging Sapi Murni/Jawa Timur/2024-10-04,123968.25430662044
Daging Sapi Murni/Jawa Timur/2024-10-05,123968.26058670496
Daging Sapi Murni/Jawa Timur/2024-10-06,123968.25516588532
Daging Sapi Murni/Jawa Timur/2024-10-07,123968.24405141524
Daging Sapi Murni/Jawa Timur/2024-10-08,123968.27036200603
Daging Sapi Murni/Jawa Timur/2024-10-09,123968.25148579408
Daging Sapi Murni/Jawa Timur/2024-10-10,123968.26362666972
Daging Sapi Murni/Jawa Timur/2024-10-11,123968.24685480048
Daging Sapi Murni/Jawa Timur/2024-10-12,123968.26618508456
Daging Sapi Murni/Jawa Timur/2024-10-13,123968.26832748568
Daging Sapi Murni/Jawa Timur/2024-10-14,123968.25321322396
Daging Sapi Murni/Jawa Timur/2024-10-15,123968.24811850788
Daging Sapi Murni/Jawa Timur/2024-10-16,123968.24204249655
Daging Sapi Murni/Jawa Timur/2024-10-17,123968.24640606513
Daging Sapi Murni/Jawa Timur/2024-10-18,123968.25513705846
Daging Sapi Murni/Jawa Timur/2024-10-19,123968.25376801744
Daging Sapi Murni/Jawa Timur/2024-10-20,123968.26309377611
Daging Sapi Murni/Jawa Timur/2024-10-21,123968.25573055682
Daging Sapi Murni/Jawa Timur/2024-10-22,123968.26580517208
Daging Sapi Murni/Jawa Timur/2024-10-23,123968.2465508796
Daging Sapi Murni/Jawa Timur/2024-10-24,123968.25491319849
Daging Sapi Murni/Jawa Timur/2024-10-25,123968.24752886382
Daging Sapi Murni/Jawa Timur/2024-10-26,123968.25433722344
Daging Sapi Murni/Jawa Timur/2024-10-27,123968.26129690772
Daging Sapi Murni/Jawa Timur/2024-10-28,123968.2606158201
Daging Sapi Murni/Jawa Timur/2024-10-29,123968.2486803463
Daging Sapi Murni/Jawa Timur/2024-10-30,123968.27020423318
Daging Sapi Murni/Jawa Timur/2024-10-31,123968.24187858235
Daging Sapi Murni/Jawa Timur/2024-11-01,123968.25936437424
Daging Sapi Murni/Jawa Timur/2024-11-02,123968.24269704345
Daging Sapi Murni/Jawa Timur/2024-11-03,123968.2539087375
Daging Sapi Murni/Jawa Timur/2024-11-04,123968.25882495233
Daging Sapi Murni/Jawa Timur/2024-11-05,123968.26436044648
Daging Sapi Murni/Jawa Timur/2024-11-06,123968.27157250817
Daging Sapi Murni/Jawa Timur/2024-11-07,123968.26539075637
Daging Sapi Murni/Jawa Timur/2024-11-08,123968.25789192438
Daging Sapi Murni/Jawa Timur/2024-11-09,123968.26128391844
Daging Sapi Murni/Jawa Timur/2024-11-10,123968.26947782352
Daging Sapi Murni/Jawa Timur/2024-11-11,123968.26592212182
Daging Sapi Murni/Jawa Timur/2024-11-12,123968.26168676368
Daging Sapi Murni/Jawa Timur/2024-11-13,123968.2636410823
Daging Sapi Murni/Jawa Timur/2024-11-14,123968.270608259
Daging Sapi Murni/Jawa Timur/2024-11-15,123968.26822719914
Daging Sapi Murni/Jawa Timur/2024-11-16,123968.25896679192
Daging Sapi Murni/Jawa Timur/2024-11-17,123968.2501664211
Daging Sapi Murni/Jawa Timur/2024-11-18,123968.24938669412
Daging Sapi Murni/Jawa Timur/2024-11-19,123968.26015883865
Daging Sapi Murni/Jawa Timur/2024-11-20,123968.25438165313
Daging Sapi Murni/Jawa Timur/2024-11-21,123968.253288476
Daging Sapi Murni/Jawa Timur/2024-11-22,123968.27546187912
Daging Sapi Murni/Jawa Timur/2024-11-23,123968.2636876544
Daging Sapi Murni/Jawa Timur/2024-11-24,123968.28242855558
Daging Sapi Murni/Jawa Timur/2024-11-25,123968.25542940358
Daging Sapi Murni/Jawa Timur/2024-11-26,123968.2609143361
Daging Sapi Murni/Jawa Timur/2024-11-27,123968.25805580978
Daging Sapi Murni/Jawa Timur/2024-11-28,123968.25215989922
Daging Sapi Murni/Jawa Timur/2024-11-29,123968.25097585228
Daging Sapi Murni/Jawa Timur/2024-11-30,123968.25588799878
Daging Sapi Murni/Jawa Timur/2024-12-01,123968.25173915332
Daging Sapi Murni/Jawa Timur/2024-12-02,123968.2540173754
Daging Sapi Murni/Jawa Timur/2024-12-03,123968.2528335614
Daging Sapi Murni/Jawa Timur/2024-12-04,123968.26143472469
Daging Sapi Murni/Jawa Timur/2024-12-05,123968.25676993564
Daging Sapi Murni/Jawa Timur/2024-12-06,123968.24793393703
Daging Sapi Murni/Jawa Timur/2024-12-07,123968.25239608472
Daging Sapi Murni/Jawa Timur/2024-12-08,123968.25475938791
Daging Sapi Murni/Jawa Timur/2024-12-09,123968.25718575036
Daging Sapi Murni/Jawa Timur/2024-12-10,123968.25178766638
Daging Sapi Murni/Jawa Timur/2024-12-11,123968.24334120024
Daging Sapi Murni/Jawa Timur/2024-12-12,123968.24512345424
Daging Sapi Murni/Jawa Timur/2024-12-13,123968.26623281025
Daging Sapi Murni/Jawa Timur/2024-12-14,123968.27183782258
Daging Sapi Murni/Jawa Timur/2024-12-15,123968.2488943549
Daging Sapi Murni/Jawa Timur/2024-12-16,123968.28327019504
Daging Sapi Murni/Jawa Timur/2024-12-17,123968.26577942482
Daging Sapi Murni/Jawa Timur/2024-12-18,123968.24376553232
Daging Sapi Murni/Jawa Timur/2024-12-19,123968.25964029763
Daging Sapi Murni/Jawa Timur/2024-12-20,123968.27382377697
Daging Sapi Murni/Jawa Timur/2024-12-21,123968.25455168026
Daging Sapi Murni/Jawa Timur/2024-12-22,123968.2623495378
Daging Sapi Murni/Jawa Timur/2024-12-23,123968.26141428352
Daging Sapi Murni/Jawa Timur/2024-12-24,123968.24224757375
Daging Sapi Murni/Jawa Timur/2024-12-25,123968.25825943828
Daging Sapi Murni/Jawa Timur/2024-12-26,123968.23944661587
Daging Sapi Murni/Jawa Timur/2024-12-27,123968.23722988847
Daging Sapi Murni/Jawa Timur/2024-12-28,123968.26039316536
Daging Sapi Murni/Jawa Timur/2024-12-29,123968.25696341966
Daging Sapi Murni/Jawa Timur/2024-12-30,123968.25236825936
Daging Sapi Murni/Jawa Timur/2024-12-31,123968.26165013312
Daging Sapi Murni/Kalimantan Barat/2024-10-01,123968.26968902528
Daging Sapi Murni/Kalimantan Barat/2024-10-02,123968.26320792972
Daging Sapi Murni/Kalimantan Barat/2024-10-03,123968.24361458072
Daging Sapi Murni/Kalimantan Barat/2024-10-04,123968.28276600908
Daging Sapi Murni/Kalimantan Barat/2024-10-05,123968.27403183882
Daging Sapi Murni/Kalimantan Barat/2024-10-06,123968.273726446
Daging Sapi Murni/Kalimantan Barat/2024-10-07,123968.27233114358
Daging Sapi Murni/Kalimantan Barat/2024-10-08,123968.26181377744
Daging Sapi Murni/Kalimantan Barat/2024-10-09,123968.26436614404
Daging Sapi Murni/Kalimantan Barat/2024-10-10,123968.25407797724
Daging Sapi Murni/Kalimantan Barat/2024-10-11,123968.2547695043
Daging Sapi Murni/Kalimantan Barat/2024-10-12,123968.274357718
Daging Sapi Murni/Kalimantan Barat/2024-10-13,123968.25481358814
Daging Sapi Murni/Kalimantan Barat/2024-10-14,123968.2519865184
Daging Sapi Murni/Kalimantan Barat/2024-10-15,123968.2542392244
Daging Sapi Murni/Kalimantan Barat/2024-10-16,123968.25405842936
Daging Sapi Murni/Kalimantan Barat/2024-10-17,123968.25586478668
Daging Sapi Murni/Kalimantan Barat/2024-10-18,123968.26732452544
Daging Sapi Murni/Kalimantan Barat/2024-10-19,123968.24729759796
Daging Sapi Murni/Kalimantan Barat/2024-10-20,123968.25303657014
Daging Sapi Murni/Kalimantan Barat/2024-10-21,123968.24995362909
Daging Sapi Murni/Kalimantan Barat/2024-10-22,123968.25842592026
Daging Sapi Murni/Kalimantan Barat/2024-10-23,123968.26223168988
Daging Sapi Murni/Kalimantan Barat/2024-10-24,123968.26364084712
Daging Sapi Murni/Kalimantan Barat/2024-10-25,123968.27056861174
Daging Sapi Murni/Kalimantan Barat/2024-10-26,123968.2743115613
Daging Sapi Murni/Kalimantan Barat/2024-10-27,123968.25900940402
Daging Sapi Murni/Kalimantan Barat/2024-10-28,123968.25350916204
Daging Sapi Murni/Kalimantan Barat/2024-10-29,123968.25088309436
Daging Sapi Murni/Kalimantan Barat/2024-10-30,123968.25919653304
Daging Sapi Murni/Kalimantan Barat/2024-10-31,123968.2514000381
Daging Sapi Murni/Kalimantan Barat/2024-11-01,123968.27067115028
Daging Sapi Murni/Kalimantan Barat/2024-11-02,123968.25634366
Daging Sapi Murni/Kalimantan Barat/2024-11-03,123968.25562587006
Daging Sapi Murni/Kalimantan Barat/2024-11-04,123968.27188043924
Daging Sapi Murni/Kalimantan Barat/2024-11-05,123968.24964980315
Daging Sapi Murni/Kalimantan Barat/2024-11-06,123968.2320402843
Daging Sapi Murni/Kalimantan Barat/2024-11-07,123968.25232831968
Daging Sapi Murni/Kalimantan Barat/2024-11-08,123968.24976918132
Daging Sapi Murni/Kalimantan Barat/2024-11-09,123968.26163034503
Daging Sapi Murni/Kalimantan Barat/2024-11-10,123968.2524957702
Daging Sapi Murni/Kalimantan Barat/2024-11-11,123968.25695593428
Daging Sapi Murni/Kalimantan Barat/2024-11-12,123968.24018433408
Daging Sapi Murni/Kalimantan Barat/2024-11-13,123968.25450605548
Daging Sapi Murni/Kalimantan Barat/2024-11-14,123968.25838913154
Daging Sapi Murni/Kalimantan Barat/2024-11-15,123968.2566413506
Daging Sapi Murni/Kalimantan Barat/2024-11-16,123968.25706576517
Daging Sapi Murni/Kalimantan Barat/2024-11-17,123968.26082425116
Daging Sapi Murni/Kalimantan Barat/2024-11-18,123968.26420418533
Daging Sapi Murni/Kalimantan Barat/2024-11-19,123968.2536975261
Daging Sapi Murni/Kalimantan Barat/2024-11-20,123968.26944426232
Daging Sapi Murni/Kalimantan Barat/2024-11-21,123968.25613529472
Daging Sapi Murni/Kalimantan Barat/2024-11-22,123968.26584856476
Daging Sapi Murni/Kalimantan Barat/2024-11-23,123968.25477856338
Daging Sapi Murni/Kalimantan Barat/2024-11-24,123968.25916461048
Daging Sapi Murni/Kalimantan Barat/2024-11-25,123968.25803728437
Daging Sapi Murni/Kalimantan Barat/2024-11-26,123968.27127512872
Daging Sapi Murni/Kalimantan Barat/2024-11-27,123968.25595150556
Daging Sapi Murni/Kalimantan Barat/2024-11-28,123968.26065420396
Daging Sapi Murni/Kalimantan Barat/2024-11-29,123968.2675693434
Daging Sapi Murni/Kalimantan Barat/2024-11-30,123968.24564892008
Daging Sapi Murni/Kalimantan Barat/2024-12-01,123968.27704877936
Daging Sapi Murni/Kalimantan Barat/2024-12-02,123968.27473585104
Daging Sapi Murni/Kalimantan Barat/2024-12-03,123968.25738265384
Daging Sapi Murni/Kalimantan Barat/2024-12-04,123968.25890709204
Daging Sapi Murni/Kalimantan Barat/2024-12-05,123968.25507845702
Daging Sapi Murni/Kalimantan Barat/2024-12-06,123968.263872164
Daging Sapi Murni/Kalimantan Barat/2024-12-07,123968.27124776172
Daging Sapi Murni/Kalimantan Barat/2024-12-08,123968.2392365688
Daging Sapi Murni/Kalimantan Barat/2024-12-09,123968.261562124
Daging Sapi Murni/Kalimantan Barat/2024-12-10,123968.2474190845
Daging Sapi Murni/Kalimantan Barat/2024-12-11,123968.25771849354
Daging Sapi Murni/Kalimantan Barat/2024-12-12,123968.2657954825
Daging Sapi Murni/Kalimantan Barat/2024-12-13,123968.26532065796
Daging Sapi Murni/Kalimantan Barat/2024-12-14,123968.25672689624
Daging Sapi Murni/Kalimantan Barat/2024-12-15,123968.2573838614
Daging Sapi Murni/Kalimantan Barat/2024-12-16,123968.23766242951
Daging Sapi Murni/Kalimantan Barat/2024-12-17,123968.25808856434
Daging Sapi Murni/Kalimantan Barat/2024-12-18,123968.23728300571
Daging Sapi Murni/Kalimantan Barat/2024-12-19,123968.24713376246
Daging Sapi Murni/Kalimantan Barat/2024-12-20,123968.25307736488
Daging Sapi Murni/Kalimantan Barat/2024-12-21,123968.25952435912
Daging Sapi Murni/Kalimantan Barat/2024-12-22,123968.26411092246
Daging Sapi Murni/Kalimantan Barat/2024-12-23,123968.2482827742
Daging Sapi Murni/Kalimantan Barat/2024-12-24,123968.2526214215
Daging Sapi Murni/Kalimantan Barat/2024-12-25,123968.24913030694
Daging Sapi Murni/Kalimantan Barat/2024-12-26,123968.25009902012
Daging Sapi Murni/Kalimantan Barat/2024-12-27,123968.25564650496
Daging Sapi Murni/Kalimantan Barat/2024-12-28,123968.2508715656
Daging Sapi Murni/Kalimantan Barat/2024-12-29,123968.24605617844
Daging Sapi Murni/Kalimantan Barat/2024-12-30,123968.28066617373
Daging Sapi Murni/Kalimantan Barat/2024-12-31,123968.26051366371
Daging Sapi Murni/Kalimantan Selatan/2024-10-01,123968.2759126636
Daging Sapi Murni/Kalimantan Selatan/2024-10-02,123968.27490793505
Daging Sapi Murni/Kalimantan Selatan/2024-10-03,123968.26333559456
Daging Sapi Murni/Kalimantan Selatan/2024-10-04,123968.2605580239
Daging Sapi Murni/Kalimantan Selatan/2024-10-05,123968.25486512911
Daging Sapi Murni/Kalimantan Selatan/2024-10-06,123968.26137673703
Daging Sapi Murni/Kalimantan Selatan/2024-10-07,123968.2679152647
Daging Sapi Murni/Kalimantan Selatan/2024-10-08,123968.2663249346
Daging Sapi Murni/Kalimantan Selatan/2024-10-09,123968.24850354328
Daging Sapi Murni/Kalimantan Selatan/2024-10-10,123968.2522687886
Daging Sapi Murni/Kalimantan Selatan/2024-10-11,123968.2591209711
Daging Sapi Murni/Kalimantan Selatan/2024-10-12,123968.26989325129
Daging Sapi Murni/Kalimantan Selatan/2024-10-13,123968.246291531
Daging Sapi Murni/Kalimantan Selatan/2024-10-14,123968.2566676202
Daging Sapi Murni/Kalimantan Selatan/2024-10-15,123968.26998785407
Daging Sapi Murni/Kalimantan Selatan/2024-10-16,123968.26066780524
Daging Sapi Murni/Kalimantan Selatan/2024-10-17,123968.2556675674
Daging Sapi Murni/Kalimantan Selatan/2024-10-18,123968.24954891494
Daging Sapi Murni/Kalimantan Selatan/2024-10-19,123968.25229849748
Daging Sapi Murni/Kalimantan Selatan/2024-10-20,123968.25187940818
Daging Sapi Murni/Kalimantan Selatan/2024-10-21,123968.2369728545
Daging Sapi Murni/Kalimantan Selatan/2024-10-22,123968.2547070668
Daging Sapi Murni/Kalimantan Selatan/2024-10-23,123968.2594488026
Daging Sapi Murni/Kalimantan Selatan/2024-10-24,123968.26530893774
Daging Sapi Murni/Kalimantan Selatan/2024-10-25,123968.2669080748
Daging Sapi Murni/Kalimantan Selatan/2024-10-26,123968.26050097655
Daging Sapi Murni/Kalimantan Selatan/2024-10-27,123968.2714899124
Daging Sapi Murni/Kalimantan Selatan/2024-10-28,123968.2446388158
Daging Sapi Murni/Kalimantan Selatan/2024-10-29,123968.24699849244
Daging Sapi Murni/Kalimantan Selatan/2024-10-30,123968.26533034391
Daging Sapi Murni/Kalimantan Selatan/2024-10-31,123968.2575494452
Daging Sapi Murni/Kalimantan Selatan/2024-11-01,123968.24173371302
Daging Sapi Murni/Kalimantan Selatan/2024-11-02,123968.25519097694
Daging Sapi Murni/Kalimantan Selatan/2024-11-03,123968.25472436073
Daging Sapi Murni/Kalimantan Selatan/2024-11-04,123968.25745170948
Daging Sapi Murni/Kalimantan Selatan/2024-11-05,123968.26954004412
Daging Sapi Murni/Kalimantan Selatan/2024-11-06,123968.25999058076
Daging Sapi Murni/Kalimantan Selatan/2024-11-07,123968.25234756275
Daging Sapi Murni/Kalimantan Selatan/2024-11-08,123968.2605037387
Daging Sapi Murni/Kalimantan Selatan/2024-11-09,123968.27208461348
Daging Sapi Murni/Kalimantan Selatan/2024-11-10,123968.25170014746
Daging Sapi Murni/Kalimantan Selatan/2024-11-11,123968.25338028584
Daging Sapi Murni/Kalimantan Selatan/2024-11-12,123968.24751594895
Daging Sapi Murni/Kalimantan Selatan/2024-11-13,123968.26974050958
Daging Sapi Murni/Kalimantan Selatan/2024-11-14,123968.25456760652
Daging Sapi Murni/Kalimantan Selatan/2024-11-15,123968.25877832963
Daging Sapi Murni/Kalimantan Selatan/2024-11-16,123968.25066037134
Daging Sapi Murni/Kalimantan Selatan/2024-11-17,123968.25721841588
Daging Sapi Murni/Kalimantan Selatan/2024-11-18,123968.24854707516
Daging Sapi Murni/Kalimantan Selatan/2024-11-19,123968.25992773689
Daging Sapi Murni/Kalimantan Selatan/2024-11-20,123968.24928067913
Daging Sapi Murni/Kalimantan Selatan/2024-11-21,123968.24928300224
Daging Sapi Murni/Kalimantan Selatan/2024-11-22,123968.2444089286
Daging Sapi Murni/Kalimantan Selatan/2024-11-23,123968.25004688656
Daging Sapi Murni/Kalimantan Selatan/2024-11-24,123968.2538107107
Daging Sapi Murni/Kalimantan Selatan/2024-11-25,123968.2454824314
Daging Sapi Murni/Kalimantan Selatan/2024-11-26,123968.26332208456
Daging Sapi Murni/Kalimantan Selatan/2024-11-27,123968.2605926877
Daging Sapi Murni/Kalimantan Selatan/2024-11-28,123968.27323390456
Daging Sapi Murni/Kalimantan Selatan/2024-11-29,123968.26139078688
Daging Sapi Murni/Kalimantan Selatan/2024-11-30,123968.26891282332
Daging Sapi Murni/Kalimantan Selatan/2024-12-01,123968.25658294556
Daging Sapi Murni/Kalimantan Selatan/2024-12-02,123968.25043096748
Daging Sapi Murni/Kalimantan Selatan/2024-12-03,123968.26181073318
Daging Sapi Murni/Kalimantan Selatan/2024-12-04,123968.2728951267
Daging Sapi Murni/Kalimantan Selatan/2024-12-05,123968.24704425196
Daging Sapi Murni/Kalimantan Selatan/2024-12-06,123968.25912209266
Daging Sapi Murni/Kalimantan Selatan/2024-12-07,123968.2639070598
Daging Sapi Murni/Kalimantan Selatan/2024-12-08,123968.2748496438
Daging Sapi Murni/Kalimantan Selatan/2024-12-09,123968.2572627043
Daging Sapi Murni/Kalimantan Selatan/2024-12-10,123968.24851311569
Daging Sapi Murni/Kalimantan Selatan/2024-12-11,123968.25510776632
Daging Sapi Murni/Kalimantan Selatan/2024-12-12,123968.2663015012
Daging Sapi Murni/Kalimantan Selatan/2024-12-13,123968.2575757718
Daging Sapi Murni/Kalimantan Selatan/2024-12-14,123968.2680943111
Daging Sapi Murni/Kalimantan Selatan/2024-12-15,123968.26086312748
Daging Sapi Murni/Kalimantan Selatan/2024-12-16,123968.2502357171
Daging Sapi Murni/Kalimantan Selatan/2024-12-17,123968.25651733216
Daging Sapi Murni/Kalimantan Selatan/2024-12-18,123968.265504596
Daging Sapi Murni/Kalimantan Selatan/2024-12-19,123968.25695794947
Daging Sapi Murni/Kalimantan Selatan/2024-12-20,123968.25665307908
Daging Sapi Murni/Kalimantan Selatan/2024-12-21,123968.24658478369
Daging Sapi Murni/Kalimantan Selatan/2024-12-22,123968.2523022258
Daging Sapi Murni/Kalimantan Selatan/2024-12-23,123968.25302480967
Daging Sapi Murni/Kalimantan Selatan/2024-12-24,123968.27253380144
Daging Sapi Murni/Kalimantan Selatan/2024-12-25,123968.26261411916
Daging Sapi Murni/Kalimantan Selatan/2024-12-26,123968.24128798912
Daging Sapi Murni/Kalimantan Selatan/2024-12-27,123968.26121881414
Daging Sapi Murni/Kalimantan Selatan/2024-12-28,123968.26392803936
Daging Sapi Murni/Kalimantan Selatan/2024-12-29,123968.2675987264
Daging Sapi Murni/Kalimantan Selatan/2024-12-30,123968.26738112402
Daging Sapi Murni/Kalimantan Selatan/2024-12-31,123968.25965392016
Daging Sapi Murni/Kalimantan Tengah/2024-10-01,123968.26824167155
Daging Sapi Murni/Kalimantan Tengah/2024-10-02,123968.26193923171
Daging Sapi Murni/Kalimantan Tengah/2024-10-03,123968.2545592206
Daging Sapi Murni/Kalimantan Tengah/2024-10-04,123968.25879753791
Daging Sapi Murni/Kalimantan Tengah/2024-10-05,123968.25890502366
Daging Sapi Murni/Kalimantan Tengah/2024-10-06,123968.24038599808
Daging Sapi Murni/Kalimantan Tengah/2024-10-07,123968.25390067942
Daging Sapi Murni/Kalimantan Tengah/2024-10-08,123968.28149993514
Daging Sapi Murni/Kalimantan Tengah/2024-10-09,123968.2282010274
Daging Sapi Murni/Kalimantan Tengah/2024-10-10,123968.26468815128
Daging Sapi Murni/Kalimantan Tengah/2024-10-11,123968.25844981468
Daging Sapi Murni/Kalimantan Tengah/2024-10-12,123968.23544650288
Daging Sapi Murni/Kalimantan Tengah/2024-10-13,123968.24996076305
Daging Sapi Murni/Kalimantan Tengah/2024-10-14,123968.23332093592
Daging Sapi Murni/Kalimantan Tengah/2024-10-15,123968.24774787248
Daging Sapi Murni/Kalimantan Tengah/2024-10-16,123968.26225651444
Daging Sapi Murni/Kalimantan Tengah/2024-10-17,123968.2471740076
Daging Sapi Murni/Kalimantan Tengah/2024-10-18,123968.2648197831
Daging Sapi Murni/Kalimantan Tengah/2024-10-19,123968.27957633256
Daging Sapi Murni/Kalimantan Tengah/2024-10-20,123968.26550981063
Daging Sapi Murni/Kalimantan Tengah/2024-10-21,123968.25611346646
Daging Sapi Murni/Kalimantan Tengah/2024-10-22,123968.2565947978
Daging Sapi Murni/Kalimantan Tengah/2024-10-23,123968.24310566462
Daging Sapi Murni/Kalimantan Tengah/2024-10-24,123968.25740948622
Daging Sapi Murni/Kalimantan Tengah/2024-10-25,123968.25858674802
Daging Sapi Murni/Kalimantan Tengah/2024-10-26,123968.24747658876
Daging Sapi Murni/Kalimantan Tengah/2024-10-27,123968.2590242644
Daging Sapi Murni/Kalimantan Tengah/2024-10-28,123968.25573453087
Daging Sapi Murni/Kalimantan Tengah/2024-10-29,123968.25147676047
Daging Sapi Murni/Kalimantan Tengah/2024-10-30,123968.25802236392
Daging Sapi Murni/Kalimantan Tengah/2024-10-31,123968.25382367254
Daging Sapi Murni/Kalimantan Tengah/2024-11-01,123968.27320995562
Daging Sapi Murni/Kalimantan Tengah/2024-11-02,123968.24328396108
Daging Sapi Murni/Kalimantan Tengah/2024-11-03,123968.26203883678
Daging Sapi Murni/Kalimantan Tengah/2024-11-04,123968.2497414282
Daging Sapi Murni/Kalimantan Tengah/2024-11-05,123968.24682312022
Daging Sapi Murni/Kalimantan Tengah/2024-11-06,123968.2479198784
Daging Sapi Murni/Kalimantan Tengah/2024-11-07,123968.2631349524
Daging Sapi Murni/Kalimantan Tengah/2024-11-08,123968.242994238
Daging Sapi Murni/Kalimantan Tengah/2024-11-09,123968.27780899486
Daging Sapi Murni/Kalimantan Tengah/2024-11-10,123968.2558489522
Daging Sapi Murni/Kalimantan Tengah/2024-11-11,123968.25314849964
Daging Sapi Murni/Kalimantan Tengah/2024-11-12,123968.25402394374
Daging Sapi Murni/Kalimantan Tengah/2024-11-13,123968.2333120092
Daging Sapi Murni/Kalimantan Tengah/2024-11-14,123968.24804611084
Daging Sapi Murni/Kalimantan Tengah/2024-11-15,123968.25837954583
Daging Sapi Murni/Kalimantan Tengah/2024-11-16,123968.2626706408
Daging Sapi Murni/Kalimantan Tengah/2024-11-17,123968.27077807231
Daging Sapi Murni/Kalimantan Tengah/2024-11-18,123968.23710670514
Daging Sapi Murni/Kalimantan Tengah/2024-11-19,123968.27044875044
Daging Sapi Murni/Kalimantan Tengah/2024-11-20,123968.2542137564
Daging Sapi Murni/Kalimantan Tengah/2024-11-21,123968.26680603188
Daging Sapi Murni/Kalimantan Tengah/2024-11-22,123968.2693429977
Daging Sapi Murni/Kalimantan Tengah/2024-11-23,123968.2695781727
Daging Sapi Murni/Kalimantan Tengah/2024-11-24,123968.24605995012
Daging Sapi Murni/Kalimantan Tengah/2024-11-25,123968.25119174276
Daging Sapi Murni/Kalimantan Tengah/2024-11-26,123968.25317727556
Daging Sapi Murni/Kalimantan Tengah/2024-11-27,123968.28212522432
Daging Sapi Murni/Kalimantan Tengah/2024-11-28,123968.260381835
Daging Sapi Murni/Kalimantan Tengah/2024-11-29,123968.26424741204
Daging Sapi Murni/Kalimantan Tengah/2024-11-30,123968.25123312252
Daging Sapi Murni/Kalimantan Tengah/2024-12-01,123968.2476672939
Daging Sapi Murni/Kalimantan Tengah/2024-12-02,123968.2659355148
Daging Sapi Murni/Kalimantan Tengah/2024-12-03,123968.26812820153
Daging Sapi Murni/Kalimantan Tengah/2024-12-04,123968.27011001248
Daging Sapi Murni/Kalimantan Tengah/2024-12-05,123968.24815817268
Daging Sapi Murni/Kalimantan Tengah/2024-12-06,123968.26288476693
Daging Sapi Murni/Kalimantan Tengah/2024-12-07,123968.25255390131
Daging Sapi Murni/Kalimantan Tengah/2024-12-08,123968.2686026853
Daging Sapi Murni/Kalimantan Tengah/2024-12-09,123968.26790211882
Daging Sapi Murni/Kalimantan Tengah/2024-12-10,123968.25522815976
Daging Sapi Murni/Kalimantan Tengah/2024-12-11,123968.26228677206
Daging Sapi Murni/Kalimantan Tengah/2024-12-12,123968.24848603753
Daging Sapi Murni/Kalimantan Tengah/2024-12-13,123968.2747091682
Daging Sapi Murni/Kalimantan Tengah/2024-12-14,123968.24314995926
Daging Sapi Murni/Kalimantan Tengah/2024-12-15,123968.27315909152
Daging Sapi Murni/Kalimantan Tengah/2024-12-16,123968.26064389585
Daging Sapi Murni/Kalimantan Tengah/2024-12-17,123968.25786202728
Daging Sapi Murni/Kalimantan Tengah/2024-12-18,123968.26406097444
Daging Sapi Murni/Kalimantan Tengah/2024-12-19,123968.2564057118
Daging Sapi Murni/Kalimantan Tengah/2024-12-20,123968.25353622517
Daging Sapi Murni/Kalimantan Tengah/2024-12-21,123968.2434184119
Daging Sapi Murni/Kalimantan Tengah/2024-12-22,123968.26981316113
Daging Sapi Murni/Kalimantan Tengah/2024-12-23,123968.26103440848
Daging Sapi Murni/Kalimantan Tengah/2024-12-24,123968.2628643914
Daging Sapi Murni/Kalimantan Tengah/2024-12-25,123968.26592750524
Daging Sapi Murni/Kalimantan Tengah/2024-12-26,123968.25082515505
Daging Sapi Murni/Kalimantan Tengah/2024-12-27,123968.25281364376
Daging Sapi Murni/Kalimantan Tengah/2024-12-28,123968.2487548628
Daging Sapi Murni/Kalimantan Tengah/2024-12-29,123968.25303513516
Daging Sapi Murni/Kalimantan Tengah/2024-12-30,123968.25290415678
Daging Sapi Murni/Kalimantan Tengah/2024-12-31,123968.24822415336
Daging Sapi Murni/Kalimantan Timur/2024-10-01,123968.2427815926
Daging Sapi Murni/Kalimantan Timur/2024-10-02,123968.25758268258
Daging Sapi Murni/Kalimantan Timur/2024-10-03,123968.25121970294
Daging Sapi Murni/Kalimantan Timur/2024-10-04,123968.26869711113
Daging Sapi Murni/Kalimantan Timur/2024-10-05,123968.2585657464
Daging Sapi Murni/Kalimantan Timur/2024-10-06,123968.25719729364
Daging Sapi Murni/Kalimantan Timur/2024-10-07,123968.2612982324
Daging Sapi Murni/Kalimantan Timur/2024-10-08,123968.25891190417
Daging Sapi Murni/Kalimantan Timur/2024-10-09,123968.26439066844
Daging Sapi Murni/Kalimantan Timur/2024-10-10,123968.27830412686
Daging Sapi Murni/Kalimantan Timur/2024-10-11,123968.24402213222
Daging Sapi Murni/Kalimantan Timur/2024-10-12,123968.26823943463
Daging Sapi Murni/Kalimantan Timur/2024-10-13,123968.26269771392
Daging Sapi Murni/Kalimantan Timur/2024-10-14,123968.25438095463
Daging Sapi Murni/Kalimantan Timur/2024-10-15,123968.25280868482
Daging Sapi Murni/Kalimantan Timur/2024-10-16,123968.25860069766
Daging Sapi Murni/Kalimantan Timur/2024-10-17,123968.25998509915
Daging Sapi Murni/Kalimantan Timur/2024-10-18,123968.25609856106
Daging Sapi Murni/Kalimantan Timur/2024-10-19,123968.25598637722
Daging Sapi Murni/Kalimantan Timur/2024-10-20,123968.27094797752
Daging Sapi Murni/Kalimantan Timur/2024-10-21,123968.2507297576
Daging Sapi Murni/Kalimantan Timur/2024-10-22,123968.24166782592
Daging Sapi Murni/Kalimantan Timur/2024-10-23,123968.26495452126
Daging Sapi Murni/Kalimantan Timur/2024-10-24,123968.23528107084
Daging Sapi Murni/Kalimantan Timur/2024-10-25,123968.2678572594
Daging Sapi Murni/Kalimantan Timur/2024-10-26,123968.26036895644
Daging Sapi Murni/Kalimantan Timur/2024-10-27,123968.25838065114
Daging Sapi Murni/Kalimantan Timur/2024-10-28,123968.25989646593
Daging Sapi Murni/Kalimantan Timur/2024-10-29,123968.23356567512
Daging Sapi Murni/Kalimantan Timur/2024-10-30,123968.2492973154
Daging Sapi Murni/Kalimantan Timur/2024-10-31,123968.25234158523
Daging Sapi Murni/Kalimantan Timur/2024-11-01,123968.25257786334
Daging Sapi Murni/Kalimantan Timur/2024-11-02,123968.2564984688
Daging Sapi Murni/Kalimantan Timur/2024-11-03,123968.25927930728
Daging Sapi Murni/Kalimantan Timur/2024-11-04,123968.26882014822
Daging Sapi Murni/Kalimantan Timur/2024-11-05,123968.27190753326
Daging Sapi Murni/Kalimantan Timur/2024-11-06,123968.24684574569
Daging Sapi Murni/Kalimantan Timur/2024-11-07,123968.2706537698
Daging Sapi Murni/Kalimantan Timur/2024-11-08,123968.25558323968
Daging Sapi Murni/Kalimantan Timur/2024-11-09,123968.27886788583
Daging Sapi Murni/Kalimantan Timur/2024-11-10,123968.26440136589
Daging Sapi Murni/Kalimantan Timur/2024-11-11,123968.25173524005
Daging Sapi Murni/Kalimantan Timur/2024-11-12,123968.245245155
Daging Sapi Murni/Kalimantan Timur/2024-11-13,123968.25325677164
Daging Sapi Murni/Kalimantan Timur/2024-11-14,123968.27382668148
Daging Sapi Murni/Kalimantan Timur/2024-11-15,123968.25500713044
Daging Sapi Murni/Kalimantan Timur/2024-11-16,123968.25612328692
Daging Sapi Murni/Kalimantan Timur/2024-11-17,123968.25109905898
Daging Sapi Murni/Kalimantan Timur/2024-11-18,123968.26722822918
Daging Sapi Murni/Kalimantan Timur/2024-11-19,123968.25653460264
Daging Sapi Murni/Kalimantan Timur/2024-11-20,123968.26906602166
Daging Sapi Murni/Kalimantan Timur/2024-11-21,123968.24409126208
Daging Sapi Murni/Kalimantan Timur/2024-11-22,123968.2484406877
Daging Sapi Murni/Kalimantan Timur/2024-11-23,123968.25130471902
Daging Sapi Murni/Kalimantan Timur/2024-11-24,123968.28630136624
Daging Sapi Murni/Kalimantan Timur/2024-11-25,123968.25931385516
Daging Sapi Murni/Kalimantan Timur/2024-11-26,123968.25522362642
Daging Sapi Murni/Kalimantan Timur/2024-11-27,123968.25932177364
Daging Sapi Murni/Kalimantan Timur/2024-11-28,123968.25290645804
Daging Sapi Murni/Kalimantan Timur/2024-11-29,123968.2616505178
Daging Sapi Murni/Kalimantan Timur/2024-11-30,123968.25877021828
Daging Sapi Murni/Kalimantan Timur/2024-12-01,123968.24745616922
Daging Sapi Murni/Kalimantan Timur/2024-12-02,123968.25371809286
Daging Sapi Murni/Kalimantan Timur/2024-12-03,123968.26084045782
Daging Sapi Murni/Kalimantan Timur/2024-12-04,123968.25154515184
Daging Sapi Murni/Kalimantan Timur/2024-12-05,123968.2566140798
Daging Sapi Murni/Kalimantan Timur/2024-12-06,123968.25138824464
Daging Sapi Murni/Kalimantan Timur/2024-12-07,123968.27476558968
Daging Sapi Murni/Kalimantan Timur/2024-12-08,123968.274244187
Daging Sapi Murni/Kalimantan Timur/2024-12-09,123968.26873174956
Daging Sapi Murni/Kalimantan Timur/2024-12-10,123968.27109531888
Daging Sapi Murni/Kalimantan Timur/2024-12-11,123968.25178916304
Daging Sapi Murni/Kalimantan Timur/2024-12-12,123968.25593276312
Daging Sapi Murni/Kalimantan Timur/2024-12-13,123968.24090348602
Daging Sapi Murni/Kalimantan Timur/2024-12-14,123968.25491062338
Daging Sapi Murni/Kalimantan Timur/2024-12-15,123968.27099497728
Daging Sapi Murni/Kalimantan Timur/2024-12-16,123968.25914339445
Daging Sapi Murni/Kalimantan Timur/2024-12-17,123968.26284406516
Daging Sapi Murni/Kalimantan Timur/2024-12-18,123968.27772847997
Daging Sapi Murni/Kalimantan Timur/2024-12-19,123968.24928441017
Daging Sapi Murni/Kalimantan Timur/2024-12-20,123968.25641062357
Daging Sapi Murni/Kalimantan Timur/2024-12-21,123968.26245556385
Daging Sapi Murni/Kalimantan Timur/2024-12-22,123968.26055652936
Daging Sapi Murni/Kalimantan Timur/2024-12-23,123968.26772661252
Daging Sapi Murni/Kalimantan Timur/2024-12-24,123968.26047352466
Daging Sapi Murni/Kalimantan Timur/2024-12-25,123968.25433826372
Daging Sapi Murni/Kalimantan Timur/2024-12-26,123968.2615268234
Daging Sapi Murni/Kalimantan Timur/2024-12-27,123968.25797854183
Daging Sapi Murni/Kalimantan Timur/2024-12-28,123968.26335924937
Daging Sapi Murni/Kalimantan Timur/2024-12-29,123968.25847380268
Daging Sapi Murni/Kalimantan Timur/2024-12-30,123968.25280830287
Daging Sapi Murni/Kalimantan Timur/2024-12-31,123968.2512377962
Daging Sapi Murni/Kalimantan Utara/2024-10-01,123968.25421188092
Daging Sapi Murni/Kalimantan Utara/2024-10-02,123968.24831011676
Daging Sapi Murni/Kalimantan Utara/2024-10-03,123968.2502938805
Daging Sapi Murni/Kalimantan Utara/2024-10-04,123968.26077541494
Daging Sapi Murni/Kalimantan Utara/2024-10-05,123968.2553427412
Daging Sapi Murni/Kalimantan Utara/2024-10-06,123968.26150966452
Daging Sapi Murni/Kalimantan Utara/2024-10-07,123968.259861712
Daging Sapi Murni/Kalimantan Utara/2024-10-08,123968.24791117148
Daging Sapi Murni/Kalimantan Utara/2024-10-09,123968.2463243318
Daging Sapi Murni/Kalimantan Utara/2024-10-10,123968.25906312306
Daging Sapi Murni/Kalimantan Utara/2024-10-11,123968.25601616732
Daging Sapi Murni/Kalimantan Utara/2024-10-12,123968.2685782848
Daging Sapi Murni/Kalimantan Utara/2024-10-13,123968.26190486344
Daging Sapi Murni/Kalimantan Utara/2024-10-14,123968.25623461769
Daging Sapi Murni/Kalimantan Utara/2024-10-15,123968.2754794171
Daging Sapi Murni/Kalimantan Utara/2024-10-16,123968.25904756262
Daging Sapi Murni/Kalimantan Utara/2024-10-17,123968.25809086238
Daging Sapi Murni/Kalimantan Utara/2024-10-18,123968.26811751252
Daging Sapi Murni/Kalimantan Utara/2024-10-19,123968.2721565415
Daging Sapi Murni/Kalimantan Utara/2024-10-20,123968.25229008045
Daging Sapi Murni/Kalimantan Utara/2024-10-21,123968.24320231624
Daging Sapi Murni/Kalimantan Utara/2024-10-22,123968.2447603339
Daging Sapi Murni/Kalimantan Utara/2024-10-23,123968.26062151638
Daging Sapi Murni/Kalimantan Utara/2024-10-24,123968.2518759294
Daging Sapi Murni/Kalimantan Utara/2024-10-25,123968.25043741788
Daging Sapi Murni/Kalimantan Utara/2024-10-26,123968.25780008153
Daging Sapi Murni/Kalimantan Utara/2024-10-27,123968.26689761018
Daging Sapi Murni/Kalimantan Utara/2024-10-28,123968.26352733048
Daging Sapi Murni/Kalimantan Utara/2024-10-29,123968.26126463649
Daging Sapi Murni/Kalimantan Utara/2024-10-30,123968.27380940746
Daging Sapi Murni/Kalimantan Utara/2024-10-31,123968.26347155926
Daging Sapi Murni/Kalimantan Utara/2024-11-01,123968.2564610539
Daging Sapi Murni/Kalimantan Utara/2024-11-02,123968.24862988942
Daging Sapi Murni/Kalimantan Utara/2024-11-03,123968.26198555244
Daging Sapi Murni/Kalimantan Utara/2024-11-04,123968.24820789312
Daging Sapi Murni/Kalimantan Utara/2024-11-05,123968.2438269012
Daging Sapi Murni/Kalimantan Utara/2024-11-06,123968.2626722064
Daging Sapi Murni/Kalimantan Utara/2024-11-07,123968.2550990593
Daging Sapi Murni/Kalimantan Utara/2024-11-08,123968.2473744326
Daging Sapi Murni/Kalimantan Utara/2024-11-09,123968.27255930478
Daging Sapi Murni/Kalimantan Utara/2024-11-10,123968.25725136646
Daging Sapi Murni/Kalimantan Utara/2024-11-11,123968.24095040475
Daging Sapi Murni/Kalimantan Utara/2024-11-12,123968.24582793831
Daging Sapi Murni/Kalimantan Utara/2024-11-13,123968.2602375511
Daging Sapi Murni/Kalimantan Utara/2024-11-14,123968.23420235173
Daging Sapi Murni/Kalimantan Utara/2024-11-15,123968.25461759674
Daging Sapi Murni/Kalimantan Utara/2024-11-16,123968.26067721027
Daging Sapi Murni/Kalimantan Utara/2024-11-17,123968.25783663212
Daging Sapi Murni/Kalimantan Utara/2024-11-18,123968.23309085524
Daging Sapi Murni/Kalimantan Utara/2024-11-19,123968.24367680657
Daging Sapi Murni/Kalimantan Utara/2024-11-20,123968.27067888004
Daging Sapi Murni/Kalimantan Utara/2024-11-21,123968.24338242362
Daging Sapi Murni/Kalimantan Utara/2024-11-22,123968.2608798175
Daging Sapi Murni/Kalimantan Utara/2024-11-23,123968.26643551933
Daging Sapi Murni/Kalimantan Utara/2024-11-24,123968.26781046495
Daging Sapi Murni/Kalimantan Utara/2024-11-25,123968.25014168188
Daging Sapi Murni/Kalimantan Utara/2024-11-26,123968.25172540997
Daging Sapi Murni/Kalimantan Utara/2024-11-27,123968.25244341836
Daging Sapi Murni/Kalimantan Utara/2024-11-28,123968.2705452589
Daging Sapi Murni/Kalimantan Utara/2024-11-29,123968.25098165237
Daging Sapi Murni/Kalimantan Utara/2024-11-30,123968.24709124054
Daging Sapi Murni/Kalimantan Utara/2024-12-01,123968.25450649524
Daging Sapi Murni/Kalimantan Utara/2024-12-02,123968.24536562077
Daging Sapi Murni/Kalimantan Utara/2024-12-03,123968.2678766119
Daging Sapi Murni/Kalimantan Utara/2024-12-04,123968.2650797978
Daging Sapi Murni/Kalimantan Utara/2024-12-05,123968.24816566042
Daging Sapi Murni/Kalimantan Utara/2024-12-06,123968.25300145108
Daging Sapi Murni/Kalimantan Utara/2024-12-07,123968.24748066576
Daging Sapi Murni/Kalimantan Utara/2024-12-08,123968.2582036654
Daging Sapi Murni/Kalimantan Utara/2024-12-09,123968.25759924523
Daging Sapi Murni/Kalimantan Utara/2024-12-10,123968.25711130236
Daging Sapi Murni/Kalimantan Utara/2024-12-11,123968.26629685605
Daging Sapi Murni/Kalimantan Utara/2024-12-12,123968.25860657384
Daging Sapi Murni/Kalimantan Utara/2024-12-13,123968.245218656
Daging Sapi Murni/Kalimantan Utara/2024-12-14,123968.25227065403
Daging Sapi Murni/Kalimantan Utara/2024-12-15,123968.2503644934
Daging Sapi Murni/Kalimantan Utara/2024-12-16,123968.25165132384
Daging Sapi Murni/Kalimantan Utara/2024-12-17,123968.2574952548
Daging Sapi Murni/Kalimantan Utara/2024-12-18,123968.25699549742
Daging Sapi Murni/Kalimantan Utara/2024-12-19,123968.2708348382
Daging Sapi Murni/Kalimantan Utara/2024-12-20,123968.2472794405
Daging Sapi Murni/Kalimantan Utara/2024-12-21,123968.25538063329
Daging Sapi Murni/Kalimantan Utara/2024-12-22,123968.27347092608
Daging Sapi Murni/Kalimantan Utara/2024-12-23,123968.26086112266
Daging Sapi Murni/Kalimantan Utara/2024-12-24,123968.24198496884
Daging Sapi Murni/Kalimantan Utara/2024-12-25,123968.24952272768
Daging Sapi Murni/Kalimantan Utara/2024-12-26,123968.25330432192
Daging Sapi Murni/Kalimantan Utara/2024-12-27,123968.27705651414
Daging Sapi Murni/Kalimantan Utara/2024-12-28,123968.2387277508
Daging Sapi Murni/Kalimantan Utara/2024-12-29,123968.26388149966
Daging Sapi Murni/Kalimantan Utara/2024-12-30,123968.28886779482
Daging Sapi Murni/Kalimantan Utara/2024-12-31,123968.26598268338
Daging Sapi Murni/Kepulauan Bangka Belitung/2024-10-01,123968.25577144638
Daging Sapi Murni/Kepulauan Bangka Belitung/2024-10-02,123968.26972141703
Daging Sapi Murni/Kepulauan Bangka Belitung/2024-10-03,123968.2425889353
Daging Sapi Murni/Kepulauan Bangka Belitung/2024-10-04,123968.25976577072
Daging Sapi Murni/Kepulauan Bangka Belitung/2024-10-05,123968.2623133375
Daging Sapi Murni/Kepulauan Bangka Belitung/2024-10-06,123968.27706891324
Daging Sapi Murni/Kepulauan Bangka Belitung/2024-10-07,123968.25434713584
Daging Sapi Murni/Kepulauan Bangka Belitung/2024-10-08,123968.24240073
Daging Sapi Murni/Kepulauan Bangka Belitung/2024-10-09,123968.253789929
Daging Sapi Murni/Kepulauan Bangka Belitung/2024-10-10,123968.23961079432
Daging Sapi Murni/Kepulauan Bangka Belitung/2024-10-11,123968.26180993437
Daging Sapi Murni/Kepulauan Bangka Belitung/2024-10-12,123968.27086743795
Daging Sapi Murni/Kepulauan Bangka Belitung/2024-10-13,123968.2666793033
Daging Sapi Murni/Kepulauan Bangka Belitung/2024-10-14,123968.2421476589
Daging Sapi Murni/Kepulauan Bangka Belitung/2024-10-15,123968.2657330194
Daging Sapi Murni/Kepulauan Bangka Belitung/2024-10-16,123968.2512103324
Daging Sapi Murni/Kepulauan Bangka Belitung/2024-10-17,123968.24573299431
Daging Sapi Murni/Kepulauan Bangka Belitung/2024-10-18,123968.250437759
Daging Sapi Murni/Kepulauan Bangka Belitung/2024-10-19,123968.2527461604
Daging Sapi Murni/Kepulauan Bangka Belitung/2024-10-20,123968.25224085063
Daging Sapi Murni/Kepulauan Bangka Belitung/2024-10-21,123968.2616224254
Daging Sapi Murni/Kepulauan Bangka Belitung/2024-10-22,123968.27804450026
Daging Sapi Murni/Kepulauan Bangka Belitung/2024-10-23,123968.27381463908
Daging Sapi Murni/Kepulauan Bangka Belitung/2024-10-24,123968.26208841952
Daging Sapi Murni/Kepulauan Bangka Belitung/2024-10-25,123968.2740684784
Daging Sapi Murni/Kepulauan Bangka Belitung/2024-10-26,123968.26613811417
Daging Sapi Murni/Kepulauan Bangka Belitung/2024-10-27,123968.25627990962
Daging Sapi Murni/Kepulauan Bangka Belitung/2024-10-28,123968.26800417714
Daging Sapi Murni/Kepulauan Bangka Belitung/2024-10-29,123968.2718085026
Daging Sapi Murni/Kepulauan Bangka Belitung/2024-10-30,123968.2508653294
Daging Sapi Murni/Kepulauan Bangka Belitung/2024-10-31,123968.26234949943
Daging Sapi Murni/Kepulauan Bangka Belitung/2024-11-01,123968.264408933
Daging Sapi Murni/Kepulauan Bangka Belitung/2024-11-02,123968.2689068202
Daging Sapi Murni/Kepulauan Bangka Belitung/2024-11-03,123968.25385954548
Daging Sapi Murni/Kepulauan Bangka Belitung/2024-11-04,123968.26036142232
Daging Sapi Murni/Kepulauan Bangka Belitung/2024-11-05,123968.2574083284
Daging Sapi Murni/Kepulauan Bangka Belitung/2024-11-06,123968.2754101918
Daging Sapi Murni/Kepulauan Bangka Belitung/2024-11-07,123968.27861280904
Daging Sapi Murni/Kepulauan Bangka Belitung/2024-11-08,123968.25620852289
Daging Sapi Murni/Kepulauan Bangka Belitung/2024-11-09,123968.25077624925
Daging Sapi Murni/Kepulauan Bangka Belitung/2024-11-10,123968.271631745
Daging Sapi Murni/Kepulauan Bangka Belitung/2024-11-11,123968.25661302506
Daging Sapi Murni/Kepulauan Bangka Belitung/2024-11-12,123968.25095253436
Daging Sapi Murni/Kepulauan Bangka Belitung/2024-11-13,123968.25074876047
Daging Sapi Murni/Kepulauan Bangka Belitung/2024-11-14,123968.2583380472
Daging Sapi Murni/Kepulauan Bangka Belitung/2024-11-15,123968.24806297086
Daging Sapi Murni/Kepulauan Bangka Belitung/2024-11-16,123968.2566614071
Daging Sapi Murni/Kepulauan Bangka Belitung/2024-11-17,123968.26417588688
Daging Sapi Murni/Kepulauan Bangka Belitung/2024-11-18,123968.2494876678
Daging Sapi Murni/Kepulauan Bangka Belitung/2024-11-19,123968.25447377317
Daging Sapi Murni/Kepulauan Bangka Belitung/2024-11-20,123968.24716884216
Daging Sapi Murni/Kepulauan Bangka Belitung/2024-11-21,123968.25349575866
Daging Sapi Murni/Kepulauan Bangka Belitung/2024-11-22,123968.26467748042
Daging Sapi Murni/Kepulauan Bangka Belitung/2024-11-23,123968.26015077833
Daging Sapi Murni/Kepulauan Bangka Belitung/2024-11-24,123968.25997230478
Daging Sapi Murni/Kepulauan Bangka Belitung/2024-11-25,123968.26727518196
Daging Sapi Murni/Kepulauan Bangka Belitung/2024-11-26,123968.26235307526
Daging Sapi Murni/Kepulauan Bangka Belitung/2024-11-27,123968.25844386
Daging Sapi Murni/Kepulauan Bangka Belitung/2024-11-28,123968.25757078534
Daging Sapi Murni/Kepulauan Bangka Belitung/2024-11-29,123968.24490701967
Daging Sapi Murni/Kepulauan Bangka Belitung/2024-11-30,123968.2592908434
Daging Sapi Murni/Kepulauan Bangka Belitung/2024-12-01,123968.25813094198
Daging Sapi Murni/Kepulauan Bangka Belitung/2024-12-02,123968.2681558878
Daging Sapi Murni/Kepulauan Bangka Belitung/2024-12-03,123968.26002511413
Daging Sapi Murni/Kepulauan Bangka Belitung/2024-12-04,123968.26146104129
Daging Sapi Murni/Kepulauan Bangka Belitung/2024-12-05,123968.25106985662
Daging Sapi Murni/Kepulauan Bangka Belitung/2024-12-06,123968.25356287233
Daging Sapi Murni/Kepulauan Bangka Belitung/2024-12-07,123968.2651416375
Daging Sapi Murni/Kepulauan Bangka Belitung/2024-12-08,123968.25261834403
Daging Sapi Murni/Kepulauan Bangka Belitung/2024-12-09,123968.26857462304
Daging Sapi Murni/Kepulauan Bangka Belitung/2024-12-10,123968.25803513032
Daging Sapi Murni/Kepulauan Bangka Belitung/2024-12-11,123968.23996782608
Daging Sapi Murni/Kepulauan Bangka Belitung/2024-12-12,123968.245809402
Daging Sapi Murni/Kepulauan Bangka Belitung/2024-12-13,123968.260406508
Daging Sapi Murni/Kepulauan Bangka Belitung/2024-12-14,123968.27082129194
Daging Sapi Murni/Kepulauan Bangka Belitung/2024-12-15,123968.25982552262
Daging Sapi Murni/Kepulauan Bangka Belitung/2024-12-16,123968.26698229522
Daging Sapi Murni/Kepulauan Bangka Belitung/2024-12-17,123968.24621209197
Daging Sapi Murni/Kepulauan Bangka Belitung/2024-12-18,123968.26304534925
Daging Sapi Murni/Kepulauan Bangka Belitung/2024-12-19,123968.27785502556
Daging Sapi Murni/Kepulauan Bangka Belitung/2024-12-20,123968.25903857146
Daging Sapi Murni/Kepulauan Bangka Belitung/2024-12-21,123968.24919971485
Daging Sapi Murni/Kepulauan Bangka Belitung/2024-12-22,123968.25544061032
Daging Sapi Murni/Kepulauan Bangka Belitung/2024-12-23,123968.24134895518
Daging Sapi Murni/Kepulauan Bangka Belitung/2024-12-24,123968.2556931734
Daging Sapi Murni/Kepulauan Bangka Belitung/2024-12-25,123968.2552736293
Daging Sapi Murni/Kepulauan Bangka Belitung/2024-12-26,123968.25253076
Daging Sapi Murni/Kepulauan Bangka Belitung/2024-12-27,123968.25206439222
Daging Sapi Murni/Kepulauan Bangka Belitung/2024-12-28,123968.25550677432
Daging Sapi Murni/Kepulauan Bangka Belitung/2024-12-29,123968.26833939488
Daging Sapi Murni/Kepulauan Bangka Belitung/2024-12-30,123968.24629198086
Daging Sapi Murni/Kepulauan Bangka Belitung/2024-12-31,123968.2608033833
Daging Sapi Murni/Kepulauan Riau/2024-10-01,123968.25336440628
Daging Sapi Murni/Kepulauan Riau/2024-10-02,123968.26870126002
Daging Sapi Murni/Kepulauan Riau/2024-10-03,123968.250294876
Daging Sapi Murni/Kepulauan Riau/2024-10-04,123968.27720694891
Daging Sapi Murni/Kepulauan Riau/2024-10-05,123968.2639499764
Daging Sapi Murni/Kepulauan Riau/2024-10-06,123968.24869921007
Daging Sapi Murni/Kepulauan Riau/2024-10-07,123968.26117839702
Daging Sapi Murni/Kepulauan Riau/2024-10-08,123968.25825888828
Daging Sapi Murni/Kepulauan Riau/2024-10-09,123968.2666228513
Daging Sapi Murni/Kepulauan Riau/2024-10-10,123968.25855990172
Daging Sapi Murni/Kepulauan Riau/2024-10-11,123968.25871266822
Daging Sapi Murni/Kepulauan Riau/2024-10-12,123968.27221312172
Daging Sapi Murni/Kepulauan Riau/2024-10-13,123968.24155378233
Daging Sapi Murni/Kepulauan Riau/2024-10-14,123968.25286164034
Daging Sapi Murni/Kepulauan Riau/2024-10-15,123968.26673767938
Daging Sapi Murni/Kepulauan Riau/2024-10-16,123968.2459785396
Daging Sapi Murni/Kepulauan Riau/2024-10-17,123968.25635274402
Daging Sapi Murni/Kepulauan Riau/2024-10-18,123968.25880727696
Daging Sapi Murni/Kepulauan Riau/2024-10-19,123968.25389715792
Daging Sapi Murni/Kepulauan Riau/2024-10-20,123968.2527524973
Daging Sapi Murni/Kepulauan Riau/2024-10-21,123968.25640910704
Daging Sapi Murni/Kepulauan Riau/2024-10-22,123968.2536788821
Daging Sapi Murni/Kepulauan Riau/2024-10-23,123968.25008652918
Daging Sapi Murni/Kepulauan Riau/2024-10-24,123968.27276675946
Daging Sapi Murni/Kepulauan Riau/2024-10-25,123968.25548523683
Daging Sapi Murni/Kepulauan Riau/2024-10-26,123968.25844919316
Daging Sapi Murni/Kepulauan Riau/2024-10-27,123968.25420819632
Daging Sapi Murni/Kepulauan Riau/2024-10-28,123968.26450994534
Daging Sapi Murni/Kepulauan Riau/2024-10-29,123968.26267713612
Daging Sapi Murni/Kepulauan Riau/2024-10-30,123968.25007910612
Daging Sapi Murni/Kepulauan Riau/2024-10-31,123968.2650121111
Daging Sapi Murni/Kepulauan Riau/2024-11-01,123968.26191604765
Daging Sapi Murni/Kepulauan Riau/2024-11-02,123968.248741393
Daging Sapi Murni/Kepulauan Riau/2024-11-03,123968.25014372505
Daging Sapi Murni/Kepulauan Riau/2024-11-04,123968.25869196354
Daging Sapi Murni/Kepulauan Riau/2024-11-05,123968.26728123688
Daging Sapi Murni/Kepulauan Riau/2024-11-06,123968.26538512096
Daging Sapi Murni/Kepulauan Riau/2024-11-07,123968.25770594132
Daging Sapi Murni/Kepulauan Riau/2024-11-08,123968.26077749798
Daging Sapi Murni/Kepulauan Riau/2024-11-09,123968.2678498497
Daging Sapi Murni/Kepulauan Riau/2024-11-10,123968.25263256684
Daging Sapi Murni/Kepulauan Riau/2024-11-11,123968.2559398408
Daging Sapi Murni/Kepulauan Riau/2024-11-12,123968.2468887535
Daging Sapi Murni/Kepulauan Riau/2024-11-13,123968.26389791038
Daging Sapi Murni/Kepulauan Riau/2024-11-14,123968.27357110326
Daging Sapi Murni/Kepulauan Riau/2024-11-15,123968.25695977818
Daging Sapi Murni/Kepulauan Riau/2024-11-16,123968.25176812484
Daging Sapi Murni/Kepulauan Riau/2024-11-17,123968.26260489484
Daging Sapi Murni/Kepulauan Riau/2024-11-18,123968.27429922226
Daging Sapi Murni/Kepulauan Riau/2024-11-19,123968.27455042487
Daging Sapi Murni/Kepulauan Riau/2024-11-20,123968.25332869947
Daging Sapi Murni/Kepulauan Riau/2024-11-21,123968.24927735876
Daging Sapi Murni/Kepulauan Riau/2024-11-22,123968.2482294074
Daging Sapi Murni/Kepulauan Riau/2024-11-23,123968.26163995762
Daging Sapi Murni/Kepulauan Riau/2024-11-24,123968.26145498066
Daging Sapi Murni/Kepulauan Riau/2024-11-25,123968.259652916
Daging Sapi Murni/Kepulauan Riau/2024-11-26,123968.2501592705
Daging Sapi Murni/Kepulauan Riau/2024-11-27,123968.2667577586
Daging Sapi Murni/Kepulauan Riau/2024-11-28,123968.25621561012
Daging Sapi Murni/Kepulauan Riau/2024-11-29,123968.26107607396
Daging Sapi Murni/Kepulauan Riau/2024-11-30,123968.25720862206
Daging Sapi Murni/Kepulauan Riau/2024-12-01,123968.27087808422
Daging Sapi Murni/Kepulauan Riau/2024-12-02,123968.24778254153
Daging Sapi Murni/Kepulauan Riau/2024-12-03,123968.2575764997
Daging Sapi Murni/Kepulauan Riau/2024-12-04,123968.24664115926
Daging Sapi Murni/Kepulauan Riau/2024-12-05,123968.25318514966
Daging Sapi Murni/Kepulauan Riau/2024-12-06,123968.26998602036
Daging Sapi Murni/Kepulauan Riau/2024-12-07,123968.25307457622
Daging Sapi Murni/Kepulauan Riau/2024-12-08,123968.26620367792
Daging Sapi Murni/Kepulauan Riau/2024-12-09,123968.2641743558
Daging Sapi Murni/Kepulauan Riau/2024-12-10,123968.25309574053
Daging Sapi Murni/Kepulauan Riau/2024-12-11,123968.25510444884
Daging Sapi Murni/Kepulauan Riau/2024-12-12,123968.26165370148
Daging Sapi Murni/Kepulauan Riau/2024-12-13,123968.26529171506
Daging Sapi Murni/Kepulauan Riau/2024-12-14,123968.25193018056
Daging Sapi Murni/Kepulauan Riau/2024-12-15,123968.2517533204
Daging Sapi Murni/Kepulauan Riau/2024-12-16,123968.26363443078
Daging Sapi Murni/Kepulauan Riau/2024-12-17,123968.25228164448
Daging Sapi Murni/Kepulauan Riau/2024-12-18,123968.25984098292
Daging Sapi Murni/Kepulauan Riau/2024-12-19,123968.2488224179
Daging Sapi Murni/Kepulauan Riau/2024-12-20,123968.256086628
Daging Sapi Murni/Kepulauan Riau/2024-12-21,123968.26745013145
Daging Sapi Murni/Kepulauan Riau/2024-12-22,123968.26503775388
Daging Sapi Murni/Kepulauan Riau/2024-12-23,123968.26742719328
Daging Sapi Murni/Kepulauan Riau/2024-12-24,123968.25472646722
Daging Sapi Murni/Kepulauan Riau/2024-12-25,123968.25737491068
Daging Sapi Murni/Kepulauan Riau/2024-12-26,123968.25853399244
Daging Sapi Murni/Kepulauan Riau/2024-12-27,123968.27398567468
Daging Sapi Murni/Kepulauan Riau/2024-12-28,123968.24913016827
Daging Sapi Murni/Kepulauan Riau/2024-12-29,123968.25439725236
Daging Sapi Murni/Kepulauan Riau/2024-12-30,123968.27706461356
Daging Sapi Murni/Kepulauan Riau/2024-12-31,123968.26382647012
Daging Sapi Murni/Lampung/2024-10-01,123968.26614333683
Daging Sapi Murni/Lampung/2024-10-02,123968.24794982678
Daging Sapi Murni/Lampung/2024-10-03,123968.26691520803
Daging Sapi Murni/Lampung/2024-10-04,123968.24450469104
Daging Sapi Murni/Lampung/2024-10-05,123968.253722419
Daging Sapi Murni/Lampung/2024-10-06,123968.25919686515
Daging Sapi Murni/Lampung/2024-10-07,123968.27084996722
Daging Sapi Murni/Lampung/2024-10-08,123968.24266560467
Daging Sapi Murni/Lampung/2024-10-09,123968.2442045746
Daging Sapi Murni/Lampung/2024-10-10,123968.25738589924
Daging Sapi Murni/Lampung/2024-10-11,123968.26564211752
Daging Sapi Murni/Lampung/2024-10-12,123968.25795487376
Daging Sapi Murni/Lampung/2024-10-13,123968.2521961079
Daging Sapi Murni/Lampung/2024-10-14,123968.27329228172
Daging Sapi Murni/Lampung/2024-10-15,123968.2565867404
Daging Sapi Murni/Lampung/2024-10-16,123968.24124861238
Daging Sapi Murni/Lampung/2024-10-17,123968.26332547268
Daging Sapi Murni/Lampung/2024-10-18,123968.27077285491
Daging Sapi Murni/Lampung/2024-10-19,123968.24167350656
Daging Sapi Murni/Lampung/2024-10-20,123968.25747304525
Daging Sapi Murni/Lampung/2024-10-21,123968.24115400418
Daging Sapi Murni/Lampung/2024-10-22,123968.25117407856
Daging Sapi Murni/Lampung/2024-10-23,123968.24705318296
Daging Sapi Murni/Lampung/2024-10-24,123968.25824953069
Daging Sapi Murni/Lampung/2024-10-25,123968.2496740917
Daging Sapi Murni/Lampung/2024-10-26,123968.25719603876
Daging Sapi Murni/Lampung/2024-10-27,123968.25625687752
Daging Sapi Murni/Lampung/2024-10-28,123968.2601215216
Daging Sapi Murni/Lampung/2024-10-29,123968.26847114784
Daging Sapi Murni/Lampung/2024-10-30,123968.26443934086
Daging Sapi Murni/Lampung/2024-10-31,123968.2491970362
Daging Sapi Murni/Lampung/2024-11-01,123968.26096944032
Daging Sapi Murni/Lampung/2024-11-02,123968.26192732828
Daging Sapi Murni/Lampung/2024-11-03,123968.27291950696
Daging Sapi Murni/Lampung/2024-11-04,123968.24934665528
Daging Sapi Murni/Lampung/2024-11-05,123968.2877740873
Daging Sapi Murni/Lampung/2024-11-06,123968.26389640146
Daging Sapi Murni/Lampung/2024-11-07,123968.26583794376
Daging Sapi Murni/Lampung/2024-11-08,123968.2494229889
Daging Sapi Murni/Lampung/2024-11-09,123968.26624354876
Daging Sapi Murni/Lampung/2024-11-10,123968.26064168682
Daging Sapi Murni/Lampung/2024-11-11,123968.25937582404
Daging Sapi Murni/Lampung/2024-11-12,123968.25930953043
Daging Sapi Murni/Lampung/2024-11-13,123968.26903415423
Daging Sapi Murni/Lampung/2024-11-14,123968.2444209192
Daging Sapi Murni/Lampung/2024-11-15,123968.26171156112
Daging Sapi Murni/Lampung/2024-11-16,123968.28722553707
Daging Sapi Murni/Lampung/2024-11-17,123968.25086875746
Daging Sapi Murni/Lampung/2024-11-18,123968.23809442458
Daging Sapi Murni/Lampung/2024-11-19,123968.25320688814
Daging Sapi Murni/Lampung/2024-11-20,123968.24869548304
Daging Sapi Murni/Lampung/2024-11-21,123968.27293780328
Daging Sapi Murni/Lampung/2024-11-22,123968.25814604491
Daging Sapi Murni/Lampung/2024-11-23,123968.23218787952
Daging Sapi Murni/Lampung/2024-11-24,123968.25228853736
Daging Sapi Murni/Lampung/2024-11-25,123968.25638144976
Daging Sapi Murni/Lampung/2024-11-26,123968.26364783828
Daging Sapi Murni/Lampung/2024-11-27,123968.26747613406
Daging Sapi Murni/Lampung/2024-11-28,123968.2423861804
Daging Sapi Murni/Lampung/2024-11-29,123968.26345149978
Daging Sapi Murni/Lampung/2024-11-30,123968.25649198216
Daging Sapi Murni/Lampung/2024-12-01,123968.2846604795
Daging Sapi Murni/Lampung/2024-12-02,123968.25542697996
Daging Sapi Murni/Lampung/2024-12-03,123968.25978944502
Daging Sapi Murni/Lampung/2024-12-04,123968.25391800218
Daging Sapi Murni/Lampung/2024-12-05,123968.24816021672
Daging Sapi Murni/Lampung/2024-12-06,123968.27339458164
Daging Sapi Murni/Lampung/2024-12-07,123968.23176165188
Daging Sapi Murni/Lampung/2024-12-08,123968.27492319034
Daging Sapi Murni/Lampung/2024-12-09,123968.24956265096
Daging Sapi Murni/Lampung/2024-12-10,123968.25504063
Daging Sapi Murni/Lampung/2024-12-11,123968.24660996224
Daging Sapi Murni/Lampung/2024-12-12,123968.27176528076
Daging Sapi Murni/Lampung/2024-12-13,123968.26175530194
Daging Sapi Murni/Lampung/2024-12-14,123968.25928689894
Daging Sapi Murni/Lampung/2024-12-15,123968.25955348692
Daging Sapi Murni/Lampung/2024-12-16,123968.26594662704
Daging Sapi Murni/Lampung/2024-12-17,123968.25674190489
Daging Sapi Murni/Lampung/2024-12-18,123968.26380583686
Daging Sapi Murni/Lampung/2024-12-19,123968.27095210608
Daging Sapi Murni/Lampung/2024-12-20,123968.24927709448
Daging Sapi Murni/Lampung/2024-12-21,123968.24746737676
Daging Sapi Murni/Lampung/2024-12-22,123968.26416766272
Daging Sapi Murni/Lampung/2024-12-23,123968.28257502992
Daging Sapi Murni/Lampung/2024-12-24,123968.23903618872
Daging Sapi Murni/Lampung/2024-12-25,123968.26719683092
Daging Sapi Murni/Lampung/2024-12-26,123968.26265844604
Daging Sapi Murni/Lampung/2024-12-27,123968.2558028718
Daging Sapi Murni/Lampung/2024-12-28,123968.268658722
Daging Sapi Murni/Lampung/2024-12-29,123968.2628694071
Daging Sapi Murni/Lampung/2024-12-30,123968.26008457036
Daging Sapi Murni/Lampung/2024-12-31,123968.2382044478
Daging Sapi Murni/Maluku Utara/2024-10-01,123968.26635838544
Daging Sapi Murni/Maluku Utara/2024-10-02,123968.2617387618
Daging Sapi Murni/Maluku Utara/2024-10-03,123968.24813099288
Daging Sapi Murni/Maluku Utara/2024-10-04,123968.27964334302
Daging Sapi Murni/Maluku Utara/2024-10-05,123968.27148382048
Daging Sapi Murni/Maluku Utara/2024-10-06,123968.25779515816
Daging Sapi Murni/Maluku Utara/2024-10-07,123968.26678238375
Daging Sapi Murni/Maluku Utara/2024-10-08,123968.2628046574
Daging Sapi Murni/Maluku Utara/2024-10-09,123968.2553273823
Daging Sapi Murni/Maluku Utara/2024-10-10,123968.25042654415
Daging Sapi Murni/Maluku Utara/2024-10-11,123968.23715139308
Daging Sapi Murni/Maluku Utara/2024-10-12,123968.2671786805
Daging Sapi Murni/Maluku Utara/2024-10-13,123968.24968526032
Daging Sapi Murni/Maluku Utara/2024-10-14,123968.26028486084
Daging Sapi Murni/Maluku Utara/2024-10-15,123968.25501498634
Daging Sapi Murni/Maluku Utara/2024-10-16,123968.26740980832
Daging Sapi Murni/Maluku Utara/2024-10-17,123968.25324924252
Daging Sapi Murni/Maluku Utara/2024-10-18,123968.27647559438
Daging Sapi Murni/Maluku Utara/2024-10-19,123968.2629557592
Daging Sapi Murni/Maluku Utara/2024-10-20,123968.25542103074
Daging Sapi Murni/Maluku Utara/2024-10-21,123968.23895812676
Daging Sapi Murni/Maluku Utara/2024-10-22,123968.2544661328
Daging Sapi Murni/Maluku Utara/2024-10-23,123968.2709086538
Daging Sapi Murni/Maluku Utara/2024-10-24,123968.26831677584
Daging Sapi Murni/Maluku Utara/2024-10-25,123968.25238726538
Daging Sapi Murni/Maluku Utara/2024-10-26,123968.2488177199
Daging Sapi Murni/Maluku Utara/2024-10-27,123968.2422556502
Daging Sapi Murni/Maluku Utara/2024-10-28,123968.25588090689
Daging Sapi Murni/Maluku Utara/2024-10-29,123968.25400129752
Daging Sapi Murni/Maluku Utara/2024-10-30,123968.27161883264
Daging Sapi Murni/Maluku Utara/2024-10-31,123968.23722981352
Daging Sapi Murni/Maluku Utara/2024-11-01,123968.25235237682
Daging Sapi Murni/Maluku Utara/2024-11-02,123968.25823885058
Daging Sapi Murni/Maluku Utara/2024-11-03,123968.26992037627
Daging Sapi Murni/Maluku Utara/2024-11-04,123968.27154217807
Daging Sapi Murni/Maluku Utara/2024-11-05,123968.25167812574
Daging Sapi Murni/Maluku Utara/2024-11-06,123968.2712712319
Daging Sapi Murni/Maluku Utara/2024-11-07,123968.26560539647
Daging Sapi Murni/Maluku Utara/2024-11-08,123968.2508403276
Daging Sapi Murni/Maluku Utara/2024-11-09,123968.2512899006
Daging Sapi Murni/Maluku Utara/2024-11-10,123968.2591254373
Daging Sapi Murni/Maluku Utara/2024-11-11,123968.2488353978
Daging Sapi Murni/Maluku Utara/2024-11-12,123968.25195160236
Daging Sapi Murni/Maluku Utara/2024-11-13,123968.24716945924
Daging Sapi Murni/Maluku Utara/2024-11-14,123968.2526896734
Daging Sapi Murni/Maluku Utara/2024-11-15,123968.25176853265
Daging Sapi Murni/Maluku Utara/2024-11-16,123968.25443387512
Daging Sapi Murni/Maluku Utara/2024-11-17,123968.24299384258
Daging Sapi Murni/Maluku Utara/2024-11-18,123968.2722902782
Daging Sapi Murni/Maluku Utara/2024-11-19,123968.24634340713
Daging Sapi Murni/Maluku Utara/2024-11-20,123968.25666331284
Daging Sapi Murni/Maluku Utara/2024-11-21,123968.26690810402
Daging Sapi Murni/Maluku Utara/2024-11-22,123968.256385733
Daging Sapi Murni/Maluku Utara/2024-11-23,123968.2655211415
Daging Sapi Murni/Maluku Utara/2024-11-24,123968.26713219871
Daging Sapi Murni/Maluku Utara/2024-11-25,123968.27046198082
Daging Sapi Murni/Maluku Utara/2024-11-26,123968.25266875618
Daging Sapi Murni/Maluku Utara/2024-11-27,123968.259935598
Daging Sapi Murni/Maluku Utara/2024-11-28,123968.24469594852
Daging Sapi Murni/Maluku Utara/2024-11-29,123968.23962341034
Daging Sapi Murni/Maluku Utara/2024-11-30,123968.2513201888
Daging Sapi Murni/Maluku Utara/2024-12-01,123968.26635291126
Daging Sapi Murni/Maluku Utara/2024-12-02,123968.25742052104
Daging Sapi Murni/Maluku Utara/2024-12-03,123968.25843757368
Daging Sapi Murni/Maluku Utara/2024-12-04,123968.26689625416
Daging Sapi Murni/Maluku Utara/2024-12-05,123968.26794490613
Daging Sapi Murni/Maluku Utara/2024-12-06,123968.2489144222
Daging Sapi Murni/Maluku Utara/2024-12-07,123968.2469708024
Daging Sapi Murni/Maluku Utara/2024-12-08,123968.26406565851
Daging Sapi Murni/Maluku Utara/2024-12-09,123968.2622678102
Daging Sapi Murni/Maluku Utara/2024-12-10,123968.23436929802
Daging Sapi Murni/Maluku Utara/2024-12-11,123968.25972599792
Daging Sapi Murni/Maluku Utara/2024-12-12,123968.26473771736
Daging Sapi Murni/Maluku Utara/2024-12-13,123968.25752259704
Daging Sapi Murni/Maluku Utara/2024-12-14,123968.27737503532
Daging Sapi Murni/Maluku Utara/2024-12-15,123968.26482318123
Daging Sapi Murni/Maluku Utara/2024-12-16,123968.26100537182
Daging Sapi Murni/Maluku Utara/2024-12-17,123968.24698394752
Daging Sapi Murni/Maluku Utara/2024-12-18,123968.25345117922
Daging Sapi Murni/Maluku Utara/2024-12-19,123968.25514768764
Daging Sapi Murni/Maluku Utara/2024-12-20,123968.26093260018
Daging Sapi Murni/Maluku Utara/2024-12-21,123968.26033822076
Daging Sapi Murni/Maluku Utara/2024-12-22,123968.27075463824
Daging Sapi Murni/Maluku Utara/2024-12-23,123968.25790669612
Daging Sapi Murni/Maluku Utara/2024-12-24,123968.2632521497
Daging Sapi Murni/Maluku Utara/2024-12-25,123968.24154593826
Daging Sapi Murni/Maluku Utara/2024-12-26,123968.26308643534
Daging Sapi Murni/Maluku Utara/2024-12-27,123968.25873772266
Daging Sapi Murni/Maluku Utara/2024-12-28,123968.27004682888
Daging Sapi Murni/Maluku Utara/2024-12-29,123968.25279595608
Daging Sapi Murni/Maluku Utara/2024-12-30,123968.26887966118
Daging Sapi Murni/Maluku Utara/2024-12-31,123968.25597224386
Daging Sapi Murni/Maluku/2024-10-01,123968.24244353734
Daging Sapi Murni/Maluku/2024-10-02,123968.25438437778
Daging Sapi Murni/Maluku/2024-10-03,123968.26153392612
Daging Sapi Murni/Maluku/2024-10-04,123968.26818867707
Daging Sapi Murni/Maluku/2024-10-05,123968.24541899608
Daging Sapi Murni/Maluku/2024-10-06,123968.26367309988
Daging Sapi Murni/Maluku/2024-10-07,123968.24170007484
Daging Sapi Murni/Maluku/2024-10-08,123968.25469627426
Daging Sapi Murni/Maluku/2024-10-09,123968.25297038283
Daging Sapi Murni/Maluku/2024-10-10,123968.24211943132
Daging Sapi Murni/Maluku/2024-10-11,123968.25209527956
Daging Sapi Murni/Maluku/2024-10-12,123968.26975274865
Daging Sapi Murni/Maluku/2024-10-13,123968.25810055427
Daging Sapi Murni/Maluku/2024-10-14,123968.24894621556
Daging Sapi Murni/Maluku/2024-10-15,123968.25662531644
Daging Sapi Murni/Maluku/2024-10-16,123968.25194536064
Daging Sapi Murni/Maluku/2024-10-17,123968.25460153342
Daging Sapi Murni/Maluku/2024-10-18,123968.25916863931
Daging Sapi Murni/Maluku/2024-10-19,123968.27666161668
Daging Sapi Murni/Maluku/2024-10-20,123968.2621741162
Daging Sapi Murni/Maluku/2024-10-21,123968.2654234504
Daging Sapi Murni/Maluku/2024-10-22,123968.2429084742
Daging Sapi Murni/Maluku/2024-10-23,123968.26862440772
Daging Sapi Murni/Maluku/2024-10-24,123968.26666278462
Daging Sapi Murni/Maluku/2024-10-25,123968.2557967728
Daging Sapi Murni/Maluku/2024-10-26,123968.2534120664
Daging Sapi Murni/Maluku/2024-10-27,123968.25375553308
Daging Sapi Murni/Maluku/2024-10-28,123968.25127025969
Daging Sapi Murni/Maluku/2024-10-29,123968.25187544158
Daging Sapi Murni/Maluku/2024-10-30,123968.24806525857
Daging Sapi Murni/Maluku/2024-10-31,123968.26769866796
Daging Sapi Murni/Maluku/2024-11-01,123968.23821151748
Daging Sapi Murni/Maluku/2024-11-02,123968.25077888562
Daging Sapi Murni/Maluku/2024-11-03,123968.2560357868
Daging Sapi Murni/Maluku/2024-11-04,123968.2519271544
Daging Sapi Murni/Maluku/2024-11-05,123968.25475739397
Daging Sapi Murni/Maluku/2024-11-06,123968.27179172108
Daging Sapi Murni/Maluku/2024-11-07,123968.26252807686
Daging Sapi Murni/Maluku/2024-11-08,123968.2498013636
Daging Sapi Murni/Maluku/2024-11-09,123968.25936657324
Daging Sapi Murni/Maluku/2024-11-10,123968.2534043872
Daging Sapi Murni/Maluku/2024-11-11,123968.2752714629
Daging Sapi Murni/Maluku/2024-11-12,123968.24305551368
Daging Sapi Murni/Maluku/2024-11-13,123968.27918530478
Daging Sapi Murni/Maluku/2024-11-14,123968.27347902766
Daging Sapi Murni/Maluku/2024-11-15,123968.25758034107
Daging Sapi Murni/Maluku/2024-11-16,123968.25338084876
Daging Sapi Murni/Maluku/2024-11-17,123968.2609064816
Daging Sapi Murni/Maluku/2024-11-18,123968.24937515517
Daging Sapi Murni/Maluku/2024-11-19,123968.27025825264
Daging Sapi Murni/Maluku/2024-11-20,123968.27522260802
Daging Sapi Murni/Maluku/2024-11-21,123968.2680519299
Daging Sapi Murni/Maluku/2024-11-22,123968.2671917984
Daging Sapi Murni/Maluku/2024-11-23,123968.26523817194
Daging Sapi Murni/Maluku/2024-11-24,123968.26946654024
Daging Sapi Murni/Maluku/2024-11-25,123968.27030900306
Daging Sapi Murni/Maluku/2024-11-26,123968.23201853783
Daging Sapi Murni/Maluku/2024-11-27,123968.2649662664
Daging Sapi Murni/Maluku/2024-11-28,123968.27102946844
Daging Sapi Murni/Maluku/2024-11-29,123968.25146105916
Daging Sapi Murni/Maluku/2024-11-30,123968.25336405964
Daging Sapi Murni/Maluku/2024-12-01,123968.25614048056
Daging Sapi Murni/Maluku/2024-12-02,123968.26329330624
Daging Sapi Murni/Maluku/2024-12-03,123968.26574486564
Daging Sapi Murni/Maluku/2024-12-04,123968.26570133814
Daging Sapi Murni/Maluku/2024-12-05,123968.26864740447
Daging Sapi Murni/Maluku/2024-12-06,123968.26499290406
Daging Sapi Murni/Maluku/2024-12-07,123968.25946210434
Daging Sapi Murni/Maluku/2024-12-08,123968.2616862883
Daging Sapi Murni/Maluku/2024-12-09,123968.25412712636
Daging Sapi Murni/Maluku/2024-12-10,123968.246554605
Daging Sapi Murni/Maluku/2024-12-11,123968.2558576184
Daging Sapi Murni/Maluku/2024-12-12,123968.2526660522
Daging Sapi Murni/Maluku/2024-12-13,123968.25905897652
Daging Sapi Murni/Maluku/2024-12-14,123968.25805213692
Daging Sapi Murni/Maluku/2024-12-15,123968.247552266
Daging Sapi Murni/Maluku/2024-12-16,123968.26624971283
Daging Sapi Murni/Maluku/2024-12-17,123968.26155654385
Daging Sapi Murni/Maluku/2024-12-18,123968.26210104616
Daging Sapi Murni/Maluku/2024-12-19,123968.23586419504
Daging Sapi Murni/Maluku/2024-12-20,123968.26267854864
Daging Sapi Murni/Maluku/2024-12-21,123968.26992977336
Daging Sapi Murni/Maluku/2024-12-22,123968.2691166064
Daging Sapi Murni/Maluku/2024-12-23,123968.27282848848
Daging Sapi Murni/Maluku/2024-12-24,123968.27047607672
Daging Sapi Murni/Maluku/2024-12-25,123968.24522469268
Daging Sapi Murni/Maluku/2024-12-26,123968.23800126118
Daging Sapi Murni/Maluku/2024-12-27,123968.25596955411
Daging Sapi Murni/Maluku/2024-12-28,123968.248359834
Daging Sapi Murni/Maluku/2024-12-29,123968.26687326677
Daging Sapi Murni/Maluku/2024-12-30,123968.28008220944
Daging Sapi Murni/Maluku/2024-12-31,123968.24728828348
Daging Sapi Murni/Nusa Tenggara Barat/2024-10-01,123968.24873869236
Daging Sapi Murni/Nusa Tenggara Barat/2024-10-02,123968.27015555784
Daging Sapi Murni/Nusa Tenggara Barat/2024-10-03,123968.26773284962
Daging Sapi Murni/Nusa Tenggara Barat/2024-10-04,123968.26082105906
Daging Sapi Murni/Nusa Tenggara Barat/2024-10-05,123968.26532985062
Daging Sapi Murni/Nusa Tenggara Barat/2024-10-06,123968.26819676
Daging Sapi Murni/Nusa Tenggara Barat/2024-10-07,123968.25724012995
Daging Sapi Murni/Nusa Tenggara Barat/2024-10-08,123968.2484746609
Daging Sapi Murni/Nusa Tenggara Barat/2024-10-09,123968.24906346088
Daging Sapi Murni/Nusa Tenggara Barat/2024-10-10,123968.25829620926
Daging Sapi Murni/Nusa Tenggara Barat/2024-10-11,123968.2535062599
Daging Sapi Murni/Nusa Tenggara Barat/2024-10-12,123968.25315673156
Daging Sapi Murni/Nusa Tenggara Barat/2024-10-13,123968.26037572668
Daging Sapi Murni/Nusa Tenggara Barat/2024-10-14,123968.2583210998
Daging Sapi Murni/Nusa Tenggara Barat/2024-10-15,123968.2482919932
Daging Sapi Murni/Nusa Tenggara Barat/2024-10-16,123968.25595064348
Daging Sapi Murni/Nusa Tenggara Barat/2024-10-17,123968.25228000231
Daging Sapi Murni/Nusa Tenggara Barat/2024-10-18,123968.23655507655
Daging Sapi Murni/Nusa Tenggara Barat/2024-10-19,123968.24542809666
Daging Sapi Murni/Nusa Tenggara Barat/2024-10-20,123968.25144371546
Daging Sapi Murni/Nusa Tenggara Barat/2024-10-21,123968.25807529854
Daging Sapi Murni/Nusa Tenggara Barat/2024-10-22,123968.26827195924
Daging Sapi Murni/Nusa Tenggara Barat/2024-10-23,123968.25872862616
Daging Sapi Murni/Nusa Tenggara Barat/2024-10-24,123968.2604041783
Daging Sapi Murni/Nusa Tenggara Barat/2024-10-25,123968.2649956184
Daging Sapi Murni/Nusa Tenggara Barat/2024-10-26,123968.28861921468
Daging Sapi Murni/Nusa Tenggara Barat/2024-10-27,123968.26732980208
Daging Sapi Murni/Nusa Tenggara Barat/2024-10-28,123968.2684182662
Daging Sapi Murni/Nusa Tenggara Barat/2024-10-29,123968.25762106468
Daging Sapi Murni/Nusa Tenggara Barat/2024-10-30,123968.25573158092
Daging Sapi Murni/Nusa Tenggara Barat/2024-10-31,123968.25437016056
Daging Sapi Murni/Nusa Tenggara Barat/2024-11-01,123968.2671769548
Daging Sapi Murni/Nusa Tenggara Barat/2024-11-02,123968.26574705887
Daging Sapi Murni/Nusa Tenggara Barat/2024-11-03,123968.25554544338
Daging Sapi Murni/Nusa Tenggara Barat/2024-11-04,123968.26733201103
Daging Sapi Murni/Nusa Tenggara Barat/2024-11-05,123968.2744128126
Daging Sapi Murni/Nusa Tenggara Barat/2024-11-06,123968.26092986092
Daging Sapi Murni/Nusa Tenggara Barat/2024-11-07,123968.2568596875
Daging Sapi Murni/Nusa Tenggara Barat/2024-11-08,123968.26860106518
Daging Sapi Murni/Nusa Tenggara Barat/2024-11-09,123968.2585508852
Daging Sapi Murni/Nusa Tenggara Barat/2024-11-10,123968.26862460158
Daging Sapi Murni/Nusa Tenggara Barat/2024-11-11,123968.24961303256
Daging Sapi Murni/Nusa Tenggara Barat/2024-11-12,123968.24592381695
Daging Sapi Murni/Nusa Tenggara Barat/2024-11-13,123968.27868338638
Daging Sapi Murni/Nusa Tenggara Barat/2024-11-14,123968.24860845732
Daging Sapi Murni/Nusa Tenggara Barat/2024-11-15,123968.25619012458
Daging Sapi Murni/Nusa Tenggara Barat/2024-11-16,123968.2573573224
Daging Sapi Murni/Nusa Tenggara Barat/2024-11-17,123968.2438989145
Daging Sapi Murni/Nusa Tenggara Barat/2024-11-18,123968.2650819876
Daging Sapi Murni/Nusa Tenggara Barat/2024-11-19,123968.25186063466
Daging Sapi Murni/Nusa Tenggara Barat/2024-11-20,123968.26593110744
Daging Sapi Murni/Nusa Tenggara Barat/2024-11-21,123968.2459485566
Daging Sapi Murni/Nusa Tenggara Barat/2024-11-22,123968.2666306529
Daging Sapi Murni/Nusa Tenggara Barat/2024-11-23,123968.2526226057
Daging Sapi Murni/Nusa Tenggara Barat/2024-11-24,123968.26511963006
Daging Sapi Murni/Nusa Tenggara Barat/2024-11-25,123968.25998549016
Daging Sapi Murni/Nusa Tenggara Barat/2024-11-26,123968.25855513282
Daging Sapi Murni/Nusa Tenggara Barat/2024-11-27,123968.25840486522
Daging Sapi Murni/Nusa Tenggara Barat/2024-11-28,123968.23759374836
Daging Sapi Murni/Nusa Tenggara Barat/2024-11-29,123968.23950995502
Daging Sapi Murni/Nusa Tenggara Barat/2024-11-30,123968.26153348038
Daging Sapi Murni/Nusa Tenggara Barat/2024-12-01,123968.26719629578
Daging Sapi Murni/Nusa Tenggara Barat/2024-12-02,123968.26523672568
Daging Sapi Murni/Nusa Tenggara Barat/2024-12-03,123968.25974061408
Daging Sapi Murni/Nusa Tenggara Barat/2024-12-04,123968.2479694534
Daging Sapi Murni/Nusa Tenggara Barat/2024-12-05,123968.25880728004
Daging Sapi Murni/Nusa Tenggara Barat/2024-12-06,123968.27128366489
Daging Sapi Murni/Nusa Tenggara Barat/2024-12-07,123968.2601025736
Daging Sapi Murni/Nusa Tenggara Barat/2024-12-08,123968.24905695303
Daging Sapi Murni/Nusa Tenggara Barat/2024-12-09,123968.25282791404
Daging Sapi Murni/Nusa Tenggara Barat/2024-12-10,123968.2669375318
Daging Sapi Murni/Nusa Tenggara Barat/2024-12-11,123968.24549224916
Daging Sapi Murni/Nusa Tenggara Barat/2024-12-12,123968.26083232313
Daging Sapi Murni/Nusa Tenggara Barat/2024-12-13,123968.27027852093
Daging Sapi Murni/Nusa Tenggara Barat/2024-12-14,123968.25363322058
Daging Sapi Murni/Nusa Tenggara Barat/2024-12-15,123968.25077170596
Daging Sapi Murni/Nusa Tenggara Barat/2024-12-16,123968.24223095064
Daging Sapi Murni/Nusa Tenggara Barat/2024-12-17,123968.25817751394
Daging Sapi Murni/Nusa Tenggara Barat/2024-12-18,123968.26807848326
Daging Sapi Murni/Nusa Tenggara Barat/2024-12-19,123968.24802343376
Daging Sapi Murni/Nusa Tenggara Barat/2024-12-20,123968.25219395694
Daging Sapi Murni/Nusa Tenggara Barat/2024-12-21,123968.24186506416
Daging Sapi Murni/Nusa Tenggara Barat/2024-12-22,123968.24774009976
Daging Sapi Murni/Nusa Tenggara Barat/2024-12-23,123968.26857658428
Daging Sapi Murni/Nusa Tenggara Barat/2024-12-24,123968.28270669056
Daging Sapi Murni/Nusa Tenggara Barat/2024-12-25,123968.26437161872
Daging Sapi Murni/Nusa Tenggara Barat/2024-12-26,123968.27297760847
Daging Sapi Murni/Nusa Tenggara Barat/2024-12-27,123968.26668251625
Daging Sapi Murni/Nusa Tenggara Barat/2024-12-28,123968.25358503674
Daging Sapi Murni/Nusa Tenggara Barat/2024-12-29,123968.26983333986
Daging Sapi Murni/Nusa Tenggara Barat/2024-12-30,123968.24849397756
Daging Sapi Murni/Nusa Tenggara Barat/2024-12-31,123968.25538481382
Daging Sapi Murni/Nusa Tenggara Timur/2024-10-01,123968.2484392156
Daging Sapi Murni/Nusa Tenggara Timur/2024-10-02,123968.24590021532
Daging Sapi Murni/Nusa Tenggara Timur/2024-10-03,123968.27472281911
Daging Sapi Murni/Nusa Tenggara Timur/2024-10-04,123968.25791728593
Daging Sapi Murni/Nusa Tenggara Timur/2024-10-05,123968.23844991594
Daging Sapi Murni/Nusa Tenggara Timur/2024-10-06,123968.25676030996
Daging Sapi Murni/Nusa Tenggara Timur/2024-10-07,123968.2665656592
Daging Sapi Murni/Nusa Tenggara Timur/2024-10-08,123968.27195292265
Daging Sapi Murni/Nusa Tenggara Timur/2024-10-09,123968.23979802556
Daging Sapi Murni/Nusa Tenggara Timur/2024-10-10,123968.2481323494
Daging Sapi Murni/Nusa Tenggara Timur/2024-10-11,123968.25642282792
Daging Sapi Murni/Nusa Tenggara Timur/2024-10-12,123968.2385792146
Daging Sapi Murni/Nusa Tenggara Timur/2024-10-13,123968.24257719716
Daging Sapi Murni/Nusa Tenggara Timur/2024-10-14,123968.26555838644
Daging Sapi Murni/Nusa Tenggara Timur/2024-10-15,123968.2446518413
Daging Sapi Murni/Nusa Tenggara Timur/2024-10-16,123968.2645535646
Daging Sapi Murni/Nusa Tenggara Timur/2024-10-17,123968.27498301744
Daging Sapi Murni/Nusa Tenggara Timur/2024-10-18,123968.2406096023
Daging Sapi Murni/Nusa Tenggara Timur/2024-10-19,123968.26553743432
Daging Sapi Murni/Nusa Tenggara Timur/2024-10-20,123968.25797684546
Daging Sapi Murni/Nusa Tenggara Timur/2024-10-21,123968.25770879776
Daging Sapi Murni/Nusa Tenggara Timur/2024-10-22,123968.261030433
Daging Sapi Murni/Nusa Tenggara Timur/2024-10-23,123968.24787705306
Daging Sapi Murni/Nusa Tenggara Timur/2024-10-24,123968.25325186472
Daging Sapi Murni/Nusa Tenggara Timur/2024-10-25,123968.25196763437
Daging Sapi Murni/Nusa Tenggara Timur/2024-10-26,123968.27271677618
Daging Sapi Murni/Nusa Tenggara Timur/2024-10-27,123968.2349563598
Daging Sapi Murni/Nusa Tenggara Timur/2024-10-28,123968.26956191473
Daging Sapi Murni/Nusa Tenggara Timur/2024-10-29,123968.2676427774
Daging Sapi Murni/Nusa Tenggara Timur/2024-10-30,123968.256494649
Daging Sapi Murni/Nusa Tenggara Timur/2024-10-31,123968.26671001766
Daging Sapi Murni/Nusa Tenggara Timur/2024-11-01,123968.25955373324
Daging Sapi Murni/Nusa Tenggara Timur/2024-11-02,123968.25094101246
Daging Sapi Murni/Nusa Tenggara Timur/2024-11-03,123968.2588571724
Daging Sapi Murni/Nusa Tenggara Timur/2024-11-04,123968.2500441882
Daging Sapi Murni/Nusa Tenggara Timur/2024-11-05,123968.26097903306
Daging Sapi Murni/Nusa Tenggara Timur/2024-11-06,123968.24270402524
Daging Sapi Murni/Nusa Tenggara Timur/2024-11-07,123968.27432234547
Daging Sapi Murni/Nusa Tenggara Timur/2024-11-08,123968.25226095085
Daging Sapi Murni/Nusa Tenggara Timur/2024-11-09,123968.24989897298
Daging Sapi Murni/Nusa Tenggara Timur/2024-11-10,123968.24584715356
Daging Sapi Murni/Nusa Tenggara Timur/2024-11-11,123968.25969286314
Daging Sapi Murni/Nusa Tenggara Timur/2024-11-12,123968.24365787704
Daging Sapi Murni/Nusa Tenggara Timur/2024-11-13,123968.25552347924
Daging Sapi Murni/Nusa Tenggara Timur/2024-11-14,123968.269749578
Daging Sapi Murni/Nusa Tenggara Timur/2024-11-15,123968.24649901384
Daging Sapi Murni/Nusa Tenggara Timur/2024-11-16,123968.26650258472
Daging Sapi Murni/Nusa Tenggara Timur/2024-11-17,123968.26470963884
Daging Sapi Murni/Nusa Tenggara Timur/2024-11-18,123968.26793645592
Daging Sapi Murni/Nusa Tenggara Timur/2024-11-19,123968.26768702522
Daging Sapi Murni/Nusa Tenggara Timur/2024-11-20,123968.25032902762
Daging Sapi Murni/Nusa Tenggara Timur/2024-11-21,123968.25939184356
Daging Sapi Murni/Nusa Tenggara Timur/2024-11-22,123968.26092461744
Daging Sapi Murni/Nusa Tenggara Timur/2024-11-23,123968.2556261307
Daging Sapi Murni/Nusa Tenggara Timur/2024-11-24,123968.26965567132
Daging Sapi Murni/Nusa Tenggara Timur/2024-11-25,123968.26246299587
Daging Sapi Murni/Nusa Tenggara Timur/2024-11-26,123968.21834813055
Daging Sapi Murni/Nusa Tenggara Timur/2024-11-27,123968.25735881964
Daging Sapi Murni/Nusa Tenggara Timur/2024-11-28,123968.26585461838
Daging Sapi Murni/Nusa Tenggara Timur/2024-11-29,123968.26035735638
Daging Sapi Murni/Nusa Tenggara Timur/2024-11-30,123968.2553753806
Daging Sapi Murni/Nusa Tenggara Timur/2024-12-01,123968.25936775107
Daging Sapi Murni/Nusa Tenggara Timur/2024-12-02,123968.25544645156
Daging Sapi Murni/Nusa Tenggara Timur/2024-12-03,123968.24468280042
Daging Sapi Murni/Nusa Tenggara Timur/2024-12-04,123968.23867318596
Daging Sapi Murni/Nusa Tenggara Timur/2024-12-05,123968.25008466546
Daging Sapi Murni/Nusa Tenggara Timur/2024-12-06,123968.26316345482
Daging Sapi Murni/Nusa Tenggara Timur/2024-12-07,123968.25691989389
Daging Sapi Murni/Nusa Tenggara Timur/2024-12-08,123968.27938592348
Daging Sapi Murni/Nusa Tenggara Timur/2024-12-09,123968.2529698825
Daging Sapi Murni/Nusa Tenggara Timur/2024-12-10,123968.24831966172
Daging Sapi Murni/Nusa Tenggara Timur/2024-12-11,123968.26028118435
Daging Sapi Murni/Nusa Tenggara Timur/2024-12-12,123968.25081575848
Daging Sapi Murni/Nusa Tenggara Timur/2024-12-13,123968.27436114916
Daging Sapi Murni/Nusa Tenggara Timur/2024-12-14,123968.2620447269
Daging Sapi Murni/Nusa Tenggara Timur/2024-12-15,123968.26366106656
Daging Sapi Murni/Nusa Tenggara Timur/2024-12-16,123968.2730847994
Daging Sapi Murni/Nusa Tenggara Timur/2024-12-17,123968.26146782756
Daging Sapi Murni/Nusa Tenggara Timur/2024-12-18,123968.26159430314
Daging Sapi Murni/Nusa Tenggara Timur/2024-12-19,123968.23251229424
Daging Sapi Murni/Nusa Tenggara Timur/2024-12-20,123968.27277350414
Daging Sapi Murni/Nusa Tenggara Timur/2024-12-21,123968.26354763504
Daging Sapi Murni/Nusa Tenggara Timur/2024-12-22,123968.26787934965
Daging Sapi Murni/Nusa Tenggara Timur/2024-12-23,123968.25429917291
Daging Sapi Murni/Nusa Tenggara Timur/2024-12-24,123968.26491492764
Daging Sapi Murni/Nusa Tenggara Timur/2024-12-25,123968.267378401
Daging Sapi Murni/Nusa Tenggara Timur/2024-12-26,123968.25373393742
Daging Sapi Murni/Nusa Tenggara Timur/2024-12-27,123968.25570040732
Daging Sapi Murni/Nusa Tenggara Timur/2024-12-28,123968.26927385756
Daging Sapi Murni/Nusa Tenggara Timur/2024-12-29,123968.2330929492
Daging Sapi Murni/Nusa Tenggara Timur/2024-12-30,123968.2461264917
Daging Sapi Murni/Nusa Tenggara Timur/2024-12-31,123968.2703522813
Daging Sapi Murni/Papua Barat/2024-10-01,123968.24862090813
Daging Sapi Murni/Papua Barat/2024-10-02,123968.2597414018
Daging Sapi Murni/Papua Barat/2024-10-03,123968.27457527956
Daging Sapi Murni/Papua Barat/2024-10-04,123968.2560671002
Daging Sapi Murni/Papua Barat/2024-10-05,123968.25583514776
Daging Sapi Murni/Papua Barat/2024-10-06,123968.25567918572
Daging Sapi Murni/Papua Barat/2024-10-07,123968.2612986366
Daging Sapi Murni/Papua Barat/2024-10-08,123968.2554602156
Daging Sapi Murni/Papua Barat/2024-10-09,123968.2426770305
Daging Sapi Murni/Papua Barat/2024-10-10,123968.273760515
Daging Sapi Murni/Papua Barat/2024-10-11,123968.27330206154
Daging Sapi Murni/Papua Barat/2024-10-12,123968.2605796948
Daging Sapi Murni/Papua Barat/2024-10-13,123968.27707343912
Daging Sapi Murni/Papua Barat/2024-10-14,123968.2380994434
Daging Sapi Murni/Papua Barat/2024-10-15,123968.2602242272
Daging Sapi Murni/Papua Barat/2024-10-16,123968.24412615392
Daging Sapi Murni/Papua Barat/2024-10-17,123968.25184962136
Daging Sapi Murni/Papua Barat/2024-10-18,123968.24963623348
Daging Sapi Murni/Papua Barat/2024-10-19,123968.24734503232
Daging Sapi Murni/Papua Barat/2024-10-20,123968.25369380682
Daging Sapi Murni/Papua Barat/2024-10-21,123968.26288874632
Daging Sapi Murni/Papua Barat/2024-10-22,123968.26193722572
Daging Sapi Murni/Papua Barat/2024-10-23,123968.2639135225
Daging Sapi Murni/Papua Barat/2024-10-24,123968.25692485116
Daging Sapi Murni/Papua Barat/2024-10-25,123968.252624876
Daging Sapi Murni/Papua Barat/2024-10-26,123968.24571751768
Daging Sapi Murni/Papua Barat/2024-10-27,123968.25378140692
Daging Sapi Murni/Papua Barat/2024-10-28,123968.25626279067
Daging Sapi Murni/Papua Barat/2024-10-29,123968.25517521186
Daging Sapi Murni/Papua Barat/2024-10-30,123968.2711460145
Daging Sapi Murni/Papua Barat/2024-10-31,123968.25355806825
Daging Sapi Murni/Papua Barat/2024-11-01,123968.25374680918
Daging Sapi Murni/Papua Barat/2024-11-02,123968.25810947375
Daging Sapi Murni/Papua Barat/2024-11-03,123968.25741536228
Daging Sapi Murni/Papua Barat/2024-11-04,123968.25013316196
Daging Sapi Murni/Papua Barat/2024-11-05,123968.24948054703
Daging Sapi Murni/Papua Barat/2024-11-06,123968.24803593224
Daging Sapi Murni/Papua Barat/2024-11-07,123968.26663811796
Daging Sapi Murni/Papua Barat/2024-11-08,123968.26776665932
Daging Sapi Murni/Papua Barat/2024-11-09,123968.26591348607
Daging Sapi Murni/Papua Barat/2024-11-10,123968.24600698645
Daging Sapi Murni/Papua Barat/2024-11-11,123968.25798160346
Daging Sapi Murni/Papua Barat/2024-11-12,123968.25969496564
Daging Sapi Murni/Papua Barat/2024-11-13,123968.25124253987
Daging Sapi Murni/Papua Barat/2024-11-14,123968.24501265652
Daging Sapi Murni/Papua Barat/2024-11-15,123968.2559472044
Daging Sapi Murni/Papua Barat/2024-11-16,123968.2442033906
Daging Sapi Murni/Papua Barat/2024-11-17,123968.26089915216
Daging Sapi Murni/Papua Barat/2024-11-18,123968.26896418244
Daging Sapi Murni/Papua Barat/2024-11-19,123968.2569678596
Daging Sapi Murni/Papua Barat/2024-11-20,123968.253917926
Daging Sapi Murni/Papua Barat/2024-11-21,123968.26127127589
Daging Sapi Murni/Papua Barat/2024-11-22,123968.25371368854
Daging Sapi Murni/Papua Barat/2024-11-23,123968.25288819874
Daging Sapi Murni/Papua Barat/2024-11-24,123968.25662590998
Daging Sapi Murni/Papua Barat/2024-11-25,123968.26581376052
Daging Sapi Murni/Papua Barat/2024-11-26,123968.24926956207
Daging Sapi Murni/Papua Barat/2024-11-27,123968.2428495398
Daging Sapi Murni/Papua Barat/2024-11-28,123968.27980032176
Daging Sapi Murni/Papua Barat/2024-11-29,123968.25545949688
Daging Sapi Murni/Papua Barat/2024-11-30,123968.24312738668
Daging Sapi Murni/Papua Barat/2024-12-01,123968.2678607168
Daging Sapi Murni/Papua Barat/2024-12-02,123968.23977949432
Daging Sapi Murni/Papua Barat/2024-12-03,123968.23718879912
Daging Sapi Murni/Papua Barat/2024-12-04,123968.26182081531
Daging Sapi Murni/Papua Barat/2024-12-05,123968.25103159844
Daging Sapi Murni/Papua Barat/2024-12-06,123968.27426415362
Daging Sapi Murni/Papua Barat/2024-12-07,123968.26412221562
Daging Sapi Murni/Papua Barat/2024-12-08,123968.25806039806
Daging Sapi Murni/Papua Barat/2024-12-09,123968.26355737331
Daging Sapi Murni/Papua Barat/2024-12-10,123968.25237001
Daging Sapi Murni/Papua Barat/2024-12-11,123968.26192574891
Daging Sapi Murni/Papua Barat/2024-12-12,123968.25243661058
Daging Sapi Murni/Papua Barat/2024-12-13,123968.25985592164
Daging Sapi Murni/Papua Barat/2024-12-14,123968.25821399328
Daging Sapi Murni/Papua Barat/2024-12-15,123968.24370150302
Daging Sapi Murni/Papua Barat/2024-12-16,123968.24215391246
Daging Sapi Murni/Papua Barat/2024-12-17,123968.25376286016
Daging Sapi Murni/Papua Barat/2024-12-18,123968.26606113688
Daging Sapi Murni/Papua Barat/2024-12-19,123968.2463422732
Daging Sapi Murni/Papua Barat/2024-12-20,123968.24372995834
Daging Sapi Murni/Papua Barat/2024-12-21,123968.26460764626
Daging Sapi Murni/Papua Barat/2024-12-22,123968.26639282414
Daging Sapi Murni/Papua Barat/2024-12-23,123968.26124334129
Daging Sapi Murni/Papua Barat/2024-12-24,123968.26533099927
Daging Sapi Murni/Papua Barat/2024-12-25,123968.25372768652
Daging Sapi Murni/Papua Barat/2024-12-26,123968.244314034
Daging Sapi Murni/Papua Barat/2024-12-27,123968.25138327396
Daging Sapi Murni/Papua Barat/2024-12-28,123968.24516455992
Daging Sapi Murni/Papua Barat/2024-12-29,123968.24988490528
Daging Sapi Murni/Papua Barat/2024-12-30,123968.23516756955
Daging Sapi Murni/Papua Barat/2024-12-31,123968.26131289844
Daging Sapi Murni/Papua/2024-10-01,123968.25900552011
Daging Sapi Murni/Papua/2024-10-02,123968.25394700989
Daging Sapi Murni/Papua/2024-10-03,123968.25332993112
Daging Sapi Murni/Papua/2024-10-04,123968.25038568804
Daging Sapi Murni/Papua/2024-10-05,123968.24873365824
Daging Sapi Murni/Papua/2024-10-06,123968.24517714397
Daging Sapi Murni/Papua/2024-10-07,123968.26245373584
Daging Sapi Murni/Papua/2024-10-08,123968.254398584
Daging Sapi Murni/Papua/2024-10-09,123968.26294132257
Daging Sapi Murni/Papua/2024-10-10,123968.27007441984
Daging Sapi Murni/Papua/2024-10-11,123968.24751654292
Daging Sapi Murni/Papua/2024-10-12,123968.26180596634
Daging Sapi Murni/Papua/2024-10-13,123968.24692246856
Daging Sapi Murni/Papua/2024-10-14,123968.26158913189
Daging Sapi Murni/Papua/2024-10-15,123968.2607052657
Daging Sapi Murni/Papua/2024-10-16,123968.25680870704
Daging Sapi Murni/Papua/2024-10-17,123968.25821133358
Daging Sapi Murni/Papua/2024-10-18,123968.26674518747
Daging Sapi Murni/Papua/2024-10-19,123968.25391512376
Daging Sapi Murni/Papua/2024-10-20,123968.27008200424
Daging Sapi Murni/Papua/2024-10-21,123968.24660550426
Daging Sapi Murni/Papua/2024-10-22,123968.2548960156
Daging Sapi Murni/Papua/2024-10-23,123968.25579654104
Daging Sapi Murni/Papua/2024-10-24,123968.24643127776
Daging Sapi Murni/Papua/2024-10-25,123968.24804657322
Daging Sapi Murni/Papua/2024-10-26,123968.25562183835
Daging Sapi Murni/Papua/2024-10-27,123968.24379158556
Daging Sapi Murni/Papua/2024-10-28,123968.24634425707
Daging Sapi Murni/Papua/2024-10-29,123968.2470763264
Daging Sapi Murni/Papua/2024-10-30,123968.2483217192
Daging Sapi Murni/Papua/2024-10-31,123968.27295940752
Daging Sapi Murni/Papua/2024-11-01,123968.25957049332
Daging Sapi Murni/Papua/2024-11-02,123968.24798429129
Daging Sapi Murni/Papua/2024-11-03,123968.26764218678
Daging Sapi Murni/Papua/2024-11-04,123968.2500211904
Daging Sapi Murni/Papua/2024-11-05,123968.25316010384
Daging Sapi Murni/Papua/2024-11-06,123968.26477559075
Daging Sapi Murni/Papua/2024-11-07,123968.25157435196
Daging Sapi Murni/Papua/2024-11-08,123968.26784722318
Daging Sapi Murni/Papua/2024-11-09,123968.25024812564
Daging Sapi Murni/Papua/2024-11-10,123968.26455927288
Daging Sapi Murni/Papua/2024-11-11,123968.25005302404
Daging Sapi Murni/Papua/2024-11-12,123968.25795502184
Daging Sapi Murni/Papua/2024-11-13,123968.2885558461
Daging Sapi Murni/Papua/2024-11-14,123968.25680056942
Daging Sapi Murni/Papua/2024-11-15,123968.27689766049
Daging Sapi Murni/Papua/2024-11-16,123968.25997344808
Daging Sapi Murni/Papua/2024-11-17,123968.25498375378
Daging Sapi Murni/Papua/2024-11-18,123968.25676127942
Daging Sapi Murni/Papua/2024-11-19,123968.26025431938
Daging Sapi Murni/Papua/2024-11-20,123968.2531212228
Daging Sapi Murni/Papua/2024-11-21,123968.25999519991
Daging Sapi Murni/Papua/2024-11-22,123968.26122660968
Daging Sapi Murni/Papua/2024-11-23,123968.25532662238
Daging Sapi Murni/Papua/2024-11-24,123968.26402104156
Daging Sapi Murni/Papua/2024-11-25,123968.27447317008
Daging Sapi Murni/Papua/2024-11-26,123968.23753962862
Daging Sapi Murni/Papua/2024-11-27,123968.2527760292
Daging Sapi Murni/Papua/2024-11-28,123968.2695055937
Daging Sapi Murni/Papua/2024-11-29,123968.27475778626
Daging Sapi Murni/Papua/2024-11-30,123968.24023626464
Daging Sapi Murni/Papua/2024-12-01,123968.26380162308
Daging Sapi Murni/Papua/2024-12-02,123968.27211634416
Daging Sapi Murni/Papua/2024-12-03,123968.27085113883
Daging Sapi Murni/Papua/2024-12-04,123968.2593910355
Daging Sapi Murni/Papua/2024-12-05,123968.2327386246
Daging Sapi Murni/Papua/2024-12-06,123968.26038164074
Daging Sapi Murni/Papua/2024-12-07,123968.26256774909
Daging Sapi Murni/Papua/2024-12-08,123968.26188581582
Daging Sapi Murni/Papua/2024-12-09,123968.2679405025
Daging Sapi Murni/Papua/2024-12-10,123968.246228051
Daging Sapi Murni/Papua/2024-12-11,123968.25531823152
Daging Sapi Murni/Papua/2024-12-12,123968.25609493809
Daging Sapi Murni/Papua/2024-12-13,123968.2679359955
Daging Sapi Murni/Papua/2024-12-14,123968.25858087064
Daging Sapi Murni/Papua/2024-12-15,123968.26586207488
Daging Sapi Murni/Papua/2024-12-16,123968.25263150856
Daging Sapi Murni/Papua/2024-12-17,123968.2615407458
Daging Sapi Murni/Papua/2024-12-18,123968.2526646517
Daging Sapi Murni/Papua/2024-12-19,123968.24805070536
Daging Sapi Murni/Papua/2024-12-20,123968.2675984942
Daging Sapi Murni/Papua/2024-12-21,123968.25113523744
Daging Sapi Murni/Papua/2024-12-22,123968.2474623444
Daging Sapi Murni/Papua/2024-12-23,123968.2743703987
Daging Sapi Murni/Papua/2024-12-24,123968.2382538947
Daging Sapi Murni/Papua/2024-12-25,123968.2723662424
Daging Sapi Murni/Papua/2024-12-26,123968.23882073142
Daging Sapi Murni/Papua/2024-12-27,123968.25541303014
Daging Sapi Murni/Papua/2024-12-28,123968.26022567893
Daging Sapi Murni/Papua/2024-12-29,123968.22761064905
Daging Sapi Murni/Papua/2024-12-30,123968.26510534988
Daging Sapi Murni/Papua/2024-12-31,123968.26221273982
Daging Sapi Murni/Riau/2024-10-01,123968.26577849472
Daging Sapi Murni/Riau/2024-10-02,123968.24824040115
Daging Sapi Murni/Riau/2024-10-03,123968.27028471696
Daging Sapi Murni/Riau/2024-10-04,123968.25184024844
Daging Sapi Murni/Riau/2024-10-05,123968.28279024376
Daging Sapi Murni/Riau/2024-10-06,123968.24895202862
Daging Sapi Murni/Riau/2024-10-07,123968.2464124707
Daging Sapi Murni/Riau/2024-10-08,123968.2523212363
Daging Sapi Murni/Riau/2024-10-09,123968.25137146776
Daging Sapi Murni/Riau/2024-10-10,123968.26899175344
Daging Sapi Murni/Riau/2024-10-11,123968.25197613034
Daging Sapi Murni/Riau/2024-10-12,123968.25512888332
Daging Sapi Murni/Riau/2024-10-13,123968.26218421804
Daging Sapi Murni/Riau/2024-10-14,123968.2549873152
Daging Sapi Murni/Riau/2024-10-15,123968.23806004516
Daging Sapi Murni/Riau/2024-10-16,123968.26621944126
Daging Sapi Murni/Riau/2024-10-17,123968.26285149214
Daging Sapi Murni/Riau/2024-10-18,123968.25614007717
Daging Sapi Murni/Riau/2024-10-19,123968.26177292311
Daging Sapi Murni/Riau/2024-10-20,123968.24917602848
Daging Sapi Murni/Riau/2024-10-21,123968.24106486296
Daging Sapi Murni/Riau/2024-10-22,123968.26416736672
Daging Sapi Murni/Riau/2024-10-23,123968.26918667975
Daging Sapi Murni/Riau/2024-10-24,123968.25156539836
Daging Sapi Murni/Riau/2024-10-25,123968.23392209006
Daging Sapi Murni/Riau/2024-10-26,123968.2530773083
Daging Sapi Murni/Riau/2024-10-27,123968.27098595096
Daging Sapi Murni/Riau/2024-10-28,123968.25332581
Daging Sapi Murni/Riau/2024-10-29,123968.25633849106
Daging Sapi Murni/Riau/2024-10-30,123968.25517035068
Daging Sapi Murni/Riau/2024-10-31,123968.26233617828
Daging Sapi Murni/Riau/2024-11-01,123968.24296107308
Daging Sapi Murni/Riau/2024-11-02,123968.277158804
Daging Sapi Murni/Riau/2024-11-03,123968.2553395254
Daging Sapi Murni/Riau/2024-11-04,123968.25324067703
Daging Sapi Murni/Riau/2024-11-05,123968.2531583706
Daging Sapi Murni/Riau/2024-11-06,123968.22834046932
Daging Sapi Murni/Riau/2024-11-07,123968.2806857175
Daging Sapi Murni/Riau/2024-11-08,123968.27058181864
Daging Sapi Murni/Riau/2024-11-09,123968.25719086756
Daging Sapi Murni/Riau/2024-11-10,123968.2597084054
Daging Sapi Murni/Riau/2024-11-11,123968.25277900236
Daging Sapi Murni/Riau/2024-11-12,123968.24802884462
Daging Sapi Murni/Riau/2024-11-13,123968.26052572466
Daging Sapi Murni/Riau/2024-11-14,123968.25537369656
Daging Sapi Murni/Riau/2024-11-15,123968.24529366592
Daging Sapi Murni/Riau/2024-11-16,123968.26016327216
Daging Sapi Murni/Riau/2024-11-17,123968.26135440067
Daging Sapi Murni/Riau/2024-11-18,123968.26065675078
Daging Sapi Murni/Riau/2024-11-19,123968.26110204891
Daging Sapi Murni/Riau/2024-11-20,123968.249519462
Daging Sapi Murni/Riau/2024-11-21,123968.25604324568
Daging Sapi Murni/Riau/2024-11-22,123968.27442628152
Daging Sapi Murni/Riau/2024-11-23,123968.26284347472
Daging Sapi Murni/Riau/2024-11-24,123968.26753621688
Daging Sapi Murni/Riau/2024-11-25,123968.24872235012
Daging Sapi Murni/Riau/2024-11-26,123968.27512461034
Daging Sapi Murni/Riau/2024-11-27,123968.26394594036
Daging Sapi Murni/Riau/2024-11-28,123968.2551788826
Daging Sapi Murni/Riau/2024-11-29,123968.25519581194
Daging Sapi Murni/Riau/2024-11-30,123968.25475611282
Daging Sapi Murni/Riau/2024-12-01,123968.2490358604
Daging Sapi Murni/Riau/2024-12-02,123968.27873630064
Daging Sapi Murni/Riau/2024-12-03,123968.2620079985
Daging Sapi Murni/Riau/2024-12-04,123968.25309382124
Daging Sapi Murni/Riau/2024-12-05,123968.25388832702
Daging Sapi Murni/Riau/2024-12-06,123968.24554389948
Daging Sapi Murni/Riau/2024-12-07,123968.26819113414
Daging Sapi Murni/Riau/2024-12-08,123968.25763577964
Daging Sapi Murni/Riau/2024-12-09,123968.26683821992
Daging Sapi Murni/Riau/2024-12-10,123968.24086116054
Daging Sapi Murni/Riau/2024-12-11,123968.26493273718
Daging Sapi Murni/Riau/2024-12-12,123968.26202706624
Daging Sapi Murni/Riau/2024-12-13,123968.29350204108
Daging Sapi Murni/Riau/2024-12-14,123968.2569817362
Daging Sapi Murni/Riau/2024-12-15,123968.26262065736
Daging Sapi Murni/Riau/2024-12-16,123968.26624693534
Daging Sapi Murni/Riau/2024-12-17,123968.26126610092
Daging Sapi Murni/Riau/2024-12-18,123968.2702256832
Daging Sapi Murni/Riau/2024-12-19,123968.25620669278
Daging Sapi Murni/Riau/2024-12-20,123968.25815681089
Daging Sapi Murni/Riau/2024-12-21,123968.25227125113
Daging Sapi Murni/Riau/2024-12-22,123968.27082513605
Daging Sapi Murni/Riau/2024-12-23,123968.26834021784
Daging Sapi Murni/Riau/2024-12-24,123968.2628359358
Daging Sapi Murni/Riau/2024-12-25,123968.25251855346
Daging Sapi Murni/Riau/2024-12-26,123968.25940593892
Daging Sapi Murni/Riau/2024-12-27,123968.25245867824
Daging Sapi Murni/Riau/2024-12-28,123968.262595386
Daging Sapi Murni/Riau/2024-12-29,123968.281986241
Daging Sapi Murni/Riau/2024-12-30,123968.26156341998
Daging Sapi Murni/Riau/2024-12-31,123968.2537827379
Daging Sapi Murni/Sulawesi Barat/2024-10-01,123968.2447642934
Daging Sapi Murni/Sulawesi Barat/2024-10-02,123968.25622560628
Daging Sapi Murni/Sulawesi Barat/2024-10-03,123968.25860282462
Daging Sapi Murni/Sulawesi Barat/2024-10-04,123968.251009246
Daging Sapi Murni/Sulawesi Barat/2024-10-05,123968.26075418128
Daging Sapi Murni/Sulawesi Barat/2024-10-06,123968.25689193109
Daging Sapi Murni/Sulawesi Barat/2024-10-07,123968.25835254142
Daging Sapi Murni/Sulawesi Barat/2024-10-08,123968.25984007804
Daging Sapi Murni/Sulawesi Barat/2024-10-09,123968.25488138212
Daging Sapi Murni/Sulawesi Barat/2024-10-10,123968.25299694456
Daging Sapi Murni/Sulawesi Barat/2024-10-11,123968.24878985922
Daging Sapi Murni/Sulawesi Barat/2024-10-12,123968.2549546465
Daging Sapi Murni/Sulawesi Barat/2024-10-13,123968.26026235368
Daging Sapi Murni/Sulawesi Barat/2024-10-14,123968.26923688024
Daging Sapi Murni/Sulawesi Barat/2024-10-15,123968.2635223912
Daging Sapi Murni/Sulawesi Barat/2024-10-16,123968.2491736468
Daging Sapi Murni/Sulawesi Barat/2024-10-17,123968.2556132962
Daging Sapi Murni/Sulawesi Barat/2024-10-18,123968.26893555648
Daging Sapi Murni/Sulawesi Barat/2024-10-19,123968.25303769992
Daging Sapi Murni/Sulawesi Barat/2024-10-20,123968.26179859915
Daging Sapi Murni/Sulawesi Barat/2024-10-21,123968.2504573888
Daging Sapi Murni/Sulawesi Barat/2024-10-22,123968.25206558556
Daging Sapi Murni/Sulawesi Barat/2024-10-23,123968.2458725412
Daging Sapi Murni/Sulawesi Barat/2024-10-24,123968.261782706
Daging Sapi Murni/Sulawesi Barat/2024-10-25,123968.26200362612
Daging Sapi Murni/Sulawesi Barat/2024-10-26,123968.26573401265
Daging Sapi Murni/Sulawesi Barat/2024-10-27,123968.24476784466
Daging Sapi Murni/Sulawesi Barat/2024-10-28,123968.25338936306
Daging Sapi Murni/Sulawesi Barat/2024-10-29,123968.25711186428
Daging Sapi Murni/Sulawesi Barat/2024-10-30,123968.25314696698
Daging Sapi Murni/Sulawesi Barat/2024-10-31,123968.2588977804
Daging Sapi Murni/Sulawesi Barat/2024-11-01,123968.24101257864
Daging Sapi Murni/Sulawesi Barat/2024-11-02,123968.25317560948
Daging Sapi Murni/Sulawesi Barat/2024-11-03,123968.26277224526
Daging Sapi Murni/Sulawesi Barat/2024-11-04,123968.26661387632
Daging Sapi Murni/Sulawesi Barat/2024-11-05,123968.2545696249
Daging Sapi Murni/Sulawesi Barat/2024-11-06,123968.25299229968
Daging Sapi Murni/Sulawesi Barat/2024-11-07,123968.2610618594
Daging Sapi Murni/Sulawesi Barat/2024-11-08,123968.27020424308
Daging Sapi Murni/Sulawesi Barat/2024-11-09,123968.25183604631
Daging Sapi Murni/Sulawesi Barat/2024-11-10,123968.25738004934
Daging Sapi Murni/Sulawesi Barat/2024-11-11,123968.25883366611
Daging Sapi Murni/Sulawesi Barat/2024-11-12,123968.2514882769
Daging Sapi Murni/Sulawesi Barat/2024-11-13,123968.23173161948
Daging Sapi Murni/Sulawesi Barat/2024-11-14,123968.2520941925
Daging Sapi Murni/Sulawesi Barat/2024-11-15,123968.24726681868
Daging Sapi Murni/Sulawesi Barat/2024-11-16,123968.27619880602
Daging Sapi Murni/Sulawesi Barat/2024-11-17,123968.253343661
Daging Sapi Murni/Sulawesi Barat/2024-11-18,123968.2468963981
Daging Sapi Murni/Sulawesi Barat/2024-11-19,123968.2572588712
Daging Sapi Murni/Sulawesi Barat/2024-11-20,123968.25309266282
Daging Sapi Murni/Sulawesi Barat/2024-11-21,123968.273446861
Daging Sapi Murni/Sulawesi Barat/2024-11-22,123968.2608623756
Daging Sapi Murni/Sulawesi Barat/2024-11-23,123968.27101043498
Daging Sapi Murni/Sulawesi Barat/2024-11-24,123968.25367270217
Daging Sapi Murni/Sulawesi Barat/2024-11-25,123968.26160404664
Daging Sapi Murni/Sulawesi Barat/2024-11-26,123968.26297894584
Daging Sapi Murni/Sulawesi Barat/2024-11-27,123968.25890229014
Daging Sapi Murni/Sulawesi Barat/2024-11-28,123968.263612586
Daging Sapi Murni/Sulawesi Barat/2024-11-29,123968.26080597492
Daging Sapi Murni/Sulawesi Barat/2024-11-30,123968.25679895544
Daging Sapi Murni/Sulawesi Barat/2024-12-01,123968.26491378863
Daging Sapi Murni/Sulawesi Barat/2024-12-02,123968.2602407667
Daging Sapi Murni/Sulawesi Barat/2024-12-03,123968.24919493876
Daging Sapi Murni/Sulawesi Barat/2024-12-04,123968.25715601332
Daging Sapi Murni/Sulawesi Barat/2024-12-05,123968.26412404235
Daging Sapi Murni/Sulawesi Barat/2024-12-06,123968.24830777817
Daging Sapi Murni/Sulawesi Barat/2024-12-07,123968.2584962734
Daging Sapi Murni/Sulawesi Barat/2024-12-08,123968.26243941444
Daging Sapi Murni/Sulawesi Barat/2024-12-09,123968.2625512734
Daging Sapi Murni/Sulawesi Barat/2024-12-10,123968.2522474369
Daging Sapi Murni/Sulawesi Barat/2024-12-11,123968.25560072911
Daging Sapi Murni/Sulawesi Barat/2024-12-12,123968.26218122452
Daging Sapi Murni/Sulawesi Barat/2024-12-13,123968.27061672832
Daging Sapi Murni/Sulawesi Barat/2024-12-14,123968.26894456348
Daging Sapi Murni/Sulawesi Barat/2024-12-15,123968.25100070184
Daging Sapi Murni/Sulawesi Barat/2024-12-16,123968.24202109384
Daging Sapi Murni/Sulawesi Barat/2024-12-17,123968.25932821412
Daging Sapi Murni/Sulawesi Barat/2024-12-18,123968.25703632749
Daging Sapi Murni/Sulawesi Barat/2024-12-19,123968.26155884287
Daging Sapi Murni/Sulawesi Barat/2024-12-20,123968.26342104546
Daging Sapi Murni/Sulawesi Barat/2024-12-21,123968.26965066828
Daging Sapi Murni/Sulawesi Barat/2024-12-22,123968.25910191202
Daging Sapi Murni/Sulawesi Barat/2024-12-23,123968.26771875843
Daging Sapi Murni/Sulawesi Barat/2024-12-24,123968.26156222633
Daging Sapi Murni/Sulawesi Barat/2024-12-25,123968.26344521236
Daging Sapi Murni/Sulawesi Barat/2024-12-26,123968.25020076244
Daging Sapi Murni/Sulawesi Barat/2024-12-27,123968.26711897003
Daging Sapi Murni/Sulawesi Barat/2024-12-28,123968.2723052966
Daging Sapi Murni/Sulawesi Barat/2024-12-29,123968.24031050762
Daging Sapi Murni/Sulawesi Barat/2024-12-30,123968.26020996964
Daging Sapi Murni/Sulawesi Barat/2024-12-31,123968.2570749132
Daging Sapi Murni/Sulawesi Selatan/2024-10-01,123968.26643506426
Daging Sapi Murni/Sulawesi Selatan/2024-10-02,123968.24871256176
Daging Sapi Murni/Sulawesi Selatan/2024-10-03,123968.2632933636
Daging Sapi Murni/Sulawesi Selatan/2024-10-04,123968.27493184038
Daging Sapi Murni/Sulawesi Selatan/2024-10-05,123968.2619976876
Daging Sapi Murni/Sulawesi Selatan/2024-10-06,123968.24702433504
Daging Sapi Murni/Sulawesi Selatan/2024-10-07,123968.2391771734
Daging Sapi Murni/Sulawesi Selatan/2024-10-08,123968.24892957376
Daging Sapi Murni/Sulawesi Selatan/2024-10-09,123968.25233677212
Daging Sapi Murni/Sulawesi Selatan/2024-10-10,123968.254158418
Daging Sapi Murni/Sulawesi Selatan/2024-10-11,123968.25401167704
Daging Sapi Murni/Sulawesi Selatan/2024-10-12,123968.24920311548
Daging Sapi Murni/Sulawesi Selatan/2024-10-13,123968.26671528774
Daging Sapi Murni/Sulawesi Selatan/2024-10-14,123968.26354526904
Daging Sapi Murni/Sulawesi Selatan/2024-10-15,123968.27209880734
Daging Sapi Murni/Sulawesi Selatan/2024-10-16,123968.25890376262
Daging Sapi Murni/Sulawesi Selatan/2024-10-17,123968.26959374073
Daging Sapi Murni/Sulawesi Selatan/2024-10-18,123968.2453292982
Daging Sapi Murni/Sulawesi Selatan/2024-10-19,123968.25195247625
Daging Sapi Murni/Sulawesi Selatan/2024-10-20,123968.26817633097
Daging Sapi Murni/Sulawesi Selatan/2024-10-21,123968.25877266108
Daging Sapi Murni/Sulawesi Selatan/2024-10-22,123968.2448608898
Daging Sapi Murni/Sulawesi Selatan/2024-10-23,123968.26876558522
Daging Sapi Murni/Sulawesi Selatan/2024-10-24,123968.25384039362
Daging Sapi Murni/Sulawesi Selatan/2024-10-25,123968.26525891012
Daging Sapi Murni/Sulawesi Selatan/2024-10-26,123968.26495100706
Daging Sapi Murni/Sulawesi Selatan/2024-10-27,123968.25498449744
Daging Sapi Murni/Sulawesi Selatan/2024-10-28,123968.26877959693
Daging Sapi Murni/Sulawesi Selatan/2024-10-29,123968.26203926415
Daging Sapi Murni/Sulawesi Selatan/2024-10-30,123968.26030129987
Daging Sapi Murni/Sulawesi Selatan/2024-10-31,123968.25478830063
Daging Sapi Murni/Sulawesi Selatan/2024-11-01,123968.24948841066
Daging Sapi Murni/Sulawesi Selatan/2024-11-02,123968.24928339069
Daging Sapi Murni/Sulawesi Selatan/2024-11-03,123968.27187750116
Daging Sapi Murni/Sulawesi Selatan/2024-11-04,123968.24018642596
Daging Sapi Murni/Sulawesi Selatan/2024-11-05,123968.25971952624
Daging Sapi Murni/Sulawesi Selatan/2024-11-06,123968.25559700996
Daging Sapi Murni/Sulawesi Selatan/2024-11-07,123968.24645726391
Daging Sapi Murni/Sulawesi Selatan/2024-11-08,123968.26490238904
Daging Sapi Murni/Sulawesi Selatan/2024-11-09,123968.2310021416
Daging Sapi Murni/Sulawesi Selatan/2024-11-10,123968.26859128576
Daging Sapi Murni/Sulawesi Selatan/2024-11-11,123968.2574812381
Daging Sapi Murni/Sulawesi Selatan/2024-11-12,123968.26583473154
Daging Sapi Murni/Sulawesi Selatan/2024-11-13,123968.27345345772
Daging Sapi Murni/Sulawesi Selatan/2024-11-14,123968.26692493937
Daging Sapi Murni/Sulawesi Selatan/2024-11-15,123968.25897482072
Daging Sapi Murni/Sulawesi Selatan/2024-11-16,123968.26648670807
Daging Sapi Murni/Sulawesi Selatan/2024-11-17,123968.25224803956
Daging Sapi Murni/Sulawesi Selatan/2024-11-18,123968.26823137626
Daging Sapi Murni/Sulawesi Selatan/2024-11-19,123968.252220934
Daging Sapi Murni/Sulawesi Selatan/2024-11-20,123968.26120265144
Daging Sapi Murni/Sulawesi Selatan/2024-11-21,123968.26475431344
Daging Sapi Murni/Sulawesi Selatan/2024-11-22,123968.24635228052
Daging Sapi Murni/Sulawesi Selatan/2024-11-23,123968.26287392448
Daging Sapi Murni/Sulawesi Selatan/2024-11-24,123968.23983233498
Daging Sapi Murni/Sulawesi Selatan/2024-11-25,123968.2508948145
Daging Sapi Murni/Sulawesi Selatan/2024-11-26,123968.26843765826
Daging Sapi Murni/Sulawesi Selatan/2024-11-27,123968.25888484596
Daging Sapi Murni/Sulawesi Selatan/2024-11-28,123968.25502860056
Daging Sapi Murni/Sulawesi Selatan/2024-11-29,123968.25375587596
Daging Sapi Murni/Sulawesi Selatan/2024-11-30,123968.26696335147
Daging Sapi Murni/Sulawesi Selatan/2024-12-01,123968.27850438032
Daging Sapi Murni/Sulawesi Selatan/2024-12-02,123968.26025962536
Daging Sapi Murni/Sulawesi Selatan/2024-12-03,123968.25742264355
Daging Sapi Murni/Sulawesi Selatan/2024-12-04,123968.24934108186
Daging Sapi Murni/Sulawesi Selatan/2024-12-05,123968.25107017971
Daging Sapi Murni/Sulawesi Selatan/2024-12-06,123968.2444547332
Daging Sapi Murni/Sulawesi Selatan/2024-12-07,123968.268248857
Daging Sapi Murni/Sulawesi Selatan/2024-12-08,123968.26505089906
Daging Sapi Murni/Sulawesi Selatan/2024-12-09,123968.2553605741
Daging Sapi Murni/Sulawesi Selatan/2024-12-10,123968.2518130349
Daging Sapi Murni/Sulawesi Selatan/2024-12-11,123968.2606371156
Daging Sapi Murni/Sulawesi Selatan/2024-12-12,123968.25698099702
Daging Sapi Murni/Sulawesi Selatan/2024-12-13,123968.26923953452
Daging Sapi Murni/Sulawesi Selatan/2024-12-14,123968.27194127686
Daging Sapi Murni/Sulawesi Selatan/2024-12-15,123968.2663126468
Daging Sapi Murni/Sulawesi Selatan/2024-12-16,123968.25330250584
Daging Sapi Murni/Sulawesi Selatan/2024-12-17,123968.24951996324
Daging Sapi Murni/Sulawesi Selatan/2024-12-18,123968.26400246182
Daging Sapi Murni/Sulawesi Selatan/2024-12-19,123968.2444854124
Daging Sapi Murni/Sulawesi Selatan/2024-12-20,123968.26162618786
Daging Sapi Murni/Sulawesi Selatan/2024-12-21,123968.24952591036
Daging Sapi Murni/Sulawesi Selatan/2024-12-22,123968.26861336386
Daging Sapi Murni/Sulawesi Selatan/2024-12-23,123968.27349702718
Daging Sapi Murni/Sulawesi Selatan/2024-12-24,123968.2551132953
Daging Sapi Murni/Sulawesi Selatan/2024-12-25,123968.23648360744
Daging Sapi Murni/Sulawesi Selatan/2024-12-26,123968.25577648196
Daging Sapi Murni/Sulawesi Selatan/2024-12-27,123968.24510183495
Daging Sapi Murni/Sulawesi Selatan/2024-12-28,123968.27221562578
Daging Sapi Murni/Sulawesi Selatan/2024-12-29,123968.27488068816
Daging Sapi Murni/Sulawesi Selatan/2024-12-30,123968.26377414996
Daging Sapi Murni/Sulawesi Selatan/2024-12-31,123968.268431067
Daging Sapi Murni/Sulawesi Tengah/2024-10-01,123968.24731578484
Daging Sapi Murni/Sulawesi Tengah/2024-10-02,123968.24033067464
Daging Sapi Murni/Sulawesi Tengah/2024-10-03,123968.25707202833
Daging Sapi Murni/Sulawesi Tengah/2024-10-04,123968.27490053572
Daging Sapi Murni/Sulawesi Tengah/2024-10-05,123968.2616183776
Daging Sapi Murni/Sulawesi Tengah/2024-10-06,123968.27053683683
Daging Sapi Murni/Sulawesi Tengah/2024-10-07,123968.26356752552
Daging Sapi Murni/Sulawesi Tengah/2024-10-08,123968.26115397204
Daging Sapi Murni/Sulawesi Tengah/2024-10-09,123968.26350051546
Daging Sapi Murni/Sulawesi Tengah/2024-10-10,123968.26012875658
Daging Sapi Murni/Sulawesi Tengah/2024-10-11,123968.27387123562
Daging Sapi Murni/Sulawesi Tengah/2024-10-12,123968.26451113884
Daging Sapi Murni/Sulawesi Tengah/2024-10-13,123968.26488194986
Daging Sapi Murni/Sulawesi Tengah/2024-10-14,123968.2389355123
Daging Sapi Murni/Sulawesi Tengah/2024-10-15,123968.24727334734
Daging Sapi Murni/Sulawesi Tengah/2024-10-16,123968.26474886254
Daging Sapi Murni/Sulawesi Tengah/2024-10-17,123968.26061459072
Daging Sapi Murni/Sulawesi Tengah/2024-10-18,123968.24717910837
Daging Sapi Murni/Sulawesi Tengah/2024-10-19,123968.26153893828
Daging Sapi Murni/Sulawesi Tengah/2024-10-20,123968.2633558214
Daging Sapi Murni/Sulawesi Tengah/2024-10-21,123968.25060618068
Daging Sapi Murni/Sulawesi Tengah/2024-10-22,123968.2578619876
Daging Sapi Murni/Sulawesi Tengah/2024-10-23,123968.2687676675
Daging Sapi Murni/Sulawesi Tengah/2024-10-24,123968.26990670056
Daging Sapi Murni/Sulawesi Tengah/2024-10-25,123968.254818765
Daging Sapi Murni/Sulawesi Tengah/2024-10-26,123968.24414028403
Daging Sapi Murni/Sulawesi Tengah/2024-10-27,123968.2547681335
Daging Sapi Murni/Sulawesi Tengah/2024-10-28,123968.25785633195
Daging Sapi Murni/Sulawesi Tengah/2024-10-29,123968.24411482272
Daging Sapi Murni/Sulawesi Tengah/2024-10-30,123968.26895484468
Daging Sapi Murni/Sulawesi Tengah/2024-10-31,123968.245553961
Daging Sapi Murni/Sulawesi Tengah/2024-11-01,123968.25551398244
Daging Sapi Murni/Sulawesi Tengah/2024-11-02,123968.24701221829
Daging Sapi Murni/Sulawesi Tengah/2024-11-03,123968.24832719576
Daging Sapi Murni/Sulawesi Tengah/2024-11-04,123968.2648930967
Daging Sapi Murni/Sulawesi Tengah/2024-11-05,123968.24224968624
Daging Sapi Murni/Sulawesi Tengah/2024-11-06,123968.26583434732
Daging Sapi Murni/Sulawesi Tengah/2024-11-07,123968.27800134964
Daging Sapi Murni/Sulawesi Tengah/2024-11-08,123968.2727911818
Daging Sapi Murni/Sulawesi Tengah/2024-11-09,123968.25920745105
Daging Sapi Murni/Sulawesi Tengah/2024-11-10,123968.26840729448
Daging Sapi Murni/Sulawesi Tengah/2024-11-11,123968.2644660432
Daging Sapi Murni/Sulawesi Tengah/2024-11-12,123968.25093621472
Daging Sapi Murni/Sulawesi Tengah/2024-11-13,123968.25251072472
Daging Sapi Murni/Sulawesi Tengah/2024-11-14,123968.26617882751
Daging Sapi Murni/Sulawesi Tengah/2024-11-15,123968.24682985852
Daging Sapi Murni/Sulawesi Tengah/2024-11-16,123968.25786185345
Daging Sapi Murni/Sulawesi Tengah/2024-11-17,123968.25782869667
Daging Sapi Murni/Sulawesi Tengah/2024-11-18,123968.26842337871
Daging Sapi Murni/Sulawesi Tengah/2024-11-19,123968.24364086146
Daging Sapi Murni/Sulawesi Tengah/2024-11-20,123968.24426944456
Daging Sapi Murni/Sulawesi Tengah/2024-11-21,123968.2546906541
Daging Sapi Murni/Sulawesi Tengah/2024-11-22,123968.24818215858
Daging Sapi Murni/Sulawesi Tengah/2024-11-23,123968.25338893688
Daging Sapi Murni/Sulawesi Tengah/2024-11-24,123968.2478744012
Daging Sapi Murni/Sulawesi Tengah/2024-11-25,123968.2564635223
Daging Sapi Murni/Sulawesi Tengah/2024-11-26,123968.2533991642
Daging Sapi Murni/Sulawesi Tengah/2024-11-27,123968.25411513793
Daging Sapi Murni/Sulawesi Tengah/2024-11-28,123968.2638643856
Daging Sapi Murni/Sulawesi Tengah/2024-11-29,123968.26132412704
Daging Sapi Murni/Sulawesi Tengah/2024-11-30,123968.2529184907
Daging Sapi Murni/Sulawesi Tengah/2024-12-01,123968.26050621182
Daging Sapi Murni/Sulawesi Tengah/2024-12-02,123968.25977336946
Daging Sapi Murni/Sulawesi Tengah/2024-12-03,123968.25204448948
Daging Sapi Murni/Sulawesi Tengah/2024-12-04,123968.25980282453
Daging Sapi Murni/Sulawesi Tengah/2024-12-05,123968.260532779
Daging Sapi Murni/Sulawesi Tengah/2024-12-06,123968.2603403998
Daging Sapi Murni/Sulawesi Tengah/2024-12-07,123968.24650367472
Daging Sapi Murni/Sulawesi Tengah/2024-12-08,123968.2719661799
Daging Sapi Murni/Sulawesi Tengah/2024-12-09,123968.24980790477
Daging Sapi Murni/Sulawesi Tengah/2024-12-10,123968.2534826584
Daging Sapi Murni/Sulawesi Tengah/2024-12-11,123968.27209246565
Daging Sapi Murni/Sulawesi Tengah/2024-12-12,123968.26421686853
Daging Sapi Murni/Sulawesi Tengah/2024-12-13,123968.27040207812
Daging Sapi Murni/Sulawesi Tengah/2024-12-14,123968.25937890152
Daging Sapi Murni/Sulawesi Tengah/2024-12-15,123968.25736151512
Daging Sapi Murni/Sulawesi Tengah/2024-12-16,123968.2514493789
Daging Sapi Murni/Sulawesi Tengah/2024-12-17,123968.25405817304
Daging Sapi Murni/Sulawesi Tengah/2024-12-18,123968.23949363778
Daging Sapi Murni/Sulawesi Tengah/2024-12-19,123968.25533482144
Daging Sapi Murni/Sulawesi Tengah/2024-12-20,123968.26753271102
Daging Sapi Murni/Sulawesi Tengah/2024-12-21,123968.2787931771
Daging Sapi Murni/Sulawesi Tengah/2024-12-22,123968.2569306586
Daging Sapi Murni/Sulawesi Tengah/2024-12-23,123968.26114342525
Daging Sapi Murni/Sulawesi Tengah/2024-12-24,123968.24799748872
Daging Sapi Murni/Sulawesi Tengah/2024-12-25,123968.24255635712
Daging Sapi Murni/Sulawesi Tengah/2024-12-26,123968.26467673444
Daging Sapi Murni/Sulawesi Tengah/2024-12-27,123968.25934602812
Daging Sapi Murni/Sulawesi Tengah/2024-12-28,123968.2660306918
Daging Sapi Murni/Sulawesi Tengah/2024-12-29,123968.2461224901
Daging Sapi Murni/Sulawesi Tengah/2024-12-30,123968.25678893935
Daging Sapi Murni/Sulawesi Tengah/2024-12-31,123968.256702836
Daging Sapi Murni/Sulawesi Tenggara/2024-10-01,123968.25765459512
Daging Sapi Murni/Sulawesi Tenggara/2024-10-02,123968.2629898962
Daging Sapi Murni/Sulawesi Tenggara/2024-10-03,123968.25840452863
Daging Sapi Murni/Sulawesi Tenggara/2024-10-04,123968.26102687127
Daging Sapi Murni/Sulawesi Tenggara/2024-10-05,123968.25300419849
Daging Sapi Murni/Sulawesi Tenggara/2024-10-06,123968.2639340172
Daging Sapi Murni/Sulawesi Tenggara/2024-10-07,123968.2439925253
Daging Sapi Murni/Sulawesi Tenggara/2024-10-08,123968.23962434984
Daging Sapi Murni/Sulawesi Tenggara/2024-10-09,123968.24472567777
Daging Sapi Murni/Sulawesi Tenggara/2024-10-10,123968.277365085
Daging Sapi Murni/Sulawesi Tenggara/2024-10-11,123968.26853955576
Daging Sapi Murni/Sulawesi Tenggara/2024-10-12,123968.27501577236
Daging Sapi Murni/Sulawesi Tenggara/2024-10-13,123968.2757544202
Daging Sapi Murni/Sulawesi Tenggara/2024-10-14,123968.25719588084
Daging Sapi Murni/Sulawesi Tenggara/2024-10-15,123968.2553845109
Daging Sapi Murni/Sulawesi Tenggara/2024-10-16,123968.25756965022
Daging Sapi Murni/Sulawesi Tenggara/2024-10-17,123968.25188863926
Daging Sapi Murni/Sulawesi Tenggara/2024-10-18,123968.25851380869
Daging Sapi Murni/Sulawesi Tenggara/2024-10-19,123968.24954282546
Daging Sapi Murni/Sulawesi Tenggara/2024-10-20,123968.26622029395
Daging Sapi Murni/Sulawesi Tenggara/2024-10-21,123968.26966929456
Daging Sapi Murni/Sulawesi Tenggara/2024-10-22,123968.26561241435
Daging Sapi Murni/Sulawesi Tenggara/2024-10-23,123968.25684315198
Daging Sapi Murni/Sulawesi Tenggara/2024-10-24,123968.26658490948
Daging Sapi Murni/Sulawesi Tenggara/2024-10-25,123968.2489182304
Daging Sapi Murni/Sulawesi Tenggara/2024-10-26,123968.25430040236
Daging Sapi Murni/Sulawesi Tenggara/2024-10-27,123968.27890833234
Daging Sapi Murni/Sulawesi Tenggara/2024-10-28,123968.25515949396
Daging Sapi Murni/Sulawesi Tenggara/2024-10-29,123968.27494367152
Daging Sapi Murni/Sulawesi Tenggara/2024-10-30,123968.25612809506
Daging Sapi Murni/Sulawesi Tenggara/2024-10-31,123968.25712090128
Daging Sapi Murni/Sulawesi Tenggara/2024-11-01,123968.26496614664
Daging Sapi Murni/Sulawesi Tenggara/2024-11-02,123968.26870324832
Daging Sapi Murni/Sulawesi Tenggara/2024-11-03,123968.25797424938
Daging Sapi Murni/Sulawesi Tenggara/2024-11-04,123968.2534986534
Daging Sapi Murni/Sulawesi Tenggara/2024-11-05,123968.25831194383
Daging Sapi Murni/Sulawesi Tenggara/2024-11-06,123968.24970206775
Daging Sapi Murni/Sulawesi Tenggara/2024-11-07,123968.2557674338
Daging Sapi Murni/Sulawesi Tenggara/2024-11-08,123968.25346386275
Daging Sapi Murni/Sulawesi Tenggara/2024-11-09,123968.25729729024
Daging Sapi Murni/Sulawesi Tenggara/2024-11-10,123968.25882301788
Daging Sapi Murni/Sulawesi Tenggara/2024-11-11,123968.26071928788
Daging Sapi Murni/Sulawesi Tenggara/2024-11-12,123968.25329487372
Daging Sapi Murni/Sulawesi Tenggara/2024-11-13,123968.2528624208
Daging Sapi Murni/Sulawesi Tenggara/2024-11-14,123968.26350798843
Daging Sapi Murni/Sulawesi Tenggara/2024-11-15,123968.25312274424
Daging Sapi Murni/Sulawesi Tenggara/2024-11-16,123968.25451049257
Daging Sapi Murni/Sulawesi Tenggara/2024-11-17,123968.25786831432
Daging Sapi Murni/Sulawesi Tenggara/2024-11-18,123968.25121520166
Daging Sapi Murni/Sulawesi Tenggara/2024-11-19,123968.2583391972
Daging Sapi Murni/Sulawesi Tenggara/2024-11-20,123968.2569293408
Daging Sapi Murni/Sulawesi Tenggara/2024-11-21,123968.24025499167
Daging Sapi Murni/Sulawesi Tenggara/2024-11-22,123968.25166941017
Daging Sapi Murni/Sulawesi Tenggara/2024-11-23,123968.25688651238
Daging Sapi Murni/Sulawesi Tenggara/2024-11-24,123968.27461865332
Daging Sapi Murni/Sulawesi Tenggara/2024-11-25,123968.25752826947
Daging Sapi Murni/Sulawesi Tenggara/2024-11-26,123968.24605451182
Daging Sapi Murni/Sulawesi Tenggara/2024-11-27,123968.25941018398
Daging Sapi Murni/Sulawesi Tenggara/2024-11-28,123968.25358564302
Daging Sapi Murni/Sulawesi Tenggara/2024-11-29,123968.25710512017
Daging Sapi Murni/Sulawesi Tenggara/2024-11-30,123968.2574079641
Daging Sapi Murni/Sulawesi Tenggara/2024-12-01,123968.2632913738
Daging Sapi Murni/Sulawesi Tenggara/2024-12-02,123968.23818898872
Daging Sapi Murni/Sulawesi Tenggara/2024-12-03,123968.26632195905
Daging Sapi Murni/Sulawesi Tenggara/2024-12-04,123968.25421425277
Daging Sapi Murni/Sulawesi Tenggara/2024-12-05,123968.26345434596
Daging Sapi Murni/Sulawesi Tenggara/2024-12-06,123968.24934594631
Daging Sapi Murni/Sulawesi Tenggara/2024-12-07,123968.2347338626
Daging Sapi Murni/Sulawesi Tenggara/2024-12-08,123968.26260834336
Daging Sapi Murni/Sulawesi Tenggara/2024-12-09,123968.26712997176
Daging Sapi Murni/Sulawesi Tenggara/2024-12-10,123968.25683358604
Daging Sapi Murni/Sulawesi Tenggara/2024-12-11,123968.24785792708
Daging Sapi Murni/Sulawesi Tenggara/2024-12-12,123968.26979626188
Daging Sapi Murni/Sulawesi Tenggara/2024-12-13,123968.24703108297
Daging Sapi Murni/Sulawesi Tenggara/2024-12-14,123968.26587005668
Daging Sapi Murni/Sulawesi Tenggara/2024-12-15,123968.27439983514
Daging Sapi Murni/Sulawesi Tenggara/2024-12-16,123968.26314522212
Daging Sapi Murni/Sulawesi Tenggara/2024-12-17,123968.2341919614
Daging Sapi Murni/Sulawesi Tenggara/2024-12-18,123968.26534829973
Daging Sapi Murni/Sulawesi Tenggara/2024-12-19,123968.25838791244
Daging Sapi Murni/Sulawesi Tenggara/2024-12-20,123968.26022929014
Daging Sapi Murni/Sulawesi Tenggara/2024-12-21,123968.27005234933
Daging Sapi Murni/Sulawesi Tenggara/2024-12-22,123968.25668776956
Daging Sapi Murni/Sulawesi Tenggara/2024-12-23,123968.24639603336
Daging Sapi Murni/Sulawesi Tenggara/2024-12-24,123968.2521816295
Daging Sapi Murni/Sulawesi Tenggara/2024-12-25,123968.25745567471
Daging Sapi Murni/Sulawesi Tenggara/2024-12-26,123968.26982270589
Daging Sapi Murni/Sulawesi Tenggara/2024-12-27,123968.25739305244
Daging Sapi Murni/Sulawesi Tenggara/2024-12-28,123968.25816139313
Daging Sapi Murni/Sulawesi Tenggara/2024-12-29,123968.25122930232
Daging Sapi Murni/Sulawesi Tenggara/2024-12-30,123968.27193978427
Daging Sapi Murni/Sulawesi Tenggara/2024-12-31,123968.25465432931
Daging Sapi Murni/Sulawesi Utara/2024-10-01,123968.25318666836
Daging Sapi Murni/Sulawesi Utara/2024-10-02,123968.25689709118
Daging Sapi Murni/Sulawesi Utara/2024-10-03,123968.2411533808
Daging Sapi Murni/Sulawesi Utara/2024-10-04,123968.25401154108
Daging Sapi Murni/Sulawesi Utara/2024-10-05,123968.2631658174
Daging Sapi Murni/Sulawesi Utara/2024-10-06,123968.24438275502
Daging Sapi Murni/Sulawesi Utara/2024-10-07,123968.2578775902
Daging Sapi Murni/Sulawesi Utara/2024-10-08,123968.2456453872
Daging Sapi Murni/Sulawesi Utara/2024-10-09,123968.25071543948
Daging Sapi Murni/Sulawesi Utara/2024-10-10,123968.24212286866
Daging Sapi Murni/Sulawesi Utara/2024-10-11,123968.26049388987
Daging Sapi Murni/Sulawesi Utara/2024-10-12,123968.25615093872
Daging Sapi Murni/Sulawesi Utara/2024-10-13,123968.2534996786
Daging Sapi Murni/Sulawesi Utara/2024-10-14,123968.25435405545
Daging Sapi Murni/Sulawesi Utara/2024-10-15,123968.22505157512
Daging Sapi Murni/Sulawesi Utara/2024-10-16,123968.25118166536
Daging Sapi Murni/Sulawesi Utara/2024-10-17,123968.26097586675
Daging Sapi Murni/Sulawesi Utara/2024-10-18,123968.26167461553
Daging Sapi Murni/Sulawesi Utara/2024-10-19,123968.2762864408
Daging Sapi Murni/Sulawesi Utara/2024-10-20,123968.26685038029
Daging Sapi Murni/Sulawesi Utara/2024-10-21,123968.23617406769
Daging Sapi Murni/Sulawesi Utara/2024-10-22,123968.25248263493
Daging Sapi Murni/Sulawesi Utara/2024-10-23,123968.2466287348
Daging Sapi Murni/Sulawesi Utara/2024-10-24,123968.2518839472
Daging Sapi Murni/Sulawesi Utara/2024-10-25,123968.2431073095
Daging Sapi Murni/Sulawesi Utara/2024-10-26,123968.25759565966
Daging Sapi Murni/Sulawesi Utara/2024-10-27,123968.24841733433
Daging Sapi Murni/Sulawesi Utara/2024-10-28,123968.26249341744
Daging Sapi Murni/Sulawesi Utara/2024-10-29,123968.26953750002
Daging Sapi Murni/Sulawesi Utara/2024-10-30,123968.27300025054
Daging Sapi Murni/Sulawesi Utara/2024-10-31,123968.2497989887
Daging Sapi Murni/Sulawesi Utara/2024-11-01,123968.26402737571
Daging Sapi Murni/Sulawesi Utara/2024-11-02,123968.24610622898
Daging Sapi Murni/Sulawesi Utara/2024-11-03,123968.25520928636
Daging Sapi Murni/Sulawesi Utara/2024-11-04,123968.26320266932
Daging Sapi Murni/Sulawesi Utara/2024-11-05,123968.24521182208
Daging Sapi Murni/Sulawesi Utara/2024-11-06,123968.2705873276
Daging Sapi Murni/Sulawesi Utara/2024-11-07,123968.23461387285
Daging Sapi Murni/Sulawesi Utara/2024-11-08,123968.26397913627
Daging Sapi Murni/Sulawesi Utara/2024-11-09,123968.25187667404
Daging Sapi Murni/Sulawesi Utara/2024-11-10,123968.26658569834
Daging Sapi Murni/Sulawesi Utara/2024-11-11,123968.26682785382
Daging Sapi Murni/Sulawesi Utara/2024-11-12,123968.25345523964
Daging Sapi Murni/Sulawesi Utara/2024-11-13,123968.26117527352
Daging Sapi Murni/Sulawesi Utara/2024-11-14,123968.26735944409
Daging Sapi Murni/Sulawesi Utara/2024-11-15,123968.25432725396
Daging Sapi Murni/Sulawesi Utara/2024-11-16,123968.25349459244
Daging Sapi Murni/Sulawesi Utara/2024-11-17,123968.26259166574
Daging Sapi Murni/Sulawesi Utara/2024-11-18,123968.24831888506
Daging Sapi Murni/Sulawesi Utara/2024-11-19,123968.26021929202
Daging Sapi Murni/Sulawesi Utara/2024-11-20,123968.26517433397
Daging Sapi Murni/Sulawesi Utara/2024-11-21,123968.26262649828
Daging Sapi Murni/Sulawesi Utara/2024-11-22,123968.2391345284
Daging Sapi Murni/Sulawesi Utara/2024-11-23,123968.25980340656
Daging Sapi Murni/Sulawesi Utara/2024-11-24,123968.26507097745
Daging Sapi Murni/Sulawesi Utara/2024-11-25,123968.24013340886
Daging Sapi Murni/Sulawesi Utara/2024-11-26,123968.26436426437
Daging Sapi Murni/Sulawesi Utara/2024-11-27,123968.27504236312
Daging Sapi Murni/Sulawesi Utara/2024-11-28,123968.2632192073
Daging Sapi Murni/Sulawesi Utara/2024-11-29,123968.25057690314
Daging Sapi Murni/Sulawesi Utara/2024-11-30,123968.27544746884
Daging Sapi Murni/Sulawesi Utara/2024-12-01,123968.25427610504
Daging Sapi Murni/Sulawesi Utara/2024-12-02,123968.25741086592
Daging Sapi Murni/Sulawesi Utara/2024-12-03,123968.26096263636
Daging Sapi Murni/Sulawesi Utara/2024-12-04,123968.27779559986
Daging Sapi Murni/Sulawesi Utara/2024-12-05,123968.26152087614
Daging Sapi Murni/Sulawesi Utara/2024-12-06,123968.27628857049
Daging Sapi Murni/Sulawesi Utara/2024-12-07,123968.2564128197
Daging Sapi Murni/Sulawesi Utara/2024-12-08,123968.26812602991
Daging Sapi Murni/Sulawesi Utara/2024-12-09,123968.24898606016
Daging Sapi Murni/Sulawesi Utara/2024-12-10,123968.24949319407
Daging Sapi Murni/Sulawesi Utara/2024-12-11,123968.25524401684
Daging Sapi Murni/Sulawesi Utara/2024-12-12,123968.26330828691
Daging Sapi Murni/Sulawesi Utara/2024-12-13,123968.26874695194
Daging Sapi Murni/Sulawesi Utara/2024-12-14,123968.2479584434
Daging Sapi Murni/Sulawesi Utara/2024-12-15,123968.26169978752
Daging Sapi Murni/Sulawesi Utara/2024-12-16,123968.27691320956
Daging Sapi Murni/Sulawesi Utara/2024-12-17,123968.271293451
Daging Sapi Murni/Sulawesi Utara/2024-12-18,123968.2712471347
Daging Sapi Murni/Sulawesi Utara/2024-12-19,123968.24555202149
Daging Sapi Murni/Sulawesi Utara/2024-12-20,123968.25318062278
Daging Sapi Murni/Sulawesi Utara/2024-12-21,123968.26023569354
Daging Sapi Murni/Sulawesi Utara/2024-12-22,123968.24162895548
Daging Sapi Murni/Sulawesi Utara/2024-12-23,123968.26560444788
Daging Sapi Murni/Sulawesi Utara/2024-12-24,123968.26697905335
Daging Sapi Murni/Sulawesi Utara/2024-12-25,123968.2495033923
Daging Sapi Murni/Sulawesi Utara/2024-12-26,123968.25557223488
Daging Sapi Murni/Sulawesi Utara/2024-12-27,123968.26400644108
Daging Sapi Murni/Sulawesi Utara/2024-12-28,123968.26830561104
Daging Sapi Murni/Sulawesi Utara/2024-12-29,123968.2548010303
Daging Sapi Murni/Sulawesi Utara/2024-12-30,123968.27593832562
Daging Sapi Murni/Sulawesi Utara/2024-12-31,123968.26239422012
Daging Sapi Murni/Sumatera Barat/2024-10-01,123968.26769284734
Daging Sapi Murni/Sumatera Barat/2024-10-02,123968.27325490696
Daging Sapi Murni/Sumatera Barat/2024-10-03,123968.24877896052
Daging Sapi Murni/Sumatera Barat/2024-10-04,123968.2494041462
Daging Sapi Murni/Sumatera Barat/2024-10-05,123968.2674545708
Daging Sapi Murni/Sumatera Barat/2024-10-06,123968.26533869628
Daging Sapi Murni/Sumatera Barat/2024-10-07,123968.26144762315
Daging Sapi Murni/Sumatera Barat/2024-10-08,123968.25613879354
Daging Sapi Murni/Sumatera Barat/2024-10-09,123968.26861898247
Daging Sapi Murni/Sumatera Barat/2024-10-10,123968.25302097257
Daging Sapi Murni/Sumatera Barat/2024-10-11,123968.26301195404
Daging Sapi Murni/Sumatera Barat/2024-10-12,123968.25596734208
Daging Sapi Murni/Sumatera Barat/2024-10-13,123968.25779983164
Daging Sapi Murni/Sumatera Barat/2024-10-14,123968.2524819476
Daging Sapi Murni/Sumatera Barat/2024-10-15,123968.26365026717
Daging Sapi Murni/Sumatera Barat/2024-10-16,123968.25862550798
Daging Sapi Murni/Sumatera Barat/2024-10-17,123968.25868245144
Daging Sapi Murni/Sumatera Barat/2024-10-18,123968.2473429872
Daging Sapi Murni/Sumatera Barat/2024-10-19,123968.2458938894
Daging Sapi Murni/Sumatera Barat/2024-10-20,123968.2454450272
Daging Sapi Murni/Sumatera Barat/2024-10-21,123968.24552340044
Daging Sapi Murni/Sumatera Barat/2024-10-22,123968.23425955338
Daging Sapi Murni/Sumatera Barat/2024-10-23,123968.24522747748
Daging Sapi Murni/Sumatera Barat/2024-10-24,123968.2654031933
Daging Sapi Murni/Sumatera Barat/2024-10-25,123968.2475944904
Daging Sapi Murni/Sumatera Barat/2024-10-26,123968.25683357766
Daging Sapi Murni/Sumatera Barat/2024-10-27,123968.25563161651
Daging Sapi Murni/Sumatera Barat/2024-10-28,123968.25222146547
Daging Sapi Murni/Sumatera Barat/2024-10-29,123968.26634857216
Daging Sapi Murni/Sumatera Barat/2024-10-30,123968.26349238616
Daging Sapi Murni/Sumatera Barat/2024-10-31,123968.25937519249
Daging Sapi Murni/Sumatera Barat/2024-11-01,123968.2537648878
Daging Sapi Murni/Sumatera Barat/2024-11-02,123968.2637338043
Daging Sapi Murni/Sumatera Barat/2024-11-03,123968.26645843276
Daging Sapi Murni/Sumatera Barat/2024-11-04,123968.27510952095
Daging Sapi Murni/Sumatera Barat/2024-11-05,123968.25578010098
Daging Sapi Murni/Sumatera Barat/2024-11-06,123968.26583865224
Daging Sapi Murni/Sumatera Barat/2024-11-07,123968.24875804054
Daging Sapi Murni/Sumatera Barat/2024-11-08,123968.24386131116
Daging Sapi Murni/Sumatera Barat/2024-11-09,123968.25189018248
Daging Sapi Murni/Sumatera Barat/2024-11-10,123968.25462904685
Daging Sapi Murni/Sumatera Barat/2024-11-11,123968.25370877808
Daging Sapi Murni/Sumatera Barat/2024-11-12,123968.26147120797
Daging Sapi Murni/Sumatera Barat/2024-11-13,123968.268113207
Daging Sapi Murni/Sumatera Barat/2024-11-14,123968.259577495
Daging Sapi Murni/Sumatera Barat/2024-11-15,123968.27493218589
Daging Sapi Murni/Sumatera Barat/2024-11-16,123968.25555810968
Daging Sapi Murni/Sumatera Barat/2024-11-17,123968.2763919522
Daging Sapi Murni/Sumatera Barat/2024-11-18,123968.26578084816
Daging Sapi Murni/Sumatera Barat/2024-11-19,123968.26343933296
Daging Sapi Murni/Sumatera Barat/2024-11-20,123968.2563385844
Daging Sapi Murni/Sumatera Barat/2024-11-21,123968.26031975322
Daging Sapi Murni/Sumatera Barat/2024-11-22,123968.2419274094
Daging Sapi Murni/Sumatera Barat/2024-11-23,123968.26181012209
Daging Sapi Murni/Sumatera Barat/2024-11-24,123968.24606905642
Daging Sapi Murni/Sumatera Barat/2024-11-25,123968.26028855318
Daging Sapi Murni/Sumatera Barat/2024-11-26,123968.24670806956
Daging Sapi Murni/Sumatera Barat/2024-11-27,123968.26255985376
Daging Sapi Murni/Sumatera Barat/2024-11-28,123968.25716431528
Daging Sapi Murni/Sumatera Barat/2024-11-29,123968.24022096228
Daging Sapi Murni/Sumatera Barat/2024-11-30,123968.26420042236
Daging Sapi Murni/Sumatera Barat/2024-12-01,123968.26707717568
Daging Sapi Murni/Sumatera Barat/2024-12-02,123968.25168242036
Daging Sapi Murni/Sumatera Barat/2024-12-03,123968.23709613216
Daging Sapi Murni/Sumatera Barat/2024-12-04,123968.2575359454
Daging Sapi Murni/Sumatera Barat/2024-12-05,123968.24658781698
Daging Sapi Murni/Sumatera Barat/2024-12-06,123968.24831017738
Daging Sapi Murni/Sumatera Barat/2024-12-07,123968.28008546896
Daging Sapi Murni/Sumatera Barat/2024-12-08,123968.26450443044
Daging Sapi Murni/Sumatera Barat/2024-12-09,123968.25420979664
Daging Sapi Murni/Sumatera Barat/2024-12-10,123968.24942724442
Daging Sapi Murni/Sumatera Barat/2024-12-11,123968.25864759588
Daging Sapi Murni/Sumatera Barat/2024-12-12,123968.26059088716
Daging Sapi Murni/Sumatera Barat/2024-12-13,123968.2674684735
Daging Sapi Murni/Sumatera Barat/2024-12-14,123968.24308422091
Daging Sapi Murni/Sumatera Barat/2024-12-15,123968.26163486978
Daging Sapi Murni/Sumatera Barat/2024-12-16,123968.25681644182
Daging Sapi Murni/Sumatera Barat/2024-12-17,123968.27344343558
Daging Sapi Murni/Sumatera Barat/2024-12-18,123968.25037196797
Daging Sapi Murni/Sumatera Barat/2024-12-19,123968.25679490922
Daging Sapi Murni/Sumatera Barat/2024-12-20,123968.26472327828
Daging Sapi Murni/Sumatera Barat/2024-12-21,123968.27712153224
Daging Sapi Murni/Sumatera Barat/2024-12-22,123968.24850406876
Daging Sapi Murni/Sumatera Barat/2024-12-23,123968.24777869544
Daging Sapi Murni/Sumatera Barat/2024-12-24,123968.27438361748
Daging Sapi Murni/Sumatera Barat/2024-12-25,123968.2645437602
Daging Sapi Murni/Sumatera Barat/2024-12-26,123968.25193055124
Daging Sapi Murni/Sumatera Barat/2024-12-27,123968.25110147192
Daging Sapi Murni/Sumatera Barat/2024-12-28,123968.26562248272
Daging Sapi Murni/Sumatera Barat/2024-12-29,123968.25668710124
Daging Sapi Murni/Sumatera Barat/2024-12-30,123968.25864022296
Daging Sapi Murni/Sumatera Barat/2024-12-31,123968.25806435476
Daging Sapi Murni/Sumatera Selatan/2024-10-01,123968.24582580228
Daging Sapi Murni/Sumatera Selatan/2024-10-02,123968.26681133737
Daging Sapi Murni/Sumatera Selatan/2024-10-03,123968.26569583376
Daging Sapi Murni/Sumatera Selatan/2024-10-04,123968.26846443444
Daging Sapi Murni/Sumatera Selatan/2024-10-05,123968.26750394636
Daging Sapi Murni/Sumatera Selatan/2024-10-06,123968.2413549979
Daging Sapi Murni/Sumatera Selatan/2024-10-07,123968.23834236806
Daging Sapi Murni/Sumatera Selatan/2024-10-08,123968.25595263416
Daging Sapi Murni/Sumatera Selatan/2024-10-09,123968.26026828335
Daging Sapi Murni/Sumatera Selatan/2024-10-10,123968.25050420652
Daging Sapi Murni/Sumatera Selatan/2024-10-11,123968.26621568877
Daging Sapi Murni/Sumatera Selatan/2024-10-12,123968.24957652
Daging Sapi Murni/Sumatera Selatan/2024-10-13,123968.24106047064
Daging Sapi Murni/Sumatera Selatan/2024-10-14,123968.26081274806
Daging Sapi Murni/Sumatera Selatan/2024-10-15,123968.2723030706
Daging Sapi Murni/Sumatera Selatan/2024-10-16,123968.27013197464
Daging Sapi Murni/Sumatera Selatan/2024-10-17,123968.256121034
Daging Sapi Murni/Sumatera Selatan/2024-10-18,123968.26217428064
Daging Sapi Murni/Sumatera Selatan/2024-10-19,123968.2398539962
Daging Sapi Murni/Sumatera Selatan/2024-10-20,123968.27185690818
Daging Sapi Murni/Sumatera Selatan/2024-10-21,123968.25915354028
Daging Sapi Murni/Sumatera Selatan/2024-10-22,123968.25519806203
Daging Sapi Murni/Sumatera Selatan/2024-10-23,123968.26552437192
Daging Sapi Murni/Sumatera Selatan/2024-10-24,123968.2564199687
Daging Sapi Murni/Sumatera Selatan/2024-10-25,123968.25913469304
Daging Sapi Murni/Sumatera Selatan/2024-10-26,123968.25454062794
Daging Sapi Murni/Sumatera Selatan/2024-10-27,123968.24830072146
Daging Sapi Murni/Sumatera Selatan/2024-10-28,123968.25266317514
Daging Sapi Murni/Sumatera Selatan/2024-10-29,123968.24502032554
Daging Sapi Murni/Sumatera Selatan/2024-10-30,123968.25181289802
Daging Sapi Murni/Sumatera Selatan/2024-10-31,123968.26189675964
Daging Sapi Murni/Sumatera Selatan/2024-11-01,123968.24229509324
Daging Sapi Murni/Sumatera Selatan/2024-11-02,123968.25096075986
Daging Sapi Murni/Sumatera Selatan/2024-11-03,123968.25649325566
Daging Sapi Murni/Sumatera Selatan/2024-11-04,123968.25626140003
Daging Sapi Murni/Sumatera Selatan/2024-11-05,123968.26160643095
Daging Sapi Murni/Sumatera Selatan/2024-11-06,123968.26996028228
Daging Sapi Murni/Sumatera Selatan/2024-11-07,123968.26531897168
Daging Sapi Murni/Sumatera Selatan/2024-11-08,123968.25775792814
Daging Sapi Murni/Sumatera Selatan/2024-11-09,123968.2463832082
Daging Sapi Murni/Sumatera Selatan/2024-11-10,123968.2647937049
Daging Sapi Murni/Sumatera Selatan/2024-11-11,123968.254985298
Daging Sapi Murni/Sumatera Selatan/2024-11-12,123968.2667364339
Daging Sapi Murni/Sumatera Selatan/2024-11-13,123968.24664106984
Daging Sapi Murni/Sumatera Selatan/2024-11-14,123968.2567217115
Daging Sapi Murni/Sumatera Selatan/2024-11-15,123968.26437210402
Daging Sapi Murni/Sumatera Selatan/2024-11-16,123968.26467910343
Daging Sapi Murni/Sumatera Selatan/2024-11-17,123968.24893981864
Daging Sapi Murni/Sumatera Selatan/2024-11-18,123968.2568195646
Daging Sapi Murni/Sumatera Selatan/2024-11-19,123968.2672786858
Daging Sapi Murni/Sumatera Selatan/2024-11-20,123968.26474655028
Daging Sapi Murni/Sumatera Selatan/2024-11-21,123968.2608969391
Daging Sapi Murni/Sumatera Selatan/2024-11-22,123968.2565260495
Daging Sapi Murni/Sumatera Selatan/2024-11-23,123968.243267397
Daging Sapi Murni/Sumatera Selatan/2024-11-24,123968.2675813906
Daging Sapi Murni/Sumatera Selatan/2024-11-25,123968.26664267149
Daging Sapi Murni/Sumatera Selatan/2024-11-26,123968.2544733354
Daging Sapi Murni/Sumatera Selatan/2024-11-27,123968.25728636447
Daging Sapi Murni/Sumatera Selatan/2024-11-28,123968.26084246498
Daging Sapi Murni/Sumatera Selatan/2024-11-29,123968.24880561908
Daging Sapi Murni/Sumatera Selatan/2024-11-30,123968.28600028528
Daging Sapi Murni/Sumatera Selatan/2024-12-01,123968.25715170435
Daging Sapi Murni/Sumatera Selatan/2024-12-02,123968.27345286228
Daging Sapi Murni/Sumatera Selatan/2024-12-03,123968.25541910468
Daging Sapi Murni/Sumatera Selatan/2024-12-04,123968.27187174556
Daging Sapi Murni/Sumatera Selatan/2024-12-05,123968.26469336152
Daging Sapi Murni/Sumatera Selatan/2024-12-06,123968.2531237588
Daging Sapi Murni/Sumatera Selatan/2024-12-07,123968.25994578066
Daging Sapi Murni/Sumatera Selatan/2024-12-08,123968.23631027728
Daging Sapi Murni/Sumatera Selatan/2024-12-09,123968.25856460088
Daging Sapi Murni/Sumatera Selatan/2024-12-10,123968.26159464798
Daging Sapi Murni/Sumatera Selatan/2024-12-11,123968.25726981282
Daging Sapi Murni/Sumatera Selatan/2024-12-12,123968.2401354541
Daging Sapi Murni/Sumatera Selatan/2024-12-13,123968.24522067718
Daging Sapi Murni/Sumatera Selatan/2024-12-14,123968.26872903109
Daging Sapi Murni/Sumatera Selatan/2024-12-15,123968.2697104974
Daging Sapi Murni/Sumatera Selatan/2024-12-16,123968.24017463232
Daging Sapi Murni/Sumatera Selatan/2024-12-17,123968.24697032376
Daging Sapi Murni/Sumatera Selatan/2024-12-18,123968.26281638708
Daging Sapi Murni/Sumatera Selatan/2024-12-19,123968.26054569076
Daging Sapi Murni/Sumatera Selatan/2024-12-20,123968.25017584307
Daging Sapi Murni/Sumatera Selatan/2024-12-21,123968.26008875694
Daging Sapi Murni/Sumatera Selatan/2024-12-22,123968.25546883864
Daging Sapi Murni/Sumatera Selatan/2024-12-23,123968.26322087651
Daging Sapi Murni/Sumatera Selatan/2024-12-24,123968.2477392446
Daging Sapi Murni/Sumatera Selatan/2024-12-25,123968.26691273076
Daging Sapi Murni/Sumatera Selatan/2024-12-26,123968.25834904924
Daging Sapi Murni/Sumatera Selatan/2024-12-27,123968.27030544385
Daging Sapi Murni/Sumatera Selatan/2024-12-28,123968.26430782964
Daging Sapi Murni/Sumatera Selatan/2024-12-29,123968.26629215718
Daging Sapi Murni/Sumatera Selatan/2024-12-30,123968.24642976992
Daging Sapi Murni/Sumatera Selatan/2024-12-31,123968.26657532288
Daging Sapi Murni/Sumatera Utara/2024-10-01,123968.25551938335
Daging Sapi Murni/Sumatera Utara/2024-10-02,123968.24232098943
Daging Sapi Murni/Sumatera Utara/2024-10-03,123968.27837684438
Daging Sapi Murni/Sumatera Utara/2024-10-04,123968.26510224676
Daging Sapi Murni/Sumatera Utara/2024-10-05,123968.25273298024
Daging Sapi Murni/Sumatera Utara/2024-10-06,123968.27214735089
Daging Sapi Murni/Sumatera Utara/2024-10-07,123968.26548011144
Daging Sapi Murni/Sumatera Utara/2024-10-08,123968.25709417523
Daging Sapi Murni/Sumatera Utara/2024-10-09,123968.27998748292
Daging Sapi Murni/Sumatera Utara/2024-10-10,123968.2534999017
Daging Sapi Murni/Sumatera Utara/2024-10-11,123968.26880807498
Daging Sapi Murni/Sumatera Utara/2024-10-12,123968.2554408962
Daging Sapi Murni/Sumatera Utara/2024-10-13,123968.26160847148
Daging Sapi Murni/Sumatera Utara/2024-10-14,123968.24952279072
Daging Sapi Murni/Sumatera Utara/2024-10-15,123968.26285136602
Daging Sapi Murni/Sumatera Utara/2024-10-16,123968.27208684532
Daging Sapi Murni/Sumatera Utara/2024-10-17,123968.25570492966
Daging Sapi Murni/Sumatera Utara/2024-10-18,123968.24455216838
Daging Sapi Murni/Sumatera Utara/2024-10-19,123968.25928515905
Daging Sapi Murni/Sumatera Utara/2024-10-20,123968.25637733964
Daging Sapi Murni/Sumatera Utara/2024-10-21,123968.2440092808
Daging Sapi Murni/Sumatera Utara/2024-10-22,123968.25440686964
Daging Sapi Murni/Sumatera Utara/2024-10-23,123968.2552045598
Daging Sapi Murni/Sumatera Utara/2024-10-24,123968.26910715576
Daging Sapi Murni/Sumatera Utara/2024-10-25,123968.25429770869
Daging Sapi Murni/Sumatera Utara/2024-10-26,123968.25569395653
Daging Sapi Murni/Sumatera Utara/2024-10-27,123968.26195183527
Daging Sapi Murni/Sumatera Utara/2024-10-28,123968.22803894283
Daging Sapi Murni/Sumatera Utara/2024-10-29,123968.25319878076
Daging Sapi Murni/Sumatera Utara/2024-10-30,123968.26262615196
Daging Sapi Murni/Sumatera Utara/2024-10-31,123968.2663219903
Daging Sapi Murni/Sumatera Utara/2024-11-01,123968.27816268076
Daging Sapi Murni/Sumatera Utara/2024-11-02,123968.24876312386
Daging Sapi Murni/Sumatera Utara/2024-11-03,123968.25851119554
Daging Sapi Murni/Sumatera Utara/2024-11-04,123968.26528240654
Daging Sapi Murni/Sumatera Utara/2024-11-05,123968.25546886632
Daging Sapi Murni/Sumatera Utara/2024-11-06,123968.25215889624
Daging Sapi Murni/Sumatera Utara/2024-11-07,123968.24280558935
Daging Sapi Murni/Sumatera Utara/2024-11-08,123968.26288449977
Daging Sapi Murni/Sumatera Utara/2024-11-09,123968.26737966311
Daging Sapi Murni/Sumatera Utara/2024-11-10,123968.2419682932
Daging Sapi Murni/Sumatera Utara/2024-11-11,123968.27814845972
Daging Sapi Murni/Sumatera Utara/2024-11-12,123968.24113594583
Daging Sapi Murni/Sumatera Utara/2024-11-13,123968.2549252443
Daging Sapi Murni/Sumatera Utara/2024-11-14,123968.26174153984
Daging Sapi Murni/Sumatera Utara/2024-11-15,123968.23343534236
Daging Sapi Murni/Sumatera Utara/2024-11-16,123968.2551574632
Daging Sapi Murni/Sumatera Utara/2024-11-17,123968.25255112794
Daging Sapi Murni/Sumatera Utara/2024-11-18,123968.25253545555
Daging Sapi Murni/Sumatera Utara/2024-11-19,123968.25948671476
Daging Sapi Murni/Sumatera Utara/2024-11-20,123968.24127465623
Daging Sapi Murni/Sumatera Utara/2024-11-21,123968.25680977256
Daging Sapi Murni/Sumatera Utara/2024-11-22,123968.25508519654
Daging Sapi Murni/Sumatera Utara/2024-11-23,123968.25587946152
Daging Sapi Murni/Sumatera Utara/2024-11-24,123968.25719240046
Daging Sapi Murni/Sumatera Utara/2024-11-25,123968.26744410384
Daging Sapi Murni/Sumatera Utara/2024-11-26,123968.25193621918
Daging Sapi Murni/Sumatera Utara/2024-11-27,123968.25592626764
Daging Sapi Murni/Sumatera Utara/2024-11-28,123968.27241772634
Daging Sapi Murni/Sumatera Utara/2024-11-29,123968.22996622104
Daging Sapi Murni/Sumatera Utara/2024-11-30,123968.2401420941
Daging Sapi Murni/Sumatera Utara/2024-12-01,123968.2644990692
Daging Sapi Murni/Sumatera Utara/2024-12-02,123968.25339055924
Daging Sapi Murni/Sumatera Utara/2024-12-03,123968.26701234691
Daging Sapi Murni/Sumatera Utara/2024-12-04,123968.25810090364
Daging Sapi Murni/Sumatera Utara/2024-12-05,123968.25828328187
Daging Sapi Murni/Sumatera Utara/2024-12-06,123968.25400705206
Daging Sapi Murni/Sumatera Utara/2024-12-07,123968.2477874484
Daging Sapi Murni/Sumatera Utara/2024-12-08,123968.25506449131
Daging Sapi Murni/Sumatera Utara/2024-12-09,123968.24923504172
Daging Sapi Murni/Sumatera Utara/2024-12-10,123968.25045531428
Daging Sapi Murni/Sumatera Utara/2024-12-11,123968.26173603372
Daging Sapi Murni/Sumatera Utara/2024-12-12,123968.26333648484
Daging Sapi Murni/Sumatera Utara/2024-12-13,123968.2713183914
Daging Sapi Murni/Sumatera Utara/2024-12-14,123968.2724649496
Daging Sapi Murni/Sumatera Utara/2024-12-15,123968.24385939565
Daging Sapi Murni/Sumatera Utara/2024-12-16,123968.2634201509
Daging Sapi Murni/Sumatera Utara/2024-12-17,123968.24335574568
Daging Sapi Murni/Sumatera Utara/2024-12-18,123968.24147841935
Daging Sapi Murni/Sumatera Utara/2024-12-19,123968.26089501329
Daging Sapi Murni/Sumatera Utara/2024-12-20,123968.24694538124
Daging Sapi Murni/Sumatera Utara/2024-12-21,123968.25415959684
Daging Sapi Murni/Sumatera Utara/2024-12-22,123968.26336343124
Daging Sapi Murni/Sumatera Utara/2024-12-23,123968.24814695
Daging Sapi Murni/Sumatera Utara/2024-12-24,123968.27425064592
Daging Sapi Murni/Sumatera Utara/2024-12-25,123968.2600077917
Daging Sapi Murni/Sumatera Utara/2024-12-26,123968.23920264028
Daging Sapi Murni/Sumatera Utara/2024-12-27,123968.25641725428
Daging Sapi Murni/Sumatera Utara/2024-12-28,123968.26340318976
Daging Sapi Murni/Sumatera Utara/2024-12-29,123968.26175937698
Daging Sapi Murni/Sumatera Utara/2024-12-30,123968.25819268926
Daging Sapi Murni/Sumatera Utara/2024-12-31,123968.26571298546
