id,price
Daging Ayam Ras/Aceh/2024-10-01,29766.565625704945
Daging Ayam Ras/Aceh/2024-10-02,29766.56165044011
Daging Ayam Ras/Aceh/2024-10-03,29766.554430397293
Daging Ayam Ras/Aceh/2024-10-04,29766.54896708401
Daging Ayam Ras/Aceh/2024-10-05,29766.55698199445
Daging Ayam Ras/Aceh/2024-10-06,29766.55133855789
Daging Ayam Ras/Aceh/2024-10-07,29766.544599136247
Daging Ayam Ras/Aceh/2024-10-08,29766.55546442647
Daging Ayam Ras/Aceh/2024-10-09,29766.56569814787
Daging Ayam Ras/Aceh/2024-10-10,29766.546427036512
Daging Ayam Ras/Aceh/2024-10-11,29766.573224089207
Daging Ayam Ras/Aceh/2024-10-12,29766.555796658733
Daging Ayam Ras/Aceh/2024-10-13,29766.56288343118
Daging Ayam Ras/Aceh/2024-10-14,29766.558935604
Daging Ayam Ras/Aceh/2024-10-15,29766.534748291724
Daging Ayam Ras/Aceh/2024-10-16,29766.55613225361
Daging Ayam Ras/Aceh/2024-10-17,29766.565949604043
Daging Ayam Ras/Aceh/2024-10-18,29766.57169048625
Daging Ayam Ras/Aceh/2024-10-19,29766.563901660065
Daging Ayam Ras/Aceh/2024-10-20,29766.56180836425
Daging Ayam Ras/Aceh/2024-10-21,29766.538868882868
Daging Ayam Ras/Aceh/2024-10-22,29766.547264491037
Daging Ayam Ras/Aceh/2024-10-23,29766.537776201763
Daging Ayam Ras/Aceh/2024-10-24,29766.570665134837
Daging Ayam Ras/Aceh/2024-10-25,29766.55439276444
Daging Ayam Ras/Aceh/2024-10-26,29766.565830400345
Daging Ayam Ras/Aceh/2024-10-27,29766.5539714724
Daging Ayam Ras/Aceh/2024-10-28,29766.54850469325
Daging Ayam Ras/Aceh/2024-10-29,29766.58046781353
Daging Ayam Ras/Aceh/2024-10-30,29766.543850365942
Daging Ayam Ras/Aceh/2024-10-31,29766.56371565041
Daging Ayam Ras/Aceh/2024-11-01,29766.554456032296
Daging Ayam Ras/Aceh/2024-11-02,29766.56177128725
Daging Ayam Ras/Aceh/2024-11-03,29766.559609813943
Daging Ayam Ras/Aceh/2024-11-04,29766.552213631625
Daging Ayam Ras/Aceh/2024-11-05,29766.56445620165
Daging Ayam Ras/Aceh/2024-11-06,29766.546441223032
Daging Ayam Ras/Aceh/2024-11-07,29766.56668388224
Daging Ayam Ras/Aceh/2024-11-08,29766.56113211844
Daging Ayam Ras/Aceh/2024-11-09,29766.559326713985
Daging Ayam Ras/Aceh/2024-11-10,29766.55678699035
Daging Ayam Ras/Aceh/2024-11-11,29766.55130030253
Daging Ayam Ras/Aceh/2024-11-12,29766.562509112617
Daging Ayam Ras/Aceh/2024-11-13,29766.560404320902
Daging Ayam Ras/Aceh/2024-11-14,29766.555756683425
Daging Ayam Ras/Aceh/2024-11-15,29766.56269849268
Daging Ayam Ras/Aceh/2024-11-16,29766.5591443217
Daging Ayam Ras/Aceh/2024-11-17,29766.56267565523
Daging Ayam Ras/Aceh/2024-11-18,29766.55455456336
Daging Ayam Ras/Aceh/2024-11-19,29766.56612533891
Daging Ayam Ras/Aceh/2024-11-20,29766.570335225268
Daging Ayam Ras/Aceh/2024-11-21,29766.55244881952
Daging Ayam Ras/Aceh/2024-11-22,29766.56058026582
Daging Ayam Ras/Aceh/2024-11-23,29766.546471142054
Daging Ayam Ras/Aceh/2024-11-24,29766.566921107707
Daging Ayam Ras/Aceh/2024-11-25,29766.571515123105
Daging Ayam Ras/Aceh/2024-11-26,29766.549538003284
Daging Ayam Ras/Aceh/2024-11-27,29766.56845356518
Daging Ayam Ras/Aceh/2024-11-28,29766.5502886188
Daging Ayam Ras/Aceh/2024-11-29,29766.554778027312
Daging Ayam Ras/Aceh/2024-11-30,29766.573314542216
Daging Ayam Ras/Aceh/2024-12-01,29766.55384774052
Daging Ayam Ras/Aceh/2024-12-02,29766.5644890844
Daging Ayam Ras/Aceh/2024-12-03,29766.55906297546
Daging Ayam Ras/Aceh/2024-12-04,29766.581188131517
Daging Ayam Ras/Aceh/2024-12-05,29766.54837940907
Daging Ayam Ras/Aceh/2024-12-06,29766.573366252927
Daging Ayam Ras/Aceh/2024-12-07,29766.553905869358
Daging Ayam Ras/Aceh/2024-12-08,29766.539762041328
Daging Ayam Ras/Aceh/2024-12-09,29766.55126050948
Daging Ayam Ras/Aceh/2024-12-10,29766.562217519888
Daging Ayam Ras/Aceh/2024-12-11,29766.56031328452
Daging Ayam Ras/Aceh/2024-12-12,29766.545262650576
Daging Ayam Ras/Aceh/2024-12-13,29766.552863692617
Daging Ayam Ras/Aceh/2024-12-14,29766.560698887846
Daging Ayam Ras/Aceh/2024-12-15,29766.5832740388
Daging Ayam Ras/Aceh/2024-12-16,29766.584719727165
Daging Ayam Ras/Aceh/2024-12-17,29766.575108143832
Daging Ayam Ras/Aceh/2024-12-18,29766.552319500057
Daging Ayam Ras/Aceh/2024-12-19,29766.54804832898
Daging Ayam Ras/Aceh/2024-12-20,29766.56348162018
Daging Ayam Ras/Aceh/2024-12-21,29766.569313582146
Daging Ayam Ras/Aceh/2024-12-22,29766.549332095597
Daging Ayam Ras/Aceh/2024-12-23,29766.564830828916
Daging Ayam Ras/Aceh/2024-12-24,29766.550643121624
Daging Ayam Ras/Aceh/2024-12-25,29766.543586825228
Daging Ayam Ras/Aceh/2024-12-26,29766.550960253844
Daging Ayam Ras/Aceh/2024-12-27,29766.54726337543
Daging Ayam Ras/Aceh/2024-12-28,29766.558918867948
Daging Ayam Ras/Aceh/2024-12-29,29766.54607337698
Daging Ayam Ras/Aceh/2024-12-30,29766.545211584864
Daging Ayam Ras/Aceh/2024-12-31,29766.55822277397
Daging Ayam Ras/Bali/2024-10-01,29766.545865881533
Daging Ayam Ras/Bali/2024-10-02,29766.56029358663
Daging Ayam Ras/Bali/2024-10-03,29766.568749126385
Daging Ayam Ras/Bali/2024-10-04,29766.54802364032
Daging Ayam Ras/Bali/2024-10-05,29766.570972736845
Daging Ayam Ras/Bali/2024-10-06,29766.559616167942
Daging Ayam Ras/Bali/2024-10-07,29766.54832420793
Daging Ayam Ras/Bali/2024-10-08,29766.560632638077
Daging Ayam Ras/Bali/2024-10-09,29766.568118762145
Daging Ayam Ras/Bali/2024-10-10,29766.552845800503
Daging Ayam Ras/Bali/2024-10-11,29766.5582542454
Daging Ayam Ras/Bali/2024-10-12,29766.558163262373
Daging Ayam Ras/Bali/2024-10-13,29766.5563617583
Daging Ayam Ras/Bali/2024-10-14,29766.54839851721
Daging Ayam Ras/Bali/2024-10-15,29766.562083322653
Daging Ayam Ras/Bali/2024-10-16,29766.561204294507
Daging Ayam Ras/Bali/2024-10-17,29766.549450005172
Daging Ayam Ras/Bali/2024-10-18,29766.557186477057
Daging Ayam Ras/Bali/2024-10-19,29766.555364555446
Daging Ayam Ras/Bali/2024-10-20,29766.57581479458
Daging Ayam Ras/Bali/2024-10-21,29766.551513374336
Daging Ayam Ras/Bali/2024-10-22,29766.558622568573
Daging Ayam Ras/Bali/2024-10-23,29766.552656314558
Daging Ayam Ras/Bali/2024-10-24,29766.557636223784
Daging Ayam Ras/Bali/2024-10-25,29766.550297900965
Daging Ayam Ras/Bali/2024-10-26,29766.543499580854
Daging Ayam Ras/Bali/2024-10-27,29766.546734267165
Daging Ayam Ras/Bali/2024-10-28,29766.54902580496
Daging Ayam Ras/Bali/2024-10-29,29766.57402048797
Daging Ayam Ras/Bali/2024-10-30,29766.56562043349
Daging Ayam Ras/Bali/2024-10-31,29766.56357385178
Daging Ayam Ras/Bali/2024-11-01,29766.55897903677
Daging Ayam Ras/Bali/2024-11-02,29766.568087322663
Daging Ayam Ras/Bali/2024-11-03,29766.561594641767
Daging Ayam Ras/Bali/2024-11-04,29766.573168316187
Daging Ayam Ras/Bali/2024-11-05,29766.56996013814
Daging Ayam Ras/Bali/2024-11-06,29766.559731433896
Daging Ayam Ras/Bali/2024-11-07,29766.561574382788
Daging Ayam Ras/Bali/2024-11-08,29766.55683973175
Daging Ayam Ras/Bali/2024-11-09,29766.547623202336
Daging Ayam Ras/Bali/2024-11-10,29766.55531918685
Daging Ayam Ras/Bali/2024-11-11,29766.55793175835
Daging Ayam Ras/Bali/2024-11-12,29766.564058879016
Daging Ayam Ras/Bali/2024-11-13,29766.545127012618
Daging Ayam Ras/Bali/2024-11-14,29766.569217647822
Daging Ayam Ras/Bali/2024-11-15,29766.56086390912
Daging Ayam Ras/Bali/2024-11-16,29766.57050216304
Daging Ayam Ras/Bali/2024-11-17,29766.579076338927
Daging Ayam Ras/Bali/2024-11-18,29766.550467630008
Daging Ayam Ras/Bali/2024-11-19,29766.56895740033
Daging Ayam Ras/Bali/2024-11-20,29766.556703857765
Daging Ayam Ras/Bali/2024-11-21,29766.555705056464
Daging Ayam Ras/Bali/2024-11-22,29766.562683491487
Daging Ayam Ras/Bali/2024-11-23,29766.56343843866
Daging Ayam Ras/Bali/2024-11-24,29766.545911644997
Daging Ayam Ras/Bali/2024-11-25,29766.54733934181
Daging Ayam Ras/Bali/2024-11-26,29766.55028795084
Daging Ayam Ras/Bali/2024-11-27,29766.545197653984
Daging Ayam Ras/Bali/2024-11-28,29766.564727146462
Daging Ayam Ras/Bali/2024-11-29,29766.552441972635
Daging Ayam Ras/Bali/2024-11-30,29766.55882500522
Daging Ayam Ras/Bali/2024-12-01,29766.56331223421
Daging Ayam Ras/Bali/2024-12-02,29766.55780239025
Daging Ayam Ras/Bali/2024-12-03,29766.560924944104
Daging Ayam Ras/Bali/2024-12-04,29766.56098459563
Daging Ayam Ras/Bali/2024-12-05,29766.57759310288
Daging Ayam Ras/Bali/2024-12-06,29766.557458923413
Daging Ayam Ras/Bali/2024-12-07,29766.56677881188
Daging Ayam Ras/Bali/2024-12-08,29766.56150768433
Daging Ayam Ras/Bali/2024-12-09,29766.538369534603
Daging Ayam Ras/Bali/2024-12-10,29766.5679394492
Daging Ayam Ras/Bali/2024-12-11,29766.567098014068
Daging Ayam Ras/Bali/2024-12-12,29766.55739605153
Daging Ayam Ras/Bali/2024-12-13,29766.54840104608
Daging Ayam Ras/Bali/2024-12-14,29766.56414624101
Daging Ayam Ras/Bali/2024-12-15,29766.539013049896
Daging Ayam Ras/Bali/2024-12-16,29766.55588295865
Daging Ayam Ras/Bali/2024-12-17,29766.562052494453
Daging Ayam Ras/Bali/2024-12-18,29766.541188900595
Daging Ayam Ras/Bali/2024-12-19,29766.567811798905
Daging Ayam Ras/Bali/2024-12-20,29766.559702687064
Daging Ayam Ras/Bali/2024-12-21,29766.550940666828
Daging Ayam Ras/Bali/2024-12-22,29766.557178403385
Daging Ayam Ras/Bali/2024-12-23,29766.56151857042
Daging Ayam Ras/Bali/2024-12-24,29766.5458846863
Daging Ayam Ras/Bali/2024-12-25,29766.57805408111
Daging Ayam Ras/Bali/2024-12-26,29766.560245981986
Daging Ayam Ras/Bali/2024-12-27,29766.55415165718
Daging Ayam Ras/Bali/2024-12-28,29766.563201378773
Daging Ayam Ras/Bali/2024-12-29,29766.547963498822
Daging Ayam Ras/Bali/2024-12-30,29766.572350609746
Daging Ayam Ras/Bali/2024-12-31,29766.569074230352
Daging Ayam Ras/Banten/2024-10-01,29766.558905190508
Daging Ayam Ras/Banten/2024-10-02,29766.565667551786
Daging Ayam Ras/Banten/2024-10-03,29766.55267432844
Daging Ayam Ras/Banten/2024-10-04,29766.582431382863
Daging Ayam Ras/Banten/2024-10-05,29766.55262939811
Daging Ayam Ras/Banten/2024-10-06,29766.561292819675
Daging Ayam Ras/Banten/2024-10-07,29766.556453759917
Daging Ayam Ras/Banten/2024-10-08,29766.577551164468
Daging Ayam Ras/Banten/2024-10-09,29766.56716808889
Daging Ayam Ras/Banten/2024-10-10,29766.55205370578
Daging Ayam Ras/Banten/2024-10-11,29766.54249643234
Daging Ayam Ras/Banten/2024-10-12,29766.55064110301
Daging Ayam Ras/Banten/2024-10-13,29766.547334791827
Daging Ayam Ras/Banten/2024-10-14,29766.54610231534
Daging Ayam Ras/Banten/2024-10-15,29766.549429663155
Daging Ayam Ras/Banten/2024-10-16,29766.54829092972
Daging Ayam Ras/Banten/2024-10-17,29766.56621302581
Daging Ayam Ras/Banten/2024-10-18,29766.56844666935
Daging Ayam Ras/Banten/2024-10-19,29766.54818147752
Daging Ayam Ras/Banten/2024-10-20,29766.56458343981
Daging Ayam Ras/Banten/2024-10-21,29766.55101581392
Daging Ayam Ras/Banten/2024-10-22,29766.566156453464
Daging Ayam Ras/Banten/2024-10-23,29766.55822502093
Daging Ayam Ras/Banten/2024-10-24,29766.558136552005
Daging Ayam Ras/Banten/2024-10-25,29766.54627822565
Daging Ayam Ras/Banten/2024-10-26,29766.56088744273
Daging Ayam Ras/Banten/2024-10-27,29766.54963145153
Daging Ayam Ras/Banten/2024-10-28,29766.56166372249
Daging Ayam Ras/Banten/2024-10-29,29766.55982056361
Daging Ayam Ras/Banten/2024-10-30,29766.559308507512
Daging Ayam Ras/Banten/2024-10-31,29766.561773116144
Daging Ayam Ras/Banten/2024-11-01,29766.578662186417
Daging Ayam Ras/Banten/2024-11-02,29766.54523822793
Daging Ayam Ras/Banten/2024-11-03,29766.56529407708
Daging Ayam Ras/Banten/2024-11-04,29766.549876701825
Daging Ayam Ras/Banten/2024-11-05,29766.56101590114
Daging Ayam Ras/Banten/2024-11-06,29766.557204761582
Daging Ayam Ras/Banten/2024-11-07,29766.566238305026
Daging Ayam Ras/Banten/2024-11-08,29766.565191854068
Daging Ayam Ras/Banten/2024-11-09,29766.54839603288
Daging Ayam Ras/Banten/2024-11-10,29766.567042998555
Daging Ayam Ras/Banten/2024-11-11,29766.565695134203
Daging Ayam Ras/Banten/2024-11-12,29766.54364842333
Daging Ayam Ras/Banten/2024-11-13,29766.550483260417
Daging Ayam Ras/Banten/2024-11-14,29766.564176753047
Daging Ayam Ras/Banten/2024-11-15,29766.551564494108
Daging Ayam Ras/Banten/2024-11-16,29766.55947645187
Daging Ayam Ras/Banten/2024-11-17,29766.561743483355
Daging Ayam Ras/Banten/2024-11-18,29766.549144981072
Daging Ayam Ras/Banten/2024-11-19,29766.549293308908
Daging Ayam Ras/Banten/2024-11-20,29766.55924443865
Daging Ayam Ras/Banten/2024-11-21,29766.56310664966
Daging Ayam Ras/Banten/2024-11-22,29766.54960608389
Daging Ayam Ras/Banten/2024-11-23,29766.571800537036
Daging Ayam Ras/Banten/2024-11-24,29766.54993039225
Daging Ayam Ras/Banten/2024-11-25,29766.54368287465
Daging Ayam Ras/Banten/2024-11-26,29766.55430093564
Daging Ayam Ras/Banten/2024-11-27,29766.56675451864
Daging Ayam Ras/Banten/2024-11-28,29766.551744569835
Daging Ayam Ras/Banten/2024-11-29,29766.55892112007
Daging Ayam Ras/Banten/2024-11-30,29766.566680484728
Daging Ayam Ras/Banten/2024-12-01,29766.574304222
Daging Ayam Ras/Banten/2024-12-02,29766.55299855916
Daging Ayam Ras/Banten/2024-12-03,29766.554414118284
Daging Ayam Ras/Banten/2024-12-04,29766.554266975087
Daging Ayam Ras/Banten/2024-12-05,29766.564661706376
Daging Ayam Ras/Banten/2024-12-06,29766.547022819926
Daging Ayam Ras/Banten/2024-12-07,29766.57466272243
Daging Ayam Ras/Banten/2024-12-08,29766.5550393099
Daging Ayam Ras/Banten/2024-12-09,29766.55513613828
Daging Ayam Ras/Banten/2024-12-10,29766.549169508475
Daging Ayam Ras/Banten/2024-12-11,29766.56808040889
Daging Ayam Ras/Banten/2024-12-12,29766.551027922524
Daging Ayam Ras/Banten/2024-12-13,29766.54998029593
Daging Ayam Ras/Banten/2024-12-14,29766.5418930944
Daging Ayam Ras/Banten/2024-12-15,29766.56599962528
Daging Ayam Ras/Banten/2024-12-16,29766.541255177115
Daging Ayam Ras/Banten/2024-12-17,29766.558518353573
Daging Ayam Ras/Banten/2024-12-18,29766.55027018304
Daging Ayam Ras/Banten/2024-12-19,29766.54694390805
Daging Ayam Ras/Banten/2024-12-20,29766.56756885689
Daging Ayam Ras/Banten/2024-12-21,29766.55276655148
Daging Ayam Ras/Banten/2024-12-22,29766.557694885007
Daging Ayam Ras/Banten/2024-12-23,29766.572283496494
Daging Ayam Ras/Banten/2024-12-24,29766.538790080667
Daging Ayam Ras/Banten/2024-12-25,29766.556001328263
Daging Ayam Ras/Banten/2024-12-26,29766.558193097917
Daging Ayam Ras/Banten/2024-12-27,29766.5466279107
Daging Ayam Ras/Banten/2024-12-28,29766.554901517964
Daging Ayam Ras/Banten/2024-12-29,29766.5480588854
Daging Ayam Ras/Banten/2024-12-30,29766.5644741429
Daging Ayam Ras/Banten/2024-12-31,29766.551127286664
Daging Ayam Ras/Bengkulu/2024-10-01,29766.57144417801
Daging Ayam Ras/Bengkulu/2024-10-02,29766.53911968717
Daging Ayam Ras/Bengkulu/2024-10-03,29766.56264849003
Daging Ayam Ras/Bengkulu/2024-10-04,29766.54486872872
Daging Ayam Ras/Bengkulu/2024-10-05,29766.5757089859
Daging Ayam Ras/Bengkulu/2024-10-06,29766.557462889585
Daging Ayam Ras/Bengkulu/2024-10-07,29766.548525655173
Daging Ayam Ras/Bengkulu/2024-10-08,29766.54612701237
Daging Ayam Ras/Bengkulu/2024-10-09,29766.5558343008
Daging Ayam Ras/Bengkulu/2024-10-10,29766.553635619573
Daging Ayam Ras/Bengkulu/2024-10-11,29766.556525972224
Daging Ayam Ras/Bengkulu/2024-10-12,29766.542667115587
Daging Ayam Ras/Bengkulu/2024-10-13,29766.561173568756
Daging Ayam Ras/Bengkulu/2024-10-14,29766.5662814429
Daging Ayam Ras/Bengkulu/2024-10-15,29766.56159220448
Daging Ayam Ras/Bengkulu/2024-10-16,29766.554295117538
Daging Ayam Ras/Bengkulu/2024-10-17,29766.55675568336
Daging Ayam Ras/Bengkulu/2024-10-18,29766.562398038663
Daging Ayam Ras/Bengkulu/2024-10-19,29766.54768767389
Daging Ayam Ras/Bengkulu/2024-10-20,29766.549263123758
Daging Ayam Ras/Bengkulu/2024-10-21,29766.55165566904
Daging Ayam Ras/Bengkulu/2024-10-22,29766.57031963749
Daging Ayam Ras/Bengkulu/2024-10-23,29766.545084133864
Daging Ayam Ras/Bengkulu/2024-10-24,29766.553700547447
Daging Ayam Ras/Bengkulu/2024-10-25,29766.555490683837
Daging Ayam Ras/Bengkulu/2024-10-26,29766.55295256613
Daging Ayam Ras/Bengkulu/2024-10-27,29766.55364909146
Daging Ayam Ras/Bengkulu/2024-10-28,29766.563403300355
Daging Ayam Ras/Bengkulu/2024-10-29,29766.564259185565
Daging Ayam Ras/Bengkulu/2024-10-30,29766.56191690836
Daging Ayam Ras/Bengkulu/2024-10-31,29766.569351310773
Daging Ayam Ras/Bengkulu/2024-11-01,29766.55400070956
Daging Ayam Ras/Bengkulu/2024-11-02,29766.562348065465
Daging Ayam Ras/Bengkulu/2024-11-03,29766.557373009284
Daging Ayam Ras/Bengkulu/2024-11-04,29766.55654529162
Daging Ayam Ras/Bengkulu/2024-11-05,29766.54783930481
Daging Ayam Ras/Bengkulu/2024-11-06,29766.56267145337
Daging Ayam Ras/Bengkulu/2024-11-07,29766.55863044233
Daging Ayam Ras/Bengkulu/2024-11-08,29766.571491847943
Daging Ayam Ras/Bengkulu/2024-11-09,29766.53440887054
Daging Ayam Ras/Bengkulu/2024-11-10,29766.56463809903
Daging Ayam Ras/Bengkulu/2024-11-11,29766.561766666822
Daging Ayam Ras/Bengkulu/2024-11-12,29766.56202112197
Daging Ayam Ras/Bengkulu/2024-11-13,29766.54550900227
Daging Ayam Ras/Bengkulu/2024-11-14,29766.557296346706
Daging Ayam Ras/Bengkulu/2024-11-15,29766.560659047696
Daging Ayam Ras/Bengkulu/2024-11-16,29766.55139106303
Daging Ayam Ras/Bengkulu/2024-11-17,29766.55830444503
Daging Ayam Ras/Bengkulu/2024-11-18,29766.563466810658
Daging Ayam Ras/Bengkulu/2024-11-19,29766.541737467527
Daging Ayam Ras/Bengkulu/2024-11-20,29766.549731443854
Daging Ayam Ras/Bengkulu/2024-11-21,29766.561050770797
Daging Ayam Ras/Bengkulu/2024-11-22,29766.55544639467
Daging Ayam Ras/Bengkulu/2024-11-23,29766.56349524348
Daging Ayam Ras/Bengkulu/2024-11-24,29766.556696111307
Daging Ayam Ras/Bengkulu/2024-11-25,29766.559748848194
Daging Ayam Ras/Bengkulu/2024-11-26,29766.56380148626
Daging Ayam Ras/Bengkulu/2024-11-27,29766.54923544996
Daging Ayam Ras/Bengkulu/2024-11-28,29766.554831467096
Daging Ayam Ras/Bengkulu/2024-11-29,29766.56483153775
Daging Ayam Ras/Bengkulu/2024-11-30,29766.54331829155
Daging Ayam Ras/Bengkulu/2024-12-01,29766.56490189843
Daging Ayam Ras/Bengkulu/2024-12-02,29766.542485735423
Daging Ayam Ras/Bengkulu/2024-12-03,29766.57157732636
Daging Ayam Ras/Bengkulu/2024-12-04,29766.560276137832
Daging Ayam Ras/Bengkulu/2024-12-05,29766.55428152089
Daging Ayam Ras/Bengkulu/2024-12-06,29766.55043934766
Daging Ayam Ras/Bengkulu/2024-12-07,29766.56637018436
Daging Ayam Ras/Bengkulu/2024-12-08,29766.53981495019
Daging Ayam Ras/Bengkulu/2024-12-09,29766.564602347727
Daging Ayam Ras/Bengkulu/2024-12-10,29766.555005969432
Daging Ayam Ras/Bengkulu/2024-12-11,29766.557087010955
Daging Ayam Ras/Bengkulu/2024-12-12,29766.56816629387
Daging Ayam Ras/Bengkulu/2024-12-13,29766.566060990845
Daging Ayam Ras/Bengkulu/2024-12-14,29766.54130579696
Daging Ayam Ras/Bengkulu/2024-12-15,29766.57369976353
Daging Ayam Ras/Bengkulu/2024-12-16,29766.5633041051
Daging Ayam Ras/Bengkulu/2024-12-17,29766.55492704073
Daging Ayam Ras/Bengkulu/2024-12-18,29766.58314575456
Daging Ayam Ras/Bengkulu/2024-12-19,29766.56501327449
Daging Ayam Ras/Bengkulu/2024-12-20,29766.55306404764
Daging Ayam Ras/Bengkulu/2024-12-21,29766.55602535041
Daging Ayam Ras/Bengkulu/2024-12-22,29766.538477151145
Daging Ayam Ras/Bengkulu/2024-12-23,29766.551154712648
Daging Ayam Ras/Bengkulu/2024-12-24,29766.55600200576
Daging Ayam Ras/Bengkulu/2024-12-25,29766.55450277994
Daging Ayam Ras/Bengkulu/2024-12-26,29766.568885281013
Daging Ayam Ras/Bengkulu/2024-12-27,29766.53995571428
Daging Ayam Ras/Bengkulu/2024-12-28,29766.55245548238
Daging Ayam Ras/Bengkulu/2024-12-29,29766.575376838893
Daging Ayam Ras/Bengkulu/2024-12-30,29766.56056852381
Daging Ayam Ras/Bengkulu/2024-12-31,29766.577927176026
Daging Ayam Ras/DI Yogyakarta/2024-10-01,29766.544242269847
Daging Ayam Ras/DI Yogyakarta/2024-10-02,29766.57973579501
Daging Ayam Ras/DI Yogyakarta/2024-10-03,29766.531465109725
Daging Ayam Ras/DI Yogyakarta/2024-10-04,29766.56578860293
Daging Ayam Ras/DI Yogyakarta/2024-10-05,29766.56493007659
Daging Ayam Ras/DI Yogyakarta/2024-10-06,29766.566303695203
Daging Ayam Ras/DI Yogyakarta/2024-10-07,29766.567417397346
Daging Ayam Ras/DI Yogyakarta/2024-10-08,29766.54656074345
Daging Ayam Ras/DI Yogyakarta/2024-10-09,29766.573454145037
Daging Ayam Ras/DI Yogyakarta/2024-10-10,29766.563881062448
Daging Ayam Ras/DI Yogyakarta/2024-10-11,29766.557659115893
Daging Ayam Ras/DI Yogyakarta/2024-10-12,29766.56485734194
Daging Ayam Ras/DI Yogyakarta/2024-10-13,29766.55612893457
Daging Ayam Ras/DI Yogyakarta/2024-10-14,29766.56704500845
Daging Ayam Ras/DI Yogyakarta/2024-10-15,29766.547736312797
Daging Ayam Ras/DI Yogyakarta/2024-10-16,29766.554957392436
Daging Ayam Ras/DI Yogyakarta/2024-10-17,29766.563182918944
Daging Ayam Ras/DI Yogyakarta/2024-10-18,29766.562893765586
Daging Ayam Ras/DI Yogyakarta/2024-10-19,29766.557671919447
Daging Ayam Ras/DI Yogyakarta/2024-10-20,29766.571317966256
Daging Ayam Ras/DI Yogyakarta/2024-10-21,29766.56566408009
Daging Ayam Ras/DI Yogyakarta/2024-10-22,29766.54549720396
Daging Ayam Ras/DI Yogyakarta/2024-10-23,29766.54555841317
Daging Ayam Ras/DI Yogyakarta/2024-10-24,29766.567052099366
Daging Ayam Ras/DI Yogyakarta/2024-10-25,29766.55843329765
Daging Ayam Ras/DI Yogyakarta/2024-10-26,29766.550540028413
Daging Ayam Ras/DI Yogyakarta/2024-10-27,29766.56166299429
Daging Ayam Ras/DI Yogyakarta/2024-10-28,29766.560630496013
Daging Ayam Ras/DI Yogyakarta/2024-10-29,29766.560932505072
Daging Ayam Ras/DI Yogyakarta/2024-10-30,29766.56181752967
Daging Ayam Ras/DI Yogyakarta/2024-10-31,29766.56679076654
Daging Ayam Ras/DI Yogyakarta/2024-11-01,29766.561739582878
Daging Ayam Ras/DI Yogyakarta/2024-11-02,29766.573014744343
Daging Ayam Ras/DI Yogyakarta/2024-11-03,29766.568132765027
Daging Ayam Ras/DI Yogyakarta/2024-11-04,29766.55623628641
Daging Ayam Ras/DI Yogyakarta/2024-11-05,29766.54769246925
Daging Ayam Ras/DI Yogyakarta/2024-11-06,29766.562318932305
Daging Ayam Ras/DI Yogyakarta/2024-11-07,29766.55338945652
Daging Ayam Ras/DI Yogyakarta/2024-11-08,29766.54574585938
Daging Ayam Ras/DI Yogyakarta/2024-11-09,29766.55842670266
Daging Ayam Ras/DI Yogyakarta/2024-11-10,29766.58092827276
Daging Ayam Ras/DI Yogyakarta/2024-11-11,29766.5679062693
Daging Ayam Ras/DI Yogyakarta/2024-11-12,29766.57298347308
Daging Ayam Ras/DI Yogyakarta/2024-11-13,29766.56173833674
Daging Ayam Ras/DI Yogyakarta/2024-11-14,29766.53575917422
Daging Ayam Ras/DI Yogyakarta/2024-11-15,29766.56794769668
Daging Ayam Ras/DI Yogyakarta/2024-11-16,29766.568168364112
Daging Ayam Ras/DI Yogyakarta/2024-11-17,29766.56088766581
Daging Ayam Ras/DI Yogyakarta/2024-11-18,29766.579536685927
Daging Ayam Ras/DI Yogyakarta/2024-11-19,29766.564877570632
Daging Ayam Ras/DI Yogyakarta/2024-11-20,29766.55075213393
Daging Ayam Ras/DI Yogyakarta/2024-11-21,29766.567574692657
Daging Ayam Ras/DI Yogyakarta/2024-11-22,29766.55822710897
Daging Ayam Ras/DI Yogyakarta/2024-11-23,29766.572924874155
Daging Ayam Ras/DI Yogyakarta/2024-11-24,29766.560547096426
Daging Ayam Ras/DI Yogyakarta/2024-11-25,29766.549396707316
Daging Ayam Ras/DI Yogyakarta/2024-11-26,29766.578370626823
Daging Ayam Ras/DI Yogyakarta/2024-11-27,29766.55200936227
Daging Ayam Ras/DI Yogyakarta/2024-11-28,29766.52853983342
Daging Ayam Ras/DI Yogyakarta/2024-11-29,29766.55067508104
Daging Ayam Ras/DI Yogyakarta/2024-11-30,29766.58456548969
Daging Ayam Ras/DI Yogyakarta/2024-12-01,29766.53540606481
Daging Ayam Ras/DI Yogyakarta/2024-12-02,29766.55021630123
Daging Ayam Ras/DI Yogyakarta/2024-12-03,29766.54961379045
Daging Ayam Ras/DI Yogyakarta/2024-12-04,29766.54293730082
Daging Ayam Ras/DI Yogyakarta/2024-12-05,29766.558403561183
Daging Ayam Ras/DI Yogyakarta/2024-12-06,29766.559149692624
Daging Ayam Ras/DI Yogyakarta/2024-12-07,29766.57775175372
Daging Ayam Ras/DI Yogyakarta/2024-12-08,29766.55589358297
Daging Ayam Ras/DI Yogyakarta/2024-12-09,29766.55204200399
Daging Ayam Ras/DI Yogyakarta/2024-12-10,29766.554819097964
Daging Ayam Ras/DI Yogyakarta/2024-12-11,29766.565052790535
Daging Ayam Ras/DI Yogyakarta/2024-12-12,29766.55719251894
Daging Ayam Ras/DI Yogyakarta/2024-12-13,29766.544330319768
Daging Ayam Ras/DI Yogyakarta/2024-12-14,29766.56631637684
Daging Ayam Ras/DI Yogyakarta/2024-12-15,29766.570511437927
Daging Ayam Ras/DI Yogyakarta/2024-12-16,29766.57349714805
Daging Ayam Ras/DI Yogyakarta/2024-12-17,29766.57028133344
Daging Ayam Ras/DI Yogyakarta/2024-12-18,29766.554704282506
Daging Ayam Ras/DI Yogyakarta/2024-12-19,29766.54459674748
Daging Ayam Ras/DI Yogyakarta/2024-12-20,29766.572227288736
Daging Ayam Ras/DI Yogyakarta/2024-12-21,29766.55142673106
Daging Ayam Ras/DI Yogyakarta/2024-12-22,29766.54817370746
Daging Ayam Ras/DI Yogyakarta/2024-12-23,29766.56731379709
Daging Ayam Ras/DI Yogyakarta/2024-12-24,29766.54466531052
Daging Ayam Ras/DI Yogyakarta/2024-12-25,29766.57367635577
Daging Ayam Ras/DI Yogyakarta/2024-12-26,29766.575004115708
Daging Ayam Ras/DI Yogyakarta/2024-12-27,29766.568948714703
Daging Ayam Ras/DI Yogyakarta/2024-12-28,29766.55961046195
Daging Ayam Ras/DI Yogyakarta/2024-12-29,29766.54924017031
Daging Ayam Ras/DI Yogyakarta/2024-12-30,29766.560507238137
Daging Ayam Ras/DI Yogyakarta/2024-12-31,29766.565307143923
Daging Ayam Ras/DKI Jakarta/2024-10-01,29766.55450066335
Daging Ayam Ras/DKI Jakarta/2024-10-02,29766.53438843629
Daging Ayam Ras/DKI Jakarta/2024-10-03,29766.54957465461
Daging Ayam Ras/DKI Jakarta/2024-10-04,29766.565305296044
Daging Ayam Ras/DKI Jakarta/2024-10-05,29766.57935524918
Daging Ayam Ras/DKI Jakarta/2024-10-06,29766.57219895508
Daging Ayam Ras/DKI Jakarta/2024-10-07,29766.550562237964
Daging Ayam Ras/DKI Jakarta/2024-10-08,29766.55518924917
Daging Ayam Ras/DKI Jakarta/2024-10-09,29766.548303581745
Daging Ayam Ras/DKI Jakarta/2024-10-10,29766.553231207345
Daging Ayam Ras/DKI Jakarta/2024-10-11,29766.55921212344
Daging Ayam Ras/DKI Jakarta/2024-10-12,29766.55953858852
Daging Ayam Ras/DKI Jakarta/2024-10-13,29766.567879468857
Daging Ayam Ras/DKI Jakarta/2024-10-14,29766.56808750736
Daging Ayam Ras/DKI Jakarta/2024-10-15,29766.553029712344
Daging Ayam Ras/DKI Jakarta/2024-10-16,29766.55399644996
Daging Ayam Ras/DKI Jakarta/2024-10-17,29766.57587107216
Daging Ayam Ras/DKI Jakarta/2024-10-18,29766.54392962219
Daging Ayam Ras/DKI Jakarta/2024-10-19,29766.57088420949
Daging Ayam Ras/DKI Jakarta/2024-10-20,29766.554973044847
Daging Ayam Ras/DKI Jakarta/2024-10-21,29766.56433072677
Daging Ayam Ras/DKI Jakarta/2024-10-22,29766.56639807876
Daging Ayam Ras/DKI Jakarta/2024-10-23,29766.55333805077
Daging Ayam Ras/DKI Jakarta/2024-10-24,29766.559962965504
Daging Ayam Ras/DKI Jakarta/2024-10-25,29766.526696825324
Daging Ayam Ras/DKI Jakarta/2024-10-26,29766.549294804096
Daging Ayam Ras/DKI Jakarta/2024-10-27,29766.557467871942
Daging Ayam Ras/DKI Jakarta/2024-10-28,29766.555526840515
Daging Ayam Ras/DKI Jakarta/2024-10-29,29766.566710792176
Daging Ayam Ras/DKI Jakarta/2024-10-30,29766.55233808686
Daging Ayam Ras/DKI Jakarta/2024-10-31,29766.553148496347
Daging Ayam Ras/DKI Jakarta/2024-11-01,29766.58052738265
Daging Ayam Ras/DKI Jakarta/2024-11-02,29766.57200435071
Daging Ayam Ras/DKI Jakarta/2024-11-03,29766.555453601468
Daging Ayam Ras/DKI Jakarta/2024-11-04,29766.57257743136
Daging Ayam Ras/DKI Jakarta/2024-11-05,29766.554309021896
Daging Ayam Ras/DKI Jakarta/2024-11-06,29766.55619657677
Daging Ayam Ras/DKI Jakarta/2024-11-07,29766.56053269796
Daging Ayam Ras/DKI Jakarta/2024-11-08,29766.549240413893
Daging Ayam Ras/DKI Jakarta/2024-11-09,29766.55009653076
Daging Ayam Ras/DKI Jakarta/2024-11-10,29766.562606266227
Daging Ayam Ras/DKI Jakarta/2024-11-11,29766.57028882623
Daging Ayam Ras/DKI Jakarta/2024-11-12,29766.571973790597
Daging Ayam Ras/DKI Jakarta/2024-11-13,29766.573730033662
Daging Ayam Ras/DKI Jakarta/2024-11-14,29766.557858195298
Daging Ayam Ras/DKI Jakarta/2024-11-15,29766.55943654836
Daging Ayam Ras/DKI Jakarta/2024-11-16,29766.537316581387
Daging Ayam Ras/DKI Jakarta/2024-11-17,29766.56494349597
Daging Ayam Ras/DKI Jakarta/2024-11-18,29766.54628212376
Daging Ayam Ras/DKI Jakarta/2024-11-19,29766.5743358915
Daging Ayam Ras/DKI Jakarta/2024-11-20,29766.5661346913
Daging Ayam Ras/DKI Jakarta/2024-11-21,29766.57470591734
Daging Ayam Ras/DKI Jakarta/2024-11-22,29766.58247302628
Daging Ayam Ras/DKI Jakarta/2024-11-23,29766.579159203004
Daging Ayam Ras/DKI Jakarta/2024-11-24,29766.55895337768
Daging Ayam Ras/DKI Jakarta/2024-11-25,29766.559638074606
Daging Ayam Ras/DKI Jakarta/2024-11-26,29766.54541814838
Daging Ayam Ras/DKI Jakarta/2024-11-27,29766.54647841452
Daging Ayam Ras/DKI Jakarta/2024-11-28,29766.55122527912
Daging Ayam Ras/DKI Jakarta/2024-11-29,29766.553176544163
Daging Ayam Ras/DKI Jakarta/2024-11-30,29766.561161721573
Daging Ayam Ras/DKI Jakarta/2024-12-01,29766.53691467044
Daging Ayam Ras/DKI Jakarta/2024-12-02,29766.567291201776
Daging Ayam Ras/DKI Jakarta/2024-12-03,29766.57272489855
Daging Ayam Ras/DKI Jakarta/2024-12-04,29766.56194916499
Daging Ayam Ras/DKI Jakarta/2024-12-05,29766.568882654075
Daging Ayam Ras/DKI Jakarta/2024-12-06,29766.554048974413
Daging Ayam Ras/DKI Jakarta/2024-12-07,29766.561980530005
Daging Ayam Ras/DKI Jakarta/2024-12-08,29766.57514024864
Daging Ayam Ras/DKI Jakarta/2024-12-09,29766.560446208663
Daging Ayam Ras/DKI Jakarta/2024-12-10,29766.555116172145
Daging Ayam Ras/DKI Jakarta/2024-12-11,29766.561467017986
Daging Ayam Ras/DKI Jakarta/2024-12-12,29766.563256009005
Daging Ayam Ras/DKI Jakarta/2024-12-13,29766.562551931253
Daging Ayam Ras/DKI Jakarta/2024-12-14,29766.55724114837
Daging Ayam Ras/DKI Jakarta/2024-12-15,29766.55493542242
Daging Ayam Ras/DKI Jakarta/2024-12-16,29766.5367730934
Daging Ayam Ras/DKI Jakarta/2024-12-17,29766.54898134638
Daging Ayam Ras/DKI Jakarta/2024-12-18,29766.564199191347
Daging Ayam Ras/DKI Jakarta/2024-12-19,29766.569685930765
Daging Ayam Ras/DKI Jakarta/2024-12-20,29766.543826985595
Daging Ayam Ras/DKI Jakarta/2024-12-21,29766.54608280564
Daging Ayam Ras/DKI Jakarta/2024-12-22,29766.5802060776
Daging Ayam Ras/DKI Jakarta/2024-12-23,29766.55421734713
Daging Ayam Ras/DKI Jakarta/2024-12-24,29766.55985640699
Daging Ayam Ras/DKI Jakarta/2024-12-25,29766.568643573763
Daging Ayam Ras/DKI Jakarta/2024-12-26,29766.57881156649
Daging Ayam Ras/DKI Jakarta/2024-12-27,29766.54903592826
Daging Ayam Ras/DKI Jakarta/2024-12-28,29766.557015981125
Daging Ayam Ras/DKI Jakarta/2024-12-29,29766.568897861336
Daging Ayam Ras/DKI Jakarta/2024-12-30,29766.5703309956
Daging Ayam Ras/DKI Jakarta/2024-12-31,29766.54495732521
Daging Ayam Ras/Gorontalo/2024-10-01,29766.55423203865
Daging Ayam Ras/Gorontalo/2024-10-02,29766.56146964125
Daging Ayam Ras/Gorontalo/2024-10-03,29766.565037757104
Daging Ayam Ras/Gorontalo/2024-10-04,29766.566576569738
Daging Ayam Ras/Gorontalo/2024-10-05,29766.55774516334
Daging Ayam Ras/Gorontalo/2024-10-06,29766.56079479614
Daging Ayam Ras/Gorontalo/2024-10-07,29766.55733490114
Daging Ayam Ras/Gorontalo/2024-10-08,29766.559292843303
Daging Ayam Ras/Gorontalo/2024-10-09,29766.571058230787
Daging Ayam Ras/Gorontalo/2024-10-10,29766.561004206043
Daging Ayam Ras/Gorontalo/2024-10-11,29766.5553507344
Daging Ayam Ras/Gorontalo/2024-10-12,29766.56581953072
Daging Ayam Ras/Gorontalo/2024-10-13,29766.566774186856
Daging Ayam Ras/Gorontalo/2024-10-14,29766.563675965357
Daging Ayam Ras/Gorontalo/2024-10-15,29766.56157613938
Daging Ayam Ras/Gorontalo/2024-10-16,29766.548804826027
Daging Ayam Ras/Gorontalo/2024-10-17,29766.557289955035
Daging Ayam Ras/Gorontalo/2024-10-18,29766.56453433545
Daging Ayam Ras/Gorontalo/2024-10-19,29766.56459505676
Daging Ayam Ras/Gorontalo/2024-10-20,29766.554981612724
Daging Ayam Ras/Gorontalo/2024-10-21,29766.556110293222
Daging Ayam Ras/Gorontalo/2024-10-22,29766.551314414664
Daging Ayam Ras/Gorontalo/2024-10-23,29766.55897401312
Daging Ayam Ras/Gorontalo/2024-10-24,29766.553323779623
Daging Ayam Ras/Gorontalo/2024-10-25,29766.54636079759
Daging Ayam Ras/Gorontalo/2024-10-26,29766.552150242143
Daging Ayam Ras/Gorontalo/2024-10-27,29766.555627249647
Daging Ayam Ras/Gorontalo/2024-10-28,29766.56863495037
Daging Ayam Ras/Gorontalo/2024-10-29,29766.56213330384
Daging Ayam Ras/Gorontalo/2024-10-30,29766.54189070774
Daging Ayam Ras/Gorontalo/2024-10-31,29766.576513929747
Daging Ayam Ras/Gorontalo/2024-11-01,29766.55336282685
Daging Ayam Ras/Gorontalo/2024-11-02,29766.5615977694
Daging Ayam Ras/Gorontalo/2024-11-03,29766.563968358463
Daging Ayam Ras/Gorontalo/2024-11-04,29766.569682887453
Daging Ayam Ras/Gorontalo/2024-11-05,29766.56403124777
Daging Ayam Ras/Gorontalo/2024-11-06,29766.545234382244
Daging Ayam Ras/Gorontalo/2024-11-07,29766.58172951432
Daging Ayam Ras/Gorontalo/2024-11-08,29766.560846186112
Daging Ayam Ras/Gorontalo/2024-11-09,29766.56817410807
Daging Ayam Ras/Gorontalo/2024-11-10,29766.54811083813
Daging Ayam Ras/Gorontalo/2024-11-11,29766.5632329449
Daging Ayam Ras/Gorontalo/2024-11-12,29766.565949094464
Daging Ayam Ras/Gorontalo/2024-11-13,29766.567674209156
Daging Ayam Ras/Gorontalo/2024-11-14,29766.55213280249
Daging Ayam Ras/Gorontalo/2024-11-15,29766.53758743751
Daging Ayam Ras/Gorontalo/2024-11-16,29766.56072652715
Daging Ayam Ras/Gorontalo/2024-11-17,29766.570657932443
Daging Ayam Ras/Gorontalo/2024-11-18,29766.55968776788
Daging Ayam Ras/Gorontalo/2024-11-19,29766.567361077112
Daging Ayam Ras/Gorontalo/2024-11-20,29766.55701942667
Daging Ayam Ras/Gorontalo/2024-11-21,29766.557461687447
Daging Ayam Ras/Gorontalo/2024-11-22,29766.546443039748
Daging Ayam Ras/Gorontalo/2024-11-23,29766.55591122386
Daging Ayam Ras/Gorontalo/2024-11-24,29766.56532212775
Daging Ayam Ras/Gorontalo/2024-11-25,29766.54025260483
Daging Ayam Ras/Gorontalo/2024-11-26,29766.56269380963
Daging Ayam Ras/Gorontalo/2024-11-27,29766.555255568128
Daging Ayam Ras/Gorontalo/2024-11-28,29766.56061836486
Daging Ayam Ras/Gorontalo/2024-11-29,29766.548066310974
Daging Ayam Ras/Gorontalo/2024-11-30,29766.567018621296
Daging Ayam Ras/Gorontalo/2024-12-01,29766.55484374965
Daging Ayam Ras/Gorontalo/2024-12-02,29766.571791620263
Daging Ayam Ras/Gorontalo/2024-12-03,29766.55323323228
Daging Ayam Ras/Gorontalo/2024-12-04,29766.55958122257
Daging Ayam Ras/Gorontalo/2024-12-05,29766.54415553192
Daging Ayam Ras/Gorontalo/2024-12-06,29766.574519901435
Daging Ayam Ras/Gorontalo/2024-12-07,29766.56325153566
Daging Ayam Ras/Gorontalo/2024-12-08,29766.545961332824
Daging Ayam Ras/Gorontalo/2024-12-09,29766.555171867247
Daging Ayam Ras/Gorontalo/2024-12-10,29766.546428026217
Daging Ayam Ras/Gorontalo/2024-12-11,29766.548092502904
Daging Ayam Ras/Gorontalo/2024-12-12,29766.55705651153
Daging Ayam Ras/Gorontalo/2024-12-13,29766.567267323768
Daging Ayam Ras/Gorontalo/2024-12-14,29766.56644277013
Daging Ayam Ras/Gorontalo/2024-12-15,29766.54063789323
Daging Ayam Ras/Gorontalo/2024-12-16,29766.555873528003
Daging Ayam Ras/Gorontalo/2024-12-17,29766.53884396702
Daging Ayam Ras/Gorontalo/2024-12-18,29766.546040438057
Daging Ayam Ras/Gorontalo/2024-12-19,29766.56687151562
Daging Ayam Ras/Gorontalo/2024-12-20,29766.54092627638
Daging Ayam Ras/Gorontalo/2024-12-21,29766.554691970403
Daging Ayam Ras/Gorontalo/2024-12-22,29766.56821058424
Daging Ayam Ras/Gorontalo/2024-12-23,29766.563353175283
Daging Ayam Ras/Gorontalo/2024-12-24,29766.55348036698
Daging Ayam Ras/Gorontalo/2024-12-25,29766.557123243776
Daging Ayam Ras/Gorontalo/2024-12-26,29766.565671635373
Daging Ayam Ras/Gorontalo/2024-12-27,29766.558018187792
Daging Ayam Ras/Gorontalo/2024-12-28,29766.54004411205
Daging Ayam Ras/Gorontalo/2024-12-29,29766.55693328152
Daging Ayam Ras/Gorontalo/2024-12-30,29766.55357895216
Daging Ayam Ras/Gorontalo/2024-12-31,29766.551952973903
Daging Ayam Ras/Jambi/2024-10-01,29766.571534572508
Daging Ayam Ras/Jambi/2024-10-02,29766.5631719904
Daging Ayam Ras/Jambi/2024-10-03,29766.5499050906
Daging Ayam Ras/Jambi/2024-10-04,29766.5541758475
Daging Ayam Ras/Jambi/2024-10-05,29766.55458086259
Daging Ayam Ras/Jambi/2024-10-06,29766.555231824783
Daging Ayam Ras/Jambi/2024-10-07,29766.55755065879
Daging Ayam Ras/Jambi/2024-10-08,29766.56154601503
Daging Ayam Ras/Jambi/2024-10-09,29766.552152975004
Daging Ayam Ras/Jambi/2024-10-10,29766.55714734406
Daging Ayam Ras/Jambi/2024-10-11,29766.53505223832
Daging Ayam Ras/Jambi/2024-10-12,29766.54991394696
Daging Ayam Ras/Jambi/2024-10-13,29766.544670726955
Daging Ayam Ras/Jambi/2024-10-14,29766.52503475129
Daging Ayam Ras/Jambi/2024-10-15,29766.559283740546
Daging Ayam Ras/Jambi/2024-10-16,29766.56647214456
Daging Ayam Ras/Jambi/2024-10-17,29766.550448949023
Daging Ayam Ras/Jambi/2024-10-18,29766.54908736744
Daging Ayam Ras/Jambi/2024-10-19,29766.55986654277
Daging Ayam Ras/Jambi/2024-10-20,29766.55715448197
Daging Ayam Ras/Jambi/2024-10-21,29766.55064267639
Daging Ayam Ras/Jambi/2024-10-22,29766.55054845199
Daging Ayam Ras/Jambi/2024-10-23,29766.578413927145
Daging Ayam Ras/Jambi/2024-10-24,29766.54546585353
Daging Ayam Ras/Jambi/2024-10-25,29766.56527127433
Daging Ayam Ras/Jambi/2024-10-26,29766.557247111487
Daging Ayam Ras/Jambi/2024-10-27,29766.55968667924
Daging Ayam Ras/Jambi/2024-10-28,29766.55492027466
Daging Ayam Ras/Jambi/2024-10-29,29766.575449921853
Daging Ayam Ras/Jambi/2024-10-30,29766.558479931355
Daging Ayam Ras/Jambi/2024-10-31,29766.5553643314
Daging Ayam Ras/Jambi/2024-11-01,29766.557668256937
Daging Ayam Ras/Jambi/2024-11-02,29766.56370894763
Daging Ayam Ras/Jambi/2024-11-03,29766.55065200488
Daging Ayam Ras/Jambi/2024-11-04,29766.56266768385
Daging Ayam Ras/Jambi/2024-11-05,29766.56557362968
Daging Ayam Ras/Jambi/2024-11-06,29766.561640417243
Daging Ayam Ras/Jambi/2024-11-07,29766.55263653652
Daging Ayam Ras/Jambi/2024-11-08,29766.58813360892
Daging Ayam Ras/Jambi/2024-11-09,29766.54462866984
Daging Ayam Ras/Jambi/2024-11-10,29766.56123427779
Daging Ayam Ras/Jambi/2024-11-11,29766.5542658499
Daging Ayam Ras/Jambi/2024-11-12,29766.55347529176
Daging Ayam Ras/Jambi/2024-11-13,29766.569940007557
Daging Ayam Ras/Jambi/2024-11-14,29766.57129065052
Daging Ayam Ras/Jambi/2024-11-15,29766.55669788129
Daging Ayam Ras/Jambi/2024-11-16,29766.575738499567
Daging Ayam Ras/Jambi/2024-11-17,29766.55403163442
Daging Ayam Ras/Jambi/2024-11-18,29766.556520162198
Daging Ayam Ras/Jambi/2024-11-19,29766.563265002904
Daging Ayam Ras/Jambi/2024-11-20,29766.555182094948
Daging Ayam Ras/Jambi/2024-11-21,29766.56584976788
Daging Ayam Ras/Jambi/2024-11-22,29766.551146667152
Daging Ayam Ras/Jambi/2024-11-23,29766.550375671195
Daging Ayam Ras/Jambi/2024-11-24,29766.559890351986
Daging Ayam Ras/Jambi/2024-11-25,29766.56409936936
Daging Ayam Ras/Jambi/2024-11-26,29766.54254035853
Daging Ayam Ras/Jambi/2024-11-27,29766.553371264145
Daging Ayam Ras/Jambi/2024-11-28,29766.55939115616
Daging Ayam Ras/Jambi/2024-11-29,29766.55693034396
Daging Ayam Ras/Jambi/2024-11-30,29766.539877138763
Daging Ayam Ras/Jambi/2024-12-01,29766.55469022845
Daging Ayam Ras/Jambi/2024-12-02,29766.556175479564
Daging Ayam Ras/Jambi/2024-12-03,29766.534980148128
Daging Ayam Ras/Jambi/2024-12-04,29766.562305082567
Daging Ayam Ras/Jambi/2024-12-05,29766.54831004023
Daging Ayam Ras/Jambi/2024-12-06,29766.560683252406
Daging Ayam Ras/Jambi/2024-12-07,29766.56173012262
Daging Ayam Ras/Jambi/2024-12-08,29766.57246360164
Daging Ayam Ras/Jambi/2024-12-09,29766.56409803865
Daging Ayam Ras/Jambi/2024-12-10,29766.56299600633
Daging Ayam Ras/Jambi/2024-12-11,29766.555843728827
Daging Ayam Ras/Jambi/2024-12-12,29766.574712596856
Daging Ayam Ras/Jambi/2024-12-13,29766.558002963087
Daging Ayam Ras/Jambi/2024-12-14,29766.5671636052
Daging Ayam Ras/Jambi/2024-12-15,29766.56437874637
Daging Ayam Ras/Jambi/2024-12-16,29766.56023529257
Daging Ayam Ras/Jambi/2024-12-17,29766.559942578955
Daging Ayam Ras/Jambi/2024-12-18,29766.557151059485
Daging Ayam Ras/Jambi/2024-12-19,29766.555130000623
Daging Ayam Ras/Jambi/2024-12-20,29766.54064917092
Daging Ayam Ras/Jambi/2024-12-21,29766.549157705867
Daging Ayam Ras/Jambi/2024-12-22,29766.550236153424
Daging Ayam Ras/Jambi/2024-12-23,29766.55075268245
Daging Ayam Ras/Jambi/2024-12-24,29766.54728379632
Daging Ayam Ras/Jambi/2024-12-25,29766.551447270453
Daging Ayam Ras/Jambi/2024-12-26,29766.54852075228
Daging Ayam Ras/Jambi/2024-12-27,29766.555965552376
Daging Ayam Ras/Jambi/2024-12-28,29766.54702540185
Daging Ayam Ras/Jambi/2024-12-29,29766.54884841902
Daging Ayam Ras/Jambi/2024-12-30,29766.574165197853
Daging Ayam Ras/Jambi/2024-12-31,29766.563132925115
Daging Ayam Ras/Jawa Barat/2024-10-01,29766.560300344503
Daging Ayam Ras/Jawa Barat/2024-10-02,29766.56934795759
Daging Ayam Ras/Jawa Barat/2024-10-03,29766.547433902157
Daging Ayam Ras/Jawa Barat/2024-10-04,29766.56280517464
Daging Ayam Ras/Jawa Barat/2024-10-05,29766.56423137316
Daging Ayam Ras/Jawa Barat/2024-10-06,29766.550329899528
Daging Ayam Ras/Jawa Barat/2024-10-07,29766.5692819346
Daging Ayam Ras/Jawa Barat/2024-10-08,29766.53829318062
Daging Ayam Ras/Jawa Barat/2024-10-09,29766.55690245624
Daging Ayam Ras/Jawa Barat/2024-10-10,29766.569788746965
Daging Ayam Ras/Jawa Barat/2024-10-11,29766.549050449958
Daging Ayam Ras/Jawa Barat/2024-10-12,29766.563271063027
Daging Ayam Ras/Jawa Barat/2024-10-13,29766.557895028596
Daging Ayam Ras/Jawa Barat/2024-10-14,29766.55900291164
Daging Ayam Ras/Jawa Barat/2024-10-15,29766.55281574562
Daging Ayam Ras/Jawa Barat/2024-10-16,29766.578585162544
Daging Ayam Ras/Jawa Barat/2024-10-17,29766.5674950006
Daging Ayam Ras/Jawa Barat/2024-10-18,29766.564454938984
Daging Ayam Ras/Jawa Barat/2024-10-19,29766.553300562315
Daging Ayam Ras/Jawa Barat/2024-10-20,29766.57612251488
Daging Ayam Ras/Jawa Barat/2024-10-21,29766.57026735539
Daging Ayam Ras/Jawa Barat/2024-10-22,29766.560420852547
Daging Ayam Ras/Jawa Barat/2024-10-23,29766.57184689032
Daging Ayam Ras/Jawa Barat/2024-10-24,29766.553685484032
Daging Ayam Ras/Jawa Barat/2024-10-25,29766.571477361096
Daging Ayam Ras/Jawa Barat/2024-10-26,29766.5485204132
Daging Ayam Ras/Jawa Barat/2024-10-27,29766.5598424814
Daging Ayam Ras/Jawa Barat/2024-10-28,29766.568001895663
Daging Ayam Ras/Jawa Barat/2024-10-29,29766.55547012069
Daging Ayam Ras/Jawa Barat/2024-10-30,29766.56830620542
Daging Ayam Ras/Jawa Barat/2024-10-31,29766.55406690019
Daging Ayam Ras/Jawa Barat/2024-11-01,29766.55648524913
Daging Ayam Ras/Jawa Barat/2024-11-02,29766.559302300047
Daging Ayam Ras/Jawa Barat/2024-11-03,29766.56909916731
Daging Ayam Ras/Jawa Barat/2024-11-04,29766.545878128298
Daging Ayam Ras/Jawa Barat/2024-11-05,29766.561685654317
Daging Ayam Ras/Jawa Barat/2024-11-06,29766.555048289883
Daging Ayam Ras/Jawa Barat/2024-11-07,29766.544631146746
Daging Ayam Ras/Jawa Barat/2024-11-08,29766.56913864839
Daging Ayam Ras/Jawa Barat/2024-11-09,29766.55470711574
Daging Ayam Ras/Jawa Barat/2024-11-10,29766.55431360696
Daging Ayam Ras/Jawa Barat/2024-11-11,29766.57370793017
Daging Ayam Ras/Jawa Barat/2024-11-12,29766.55113185232
Daging Ayam Ras/Jawa Barat/2024-11-13,29766.5496381617
Daging Ayam Ras/Jawa Barat/2024-11-14,29766.55060665605
Daging Ayam Ras/Jawa Barat/2024-11-15,29766.56874913193
Daging Ayam Ras/Jawa Barat/2024-11-16,29766.547183577462
Daging Ayam Ras/Jawa Barat/2024-11-17,29766.547703570966
Daging Ayam Ras/Jawa Barat/2024-11-18,29766.5561156892
Daging Ayam Ras/Jawa Barat/2024-11-19,29766.564999258728
Daging Ayam Ras/Jawa Barat/2024-11-20,29766.56584742449
Daging Ayam Ras/Jawa Barat/2024-11-21,29766.562431666945
Daging Ayam Ras/Jawa Barat/2024-11-22,29766.549488188768
Daging Ayam Ras/Jawa Barat/2024-11-23,29766.557347909955
Daging Ayam Ras/Jawa Barat/2024-11-24,29766.566554278277
Daging Ayam Ras/Jawa Barat/2024-11-25,29766.55450843797
Daging Ayam Ras/Jawa Barat/2024-11-26,29766.549178475758
Daging Ayam Ras/Jawa Barat/2024-11-27,29766.551897075067
Daging Ayam Ras/Jawa Barat/2024-11-28,29766.565558252023
Daging Ayam Ras/Jawa Barat/2024-11-29,29766.567003308377
Daging Ayam Ras/Jawa Barat/2024-11-30,29766.57371285009
Daging Ayam Ras/Jawa Barat/2024-12-01,29766.558268281005
Daging Ayam Ras/Jawa Barat/2024-12-02,29766.557377445035
Daging Ayam Ras/Jawa Barat/2024-12-03,29766.571834616538
Daging Ayam Ras/Jawa Barat/2024-12-04,29766.579124661515
Daging Ayam Ras/Jawa Barat/2024-12-05,29766.570636795543
Daging Ayam Ras/Jawa Barat/2024-12-06,29766.56589744089
Daging Ayam Ras/Jawa Barat/2024-12-07,29766.562312894304
Daging Ayam Ras/Jawa Barat/2024-12-08,29766.55930861596
Daging Ayam Ras/Jawa Barat/2024-12-09,29766.547437721096
Daging Ayam Ras/Jawa Barat/2024-12-10,29766.53235295354
Daging Ayam Ras/Jawa Barat/2024-12-11,29766.54938734695
Daging Ayam Ras/Jawa Barat/2024-12-12,29766.57577517414
Daging Ayam Ras/Jawa Barat/2024-12-13,29766.550139889736
Daging Ayam Ras/Jawa Barat/2024-12-14,29766.55750401273
Daging Ayam Ras/Jawa Barat/2024-12-15,29766.55555040315
Daging Ayam Ras/Jawa Barat/2024-12-16,29766.55939345589
Daging Ayam Ras/Jawa Barat/2024-12-17,29766.55642363039
Daging Ayam Ras/Jawa Barat/2024-12-18,29766.553727766128
Daging Ayam Ras/Jawa Barat/2024-12-19,29766.56411607137
Daging Ayam Ras/Jawa Barat/2024-12-20,29766.560948771454
Daging Ayam Ras/Jawa Barat/2024-12-21,29766.57218504028
Daging Ayam Ras/Jawa Barat/2024-12-22,29766.56238690017
Daging Ayam Ras/Jawa Barat/2024-12-23,29766.56456500117
Daging Ayam Ras/Jawa Barat/2024-12-24,29766.553313850796
Daging Ayam Ras/Jawa Barat/2024-12-25,29766.549873097956
Daging Ayam Ras/Jawa Barat/2024-12-26,29766.56107302094
Daging Ayam Ras/Jawa Barat/2024-12-27,29766.551042081323
Daging Ayam Ras/Jawa Barat/2024-12-28,29766.5423871027
Daging Ayam Ras/Jawa Barat/2024-12-29,29766.56181256465
Daging Ayam Ras/Jawa Barat/2024-12-30,29766.56856599336
Daging Ayam Ras/Jawa Barat/2024-12-31,29766.55855340205
Daging Ayam Ras/Jawa Tengah/2024-10-01,29766.555684486877
Daging Ayam Ras/Jawa Tengah/2024-10-02,29766.573469643863
Daging Ayam Ras/Jawa Tengah/2024-10-03,29766.564572867745
Daging Ayam Ras/Jawa Tengah/2024-10-04,29766.5626995568
Daging Ayam Ras/Jawa Tengah/2024-10-05,29766.576860453548
Daging Ayam Ras/Jawa Tengah/2024-10-06,29766.56996896117
Daging Ayam Ras/Jawa Tengah/2024-10-07,29766.547030983533
Daging Ayam Ras/Jawa Tengah/2024-10-08,29766.558065631765
Daging Ayam Ras/Jawa Tengah/2024-10-09,29766.570258078533
Daging Ayam Ras/Jawa Tengah/2024-10-10,29766.56781845304
Daging Ayam Ras/Jawa Tengah/2024-10-11,29766.553513207236
Daging Ayam Ras/Jawa Tengah/2024-10-12,29766.58459758364
Daging Ayam Ras/Jawa Tengah/2024-10-13,29766.56290102529
Daging Ayam Ras/Jawa Tengah/2024-10-14,29766.54854340387
Daging Ayam Ras/Jawa Tengah/2024-10-15,29766.553603110995
Daging Ayam Ras/Jawa Tengah/2024-10-16,29766.54679443249
Daging Ayam Ras/Jawa Tengah/2024-10-17,29766.567768650068
Daging Ayam Ras/Jawa Tengah/2024-10-18,29766.5512197293
Daging Ayam Ras/Jawa Tengah/2024-10-19,29766.576800820298
Daging Ayam Ras/Jawa Tengah/2024-10-20,29766.549669408058
Daging Ayam Ras/Jawa Tengah/2024-10-21,29766.56709050292
Daging Ayam Ras/Jawa Tengah/2024-10-22,29766.56705107556
Daging Ayam Ras/Jawa Tengah/2024-10-23,29766.576074844477
Daging Ayam Ras/Jawa Tengah/2024-10-24,29766.56405599093
Daging Ayam Ras/Jawa Tengah/2024-10-25,29766.549082950627
Daging Ayam Ras/Jawa Tengah/2024-10-26,29766.565624337487
Daging Ayam Ras/Jawa Tengah/2024-10-27,29766.555328982377
Daging Ayam Ras/Jawa Tengah/2024-10-28,29766.565354858943
Daging Ayam Ras/Jawa Tengah/2024-10-29,29766.573362775423
Daging Ayam Ras/Jawa Tengah/2024-10-30,29766.559210808544
Daging Ayam Ras/Jawa Tengah/2024-10-31,29766.567026780016
Daging Ayam Ras/Jawa Tengah/2024-11-01,29766.553961012687
Daging Ayam Ras/Jawa Tengah/2024-11-02,29766.55400457696
Daging Ayam Ras/Jawa Tengah/2024-11-03,29766.55964908141
Daging Ayam Ras/Jawa Tengah/2024-11-04,29766.53833052469
Daging Ayam Ras/Jawa Tengah/2024-11-05,29766.56069195868
Daging Ayam Ras/Jawa Tengah/2024-11-06,29766.57198691411
Daging Ayam Ras/Jawa Tengah/2024-11-07,29766.548967276693
Daging Ayam Ras/Jawa Tengah/2024-11-08,29766.569705650847
Daging Ayam Ras/Jawa Tengah/2024-11-09,29766.573192140077
Daging Ayam Ras/Jawa Tengah/2024-11-10,29766.55300856969
Daging Ayam Ras/Jawa Tengah/2024-11-11,29766.565621824506
Daging Ayam Ras/Jawa Tengah/2024-11-12,29766.577163126207
Daging Ayam Ras/Jawa Tengah/2024-11-13,29766.560247880345
Daging Ayam Ras/Jawa Tengah/2024-11-14,29766.569840951837
Daging Ayam Ras/Jawa Tengah/2024-11-15,29766.560845512737
Daging Ayam Ras/Jawa Tengah/2024-11-16,29766.5587433014
Daging Ayam Ras/Jawa Tengah/2024-11-17,29766.562808451938
Daging Ayam Ras/Jawa Tengah/2024-11-18,29766.555912971657
Daging Ayam Ras/Jawa Tengah/2024-11-19,29766.56572914716
Daging Ayam Ras/Jawa Tengah/2024-11-20,29766.58015368266
Daging Ayam Ras/Jawa Tengah/2024-11-21,29766.5586458246
Daging Ayam Ras/Jawa Tengah/2024-11-22,29766.55815568713
Daging Ayam Ras/Jawa Tengah/2024-11-23,29766.573057815454
Daging Ayam Ras/Jawa Tengah/2024-11-24,29766.54183612724
Daging Ayam Ras/Jawa Tengah/2024-11-25,29766.55666398008
Daging Ayam Ras/Jawa Tengah/2024-11-26,29766.57172508373
Daging Ayam Ras/Jawa Tengah/2024-11-27,29766.574975733845
Daging Ayam Ras/Jawa Tengah/2024-11-28,29766.556462093795
Daging Ayam Ras/Jawa Tengah/2024-11-29,29766.560322192825
Daging Ayam Ras/Jawa Tengah/2024-11-30,29766.54564163493
Daging Ayam Ras/Jawa Tengah/2024-12-01,29766.558577969743
Daging Ayam Ras/Jawa Tengah/2024-12-02,29766.555829593184
Daging Ayam Ras/Jawa Tengah/2024-12-03,29766.54596199901
Daging Ayam Ras/Jawa Tengah/2024-12-04,29766.5489504162
Daging Ayam Ras/Jawa Tengah/2024-12-05,29766.56530669309
Daging Ayam Ras/Jawa Tengah/2024-12-06,29766.555672176444
Daging Ayam Ras/Jawa Tengah/2024-12-07,29766.542616167146
Daging Ayam Ras/Jawa Tengah/2024-12-08,29766.557493129472
Daging Ayam Ras/Jawa Tengah/2024-12-09,29766.56766255452
Daging Ayam Ras/Jawa Tengah/2024-12-10,29766.560420975547
Daging Ayam Ras/Jawa Tengah/2024-12-11,29766.534750653813
Daging Ayam Ras/Jawa Tengah/2024-12-12,29766.579365333462
Daging Ayam Ras/Jawa Tengah/2024-12-13,29766.544945490907
Daging Ayam Ras/Jawa Tengah/2024-12-14,29766.562604363557
Daging Ayam Ras/Jawa Tengah/2024-12-15,29766.56327910909
Daging Ayam Ras/Jawa Tengah/2024-12-16,29766.55455679624
Daging Ayam Ras/Jawa Tengah/2024-12-17,29766.567362389367
Daging Ayam Ras/Jawa Tengah/2024-12-18,29766.5429241531
Daging Ayam Ras/Jawa Tengah/2024-12-19,29766.566704844197
Daging Ayam Ras/Jawa Tengah/2024-12-20,29766.56714046937
Daging Ayam Ras/Jawa Tengah/2024-12-21,29766.58743463536
Daging Ayam Ras/Jawa Tengah/2024-12-22,29766.560222248438
Daging Ayam Ras/Jawa Tengah/2024-12-23,29766.571150439497
Daging Ayam Ras/Jawa Tengah/2024-12-24,29766.555666557884
Daging Ayam Ras/Jawa Tengah/2024-12-25,29766.56441439689
Daging Ayam Ras/Jawa Tengah/2024-12-26,29766.55716235012
Daging Ayam Ras/Jawa Tengah/2024-12-27,29766.560028258755
Daging Ayam Ras/Jawa Tengah/2024-12-28,29766.56347951723
Daging Ayam Ras/Jawa Tengah/2024-12-29,29766.546005101685
Daging Ayam Ras/Jawa Tengah/2024-12-30,29766.55710322477
Daging Ayam Ras/Jawa Tengah/2024-12-31,29766.546010469985
Daging Ayam Ras/Jawa Timur/2024-10-01,29766.57449466757
Daging Ayam Ras/Jawa Timur/2024-10-02,29766.56374180198
Daging Ayam Ras/Jawa Timur/2024-10-03,29766.55774652387
Daging Ayam Ras/Jawa Timur/2024-10-04,29766.56130782968
Daging Ayam Ras/Jawa Timur/2024-10-05,29766.57148742901
Daging Ayam Ras/Jawa Timur/2024-10-06,29766.569214832187
Daging Ayam Ras/Jawa Timur/2024-10-07,29766.54746018213
Daging Ayam Ras/Jawa Timur/2024-10-08,29766.566481166232
Daging Ayam Ras/Jawa Timur/2024-10-09,29766.568848311887
Daging Ayam Ras/Jawa Timur/2024-10-10,29766.552191405128
Daging Ayam Ras/Jawa Timur/2024-10-11,29766.54392311034
Daging Ayam Ras/Jawa Timur/2024-10-12,29766.561165637973
Daging Ayam Ras/Jawa Timur/2024-10-13,29766.56301702174
Daging Ayam Ras/Jawa Timur/2024-10-14,29766.55322187318
Daging Ayam Ras/Jawa Timur/2024-10-15,29766.562481951205
Daging Ayam Ras/Jawa Timur/2024-10-16,29766.54454986032
Daging Ayam Ras/Jawa Timur/2024-10-17,29766.56079389279
Daging Ayam Ras/Jawa Timur/2024-10-18,29766.57063828911
Daging Ayam Ras/Jawa Timur/2024-10-19,29766.560921214936
Daging Ayam Ras/Jawa Timur/2024-10-20,29766.543652674016
Daging Ayam Ras/Jawa Timur/2024-10-21,29766.566623974133
Daging Ayam Ras/Jawa Timur/2024-10-22,29766.555490626484
Daging Ayam Ras/Jawa Timur/2024-10-23,29766.548970998352
Daging Ayam Ras/Jawa Timur/2024-10-24,29766.558056504266
Daging Ayam Ras/Jawa Timur/2024-10-25,29766.54683807332
Daging Ayam Ras/Jawa Timur/2024-10-26,29766.573455948324
Daging Ayam Ras/Jawa Timur/2024-10-27,29766.5558794282
Daging Ayam Ras/Jawa Timur/2024-10-28,29766.55355434681
Daging Ayam Ras/Jawa Timur/2024-10-29,29766.554173007647
Daging Ayam Ras/Jawa Timur/2024-10-30,29766.53098323686
Daging Ayam Ras/Jawa Timur/2024-10-31,29766.563021432383
Daging Ayam Ras/Jawa Timur/2024-11-01,29766.56683973547
Daging Ayam Ras/Jawa Timur/2024-11-02,29766.55682524976
Daging Ayam Ras/Jawa Timur/2024-11-03,29766.554722483572
Daging Ayam Ras/Jawa Timur/2024-11-04,29766.54710462217
Daging Ayam Ras/Jawa Timur/2024-11-05,29766.55351306856
Daging Ayam Ras/Jawa Timur/2024-11-06,29766.54855660336
Daging Ayam Ras/Jawa Timur/2024-11-07,29766.545240295836
Daging Ayam Ras/Jawa Timur/2024-11-08,29766.56332400432
Daging Ayam Ras/Jawa Timur/2024-11-09,29766.563237345064
Daging Ayam Ras/Jawa Timur/2024-11-10,29766.552752023585
Daging Ayam Ras/Jawa Timur/2024-11-11,29766.54558783005
Daging Ayam Ras/Jawa Timur/2024-11-12,29766.556639413044
Daging Ayam Ras/Jawa Timur/2024-11-13,29766.56954357768
Daging Ayam Ras/Jawa Timur/2024-11-14,29766.5615058224
Daging Ayam Ras/Jawa Timur/2024-11-15,29766.54919959043
Daging Ayam Ras/Jawa Timur/2024-11-16,29766.55859573224
Daging Ayam Ras/Jawa Timur/2024-11-17,29766.55739787459
Daging Ayam Ras/Jawa Timur/2024-11-18,29766.55379459957
Daging Ayam Ras/Jawa Timur/2024-11-19,29766.56466051029
Daging Ayam Ras/Jawa Timur/2024-11-20,29766.569797975237
Daging Ayam Ras/Jawa Timur/2024-11-21,29766.56856172253
Daging Ayam Ras/Jawa Timur/2024-11-22,29766.565261509808
Daging Ayam Ras/Jawa Timur/2024-11-23,29766.558529583937
Daging Ayam Ras/Jawa Timur/2024-11-24,29766.551596648147
Daging Ayam Ras/Jawa Timur/2024-11-25,29766.552326615565
Daging Ayam Ras/Jawa Timur/2024-11-26,29766.54433270564
Daging Ayam Ras/Jawa Timur/2024-11-27,29766.56316022298
Daging Ayam Ras/Jawa Timur/2024-11-28,29766.56334670152
Daging Ayam Ras/Jawa Timur/2024-11-29,29766.56484037941
Daging Ayam Ras/Jawa Timur/2024-11-30,29766.54640753352
Daging Ayam Ras/Jawa Timur/2024-12-01,29766.563098137693
Daging Ayam Ras/Jawa Timur/2024-12-02,29766.585149071176
Daging Ayam Ras/Jawa Timur/2024-12-03,29766.56055584588
Daging Ayam Ras/Jawa Timur/2024-12-04,29766.569684025915
Daging Ayam Ras/Jawa Timur/2024-12-05,29766.539473206976
Daging Ayam Ras/Jawa Timur/2024-12-06,29766.56042016736
Daging Ayam Ras/Jawa Timur/2024-12-07,29766.56075547244
Daging Ayam Ras/Jawa Timur/2024-12-08,29766.55680190936
Daging Ayam Ras/Jawa Timur/2024-12-09,29766.55149437741
Daging Ayam Ras/Jawa Timur/2024-12-10,29766.586953240505
Daging Ayam Ras/Jawa Timur/2024-12-11,29766.54344051198
Daging Ayam Ras/Jawa Timur/2024-12-12,29766.550175946017
Daging Ayam Ras/Jawa Timur/2024-12-13,29766.541467250936
Daging Ayam Ras/Jawa Timur/2024-12-14,29766.558691896545
Daging Ayam Ras/Jawa Timur/2024-12-15,29766.573803688472
Daging Ayam Ras/Jawa Timur/2024-12-16,29766.55706322436
Daging Ayam Ras/Jawa Timur/2024-12-17,29766.550749426224
Daging Ayam Ras/Jawa Timur/2024-12-18,29766.555007480536
Daging Ayam Ras/Jawa Timur/2024-12-19,29766.569835697814
Daging Ayam Ras/Jawa Timur/2024-12-20,29766.555289034717
Daging Ayam Ras/Jawa Timur/2024-12-21,29766.546764774503
Daging Ayam Ras/Jawa Timur/2024-12-22,29766.56082679776
Daging Ayam Ras/Jawa Timur/2024-12-23,29766.550935744755
Daging Ayam Ras/Jawa Timur/2024-12-24,29766.544658492465
Daging Ayam Ras/Jawa Timur/2024-12-25,29766.569600851788
Daging Ayam Ras/Jawa Timur/2024-12-26,29766.570186335302
Daging Ayam Ras/Jawa Timur/2024-12-27,29766.554266106792
Daging Ayam Ras/Jawa Timur/2024-12-28,29766.5548659128
Daging Ayam Ras/Jawa Timur/2024-12-29,29766.558107421904
Daging Ayam Ras/Jawa Timur/2024-12-30,29766.55775673036
Daging Ayam Ras/Jawa Timur/2024-12-31,29766.550368981963
Daging Ayam Ras/Kalimantan Barat/2024-10-01,29766.558961609844
Daging Ayam Ras/Kalimantan Barat/2024-10-02,29766.566351990925
Daging Ayam Ras/Kalimantan Barat/2024-10-03,29766.547135416004
Daging Ayam Ras/Kalimantan Barat/2024-10-04,29766.56343473961
Daging Ayam Ras/Kalimantan Barat/2024-10-05,29766.540271170536
Daging Ayam Ras/Kalimantan Barat/2024-10-06,29766.54485719803
Daging Ayam Ras/Kalimantan Barat/2024-10-07,29766.54110697662
Daging Ayam Ras/Kalimantan Barat/2024-10-08,29766.550360692338
Daging Ayam Ras/Kalimantan Barat/2024-10-09,29766.55934893398
Daging Ayam Ras/Kalimantan Barat/2024-10-10,29766.55805487062
Daging Ayam Ras/Kalimantan Barat/2024-10-11,29766.558011266705
Daging Ayam Ras/Kalimantan Barat/2024-10-12,29766.56859542208
Daging Ayam Ras/Kalimantan Barat/2024-10-13,29766.560288446
Daging Ayam Ras/Kalimantan Barat/2024-10-14,29766.564329225137
Daging Ayam Ras/Kalimantan Barat/2024-10-15,29766.55355702033
Daging Ayam Ras/Kalimantan Barat/2024-10-16,29766.56158830105
Daging Ayam Ras/Kalimantan Barat/2024-10-17,29766.572369536225
Daging Ayam Ras/Kalimantan Barat/2024-10-18,29766.5537592896
Daging Ayam Ras/Kalimantan Barat/2024-10-19,29766.55783005316
Daging Ayam Ras/Kalimantan Barat/2024-10-20,29766.558333723053
Daging Ayam Ras/Kalimantan Barat/2024-10-21,29766.567134360484
Daging Ayam Ras/Kalimantan Barat/2024-10-22,29766.556147386043
Daging Ayam Ras/Kalimantan Barat/2024-10-23,29766.56004168284
Daging Ayam Ras/Kalimantan Barat/2024-10-24,29766.55410139204
Daging Ayam Ras/Kalimantan Barat/2024-10-25,29766.57086202594
Daging Ayam Ras/Kalimantan Barat/2024-10-26,29766.55968581885
Daging Ayam Ras/Kalimantan Barat/2024-10-27,29766.54723238934
Daging Ayam Ras/Kalimantan Barat/2024-10-28,29766.55482572365
Daging Ayam Ras/Kalimantan Barat/2024-10-29,29766.565822116358
Daging Ayam Ras/Kalimantan Barat/2024-10-30,29766.56975235405
Daging Ayam Ras/Kalimantan Barat/2024-10-31,29766.57596414165
Daging Ayam Ras/Kalimantan Barat/2024-11-01,29766.5500797496
Daging Ayam Ras/Kalimantan Barat/2024-11-02,29766.53906404192
Daging Ayam Ras/Kalimantan Barat/2024-11-03,29766.54967454561
Daging Ayam Ras/Kalimantan Barat/2024-11-04,29766.5375667882
Daging Ayam Ras/Kalimantan Barat/2024-11-05,29766.55160373796
Daging Ayam Ras/Kalimantan Barat/2024-11-06,29766.554079964277
Daging Ayam Ras/Kalimantan Barat/2024-11-07,29766.55737859361
Daging Ayam Ras/Kalimantan Barat/2024-11-08,29766.566200769605
Daging Ayam Ras/Kalimantan Barat/2024-11-09,29766.547592219213
Daging Ayam Ras/Kalimantan Barat/2024-11-10,29766.563487577278
Daging Ayam Ras/Kalimantan Barat/2024-11-11,29766.559921952776
Daging Ayam Ras/Kalimantan Barat/2024-11-12,29766.541359885217
Daging Ayam Ras/Kalimantan Barat/2024-11-13,29766.56067945739
Daging Ayam Ras/Kalimantan Barat/2024-11-14,29766.57534737828
Daging Ayam Ras/Kalimantan Barat/2024-11-15,29766.54203492631
Daging Ayam Ras/Kalimantan Barat/2024-11-16,29766.57831544221
Daging Ayam Ras/Kalimantan Barat/2024-11-17,29766.541543512514
Daging Ayam Ras/Kalimantan Barat/2024-11-18,29766.568630630893
Daging Ayam Ras/Kalimantan Barat/2024-11-19,29766.556582536155
Daging Ayam Ras/Kalimantan Barat/2024-11-20,29766.57616419337
Daging Ayam Ras/Kalimantan Barat/2024-11-21,29766.58257768624
Daging Ayam Ras/Kalimantan Barat/2024-11-22,29766.54949447864
Daging Ayam Ras/Kalimantan Barat/2024-11-23,29766.567869757768
Daging Ayam Ras/Kalimantan Barat/2024-11-24,29766.551759676742
Daging Ayam Ras/Kalimantan Barat/2024-11-25,29766.55326546732
Daging Ayam Ras/Kalimantan Barat/2024-11-26,29766.56874630074
Daging Ayam Ras/Kalimantan Barat/2024-11-27,29766.543929252868
Daging Ayam Ras/Kalimantan Barat/2024-11-28,29766.555025049154
Daging Ayam Ras/Kalimantan Barat/2024-11-29,29766.57360646585
Daging Ayam Ras/Kalimantan Barat/2024-11-30,29766.56135671367
Daging Ayam Ras/Kalimantan Barat/2024-12-01,29766.54897760581
Daging Ayam Ras/Kalimantan Barat/2024-12-02,29766.57982312329
Daging Ayam Ras/Kalimantan Barat/2024-12-03,29766.551323492546
Daging Ayam Ras/Kalimantan Barat/2024-12-04,29766.57493864229
Daging Ayam Ras/Kalimantan Barat/2024-12-05,29766.55675964561
Daging Ayam Ras/Kalimantan Barat/2024-12-06,29766.56387371425
Daging Ayam Ras/Kalimantan Barat/2024-12-07,29766.560250028517
Daging Ayam Ras/Kalimantan Barat/2024-12-08,29766.54087165604
Daging Ayam Ras/Kalimantan Barat/2024-12-09,29766.542619674256
Daging Ayam Ras/Kalimantan Barat/2024-12-10,29766.56254378551
Daging Ayam Ras/Kalimantan Barat/2024-12-11,29766.560171941524
Daging Ayam Ras/Kalimantan Barat/2024-12-12,29766.56672158937
Daging Ayam Ras/Kalimantan Barat/2024-12-13,29766.548568636696
Daging Ayam Ras/Kalimantan Barat/2024-12-14,29766.549114771027
Daging Ayam Ras/Kalimantan Barat/2024-12-15,29766.552411163128
Daging Ayam Ras/Kalimantan Barat/2024-12-16,29766.56172551787
Daging Ayam Ras/Kalimantan Barat/2024-12-17,29766.55406850177
Daging Ayam Ras/Kalimantan Barat/2024-12-18,29766.57825939973
Daging Ayam Ras/Kalimantan Barat/2024-12-19,29766.55789363172
Daging Ayam Ras/Kalimantan Barat/2024-12-20,29766.55568700884
Daging Ayam Ras/Kalimantan Barat/2024-12-21,29766.5659742044
Daging Ayam Ras/Kalimantan Barat/2024-12-22,29766.55749710288
Daging Ayam Ras/Kalimantan Barat/2024-12-23,29766.552936002165
Daging Ayam Ras/Kalimantan Barat/2024-12-24,29766.547372788104
Daging Ayam Ras/Kalimantan Barat/2024-12-25,29766.54575516772
Daging Ayam Ras/Kalimantan Barat/2024-12-26,29766.562879839108
Daging Ayam Ras/Kalimantan Barat/2024-12-27,29766.5390026113
Daging Ayam Ras/Kalimantan Barat/2024-12-28,29766.55283286449
Daging Ayam Ras/Kalimantan Barat/2024-12-29,29766.563130663253
Daging Ayam Ras/Kalimantan Barat/2024-12-30,29766.565969133564
Daging Ayam Ras/Kalimantan Barat/2024-12-31,29766.541602447756
Daging Ayam Ras/Kalimantan Selatan/2024-10-01,29766.56203134298
Daging Ayam Ras/Kalimantan Selatan/2024-10-02,29766.542510382875
Daging Ayam Ras/Kalimantan Selatan/2024-10-03,29766.570567189017
Daging Ayam Ras/Kalimantan Selatan/2024-10-04,29766.546684856028
Daging Ayam Ras/Kalimantan Selatan/2024-10-05,29766.55336178681
Daging Ayam Ras/Kalimantan Selatan/2024-10-06,29766.56534499648
Daging Ayam Ras/Kalimantan Selatan/2024-10-07,29766.572600176176
Daging Ayam Ras/Kalimantan Selatan/2024-10-08,29766.556697130283
Daging Ayam Ras/Kalimantan Selatan/2024-10-09,29766.55157099681
Daging Ayam Ras/Kalimantan Selatan/2024-10-10,29766.549780779485
Daging Ayam Ras/Kalimantan Selatan/2024-10-11,29766.56582432101
Daging Ayam Ras/Kalimantan Selatan/2024-10-12,29766.562540895477
Daging Ayam Ras/Kalimantan Selatan/2024-10-13,29766.56351579403
Daging Ayam Ras/Kalimantan Selatan/2024-10-14,29766.554316088783
Daging Ayam Ras/Kalimantan Selatan/2024-10-15,29766.563409756684
Daging Ayam Ras/Kalimantan Selatan/2024-10-16,29766.5415883562
Daging Ayam Ras/Kalimantan Selatan/2024-10-17,29766.5677929988
Daging Ayam Ras/Kalimantan Selatan/2024-10-18,29766.54848091916
Daging Ayam Ras/Kalimantan Selatan/2024-10-19,29766.567578843875
Daging Ayam Ras/Kalimantan Selatan/2024-10-20,29766.56197358815
Daging Ayam Ras/Kalimantan Selatan/2024-10-21,29766.54666735804
Daging Ayam Ras/Kalimantan Selatan/2024-10-22,29766.546146364315
Daging Ayam Ras/Kalimantan Selatan/2024-10-23,29766.54786495669
Daging Ayam Ras/Kalimantan Selatan/2024-10-24,29766.56642542837
Daging Ayam Ras/Kalimantan Selatan/2024-10-25,29766.55844538104
Daging Ayam Ras/Kalimantan Selatan/2024-10-26,29766.567798685148
Daging Ayam Ras/Kalimantan Selatan/2024-10-27,29766.57134695608
Daging Ayam Ras/Kalimantan Selatan/2024-10-28,29766.54757303557
Daging Ayam Ras/Kalimantan Selatan/2024-10-29,29766.564168318077
Daging Ayam Ras/Kalimantan Selatan/2024-10-30,29766.554925010558
Daging Ayam Ras/Kalimantan Selatan/2024-10-31,29766.545737024488
Daging Ayam Ras/Kalimantan Selatan/2024-11-01,29766.56785244928
Daging Ayam Ras/Kalimantan Selatan/2024-11-02,29766.55131759916
Daging Ayam Ras/Kalimantan Selatan/2024-11-03,29766.560328364656
Daging Ayam Ras/Kalimantan Selatan/2024-11-04,29766.554722078166
Daging Ayam Ras/Kalimantan Selatan/2024-11-05,29766.552137330706
Daging Ayam Ras/Kalimantan Selatan/2024-11-06,29766.570314853023
Daging Ayam Ras/Kalimantan Selatan/2024-11-07,29766.557513015618
Daging Ayam Ras/Kalimantan Selatan/2024-11-08,29766.560303860508
Daging Ayam Ras/Kalimantan Selatan/2024-11-09,29766.554356310127
Daging Ayam Ras/Kalimantan Selatan/2024-11-10,29766.565850092786
Daging Ayam Ras/Kalimantan Selatan/2024-11-11,29766.56946502777
Daging Ayam Ras/Kalimantan Selatan/2024-11-12,29766.535300375595
Daging Ayam Ras/Kalimantan Selatan/2024-11-13,29766.56338407154
Daging Ayam Ras/Kalimantan Selatan/2024-11-14,29766.54840576492
Daging Ayam Ras/Kalimantan Selatan/2024-11-15,29766.549456825865
Daging Ayam Ras/Kalimantan Selatan/2024-11-16,29766.56827350881
Daging Ayam Ras/Kalimantan Selatan/2024-11-17,29766.551101543988
Daging Ayam Ras/Kalimantan Selatan/2024-11-18,29766.54854522139
Daging Ayam Ras/Kalimantan Selatan/2024-11-19,29766.55867648592
Daging Ayam Ras/Kalimantan Selatan/2024-11-20,29766.5552352616
Daging Ayam Ras/Kalimantan Selatan/2024-11-21,29766.563910017587
Daging Ayam Ras/Kalimantan Selatan/2024-11-22,29766.54845514025
Daging Ayam Ras/Kalimantan Selatan/2024-11-23,29766.570703631685
Daging Ayam Ras/Kalimantan Selatan/2024-11-24,29766.562671893436
Daging Ayam Ras/Kalimantan Selatan/2024-11-25,29766.55809939785
Daging Ayam Ras/Kalimantan Selatan/2024-11-26,29766.560656345297
Daging Ayam Ras/Kalimantan Selatan/2024-11-27,29766.549320719776
Daging Ayam Ras/Kalimantan Selatan/2024-11-28,29766.540348609396
Daging Ayam Ras/Kalimantan Selatan/2024-11-29,29766.574629025254
Daging Ayam Ras/Kalimantan Selatan/2024-11-30,29766.565422224667
Daging Ayam Ras/Kalimantan Selatan/2024-12-01,29766.576758574705
Daging Ayam Ras/Kalimantan Selatan/2024-12-02,29766.55379827071
Daging Ayam Ras/Kalimantan Selatan/2024-12-03,29766.554418260668
Daging Ayam Ras/Kalimantan Selatan/2024-12-04,29766.549632639195
Daging Ayam Ras/Kalimantan Selatan/2024-12-05,29766.561299152752
Daging Ayam Ras/Kalimantan Selatan/2024-12-06,29766.555635169832
Daging Ayam Ras/Kalimantan Selatan/2024-12-07,29766.55766504016
Daging Ayam Ras/Kalimantan Selatan/2024-12-08,29766.5648541523
Daging Ayam Ras/Kalimantan Selatan/2024-12-09,29766.567801277524
Daging Ayam Ras/Kalimantan Selatan/2024-12-10,29766.55809986909
Daging Ayam Ras/Kalimantan Selatan/2024-12-11,29766.542310601555
Daging Ayam Ras/Kalimantan Selatan/2024-12-12,29766.562576695
Daging Ayam Ras/Kalimantan Selatan/2024-12-13,29766.55351283191
Daging Ayam Ras/Kalimantan Selatan/2024-12-14,29766.559174072536
Daging Ayam Ras/Kalimantan Selatan/2024-12-15,29766.55448760053
Daging Ayam Ras/Kalimantan Selatan/2024-12-16,29766.52965835844
Daging Ayam Ras/Kalimantan Selatan/2024-12-17,29766.57002683273
Daging Ayam Ras/Kalimantan Selatan/2024-12-18,29766.562815132293
Daging Ayam Ras/Kalimantan Selatan/2024-12-19,29766.56421892348
Daging Ayam Ras/Kalimantan Selatan/2024-12-20,29766.568445624103
Daging Ayam Ras/Kalimantan Selatan/2024-12-21,29766.546159484256
Daging Ayam Ras/Kalimantan Selatan/2024-12-22,29766.56859500983
Daging Ayam Ras/Kalimantan Selatan/2024-12-23,29766.567551729077
Daging Ayam Ras/Kalimantan Selatan/2024-12-24,29766.55146182628
Daging Ayam Ras/Kalimantan Selatan/2024-12-25,29766.539025941256
Daging Ayam Ras/Kalimantan Selatan/2024-12-26,29766.558168839627
Daging Ayam Ras/Kalimantan Selatan/2024-12-27,29766.560165513783
Daging Ayam Ras/Kalimantan Selatan/2024-12-28,29766.57205155775
Daging Ayam Ras/Kalimantan Selatan/2024-12-29,29766.56138825472
Daging Ayam Ras/Kalimantan Selatan/2024-12-30,29766.560554532614
Daging Ayam Ras/Kalimantan Selatan/2024-12-31,29766.57138444867
Daging Ayam Ras/Kalimantan Tengah/2024-10-01,29766.550056019027
Daging Ayam Ras/Kalimantan Tengah/2024-10-02,29766.55789411625
Daging Ayam Ras/Kalimantan Tengah/2024-10-03,29766.56249069356
Daging Ayam Ras/Kalimantan Tengah/2024-10-04,29766.53824166136
Daging Ayam Ras/Kalimantan Tengah/2024-10-05,29766.56292969455
Daging Ayam Ras/Kalimantan Tengah/2024-10-06,29766.55192584976
Daging Ayam Ras/Kalimantan Tengah/2024-10-07,29766.558978379795
Daging Ayam Ras/Kalimantan Tengah/2024-10-08,29766.574587515588
Daging Ayam Ras/Kalimantan Tengah/2024-10-09,29766.566126173788
Daging Ayam Ras/Kalimantan Tengah/2024-10-10,29766.54574765727
Daging Ayam Ras/Kalimantan Tengah/2024-10-11,29766.56057283092
Daging Ayam Ras/Kalimantan Tengah/2024-10-12,29766.56677059812
Daging Ayam Ras/Kalimantan Tengah/2024-10-13,29766.55834072966
Daging Ayam Ras/Kalimantan Tengah/2024-10-14,29766.54920591291
Daging Ayam Ras/Kalimantan Tengah/2024-10-15,29766.56822796528
Daging Ayam Ras/Kalimantan Tengah/2024-10-16,29766.56932031074
Daging Ayam Ras/Kalimantan Tengah/2024-10-17,29766.560254741853
Daging Ayam Ras/Kalimantan Tengah/2024-10-18,29766.57625194262
Daging Ayam Ras/Kalimantan Tengah/2024-10-19,29766.560261302184
Daging Ayam Ras/Kalimantan Tengah/2024-10-20,29766.54631202924
Daging Ayam Ras/Kalimantan Tengah/2024-10-21,29766.556220643804
Daging Ayam Ras/Kalimantan Tengah/2024-10-22,29766.55892509347
Daging Ayam Ras/Kalimantan Tengah/2024-10-23,29766.56303211197
Daging Ayam Ras/Kalimantan Tengah/2024-10-24,29766.56930747034
Daging Ayam Ras/Kalimantan Tengah/2024-10-25,29766.54739797164
Daging Ayam Ras/Kalimantan Tengah/2024-10-26,29766.56501054109
Daging Ayam Ras/Kalimantan Tengah/2024-10-27,29766.546605689797
Daging Ayam Ras/Kalimantan Tengah/2024-10-28,29766.557231299677
Daging Ayam Ras/Kalimantan Tengah/2024-10-29,29766.5490316642
Daging Ayam Ras/Kalimantan Tengah/2024-10-30,29766.559811551702
Daging Ayam Ras/Kalimantan Tengah/2024-10-31,29766.54660534572
Daging Ayam Ras/Kalimantan Tengah/2024-11-01,29766.560530136176
Daging Ayam Ras/Kalimantan Tengah/2024-11-02,29766.562089089028
Daging Ayam Ras/Kalimantan Tengah/2024-11-03,29766.566083833637
Daging Ayam Ras/Kalimantan Tengah/2024-11-04,29766.57042394789
Daging Ayam Ras/Kalimantan Tengah/2024-11-05,29766.553620150047
Daging Ayam Ras/Kalimantan Tengah/2024-11-06,29766.540299378405
Daging Ayam Ras/Kalimantan Tengah/2024-11-07,29766.56173062173
Daging Ayam Ras/Kalimantan Tengah/2024-11-08,29766.565305208413
Daging Ayam Ras/Kalimantan Tengah/2024-11-09,29766.559523993037
Daging Ayam Ras/Kalimantan Tengah/2024-11-10,29766.56133470462
Daging Ayam Ras/Kalimantan Tengah/2024-11-11,29766.546171009704
Daging Ayam Ras/Kalimantan Tengah/2024-11-12,29766.57675884151
Daging Ayam Ras/Kalimantan Tengah/2024-11-13,29766.541465520306
Daging Ayam Ras/Kalimantan Tengah/2024-11-14,29766.557851140213
Daging Ayam Ras/Kalimantan Tengah/2024-11-15,29766.569905083485
Daging Ayam Ras/Kalimantan Tengah/2024-11-16,29766.55159944005
Daging Ayam Ras/Kalimantan Tengah/2024-11-17,29766.554024030665
Daging Ayam Ras/Kalimantan Tengah/2024-11-18,29766.57589832728
Daging Ayam Ras/Kalimantan Tengah/2024-11-19,29766.568374672763
Daging Ayam Ras/Kalimantan Tengah/2024-11-20,29766.56622399964
Daging Ayam Ras/Kalimantan Tengah/2024-11-21,29766.55801128576
Daging Ayam Ras/Kalimantan Tengah/2024-11-22,29766.558648009563
Daging Ayam Ras/Kalimantan Tengah/2024-11-23,29766.567157507117
Daging Ayam Ras/Kalimantan Tengah/2024-11-24,29766.5458858187
Daging Ayam Ras/Kalimantan Tengah/2024-11-25,29766.557715999228
Daging Ayam Ras/Kalimantan Tengah/2024-11-26,29766.554985918
Daging Ayam Ras/Kalimantan Tengah/2024-11-27,29766.55911546349
Daging Ayam Ras/Kalimantan Tengah/2024-11-28,29766.53698930221
Daging Ayam Ras/Kalimantan Tengah/2024-11-29,29766.5804539442
Daging Ayam Ras/Kalimantan Tengah/2024-11-30,29766.561657322676
Daging Ayam Ras/Kalimantan Tengah/2024-12-01,29766.580707983645
Daging Ayam Ras/Kalimantan Tengah/2024-12-02,29766.554888639123
Daging Ayam Ras/Kalimantan Tengah/2024-12-03,29766.570128156894
Daging Ayam Ras/Kalimantan Tengah/2024-12-04,29766.56789331049
Daging Ayam Ras/Kalimantan Tengah/2024-12-05,29766.54425429082
Daging Ayam Ras/Kalimantan Tengah/2024-12-06,29766.553707513627
Daging Ayam Ras/Kalimantan Tengah/2024-12-07,29766.544930867825
Daging Ayam Ras/Kalimantan Tengah/2024-12-08,29766.55436529904
Daging Ayam Ras/Kalimantan Tengah/2024-12-09,29766.56410420884
Daging Ayam Ras/Kalimantan Tengah/2024-12-10,29766.564162374496
Daging Ayam Ras/Kalimantan Tengah/2024-12-11,29766.566721275278
Daging Ayam Ras/Kalimantan Tengah/2024-12-12,29766.539438853863
Daging Ayam Ras/Kalimantan Tengah/2024-12-13,29766.55569823224
Daging Ayam Ras/Kalimantan Tengah/2024-12-14,29766.54587851444
Daging Ayam Ras/Kalimantan Tengah/2024-12-15,29766.575221904972
Daging Ayam Ras/Kalimantan Tengah/2024-12-16,29766.573842494126
Daging Ayam Ras/Kalimantan Tengah/2024-12-17,29766.560108906004
Daging Ayam Ras/Kalimantan Tengah/2024-12-18,29766.542793373894
Daging Ayam Ras/Kalimantan Tengah/2024-12-19,29766.57313357221
Daging Ayam Ras/Kalimantan Tengah/2024-12-20,29766.54246796305
Daging Ayam Ras/Kalimantan Tengah/2024-12-21,29766.55738800872
Daging Ayam Ras/Kalimantan Tengah/2024-12-22,29766.538177037542
Daging Ayam Ras/Kalimantan Tengah/2024-12-23,29766.572328431525
Daging Ayam Ras/Kalimantan Tengah/2024-12-24,29766.547227255905
Daging Ayam Ras/Kalimantan Tengah/2024-12-25,29766.53245646349
Daging Ayam Ras/Kalimantan Tengah/2024-12-26,29766.56147479414
Daging Ayam Ras/Kalimantan Tengah/2024-12-27,29766.568602735868
Daging Ayam Ras/Kalimantan Tengah/2024-12-28,29766.553590190444
Daging Ayam Ras/Kalimantan Tengah/2024-12-29,29766.563049491568
Daging Ayam Ras/Kalimantan Tengah/2024-12-30,29766.551374669783
Daging Ayam Ras/Kalimantan Tengah/2024-12-31,29766.56072075744
Daging Ayam Ras/Kalimantan Timur/2024-10-01,29766.56035140128
Daging Ayam Ras/Kalimantan Timur/2024-10-02,29766.54968042544
Daging Ayam Ras/Kalimantan Timur/2024-10-03,29766.57905910627
Daging Ayam Ras/Kalimantan Timur/2024-10-04,29766.552532814687
Daging Ayam Ras/Kalimantan Timur/2024-10-05,29766.56966168164
Daging Ayam Ras/Kalimantan Timur/2024-10-06,29766.571935262236
Daging Ayam Ras/Kalimantan Timur/2024-10-07,29766.56698858353
Daging Ayam Ras/Kalimantan Timur/2024-10-08,29766.562772876947
Daging Ayam Ras/Kalimantan Timur/2024-10-09,29766.566829498708
Daging Ayam Ras/Kalimantan Timur/2024-10-10,29766.56404302095
Daging Ayam Ras/Kalimantan Timur/2024-10-11,29766.557310765256
Daging Ayam Ras/Kalimantan Timur/2024-10-12,29766.559459699904
Daging Ayam Ras/Kalimantan Timur/2024-10-13,29766.553535708917
Daging Ayam Ras/Kalimantan Timur/2024-10-14,29766.56118411989
Daging Ayam Ras/Kalimantan Timur/2024-10-15,29766.548268742008
Daging Ayam Ras/Kalimantan Timur/2024-10-16,29766.55222534253
Daging Ayam Ras/Kalimantan Timur/2024-10-17,29766.575337337945
Daging Ayam Ras/Kalimantan Timur/2024-10-18,29766.55907726177
Daging Ayam Ras/Kalimantan Timur/2024-10-19,29766.562313186794
Daging Ayam Ras/Kalimantan Timur/2024-10-20,29766.558774359797
Daging Ayam Ras/Kalimantan Timur/2024-10-21,29766.56999025728
Daging Ayam Ras/Kalimantan Timur/2024-10-22,29766.55591329083
Daging Ayam Ras/Kalimantan Timur/2024-10-23,29766.569936567823
Daging Ayam Ras/Kalimantan Timur/2024-10-24,29766.534531329427
Daging Ayam Ras/Kalimantan Timur/2024-10-25,29766.562007761026
Daging Ayam Ras/Kalimantan Timur/2024-10-26,29766.53055758378
Daging Ayam Ras/Kalimantan Timur/2024-10-27,29766.555423973485
Daging Ayam Ras/Kalimantan Timur/2024-10-28,29766.574693183906
Daging Ayam Ras/Kalimantan Timur/2024-10-29,29766.56689788483
Daging Ayam Ras/Kalimantan Timur/2024-10-30,29766.559789347444
Daging Ayam Ras/Kalimantan Timur/2024-10-31,29766.555538301087
Daging Ayam Ras/Kalimantan Timur/2024-11-01,29766.566034705294
Daging Ayam Ras/Kalimantan Timur/2024-11-02,29766.555270933
Daging Ayam Ras/Kalimantan Timur/2024-11-03,29766.53935116744
Daging Ayam Ras/Kalimantan Timur/2024-11-04,29766.548805540104
Daging Ayam Ras/Kalimantan Timur/2024-11-05,29766.536062867977
Daging Ayam Ras/Kalimantan Timur/2024-11-06,29766.570376596635
Daging Ayam Ras/Kalimantan Timur/2024-11-07,29766.55860708283
Daging Ayam Ras/Kalimantan Timur/2024-11-08,29766.559631851804
Daging Ayam Ras/Kalimantan Timur/2024-11-09,29766.55598345709
Daging Ayam Ras/Kalimantan Timur/2024-11-10,29766.556461184147
Daging Ayam Ras/Kalimantan Timur/2024-11-11,29766.560764704376
Daging Ayam Ras/Kalimantan Timur/2024-11-12,29766.564136468234
Daging Ayam Ras/Kalimantan Timur/2024-11-13,29766.56018820788
Daging Ayam Ras/Kalimantan Timur/2024-11-14,29766.5516377539
Daging Ayam Ras/Kalimantan Timur/2024-11-15,29766.552494406544
Daging Ayam Ras/Kalimantan Timur/2024-11-16,29766.566048408225
Daging Ayam Ras/Kalimantan Timur/2024-11-17,29766.55379874067
Daging Ayam Ras/Kalimantan Timur/2024-11-18,29766.5461610282
Daging Ayam Ras/Kalimantan Timur/2024-11-19,29766.55421015823
Daging Ayam Ras/Kalimantan Timur/2024-11-20,29766.55823748132
Daging Ayam Ras/Kalimantan Timur/2024-11-21,29766.564020185684
Daging Ayam Ras/Kalimantan Timur/2024-11-22,29766.549055719333
Daging Ayam Ras/Kalimantan Timur/2024-11-23,29766.57154581348
Daging Ayam Ras/Kalimantan Timur/2024-11-24,29766.568708185783
Daging Ayam Ras/Kalimantan Timur/2024-11-25,29766.56419481225
Daging Ayam Ras/Kalimantan Timur/2024-11-26,29766.550210688663
Daging Ayam Ras/Kalimantan Timur/2024-11-27,29766.55519962934
Daging Ayam Ras/Kalimantan Timur/2024-11-28,29766.545885928463
Daging Ayam Ras/Kalimantan Timur/2024-11-29,29766.56018496936
Daging Ayam Ras/Kalimantan Timur/2024-11-30,29766.569847173585
Daging Ayam Ras/Kalimantan Timur/2024-12-01,29766.56491036488
Daging Ayam Ras/Kalimantan Timur/2024-12-02,29766.57770000578
Daging Ayam Ras/Kalimantan Timur/2024-12-03,29766.56331871108
Daging Ayam Ras/Kalimantan Timur/2024-12-04,29766.57809089654
Daging Ayam Ras/Kalimantan Timur/2024-12-05,29766.566715569257
Daging Ayam Ras/Kalimantan Timur/2024-12-06,29766.57001078308
Daging Ayam Ras/Kalimantan Timur/2024-12-07,29766.575990743488
Daging Ayam Ras/Kalimantan Timur/2024-12-08,29766.545515257105
Daging Ayam Ras/Kalimantan Timur/2024-12-09,29766.570439718304
Daging Ayam Ras/Kalimantan Timur/2024-12-10,29766.567322369825
Daging Ayam Ras/Kalimantan Timur/2024-12-11,29766.57512945647
Daging Ayam Ras/Kalimantan Timur/2024-12-12,29766.55081074824
Daging Ayam Ras/Kalimantan Timur/2024-12-13,29766.562744550072
Daging Ayam Ras/Kalimantan Timur/2024-12-14,29766.57387836149
Daging Ayam Ras/Kalimantan Timur/2024-12-15,29766.55960750808
Daging Ayam Ras/Kalimantan Timur/2024-12-16,29766.55799870113
Daging Ayam Ras/Kalimantan Timur/2024-12-17,29766.56741121686
Daging Ayam Ras/Kalimantan Timur/2024-12-18,29766.544598537286
Daging Ayam Ras/Kalimantan Timur/2024-12-19,29766.55517194869
Daging Ayam Ras/Kalimantan Timur/2024-12-20,29766.576877021293
Daging Ayam Ras/Kalimantan Timur/2024-12-21,29766.56889759618
Daging Ayam Ras/Kalimantan Timur/2024-12-22,29766.55362506118
Daging Ayam Ras/Kalimantan Timur/2024-12-23,29766.542971778814
Daging Ayam Ras/Kalimantan Timur/2024-12-24,29766.546074016227
Daging Ayam Ras/Kalimantan Timur/2024-12-25,29766.552074301937
Daging Ayam Ras/Kalimantan Timur/2024-12-26,29766.56362340994
Daging Ayam Ras/Kalimantan Timur/2024-12-27,29766.5500648252
Daging Ayam Ras/Kalimantan Timur/2024-12-28,29766.5693154816
Daging Ayam Ras/Kalimantan Timur/2024-12-29,29766.55637584139
Daging Ayam Ras/Kalimantan Timur/2024-12-30,29766.551492286235
Daging Ayam Ras/Kalimantan Timur/2024-12-31,29766.563938279716
Daging Ayam Ras/Kalimantan Utara/2024-10-01,29766.56228317223
Daging Ayam Ras/Kalimantan Utara/2024-10-02,29766.54969913048
Daging Ayam Ras/Kalimantan Utara/2024-10-03,29766.554365282194
Daging Ayam Ras/Kalimantan Utara/2024-10-04,29766.572324313725
Daging Ayam Ras/Kalimantan Utara/2024-10-05,29766.56408763675
Daging Ayam Ras/Kalimantan Utara/2024-10-06,29766.568100647663
Daging Ayam Ras/Kalimantan Utara/2024-10-07,29766.563368164585
Daging Ayam Ras/Kalimantan Utara/2024-10-08,29766.559894334896
Daging Ayam Ras/Kalimantan Utara/2024-10-09,29766.54805166184
Daging Ayam Ras/Kalimantan Utara/2024-10-10,29766.55738878345
Daging Ayam Ras/Kalimantan Utara/2024-10-11,29766.548597873832
Daging Ayam Ras/Kalimantan Utara/2024-10-12,29766.57473783197
Daging Ayam Ras/Kalimantan Utara/2024-10-13,29766.55958850489
Daging Ayam Ras/Kalimantan Utara/2024-10-14,29766.53486743073
Daging Ayam Ras/Kalimantan Utara/2024-10-15,29766.54329826928
Daging Ayam Ras/Kalimantan Utara/2024-10-16,29766.55178419597
Daging Ayam Ras/Kalimantan Utara/2024-10-17,29766.54764749488
Daging Ayam Ras/Kalimantan Utara/2024-10-18,29766.556732979483
Daging Ayam Ras/Kalimantan Utara/2024-10-19,29766.569048813013
Daging Ayam Ras/Kalimantan Utara/2024-10-20,29766.535607222784
Daging Ayam Ras/Kalimantan Utara/2024-10-21,29766.550808430376
Daging Ayam Ras/Kalimantan Utara/2024-10-22,29766.555462970788
Daging Ayam Ras/Kalimantan Utara/2024-10-23,29766.563722532243
Daging Ayam Ras/Kalimantan Utara/2024-10-24,29766.555160466625
Daging Ayam Ras/Kalimantan Utara/2024-10-25,29766.55232231761
Daging Ayam Ras/Kalimantan Utara/2024-10-26,29766.55785673941
Daging Ayam Ras/Kalimantan Utara/2024-10-27,29766.5456902644
Daging Ayam Ras/Kalimantan Utara/2024-10-28,29766.56216704202
Daging Ayam Ras/Kalimantan Utara/2024-10-29,29766.55841268708
Daging Ayam Ras/Kalimantan Utara/2024-10-30,29766.55813091667
Daging Ayam Ras/Kalimantan Utara/2024-10-31,29766.543587613887
Daging Ayam Ras/Kalimantan Utara/2024-11-01,29766.55641430694
Daging Ayam Ras/Kalimantan Utara/2024-11-02,29766.55080350188
Daging Ayam Ras/Kalimantan Utara/2024-11-03,29766.54614533995
Daging Ayam Ras/Kalimantan Utara/2024-11-04,29766.55459740928
Daging Ayam Ras/Kalimantan Utara/2024-11-05,29766.551905606957
Daging Ayam Ras/Kalimantan Utara/2024-11-06,29766.52760131106
Daging Ayam Ras/Kalimantan Utara/2024-11-07,29766.54996113984
Daging Ayam Ras/Kalimantan Utara/2024-11-08,29766.555279907443
Daging Ayam Ras/Kalimantan Utara/2024-11-09,29766.54361104204
Daging Ayam Ras/Kalimantan Utara/2024-11-10,29766.562764731283
Daging Ayam Ras/Kalimantan Utara/2024-11-11,29766.56179134289
Daging Ayam Ras/Kalimantan Utara/2024-11-12,29766.5720120643
Daging Ayam Ras/Kalimantan Utara/2024-11-13,29766.556146202904
Daging Ayam Ras/Kalimantan Utara/2024-11-14,29766.54748350034
Daging Ayam Ras/Kalimantan Utara/2024-11-15,29766.560599802167
Daging Ayam Ras/Kalimantan Utara/2024-11-16,29766.556216691886
Daging Ayam Ras/Kalimantan Utara/2024-11-17,29766.549391026863
Daging Ayam Ras/Kalimantan Utara/2024-11-18,29766.56407796501
Daging Ayam Ras/Kalimantan Utara/2024-11-19,29766.55048442044
Daging Ayam Ras/Kalimantan Utara/2024-11-20,29766.56586524717
Daging Ayam Ras/Kalimantan Utara/2024-11-21,29766.568595982622
Daging Ayam Ras/Kalimantan Utara/2024-11-22,29766.560838148434
Daging Ayam Ras/Kalimantan Utara/2024-11-23,29766.562653144025
Daging Ayam Ras/Kalimantan Utara/2024-11-24,29766.564333600934
Daging Ayam Ras/Kalimantan Utara/2024-11-25,29766.55851944347
Daging Ayam Ras/Kalimantan Utara/2024-11-26,29766.554901153097
Daging Ayam Ras/Kalimantan Utara/2024-11-27,29766.56525078371
Daging Ayam Ras/Kalimantan Utara/2024-11-28,29766.55155782907
Daging Ayam Ras/Kalimantan Utara/2024-11-29,29766.57723719088
Daging Ayam Ras/Kalimantan Utara/2024-11-30,29766.54277070398
Daging Ayam Ras/Kalimantan Utara/2024-12-01,29766.54367452505
Daging Ayam Ras/Kalimantan Utara/2024-12-02,29766.55465776203
Daging Ayam Ras/Kalimantan Utara/2024-12-03,29766.549731771825
Daging Ayam Ras/Kalimantan Utara/2024-12-04,29766.5502507994
Daging Ayam Ras/Kalimantan Utara/2024-12-05,29766.56108569085
Daging Ayam Ras/Kalimantan Utara/2024-12-06,29766.556257430155
Daging Ayam Ras/Kalimantan Utara/2024-12-07,29766.559498962622
Daging Ayam Ras/Kalimantan Utara/2024-12-08,29766.55382890956
Daging Ayam Ras/Kalimantan Utara/2024-12-09,29766.5511899234
Daging Ayam Ras/Kalimantan Utara/2024-12-10,29766.551591270792
Daging Ayam Ras/Kalimantan Utara/2024-12-11,29766.566774399544
Daging Ayam Ras/Kalimantan Utara/2024-12-12,29766.553913660908
Daging Ayam Ras/Kalimantan Utara/2024-12-13,29766.553186832785
Daging Ayam Ras/Kalimantan Utara/2024-12-14,29766.5537801465
Daging Ayam Ras/Kalimantan Utara/2024-12-15,29766.550928600103
Daging Ayam Ras/Kalimantan Utara/2024-12-16,29766.543842956853
Daging Ayam Ras/Kalimantan Utara/2024-12-17,29766.56478944437
Daging Ayam Ras/Kalimantan Utara/2024-12-18,29766.558945716795
Daging Ayam Ras/Kalimantan Utara/2024-12-19,29766.56967783046
Daging Ayam Ras/Kalimantan Utara/2024-12-20,29766.54980215081
Daging Ayam Ras/Kalimantan Utara/2024-12-21,29766.572453182427
Daging Ayam Ras/Kalimantan Utara/2024-12-22,29766.5583121429
Daging Ayam Ras/Kalimantan Utara/2024-12-23,29766.554388901637
Daging Ayam Ras/Kalimantan Utara/2024-12-24,29766.56297492053
Daging Ayam Ras/Kalimantan Utara/2024-12-25,29766.556524145177
Daging Ayam Ras/Kalimantan Utara/2024-12-26,29766.57331178073
Daging Ayam Ras/Kalimantan Utara/2024-12-27,29766.571400264584
Daging Ayam Ras/Kalimantan Utara/2024-12-28,29766.54644886667
Daging Ayam Ras/Kalimantan Utara/2024-12-29,29766.575516487
Daging Ayam Ras/Kalimantan Utara/2024-12-30,29766.56494961897
Daging Ayam Ras/Kalimantan Utara/2024-12-31,29766.56407088861
Daging Ayam Ras/Kepulauan Bangka Belitung/2024-10-01,29766.566231898403
Daging Ayam Ras/Kepulauan Bangka Belitung/2024-10-02,29766.56690684896
Daging Ayam Ras/Kepulauan Bangka Belitung/2024-10-03,29766.545849867125
Daging Ayam Ras/Kepulauan Bangka Belitung/2024-10-04,29766.56370804221
Daging Ayam Ras/Kepulauan Bangka Belitung/2024-10-05,29766.58482130235
Daging Ayam Ras/Kepulauan Bangka Belitung/2024-10-06,29766.542770085038
Daging Ayam Ras/Kepulauan Bangka Belitung/2024-10-07,29766.56548594677
Daging Ayam Ras/Kepulauan Bangka Belitung/2024-10-08,29766.56603116614
Daging Ayam Ras/Kepulauan Bangka Belitung/2024-10-09,29766.59267190056
Daging Ayam Ras/Kepulauan Bangka Belitung/2024-10-10,29766.55406051726
Daging Ayam Ras/Kepulauan Bangka Belitung/2024-10-11,29766.55051560872
Daging Ayam Ras/Kepulauan Bangka Belitung/2024-10-12,29766.55025465641
Daging Ayam Ras/Kepulauan Bangka Belitung/2024-10-13,29766.57048870018
Daging Ayam Ras/Kepulauan Bangka Belitung/2024-10-14,29766.568635601907
Daging Ayam Ras/Kepulauan Bangka Belitung/2024-10-15,29766.56023252356
Daging Ayam Ras/Kepulauan Bangka Belitung/2024-10-16,29766.5770388798
Daging Ayam Ras/Kepulauan Bangka Belitung/2024-10-17,29766.56013035114
Daging Ayam Ras/Kepulauan Bangka Belitung/2024-10-18,29766.559413090035
Daging Ayam Ras/Kepulauan Bangka Belitung/2024-10-19,29766.55249369586
Daging Ayam Ras/Kepulauan Bangka Belitung/2024-10-20,29766.553463349228
Daging Ayam Ras/Kepulauan Bangka Belitung/2024-10-21,29766.55144673124
Daging Ayam Ras/Kepulauan Bangka Belitung/2024-10-22,29766.5379873314
Daging Ayam Ras/Kepulauan Bangka Belitung/2024-10-23,29766.56337384154
Daging Ayam Ras/Kepulauan Bangka Belitung/2024-10-24,29766.55106811669
Daging Ayam Ras/Kepulauan Bangka Belitung/2024-10-25,29766.54771775873
Daging Ayam Ras/Kepulauan Bangka Belitung/2024-10-26,29766.578867734097
Daging Ayam Ras/Kepulauan Bangka Belitung/2024-10-27,29766.564608262783
Daging Ayam Ras/Kepulauan Bangka Belitung/2024-10-28,29766.54825871447
Daging Ayam Ras/Kepulauan Bangka Belitung/2024-10-29,29766.560775234128
Daging Ayam Ras/Kepulauan Bangka Belitung/2024-10-30,29766.55659897296
Daging Ayam Ras/Kepulauan Bangka Belitung/2024-10-31,29766.56892908484
Daging Ayam Ras/Kepulauan Bangka Belitung/2024-11-01,29766.563191801004
Daging Ayam Ras/Kepulauan Bangka Belitung/2024-11-02,29766.57091402076
Daging Ayam Ras/Kepulauan Bangka Belitung/2024-11-03,29766.56352048261
Daging Ayam Ras/Kepulauan Bangka Belitung/2024-11-04,29766.55632891392
Daging Ayam Ras/Kepulauan Bangka Belitung/2024-11-05,29766.557775007663
Daging Ayam Ras/Kepulauan Bangka Belitung/2024-11-06,29766.55393137696
Daging Ayam Ras/Kepulauan Bangka Belitung/2024-11-07,29766.57375905544
Daging Ayam Ras/Kepulauan Bangka Belitung/2024-11-08,29766.57403291464
Daging Ayam Ras/Kepulauan Bangka Belitung/2024-11-09,29766.552343514715
Daging Ayam Ras/Kepulauan Bangka Belitung/2024-11-10,29766.55522986807
Daging Ayam Ras/Kepulauan Bangka Belitung/2024-11-11,29766.56070488942
Daging Ayam Ras/Kepulauan Bangka Belitung/2024-11-12,29766.538666013388
Daging Ayam Ras/Kepulauan Bangka Belitung/2024-11-13,29766.559681847382
Daging Ayam Ras/Kepulauan Bangka Belitung/2024-11-14,29766.56740353732
Daging Ayam Ras/Kepulauan Bangka Belitung/2024-11-15,29766.56819611897
Daging Ayam Ras/Kepulauan Bangka Belitung/2024-11-16,29766.55141635328
Daging Ayam Ras/Kepulauan Bangka Belitung/2024-11-17,29766.5550101869
Daging Ayam Ras/Kepulauan Bangka Belitung/2024-11-18,29766.564217562067
Daging Ayam Ras/Kepulauan Bangka Belitung/2024-11-19,29766.56684163386
Daging Ayam Ras/Kepulauan Bangka Belitung/2024-11-20,29766.551647542183
Daging Ayam Ras/Kepulauan Bangka Belitung/2024-11-21,29766.56695174266
Daging Ayam Ras/Kepulauan Bangka Belitung/2024-11-22,29766.56427593384
Daging Ayam Ras/Kepulauan Bangka Belitung/2024-11-23,29766.560317146515
Daging Ayam Ras/Kepulauan Bangka Belitung/2024-11-24,29766.56314752219
Daging Ayam Ras/Kepulauan Bangka Belitung/2024-11-25,29766.54965686568
Daging Ayam Ras/Kepulauan Bangka Belitung/2024-11-26,29766.565775371557
Daging Ayam Ras/Kepulauan Bangka Belitung/2024-11-27,29766.57241388733
Daging Ayam Ras/Kepulauan Bangka Belitung/2024-11-28,29766.552806172404
Daging Ayam Ras/Kepulauan Bangka Belitung/2024-11-29,29766.559139664416
Daging Ayam Ras/Kepulauan Bangka Belitung/2024-11-30,29766.5588139611
Daging Ayam Ras/Kepulauan Bangka Belitung/2024-12-01,29766.58223448407
Daging Ayam Ras/Kepulauan Bangka Belitung/2024-12-02,29766.55608661655
Daging Ayam Ras/Kepulauan Bangka Belitung/2024-12-03,29766.56860178513
Daging Ayam Ras/Kepulauan Bangka Belitung/2024-12-04,29766.551526159023
Daging Ayam Ras/Kepulauan Bangka Belitung/2024-12-05,29766.56711398873
Daging Ayam Ras/Kepulauan Bangka Belitung/2024-12-06,29766.562197946747
Daging Ayam Ras/Kepulauan Bangka Belitung/2024-12-07,29766.5448610676
Daging Ayam Ras/Kepulauan Bangka Belitung/2024-12-08,29766.553058478166
Daging Ayam Ras/Kepulauan Bangka Belitung/2024-12-09,29766.546016922275
Daging Ayam Ras/Kepulauan Bangka Belitung/2024-12-10,29766.55129829835
Daging Ayam Ras/Kepulauan Bangka Belitung/2024-12-11,29766.543658699065
Daging Ayam Ras/Kepulauan Bangka Belitung/2024-12-12,29766.58295421643
Daging Ayam Ras/Kepulauan Bangka Belitung/2024-12-13,29766.55338721191
Daging Ayam Ras/Kepulauan Bangka Belitung/2024-12-14,29766.571807198696
Daging Ayam Ras/Kepulauan Bangka Belitung/2024-12-15,29766.54983458995
Daging Ayam Ras/Kepulauan Bangka Belitung/2024-12-16,29766.56888336122
Daging Ayam Ras/Kepulauan Bangka Belitung/2024-12-17,29766.558675897748
Daging Ayam Ras/Kepulauan Bangka Belitung/2024-12-18,29766.55546578336
Daging Ayam Ras/Kepulauan Bangka Belitung/2024-12-19,29766.56333409882
Daging Ayam Ras/Kepulauan Bangka Belitung/2024-12-20,29766.562100049785
Daging Ayam Ras/Kepulauan Bangka Belitung/2024-12-21,29766.580245902343
Daging Ayam Ras/Kepulauan Bangka Belitung/2024-12-22,29766.553916027624
Daging Ayam Ras/Kepulauan Bangka Belitung/2024-12-23,29766.54732204284
Daging Ayam Ras/Kepulauan Bangka Belitung/2024-12-24,29766.54556528454
Daging Ayam Ras/Kepulauan Bangka Belitung/2024-12-25,29766.55402258398
Daging Ayam Ras/Kepulauan Bangka Belitung/2024-12-26,29766.55929492713
Daging Ayam Ras/Kepulauan Bangka Belitung/2024-12-27,29766.545465529933
Daging Ayam Ras/Kepulauan Bangka Belitung/2024-12-28,29766.562614663424
Daging Ayam Ras/Kepulauan Bangka Belitung/2024-12-29,29766.5589696758
Daging Ayam Ras/Kepulauan Bangka Belitung/2024-12-30,29766.577892374346
Daging Ayam Ras/Kepulauan Bangka Belitung/2024-12-31,29766.548618525416
Daging Ayam Ras/Kepulauan Riau/2024-10-01,29766.56054674712
Daging Ayam Ras/Kepulauan Riau/2024-10-02,29766.55365556486
Daging Ayam Ras/Kepulauan Riau/2024-10-03,29766.555920102463
Daging Ayam Ras/Kepulauan Riau/2024-10-04,29766.549217234133
Daging Ayam Ras/Kepulauan Riau/2024-10-05,29766.573130231005
Daging Ayam Ras/Kepulauan Riau/2024-10-06,29766.56259439396
Daging Ayam Ras/Kepulauan Riau/2024-10-07,29766.546709640068
Daging Ayam Ras/Kepulauan Riau/2024-10-08,29766.56061534825
Daging Ayam Ras/Kepulauan Riau/2024-10-09,29766.565811365144
Daging Ayam Ras/Kepulauan Riau/2024-10-10,29766.56585977526
Daging Ayam Ras/Kepulauan Riau/2024-10-11,29766.55310378544
Daging Ayam Ras/Kepulauan Riau/2024-10-12,29766.54533772297
Daging Ayam Ras/Kepulauan Riau/2024-10-13,29766.56511634828
Daging Ayam Ras/Kepulauan Riau/2024-10-14,29766.567521581328
Daging Ayam Ras/Kepulauan Riau/2024-10-15,29766.566884479904
Daging Ayam Ras/Kepulauan Riau/2024-10-16,29766.569791173668
Daging Ayam Ras/Kepulauan Riau/2024-10-17,29766.56286851948
Daging Ayam Ras/Kepulauan Riau/2024-10-18,29766.569364713163
Daging Ayam Ras/Kepulauan Riau/2024-10-19,29766.54351690356
Daging Ayam Ras/Kepulauan Riau/2024-10-20,29766.564265679284
Daging Ayam Ras/Kepulauan Riau/2024-10-21,29766.56060659792
Daging Ayam Ras/Kepulauan Riau/2024-10-22,29766.560558570665
Daging Ayam Ras/Kepulauan Riau/2024-10-23,29766.559741576384
Daging Ayam Ras/Kepulauan Riau/2024-10-24,29766.551977580715
Daging Ayam Ras/Kepulauan Riau/2024-10-25,29766.564385069272
Daging Ayam Ras/Kepulauan Riau/2024-10-26,29766.55191001365
Daging Ayam Ras/Kepulauan Riau/2024-10-27,29766.55503208221
Daging Ayam Ras/Kepulauan Riau/2024-10-28,29766.550192615337
Daging Ayam Ras/Kepulauan Riau/2024-10-29,29766.566491491736
Daging Ayam Ras/Kepulauan Riau/2024-10-30,29766.534599531707
Daging Ayam Ras/Kepulauan Riau/2024-10-31,29766.54448742462
Daging Ayam Ras/Kepulauan Riau/2024-11-01,29766.54970824198
Daging Ayam Ras/Kepulauan Riau/2024-11-02,29766.56014233929
Daging Ayam Ras/Kepulauan Riau/2024-11-03,29766.567183651103
Daging Ayam Ras/Kepulauan Riau/2024-11-04,29766.565542476284
Daging Ayam Ras/Kepulauan Riau/2024-11-05,29766.552106990148
Daging Ayam Ras/Kepulauan Riau/2024-11-06,29766.563614799332
Daging Ayam Ras/Kepulauan Riau/2024-11-07,29766.53373417545
Daging Ayam Ras/Kepulauan Riau/2024-11-08,29766.548874620363
Daging Ayam Ras/Kepulauan Riau/2024-11-09,29766.556025981638
Daging Ayam Ras/Kepulauan Riau/2024-11-10,29766.56348662081
Daging Ayam Ras/Kepulauan Riau/2024-11-11,29766.55997661845
Daging Ayam Ras/Kepulauan Riau/2024-11-12,29766.5623581437
Daging Ayam Ras/Kepulauan Riau/2024-11-13,29766.55645175964
Daging Ayam Ras/Kepulauan Riau/2024-11-14,29766.534415557184
Daging Ayam Ras/Kepulauan Riau/2024-11-15,29766.56255526781
Daging Ayam Ras/Kepulauan Riau/2024-11-16,29766.54697338858
Daging Ayam Ras/Kepulauan Riau/2024-11-17,29766.562442951887
Daging Ayam Ras/Kepulauan Riau/2024-11-18,29766.558057489776
Daging Ayam Ras/Kepulauan Riau/2024-11-19,29766.5706787263
Daging Ayam Ras/Kepulauan Riau/2024-11-20,29766.5513846144
Daging Ayam Ras/Kepulauan Riau/2024-11-21,29766.55942988923
Daging Ayam Ras/Kepulauan Riau/2024-11-22,29766.55351424444
Daging Ayam Ras/Kepulauan Riau/2024-11-23,29766.563388115
Daging Ayam Ras/Kepulauan Riau/2024-11-24,29766.550010510044
Daging Ayam Ras/Kepulauan Riau/2024-11-25,29766.58038572978
Daging Ayam Ras/Kepulauan Riau/2024-11-26,29766.554256590145
Daging Ayam Ras/Kepulauan Riau/2024-11-27,29766.564352126385
Daging Ayam Ras/Kepulauan Riau/2024-11-28,29766.543812357937
Daging Ayam Ras/Kepulauan Riau/2024-11-29,29766.567404602443
Daging Ayam Ras/Kepulauan Riau/2024-11-30,29766.543705121425
Daging Ayam Ras/Kepulauan Riau/2024-12-01,29766.542319546294
Daging Ayam Ras/Kepulauan Riau/2024-12-02,29766.55787587423
Daging Ayam Ras/Kepulauan Riau/2024-12-03,29766.55436777688
Daging Ayam Ras/Kepulauan Riau/2024-12-04,29766.548372094163
Daging Ayam Ras/Kepulauan Riau/2024-12-05,29766.55878896391
Daging Ayam Ras/Kepulauan Riau/2024-12-06,29766.571332828167
Daging Ayam Ras/Kepulauan Riau/2024-12-07,29766.55950255444
Daging Ayam Ras/Kepulauan Riau/2024-12-08,29766.570476386103
Daging Ayam Ras/Kepulauan Riau/2024-12-09,29766.5573446068
Daging Ayam Ras/Kepulauan Riau/2024-12-10,29766.57112145253
Daging Ayam Ras/Kepulauan Riau/2024-12-11,29766.5541154908
Daging Ayam Ras/Kepulauan Riau/2024-12-12,29766.56705952661
Daging Ayam Ras/Kepulauan Riau/2024-12-13,29766.54416243249
Daging Ayam Ras/Kepulauan Riau/2024-12-14,29766.56129787192
Daging Ayam Ras/Kepulauan Riau/2024-12-15,29766.5490750018
Daging Ayam Ras/Kepulauan Riau/2024-12-16,29766.564077436185
Daging Ayam Ras/Kepulauan Riau/2024-12-17,29766.55949995895
Daging Ayam Ras/Kepulauan Riau/2024-12-18,29766.549971843648
Daging Ayam Ras/Kepulauan Riau/2024-12-19,29766.542879467557
Daging Ayam Ras/Kepulauan Riau/2024-12-20,29766.57512640128
Daging Ayam Ras/Kepulauan Riau/2024-12-21,29766.54443906884
Daging Ayam Ras/Kepulauan Riau/2024-12-22,29766.56140242022
Daging Ayam Ras/Kepulauan Riau/2024-12-23,29766.5580588195
Daging Ayam Ras/Kepulauan Riau/2024-12-24,29766.567728654973
Daging Ayam Ras/Kepulauan Riau/2024-12-25,29766.57445737488
Daging Ayam Ras/Kepulauan Riau/2024-12-26,29766.5440248761
Daging Ayam Ras/Kepulauan Riau/2024-12-27,29766.552451426916
Daging Ayam Ras/Kepulauan Riau/2024-12-28,29766.55198639117
Daging Ayam Ras/Kepulauan Riau/2024-12-29,29766.55706051976
Daging Ayam Ras/Kepulauan Riau/2024-12-30,29766.572489083675
Daging Ayam Ras/Kepulauan Riau/2024-12-31,29766.56762625605
Daging Ayam Ras/Lampung/2024-10-01,29766.5612161469
Daging Ayam Ras/Lampung/2024-10-02,29766.551795419964
Daging Ayam Ras/Lampung/2024-10-03,29766.559375856225
Daging Ayam Ras/Lampung/2024-10-04,29766.563845043467
Daging Ayam Ras/Lampung/2024-10-05,29766.561892641937
Daging Ayam Ras/Lampung/2024-10-06,29766.559990022382
Daging Ayam Ras/Lampung/2024-10-07,29766.55168661205
Daging Ayam Ras/Lampung/2024-10-08,29766.56127718584
Daging Ayam Ras/Lampung/2024-10-09,29766.551699994085
Daging Ayam Ras/Lampung/2024-10-10,29766.55976964072
Daging Ayam Ras/Lampung/2024-10-11,29766.551919076614
Daging Ayam Ras/Lampung/2024-10-12,29766.53685436645
Daging Ayam Ras/Lampung/2024-10-13,29766.542854284533
Daging Ayam Ras/Lampung/2024-10-14,29766.56217487677
Daging Ayam Ras/Lampung/2024-10-15,29766.5449238081
Daging Ayam Ras/Lampung/2024-10-16,29766.552352506544
Daging Ayam Ras/Lampung/2024-10-17,29766.555496733643
Daging Ayam Ras/Lampung/2024-10-18,29766.56043799501
Daging Ayam Ras/Lampung/2024-10-19,29766.5474435049
Daging Ayam Ras/Lampung/2024-10-20,29766.560813040505
Daging Ayam Ras/Lampung/2024-10-21,29766.57099436242
Daging Ayam Ras/Lampung/2024-10-22,29766.55983461818
Daging Ayam Ras/Lampung/2024-10-23,29766.565961943143
Daging Ayam Ras/Lampung/2024-10-24,29766.560386092257
Daging Ayam Ras/Lampung/2024-10-25,29766.56975523513
Daging Ayam Ras/Lampung/2024-10-26,29766.559860750385
Daging Ayam Ras/Lampung/2024-10-27,29766.5669314441
Daging Ayam Ras/Lampung/2024-10-28,29766.554108131077
Daging Ayam Ras/Lampung/2024-10-29,29766.5569726582
Daging Ayam Ras/Lampung/2024-10-30,29766.53658240117
Daging Ayam Ras/Lampung/2024-10-31,29766.571828413533
Daging Ayam Ras/Lampung/2024-11-01,29766.54439568512
Daging Ayam Ras/Lampung/2024-11-02,29766.5534579772
Daging Ayam Ras/Lampung/2024-11-03,29766.562145179378
Daging Ayam Ras/Lampung/2024-11-04,29766.550024956112
Daging Ayam Ras/Lampung/2024-11-05,29766.55312336486
Daging Ayam Ras/Lampung/2024-11-06,29766.56367359794
Daging Ayam Ras/Lampung/2024-11-07,29766.523860671005
Daging Ayam Ras/Lampung/2024-11-08,29766.54306584456
Daging Ayam Ras/Lampung/2024-11-09,29766.54711604605
Daging Ayam Ras/Lampung/2024-11-10,29766.54894763312
Daging Ayam Ras/Lampung/2024-11-11,29766.54853144172
Daging Ayam Ras/Lampung/2024-11-12,29766.56798018164
Daging Ayam Ras/Lampung/2024-11-13,29766.55116704343
Daging Ayam Ras/Lampung/2024-11-14,29766.56722361186
Daging Ayam Ras/Lampung/2024-11-15,29766.56472364828
Daging Ayam Ras/Lampung/2024-11-16,29766.549856532427
Daging Ayam Ras/Lampung/2024-11-17,29766.52729835116
Daging Ayam Ras/Lampung/2024-11-18,29766.55269793662
Daging Ayam Ras/Lampung/2024-11-19,29766.576146973435
Daging Ayam Ras/Lampung/2024-11-20,29766.557116656444
Daging Ayam Ras/Lampung/2024-11-21,29766.57118990899
Daging Ayam Ras/Lampung/2024-11-22,29766.558324358342
Daging Ayam Ras/Lampung/2024-11-23,29766.557055779285
Daging Ayam Ras/Lampung/2024-11-24,29766.567996280748
Daging Ayam Ras/Lampung/2024-11-25,29766.55746206039
Daging Ayam Ras/Lampung/2024-11-26,29766.55117202305
Daging Ayam Ras/Lampung/2024-11-27,29766.574768142556
Daging Ayam Ras/Lampung/2024-11-28,29766.55296537852
Daging Ayam Ras/Lampung/2024-11-29,29766.5663633501
Daging Ayam Ras/Lampung/2024-11-30,29766.57661847104
Daging Ayam Ras/Lampung/2024-12-01,29766.573583491518
Daging Ayam Ras/Lampung/2024-12-02,29766.54410326933
Daging Ayam Ras/Lampung/2024-12-03,29766.545937829706
Daging Ayam Ras/Lampung/2024-12-04,29766.56201101769
Daging Ayam Ras/Lampung/2024-12-05,29766.555467751317
Daging Ayam Ras/Lampung/2024-12-06,29766.557920848227
Daging Ayam Ras/Lampung/2024-12-07,29766.559235302782
Daging Ayam Ras/Lampung/2024-12-08,29766.573629979543
Daging Ayam Ras/Lampung/2024-12-09,29766.557931415835
Daging Ayam Ras/Lampung/2024-12-10,29766.55028174656
Daging Ayam Ras/Lampung/2024-12-11,29766.550799217934
Daging Ayam Ras/Lampung/2024-12-12,29766.57606467602
Daging Ayam Ras/Lampung/2024-12-13,29766.548249133542
Daging Ayam Ras/Lampung/2024-12-14,29766.556987491476
Daging Ayam Ras/Lampung/2024-12-15,29766.557670917973
Daging Ayam Ras/Lampung/2024-12-16,29766.552409216474
Daging Ayam Ras/Lampung/2024-12-17,29766.55350370968
Daging Ayam Ras/Lampung/2024-12-18,29766.56570696138
Daging Ayam Ras/Lampung/2024-12-19,29766.569086768453
Daging Ayam Ras/Lampung/2024-12-20,29766.556915264224
Daging Ayam Ras/Lampung/2024-12-21,29766.54544644152
Daging Ayam Ras/Lampung/2024-12-22,29766.55915771045
Daging Ayam Ras/Lampung/2024-12-23,29766.561888684635
Daging Ayam Ras/Lampung/2024-12-24,29766.562691771836
Daging Ayam Ras/Lampung/2024-12-25,29766.55842123578
Daging Ayam Ras/Lampung/2024-12-26,29766.55106619186
Daging Ayam Ras/Lampung/2024-12-27,29766.560225542955
Daging Ayam Ras/Lampung/2024-12-28,29766.58659663856
Daging Ayam Ras/Lampung/2024-12-29,29766.544828821203
Daging Ayam Ras/Lampung/2024-12-30,29766.56175219673
Daging Ayam Ras/Lampung/2024-12-31,29766.568792171205
Daging Ayam Ras/Maluku Utara/2024-10-01,29766.571831704958
Daging Ayam Ras/Maluku Utara/2024-10-02,29766.5611814966
Daging Ayam Ras/Maluku Utara/2024-10-03,29766.552688716893
Daging Ayam Ras/Maluku Utara/2024-10-04,29766.562668175
Daging Ayam Ras/Maluku Utara/2024-10-05,29766.554459694275
Daging Ayam Ras/Maluku Utara/2024-10-06,29766.54417834205
Daging Ayam Ras/Maluku Utara/2024-10-07,29766.559109001784
Daging Ayam Ras/Maluku Utara/2024-10-08,29766.55979086736
Daging Ayam Ras/Maluku Utara/2024-10-09,29766.547216443443
Daging Ayam Ras/Maluku Utara/2024-10-10,29766.54895876956
Daging Ayam Ras/Maluku Utara/2024-10-11,29766.56425854269
Daging Ayam Ras/Maluku Utara/2024-10-12,29766.5585378571
Daging Ayam Ras/Maluku Utara/2024-10-13,29766.55402899795
Daging Ayam Ras/Maluku Utara/2024-10-14,29766.53930239242
Daging Ayam Ras/Maluku Utara/2024-10-15,29766.565487594653
Daging Ayam Ras/Maluku Utara/2024-10-16,29766.562970266084
Daging Ayam Ras/Maluku Utara/2024-10-17,29766.54792393619
Daging Ayam Ras/Maluku Utara/2024-10-18,29766.555899487288
Daging Ayam Ras/Maluku Utara/2024-10-19,29766.54009794463
Daging Ayam Ras/Maluku Utara/2024-10-20,29766.54991616271
Daging Ayam Ras/Maluku Utara/2024-10-21,29766.551532906826
Daging Ayam Ras/Maluku Utara/2024-10-22,29766.571097407228
Daging Ayam Ras/Maluku Utara/2024-10-23,29766.56392759517
Daging Ayam Ras/Maluku Utara/2024-10-24,29766.547540683496
Daging Ayam Ras/Maluku Utara/2024-10-25,29766.5629010491
Daging Ayam Ras/Maluku Utara/2024-10-26,29766.5639536934
Daging Ayam Ras/Maluku Utara/2024-10-27,29766.57195635528
Daging Ayam Ras/Maluku Utara/2024-10-28,29766.56341337146
Daging Ayam Ras/Maluku Utara/2024-10-29,29766.560891853307
Daging Ayam Ras/Maluku Utara/2024-10-30,29766.556003651876
Daging Ayam Ras/Maluku Utara/2024-10-31,29766.560278529
Daging Ayam Ras/Maluku Utara/2024-11-01,29766.559279281697
Daging Ayam Ras/Maluku Utara/2024-11-02,29766.557424709317
Daging Ayam Ras/Maluku Utara/2024-11-03,29766.57305017825
Daging Ayam Ras/Maluku Utara/2024-11-04,29766.534880710227
Daging Ayam Ras/Maluku Utara/2024-11-05,29766.572877514693
Daging Ayam Ras/Maluku Utara/2024-11-06,29766.56885699704
Daging Ayam Ras/Maluku Utara/2024-11-07,29766.55574233092
Daging Ayam Ras/Maluku Utara/2024-11-08,29766.558955078788
Daging Ayam Ras/Maluku Utara/2024-11-09,29766.562581512928
Daging Ayam Ras/Maluku Utara/2024-11-10,29766.552576097307
Daging Ayam Ras/Maluku Utara/2024-11-11,29766.56372819805
Daging Ayam Ras/Maluku Utara/2024-11-12,29766.551593549568
Daging Ayam Ras/Maluku Utara/2024-11-13,29766.566330295213
Daging Ayam Ras/Maluku Utara/2024-11-14,29766.569515358853
Daging Ayam Ras/Maluku Utara/2024-11-15,29766.559238866077
Daging Ayam Ras/Maluku Utara/2024-11-16,29766.541932488457
Daging Ayam Ras/Maluku Utara/2024-11-17,29766.568598592858
Daging Ayam Ras/Maluku Utara/2024-11-18,29766.555529993617
Daging Ayam Ras/Maluku Utara/2024-11-19,29766.558780483225
Daging Ayam Ras/Maluku Utara/2024-11-20,29766.569432006887
Daging Ayam Ras/Maluku Utara/2024-11-21,29766.552289147443
Daging Ayam Ras/Maluku Utara/2024-11-22,29766.54214262484
Daging Ayam Ras/Maluku Utara/2024-11-23,29766.57602715312
Daging Ayam Ras/Maluku Utara/2024-11-24,29766.55359650487
Daging Ayam Ras/Maluku Utara/2024-11-25,29766.567260421984
Daging Ayam Ras/Maluku Utara/2024-11-26,29766.55290177044
Daging Ayam Ras/Maluku Utara/2024-11-27,29766.56056661036
Daging Ayam Ras/Maluku Utara/2024-11-28,29766.542389436338
Daging Ayam Ras/Maluku Utara/2024-11-29,29766.539891778397
Daging Ayam Ras/Maluku Utara/2024-11-30,29766.553804174077
Daging Ayam Ras/Maluku Utara/2024-12-01,29766.547532192144
Daging Ayam Ras/Maluku Utara/2024-12-02,29766.54670102748
Daging Ayam Ras/Maluku Utara/2024-12-03,29766.567682763485
Daging Ayam Ras/Maluku Utara/2024-12-04,29766.56553182576
Daging Ayam Ras/Maluku Utara/2024-12-05,29766.56160729752
Daging Ayam Ras/Maluku Utara/2024-12-06,29766.553364151587
Daging Ayam Ras/Maluku Utara/2024-12-07,29766.539269169025
Daging Ayam Ras/Maluku Utara/2024-12-08,29766.56770030828
Daging Ayam Ras/Maluku Utara/2024-12-09,29766.55352880709
Daging Ayam Ras/Maluku Utara/2024-12-10,29766.56133074978
Daging Ayam Ras/Maluku Utara/2024-12-11,29766.55988320269
Daging Ayam Ras/Maluku Utara/2024-12-12,29766.549417725226
Daging Ayam Ras/Maluku Utara/2024-12-13,29766.569672856647
Daging Ayam Ras/Maluku Utara/2024-12-14,29766.56052434046
Daging Ayam Ras/Maluku Utara/2024-12-15,29766.55485614764
Daging Ayam Ras/Maluku Utara/2024-12-16,29766.54820919618
Daging Ayam Ras/Maluku Utara/2024-12-17,29766.571005760918
Daging Ayam Ras/Maluku Utara/2024-12-18,29766.54143059972
Daging Ayam Ras/Maluku Utara/2024-12-19,29766.5653859063
Daging Ayam Ras/Maluku Utara/2024-12-20,29766.59295265553
Daging Ayam Ras/Maluku Utara/2024-12-21,29766.566339150624
Daging Ayam Ras/Maluku Utara/2024-12-22,29766.56783372206
Daging Ayam Ras/Maluku Utara/2024-12-23,29766.56193823873
Daging Ayam Ras/Maluku Utara/2024-12-24,29766.5583358097
Daging Ayam Ras/Maluku Utara/2024-12-25,29766.550249264044
Daging Ayam Ras/Maluku Utara/2024-12-26,29766.563919281307
Daging Ayam Ras/Maluku Utara/2024-12-27,29766.566257334143
Daging Ayam Ras/Maluku Utara/2024-12-28,29766.57051036996
Daging Ayam Ras/Maluku Utara/2024-12-29,29766.550361242837
Daging Ayam Ras/Maluku Utara/2024-12-30,29766.55544900482
Daging Ayam Ras/Maluku Utara/2024-12-31,29766.55531107866
Daging Ayam Ras/Maluku/2024-10-01,29766.57090942097
Daging Ayam Ras/Maluku/2024-10-02,29766.54610727508
Daging Ayam Ras/Maluku/2024-10-03,29766.55572537034
Daging Ayam Ras/Maluku/2024-10-04,29766.55585437218
Daging Ayam Ras/Maluku/2024-10-05,29766.57014844388
Daging Ayam Ras/Maluku/2024-10-06,29766.565449636983
Daging Ayam Ras/Maluku/2024-10-07,29766.55681474216
Daging Ayam Ras/Maluku/2024-10-08,29766.565830668897
Daging Ayam Ras/Maluku/2024-10-09,29766.5534658026
Daging Ayam Ras/Maluku/2024-10-10,29766.569420358373
Daging Ayam Ras/Maluku/2024-10-11,29766.55497959989
Daging Ayam Ras/Maluku/2024-10-12,29766.563290409995
Daging Ayam Ras/Maluku/2024-10-13,29766.557323140853
Daging Ayam Ras/Maluku/2024-10-14,29766.56468295145
Daging Ayam Ras/Maluku/2024-10-15,29766.55695831142
Daging Ayam Ras/Maluku/2024-10-16,29766.56195156379
Daging Ayam Ras/Maluku/2024-10-17,29766.57576102086
Daging Ayam Ras/Maluku/2024-10-18,29766.570937676413
Daging Ayam Ras/Maluku/2024-10-19,29766.5656860067
Daging Ayam Ras/Maluku/2024-10-20,29766.552592308577
Daging Ayam Ras/Maluku/2024-10-21,29766.54229907973
Daging Ayam Ras/Maluku/2024-10-22,29766.556223517968
Daging Ayam Ras/Maluku/2024-10-23,29766.57310118437
Daging Ayam Ras/Maluku/2024-10-24,29766.55799382637
Daging Ayam Ras/Maluku/2024-10-25,29766.562173972678
Daging Ayam Ras/Maluku/2024-10-26,29766.562715025088
Daging Ayam Ras/Maluku/2024-10-27,29766.57515618044
Daging Ayam Ras/Maluku/2024-10-28,29766.57061424707
Daging Ayam Ras/Maluku/2024-10-29,29766.555094732998
Daging Ayam Ras/Maluku/2024-10-30,29766.55626540044
Daging Ayam Ras/Maluku/2024-10-31,29766.55056240741
Daging Ayam Ras/Maluku/2024-11-01,29766.55837021782
Daging Ayam Ras/Maluku/2024-11-02,29766.562792022465
Daging Ayam Ras/Maluku/2024-11-03,29766.55866058708
Daging Ayam Ras/Maluku/2024-11-04,29766.567492102666
Daging Ayam Ras/Maluku/2024-11-05,29766.560963517004
Daging Ayam Ras/Maluku/2024-11-06,29766.577776099908
Daging Ayam Ras/Maluku/2024-11-07,29766.58188226186
Daging Ayam Ras/Maluku/2024-11-08,29766.54926186685
Daging Ayam Ras/Maluku/2024-11-09,29766.55191129894
Daging Ayam Ras/Maluku/2024-11-10,29766.5596411628
Daging Ayam Ras/Maluku/2024-11-11,29766.54968953338
Daging Ayam Ras/Maluku/2024-11-12,29766.55164045216
Daging Ayam Ras/Maluku/2024-11-13,29766.55946729148
Daging Ayam Ras/Maluku/2024-11-14,29766.5565913861
Daging Ayam Ras/Maluku/2024-11-15,29766.559179031745
Daging Ayam Ras/Maluku/2024-11-16,29766.54922033398
Daging Ayam Ras/Maluku/2024-11-17,29766.56628188625
Daging Ayam Ras/Maluku/2024-11-18,29766.54967870757
Daging Ayam Ras/Maluku/2024-11-19,29766.554549109256
Daging Ayam Ras/Maluku/2024-11-20,29766.56707909888
Daging Ayam Ras/Maluku/2024-11-21,29766.567697300103
Daging Ayam Ras/Maluku/2024-11-22,29766.552850886605
Daging Ayam Ras/Maluku/2024-11-23,29766.551425399477
Daging Ayam Ras/Maluku/2024-11-24,29766.57010673637
Daging Ayam Ras/Maluku/2024-11-25,29766.562763678477
Daging Ayam Ras/Maluku/2024-11-26,29766.56730663271
Daging Ayam Ras/Maluku/2024-11-27,29766.54669262626
Daging Ayam Ras/Maluku/2024-11-28,29766.575062003463
Daging Ayam Ras/Maluku/2024-11-29,29766.55660252117
Daging Ayam Ras/Maluku/2024-11-30,29766.542079995532
Daging Ayam Ras/Maluku/2024-12-01,29766.53499189736
Daging Ayam Ras/Maluku/2024-12-02,29766.56394523569
Daging Ayam Ras/Maluku/2024-12-03,29766.563473995942
Daging Ayam Ras/Maluku/2024-12-04,29766.575780112587
Daging Ayam Ras/Maluku/2024-12-05,29766.551416751918
Daging Ayam Ras/Maluku/2024-12-06,29766.554942363608
Daging Ayam Ras/Maluku/2024-12-07,29766.54720155671
Daging Ayam Ras/Maluku/2024-12-08,29766.576421779497
Daging Ayam Ras/Maluku/2024-12-09,29766.56662657272
Daging Ayam Ras/Maluku/2024-12-10,29766.5729596431
Daging Ayam Ras/Maluku/2024-12-11,29766.56657531607
Daging Ayam Ras/Maluku/2024-12-12,29766.57138004878
Daging Ayam Ras/Maluku/2024-12-13,29766.56171911928
Daging Ayam Ras/Maluku/2024-12-14,29766.563525283404
Daging Ayam Ras/Maluku/2024-12-15,29766.57159588505
Daging Ayam Ras/Maluku/2024-12-16,29766.56667899233
Daging Ayam Ras/Maluku/2024-12-17,29766.563536372338
Daging Ayam Ras/Maluku/2024-12-18,29766.563965966805
Daging Ayam Ras/Maluku/2024-12-19,29766.572948379373
Daging Ayam Ras/Maluku/2024-12-20,29766.557212275256
Daging Ayam Ras/Maluku/2024-12-21,29766.544506324568
Daging Ayam Ras/Maluku/2024-12-22,29766.565809241565
Daging Ayam Ras/Maluku/2024-12-23,29766.55195173314
Daging Ayam Ras/Maluku/2024-12-24,29766.56068408013
Daging Ayam Ras/Maluku/2024-12-25,29766.5585703373
Daging Ayam Ras/Maluku/2024-12-26,29766.570660412726
Daging Ayam Ras/Maluku/2024-12-27,29766.552645824697
Daging Ayam Ras/Maluku/2024-12-28,29766.565601898816
Daging Ayam Ras/Maluku/2024-12-29,29766.548844704528
Daging Ayam Ras/Maluku/2024-12-30,29766.590783906213
Daging Ayam Ras/Maluku/2024-12-31,29766.55856593377
Daging Ayam Ras/Nusa Tenggara Barat/2024-10-01,29766.563522058284
Daging Ayam Ras/Nusa Tenggara Barat/2024-10-02,29766.57201283251
Daging Ayam Ras/Nusa Tenggara Barat/2024-10-03,29766.547496327268
Daging Ayam Ras/Nusa Tenggara Barat/2024-10-04,29766.56091010133
Daging Ayam Ras/Nusa Tenggara Barat/2024-10-05,29766.55532064948
Daging Ayam Ras/Nusa Tenggara Barat/2024-10-06,29766.55997037164
Daging Ayam Ras/Nusa Tenggara Barat/2024-10-07,29766.56789424545
Daging Ayam Ras/Nusa Tenggara Barat/2024-10-08,29766.548578218782
Daging Ayam Ras/Nusa Tenggara Barat/2024-10-09,29766.55884619953
Daging Ayam Ras/Nusa Tenggara Barat/2024-10-10,29766.54624232206
Daging Ayam Ras/Nusa Tenggara Barat/2024-10-11,29766.56179449362
Daging Ayam Ras/Nusa Tenggara Barat/2024-10-12,29766.55299007443
Daging Ayam Ras/Nusa Tenggara Barat/2024-10-13,29766.560419068155
Daging Ayam Ras/Nusa Tenggara Barat/2024-10-14,29766.555545441817
Daging Ayam Ras/Nusa Tenggara Barat/2024-10-15,29766.57484452053
Daging Ayam Ras/Nusa Tenggara Barat/2024-10-16,29766.53565684424
Daging Ayam Ras/Nusa Tenggara Barat/2024-10-17,29766.573011067423
Daging Ayam Ras/Nusa Tenggara Barat/2024-10-18,29766.56074475074
Daging Ayam Ras/Nusa Tenggara Barat/2024-10-19,29766.560651018608
Daging Ayam Ras/Nusa Tenggara Barat/2024-10-20,29766.551817522304
Daging Ayam Ras/Nusa Tenggara Barat/2024-10-21,29766.568895261957
Daging Ayam Ras/Nusa Tenggara Barat/2024-10-22,29766.53934642595
Daging Ayam Ras/Nusa Tenggara Barat/2024-10-23,29766.53034766529
Daging Ayam Ras/Nusa Tenggara Barat/2024-10-24,29766.562264721477
Daging Ayam Ras/Nusa Tenggara Barat/2024-10-25,29766.569049872836
Daging Ayam Ras/Nusa Tenggara Barat/2024-10-26,29766.56965420641
Daging Ayam Ras/Nusa Tenggara Barat/2024-10-27,29766.56184622264
Daging Ayam Ras/Nusa Tenggara Barat/2024-10-28,29766.56410126592
Daging Ayam Ras/Nusa Tenggara Barat/2024-10-29,29766.5596455759
Daging Ayam Ras/Nusa Tenggara Barat/2024-10-30,29766.561829902945
Daging Ayam Ras/Nusa Tenggara Barat/2024-10-31,29766.58481236763
Daging Ayam Ras/Nusa Tenggara Barat/2024-11-01,29766.560446499872
Daging Ayam Ras/Nusa Tenggara Barat/2024-11-02,29766.563092499546
Daging Ayam Ras/Nusa Tenggara Barat/2024-11-03,29766.58501460695
Daging Ayam Ras/Nusa Tenggara Barat/2024-11-04,29766.55267163117
Daging Ayam Ras/Nusa Tenggara Barat/2024-11-05,29766.54463268963
Daging Ayam Ras/Nusa Tenggara Barat/2024-11-06,29766.551710975837
Daging Ayam Ras/Nusa Tenggara Barat/2024-11-07,29766.571098865075
Daging Ayam Ras/Nusa Tenggara Barat/2024-11-08,29766.56493850851
Daging Ayam Ras/Nusa Tenggara Barat/2024-11-09,29766.55794127853
Daging Ayam Ras/Nusa Tenggara Barat/2024-11-10,29766.55421654754
Daging Ayam Ras/Nusa Tenggara Barat/2024-11-11,29766.575346680056
Daging Ayam Ras/Nusa Tenggara Barat/2024-11-12,29766.53362307271
Daging Ayam Ras/Nusa Tenggara Barat/2024-11-13,29766.5496362924
Daging Ayam Ras/Nusa Tenggara Barat/2024-11-14,29766.569152207325
Daging Ayam Ras/Nusa Tenggara Barat/2024-11-15,29766.558120602705
Daging Ayam Ras/Nusa Tenggara Barat/2024-11-16,29766.554295909544
Daging Ayam Ras/Nusa Tenggara Barat/2024-11-17,29766.54910383555
Daging Ayam Ras/Nusa Tenggara Barat/2024-11-18,29766.564654106984
Daging Ayam Ras/Nusa Tenggara Barat/2024-11-19,29766.563938020965
Daging Ayam Ras/Nusa Tenggara Barat/2024-11-20,29766.55701013779
Daging Ayam Ras/Nusa Tenggara Barat/2024-11-21,29766.552660988484
Daging Ayam Ras/Nusa Tenggara Barat/2024-11-22,29766.559701962047
Daging Ayam Ras/Nusa Tenggara Barat/2024-11-23,29766.546149686827
Daging Ayam Ras/Nusa Tenggara Barat/2024-11-24,29766.5572173016
Daging Ayam Ras/Nusa Tenggara Barat/2024-11-25,29766.54723974204
Daging Ayam Ras/Nusa Tenggara Barat/2024-11-26,29766.57573332259
Daging Ayam Ras/Nusa Tenggara Barat/2024-11-27,29766.58492723501
Daging Ayam Ras/Nusa Tenggara Barat/2024-11-28,29766.55568525555
Daging Ayam Ras/Nusa Tenggara Barat/2024-11-29,29766.54130760226
Daging Ayam Ras/Nusa Tenggara Barat/2024-11-30,29766.556611027663
Daging Ayam Ras/Nusa Tenggara Barat/2024-12-01,29766.557189481657
Daging Ayam Ras/Nusa Tenggara Barat/2024-12-02,29766.561096962705
Daging Ayam Ras/Nusa Tenggara Barat/2024-12-03,29766.581282053583
Daging Ayam Ras/Nusa Tenggara Barat/2024-12-04,29766.57190615477
Daging Ayam Ras/Nusa Tenggara Barat/2024-12-05,29766.56520641465
Daging Ayam Ras/Nusa Tenggara Barat/2024-12-06,29766.55055679345
Daging Ayam Ras/Nusa Tenggara Barat/2024-12-07,29766.56688024275
Daging Ayam Ras/Nusa Tenggara Barat/2024-12-08,29766.56152131648
Daging Ayam Ras/Nusa Tenggara Barat/2024-12-09,29766.556975871277
Daging Ayam Ras/Nusa Tenggara Barat/2024-12-10,29766.56186186629
Daging Ayam Ras/Nusa Tenggara Barat/2024-12-11,29766.55329249026
Daging Ayam Ras/Nusa Tenggara Barat/2024-12-12,29766.55670388054
Daging Ayam Ras/Nusa Tenggara Barat/2024-12-13,29766.55807719021
Daging Ayam Ras/Nusa Tenggara Barat/2024-12-14,29766.569219449768
Daging Ayam Ras/Nusa Tenggara Barat/2024-12-15,29766.553079698897
Daging Ayam Ras/Nusa Tenggara Barat/2024-12-16,29766.570663728195
Daging Ayam Ras/Nusa Tenggara Barat/2024-12-17,29766.54492343896
Daging Ayam Ras/Nusa Tenggara Barat/2024-12-18,29766.57640693539
Daging Ayam Ras/Nusa Tenggara Barat/2024-12-19,29766.55684268908
Daging Ayam Ras/Nusa Tenggara Barat/2024-12-20,29766.546754232448
Daging Ayam Ras/Nusa Tenggara Barat/2024-12-21,29766.550859539027
Daging Ayam Ras/Nusa Tenggara Barat/2024-12-22,29766.56480792541
Daging Ayam Ras/Nusa Tenggara Barat/2024-12-23,29766.556881771303
Daging Ayam Ras/Nusa Tenggara Barat/2024-12-24,29766.55804667329
Daging Ayam Ras/Nusa Tenggara Barat/2024-12-25,29766.55917640763
Daging Ayam Ras/Nusa Tenggara Barat/2024-12-26,29766.564741539187
Daging Ayam Ras/Nusa Tenggara Barat/2024-12-27,29766.566961278048
Daging Ayam Ras/Nusa Tenggara Barat/2024-12-28,29766.56548683149
Daging Ayam Ras/Nusa Tenggara Barat/2024-12-29,29766.572978530658
Daging Ayam Ras/Nusa Tenggara Barat/2024-12-30,29766.55514203537
Daging Ayam Ras/Nusa Tenggara Barat/2024-12-31,29766.551621673643
Daging Ayam Ras/Nusa Tenggara Timur/2024-10-01,29766.54627843783
Daging Ayam Ras/Nusa Tenggara Timur/2024-10-02,29766.547369851312
Daging Ayam Ras/Nusa Tenggara Timur/2024-10-03,29766.54544056773
Daging Ayam Ras/Nusa Tenggara Timur/2024-10-04,29766.55665044891
Daging Ayam Ras/Nusa Tenggara Timur/2024-10-05,29766.542234088964
Daging Ayam Ras/Nusa Tenggara Timur/2024-10-06,29766.551968959924
Daging Ayam Ras/Nusa Tenggara Timur/2024-10-07,29766.552583010118
Daging Ayam Ras/Nusa Tenggara Timur/2024-10-08,29766.55597532317
Daging Ayam Ras/Nusa Tenggara Timur/2024-10-09,29766.551973371086
Daging Ayam Ras/Nusa Tenggara Timur/2024-10-10,29766.54330103441
Daging Ayam Ras/Nusa Tenggara Timur/2024-10-11,29766.537616463844
Daging Ayam Ras/Nusa Tenggara Timur/2024-10-12,29766.55894188145
Daging Ayam Ras/Nusa Tenggara Timur/2024-10-13,29766.547153430456
Daging Ayam Ras/Nusa Tenggara Timur/2024-10-14,29766.57459843392
Daging Ayam Ras/Nusa Tenggara Timur/2024-10-15,29766.549929677287
Daging Ayam Ras/Nusa Tenggara Timur/2024-10-16,29766.55626289995
Daging Ayam Ras/Nusa Tenggara Timur/2024-10-17,29766.54740767412
Daging Ayam Ras/Nusa Tenggara Timur/2024-10-18,29766.561833160933
Daging Ayam Ras/Nusa Tenggara Timur/2024-10-19,29766.56920296913
Daging Ayam Ras/Nusa Tenggara Timur/2024-10-20,29766.55946658874
Daging Ayam Ras/Nusa Tenggara Timur/2024-10-21,29766.55936468014
Daging Ayam Ras/Nusa Tenggara Timur/2024-10-22,29766.54747344924
Daging Ayam Ras/Nusa Tenggara Timur/2024-10-23,29766.58116134039
Daging Ayam Ras/Nusa Tenggara Timur/2024-10-24,29766.55669634533
Daging Ayam Ras/Nusa Tenggara Timur/2024-10-25,29766.564594743857
Daging Ayam Ras/Nusa Tenggara Timur/2024-10-26,29766.547559903804
Daging Ayam Ras/Nusa Tenggara Timur/2024-10-27,29766.55065802441
Daging Ayam Ras/Nusa Tenggara Timur/2024-10-28,29766.569504563995
Daging Ayam Ras/Nusa Tenggara Timur/2024-10-29,29766.563739108653
Daging Ayam Ras/Nusa Tenggara Timur/2024-10-30,29766.53977276339
Daging Ayam Ras/Nusa Tenggara Timur/2024-10-31,29766.558313685124
Daging Ayam Ras/Nusa Tenggara Timur/2024-11-01,29766.55244194097
Daging Ayam Ras/Nusa Tenggara Timur/2024-11-02,29766.55360876588
Daging Ayam Ras/Nusa Tenggara Timur/2024-11-03,29766.54660023776
Daging Ayam Ras/Nusa Tenggara Timur/2024-11-04,29766.563068768264
Daging Ayam Ras/Nusa Tenggara Timur/2024-11-05,29766.569766016823
Daging Ayam Ras/Nusa Tenggara Timur/2024-11-06,29766.553068341924
Daging Ayam Ras/Nusa Tenggara Timur/2024-11-07,29766.56664730136
Daging Ayam Ras/Nusa Tenggara Timur/2024-11-08,29766.56113822181
Daging Ayam Ras/Nusa Tenggara Timur/2024-11-09,29766.57224892012
Daging Ayam Ras/Nusa Tenggara Timur/2024-11-10,29766.561231322623
Daging Ayam Ras/Nusa Tenggara Timur/2024-11-11,29766.543595868843
Daging Ayam Ras/Nusa Tenggara Timur/2024-11-12,29766.54165299049
Daging Ayam Ras/Nusa Tenggara Timur/2024-11-13,29766.56898985872
Daging Ayam Ras/Nusa Tenggara Timur/2024-11-14,29766.566537548893
Daging Ayam Ras/Nusa Tenggara Timur/2024-11-15,29766.56832510136
Daging Ayam Ras/Nusa Tenggara Timur/2024-11-16,29766.57876139472
Daging Ayam Ras/Nusa Tenggara Timur/2024-11-17,29766.567413093573
Daging Ayam Ras/Nusa Tenggara Timur/2024-11-18,29766.53716312484
Daging Ayam Ras/Nusa Tenggara Timur/2024-11-19,29766.565531317752
Daging Ayam Ras/Nusa Tenggara Timur/2024-11-20,29766.55733287287
Daging Ayam Ras/Nusa Tenggara Timur/2024-11-21,29766.553518507837
Daging Ayam Ras/Nusa Tenggara Timur/2024-11-22,29766.547669218093
Daging Ayam Ras/Nusa Tenggara Timur/2024-11-23,29766.551626080567
Daging Ayam Ras/Nusa Tenggara Timur/2024-11-24,29766.53565916255
Daging Ayam Ras/Nusa Tenggara Timur/2024-11-25,29766.56772625555
Daging Ayam Ras/Nusa Tenggara Timur/2024-11-26,29766.55431188636
Daging Ayam Ras/Nusa Tenggara Timur/2024-11-27,29766.539883306174
Daging Ayam Ras/Nusa Tenggara Timur/2024-11-28,29766.57061744739
Daging Ayam Ras/Nusa Tenggara Timur/2024-11-29,29766.56123441995
Daging Ayam Ras/Nusa Tenggara Timur/2024-11-30,29766.56081954165
Daging Ayam Ras/Nusa Tenggara Timur/2024-12-01,29766.552383142556
Daging Ayam Ras/Nusa Tenggara Timur/2024-12-02,29766.57318338561
Daging Ayam Ras/Nusa Tenggara Timur/2024-12-03,29766.54595023333
Daging Ayam Ras/Nusa Tenggara Timur/2024-12-04,29766.55303126517
Daging Ayam Ras/Nusa Tenggara Timur/2024-12-05,29766.557376444867
Daging Ayam Ras/Nusa Tenggara Timur/2024-12-06,29766.55395291793
Daging Ayam Ras/Nusa Tenggara Timur/2024-12-07,29766.555162518347
Daging Ayam Ras/Nusa Tenggara Timur/2024-12-08,29766.56337802706
Daging Ayam Ras/Nusa Tenggara Timur/2024-12-09,29766.562687752248
Daging Ayam Ras/Nusa Tenggara Timur/2024-12-10,29766.556348586128
Daging Ayam Ras/Nusa Tenggara Timur/2024-12-11,29766.56331033245
Daging Ayam Ras/Nusa Tenggara Timur/2024-12-12,29766.580011178405
Daging Ayam Ras/Nusa Tenggara Timur/2024-12-13,29766.55681552893
Daging Ayam Ras/Nusa Tenggara Timur/2024-12-14,29766.57358683232
Daging Ayam Ras/Nusa Tenggara Timur/2024-12-15,29766.558326688548
Daging Ayam Ras/Nusa Tenggara Timur/2024-12-16,29766.56432090156
Daging Ayam Ras/Nusa Tenggara Timur/2024-12-17,29766.540882876325
Daging Ayam Ras/Nusa Tenggara Timur/2024-12-18,29766.55328196165
Daging Ayam Ras/Nusa Tenggara Timur/2024-12-19,29766.58367010619
Daging Ayam Ras/Nusa Tenggara Timur/2024-12-20,29766.54974781315
Daging Ayam Ras/Nusa Tenggara Timur/2024-12-21,29766.55419731072
Daging Ayam Ras/Nusa Tenggara Timur/2024-12-22,29766.572194865377
Daging Ayam Ras/Nusa Tenggara Timur/2024-12-23,29766.570992784287
Daging Ayam Ras/Nusa Tenggara Timur/2024-12-24,29766.5711387043
Daging Ayam Ras/Nusa Tenggara Timur/2024-12-25,29766.536057519595
Daging Ayam Ras/Nusa Tenggara Timur/2024-12-26,29766.557314372574
Daging Ayam Ras/Nusa Tenggara Timur/2024-12-27,29766.551936327323
Daging Ayam Ras/Nusa Tenggara Timur/2024-12-28,29766.57859997174
Daging Ayam Ras/Nusa Tenggara Timur/2024-12-29,29766.561515042657
Daging Ayam Ras/Nusa Tenggara Timur/2024-12-30,29766.558741657693
Daging Ayam Ras/Nusa Tenggara Timur/2024-12-31,29766.551294952675
Daging Ayam Ras/Papua Barat/2024-10-01,29766.55237329888
Daging Ayam Ras/Papua Barat/2024-10-02,29766.57262035639
Daging Ayam Ras/Papua Barat/2024-10-03,29766.5687046471
Daging Ayam Ras/Papua Barat/2024-10-04,29766.555209730515
Daging Ayam Ras/Papua Barat/2024-10-05,29766.56199929147
Daging Ayam Ras/Papua Barat/2024-10-06,29766.5760884737
Daging Ayam Ras/Papua Barat/2024-10-07,29766.556225096505
Daging Ayam Ras/Papua Barat/2024-10-08,29766.553840821063
Daging Ayam Ras/Papua Barat/2024-10-09,29766.54960652235
Daging Ayam Ras/Papua Barat/2024-10-10,29766.575188810613
Daging Ayam Ras/Papua Barat/2024-10-11,29766.57436836529
Daging Ayam Ras/Papua Barat/2024-10-12,29766.557811669198
Daging Ayam Ras/Papua Barat/2024-10-13,29766.584438743663
Daging Ayam Ras/Papua Barat/2024-10-14,29766.55777386788
Daging Ayam Ras/Papua Barat/2024-10-15,29766.553470739647
Daging Ayam Ras/Papua Barat/2024-10-16,29766.56409314001
Daging Ayam Ras/Papua Barat/2024-10-17,29766.576951187337
Daging Ayam Ras/Papua Barat/2024-10-18,29766.569892326886
Daging Ayam Ras/Papua Barat/2024-10-19,29766.57862532173
Daging Ayam Ras/Papua Barat/2024-10-20,29766.551176998582
Daging Ayam Ras/Papua Barat/2024-10-21,29766.55776484855
Daging Ayam Ras/Papua Barat/2024-10-22,29766.56729134581
Daging Ayam Ras/Papua Barat/2024-10-23,29766.562458210632
Daging Ayam Ras/Papua Barat/2024-10-24,29766.56717881662
Daging Ayam Ras/Papua Barat/2024-10-25,29766.553480944545
Daging Ayam Ras/Papua Barat/2024-10-26,29766.56044888944
Daging Ayam Ras/Papua Barat/2024-10-27,29766.547590715632
Daging Ayam Ras/Papua Barat/2024-10-28,29766.550875044966
Daging Ayam Ras/Papua Barat/2024-10-29,29766.55200967983
Daging Ayam Ras/Papua Barat/2024-10-30,29766.572222901046
Daging Ayam Ras/Papua Barat/2024-10-31,29766.561147556688
Daging Ayam Ras/Papua Barat/2024-11-01,29766.54189211414
Daging Ayam Ras/Papua Barat/2024-11-02,29766.556982865102
Daging Ayam Ras/Papua Barat/2024-11-03,29766.56405425964
Daging Ayam Ras/Papua Barat/2024-11-04,29766.55163053896
Daging Ayam Ras/Papua Barat/2024-11-05,29766.549701239783
Daging Ayam Ras/Papua Barat/2024-11-06,29766.54561276761
Daging Ayam Ras/Papua Barat/2024-11-07,29766.563077692983
Daging Ayam Ras/Papua Barat/2024-11-08,29766.553463872628
Daging Ayam Ras/Papua Barat/2024-11-09,29766.551847769144
Daging Ayam Ras/Papua Barat/2024-11-10,29766.574199410577
Daging Ayam Ras/Papua Barat/2024-11-11,29766.55391089232
Daging Ayam Ras/Papua Barat/2024-11-12,29766.56131564265
Daging Ayam Ras/Papua Barat/2024-11-13,29766.55742794613
Daging Ayam Ras/Papua Barat/2024-11-14,29766.5548676032
Daging Ayam Ras/Papua Barat/2024-11-15,29766.556035422323
Daging Ayam Ras/Papua Barat/2024-11-16,29766.56221875745
Daging Ayam Ras/Papua Barat/2024-11-17,29766.560167098258
Daging Ayam Ras/Papua Barat/2024-11-18,29766.55600254398
Daging Ayam Ras/Papua Barat/2024-11-19,29766.566486516556
Daging Ayam Ras/Papua Barat/2024-11-20,29766.56412304253
Daging Ayam Ras/Papua Barat/2024-11-21,29766.559898647847
Daging Ayam Ras/Papua Barat/2024-11-22,29766.560318160824
Daging Ayam Ras/Papua Barat/2024-11-23,29766.55240840355
Daging Ayam Ras/Papua Barat/2024-11-24,29766.55841385849
Daging Ayam Ras/Papua Barat/2024-11-25,29766.553586617538
Daging Ayam Ras/Papua Barat/2024-11-26,29766.57510477276
Daging Ayam Ras/Papua Barat/2024-11-27,29766.54426465553
Daging Ayam Ras/Papua Barat/2024-11-28,29766.551433435656
Daging Ayam Ras/Papua Barat/2024-11-29,29766.55570040317
Daging Ayam Ras/Papua Barat/2024-11-30,29766.568273173747
Daging Ayam Ras/Papua Barat/2024-12-01,29766.55764182168
Daging Ayam Ras/Papua Barat/2024-12-02,29766.563928739328
Daging Ayam Ras/Papua Barat/2024-12-03,29766.573446523525
Daging Ayam Ras/Papua Barat/2024-12-04,29766.54402429944
Daging Ayam Ras/Papua Barat/2024-12-05,29766.555079549547
Daging Ayam Ras/Papua Barat/2024-12-06,29766.5503246065
Daging Ayam Ras/Papua Barat/2024-12-07,29766.562954034387
Daging Ayam Ras/Papua Barat/2024-12-08,29766.56087189949
Daging Ayam Ras/Papua Barat/2024-12-09,29766.56043405609
Daging Ayam Ras/Papua Barat/2024-12-10,29766.55883353425
Daging Ayam Ras/Papua Barat/2024-12-11,29766.55473952807
Daging Ayam Ras/Papua Barat/2024-12-12,29766.56725855061
Daging Ayam Ras/Papua Barat/2024-12-13,29766.56467698125
Daging Ayam Ras/Papua Barat/2024-12-14,29766.56226717149
Daging Ayam Ras/Papua Barat/2024-12-15,29766.556815354197
Daging Ayam Ras/Papua Barat/2024-12-16,29766.555595175687
Daging Ayam Ras/Papua Barat/2024-12-17,29766.54857186405
Daging Ayam Ras/Papua Barat/2024-12-18,29766.57476955894
Daging Ayam Ras/Papua Barat/2024-12-19,29766.5613362691
Daging Ayam Ras/Papua Barat/2024-12-20,29766.57174786392
Daging Ayam Ras/Papua Barat/2024-12-21,29766.573212346342
Daging Ayam Ras/Papua Barat/2024-12-22,29766.557902860342
Daging Ayam Ras/Papua Barat/2024-12-23,29766.550344178
Daging Ayam Ras/Papua Barat/2024-12-24,29766.561799835777
Daging Ayam Ras/Papua Barat/2024-12-25,29766.562545601588
Daging Ayam Ras/Papua Barat/2024-12-26,29766.5850893466
Daging Ayam Ras/Papua Barat/2024-12-27,29766.55795935952
Daging Ayam Ras/Papua Barat/2024-12-28,29766.57412871505
Daging Ayam Ras/Papua Barat/2024-12-29,29766.57142461292
Daging Ayam Ras/Papua Barat/2024-12-30,29766.548877544767
Daging Ayam Ras/Papua Barat/2024-12-31,29766.58190786253
Daging Ayam Ras/Papua/2024-10-01,29766.580839332117
Daging Ayam Ras/Papua/2024-10-02,29766.56318415274
Daging Ayam Ras/Papua/2024-10-03,29766.54171777804
Daging Ayam Ras/Papua/2024-10-04,29766.55219593969
Daging Ayam Ras/Papua/2024-10-05,29766.558178941148
Daging Ayam Ras/Papua/2024-10-06,29766.5534439986
Daging Ayam Ras/Papua/2024-10-07,29766.565306993485
Daging Ayam Ras/Papua/2024-10-08,29766.55475280308
Daging Ayam Ras/Papua/2024-10-09,29766.55449149876
Daging Ayam Ras/Papua/2024-10-10,29766.551135706577
Daging Ayam Ras/Papua/2024-10-11,29766.550773192947
Daging Ayam Ras/Papua/2024-10-12,29766.56085214715
Daging Ayam Ras/Papua/2024-10-13,29766.55474711817
Daging Ayam Ras/Papua/2024-10-14,29766.563416697663
Daging Ayam Ras/Papua/2024-10-15,29766.551953401868
Daging Ayam Ras/Papua/2024-10-16,29766.554786192806
Daging Ayam Ras/Papua/2024-10-17,29766.55993699035
Daging Ayam Ras/Papua/2024-10-18,29766.54114026019
Daging Ayam Ras/Papua/2024-10-19,29766.54426377767
Daging Ayam Ras/Papua/2024-10-20,29766.568868433955
Daging Ayam Ras/Papua/2024-10-21,29766.57260792773
Daging Ayam Ras/Papua/2024-10-22,29766.5535234158
Daging Ayam Ras/Papua/2024-10-23,29766.565017629717
Daging Ayam Ras/Papua/2024-10-24,29766.56142559563
Daging Ayam Ras/Papua/2024-10-25,29766.55893350962
Daging Ayam Ras/Papua/2024-10-26,29766.56505317061
Daging Ayam Ras/Papua/2024-10-27,29766.558686406897
Daging Ayam Ras/Papua/2024-10-28,29766.57171206817
Daging Ayam Ras/Papua/2024-10-29,29766.555274912305
Daging Ayam Ras/Papua/2024-10-30,29766.54929372513
Daging Ayam Ras/Papua/2024-10-31,29766.54564509493
Daging Ayam Ras/Papua/2024-11-01,29766.550560471955
Daging Ayam Ras/Papua/2024-11-02,29766.557029711337
Daging Ayam Ras/Papua/2024-11-03,29766.56358322124
Daging Ayam Ras/Papua/2024-11-04,29766.560942554035
Daging Ayam Ras/Papua/2024-11-05,29766.54552410957
Daging Ayam Ras/Papua/2024-11-06,29766.56302568053
Daging Ayam Ras/Papua/2024-11-07,29766.570376005144
Daging Ayam Ras/Papua/2024-11-08,29766.55674405165
Daging Ayam Ras/Papua/2024-11-09,29766.545190847133
Daging Ayam Ras/Papua/2024-11-10,29766.552264646376
Daging Ayam Ras/Papua/2024-11-11,29766.566497612283
Daging Ayam Ras/Papua/2024-11-12,29766.567979337626
Daging Ayam Ras/Papua/2024-11-13,29766.570026458725
Daging Ayam Ras/Papua/2024-11-14,29766.566969641568
Daging Ayam Ras/Papua/2024-11-15,29766.54018348757
Daging Ayam Ras/Papua/2024-11-16,29766.547196760806
Daging Ayam Ras/Papua/2024-11-17,29766.54260045724
Daging Ayam Ras/Papua/2024-11-18,29766.549647609336
Daging Ayam Ras/Papua/2024-11-19,29766.538802888277
Daging Ayam Ras/Papua/2024-11-20,29766.547527459912
Daging Ayam Ras/Papua/2024-11-21,29766.557402022565
Daging Ayam Ras/Papua/2024-11-22,29766.562075701426
Daging Ayam Ras/Papua/2024-11-23,29766.56451942341
Daging Ayam Ras/Papua/2024-11-24,29766.56872716001
Daging Ayam Ras/Papua/2024-11-25,29766.553035403103
Daging Ayam Ras/Papua/2024-11-26,29766.54943064941
Daging Ayam Ras/Papua/2024-11-27,29766.55371670267
Daging Ayam Ras/Papua/2024-11-28,29766.552306239093
Daging Ayam Ras/Papua/2024-11-29,29766.56295773244
Daging Ayam Ras/Papua/2024-11-30,29766.56335466249
Daging Ayam Ras/Papua/2024-12-01,29766.564805154623
Daging Ayam Ras/Papua/2024-12-02,29766.55484002078
Daging Ayam Ras/Papua/2024-12-03,29766.570813577
Daging Ayam Ras/Papua/2024-12-04,29766.542768837666
Daging Ayam Ras/Papua/2024-12-05,29766.553152458902
Daging Ayam Ras/Papua/2024-12-06,29766.555311347063
Daging Ayam Ras/Papua/2024-12-07,29766.551164016397
Daging Ayam Ras/Papua/2024-12-08,29766.554400022946
Daging Ayam Ras/Papua/2024-12-09,29766.565762955783
Daging Ayam Ras/Papua/2024-12-10,29766.55530687935
Daging Ayam Ras/Papua/2024-12-11,29766.560981158706
Daging Ayam Ras/Papua/2024-12-12,29766.549207661534
Daging Ayam Ras/Papua/2024-12-13,29766.55784177721
Daging Ayam Ras/Papua/2024-12-14,29766.562843485583
Daging Ayam Ras/Papua/2024-12-15,29766.542330489203
Daging Ayam Ras/Papua/2024-12-16,29766.554443153786
Daging Ayam Ras/Papua/2024-12-17,29766.551754105734
Daging Ayam Ras/Papua/2024-12-18,29766.549874463864
Daging Ayam Ras/Papua/2024-12-19,29766.55811366365
Daging Ayam Ras/Papua/2024-12-20,29766.553206248544
Daging Ayam Ras/Papua/2024-12-21,29766.54903937169
Daging Ayam Ras/Papua/2024-12-22,29766.55700080633
Daging Ayam Ras/Papua/2024-12-23,29766.55422240241
Daging Ayam Ras/Papua/2024-12-24,29766.54993649596
Daging Ayam Ras/Papua/2024-12-25,29766.57209270695
Daging Ayam Ras/Papua/2024-12-26,29766.55544028991
Daging Ayam Ras/Papua/2024-12-27,29766.571622520187
Daging Ayam Ras/Papua/2024-12-28,29766.56243400056
Daging Ayam Ras/Papua/2024-12-29,29766.537293089004
Daging Ayam Ras/Papua/2024-12-30,29766.56469281361
Daging Ayam Ras/Papua/2024-12-31,29766.54340876538
Daging Ayam Ras/Riau/2024-10-01,29766.559241438328
Daging Ayam Ras/Riau/2024-10-02,29766.5523817682
Daging Ayam Ras/Riau/2024-10-03,29766.562947329192
Daging Ayam Ras/Riau/2024-10-04,29766.538452419933
Daging Ayam Ras/Riau/2024-10-05,29766.5474155592
Daging Ayam Ras/Riau/2024-10-06,29766.559074936213
Daging Ayam Ras/Riau/2024-10-07,29766.559066835063
Daging Ayam Ras/Riau/2024-10-08,29766.555544860857
Daging Ayam Ras/Riau/2024-10-09,29766.547421805044
Daging Ayam Ras/Riau/2024-10-10,29766.557820009613
Daging Ayam Ras/Riau/2024-10-11,29766.547554846828
Daging Ayam Ras/Riau/2024-10-12,29766.54457840486
Daging Ayam Ras/Riau/2024-10-13,29766.564966143826
Daging Ayam Ras/Riau/2024-10-14,29766.546135166773
Daging Ayam Ras/Riau/2024-10-15,29766.550457685003
Daging Ayam Ras/Riau/2024-10-16,29766.576077478323
Daging Ayam Ras/Riau/2024-10-17,29766.568286119214
Daging Ayam Ras/Riau/2024-10-18,29766.55565860256
Daging Ayam Ras/Riau/2024-10-19,29766.551849542928
Daging Ayam Ras/Riau/2024-10-20,29766.556325879545
Daging Ayam Ras/Riau/2024-10-21,29766.57213431738
Daging Ayam Ras/Riau/2024-10-22,29766.56385966061
Daging Ayam Ras/Riau/2024-10-23,29766.547133604265
Daging Ayam Ras/Riau/2024-10-24,29766.54993676537
Daging Ayam Ras/Riau/2024-10-25,29766.548974042395
Daging Ayam Ras/Riau/2024-10-26,29766.569504592982
Daging Ayam Ras/Riau/2024-10-27,29766.577728887147
Daging Ayam Ras/Riau/2024-10-28,29766.54528855527
Daging Ayam Ras/Riau/2024-10-29,29766.562615218896
Daging Ayam Ras/Riau/2024-10-30,29766.566237931973
Daging Ayam Ras/Riau/2024-10-31,29766.572021939137
Daging Ayam Ras/Riau/2024-11-01,29766.546518414856
Daging Ayam Ras/Riau/2024-11-02,29766.541440300865
Daging Ayam Ras/Riau/2024-11-03,29766.566345893985
Daging Ayam Ras/Riau/2024-11-04,29766.56526776995
Daging Ayam Ras/Riau/2024-11-05,29766.54991882736
Daging Ayam Ras/Riau/2024-11-06,29766.574720207176
Daging Ayam Ras/Riau/2024-11-07,29766.565307690427
Daging Ayam Ras/Riau/2024-11-08,29766.563380208016
Daging Ayam Ras/Riau/2024-11-09,29766.57686889336
Daging Ayam Ras/Riau/2024-11-10,29766.566542947014
Daging Ayam Ras/Riau/2024-11-11,29766.542864310344
Daging Ayam Ras/Riau/2024-11-12,29766.54992624648
Daging Ayam Ras/Riau/2024-11-13,29766.54655303101
Daging Ayam Ras/Riau/2024-11-14,29766.571477503225
Daging Ayam Ras/Riau/2024-11-15,29766.561536516267
Daging Ayam Ras/Riau/2024-11-16,29766.567405869977
Daging Ayam Ras/Riau/2024-11-17,29766.563818496525
Daging Ayam Ras/Riau/2024-11-18,29766.569761115097
Daging Ayam Ras/Riau/2024-11-19,29766.547557499223
Daging Ayam Ras/Riau/2024-11-20,29766.55758653592
Daging Ayam Ras/Riau/2024-11-21,29766.557036719005
Daging Ayam Ras/Riau/2024-11-22,29766.55579023534
Daging Ayam Ras/Riau/2024-11-23,29766.55857645898
Daging Ayam Ras/Riau/2024-11-24,29766.56640777977
Daging Ayam Ras/Riau/2024-11-25,29766.5604109592
Daging Ayam Ras/Riau/2024-11-26,29766.563662954883
Daging Ayam Ras/Riau/2024-11-27,29766.54998836723
Daging Ayam Ras/Riau/2024-11-28,29766.56944897189
Daging Ayam Ras/Riau/2024-11-29,29766.557723408427
Daging Ayam Ras/Riau/2024-11-30,29766.54713101482
Daging Ayam Ras/Riau/2024-12-01,29766.543804220742
Daging Ayam Ras/Riau/2024-12-02,29766.54426653397
Daging Ayam Ras/Riau/2024-12-03,29766.55133480289
Daging Ayam Ras/Riau/2024-12-04,29766.54411322127
Daging Ayam Ras/Riau/2024-12-05,29766.541913586017
Daging Ayam Ras/Riau/2024-12-06,29766.55466817625
Daging Ayam Ras/Riau/2024-12-07,29766.572748933304
Daging Ayam Ras/Riau/2024-12-08,29766.54982310831
Daging Ayam Ras/Riau/2024-12-09,29766.565039934358
Daging Ayam Ras/Riau/2024-12-10,29766.56686562291
Daging Ayam Ras/Riau/2024-12-11,29766.555469924228
Daging Ayam Ras/Riau/2024-12-12,29766.567681347744
Daging Ayam Ras/Riau/2024-12-13,29766.558899899548
Daging Ayam Ras/Riau/2024-12-14,29766.56132845308
Daging Ayam Ras/Riau/2024-12-15,29766.549304153898
Daging Ayam Ras/Riau/2024-12-16,29766.559218786853
Daging Ayam Ras/Riau/2024-12-17,29766.55617578828
Daging Ayam Ras/Riau/2024-12-18,29766.542085384644
Daging Ayam Ras/Riau/2024-12-19,29766.546562459705
Daging Ayam Ras/Riau/2024-12-20,29766.55299447956
Daging Ayam Ras/Riau/2024-12-21,29766.56188187128
Daging Ayam Ras/Riau/2024-12-22,29766.56524260186
Daging Ayam Ras/Riau/2024-12-23,29766.54633850752
Daging Ayam Ras/Riau/2024-12-24,29766.56712644861
Daging Ayam Ras/Riau/2024-12-25,29766.572840634537
Daging Ayam Ras/Riau/2024-12-26,29766.55965538833
Daging Ayam Ras/Riau/2024-12-27,29766.57557802324
Daging Ayam Ras/Riau/2024-12-28,29766.5576282534
Daging Ayam Ras/Riau/2024-12-29,29766.55159967655
Daging Ayam Ras/Riau/2024-12-30,29766.55441020891
Daging Ayam Ras/Riau/2024-12-31,29766.55546866621
Daging Ayam Ras/Sulawesi Barat/2024-10-01,29766.551636166347
Daging Ayam Ras/Sulawesi Barat/2024-10-02,29766.55587164338
Daging Ayam Ras/Sulawesi Barat/2024-10-03,29766.5523328314
Daging Ayam Ras/Sulawesi Barat/2024-10-04,29766.54313332098
Daging Ayam Ras/Sulawesi Barat/2024-10-05,29766.552214110077
Daging Ayam Ras/Sulawesi Barat/2024-10-06,29766.574272910053
Daging Ayam Ras/Sulawesi Barat/2024-10-07,29766.55876327664
Daging Ayam Ras/Sulawesi Barat/2024-10-08,29766.56878192415
Daging Ayam Ras/Sulawesi Barat/2024-10-09,29766.54795558378
Daging Ayam Ras/Sulawesi Barat/2024-10-10,29766.555788714777
Daging Ayam Ras/Sulawesi Barat/2024-10-11,29766.55371587221
Daging Ayam Ras/Sulawesi Barat/2024-10-12,29766.558315008107
Daging Ayam Ras/Sulawesi Barat/2024-10-13,29766.565313403527
Daging Ayam Ras/Sulawesi Barat/2024-10-14,29766.5526906469
Daging Ayam Ras/Sulawesi Barat/2024-10-15,29766.558639124767
Daging Ayam Ras/Sulawesi Barat/2024-10-16,29766.568861535456
Daging Ayam Ras/Sulawesi Barat/2024-10-17,29766.55829508259
Daging Ayam Ras/Sulawesi Barat/2024-10-18,29766.558234348944
Daging Ayam Ras/Sulawesi Barat/2024-10-19,29766.55949560989
Daging Ayam Ras/Sulawesi Barat/2024-10-20,29766.55551431277
Daging Ayam Ras/Sulawesi Barat/2024-10-21,29766.56126961637
Daging Ayam Ras/Sulawesi Barat/2024-10-22,29766.567699212817
Daging Ayam Ras/Sulawesi Barat/2024-10-23,29766.554183882978
Daging Ayam Ras/Sulawesi Barat/2024-10-24,29766.576459189106
Daging Ayam Ras/Sulawesi Barat/2024-10-25,29766.57765116994
Daging Ayam Ras/Sulawesi Barat/2024-10-26,29766.564892334303
Daging Ayam Ras/Sulawesi Barat/2024-10-27,29766.56415557004
Daging Ayam Ras/Sulawesi Barat/2024-10-28,29766.56301872756
Daging Ayam Ras/Sulawesi Barat/2024-10-29,29766.55812865296
Daging Ayam Ras/Sulawesi Barat/2024-10-30,29766.56378680695
Daging Ayam Ras/Sulawesi Barat/2024-10-31,29766.56553522783
Daging Ayam Ras/Sulawesi Barat/2024-11-01,29766.565144296284
Daging Ayam Ras/Sulawesi Barat/2024-11-02,29766.546822120923
Daging Ayam Ras/Sulawesi Barat/2024-11-03,29766.553941032693
Daging Ayam Ras/Sulawesi Barat/2024-11-04,29766.56236437979
Daging Ayam Ras/Sulawesi Barat/2024-11-05,29766.569222517766
Daging Ayam Ras/Sulawesi Barat/2024-11-06,29766.57408527772
Daging Ayam Ras/Sulawesi Barat/2024-11-07,29766.5704459273
Daging Ayam Ras/Sulawesi Barat/2024-11-08,29766.548378267977
Daging Ayam Ras/Sulawesi Barat/2024-11-09,29766.569456753463
Daging Ayam Ras/Sulawesi Barat/2024-11-10,29766.5610057815
Daging Ayam Ras/Sulawesi Barat/2024-11-11,29766.566969611387
Daging Ayam Ras/Sulawesi Barat/2024-11-12,29766.557132588205
Daging Ayam Ras/Sulawesi Barat/2024-11-13,29766.539698663757
Daging Ayam Ras/Sulawesi Barat/2024-11-14,29766.562676552498
Daging Ayam Ras/Sulawesi Barat/2024-11-15,29766.553907898397
Daging Ayam Ras/Sulawesi Barat/2024-11-16,29766.57177155869
Daging Ayam Ras/Sulawesi Barat/2024-11-17,29766.578697341545
Daging Ayam Ras/Sulawesi Barat/2024-11-18,29766.568476055418
Daging Ayam Ras/Sulawesi Barat/2024-11-19,29766.55039000609
Daging Ayam Ras/Sulawesi Barat/2024-11-20,29766.551028430426
Daging Ayam Ras/Sulawesi Barat/2024-11-21,29766.57028068577
Daging Ayam Ras/Sulawesi Barat/2024-11-22,29766.55915084189
Daging Ayam Ras/Sulawesi Barat/2024-11-23,29766.552591162388
Daging Ayam Ras/Sulawesi Barat/2024-11-24,29766.55887526873
Daging Ayam Ras/Sulawesi Barat/2024-11-25,29766.55610281748
Daging Ayam Ras/Sulawesi Barat/2024-11-26,29766.54513213169
Daging Ayam Ras/Sulawesi Barat/2024-11-27,29766.55635861692
Daging Ayam Ras/Sulawesi Barat/2024-11-28,29766.584369215965
Daging Ayam Ras/Sulawesi Barat/2024-11-29,29766.5654101722
Daging Ayam Ras/Sulawesi Barat/2024-11-30,29766.560966602745
Daging Ayam Ras/Sulawesi Barat/2024-12-01,29766.565093472447
Daging Ayam Ras/Sulawesi Barat/2024-12-02,29766.55442982666
Daging Ayam Ras/Sulawesi Barat/2024-12-03,29766.538891894448
Daging Ayam Ras/Sulawesi Barat/2024-12-04,29766.56653134097
Daging Ayam Ras/Sulawesi Barat/2024-12-05,29766.556261098845
Daging Ayam Ras/Sulawesi Barat/2024-12-06,29766.542447026604
Daging Ayam Ras/Sulawesi Barat/2024-12-07,29766.54571501926
Daging Ayam Ras/Sulawesi Barat/2024-12-08,29766.563880220823
Daging Ayam Ras/Sulawesi Barat/2024-12-09,29766.56579590641
Daging Ayam Ras/Sulawesi Barat/2024-12-10,29766.5599969588
Daging Ayam Ras/Sulawesi Barat/2024-12-11,29766.56442369538
Daging Ayam Ras/Sulawesi Barat/2024-12-12,29766.562988248807
Daging Ayam Ras/Sulawesi Barat/2024-12-13,29766.561676087986
Daging Ayam Ras/Sulawesi Barat/2024-12-14,29766.549447654263
Daging Ayam Ras/Sulawesi Barat/2024-12-15,29766.549075472987
Daging Ayam Ras/Sulawesi Barat/2024-12-16,29766.56368051773
Daging Ayam Ras/Sulawesi Barat/2024-12-17,29766.567536329272
Daging Ayam Ras/Sulawesi Barat/2024-12-18,29766.561274329106
Daging Ayam Ras/Sulawesi Barat/2024-12-19,29766.545768277923
Daging Ayam Ras/Sulawesi Barat/2024-12-20,29766.556006542563
Daging Ayam Ras/Sulawesi Barat/2024-12-21,29766.54966636472
Daging Ayam Ras/Sulawesi Barat/2024-12-22,29766.56369596269
Daging Ayam Ras/Sulawesi Barat/2024-12-23,29766.56272034047
Daging Ayam Ras/Sulawesi Barat/2024-12-24,29766.5565298117
Daging Ayam Ras/Sulawesi Barat/2024-12-25,29766.544328179763
Daging Ayam Ras/Sulawesi Barat/2024-12-26,29766.56915545331
Daging Ayam Ras/Sulawesi Barat/2024-12-27,29766.550944303228
Daging Ayam Ras/Sulawesi Barat/2024-12-28,29766.55207945923
Daging Ayam Ras/Sulawesi Barat/2024-12-29,29766.559825549888
Daging Ayam Ras/Sulawesi Barat/2024-12-30,29766.537021751818
Daging Ayam Ras/Sulawesi Barat/2024-12-31,29766.5591895068
Daging Ayam Ras/Sulawesi Selatan/2024-10-01,29766.574673972627
Daging Ayam Ras/Sulawesi Selatan/2024-10-02,29766.565810092725
Daging Ayam Ras/Sulawesi Selatan/2024-10-03,29766.5481045251
Daging Ayam Ras/Sulawesi Selatan/2024-10-04,29766.573775836405
Daging Ayam Ras/Sulawesi Selatan/2024-10-05,29766.549693681118
Daging Ayam Ras/Sulawesi Selatan/2024-10-06,29766.540941736763
Daging Ayam Ras/Sulawesi Selatan/2024-10-07,29766.55056128344
Daging Ayam Ras/Sulawesi Selatan/2024-10-08,29766.5640417927
Daging Ayam Ras/Sulawesi Selatan/2024-10-09,29766.5658669993
Daging Ayam Ras/Sulawesi Selatan/2024-10-10,29766.55519010122
Daging Ayam Ras/Sulawesi Selatan/2024-10-11,29766.55125587899
Daging Ayam Ras/Sulawesi Selatan/2024-10-12,29766.55502874978
Daging Ayam Ras/Sulawesi Selatan/2024-10-13,29766.554748060476
Daging Ayam Ras/Sulawesi Selatan/2024-10-14,29766.56060223893
Daging Ayam Ras/Sulawesi Selatan/2024-10-15,29766.56465292823
Daging Ayam Ras/Sulawesi Selatan/2024-10-16,29766.538450287397
Daging Ayam Ras/Sulawesi Selatan/2024-10-17,29766.556362613264
Daging Ayam Ras/Sulawesi Selatan/2024-10-18,29766.572529709258
Daging Ayam Ras/Sulawesi Selatan/2024-10-19,29766.568414410216
Daging Ayam Ras/Sulawesi Selatan/2024-10-20,29766.568450424795
Daging Ayam Ras/Sulawesi Selatan/2024-10-21,29766.555715678984
Daging Ayam Ras/Sulawesi Selatan/2024-10-22,29766.571025521265
Daging Ayam Ras/Sulawesi Selatan/2024-10-23,29766.54730660979
Daging Ayam Ras/Sulawesi Selatan/2024-10-24,29766.56239944607
Daging Ayam Ras/Sulawesi Selatan/2024-10-25,29766.552745862835
Daging Ayam Ras/Sulawesi Selatan/2024-10-26,29766.555330118517
Daging Ayam Ras/Sulawesi Selatan/2024-10-27,29766.550398278592
Daging Ayam Ras/Sulawesi Selatan/2024-10-28,29766.567966052517
Daging Ayam Ras/Sulawesi Selatan/2024-10-29,29766.557177737388
Daging Ayam Ras/Sulawesi Selatan/2024-10-30,29766.55512261994
Daging Ayam Ras/Sulawesi Selatan/2024-10-31,29766.552313928496
Daging Ayam Ras/Sulawesi Selatan/2024-11-01,29766.543544430304
Daging Ayam Ras/Sulawesi Selatan/2024-11-02,29766.567622178376
Daging Ayam Ras/Sulawesi Selatan/2024-11-03,29766.562761144334
Daging Ayam Ras/Sulawesi Selatan/2024-11-04,29766.562839758102
Daging Ayam Ras/Sulawesi Selatan/2024-11-05,29766.562924576883
Daging Ayam Ras/Sulawesi Selatan/2024-11-06,29766.560660008232
Daging Ayam Ras/Sulawesi Selatan/2024-11-07,29766.554769222967
Daging Ayam Ras/Sulawesi Selatan/2024-11-08,29766.566899602043
Daging Ayam Ras/Sulawesi Selatan/2024-11-09,29766.578904923103
Daging Ayam Ras/Sulawesi Selatan/2024-11-10,29766.547996983583
Daging Ayam Ras/Sulawesi Selatan/2024-11-11,29766.54613196792
Daging Ayam Ras/Sulawesi Selatan/2024-11-12,29766.56171171929
Daging Ayam Ras/Sulawesi Selatan/2024-11-13,29766.553663238185
Daging Ayam Ras/Sulawesi Selatan/2024-11-14,29766.563027853656
Daging Ayam Ras/Sulawesi Selatan/2024-11-15,29766.55572932736
Daging Ayam Ras/Sulawesi Selatan/2024-11-16,29766.56816918461
Daging Ayam Ras/Sulawesi Selatan/2024-11-17,29766.55890398852
Daging Ayam Ras/Sulawesi Selatan/2024-11-18,29766.564402940214
Daging Ayam Ras/Sulawesi Selatan/2024-11-19,29766.540060396117
Daging Ayam Ras/Sulawesi Selatan/2024-11-20,29766.551020816893
Daging Ayam Ras/Sulawesi Selatan/2024-11-21,29766.56011850193
Daging Ayam Ras/Sulawesi Selatan/2024-11-22,29766.55708436646
Daging Ayam Ras/Sulawesi Selatan/2024-11-23,29766.565699421342
Daging Ayam Ras/Sulawesi Selatan/2024-11-24,29766.554064376516
Daging Ayam Ras/Sulawesi Selatan/2024-11-25,29766.56252272585
Daging Ayam Ras/Sulawesi Selatan/2024-11-26,29766.5693241776
Daging Ayam Ras/Sulawesi Selatan/2024-11-27,29766.548482887178
Daging Ayam Ras/Sulawesi Selatan/2024-11-28,29766.552373184204
Daging Ayam Ras/Sulawesi Selatan/2024-11-29,29766.561832561518
Daging Ayam Ras/Sulawesi Selatan/2024-11-30,29766.54537311996
Daging Ayam Ras/Sulawesi Selatan/2024-12-01,29766.55161283649
Daging Ayam Ras/Sulawesi Selatan/2024-12-02,29766.548093120597
Daging Ayam Ras/Sulawesi Selatan/2024-12-03,29766.561507481536
Daging Ayam Ras/Sulawesi Selatan/2024-12-04,29766.568924638468
Daging Ayam Ras/Sulawesi Selatan/2024-12-05,29766.5689856494
Daging Ayam Ras/Sulawesi Selatan/2024-12-06,29766.563257123067
Daging Ayam Ras/Sulawesi Selatan/2024-12-07,29766.55254007532
Daging Ayam Ras/Sulawesi Selatan/2024-12-08,29766.551229475856
Daging Ayam Ras/Sulawesi Selatan/2024-12-09,29766.56397229622
Daging Ayam Ras/Sulawesi Selatan/2024-12-10,29766.562316825264
Daging Ayam Ras/Sulawesi Selatan/2024-12-11,29766.549202518338
Daging Ayam Ras/Sulawesi Selatan/2024-12-12,29766.562721266742
Daging Ayam Ras/Sulawesi Selatan/2024-12-13,29766.566027302462
Daging Ayam Ras/Sulawesi Selatan/2024-12-14,29766.56781316126
Daging Ayam Ras/Sulawesi Selatan/2024-12-15,29766.560399380345
Daging Ayam Ras/Sulawesi Selatan/2024-12-16,29766.55471951965
Daging Ayam Ras/Sulawesi Selatan/2024-12-17,29766.56270398589
Daging Ayam Ras/Sulawesi Selatan/2024-12-18,29766.57281683824
Daging Ayam Ras/Sulawesi Selatan/2024-12-19,29766.56664856217
Daging Ayam Ras/Sulawesi Selatan/2024-12-20,29766.570077324715
Daging Ayam Ras/Sulawesi Selatan/2024-12-21,29766.55785183993
Daging Ayam Ras/Sulawesi Selatan/2024-12-22,29766.56563247039
Daging Ayam Ras/Sulawesi Selatan/2024-12-23,29766.574714133643
Daging Ayam Ras/Sulawesi Selatan/2024-12-24,29766.54474562405
Daging Ayam Ras/Sulawesi Selatan/2024-12-25,29766.57720571737
Daging Ayam Ras/Sulawesi Selatan/2024-12-26,29766.530937903564
Daging Ayam Ras/Sulawesi Selatan/2024-12-27,29766.53975910215
Daging Ayam Ras/Sulawesi Selatan/2024-12-28,29766.55224489289
Daging Ayam Ras/Sulawesi Selatan/2024-12-29,29766.55288880588
Daging Ayam Ras/Sulawesi Selatan/2024-12-30,29766.575473750265
Daging Ayam Ras/Sulawesi Selatan/2024-12-31,29766.564878007845
Daging Ayam Ras/Sulawesi Tengah/2024-10-01,29766.547180151807
Daging Ayam Ras/Sulawesi Tengah/2024-10-02,29766.535672475744
Daging Ayam Ras/Sulawesi Tengah/2024-10-03,29766.545758904555
Daging Ayam Ras/Sulawesi Tengah/2024-10-04,29766.549743671945
Daging Ayam Ras/Sulawesi Tengah/2024-10-05,29766.57602335932
Daging Ayam Ras/Sulawesi Tengah/2024-10-06,29766.563844246382
Daging Ayam Ras/Sulawesi Tengah/2024-10-07,29766.56097051058
Daging Ayam Ras/Sulawesi Tengah/2024-10-08,29766.55376830709
Daging Ayam Ras/Sulawesi Tengah/2024-10-09,29766.54258456079
Daging Ayam Ras/Sulawesi Tengah/2024-10-10,29766.56640388117
Daging Ayam Ras/Sulawesi Tengah/2024-10-11,29766.55499004541
Daging Ayam Ras/Sulawesi Tengah/2024-10-12,29766.571811115813
Daging Ayam Ras/Sulawesi Tengah/2024-10-13,29766.54918718908
Daging Ayam Ras/Sulawesi Tengah/2024-10-14,29766.56193584221
Daging Ayam Ras/Sulawesi Tengah/2024-10-15,29766.5475368627
Daging Ayam Ras/Sulawesi Tengah/2024-10-16,29766.577494039117
Daging Ayam Ras/Sulawesi Tengah/2024-10-17,29766.560283213432
Daging Ayam Ras/Sulawesi Tengah/2024-10-18,29766.554567193827
Daging Ayam Ras/Sulawesi Tengah/2024-10-19,29766.560533707994
Daging Ayam Ras/Sulawesi Tengah/2024-10-20,29766.55984780005
Daging Ayam Ras/Sulawesi Tengah/2024-10-21,29766.57748917707
Daging Ayam Ras/Sulawesi Tengah/2024-10-22,29766.56559842207
Daging Ayam Ras/Sulawesi Tengah/2024-10-23,29766.56293271368
Daging Ayam Ras/Sulawesi Tengah/2024-10-24,29766.564702742293
Daging Ayam Ras/Sulawesi Tengah/2024-10-25,29766.54992557313
Daging Ayam Ras/Sulawesi Tengah/2024-10-26,29766.55322002252
Daging Ayam Ras/Sulawesi Tengah/2024-10-27,29766.568866435115
Daging Ayam Ras/Sulawesi Tengah/2024-10-28,29766.554852453188
Daging Ayam Ras/Sulawesi Tengah/2024-10-29,29766.5770106865
Daging Ayam Ras/Sulawesi Tengah/2024-10-30,29766.548796320883
Daging Ayam Ras/Sulawesi Tengah/2024-10-31,29766.553209459533
Daging Ayam Ras/Sulawesi Tengah/2024-11-01,29766.572469622773
Daging Ayam Ras/Sulawesi Tengah/2024-11-02,29766.568782890103
Daging Ayam Ras/Sulawesi Tengah/2024-11-03,29766.544407855148
Daging Ayam Ras/Sulawesi Tengah/2024-11-04,29766.57421913542
Daging Ayam Ras/Sulawesi Tengah/2024-11-05,29766.55794252021
Daging Ayam Ras/Sulawesi Tengah/2024-11-06,29766.58588062008
Daging Ayam Ras/Sulawesi Tengah/2024-11-07,29766.55647741988
Daging Ayam Ras/Sulawesi Tengah/2024-11-08,29766.54592804945
Daging Ayam Ras/Sulawesi Tengah/2024-11-09,29766.553026961603
Daging Ayam Ras/Sulawesi Tengah/2024-11-10,29766.56717673318
Daging Ayam Ras/Sulawesi Tengah/2024-11-11,29766.55332919493
Daging Ayam Ras/Sulawesi Tengah/2024-11-12,29766.54619194368
Daging Ayam Ras/Sulawesi Tengah/2024-11-13,29766.54566764635
Daging Ayam Ras/Sulawesi Tengah/2024-11-14,29766.55185715388
Daging Ayam Ras/Sulawesi Tengah/2024-11-15,29766.554517618544
Daging Ayam Ras/Sulawesi Tengah/2024-11-16,29766.55656377117
Daging Ayam Ras/Sulawesi Tengah/2024-11-17,29766.569699947388
Daging Ayam Ras/Sulawesi Tengah/2024-11-18,29766.57160202396
Daging Ayam Ras/Sulawesi Tengah/2024-11-19,29766.569520953846
Daging Ayam Ras/Sulawesi Tengah/2024-11-20,29766.557765143843
Daging Ayam Ras/Sulawesi Tengah/2024-11-21,29766.5575009988
Daging Ayam Ras/Sulawesi Tengah/2024-11-22,29766.54689911585
Daging Ayam Ras/Sulawesi Tengah/2024-11-23,29766.551693367863
Daging Ayam Ras/Sulawesi Tengah/2024-11-24,29766.55408306308
Daging Ayam Ras/Sulawesi Tengah/2024-11-25,29766.539912304925
Daging Ayam Ras/Sulawesi Tengah/2024-11-26,29766.568584444987
Daging Ayam Ras/Sulawesi Tengah/2024-11-27,29766.556635706096
Daging Ayam Ras/Sulawesi Tengah/2024-11-28,29766.563604134182
Daging Ayam Ras/Sulawesi Tengah/2024-11-29,29766.560058162784
Daging Ayam Ras/Sulawesi Tengah/2024-11-30,29766.56522852113
Daging Ayam Ras/Sulawesi Tengah/2024-12-01,29766.55559201665
Daging Ayam Ras/Sulawesi Tengah/2024-12-02,29766.576041976637
Daging Ayam Ras/Sulawesi Tengah/2024-12-03,29766.557637602626
Daging Ayam Ras/Sulawesi Tengah/2024-12-04,29766.547486383297
Daging Ayam Ras/Sulawesi Tengah/2024-12-05,29766.563344061826
Daging Ayam Ras/Sulawesi Tengah/2024-12-06,29766.550151410596
Daging Ayam Ras/Sulawesi Tengah/2024-12-07,29766.558182189205
Daging Ayam Ras/Sulawesi Tengah/2024-12-08,29766.56000014924
Daging Ayam Ras/Sulawesi Tengah/2024-12-09,29766.56422575245
Daging Ayam Ras/Sulawesi Tengah/2024-12-10,29766.54800976623
Daging Ayam Ras/Sulawesi Tengah/2024-12-11,29766.5350065805
Daging Ayam Ras/Sulawesi Tengah/2024-12-12,29766.56425541077
Daging Ayam Ras/Sulawesi Tengah/2024-12-13,29766.550900387603
Daging Ayam Ras/Sulawesi Tengah/2024-12-14,29766.565781146703
Daging Ayam Ras/Sulawesi Tengah/2024-12-15,29766.55492100431
Daging Ayam Ras/Sulawesi Tengah/2024-12-16,29766.546782662583
Daging Ayam Ras/Sulawesi Tengah/2024-12-17,29766.56913722518
Daging Ayam Ras/Sulawesi Tengah/2024-12-18,29766.56070662213
Daging Ayam Ras/Sulawesi Tengah/2024-12-19,29766.551345947417
Daging Ayam Ras/Sulawesi Tengah/2024-12-20,29766.556678524325
Daging Ayam Ras/Sulawesi Tengah/2024-12-21,29766.56119938512
Daging Ayam Ras/Sulawesi Tengah/2024-12-22,29766.567181623883
Daging Ayam Ras/Sulawesi Tengah/2024-12-23,29766.5568227944
Daging Ayam Ras/Sulawesi Tengah/2024-12-24,29766.5606444236
Daging Ayam Ras/Sulawesi Tengah/2024-12-25,29766.53329817893
Daging Ayam Ras/Sulawesi Tengah/2024-12-26,29766.562786756207
Daging Ayam Ras/Sulawesi Tengah/2024-12-27,29766.546538560317
Daging Ayam Ras/Sulawesi Tengah/2024-12-28,29766.5596804526
Daging Ayam Ras/Sulawesi Tengah/2024-12-29,29766.562228653234
Daging Ayam Ras/Sulawesi Tengah/2024-12-30,29766.57928127496
Daging Ayam Ras/Sulawesi Tengah/2024-12-31,29766.55358009255
Daging Ayam Ras/Sulawesi Tenggara/2024-10-01,29766.57491605644
Daging Ayam Ras/Sulawesi Tenggara/2024-10-02,29766.56060507783
Daging Ayam Ras/Sulawesi Tenggara/2024-10-03,29766.56406350552
Daging Ayam Ras/Sulawesi Tenggara/2024-10-04,29766.55165951221
Daging Ayam Ras/Sulawesi Tenggara/2024-10-05,29766.57397133528
Daging Ayam Ras/Sulawesi Tenggara/2024-10-06,29766.55366777253
Daging Ayam Ras/Sulawesi Tenggara/2024-10-07,29766.5517109842
Daging Ayam Ras/Sulawesi Tenggara/2024-10-08,29766.56253401566
Daging Ayam Ras/Sulawesi Tenggara/2024-10-09,29766.56566844935
Daging Ayam Ras/Sulawesi Tenggara/2024-10-10,29766.548654489783
Daging Ayam Ras/Sulawesi Tenggara/2024-10-11,29766.547911183097
Daging Ayam Ras/Sulawesi Tenggara/2024-10-12,29766.542967168683
Daging Ayam Ras/Sulawesi Tenggara/2024-10-13,29766.557708076183
Daging Ayam Ras/Sulawesi Tenggara/2024-10-14,29766.55539329548
Daging Ayam Ras/Sulawesi Tenggara/2024-10-15,29766.54588691783
Daging Ayam Ras/Sulawesi Tenggara/2024-10-16,29766.542198782383
Daging Ayam Ras/Sulawesi Tenggara/2024-10-17,29766.5436025996
Daging Ayam Ras/Sulawesi Tenggara/2024-10-18,29766.571577984803
Daging Ayam Ras/Sulawesi Tenggara/2024-10-19,29766.567947683878
Daging Ayam Ras/Sulawesi Tenggara/2024-10-20,29766.5588232726
Daging Ayam Ras/Sulawesi Tenggara/2024-10-21,29766.568539860134
Daging Ayam Ras/Sulawesi Tenggara/2024-10-22,29766.556497263697
Daging Ayam Ras/Sulawesi Tenggara/2024-10-23,29766.572257144064
Daging Ayam Ras/Sulawesi Tenggara/2024-10-24,29766.56135033024
Daging Ayam Ras/Sulawesi Tenggara/2024-10-25,29766.54160287754
Daging Ayam Ras/Sulawesi Tenggara/2024-10-26,29766.55675274983
Daging Ayam Ras/Sulawesi Tenggara/2024-10-27,29766.539081882263
Daging Ayam Ras/Sulawesi Tenggara/2024-10-28,29766.54752061132
Daging Ayam Ras/Sulawesi Tenggara/2024-10-29,29766.561809991792
Daging Ayam Ras/Sulawesi Tenggara/2024-10-30,29766.54513870004
Daging Ayam Ras/Sulawesi Tenggara/2024-10-31,29766.57089044701
Daging Ayam Ras/Sulawesi Tenggara/2024-11-01,29766.55381398454
Daging Ayam Ras/Sulawesi Tenggara/2024-11-02,29766.560000239268
Daging Ayam Ras/Sulawesi Tenggara/2024-11-03,29766.539685951637
Daging Ayam Ras/Sulawesi Tenggara/2024-11-04,29766.557016109506
Daging Ayam Ras/Sulawesi Tenggara/2024-11-05,29766.55851081292
Daging Ayam Ras/Sulawesi Tenggara/2024-11-06,29766.568064441904
Daging Ayam Ras/Sulawesi Tenggara/2024-11-07,29766.550929995272
Daging Ayam Ras/Sulawesi Tenggara/2024-11-08,29766.55432364672
Daging Ayam Ras/Sulawesi Tenggara/2024-11-09,29766.57198705926
Daging Ayam Ras/Sulawesi Tenggara/2024-11-10,29766.56593507861
Daging Ayam Ras/Sulawesi Tenggara/2024-11-11,29766.550856269827
Daging Ayam Ras/Sulawesi Tenggara/2024-11-12,29766.55310462841
Daging Ayam Ras/Sulawesi Tenggara/2024-11-13,29766.55875609355
Daging Ayam Ras/Sulawesi Tenggara/2024-11-14,29766.57195521674
Daging Ayam Ras/Sulawesi Tenggara/2024-11-15,29766.554248409942
Daging Ayam Ras/Sulawesi Tenggara/2024-11-16,29766.55865265755
Daging Ayam Ras/Sulawesi Tenggara/2024-11-17,29766.55748220256
Daging Ayam Ras/Sulawesi Tenggara/2024-11-18,29766.550959192737
Daging Ayam Ras/Sulawesi Tenggara/2024-11-19,29766.542681360414
Daging Ayam Ras/Sulawesi Tenggara/2024-11-20,29766.56613820188
Daging Ayam Ras/Sulawesi Tenggara/2024-11-21,29766.567000689352
Daging Ayam Ras/Sulawesi Tenggara/2024-11-22,29766.550662728685
Daging Ayam Ras/Sulawesi Tenggara/2024-11-23,29766.560735724936
Daging Ayam Ras/Sulawesi Tenggara/2024-11-24,29766.56396566424
Daging Ayam Ras/Sulawesi Tenggara/2024-11-25,29766.57407065072
Daging Ayam Ras/Sulawesi Tenggara/2024-11-26,29766.56068364034
Daging Ayam Ras/Sulawesi Tenggara/2024-11-27,29766.55539066865
Daging Ayam Ras/Sulawesi Tenggara/2024-11-28,29766.55478876252
Daging Ayam Ras/Sulawesi Tenggara/2024-11-29,29766.56763330004
Daging Ayam Ras/Sulawesi Tenggara/2024-11-30,29766.56923602412
Daging Ayam Ras/Sulawesi Tenggara/2024-12-01,29766.554055368368
Daging Ayam Ras/Sulawesi Tenggara/2024-12-02,29766.57869422899
Daging Ayam Ras/Sulawesi Tenggara/2024-12-03,29766.55323480195
Daging Ayam Ras/Sulawesi Tenggara/2024-12-04,29766.556217634366
Daging Ayam Ras/Sulawesi Tenggara/2024-12-05,29766.56448831493
Daging Ayam Ras/Sulawesi Tenggara/2024-12-06,29766.56875619577
Daging Ayam Ras/Sulawesi Tenggara/2024-12-07,29766.55766205428
Daging Ayam Ras/Sulawesi Tenggara/2024-12-08,29766.548814911213
Daging Ayam Ras/Sulawesi Tenggara/2024-12-09,29766.5534974521
Daging Ayam Ras/Sulawesi Tenggara/2024-12-10,29766.558452097765
Daging Ayam Ras/Sulawesi Tenggara/2024-12-11,29766.57433262171
Daging Ayam Ras/Sulawesi Tenggara/2024-12-12,29766.556342873737
Daging Ayam Ras/Sulawesi Tenggara/2024-12-13,29766.563294350657
Daging Ayam Ras/Sulawesi Tenggara/2024-12-14,29766.53419329848
Daging Ayam Ras/Sulawesi Tenggara/2024-12-15,29766.550431129468
Daging Ayam Ras/Sulawesi Tenggara/2024-12-16,29766.570531080677
Daging Ayam Ras/Sulawesi Tenggara/2024-12-17,29766.558016761504
Daging Ayam Ras/Sulawesi Tenggara/2024-12-18,29766.558731732344
Daging Ayam Ras/Sulawesi Tenggara/2024-12-19,29766.545932828514
Daging Ayam Ras/Sulawesi Tenggara/2024-12-20,29766.566305253527
Daging Ayam Ras/Sulawesi Tenggara/2024-12-21,29766.57285274386
Daging Ayam Ras/Sulawesi Tenggara/2024-12-22,29766.563626942974
Daging Ayam Ras/Sulawesi Tenggara/2024-12-23,29766.55372608839
Daging Ayam Ras/Sulawesi Tenggara/2024-12-24,29766.569409655825
Daging Ayam Ras/Sulawesi Tenggara/2024-12-25,29766.574823010484
Daging Ayam Ras/Sulawesi Tenggara/2024-12-26,29766.566991717445
Daging Ayam Ras/Sulawesi Tenggara/2024-12-27,29766.56587306576
Daging Ayam Ras/Sulawesi Tenggara/2024-12-28,29766.55660626253
Daging Ayam Ras/Sulawesi Tenggara/2024-12-29,29766.56610686912
Daging Ayam Ras/Sulawesi Tenggara/2024-12-30,29766.54883686873
Daging Ayam Ras/Sulawesi Tenggara/2024-12-31,29766.564291388426
Daging Ayam Ras/Sulawesi Utara/2024-10-01,29766.565214728173
Daging Ayam Ras/Sulawesi Utara/2024-10-02,29766.54894013781
Daging Ayam Ras/Sulawesi Utara/2024-10-03,29766.54377876044
Daging Ayam Ras/Sulawesi Utara/2024-10-04,29766.57290339769
Daging Ayam Ras/Sulawesi Utara/2024-10-05,29766.556601450116
Daging Ayam Ras/Sulawesi Utara/2024-10-06,29766.54909228658
Daging Ayam Ras/Sulawesi Utara/2024-10-07,29766.56425788588
Daging Ayam Ras/Sulawesi Utara/2024-10-08,29766.573686081607
Daging Ayam Ras/Sulawesi Utara/2024-10-09,29766.56268590926
Daging Ayam Ras/Sulawesi Utara/2024-10-10,29766.563281065828
Daging Ayam Ras/Sulawesi Utara/2024-10-11,29766.56789596724
Daging Ayam Ras/Sulawesi Utara/2024-10-12,29766.575902606324
Daging Ayam Ras/Sulawesi Utara/2024-10-13,29766.56069256215
Daging Ayam Ras/Sulawesi Utara/2024-10-14,29766.55971076897
Daging Ayam Ras/Sulawesi Utara/2024-10-15,29766.566811140867
Daging Ayam Ras/Sulawesi Utara/2024-10-16,29766.55594788462
Daging Ayam Ras/Sulawesi Utara/2024-10-17,29766.54800085381
Daging Ayam Ras/Sulawesi Utara/2024-10-18,29766.56874213385
Daging Ayam Ras/Sulawesi Utara/2024-10-19,29766.54872651282
Daging Ayam Ras/Sulawesi Utara/2024-10-20,29766.564314410676
Daging Ayam Ras/Sulawesi Utara/2024-10-21,29766.56536260673
Daging Ayam Ras/Sulawesi Utara/2024-10-22,29766.570592268137
Daging Ayam Ras/Sulawesi Utara/2024-10-23,29766.54178859825
Daging Ayam Ras/Sulawesi Utara/2024-10-24,29766.580768347118
Daging Ayam Ras/Sulawesi Utara/2024-10-25,29766.562237278515
Daging Ayam Ras/Sulawesi Utara/2024-10-26,29766.555083692994
Daging Ayam Ras/Sulawesi Utara/2024-10-27,29766.564971764616
Daging Ayam Ras/Sulawesi Utara/2024-10-28,29766.554834581613
Daging Ayam Ras/Sulawesi Utara/2024-10-29,29766.55964393042
Daging Ayam Ras/Sulawesi Utara/2024-10-30,29766.546490736604
Daging Ayam Ras/Sulawesi Utara/2024-10-31,29766.54922482628
Daging Ayam Ras/Sulawesi Utara/2024-11-01,29766.55564698876
Daging Ayam Ras/Sulawesi Utara/2024-11-02,29766.5570497566
Daging Ayam Ras/Sulawesi Utara/2024-11-03,29766.567817322317
Daging Ayam Ras/Sulawesi Utara/2024-11-04,29766.549859138515
Daging Ayam Ras/Sulawesi Utara/2024-11-05,29766.5716886276
Daging Ayam Ras/Sulawesi Utara/2024-11-06,29766.57075951005
Daging Ayam Ras/Sulawesi Utara/2024-11-07,29766.554712189296
Daging Ayam Ras/Sulawesi Utara/2024-11-08,29766.546736764198
Daging Ayam Ras/Sulawesi Utara/2024-11-09,29766.5647534547
Daging Ayam Ras/Sulawesi Utara/2024-11-10,29766.57844590012
Daging Ayam Ras/Sulawesi Utara/2024-11-11,29766.550376494844
Daging Ayam Ras/Sulawesi Utara/2024-11-12,29766.57152624341
Daging Ayam Ras/Sulawesi Utara/2024-11-13,29766.540524706143
Daging Ayam Ras/Sulawesi Utara/2024-11-14,29766.56185359476
Daging Ayam Ras/Sulawesi Utara/2024-11-15,29766.55543734835
Daging Ayam Ras/Sulawesi Utara/2024-11-16,29766.555320077707
Daging Ayam Ras/Sulawesi Utara/2024-11-17,29766.56498336458
Daging Ayam Ras/Sulawesi Utara/2024-11-18,29766.547010631966
Daging Ayam Ras/Sulawesi Utara/2024-11-19,29766.545680146886
Daging Ayam Ras/Sulawesi Utara/2024-11-20,29766.559167017767
Daging Ayam Ras/Sulawesi Utara/2024-11-21,29766.551707045863
Daging Ayam Ras/Sulawesi Utara/2024-11-22,29766.555748754392
Daging Ayam Ras/Sulawesi Utara/2024-11-23,29766.55219412841
Daging Ayam Ras/Sulawesi Utara/2024-11-24,29766.567424742465
Daging Ayam Ras/Sulawesi Utara/2024-11-25,29766.560638004343
Daging Ayam Ras/Sulawesi Utara/2024-11-26,29766.547132523123
Daging Ayam Ras/Sulawesi Utara/2024-11-27,29766.563012239003
Daging Ayam Ras/Sulawesi Utara/2024-11-28,29766.56786773692
Daging Ayam Ras/Sulawesi Utara/2024-11-29,29766.56559567708
Daging Ayam Ras/Sulawesi Utara/2024-11-30,29766.56665267871
Daging Ayam Ras/Sulawesi Utara/2024-12-01,29766.571366045875
Daging Ayam Ras/Sulawesi Utara/2024-12-02,29766.560123468065
Daging Ayam Ras/Sulawesi Utara/2024-12-03,29766.55481884529
Daging Ayam Ras/Sulawesi Utara/2024-12-04,29766.56309665166
Daging Ayam Ras/Sulawesi Utara/2024-12-05,29766.547630261368
Daging Ayam Ras/Sulawesi Utara/2024-12-06,29766.5564705917
Daging Ayam Ras/Sulawesi Utara/2024-12-07,29766.58041079948
Daging Ayam Ras/Sulawesi Utara/2024-12-08,29766.55677607347
Daging Ayam Ras/Sulawesi Utara/2024-12-09,29766.5846721573
Daging Ayam Ras/Sulawesi Utara/2024-12-10,29766.5742130946
Daging Ayam Ras/Sulawesi Utara/2024-12-11,29766.56121955781
Daging Ayam Ras/Sulawesi Utara/2024-12-12,29766.569605553857
Daging Ayam Ras/Sulawesi Utara/2024-12-13,29766.558007948923
Daging Ayam Ras/Sulawesi Utara/2024-12-14,29766.55978433221
Daging Ayam Ras/Sulawesi Utara/2024-12-15,29766.56344237569
Daging Ayam Ras/Sulawesi Utara/2024-12-16,29766.55147391632
Daging Ayam Ras/Sulawesi Utara/2024-12-17,29766.56007399333
Daging Ayam Ras/Sulawesi Utara/2024-12-18,29766.56862694898
Daging Ayam Ras/Sulawesi Utara/2024-12-19,29766.545610250225
Daging Ayam Ras/Sulawesi Utara/2024-12-20,29766.564759145203
Daging Ayam Ras/Sulawesi Utara/2024-12-21,29766.55301166204
Daging Ayam Ras/Sulawesi Utara/2024-12-22,29766.542047167517
Daging Ayam Ras/Sulawesi Utara/2024-12-23,29766.54924706933
Daging Ayam Ras/Sulawesi Utara/2024-12-24,29766.57823309992
Daging Ayam Ras/Sulawesi Utara/2024-12-25,29766.54442883221
Daging Ayam Ras/Sulawesi Utara/2024-12-26,29766.56314627633
Daging Ayam Ras/Sulawesi Utara/2024-12-27,29766.548908913184
Daging Ayam Ras/Sulawesi Utara/2024-12-28,29766.551668471915
Daging Ayam Ras/Sulawesi Utara/2024-12-29,29766.55608156701
Daging Ayam Ras/Sulawesi Utara/2024-12-30,29766.556925476987
Daging Ayam Ras/Sulawesi Utara/2024-12-31,29766.573459808696
Daging Ayam Ras/Sumatera Barat/2024-10-01,29766.56810681808
Daging Ayam Ras/Sumatera Barat/2024-10-02,29766.555383020503
Daging Ayam Ras/Sumatera Barat/2024-10-03,29766.566014629607
Daging Ayam Ras/Sumatera Barat/2024-10-04,29766.53098990407
Daging Ayam Ras/Sumatera Barat/2024-10-05,29766.560436322045
Daging Ayam Ras/Sumatera Barat/2024-10-06,29766.555065221728
Daging Ayam Ras/Sumatera Barat/2024-10-07,29766.5623301849
Daging Ayam Ras/Sumatera Barat/2024-10-08,29766.56078523724
Daging Ayam Ras/Sumatera Barat/2024-10-09,29766.540116906315
Daging Ayam Ras/Sumatera Barat/2024-10-10,29766.56962134856
Daging Ayam Ras/Sumatera Barat/2024-10-11,29766.580260200524
Daging Ayam Ras/Sumatera Barat/2024-10-12,29766.577645533176
Daging Ayam Ras/Sumatera Barat/2024-10-13,29766.55439644232
Daging Ayam Ras/Sumatera Barat/2024-10-14,29766.56814906516
Daging Ayam Ras/Sumatera Barat/2024-10-15,29766.56747245192
Daging Ayam Ras/Sumatera Barat/2024-10-16,29766.55284053435
Daging Ayam Ras/Sumatera Barat/2024-10-17,29766.5569869103
Daging Ayam Ras/Sumatera Barat/2024-10-18,29766.558000786776
Daging Ayam Ras/Sumatera Barat/2024-10-19,29766.549458264624
Daging Ayam Ras/Sumatera Barat/2024-10-20,29766.56873558102
Daging Ayam Ras/Sumatera Barat/2024-10-21,29766.568726963545
Daging Ayam Ras/Sumatera Barat/2024-10-22,29766.566102316392
Daging Ayam Ras/Sumatera Barat/2024-10-23,29766.55641684698
Daging Ayam Ras/Sumatera Barat/2024-10-24,29766.55477463267
Daging Ayam Ras/Sumatera Barat/2024-10-25,29766.58818979532
Daging Ayam Ras/Sumatera Barat/2024-10-26,29766.55366584538
Daging Ayam Ras/Sumatera Barat/2024-10-27,29766.55750527608
Daging Ayam Ras/Sumatera Barat/2024-10-28,29766.555985090046
Daging Ayam Ras/Sumatera Barat/2024-10-29,29766.54609928846
Daging Ayam Ras/Sumatera Barat/2024-10-30,29766.56269606158
Daging Ayam Ras/Sumatera Barat/2024-10-31,29766.554308539253
Daging Ayam Ras/Sumatera Barat/2024-11-01,29766.546808004605
Daging Ayam Ras/Sumatera Barat/2024-11-02,29766.550306561545
Daging Ayam Ras/Sumatera Barat/2024-11-03,29766.549048565543
Daging Ayam Ras/Sumatera Barat/2024-11-04,29766.55540930288
Daging Ayam Ras/Sumatera Barat/2024-11-05,29766.54723752184
Daging Ayam Ras/Sumatera Barat/2024-11-06,29766.56966419363
Daging Ayam Ras/Sumatera Barat/2024-11-07,29766.552210332924
Daging Ayam Ras/Sumatera Barat/2024-11-08,29766.55609568562
Daging Ayam Ras/Sumatera Barat/2024-11-09,29766.5559152248
Daging Ayam Ras/Sumatera Barat/2024-11-10,29766.54220267297
Daging Ayam Ras/Sumatera Barat/2024-11-11,29766.552576411195
Daging Ayam Ras/Sumatera Barat/2024-11-12,29766.575431271165
Daging Ayam Ras/Sumatera Barat/2024-11-13,29766.549977180697
Daging Ayam Ras/Sumatera Barat/2024-11-14,29766.550282617853
Daging Ayam Ras/Sumatera Barat/2024-11-15,29766.54926691781
Daging Ayam Ras/Sumatera Barat/2024-11-16,29766.54001016832
Daging Ayam Ras/Sumatera Barat/2024-11-17,29766.57773751972
Daging Ayam Ras/Sumatera Barat/2024-11-18,29766.560045102684
Daging Ayam Ras/Sumatera Barat/2024-11-19,29766.56074502266
Daging Ayam Ras/Sumatera Barat/2024-11-20,29766.55385200012
Daging Ayam Ras/Sumatera Barat/2024-11-21,29766.567836681144
Daging Ayam Ras/Sumatera Barat/2024-11-22,29766.57261784428
Daging Ayam Ras/Sumatera Barat/2024-11-23,29766.574727578853
Daging Ayam Ras/Sumatera Barat/2024-11-24,29766.54182849493
Daging Ayam Ras/Sumatera Barat/2024-11-25,29766.5842817082
Daging Ayam Ras/Sumatera Barat/2024-11-26,29766.558914638328
Daging Ayam Ras/Sumatera Barat/2024-11-27,29766.54959896641
Daging Ayam Ras/Sumatera Barat/2024-11-28,29766.555424876064
Daging Ayam Ras/Sumatera Barat/2024-11-29,29766.53827156268
Daging Ayam Ras/Sumatera Barat/2024-11-30,29766.56761291494
Daging Ayam Ras/Sumatera Barat/2024-12-01,29766.55966275303
Daging Ayam Ras/Sumatera Barat/2024-12-02,29766.533721695847
Daging Ayam Ras/Sumatera Barat/2024-12-03,29766.570000937125
Daging Ayam Ras/Sumatera Barat/2024-12-04,29766.563476276937
Daging Ayam Ras/Sumatera Barat/2024-12-05,29766.55125793288
Daging Ayam Ras/Sumatera Barat/2024-12-06,29766.53973592971
Daging Ayam Ras/Sumatera Barat/2024-12-07,29766.546998632024
Daging Ayam Ras/Sumatera Barat/2024-12-08,29766.581202416382
Daging Ayam Ras/Sumatera Barat/2024-12-09,29766.555182229946
Daging Ayam Ras/Sumatera Barat/2024-12-10,29766.556461938664
Daging Ayam Ras/Sumatera Barat/2024-12-11,29766.548437950656
Daging Ayam Ras/Sumatera Barat/2024-12-12,29766.556352951047
Daging Ayam Ras/Sumatera Barat/2024-12-13,29766.55037078334
Daging Ayam Ras/Sumatera Barat/2024-12-14,29766.556888464725
Daging Ayam Ras/Sumatera Barat/2024-12-15,29766.56129032592
Daging Ayam Ras/Sumatera Barat/2024-12-16,29766.559467891377
Daging Ayam Ras/Sumatera Barat/2024-12-17,29766.562076903123
Daging Ayam Ras/Sumatera Barat/2024-12-18,29766.568122235454
Daging Ayam Ras/Sumatera Barat/2024-12-19,29766.54335830896
Daging Ayam Ras/Sumatera Barat/2024-12-20,29766.555437178045
Daging Ayam Ras/Sumatera Barat/2024-12-21,29766.560374171026
Daging Ayam Ras/Sumatera Barat/2024-12-22,29766.55383024208
Daging Ayam Ras/Sumatera Barat/2024-12-23,29766.56676502649
Daging Ayam Ras/Sumatera Barat/2024-12-24,29766.56198047308
Daging Ayam Ras/Sumatera Barat/2024-12-25,29766.53961429535
Daging Ayam Ras/Sumatera Barat/2024-12-26,29766.5540482648
Daging Ayam Ras/Sumatera Barat/2024-12-27,29766.560250736984
Daging Ayam Ras/Sumatera Barat/2024-12-28,29766.548042061502
Daging Ayam Ras/Sumatera Barat/2024-12-29,29766.559832663224
Daging Ayam Ras/Sumatera Barat/2024-12-30,29766.550009739934
Daging Ayam Ras/Sumatera Barat/2024-12-31,29766.56369402845
Daging Ayam Ras/Sumatera Selatan/2024-10-01,29766.550746318266
Daging Ayam Ras/Sumatera Selatan/2024-10-02,29766.54855832236
Daging Ayam Ras/Sumatera Selatan/2024-10-03,29766.57842396744
Daging Ayam Ras/Sumatera Selatan/2024-10-04,29766.5474746651
Daging Ayam Ras/Sumatera Selatan/2024-10-05,29766.55996769005
Daging Ayam Ras/Sumatera Selatan/2024-10-06,29766.55306849473
Daging Ayam Ras/Sumatera Selatan/2024-10-07,29766.562120222257
Daging Ayam Ras/Sumatera Selatan/2024-10-08,29766.567386114693
Daging Ayam Ras/Sumatera Selatan/2024-10-09,29766.55071268927
Daging Ayam Ras/Sumatera Selatan/2024-10-10,29766.544423345465
Daging Ayam Ras/Sumatera Selatan/2024-10-11,29766.55052548793
Daging Ayam Ras/Sumatera Selatan/2024-10-12,29766.544857624747
Daging Ayam Ras/Sumatera Selatan/2024-10-13,29766.57479923709
Daging Ayam Ras/Sumatera Selatan/2024-10-14,29766.55383870709
Daging Ayam Ras/Sumatera Selatan/2024-10-15,29766.56041656105
Daging Ayam Ras/Sumatera Selatan/2024-10-16,29766.57695794292
Daging Ayam Ras/Sumatera Selatan/2024-10-17,29766.5732793514
Daging Ayam Ras/Sumatera Selatan/2024-10-18,29766.554122339658
Daging Ayam Ras/Sumatera Selatan/2024-10-19,29766.56020367441
Daging Ayam Ras/Sumatera Selatan/2024-10-20,29766.56674368664
Daging Ayam Ras/Sumatera Selatan/2024-10-21,29766.55334349769
Daging Ayam Ras/Sumatera Selatan/2024-10-22,29766.574383308016
Daging Ayam Ras/Sumatera Selatan/2024-10-23,29766.56316254383
Daging Ayam Ras/Sumatera Selatan/2024-10-24,29766.559817859787
Daging Ayam Ras/Sumatera Selatan/2024-10-25,29766.56776361331
Daging Ayam Ras/Sumatera Selatan/2024-10-26,29766.55979402329
Daging Ayam Ras/Sumatera Selatan/2024-10-27,29766.55857462633
Daging Ayam Ras/Sumatera Selatan/2024-10-28,29766.552094032864
Daging Ayam Ras/Sumatera Selatan/2024-10-29,29766.567705131
Daging Ayam Ras/Sumatera Selatan/2024-10-30,29766.551485102074
Daging Ayam Ras/Sumatera Selatan/2024-10-31,29766.55183259331
Daging Ayam Ras/Sumatera Selatan/2024-11-01,29766.562695565724
Daging Ayam Ras/Sumatera Selatan/2024-11-02,29766.54848445983
Daging Ayam Ras/Sumatera Selatan/2024-11-03,29766.548182762217
Daging Ayam Ras/Sumatera Selatan/2024-11-04,29766.541390677008
Daging Ayam Ras/Sumatera Selatan/2024-11-05,29766.558960988223
Daging Ayam Ras/Sumatera Selatan/2024-11-06,29766.55803049188
Daging Ayam Ras/Sumatera Selatan/2024-11-07,29766.564538281225
Daging Ayam Ras/Sumatera Selatan/2024-11-08,29766.55980947469
Daging Ayam Ras/Sumatera Selatan/2024-11-09,29766.556612767723
Daging Ayam Ras/Sumatera Selatan/2024-11-10,29766.5673501998
Daging Ayam Ras/Sumatera Selatan/2024-11-11,29766.5884286194
Daging Ayam Ras/Sumatera Selatan/2024-11-12,29766.552684751063
Daging Ayam Ras/Sumatera Selatan/2024-11-13,29766.57481544284
Daging Ayam Ras/Sumatera Selatan/2024-11-14,29766.554385368472
Daging Ayam Ras/Sumatera Selatan/2024-11-15,29766.55831097916
Daging Ayam Ras/Sumatera Selatan/2024-11-16,29766.555778439688
Daging Ayam Ras/Sumatera Selatan/2024-11-17,29766.5657831517
Daging Ayam Ras/Sumatera Selatan/2024-11-18,29766.55909205054
Daging Ayam Ras/Sumatera Selatan/2024-11-19,29766.563119902075
Daging Ayam Ras/Sumatera Selatan/2024-11-20,29766.536805886124
Daging Ayam Ras/Sumatera Selatan/2024-11-21,29766.56285030461
Daging Ayam Ras/Sumatera Selatan/2024-11-22,29766.561042881945
Daging Ayam Ras/Sumatera Selatan/2024-11-23,29766.55372217482
Daging Ayam Ras/Sumatera Selatan/2024-11-24,29766.553301401305
Daging Ayam Ras/Sumatera Selatan/2024-11-25,29766.559958542148
Daging Ayam Ras/Sumatera Selatan/2024-11-26,29766.55543266891
Daging Ayam Ras/Sumatera Selatan/2024-11-27,29766.55008049484
Daging Ayam Ras/Sumatera Selatan/2024-11-28,29766.57519994591
Daging Ayam Ras/Sumatera Selatan/2024-11-29,29766.544972508676
Daging Ayam Ras/Sumatera Selatan/2024-11-30,29766.561361753116
Daging Ayam Ras/Sumatera Selatan/2024-12-01,29766.549286248726
Daging Ayam Ras/Sumatera Selatan/2024-12-02,29766.557070612984
Daging Ayam Ras/Sumatera Selatan/2024-12-03,29766.56936350508
Daging Ayam Ras/Sumatera Selatan/2024-12-04,29766.548384832484
Daging Ayam Ras/Sumatera Selatan/2024-12-05,29766.56308252825
Daging Ayam Ras/Sumatera Selatan/2024-12-06,29766.551096821397
Daging Ayam Ras/Sumatera Selatan/2024-12-07,29766.56592465081
Daging Ayam Ras/Sumatera Selatan/2024-12-08,29766.56704149667
Daging Ayam Ras/Sumatera Selatan/2024-12-09,29766.558534699438
Daging Ayam Ras/Sumatera Selatan/2024-12-10,29766.553950606867
Daging Ayam Ras/Sumatera Selatan/2024-12-11,29766.5680722999
Daging Ayam Ras/Sumatera Selatan/2024-12-12,29766.558186816157
Daging Ayam Ras/Sumatera Selatan/2024-12-13,29766.56024478899
Daging Ayam Ras/Sumatera Selatan/2024-12-14,29766.5663374896
Daging Ayam Ras/Sumatera Selatan/2024-12-15,29766.564880608214
Daging Ayam Ras/Sumatera Selatan/2024-12-16,29766.55905806221
Daging Ayam Ras/Sumatera Selatan/2024-12-17,29766.5578271758
Daging Ayam Ras/Sumatera Selatan/2024-12-18,29766.56915465454
Daging Ayam Ras/Sumatera Selatan/2024-12-19,29766.56571165973
Daging Ayam Ras/Sumatera Selatan/2024-12-20,29766.557663330404
Daging Ayam Ras/Sumatera Selatan/2024-12-21,29766.564521354907
Daging Ayam Ras/Sumatera Selatan/2024-12-22,29766.557017099298
Daging Ayam Ras/Sumatera Selatan/2024-12-23,29766.563542289347
Daging Ayam Ras/Sumatera Selatan/2024-12-24,29766.54673868596
Daging Ayam Ras/Sumatera Selatan/2024-12-25,29766.566570611863
Daging Ayam Ras/Sumatera Selatan/2024-12-26,29766.567447111436
Daging Ayam Ras/Sumatera Selatan/2024-12-27,29766.56057521941
Daging Ayam Ras/Sumatera Selatan/2024-12-28,29766.55336719516
Daging Ayam Ras/Sumatera Selatan/2024-12-29,29766.5509732671
Daging Ayam Ras/Sumatera Selatan/2024-12-30,29766.56025003126
Daging Ayam Ras/Sumatera Selatan/2024-12-31,29766.56592740915
Daging Ayam Ras/Sumatera Utara/2024-10-01,29766.55564709351
Daging Ayam Ras/Sumatera Utara/2024-10-02,29766.556399642446
Daging Ayam Ras/Sumatera Utara/2024-10-03,29766.56525263792
Daging Ayam Ras/Sumatera Utara/2024-10-04,29766.564346781182
Daging Ayam Ras/Sumatera Utara/2024-10-05,29766.53355408993
Daging Ayam Ras/Sumatera Utara/2024-10-06,29766.565173194507
Daging Ayam Ras/Sumatera Utara/2024-10-07,29766.561629787288
Daging Ayam Ras/Sumatera Utara/2024-10-08,29766.577530195835
Daging Ayam Ras/Sumatera Utara/2024-10-09,29766.56440537054
Daging Ayam Ras/Sumatera Utara/2024-10-10,29766.56035242684
Daging Ayam Ras/Sumatera Utara/2024-10-11,29766.56411791632
Daging Ayam Ras/Sumatera Utara/2024-10-12,29766.551919351237
Daging Ayam Ras/Sumatera Utara/2024-10-13,29766.56618350947
Daging Ayam Ras/Sumatera Utara/2024-10-14,29766.54436998756
Daging Ayam Ras/Sumatera Utara/2024-10-15,29766.54214912029
Daging Ayam Ras/Sumatera Utara/2024-10-16,29766.55236290294
Daging Ayam Ras/Sumatera Utara/2024-10-17,29766.568488278124
Daging Ayam Ras/Sumatera Utara/2024-10-18,29766.543261578878
Daging Ayam Ras/Sumatera Utara/2024-10-19,29766.561538037997
Daging Ayam Ras/Sumatera Utara/2024-10-20,29766.563121639112
Daging Ayam Ras/Sumatera Utara/2024-10-21,29766.56359918936
Daging Ayam Ras/Sumatera Utara/2024-10-22,29766.57978883724
Daging Ayam Ras/Sumatera Utara/2024-10-23,29766.54912787042
Daging Ayam Ras/Sumatera Utara/2024-10-24,29766.551713083547
Daging Ayam Ras/Sumatera Utara/2024-10-25,29766.566207517517
Daging Ayam Ras/Sumatera Utara/2024-10-26,29766.56490558906
Daging Ayam Ras/Sumatera Utara/2024-10-27,29766.55308521053
Daging Ayam Ras/Sumatera Utara/2024-10-28,29766.54852688817
Daging Ayam Ras/Sumatera Utara/2024-10-29,29766.562455998737
Daging Ayam Ras/Sumatera Utara/2024-10-30,29766.5671725582
Daging Ayam Ras/Sumatera Utara/2024-10-31,29766.56861353281
Daging Ayam Ras/Sumatera Utara/2024-11-01,29766.564898383494
Daging Ayam Ras/Sumatera Utara/2024-11-02,29766.55943296244
Daging Ayam Ras/Sumatera Utara/2024-11-03,29766.5616067429
Daging Ayam Ras/Sumatera Utara/2024-11-04,29766.561302307568
Daging Ayam Ras/Sumatera Utara/2024-11-05,29766.559807818056
Daging Ayam Ras/Sumatera Utara/2024-11-06,29766.557048891995
Daging Ayam Ras/Sumatera Utara/2024-11-07,29766.56916362392
Daging Ayam Ras/Sumatera Utara/2024-11-08,29766.561036023293
Daging Ayam Ras/Sumatera Utara/2024-11-09,29766.57416896074
Daging Ayam Ras/Sumatera Utara/2024-11-10,29766.562132256528
Daging Ayam Ras/Sumatera Utara/2024-11-11,29766.560547619007
Daging Ayam Ras/Sumatera Utara/2024-11-12,29766.55561667967
Daging Ayam Ras/Sumatera Utara/2024-11-13,29766.566744424264
Daging Ayam Ras/Sumatera Utara/2024-11-14,29766.57172602373
Daging Ayam Ras/Sumatera Utara/2024-11-15,29766.55068493805
Daging Ayam Ras/Sumatera Utara/2024-11-16,29766.55269107829
Daging Ayam Ras/Sumatera Utara/2024-11-17,29766.563679142582
Daging Ayam Ras/Sumatera Utara/2024-11-18,29766.553680710185
Daging Ayam Ras/Sumatera Utara/2024-11-19,29766.560469726184
Daging Ayam Ras/Sumatera Utara/2024-11-20,29766.5560330815
Daging Ayam Ras/Sumatera Utara/2024-11-21,29766.568552813365
Daging Ayam Ras/Sumatera Utara/2024-11-22,29766.5635701411
Daging Ayam Ras/Sumatera Utara/2024-11-23,29766.57542751252
Daging Ayam Ras/Sumatera Utara/2024-11-24,29766.570618569203
Daging Ayam Ras/Sumatera Utara/2024-11-25,29766.55390046525
Daging Ayam Ras/Sumatera Utara/2024-11-26,29766.5726989273
Daging Ayam Ras/Sumatera Utara/2024-11-27,29766.541621730365
Daging Ayam Ras/Sumatera Utara/2024-11-28,29766.555661989547
Daging Ayam Ras/Sumatera Utara/2024-11-29,29766.563661777665
Daging Ayam Ras/Sumatera Utara/2024-11-30,29766.553724401267
Daging Ayam Ras/Sumatera Utara/2024-12-01,29766.55465101145
Daging Ayam Ras/Sumatera Utara/2024-12-02,29766.56790988104
Daging Ayam Ras/Sumatera Utara/2024-12-03,29766.55649957104
Daging Ayam Ras/Sumatera Utara/2024-12-04,29766.54676773963
Daging Ayam Ras/Sumatera Utara/2024-12-05,29766.57352638786
Daging Ayam Ras/Sumatera Utara/2024-12-06,29766.545370891905
Daging Ayam Ras/Sumatera Utara/2024-12-07,29766.551008140952
Daging Ayam Ras/Sumatera Utara/2024-12-08,29766.55716291708
Daging Ayam Ras/Sumatera Utara/2024-12-09,29766.54011312765
Daging Ayam Ras/Sumatera Utara/2024-12-10,29766.552953865303
Daging Ayam Ras/Sumatera Utara/2024-12-11,29766.540367532794
Daging Ayam Ras/Sumatera Utara/2024-12-12,29766.55276245453
Daging Ayam Ras/Sumatera Utara/2024-12-13,29766.548463998854
Daging Ayam Ras/Sumatera Utara/2024-12-14,29766.553845921997
Daging Ayam Ras/Sumatera Utara/2024-12-15,29766.57007981596
Daging Ayam Ras/Sumatera Utara/2024-12-16,29766.563903628263
Daging Ayam Ras/Sumatera Utara/2024-12-17,29766.570902206677
Daging Ayam Ras/Sumatera Utara/2024-12-18,29766.558097978414
Daging Ayam Ras/Sumatera Utara/2024-12-19,29766.54590091734
Daging Ayam Ras/Sumatera Utara/2024-12-20,29766.56781795401
Daging Ayam Ras/Sumatera Utara/2024-12-21,29766.561227632785
Daging Ayam Ras/Sumatera Utara/2024-12-22,29766.55160561354
Daging Ayam Ras/Sumatera Utara/2024-12-23,29766.55696287436
Daging Ayam Ras/Sumatera Utara/2024-12-24,29766.55138222214
Daging Ayam Ras/Sumatera Utara/2024-12-25,29766.56842954704
Daging Ayam Ras/Sumatera Utara/2024-12-26,29766.552128061896
Daging Ayam Ras/Sumatera Utara/2024-12-27,29766.55976696137
Daging Ayam Ras/Sumatera Utara/2024-12-28,29766.56702002915
Daging Ayam Ras/Sumatera Utara/2024-12-29,29766.568524270508
Daging Ayam Ras/Sumatera Utara/2024-12-30,29766.569239404795
Daging Ayam Ras/Sumatera Utara/2024-12-31,29766.55897054125
