id,price
Gula Konsumsi/Aceh/2024-10-01,14600.145895822308
Gula Konsumsi/Aceh/2024-10-02,14600.13524273932
Gula Konsumsi/Aceh/2024-10-03,14600.14091425387
Gula Konsumsi/Aceh/2024-10-04,14600.132594210852
Gula Konsumsi/Aceh/2024-10-05,14600.144767234346
Gula Konsumsi/Aceh/2024-10-06,14600.15060995058
Gula Konsumsi/Aceh/2024-10-07,14600.142590723872
Gula Konsumsi/Aceh/2024-10-08,14600.128511767443
Gula Konsumsi/Aceh/2024-10-09,14600.151152523666
Gula Konsumsi/Aceh/2024-10-10,14600.129148623002
Gula Konsumsi/Aceh/2024-10-11,14600.135848149528
Gula Konsumsi/Aceh/2024-10-12,14600.148898291787
Gula Konsumsi/Aceh/2024-10-13,14600.137107097136
Gula Konsumsi/Aceh/2024-10-14,14600.13756127923
Gula Konsumsi/Aceh/2024-10-15,14600.160346117756
Gula Konsumsi/Aceh/2024-10-16,14600.138790890183
Gula Konsumsi/Aceh/2024-10-17,14600.140423004332
Gula Konsumsi/Aceh/2024-10-18,14600.149582379108
Gula Konsumsi/Aceh/2024-10-19,14600.124427370334
Gula Konsumsi/Aceh/2024-10-20,14600.159323275557
Gula Konsumsi/Aceh/2024-10-21,14600.1427849372
Gula Konsumsi/Aceh/2024-10-22,14600.149129268751
Gula Konsumsi/Aceh/2024-10-23,14600.135643706417
Gula Konsumsi/Aceh/2024-10-24,14600.154965468628
Gula Konsumsi/Aceh/2024-10-25,14600.129898060375
Gula Konsumsi/Aceh/2024-10-26,14600.141722102577
Gula Konsumsi/Aceh/2024-10-27,14600.141336369275
Gula Konsumsi/Aceh/2024-10-28,14600.138196429894
Gula Konsumsi/Aceh/2024-10-29,14600.152263743385
Gula Konsumsi/Aceh/2024-10-30,14600.139491035576
Gula Konsumsi/Aceh/2024-10-31,14600.113960991868
Gula Konsumsi/Aceh/2024-11-01,14600.127510478713
Gula Konsumsi/Aceh/2024-11-02,14600.132049219686
Gula Konsumsi/Aceh/2024-11-03,14600.113663138198
Gula Konsumsi/Aceh/2024-11-04,14600.14017254352
Gula Konsumsi/Aceh/2024-11-05,14600.137271349256
Gula Konsumsi/Aceh/2024-11-06,14600.146728580476
Gula Konsumsi/Aceh/2024-11-07,14600.140659430312
Gula Konsumsi/Aceh/2024-11-08,14600.149807260335
Gula Konsumsi/Aceh/2024-11-09,14600.155442123076
Gula Konsumsi/Aceh/2024-11-10,14600.140414812
Gula Konsumsi/Aceh/2024-11-11,14600.144478584234
Gula Konsumsi/Aceh/2024-11-12,14600.137808450185
Gula Konsumsi/Aceh/2024-11-13,14600.139519235485
Gula Konsumsi/Aceh/2024-11-14,14600.1245125616
Gula Konsumsi/Aceh/2024-11-15,14600.1496123153
Gula Konsumsi/Aceh/2024-11-16,14600.151012905311
Gula Konsumsi/Aceh/2024-11-17,14600.124948067632
Gula Konsumsi/Aceh/2024-11-18,14600.138214399318
Gula Konsumsi/Aceh/2024-11-19,14600.133807772156
Gula Konsumsi/Aceh/2024-11-20,14600.13832418005
Gula Konsumsi/Aceh/2024-11-21,14600.14172787577
Gula Konsumsi/Aceh/2024-11-22,14600.132287678163
Gula Konsumsi/Aceh/2024-11-23,14600.138659104174
Gula Konsumsi/Aceh/2024-11-24,14600.135837133455
Gula Konsumsi/Aceh/2024-11-25,14600.129344065088
Gula Konsumsi/Aceh/2024-11-26,14600.125719159134
Gula Konsumsi/Aceh/2024-11-27,14600.15188900157
Gula Konsumsi/Aceh/2024-11-28,14600.132769309024
Gula Konsumsi/Aceh/2024-11-29,14600.140790259256
Gula Konsumsi/Aceh/2024-11-30,14600.140825850527
Gula Konsumsi/Aceh/2024-12-01,14600.140057931863
Gula Konsumsi/Aceh/2024-12-02,14600.146021679808
Gula Konsumsi/Aceh/2024-12-03,14600.143695634682
Gula Konsumsi/Aceh/2024-12-04,14600.144836731111
Gula Konsumsi/Aceh/2024-12-05,14600.144303964753
Gula Konsumsi/Aceh/2024-12-06,14600.132088867256
Gula Konsumsi/Aceh/2024-12-07,14600.128641508663
Gula Konsumsi/Aceh/2024-12-08,14600.130742738793
Gula Konsumsi/Aceh/2024-12-09,14600.144843844011
Gula Konsumsi/Aceh/2024-12-10,14600.128713821769
Gula Konsumsi/Aceh/2024-12-11,14600.123254936763
Gula Konsumsi/Aceh/2024-12-12,14600.143907400545
Gula Konsumsi/Aceh/2024-12-13,14600.150806001622
Gula Konsumsi/Aceh/2024-12-14,14600.133573402903
Gula Konsumsi/Aceh/2024-12-15,14600.145331610234
Gula Konsumsi/Aceh/2024-12-16,14600.132329576494
Gula Konsumsi/Aceh/2024-12-17,14600.138794164475
Gula Konsumsi/Aceh/2024-12-18,14600.140100269253
Gula Konsumsi/Aceh/2024-12-19,14600.14292711635
Gula Konsumsi/Aceh/2024-12-20,14600.151614793656
Gula Konsumsi/Aceh/2024-12-21,14600.135643523265
Gula Konsumsi/Aceh/2024-12-22,14600.157506051291
Gula Konsumsi/Aceh/2024-12-23,14600.145814723062
Gula Konsumsi/Aceh/2024-12-24,14600.14477611059
Gula Konsumsi/Aceh/2024-12-25,14600.134873987276
Gula Konsumsi/Aceh/2024-12-26,14600.154936032352
Gula Konsumsi/Aceh/2024-12-27,14600.122705937025
Gula Konsumsi/Aceh/2024-12-28,14600.168586805452
Gula Konsumsi/Aceh/2024-12-29,14600.142451415612
Gula Konsumsi/Aceh/2024-12-30,14600.149350868583
Gula Konsumsi/Aceh/2024-12-31,14600.140100709545
Gula Konsumsi/Bali/2024-10-01,14600.161783054797
Gula Konsumsi/Bali/2024-10-02,14600.13385388845
Gula Konsumsi/Bali/2024-10-03,14600.122728606037
Gula Konsumsi/Bali/2024-10-04,14600.136430535716
Gula Konsumsi/Bali/2024-10-05,14600.146492626332
Gula Konsumsi/Bali/2024-10-06,14600.133325008035
Gula Konsumsi/Bali/2024-10-07,14600.145524790263
Gula Konsumsi/Bali/2024-10-08,14600.149150062874
Gula Konsumsi/Bali/2024-10-09,14600.15063602823
Gula Konsumsi/Bali/2024-10-10,14600.146665101878
Gula Konsumsi/Bali/2024-10-11,14600.14457849674
Gula Konsumsi/Bali/2024-10-12,14600.144092523453
Gula Konsumsi/Bali/2024-10-13,14600.143961876303
Gula Konsumsi/Bali/2024-10-14,14600.13835739358
Gula Konsumsi/Bali/2024-10-15,14600.140267310822
Gula Konsumsi/Bali/2024-10-16,14600.132415842772
Gula Konsumsi/Bali/2024-10-17,14600.135120894514
Gula Konsumsi/Bali/2024-10-18,14600.13425065155
Gula Konsumsi/Bali/2024-10-19,14600.126760382576
Gula Konsumsi/Bali/2024-10-20,14600.12394328637
Gula Konsumsi/Bali/2024-10-21,14600.139480233662
Gula Konsumsi/Bali/2024-10-22,14600.137740031803
Gula Konsumsi/Bali/2024-10-23,14600.143999193137
Gula Konsumsi/Bali/2024-10-24,14600.127276498984
Gula Konsumsi/Bali/2024-10-25,14600.143451372953
Gula Konsumsi/Bali/2024-10-26,14600.144292358427
Gula Konsumsi/Bali/2024-10-27,14600.13876924217
Gula Konsumsi/Bali/2024-10-28,14600.149313439602
Gula Konsumsi/Bali/2024-10-29,14600.144686093348
Gula Konsumsi/Bali/2024-10-30,14600.148832846
Gula Konsumsi/Bali/2024-10-31,14600.13981986642
Gula Konsumsi/Bali/2024-11-01,14600.14146201932
Gula Konsumsi/Bali/2024-11-02,14600.13785986369
Gula Konsumsi/Bali/2024-11-03,14600.1527118605
Gula Konsumsi/Bali/2024-11-04,14600.153470774118
Gula Konsumsi/Bali/2024-11-05,14600.129853221926
Gula Konsumsi/Bali/2024-11-06,14600.15213516705
Gula Konsumsi/Bali/2024-11-07,14600.148494187257
Gula Konsumsi/Bali/2024-11-08,14600.130675012382
Gula Konsumsi/Bali/2024-11-09,14600.146286237465
Gula Konsumsi/Bali/2024-11-10,14600.14608403186
Gula Konsumsi/Bali/2024-11-11,14600.133025824398
Gula Konsumsi/Bali/2024-11-12,14600.14245986329
Gula Konsumsi/Bali/2024-11-13,14600.125981358306
Gula Konsumsi/Bali/2024-11-14,14600.15369491732
Gula Konsumsi/Bali/2024-11-15,14600.162788130592
Gula Konsumsi/Bali/2024-11-16,14600.1297425922
Gula Konsumsi/Bali/2024-11-17,14600.149257348365
Gula Konsumsi/Bali/2024-11-18,14600.159468356627
Gula Konsumsi/Bali/2024-11-19,14600.137354612676
Gula Konsumsi/Bali/2024-11-20,14600.142634196158
Gula Konsumsi/Bali/2024-11-21,14600.137057891605
Gula Konsumsi/Bali/2024-11-22,14600.139250128934
Gula Konsumsi/Bali/2024-11-23,14600.152932788214
Gula Konsumsi/Bali/2024-11-24,14600.142702656229
Gula Konsumsi/Bali/2024-11-25,14600.13803660728
Gula Konsumsi/Bali/2024-11-26,14600.156394773448
Gula Konsumsi/Bali/2024-11-27,14600.154804021564
Gula Konsumsi/Bali/2024-11-28,14600.130392604142
Gula Konsumsi/Bali/2024-11-29,14600.127443002002
Gula Konsumsi/Bali/2024-11-30,14600.123756225152
Gula Konsumsi/Bali/2024-12-01,14600.155070279014
Gula Konsumsi/Bali/2024-12-02,14600.15602975102
Gula Konsumsi/Bali/2024-12-03,14600.122708571984
Gula Konsumsi/Bali/2024-12-04,14600.134009950329
Gula Konsumsi/Bali/2024-12-05,14600.144959649842
Gula Konsumsi/Bali/2024-12-06,14600.139584010802
Gula Konsumsi/Bali/2024-12-07,14600.13881541226
Gula Konsumsi/Bali/2024-12-08,14600.14394960094
Gula Konsumsi/Bali/2024-12-09,14600.151513854536
Gula Konsumsi/Bali/2024-12-10,14600.14239769871
Gula Konsumsi/Bali/2024-12-11,14600.149056989105
Gula Konsumsi/Bali/2024-12-12,14600.132203477506
Gula Konsumsi/Bali/2024-12-13,14600.143355202978
Gula Konsumsi/Bali/2024-12-14,14600.14331226218
Gula Konsumsi/Bali/2024-12-15,14600.16154755612
Gula Konsumsi/Bali/2024-12-16,14600.150532922127
Gula Konsumsi/Bali/2024-12-17,14600.14894237885
Gula Konsumsi/Bali/2024-12-18,14600.150266139655
Gula Konsumsi/Bali/2024-12-19,14600.136332567114
Gula Konsumsi/Bali/2024-12-20,14600.14321494016
Gula Konsumsi/Bali/2024-12-21,14600.149487309003
Gula Konsumsi/Bali/2024-12-22,14600.146826838372
Gula Konsumsi/Bali/2024-12-23,14600.1500788717
Gula Konsumsi/Bali/2024-12-24,14600.13877300282
Gula Konsumsi/Bali/2024-12-25,14600.128278714104
Gula Konsumsi/Bali/2024-12-26,14600.148368006465
Gula Konsumsi/Bali/2024-12-27,14600.152958615625
Gula Konsumsi/Bali/2024-12-28,14600.132046432254
Gula Konsumsi/Bali/2024-12-29,14600.125197970152
Gula Konsumsi/Bali/2024-12-30,14600.143209118169
Gula Konsumsi/Bali/2024-12-31,14600.126635400433
Gula Konsumsi/Banten/2024-10-01,14600.131054590236
Gula Konsumsi/Banten/2024-10-02,14600.148821764578
Gula Konsumsi/Banten/2024-10-03,14600.153015621618
Gula Konsumsi/Banten/2024-10-04,14600.140979426526
Gula Konsumsi/Banten/2024-10-05,14600.122798659751
Gula Konsumsi/Banten/2024-10-06,14600.122148895432
Gula Konsumsi/Banten/2024-10-07,14600.150029346005
Gula Konsumsi/Banten/2024-10-08,14600.138125586916
Gula Konsumsi/Banten/2024-10-09,14600.138109232674
Gula Konsumsi/Banten/2024-10-10,14600.110918532208
Gula Konsumsi/Banten/2024-10-11,14600.127810924729
Gula Konsumsi/Banten/2024-10-12,14600.148304746774
Gula Konsumsi/Banten/2024-10-13,14600.136462810868
Gula Konsumsi/Banten/2024-10-14,14600.162145825196
Gula Konsumsi/Banten/2024-10-15,14600.14810103198
Gula Konsumsi/Banten/2024-10-16,14600.13666909587
Gula Konsumsi/Banten/2024-10-17,14600.15814994051
Gula Konsumsi/Banten/2024-10-18,14600.143755073916
Gula Konsumsi/Banten/2024-10-19,14600.141468875434
Gula Konsumsi/Banten/2024-10-20,14600.138068373108
Gula Konsumsi/Banten/2024-10-21,14600.129644673783
Gula Konsumsi/Banten/2024-10-22,14600.14421234076
Gula Konsumsi/Banten/2024-10-23,14600.13903108465
Gula Konsumsi/Banten/2024-10-24,14600.138664043565
Gula Konsumsi/Banten/2024-10-25,14600.157702035967
Gula Konsumsi/Banten/2024-10-26,14600.139190345682
Gula Konsumsi/Banten/2024-10-27,14600.135152312663
Gula Konsumsi/Banten/2024-10-28,14600.133698246407
Gula Konsumsi/Banten/2024-10-29,14600.144496923189
Gula Konsumsi/Banten/2024-10-30,14600.130719727304
Gula Konsumsi/Banten/2024-10-31,14600.13819444678
Gula Konsumsi/Banten/2024-11-01,14600.138752826282
Gula Konsumsi/Banten/2024-11-02,14600.16990476571
Gula Konsumsi/Banten/2024-11-03,14600.135202443817
Gula Konsumsi/Banten/2024-11-04,14600.140023713278
Gula Konsumsi/Banten/2024-11-05,14600.134168322742
Gula Konsumsi/Banten/2024-11-06,14600.14966596482
Gula Konsumsi/Banten/2024-11-07,14600.15307934035
Gula Konsumsi/Banten/2024-11-08,14600.139904486696
Gula Konsumsi/Banten/2024-11-09,14600.148777843078
Gula Konsumsi/Banten/2024-11-10,14600.14519238865
Gula Konsumsi/Banten/2024-11-11,14600.131967932955
Gula Konsumsi/Banten/2024-11-12,14600.121860255367
Gula Konsumsi/Banten/2024-11-13,14600.14477979309
Gula Konsumsi/Banten/2024-11-14,14600.145232108764
Gula Konsumsi/Banten/2024-11-15,14600.135187640446
Gula Konsumsi/Banten/2024-11-16,14600.123884388257
Gula Konsumsi/Banten/2024-11-17,14600.134308925966
Gula Konsumsi/Banten/2024-11-18,14600.154951160206
Gula Konsumsi/Banten/2024-11-19,14600.139395275264
Gula Konsumsi/Banten/2024-11-20,14600.1347158163
Gula Konsumsi/Banten/2024-11-21,14600.145721981984
Gula Konsumsi/Banten/2024-11-22,14600.128766306896
Gula Konsumsi/Banten/2024-11-23,14600.15242699925
Gula Konsumsi/Banten/2024-11-24,14600.1242538869
Gula Konsumsi/Banten/2024-11-25,14600.146280183908
Gula Konsumsi/Banten/2024-11-26,14600.132164008288
Gula Konsumsi/Banten/2024-11-27,14600.141598703976
Gula Konsumsi/Banten/2024-11-28,14600.14001640556
Gula Konsumsi/Banten/2024-11-29,14600.15443924598
Gula Konsumsi/Banten/2024-11-30,14600.143355706308
Gula Konsumsi/Banten/2024-12-01,14600.146174293244
Gula Konsumsi/Banten/2024-12-02,14600.15175460163
Gula Konsumsi/Banten/2024-12-03,14600.145378094549
Gula Konsumsi/Banten/2024-12-04,14600.146777308564
Gula Konsumsi/Banten/2024-12-05,14600.13500072252
Gula Konsumsi/Banten/2024-12-06,14600.1473363381
Gula Konsumsi/Banten/2024-12-07,14600.136810255884
Gula Konsumsi/Banten/2024-12-08,14600.1466773106
Gula Konsumsi/Banten/2024-12-09,14600.147471739698
Gula Konsumsi/Banten/2024-12-10,14600.142841616374
Gula Konsumsi/Banten/2024-12-11,14600.152235445756
Gula Konsumsi/Banten/2024-12-12,14600.148329413489
Gula Konsumsi/Banten/2024-12-13,14600.144305008318
Gula Konsumsi/Banten/2024-12-14,14600.144014024783
Gula Konsumsi/Banten/2024-12-15,14600.146376545026
Gula Konsumsi/Banten/2024-12-16,14600.143583887528
Gula Konsumsi/Banten/2024-12-17,14600.159031519624
Gula Konsumsi/Banten/2024-12-18,14600.137409265511
Gula Konsumsi/Banten/2024-12-19,14600.140305617717
Gula Konsumsi/Banten/2024-12-20,14600.134231052636
Gula Konsumsi/Banten/2024-12-21,14600.141996855547
Gula Konsumsi/Banten/2024-12-22,14600.163291782705
Gula Konsumsi/Banten/2024-12-23,14600.132239756103
Gula Konsumsi/Banten/2024-12-24,14600.135357163032
Gula Konsumsi/Banten/2024-12-25,14600.141971096671
Gula Konsumsi/Banten/2024-12-26,14600.161468507198
Gula Konsumsi/Banten/2024-12-27,14600.154529663858
Gula Konsumsi/Banten/2024-12-28,14600.141671708252
Gula Konsumsi/Banten/2024-12-29,14600.129399894804
Gula Konsumsi/Banten/2024-12-30,14600.147247791856
Gula Konsumsi/Banten/2024-12-31,14600.131782015078
Gula Konsumsi/Bengkulu/2024-10-01,14600.133686019184
Gula Konsumsi/Bengkulu/2024-10-02,14600.154930188492
Gula Konsumsi/Bengkulu/2024-10-03,14600.126443066654
Gula Konsumsi/Bengkulu/2024-10-04,14600.13199599183
Gula Konsumsi/Bengkulu/2024-10-05,14600.153922634214
Gula Konsumsi/Bengkulu/2024-10-06,14600.142058221529
Gula Konsumsi/Bengkulu/2024-10-07,14600.141261854393
Gula Konsumsi/Bengkulu/2024-10-08,14600.136487452197
Gula Konsumsi/Bengkulu/2024-10-09,14600.152501729528
Gula Konsumsi/Bengkulu/2024-10-10,14600.147122391636
Gula Konsumsi/Bengkulu/2024-10-11,14600.150237566108
Gula Konsumsi/Bengkulu/2024-10-12,14600.143797957548
Gula Konsumsi/Bengkulu/2024-10-13,14600.138749562508
Gula Konsumsi/Bengkulu/2024-10-14,14600.134962670309
Gula Konsumsi/Bengkulu/2024-10-15,14600.125619443948
Gula Konsumsi/Bengkulu/2024-10-16,14600.13246395996
Gula Konsumsi/Bengkulu/2024-10-17,14600.143752215325
Gula Konsumsi/Bengkulu/2024-10-18,14600.151546929068
Gula Konsumsi/Bengkulu/2024-10-19,14600.12173568652
Gula Konsumsi/Bengkulu/2024-10-20,14600.14700565215
Gula Konsumsi/Bengkulu/2024-10-21,14600.131652623848
Gula Konsumsi/Bengkulu/2024-10-22,14600.141920107038
Gula Konsumsi/Bengkulu/2024-10-23,14600.141317934338
Gula Konsumsi/Bengkulu/2024-10-24,14600.147588286132
Gula Konsumsi/Bengkulu/2024-10-25,14600.13857579486
Gula Konsumsi/Bengkulu/2024-10-26,14600.126954419027
Gula Konsumsi/Bengkulu/2024-10-27,14600.13876252586
Gula Konsumsi/Bengkulu/2024-10-28,14600.141663629804
Gula Konsumsi/Bengkulu/2024-10-29,14600.130161996378
Gula Konsumsi/Bengkulu/2024-10-30,14600.159669321118
Gula Konsumsi/Bengkulu/2024-10-31,14600.141492762252
Gula Konsumsi/Bengkulu/2024-11-01,14600.139343743069
Gula Konsumsi/Bengkulu/2024-11-02,14600.124211311817
Gula Konsumsi/Bengkulu/2024-11-03,14600.119455421547
Gula Konsumsi/Bengkulu/2024-11-04,14600.15164815444
Gula Konsumsi/Bengkulu/2024-11-05,14600.160568996038
Gula Konsumsi/Bengkulu/2024-11-06,14600.155225311584
Gula Konsumsi/Bengkulu/2024-11-07,14600.155172506378
Gula Konsumsi/Bengkulu/2024-11-08,14600.142151692542
Gula Konsumsi/Bengkulu/2024-11-09,14600.141041839335
Gula Konsumsi/Bengkulu/2024-11-10,14600.133738946675
Gula Konsumsi/Bengkulu/2024-11-11,14600.1350070364
Gula Konsumsi/Bengkulu/2024-11-12,14600.142529560368
Gula Konsumsi/Bengkulu/2024-11-13,14600.136636595056
Gula Konsumsi/Bengkulu/2024-11-14,14600.15736270224
Gula Konsumsi/Bengkulu/2024-11-15,14600.151125449976
Gula Konsumsi/Bengkulu/2024-11-16,14600.152918559526
Gula Konsumsi/Bengkulu/2024-11-17,14600.126426012668
Gula Konsumsi/Bengkulu/2024-11-18,14600.14378619776
Gula Konsumsi/Bengkulu/2024-11-19,14600.120655486664
Gula Konsumsi/Bengkulu/2024-11-20,14600.157542480008
Gula Konsumsi/Bengkulu/2024-11-21,14600.144068310148
Gula Konsumsi/Bengkulu/2024-11-22,14600.127451334767
Gula Konsumsi/Bengkulu/2024-11-23,14600.13704310397
Gula Konsumsi/Bengkulu/2024-11-24,14600.138428915858
Gula Konsumsi/Bengkulu/2024-11-25,14600.145529484338
Gula Konsumsi/Bengkulu/2024-11-26,14600.14577506735
Gula Konsumsi/Bengkulu/2024-11-27,14600.14394566168
Gula Konsumsi/Bengkulu/2024-11-28,14600.143115052051
Gula Konsumsi/Bengkulu/2024-11-29,14600.15233742425
Gula Konsumsi/Bengkulu/2024-11-30,14600.14097911292
Gula Konsumsi/Bengkulu/2024-12-01,14600.140783179731
Gula Konsumsi/Bengkulu/2024-12-02,14600.163582732866
Gula Konsumsi/Bengkulu/2024-12-03,14600.148100267344
Gula Konsumsi/Bengkulu/2024-12-04,14600.14916629902
Gula Konsumsi/Bengkulu/2024-12-05,14600.1275300776
Gula Konsumsi/Bengkulu/2024-12-06,14600.150766086974
Gula Konsumsi/Bengkulu/2024-12-07,14600.142120906
Gula Konsumsi/Bengkulu/2024-12-08,14600.146010708377
Gula Konsumsi/Bengkulu/2024-12-09,14600.138446243174
Gula Konsumsi/Bengkulu/2024-12-10,14600.136426495978
Gula Konsumsi/Bengkulu/2024-12-11,14600.138928430872
Gula Konsumsi/Bengkulu/2024-12-12,14600.148724462955
Gula Konsumsi/Bengkulu/2024-12-13,14600.13092288947
Gula Konsumsi/Bengkulu/2024-12-14,14600.147477247056
Gula Konsumsi/Bengkulu/2024-12-15,14600.155969680283
Gula Konsumsi/Bengkulu/2024-12-16,14600.136481455613
Gula Konsumsi/Bengkulu/2024-12-17,14600.170205609247
Gula Konsumsi/Bengkulu/2024-12-18,14600.12045814137
Gula Konsumsi/Bengkulu/2024-12-19,14600.130499980873
Gula Konsumsi/Bengkulu/2024-12-20,14600.149880311896
Gula Konsumsi/Bengkulu/2024-12-21,14600.142224746676
Gula Konsumsi/Bengkulu/2024-12-22,14600.147871919498
Gula Konsumsi/Bengkulu/2024-12-23,14600.148093993634
Gula Konsumsi/Bengkulu/2024-12-24,14600.13892285074
Gula Konsumsi/Bengkulu/2024-12-25,14600.14502373202
Gula Konsumsi/Bengkulu/2024-12-26,14600.1418403852
Gula Konsumsi/Bengkulu/2024-12-27,14600.141916134977
Gula Konsumsi/Bengkulu/2024-12-28,14600.135571343726
Gula Konsumsi/Bengkulu/2024-12-29,14600.15149435135
Gula Konsumsi/Bengkulu/2024-12-30,14600.137259666535
Gula Konsumsi/Bengkulu/2024-12-31,14600.149287458627
Gula Konsumsi/DI Yogyakarta/2024-10-01,14600.14378672312
Gula Konsumsi/DI Yogyakarta/2024-10-02,14600.12578674234
Gula Konsumsi/DI Yogyakarta/2024-10-03,14600.113719916044
Gula Konsumsi/DI Yogyakarta/2024-10-04,14600.151478692873
Gula Konsumsi/DI Yogyakarta/2024-10-05,14600.154596932887
Gula Konsumsi/DI Yogyakarta/2024-10-06,14600.15077956059
Gula Konsumsi/DI Yogyakarta/2024-10-07,14600.138892519984
Gula Konsumsi/DI Yogyakarta/2024-10-08,14600.148150473677
Gula Konsumsi/DI Yogyakarta/2024-10-09,14600.15759616605
Gula Konsumsi/DI Yogyakarta/2024-10-10,14600.14493348253
Gula Konsumsi/DI Yogyakarta/2024-10-11,14600.134413193296
Gula Konsumsi/DI Yogyakarta/2024-10-12,14600.129726676703
Gula Konsumsi/DI Yogyakarta/2024-10-13,14600.13162910888
Gula Konsumsi/DI Yogyakarta/2024-10-14,14600.148812887344
Gula Konsumsi/DI Yogyakarta/2024-10-15,14600.12460806896
Gula Konsumsi/DI Yogyakarta/2024-10-16,14600.13872185894
Gula Konsumsi/DI Yogyakarta/2024-10-17,14600.12296629174
Gula Konsumsi/DI Yogyakarta/2024-10-18,14600.134296218308
Gula Konsumsi/DI Yogyakarta/2024-10-19,14600.125523079863
Gula Konsumsi/DI Yogyakarta/2024-10-20,14600.16290794758
Gula Konsumsi/DI Yogyakarta/2024-10-21,14600.141617390813
Gula Konsumsi/DI Yogyakarta/2024-10-22,14600.153032707338
Gula Konsumsi/DI Yogyakarta/2024-10-23,14600.12476960512
Gula Konsumsi/DI Yogyakarta/2024-10-24,14600.15063014924
Gula Konsumsi/DI Yogyakarta/2024-10-25,14600.143470444233
Gula Konsumsi/DI Yogyakarta/2024-10-26,14600.154132694232
Gula Konsumsi/DI Yogyakarta/2024-10-27,14600.149976532102
Gula Konsumsi/DI Yogyakarta/2024-10-28,14600.129592615323
Gula Konsumsi/DI Yogyakarta/2024-10-29,14600.157619473704
Gula Konsumsi/DI Yogyakarta/2024-10-30,14600.148761207038
Gula Konsumsi/DI Yogyakarta/2024-10-31,14600.129072827673
Gula Konsumsi/DI Yogyakarta/2024-11-01,14600.156120307223
Gula Konsumsi/DI Yogyakarta/2024-11-02,14600.125608163762
Gula Konsumsi/DI Yogyakarta/2024-11-03,14600.13317047358
Gula Konsumsi/DI Yogyakarta/2024-11-04,14600.14785497568
Gula Konsumsi/DI Yogyakarta/2024-11-05,14600.154313885418
Gula Konsumsi/DI Yogyakarta/2024-11-06,14600.140364188914
Gula Konsumsi/DI Yogyakarta/2024-11-07,14600.151132369054
Gula Konsumsi/DI Yogyakarta/2024-11-08,14600.167326805047
Gula Konsumsi/DI Yogyakarta/2024-11-09,14600.137208215005
Gula Konsumsi/DI Yogyakarta/2024-11-10,14600.144750198177
Gula Konsumsi/DI Yogyakarta/2024-11-11,14600.140343494888
Gula Konsumsi/DI Yogyakarta/2024-11-12,14600.147504023134
Gula Konsumsi/DI Yogyakarta/2024-11-13,14600.15725092125
Gula Konsumsi/DI Yogyakarta/2024-11-14,14600.132886595671
Gula Konsumsi/DI Yogyakarta/2024-11-15,14600.123462725567
Gula Konsumsi/DI Yogyakarta/2024-11-16,14600.136041997226
Gula Konsumsi/DI Yogyakarta/2024-11-17,14600.150385702296
Gula Konsumsi/DI Yogyakarta/2024-11-18,14600.140402048022
Gula Konsumsi/DI Yogyakarta/2024-11-19,14600.15482901539
Gula Konsumsi/DI Yogyakarta/2024-11-20,14600.1429187277
Gula Konsumsi/DI Yogyakarta/2024-11-21,14600.141900023442
Gula Konsumsi/DI Yogyakarta/2024-11-22,14600.129320725306
Gula Konsumsi/DI Yogyakarta/2024-11-23,14600.148271772156
Gula Konsumsi/DI Yogyakarta/2024-11-24,14600.152171576105
Gula Konsumsi/DI Yogyakarta/2024-11-25,14600.138733801185
Gula Konsumsi/DI Yogyakarta/2024-11-26,14600.146448562336
Gula Konsumsi/DI Yogyakarta/2024-11-27,14600.122963143143
Gula Konsumsi/DI Yogyakarta/2024-11-28,14600.140157759944
Gula Konsumsi/DI Yogyakarta/2024-11-29,14600.15181650019
Gula Konsumsi/DI Yogyakarta/2024-11-30,14600.14678760004
Gula Konsumsi/DI Yogyakarta/2024-12-01,14600.152190382045
Gula Konsumsi/DI Yogyakarta/2024-12-02,14600.14370575206
Gula Konsumsi/DI Yogyakarta/2024-12-03,14600.13041490192
Gula Konsumsi/DI Yogyakarta/2024-12-04,14600.11322321306
Gula Konsumsi/DI Yogyakarta/2024-12-05,14600.12827250293
Gula Konsumsi/DI Yogyakarta/2024-12-06,14600.127012276802
Gula Konsumsi/DI Yogyakarta/2024-12-07,14600.139985679138
Gula Konsumsi/DI Yogyakarta/2024-12-08,14600.141430969574
Gula Konsumsi/DI Yogyakarta/2024-12-09,14600.159523568596
Gula Konsumsi/DI Yogyakarta/2024-12-10,14600.13137288501
Gula Konsumsi/DI Yogyakarta/2024-12-11,14600.124313938357
Gula Konsumsi/DI Yogyakarta/2024-12-12,14600.144541369791
Gula Konsumsi/DI Yogyakarta/2024-12-13,14600.156561263111
Gula Konsumsi/DI Yogyakarta/2024-12-14,14600.14052204012
Gula Konsumsi/DI Yogyakarta/2024-12-15,14600.143936119308
Gula Konsumsi/DI Yogyakarta/2024-12-16,14600.13968593436
Gula Konsumsi/DI Yogyakarta/2024-12-17,14600.136057700724
Gula Konsumsi/DI Yogyakarta/2024-12-18,14600.135513309917
Gula Konsumsi/DI Yogyakarta/2024-12-19,14600.137320323118
Gula Konsumsi/DI Yogyakarta/2024-12-20,14600.146291476103
Gula Konsumsi/DI Yogyakarta/2024-12-21,14600.157070072915
Gula Konsumsi/DI Yogyakarta/2024-12-22,14600.135478973763
Gula Konsumsi/DI Yogyakarta/2024-12-23,14600.146366621815
Gula Konsumsi/DI Yogyakarta/2024-12-24,14600.123111508394
Gula Konsumsi/DI Yogyakarta/2024-12-25,14600.172429120874
Gula Konsumsi/DI Yogyakarta/2024-12-26,14600.141291334045
Gula Konsumsi/DI Yogyakarta/2024-12-27,14600.140219074792
Gula Konsumsi/DI Yogyakarta/2024-12-28,14600.14969317325
Gula Konsumsi/DI Yogyakarta/2024-12-29,14600.141632147855
Gula Konsumsi/DI Yogyakarta/2024-12-30,14600.139186054324
Gula Konsumsi/DI Yogyakarta/2024-12-31,14600.12896888
Gula Konsumsi/DKI Jakarta/2024-10-01,14600.123666223886
Gula Konsumsi/DKI Jakarta/2024-10-02,14600.136647429495
Gula Konsumsi/DKI Jakarta/2024-10-03,14600.158272805373
Gula Konsumsi/DKI Jakarta/2024-10-04,14600.136064059516
Gula Konsumsi/DKI Jakarta/2024-10-05,14600.145024354471
Gula Konsumsi/DKI Jakarta/2024-10-06,14600.120636080705
Gula Konsumsi/DKI Jakarta/2024-10-07,14600.13979771584
Gula Konsumsi/DKI Jakarta/2024-10-08,14600.115700947685
Gula Konsumsi/DKI Jakarta/2024-10-09,14600.161357061652
Gula Konsumsi/DKI Jakarta/2024-10-10,14600.125162795908
Gula Konsumsi/DKI Jakarta/2024-10-11,14600.134074895645
Gula Konsumsi/DKI Jakarta/2024-10-12,14600.12604464718
Gula Konsumsi/DKI Jakarta/2024-10-13,14600.138024233132
Gula Konsumsi/DKI Jakarta/2024-10-14,14600.138694183852
Gula Konsumsi/DKI Jakarta/2024-10-15,14600.145561344036
Gula Konsumsi/DKI Jakarta/2024-10-16,14600.138086186656
Gula Konsumsi/DKI Jakarta/2024-10-17,14600.159473211732
Gula Konsumsi/DKI Jakarta/2024-10-18,14600.135933028228
Gula Konsumsi/DKI Jakarta/2024-10-19,14600.15001462059
Gula Konsumsi/DKI Jakarta/2024-10-20,14600.1259572626
Gula Konsumsi/DKI Jakarta/2024-10-21,14600.13364060809
Gula Konsumsi/DKI Jakarta/2024-10-22,14600.131153917651
Gula Konsumsi/DKI Jakarta/2024-10-23,14600.141828229003
Gula Konsumsi/DKI Jakarta/2024-10-24,14600.163171287457
Gula Konsumsi/DKI Jakarta/2024-10-25,14600.135867057816
Gula Konsumsi/DKI Jakarta/2024-10-26,14600.140926415035
Gula Konsumsi/DKI Jakarta/2024-10-27,14600.145780828683
Gula Konsumsi/DKI Jakarta/2024-10-28,14600.118547718746
Gula Konsumsi/DKI Jakarta/2024-10-29,14600.150489252108
Gula Konsumsi/DKI Jakarta/2024-10-30,14600.15050305407
Gula Konsumsi/DKI Jakarta/2024-10-31,14600.126364492113
Gula Konsumsi/DKI Jakarta/2024-11-01,14600.146383660074
Gula Konsumsi/DKI Jakarta/2024-11-02,14600.137938244605
Gula Konsumsi/DKI Jakarta/2024-11-03,14600.14624856858
Gula Konsumsi/DKI Jakarta/2024-11-04,14600.161767540809
Gula Konsumsi/DKI Jakarta/2024-11-05,14600.139804197608
Gula Konsumsi/DKI Jakarta/2024-11-06,14600.145733858732
Gula Konsumsi/DKI Jakarta/2024-11-07,14600.144596079092
Gula Konsumsi/DKI Jakarta/2024-11-08,14600.143848155152
Gula Konsumsi/DKI Jakarta/2024-11-09,14600.141161528689
Gula Konsumsi/DKI Jakarta/2024-11-10,14600.142520297037
Gula Konsumsi/DKI Jakarta/2024-11-11,14600.123582823431
Gula Konsumsi/DKI Jakarta/2024-11-12,14600.153234544376
Gula Konsumsi/DKI Jakarta/2024-11-13,14600.138118612913
Gula Konsumsi/DKI Jakarta/2024-11-14,14600.128061287807
Gula Konsumsi/DKI Jakarta/2024-11-15,14600.12929891224
Gula Konsumsi/DKI Jakarta/2024-11-16,14600.136837800766
Gula Konsumsi/DKI Jakarta/2024-11-17,14600.15057160748
Gula Konsumsi/DKI Jakarta/2024-11-18,14600.13553897252
Gula Konsumsi/DKI Jakarta/2024-11-19,14600.138535433489
Gula Konsumsi/DKI Jakarta/2024-11-20,14600.14721135249
Gula Konsumsi/DKI Jakarta/2024-11-21,14600.139354927996
Gula Konsumsi/DKI Jakarta/2024-11-22,14600.136147457875
Gula Konsumsi/DKI Jakarta/2024-11-23,14600.158419867194
Gula Konsumsi/DKI Jakarta/2024-11-24,14600.153510330309
Gula Konsumsi/DKI Jakarta/2024-11-25,14600.14641708804
Gula Konsumsi/DKI Jakarta/2024-11-26,14600.14817737138
Gula Konsumsi/DKI Jakarta/2024-11-27,14600.121071639724
Gula Konsumsi/DKI Jakarta/2024-11-28,14600.13705363002
Gula Konsumsi/DKI Jakarta/2024-11-29,14600.13246425044
Gula Konsumsi/DKI Jakarta/2024-11-30,14600.122111968913
Gula Konsumsi/DKI Jakarta/2024-12-01,14600.144603727867
Gula Konsumsi/DKI Jakarta/2024-12-02,14600.139870982091
Gula Konsumsi/DKI Jakarta/2024-12-03,14600.13513217976
Gula Konsumsi/DKI Jakarta/2024-12-04,14600.131759971113
Gula Konsumsi/DKI Jakarta/2024-12-05,14600.138163442592
Gula Konsumsi/DKI Jakarta/2024-12-06,14600.148529766502
Gula Konsumsi/DKI Jakarta/2024-12-07,14600.145003568396
Gula Konsumsi/DKI Jakarta/2024-12-08,14600.151909331922
Gula Konsumsi/DKI Jakarta/2024-12-09,14600.133110100933
Gula Konsumsi/DKI Jakarta/2024-12-10,14600.144452809804
Gula Konsumsi/DKI Jakarta/2024-12-11,14600.148616410495
Gula Konsumsi/DKI Jakarta/2024-12-12,14600.126625496392
Gula Konsumsi/DKI Jakarta/2024-12-13,14600.152106360149
Gula Konsumsi/DKI Jakarta/2024-12-14,14600.128220109693
Gula Konsumsi/DKI Jakarta/2024-12-15,14600.139904307043
Gula Konsumsi/DKI Jakarta/2024-12-16,14600.14761870651
Gula Konsumsi/DKI Jakarta/2024-12-17,14600.122716579548
Gula Konsumsi/DKI Jakarta/2024-12-18,14600.137315572569
Gula Konsumsi/DKI Jakarta/2024-12-19,14600.125393980516
Gula Konsumsi/DKI Jakarta/2024-12-20,14600.137580728871
Gula Konsumsi/DKI Jakarta/2024-12-21,14600.142858907277
Gula Konsumsi/DKI Jakarta/2024-12-22,14600.1324718934
Gula Konsumsi/DKI Jakarta/2024-12-23,14600.137182528346
Gula Konsumsi/DKI Jakarta/2024-12-24,14600.142724584624
Gula Konsumsi/DKI Jakarta/2024-12-25,14600.15721907787
Gula Konsumsi/DKI Jakarta/2024-12-26,14600.146404628009
Gula Konsumsi/DKI Jakarta/2024-12-27,14600.139668434402
Gula Konsumsi/DKI Jakarta/2024-12-28,14600.129706986532
Gula Konsumsi/DKI Jakarta/2024-12-29,14600.158612111956
Gula Konsumsi/DKI Jakarta/2024-12-30,14600.148041671344
Gula Konsumsi/DKI Jakarta/2024-12-31,14600.134131660046
Gula Konsumsi/Gorontalo/2024-10-01,14600.160326916834
Gula Konsumsi/Gorontalo/2024-10-02,14600.137037259192
Gula Konsumsi/Gorontalo/2024-10-03,14600.142801472864
Gula Konsumsi/Gorontalo/2024-10-04,14600.13403594186
Gula Konsumsi/Gorontalo/2024-10-05,14600.15416960245
Gula Konsumsi/Gorontalo/2024-10-06,14600.144037654736
Gula Konsumsi/Gorontalo/2024-10-07,14600.139759537284
Gula Konsumsi/Gorontalo/2024-10-08,14600.148166294472
Gula Konsumsi/Gorontalo/2024-10-09,14600.155703714492
Gula Konsumsi/Gorontalo/2024-10-10,14600.135653073086
Gula Konsumsi/Gorontalo/2024-10-11,14600.14723154356
Gula Konsumsi/Gorontalo/2024-10-12,14600.129674801752
Gula Konsumsi/Gorontalo/2024-10-13,14600.125649534424
Gula Konsumsi/Gorontalo/2024-10-14,14600.13637836111
Gula Konsumsi/Gorontalo/2024-10-15,14600.1541209918
Gula Konsumsi/Gorontalo/2024-10-16,14600.13567432406
Gula Konsumsi/Gorontalo/2024-10-17,14600.121257395667
Gula Konsumsi/Gorontalo/2024-10-18,14600.152615362997
Gula Konsumsi/Gorontalo/2024-10-19,14600.142013712311
Gula Konsumsi/Gorontalo/2024-10-20,14600.143698409536
Gula Konsumsi/Gorontalo/2024-10-21,14600.15229871306
Gula Konsumsi/Gorontalo/2024-10-22,14600.13663661821
Gula Konsumsi/Gorontalo/2024-10-23,14600.145524917569
Gula Konsumsi/Gorontalo/2024-10-24,14600.149108976238
Gula Konsumsi/Gorontalo/2024-10-25,14600.12012475082
Gula Konsumsi/Gorontalo/2024-10-26,14600.142001307326
Gula Konsumsi/Gorontalo/2024-10-27,14600.138123396317
Gula Konsumsi/Gorontalo/2024-10-28,14600.134704960336
Gula Konsumsi/Gorontalo/2024-10-29,14600.134651241797
Gula Konsumsi/Gorontalo/2024-10-30,14600.151804131076
Gula Konsumsi/Gorontalo/2024-10-31,14600.136839296194
Gula Konsumsi/Gorontalo/2024-11-01,14600.134986853298
Gula Konsumsi/Gorontalo/2024-11-02,14600.13631107134
Gula Konsumsi/Gorontalo/2024-11-03,14600.150927127434
Gula Konsumsi/Gorontalo/2024-11-04,14600.140830553337
Gula Konsumsi/Gorontalo/2024-11-05,14600.125870374455
Gula Konsumsi/Gorontalo/2024-11-06,14600.14636226977
Gula Konsumsi/Gorontalo/2024-11-07,14600.144943713743
Gula Konsumsi/Gorontalo/2024-11-08,14600.146591867757
Gula Konsumsi/Gorontalo/2024-11-09,14600.1532143162
Gula Konsumsi/Gorontalo/2024-11-10,14600.147754544658
Gula Konsumsi/Gorontalo/2024-11-11,14600.150725587242
Gula Konsumsi/Gorontalo/2024-11-12,14600.122041009248
Gula Konsumsi/Gorontalo/2024-11-13,14600.15395435996
Gula Konsumsi/Gorontalo/2024-11-14,14600.15533299352
Gula Konsumsi/Gorontalo/2024-11-15,14600.14169864686
Gula Konsumsi/Gorontalo/2024-11-16,14600.139529597209
Gula Konsumsi/Gorontalo/2024-11-17,14600.129149936944
Gula Konsumsi/Gorontalo/2024-11-18,14600.13178249209
Gula Konsumsi/Gorontalo/2024-11-19,14600.145453234598
Gula Konsumsi/Gorontalo/2024-11-20,14600.13150486125
Gula Konsumsi/Gorontalo/2024-11-21,14600.14350354926
Gula Konsumsi/Gorontalo/2024-11-22,14600.150242896068
Gula Konsumsi/Gorontalo/2024-11-23,14600.14715715583
Gula Konsumsi/Gorontalo/2024-11-24,14600.123276228662
Gula Konsumsi/Gorontalo/2024-11-25,14600.126218630216
Gula Konsumsi/Gorontalo/2024-11-26,14600.143485450111
Gula Konsumsi/Gorontalo/2024-11-27,14600.160593820265
Gula Konsumsi/Gorontalo/2024-11-28,14600.145496847816
Gula Konsumsi/Gorontalo/2024-11-29,14600.127184312283
Gula Konsumsi/Gorontalo/2024-11-30,14600.136845468518
Gula Konsumsi/Gorontalo/2024-12-01,14600.146159904922
Gula Konsumsi/Gorontalo/2024-12-02,14600.148921304355
Gula Konsumsi/Gorontalo/2024-12-03,14600.12384229873
Gula Konsumsi/Gorontalo/2024-12-04,14600.150448728196
Gula Konsumsi/Gorontalo/2024-12-05,14600.144959871908
Gula Konsumsi/Gorontalo/2024-12-06,14600.148579367797
Gula Konsumsi/Gorontalo/2024-12-07,14600.116861673949
Gula Konsumsi/Gorontalo/2024-12-08,14600.143060055028
Gula Konsumsi/Gorontalo/2024-12-09,14600.1575854069
Gula Konsumsi/Gorontalo/2024-12-10,14600.147229116636
Gula Konsumsi/Gorontalo/2024-12-11,14600.148728307942
Gula Konsumsi/Gorontalo/2024-12-12,14600.154880796294
Gula Konsumsi/Gorontalo/2024-12-13,14600.148558960653
Gula Konsumsi/Gorontalo/2024-12-14,14600.15162353361
Gula Konsumsi/Gorontalo/2024-12-15,14600.136504045013
Gula Konsumsi/Gorontalo/2024-12-16,14600.147772726234
Gula Konsumsi/Gorontalo/2024-12-17,14600.131878919256
Gula Konsumsi/Gorontalo/2024-12-18,14600.1403631364
Gula Konsumsi/Gorontalo/2024-12-19,14600.130958619857
Gula Konsumsi/Gorontalo/2024-12-20,14600.13981693563
Gula Konsumsi/Gorontalo/2024-12-21,14600.136525149092
Gula Konsumsi/Gorontalo/2024-12-22,14600.146760692562
Gula Konsumsi/Gorontalo/2024-12-23,14600.158633465113
Gula Konsumsi/Gorontalo/2024-12-24,14600.11646135992
Gula Konsumsi/Gorontalo/2024-12-25,14600.144858245576
Gula Konsumsi/Gorontalo/2024-12-26,14600.151524969948
Gula Konsumsi/Gorontalo/2024-12-27,14600.153653130628
Gula Konsumsi/Gorontalo/2024-12-28,14600.140236782858
Gula Konsumsi/Gorontalo/2024-12-29,14600.150426323642
Gula Konsumsi/Gorontalo/2024-12-30,14600.154859040138
Gula Konsumsi/Gorontalo/2024-12-31,14600.152958169134
Gula Konsumsi/Jambi/2024-10-01,14600.133647037042
Gula Konsumsi/Jambi/2024-10-02,14600.163232000008
Gula Konsumsi/Jambi/2024-10-03,14600.146615148442
Gula Konsumsi/Jambi/2024-10-04,14600.161846831004
Gula Konsumsi/Jambi/2024-10-05,14600.13842358744
Gula Konsumsi/Jambi/2024-10-06,14600.146138059805
Gula Konsumsi/Jambi/2024-10-07,14600.13718276477
Gula Konsumsi/Jambi/2024-10-08,14600.140357581167
Gula Konsumsi/Jambi/2024-10-09,14600.134406971363
Gula Konsumsi/Jambi/2024-10-10,14600.140722481288
Gula Konsumsi/Jambi/2024-10-11,14600.140620964135
Gula Konsumsi/Jambi/2024-10-12,14600.136979159088
Gula Konsumsi/Jambi/2024-10-13,14600.150510984864
Gula Konsumsi/Jambi/2024-10-14,14600.125196473256
Gula Konsumsi/Jambi/2024-10-15,14600.127852264804
Gula Konsumsi/Jambi/2024-10-16,14600.147175698918
Gula Konsumsi/Jambi/2024-10-17,14600.15848274666
Gula Konsumsi/Jambi/2024-10-18,14600.156704115056
Gula Konsumsi/Jambi/2024-10-19,14600.137992712618
Gula Konsumsi/Jambi/2024-10-20,14600.163446733746
Gula Konsumsi/Jambi/2024-10-21,14600.161556431767
Gula Konsumsi/Jambi/2024-10-22,14600.143258387943
Gula Konsumsi/Jambi/2024-10-23,14600.140558086428
Gula Konsumsi/Jambi/2024-10-24,14600.146280948828
Gula Konsumsi/Jambi/2024-10-25,14600.136750642558
Gula Konsumsi/Jambi/2024-10-26,14600.144201343322
Gula Konsumsi/Jambi/2024-10-27,14600.131449519078
Gula Konsumsi/Jambi/2024-10-28,14600.152465732826
Gula Konsumsi/Jambi/2024-10-29,14600.14894745132
Gula Konsumsi/Jambi/2024-10-30,14600.143747826583
Gula Konsumsi/Jambi/2024-10-31,14600.121583175329
Gula Konsumsi/Jambi/2024-11-01,14600.153369183116
Gula Konsumsi/Jambi/2024-11-02,14600.146285709809
Gula Konsumsi/Jambi/2024-11-03,14600.147525084172
Gula Konsumsi/Jambi/2024-11-04,14600.141507459752
Gula Konsumsi/Jambi/2024-11-05,14600.13771221803
Gula Konsumsi/Jambi/2024-11-06,14600.12653949963
Gula Konsumsi/Jambi/2024-11-07,14600.126129027269
Gula Konsumsi/Jambi/2024-11-08,14600.124379532524
Gula Konsumsi/Jambi/2024-11-09,14600.123944123994
Gula Konsumsi/Jambi/2024-11-10,14600.152899102732
Gula Konsumsi/Jambi/2024-11-11,14600.151716887434
Gula Konsumsi/Jambi/2024-11-12,14600.16342023986
Gula Konsumsi/Jambi/2024-11-13,14600.1211391203
Gula Konsumsi/Jambi/2024-11-14,14600.139972229144
Gula Konsumsi/Jambi/2024-11-15,14600.151233076716
Gula Konsumsi/Jambi/2024-11-16,14600.14654431282
Gula Konsumsi/Jambi/2024-11-17,14600.122497593356
Gula Konsumsi/Jambi/2024-11-18,14600.136721828749
Gula Konsumsi/Jambi/2024-11-19,14600.144156246157
Gula Konsumsi/Jambi/2024-11-20,14600.137488388196
Gula Konsumsi/Jambi/2024-11-21,14600.136233098672
Gula Konsumsi/Jambi/2024-11-22,14600.140232901544
Gula Konsumsi/Jambi/2024-11-23,14600.132679117598
Gula Konsumsi/Jambi/2024-11-24,14600.14944377862
Gula Konsumsi/Jambi/2024-11-25,14600.137553918132
Gula Konsumsi/Jambi/2024-11-26,14600.137923130054
Gula Konsumsi/Jambi/2024-11-27,14600.138202582537
Gula Konsumsi/Jambi/2024-11-28,14600.14466237203
Gula Konsumsi/Jambi/2024-11-29,14600.140367456874
Gula Konsumsi/Jambi/2024-11-30,14600.134366194205
Gula Konsumsi/Jambi/2024-12-01,14600.160442167617
Gula Konsumsi/Jambi/2024-12-02,14600.137436380755
Gula Konsumsi/Jambi/2024-12-03,14600.145014844438
Gula Konsumsi/Jambi/2024-12-04,14600.13623545193
Gula Konsumsi/Jambi/2024-12-05,14600.15766000491
Gula Konsumsi/Jambi/2024-12-06,14600.136242551764
Gula Konsumsi/Jambi/2024-12-07,14600.154175013911
Gula Konsumsi/Jambi/2024-12-08,14600.135007928104
Gula Konsumsi/Jambi/2024-12-09,14600.145159763571
Gula Konsumsi/Jambi/2024-12-10,14600.140514948367
Gula Konsumsi/Jambi/2024-12-11,14600.130384939102
Gula Konsumsi/Jambi/2024-12-12,14600.16189019719
Gula Konsumsi/Jambi/2024-12-13,14600.116736388069
Gula Konsumsi/Jambi/2024-12-14,14600.144654764295
Gula Konsumsi/Jambi/2024-12-15,14600.150222792658
Gula Konsumsi/Jambi/2024-12-16,14600.143938425015
Gula Konsumsi/Jambi/2024-12-17,14600.138050142768
Gula Konsumsi/Jambi/2024-12-18,14600.149732889957
Gula Konsumsi/Jambi/2024-12-19,14600.119424483575
Gula Konsumsi/Jambi/2024-12-20,14600.131954910776
Gula Konsumsi/Jambi/2024-12-21,14600.141673366095
Gula Konsumsi/Jambi/2024-12-22,14600.139810679171
Gula Konsumsi/Jambi/2024-12-23,14600.131269889422
Gula Konsumsi/Jambi/2024-12-24,14600.154845465471
Gula Konsumsi/Jambi/2024-12-25,14600.150868766586
Gula Konsumsi/Jambi/2024-12-26,14600.126952288872
Gula Konsumsi/Jambi/2024-12-27,14600.143003548896
Gula Konsumsi/Jambi/2024-12-28,14600.128594269614
Gula Konsumsi/Jambi/2024-12-29,14600.138001858288
Gula Konsumsi/Jambi/2024-12-30,14600.153213470418
Gula Konsumsi/Jambi/2024-12-31,14600.14429877148
Gula Konsumsi/Jawa Barat/2024-10-01,14600.158369775474
Gula Konsumsi/Jawa Barat/2024-10-02,14600.136617348116
Gula Konsumsi/Jawa Barat/2024-10-03,14600.146463676096
Gula Konsumsi/Jawa Barat/2024-10-04,14600.136578770507
Gula Konsumsi/Jawa Barat/2024-10-05,14600.122732166086
Gula Konsumsi/Jawa Barat/2024-10-06,14600.13435604338
Gula Konsumsi/Jawa Barat/2024-10-07,14600.1370002054
Gula Konsumsi/Jawa Barat/2024-10-08,14600.158360306452
Gula Konsumsi/Jawa Barat/2024-10-09,14600.126514289988
Gula Konsumsi/Jawa Barat/2024-10-10,14600.147643116996
Gula Konsumsi/Jawa Barat/2024-10-11,14600.136077357098
Gula Konsumsi/Jawa Barat/2024-10-12,14600.124849474563
Gula Konsumsi/Jawa Barat/2024-10-13,14600.142771993744
Gula Konsumsi/Jawa Barat/2024-10-14,14600.145740460352
Gula Konsumsi/Jawa Barat/2024-10-15,14600.144422798883
Gula Konsumsi/Jawa Barat/2024-10-16,14600.146183882533
Gula Konsumsi/Jawa Barat/2024-10-17,14600.153237571203
Gula Konsumsi/Jawa Barat/2024-10-18,14600.148418117573
Gula Konsumsi/Jawa Barat/2024-10-19,14600.138835895408
Gula Konsumsi/Jawa Barat/2024-10-20,14600.15087970085
Gula Konsumsi/Jawa Barat/2024-10-21,14600.1505619188
Gula Konsumsi/Jawa Barat/2024-10-22,14600.15527023597
Gula Konsumsi/Jawa Barat/2024-10-23,14600.161951283697
Gula Konsumsi/Jawa Barat/2024-10-24,14600.148922293078
Gula Konsumsi/Jawa Barat/2024-10-25,14600.148323532763
Gula Konsumsi/Jawa Barat/2024-10-26,14600.137972879058
Gula Konsumsi/Jawa Barat/2024-10-27,14600.14302549064
Gula Konsumsi/Jawa Barat/2024-10-28,14600.142957447664
Gula Konsumsi/Jawa Barat/2024-10-29,14600.149002133712
Gula Konsumsi/Jawa Barat/2024-10-30,14600.15795627898
Gula Konsumsi/Jawa Barat/2024-10-31,14600.136636287189
Gula Konsumsi/Jawa Barat/2024-11-01,14600.135785862296
Gula Konsumsi/Jawa Barat/2024-11-02,14600.158141476331
Gula Konsumsi/Jawa Barat/2024-11-03,14600.168591963957
Gula Konsumsi/Jawa Barat/2024-11-04,14600.13248685194
Gula Konsumsi/Jawa Barat/2024-11-05,14600.134044028102
Gula Konsumsi/Jawa Barat/2024-11-06,14600.126463621584
Gula Konsumsi/Jawa Barat/2024-11-07,14600.11457445016
Gula Konsumsi/Jawa Barat/2024-11-08,14600.149109527316
Gula Konsumsi/Jawa Barat/2024-11-09,14600.148860050447
Gula Konsumsi/Jawa Barat/2024-11-10,14600.138526049584
Gula Konsumsi/Jawa Barat/2024-11-11,14600.130746911853
Gula Konsumsi/Jawa Barat/2024-11-12,14600.124654105532
Gula Konsumsi/Jawa Barat/2024-11-13,14600.156638683438
Gula Konsumsi/Jawa Barat/2024-11-14,14600.13102174762
Gula Konsumsi/Jawa Barat/2024-11-15,14600.151541045032
Gula Konsumsi/Jawa Barat/2024-11-16,14600.145313802172
Gula Konsumsi/Jawa Barat/2024-11-17,14600.128555495725
Gula Konsumsi/Jawa Barat/2024-11-18,14600.13958212473
Gula Konsumsi/Jawa Barat/2024-11-19,14600.144370382372
Gula Konsumsi/Jawa Barat/2024-11-20,14600.13515949057
Gula Konsumsi/Jawa Barat/2024-11-21,14600.137287345302
Gula Konsumsi/Jawa Barat/2024-11-22,14600.14464583633
Gula Konsumsi/Jawa Barat/2024-11-23,14600.145766469152
Gula Konsumsi/Jawa Barat/2024-11-24,14600.137950775348
Gula Konsumsi/Jawa Barat/2024-11-25,14600.138921093756
Gula Konsumsi/Jawa Barat/2024-11-26,14600.1503105107
Gula Konsumsi/Jawa Barat/2024-11-27,14600.15416560827
Gula Konsumsi/Jawa Barat/2024-11-28,14600.153125643094
Gula Konsumsi/Jawa Barat/2024-11-29,14600.12827449401
Gula Konsumsi/Jawa Barat/2024-11-30,14600.14187310202
Gula Konsumsi/Jawa Barat/2024-12-01,14600.14526112152
Gula Konsumsi/Jawa Barat/2024-12-02,14600.135278747834
Gula Konsumsi/Jawa Barat/2024-12-03,14600.162188174643
Gula Konsumsi/Jawa Barat/2024-12-04,14600.152180828429
Gula Konsumsi/Jawa Barat/2024-12-05,14600.15020778328
Gula Konsumsi/Jawa Barat/2024-12-06,14600.160490350425
Gula Konsumsi/Jawa Barat/2024-12-07,14600.142533561757
Gula Konsumsi/Jawa Barat/2024-12-08,14600.130156720228
Gula Konsumsi/Jawa Barat/2024-12-09,14600.137371841967
Gula Konsumsi/Jawa Barat/2024-12-10,14600.165080880564
Gula Konsumsi/Jawa Barat/2024-12-11,14600.138405405383
Gula Konsumsi/Jawa Barat/2024-12-12,14600.145571578829
Gula Konsumsi/Jawa Barat/2024-12-13,14600.151671647316
Gula Konsumsi/Jawa Barat/2024-12-14,14600.129965133445
Gula Konsumsi/Jawa Barat/2024-12-15,14600.16046326386
Gula Konsumsi/Jawa Barat/2024-12-16,14600.1617640927
Gula Konsumsi/Jawa Barat/2024-12-17,14600.13743817428
Gula Konsumsi/Jawa Barat/2024-12-18,14600.142293437011
Gula Konsumsi/Jawa Barat/2024-12-19,14600.155042880142
Gula Konsumsi/Jawa Barat/2024-12-20,14600.156477224496
Gula Konsumsi/Jawa Barat/2024-12-21,14600.15510860236
Gula Konsumsi/Jawa Barat/2024-12-22,14600.144836721982
Gula Konsumsi/Jawa Barat/2024-12-23,14600.143278319372
Gula Konsumsi/Jawa Barat/2024-12-24,14600.141875324343
Gula Konsumsi/Jawa Barat/2024-12-25,14600.13758619305
Gula Konsumsi/Jawa Barat/2024-12-26,14600.14118453374
Gula Konsumsi/Jawa Barat/2024-12-27,14600.138195656258
Gula Konsumsi/Jawa Barat/2024-12-28,14600.130544150885
Gula Konsumsi/Jawa Barat/2024-12-29,14600.146354551676
Gula Konsumsi/Jawa Barat/2024-12-30,14600.144432665908
Gula Konsumsi/Jawa Barat/2024-12-31,14600.135259622695
Gula Konsumsi/Jawa Tengah/2024-10-01,14600.150540360164
Gula Konsumsi/Jawa Tengah/2024-10-02,14600.138047660554
Gula Konsumsi/Jawa Tengah/2024-10-03,14600.14000507265
Gula Konsumsi/Jawa Tengah/2024-10-04,14600.127577072437
Gula Konsumsi/Jawa Tengah/2024-10-05,14600.128780711337
Gula Konsumsi/Jawa Tengah/2024-10-06,14600.147180000224
Gula Konsumsi/Jawa Tengah/2024-10-07,14600.128744419018
Gula Konsumsi/Jawa Tengah/2024-10-08,14600.143711757752
Gula Konsumsi/Jawa Tengah/2024-10-09,14600.14563055341
Gula Konsumsi/Jawa Tengah/2024-10-10,14600.152035135869
Gula Konsumsi/Jawa Tengah/2024-10-11,14600.15158394643
Gula Konsumsi/Jawa Tengah/2024-10-12,14600.128745571774
Gula Konsumsi/Jawa Tengah/2024-10-13,14600.132963792956
Gula Konsumsi/Jawa Tengah/2024-10-14,14600.152588285222
Gula Konsumsi/Jawa Tengah/2024-10-15,14600.134058445889
Gula Konsumsi/Jawa Tengah/2024-10-16,14600.145483229966
Gula Konsumsi/Jawa Tengah/2024-10-17,14600.156472704217
Gula Konsumsi/Jawa Tengah/2024-10-18,14600.15074534004
Gula Konsumsi/Jawa Tengah/2024-10-19,14600.13223223436
Gula Konsumsi/Jawa Tengah/2024-10-20,14600.138470196547
Gula Konsumsi/Jawa Tengah/2024-10-21,14600.140745881625
Gula Konsumsi/Jawa Tengah/2024-10-22,14600.1489781496
Gula Konsumsi/Jawa Tengah/2024-10-23,14600.151539387038
Gula Konsumsi/Jawa Tengah/2024-10-24,14600.145989367202
Gula Konsumsi/Jawa Tengah/2024-10-25,14600.160956699652
Gula Konsumsi/Jawa Tengah/2024-10-26,14600.13167641438
Gula Konsumsi/Jawa Tengah/2024-10-27,14600.149966443718
Gula Konsumsi/Jawa Tengah/2024-10-28,14600.15563873337
Gula Konsumsi/Jawa Tengah/2024-10-29,14600.127858506548
Gula Konsumsi/Jawa Tengah/2024-10-30,14600.139914518226
Gula Konsumsi/Jawa Tengah/2024-10-31,14600.13655885252
Gula Konsumsi/Jawa Tengah/2024-11-01,14600.147927202312
Gula Konsumsi/Jawa Tengah/2024-11-02,14600.122742495623
Gula Konsumsi/Jawa Tengah/2024-11-03,14600.167323510046
Gula Konsumsi/Jawa Tengah/2024-11-04,14600.13015192475
Gula Konsumsi/Jawa Tengah/2024-11-05,14600.145262829788
Gula Konsumsi/Jawa Tengah/2024-11-06,14600.142291457863
Gula Konsumsi/Jawa Tengah/2024-11-07,14600.142828071628
Gula Konsumsi/Jawa Tengah/2024-11-08,14600.128152072048
Gula Konsumsi/Jawa Tengah/2024-11-09,14600.15500722488
Gula Konsumsi/Jawa Tengah/2024-11-10,14600.166169760518
Gula Konsumsi/Jawa Tengah/2024-11-11,14600.11965526281
Gula Konsumsi/Jawa Tengah/2024-11-12,14600.146312679068
Gula Konsumsi/Jawa Tengah/2024-11-13,14600.136373861364
Gula Konsumsi/Jawa Tengah/2024-11-14,14600.132601274678
Gula Konsumsi/Jawa Tengah/2024-11-15,14600.137222183595
Gula Konsumsi/Jawa Tengah/2024-11-16,14600.149215983958
Gula Konsumsi/Jawa Tengah/2024-11-17,14600.146177283796
Gula Konsumsi/Jawa Tengah/2024-11-18,14600.133193931038
Gula Konsumsi/Jawa Tengah/2024-11-19,14600.12608121123
Gula Konsumsi/Jawa Tengah/2024-11-20,14600.150444719444
Gula Konsumsi/Jawa Tengah/2024-11-21,14600.144545821788
Gula Konsumsi/Jawa Tengah/2024-11-22,14600.139048789448
Gula Konsumsi/Jawa Tengah/2024-11-23,14600.131175116836
Gula Konsumsi/Jawa Tengah/2024-11-24,14600.14288582798
Gula Konsumsi/Jawa Tengah/2024-11-25,14600.116193880136
Gula Konsumsi/Jawa Tengah/2024-11-26,14600.125204025151
Gula Konsumsi/Jawa Tengah/2024-11-27,14600.15397147637
Gula Konsumsi/Jawa Tengah/2024-11-28,14600.131820701436
Gula Konsumsi/Jawa Tengah/2024-11-29,14600.138079042425
Gula Konsumsi/Jawa Tengah/2024-11-30,14600.133206148716
Gula Konsumsi/Jawa Tengah/2024-12-01,14600.13297908454
Gula Konsumsi/Jawa Tengah/2024-12-02,14600.127218078074
Gula Konsumsi/Jawa Tengah/2024-12-03,14600.129439270402
Gula Konsumsi/Jawa Tengah/2024-12-04,14600.12826661597
Gula Konsumsi/Jawa Tengah/2024-12-05,14600.163786042243
Gula Konsumsi/Jawa Tengah/2024-12-06,14600.145340108062
Gula Konsumsi/Jawa Tengah/2024-12-07,14600.148155515546
Gula Konsumsi/Jawa Tengah/2024-12-08,14600.13010187087
Gula Konsumsi/Jawa Tengah/2024-12-09,14600.138515881708
Gula Konsumsi/Jawa Tengah/2024-12-10,14600.146654869655
Gula Konsumsi/Jawa Tengah/2024-12-11,14600.150382725687
Gula Konsumsi/Jawa Tengah/2024-12-12,14600.134341186476
Gula Konsumsi/Jawa Tengah/2024-12-13,14600.136421767123
Gula Konsumsi/Jawa Tengah/2024-12-14,14600.148979507583
Gula Konsumsi/Jawa Tengah/2024-12-15,14600.121578075274
Gula Konsumsi/Jawa Tengah/2024-12-16,14600.150311403257
Gula Konsumsi/Jawa Tengah/2024-12-17,14600.15317734209
Gula Konsumsi/Jawa Tengah/2024-12-18,14600.133397527534
Gula Konsumsi/Jawa Tengah/2024-12-19,14600.142390135365
Gula Konsumsi/Jawa Tengah/2024-12-20,14600.145445802738
Gula Konsumsi/Jawa Tengah/2024-12-21,14600.143027461105
Gula Konsumsi/Jawa Tengah/2024-12-22,14600.143918917944
Gula Konsumsi/Jawa Tengah/2024-12-23,14600.153898034556
Gula Konsumsi/Jawa Tengah/2024-12-24,14600.14634824676
Gula Konsumsi/Jawa Tengah/2024-12-25,14600.137666793602
Gula Konsumsi/Jawa Tengah/2024-12-26,14600.132772469797
Gula Konsumsi/Jawa Tengah/2024-12-27,14600.142478474962
Gula Konsumsi/Jawa Tengah/2024-12-28,14600.142481112309
Gula Konsumsi/Jawa Tengah/2024-12-29,14600.149020197356
Gula Konsumsi/Jawa Tengah/2024-12-30,14600.142589382944
Gula Konsumsi/Jawa Tengah/2024-12-31,14600.15371872489
Gula Konsumsi/Jawa Timur/2024-10-01,14600.117952210268
Gula Konsumsi/Jawa Timur/2024-10-02,14600.146310899563
Gula Konsumsi/Jawa Timur/2024-10-03,14600.162314901854
Gula Konsumsi/Jawa Timur/2024-10-04,14600.155352287074
Gula Konsumsi/Jawa Timur/2024-10-05,14600.150075920734
Gula Konsumsi/Jawa Timur/2024-10-06,14600.157683908565
Gula Konsumsi/Jawa Timur/2024-10-07,14600.12428734413
Gula Konsumsi/Jawa Timur/2024-10-08,14600.133324920993
Gula Konsumsi/Jawa Timur/2024-10-09,14600.143663400067
Gula Konsumsi/Jawa Timur/2024-10-10,14600.143477474208
Gula Konsumsi/Jawa Timur/2024-10-11,14600.131635543112
Gula Konsumsi/Jawa Timur/2024-10-12,14600.135644618094
Gula Konsumsi/Jawa Timur/2024-10-13,14600.133535464653
Gula Konsumsi/Jawa Timur/2024-10-14,14600.135423769454
Gula Konsumsi/Jawa Timur/2024-10-15,14600.147261463904
Gula Konsumsi/Jawa Timur/2024-10-16,14600.143275962802
Gula Konsumsi/Jawa Timur/2024-10-17,14600.124908707268
Gula Konsumsi/Jawa Timur/2024-10-18,14600.150526111667
Gula Konsumsi/Jawa Timur/2024-10-19,14600.133233093888
Gula Konsumsi/Jawa Timur/2024-10-20,14600.160642621828
Gula Konsumsi/Jawa Timur/2024-10-21,14600.14987414898
Gula Konsumsi/Jawa Timur/2024-10-22,14600.145374077983
Gula Konsumsi/Jawa Timur/2024-10-23,14600.122390844344
Gula Konsumsi/Jawa Timur/2024-10-24,14600.155121942753
Gula Konsumsi/Jawa Timur/2024-10-25,14600.15955757127
Gula Konsumsi/Jawa Timur/2024-10-26,14600.138751519276
Gula Konsumsi/Jawa Timur/2024-10-27,14600.141943630537
Gula Konsumsi/Jawa Timur/2024-10-28,14600.148583285649
Gula Konsumsi/Jawa Timur/2024-10-29,14600.127470006471
Gula Konsumsi/Jawa Timur/2024-10-30,14600.14492142064
Gula Konsumsi/Jawa Timur/2024-10-31,14600.139434890256
Gula Konsumsi/Jawa Timur/2024-11-01,14600.142304898503
Gula Konsumsi/Jawa Timur/2024-11-02,14600.152553274518
Gula Konsumsi/Jawa Timur/2024-11-03,14600.15022400766
Gula Konsumsi/Jawa Timur/2024-11-04,14600.156202204784
Gula Konsumsi/Jawa Timur/2024-11-05,14600.148795929052
Gula Konsumsi/Jawa Timur/2024-11-06,14600.14751764157
Gula Konsumsi/Jawa Timur/2024-11-07,14600.140909294094
Gula Konsumsi/Jawa Timur/2024-11-08,14600.157989940966
Gula Konsumsi/Jawa Timur/2024-11-09,14600.146571642788
Gula Konsumsi/Jawa Timur/2024-11-10,14600.136961086975
Gula Konsumsi/Jawa Timur/2024-11-11,14600.136965882331
Gula Konsumsi/Jawa Timur/2024-11-12,14600.137526975066
Gula Konsumsi/Jawa Timur/2024-11-13,14600.129265146412
Gula Konsumsi/Jawa Timur/2024-11-14,14600.145481631893
Gula Konsumsi/Jawa Timur/2024-11-15,14600.151789972351
Gula Konsumsi/Jawa Timur/2024-11-16,14600.154652069314
Gula Konsumsi/Jawa Timur/2024-11-17,14600.15091201807
Gula Konsumsi/Jawa Timur/2024-11-18,14600.12463444968
Gula Konsumsi/Jawa Timur/2024-11-19,14600.139867031485
Gula Konsumsi/Jawa Timur/2024-11-20,14600.128198592603
Gula Konsumsi/Jawa Timur/2024-11-21,14600.142263155163
Gula Konsumsi/Jawa Timur/2024-11-22,14600.142425970052
Gula Konsumsi/Jawa Timur/2024-11-23,14600.139533438376
Gula Konsumsi/Jawa Timur/2024-11-24,14600.14504316122
Gula Konsumsi/Jawa Timur/2024-11-25,14600.15416769536
Gula Konsumsi/Jawa Timur/2024-11-26,14600.137956806408
Gula Konsumsi/Jawa Timur/2024-11-27,14600.14483081388
Gula Konsumsi/Jawa Timur/2024-11-28,14600.139608188843
Gula Konsumsi/Jawa Timur/2024-11-29,14600.1385461091
Gula Konsumsi/Jawa Timur/2024-11-30,14600.145422583784
Gula Konsumsi/Jawa Timur/2024-12-01,14600.142714021831
Gula Konsumsi/Jawa Timur/2024-12-02,14600.150697227697
Gula Konsumsi/Jawa Timur/2024-12-03,14600.145653471762
Gula Konsumsi/Jawa Timur/2024-12-04,14600.145759744091
Gula Konsumsi/Jawa Timur/2024-12-05,14600.146095066635
Gula Konsumsi/Jawa Timur/2024-12-06,14600.14893412316
Gula Konsumsi/Jawa Timur/2024-12-07,14600.155184157273
Gula Konsumsi/Jawa Timur/2024-12-08,14600.13319968737
Gula Konsumsi/Jawa Timur/2024-12-09,14600.147089482003
Gula Konsumsi/Jawa Timur/2024-12-10,14600.136231642857
Gula Konsumsi/Jawa Timur/2024-12-11,14600.160143591042
Gula Konsumsi/Jawa Timur/2024-12-12,14600.125258313596
Gula Konsumsi/Jawa Timur/2024-12-13,14600.14681261784
Gula Konsumsi/Jawa Timur/2024-12-14,14600.150049794292
Gula Konsumsi/Jawa Timur/2024-12-15,14600.13281217631
Gula Konsumsi/Jawa Timur/2024-12-16,14600.138531514123
Gula Konsumsi/Jawa Timur/2024-12-17,14600.157332300554
Gula Konsumsi/Jawa Timur/2024-12-18,14600.139898078538
Gula Konsumsi/Jawa Timur/2024-12-19,14600.127232643315
Gula Konsumsi/Jawa Timur/2024-12-20,14600.17019421853
Gula Konsumsi/Jawa Timur/2024-12-21,14600.152155239342
Gula Konsumsi/Jawa Timur/2024-12-22,14600.150637197508
Gula Konsumsi/Jawa Timur/2024-12-23,14600.152881615835
Gula Konsumsi/Jawa Timur/2024-12-24,14600.147645930938
Gula Konsumsi/Jawa Timur/2024-12-25,14600.13308487228
Gula Konsumsi/Jawa Timur/2024-12-26,14600.145217033449
Gula Konsumsi/Jawa Timur/2024-12-27,14600.14841348834
Gula Konsumsi/Jawa Timur/2024-12-28,14600.133149125448
Gula Konsumsi/Jawa Timur/2024-12-29,14600.13573306692
Gula Konsumsi/Jawa Timur/2024-12-30,14600.138000214682
Gula Konsumsi/Jawa Timur/2024-12-31,14600.132329682934
Gula Konsumsi/Kalimantan Barat/2024-10-01,14600.137998446471
Gula Konsumsi/Kalimantan Barat/2024-10-02,14600.141430285605
Gula Konsumsi/Kalimantan Barat/2024-10-03,14600.146614815996
Gula Konsumsi/Kalimantan Barat/2024-10-04,14600.135261082198
Gula Konsumsi/Kalimantan Barat/2024-10-05,14600.155701788852
Gula Konsumsi/Kalimantan Barat/2024-10-06,14600.130136772936
Gula Konsumsi/Kalimantan Barat/2024-10-07,14600.153293791387
Gula Konsumsi/Kalimantan Barat/2024-10-08,14600.14385566934
Gula Konsumsi/Kalimantan Barat/2024-10-09,14600.1546505626
Gula Konsumsi/Kalimantan Barat/2024-10-10,14600.146049888994
Gula Konsumsi/Kalimantan Barat/2024-10-11,14600.138771091604
Gula Konsumsi/Kalimantan Barat/2024-10-12,14600.152695249604
Gula Konsumsi/Kalimantan Barat/2024-10-13,14600.13766367028
Gula Konsumsi/Kalimantan Barat/2024-10-14,14600.13366776345
Gula Konsumsi/Kalimantan Barat/2024-10-15,14600.138656774903
Gula Konsumsi/Kalimantan Barat/2024-10-16,14600.156339567033
Gula Konsumsi/Kalimantan Barat/2024-10-17,14600.1462504327
Gula Konsumsi/Kalimantan Barat/2024-10-18,14600.136712975263
Gula Konsumsi/Kalimantan Barat/2024-10-19,14600.125352226762
Gula Konsumsi/Kalimantan Barat/2024-10-20,14600.14334847893
Gula Konsumsi/Kalimantan Barat/2024-10-21,14600.14552461947
Gula Konsumsi/Kalimantan Barat/2024-10-22,14600.13569412386
Gula Konsumsi/Kalimantan Barat/2024-10-23,14600.137852391284
Gula Konsumsi/Kalimantan Barat/2024-10-24,14600.141824646606
Gula Konsumsi/Kalimantan Barat/2024-10-25,14600.131735281995
Gula Konsumsi/Kalimantan Barat/2024-10-26,14600.137651581106
Gula Konsumsi/Kalimantan Barat/2024-10-27,14600.143154269184
Gula Konsumsi/Kalimantan Barat/2024-10-28,14600.124746861557
Gula Konsumsi/Kalimantan Barat/2024-10-29,14600.162070382788
Gula Konsumsi/Kalimantan Barat/2024-10-30,14600.143537683396
Gula Konsumsi/Kalimantan Barat/2024-10-31,14600.129769071038
Gula Konsumsi/Kalimantan Barat/2024-11-01,14600.141112944888
Gula Konsumsi/Kalimantan Barat/2024-11-02,14600.14580583836
Gula Konsumsi/Kalimantan Barat/2024-11-03,14600.129446371397
Gula Konsumsi/Kalimantan Barat/2024-11-04,14600.143233865858
Gula Konsumsi/Kalimantan Barat/2024-11-05,14600.134644293628
Gula Konsumsi/Kalimantan Barat/2024-11-06,14600.14717580044
Gula Konsumsi/Kalimantan Barat/2024-11-07,14600.13577389789
Gula Konsumsi/Kalimantan Barat/2024-11-08,14600.139733595255
Gula Konsumsi/Kalimantan Barat/2024-11-09,14600.137564475084
Gula Konsumsi/Kalimantan Barat/2024-11-10,14600.150005618429
Gula Konsumsi/Kalimantan Barat/2024-11-11,14600.1410905965
Gula Konsumsi/Kalimantan Barat/2024-11-12,14600.135684560426
Gula Konsumsi/Kalimantan Barat/2024-11-13,14600.130063258095
Gula Konsumsi/Kalimantan Barat/2024-11-14,14600.146794931408
Gula Konsumsi/Kalimantan Barat/2024-11-15,14600.147477315477
Gula Konsumsi/Kalimantan Barat/2024-11-16,14600.144972645458
Gula Konsumsi/Kalimantan Barat/2024-11-17,14600.138266881837
Gula Konsumsi/Kalimantan Barat/2024-11-18,14600.142833449592
Gula Konsumsi/Kalimantan Barat/2024-11-19,14600.133606616111
Gula Konsumsi/Kalimantan Barat/2024-11-20,14600.136316217446
Gula Konsumsi/Kalimantan Barat/2024-11-21,14600.158340457368
Gula Konsumsi/Kalimantan Barat/2024-11-22,14600.142269426218
Gula Konsumsi/Kalimantan Barat/2024-11-23,14600.15750520555
Gula Konsumsi/Kalimantan Barat/2024-11-24,14600.126229425938
Gula Konsumsi/Kalimantan Barat/2024-11-25,14600.125917456313
Gula Konsumsi/Kalimantan Barat/2024-11-26,14600.153450075102
Gula Konsumsi/Kalimantan Barat/2024-11-27,14600.142135373908
Gula Konsumsi/Kalimantan Barat/2024-11-28,14600.142496119175
Gula Konsumsi/Kalimantan Barat/2024-11-29,14600.128217723704
Gula Konsumsi/Kalimantan Barat/2024-11-30,14600.132493399286
Gula Konsumsi/Kalimantan Barat/2024-12-01,14600.147931608595
Gula Konsumsi/Kalimantan Barat/2024-12-02,14600.143067023357
Gula Konsumsi/Kalimantan Barat/2024-12-03,14600.138279419944
Gula Konsumsi/Kalimantan Barat/2024-12-04,14600.155472244256
Gula Konsumsi/Kalimantan Barat/2024-12-05,14600.130768850193
Gula Konsumsi/Kalimantan Barat/2024-12-06,14600.143895012348
Gula Konsumsi/Kalimantan Barat/2024-12-07,14600.15407145895
Gula Konsumsi/Kalimantan Barat/2024-12-08,14600.13402241532
Gula Konsumsi/Kalimantan Barat/2024-12-09,14600.13585214308
Gula Konsumsi/Kalimantan Barat/2024-12-10,14600.149910388578
Gula Konsumsi/Kalimantan Barat/2024-12-11,14600.121878861915
Gula Konsumsi/Kalimantan Barat/2024-12-12,14600.149430790774
Gula Konsumsi/Kalimantan Barat/2024-12-13,14600.161374297611
Gula Konsumsi/Kalimantan Barat/2024-12-14,14600.129634836803
Gula Konsumsi/Kalimantan Barat/2024-12-15,14600.1437848815
Gula Konsumsi/Kalimantan Barat/2024-12-16,14600.140195010536
Gula Konsumsi/Kalimantan Barat/2024-12-17,14600.141220914604
Gula Konsumsi/Kalimantan Barat/2024-12-18,14600.151829942277
Gula Konsumsi/Kalimantan Barat/2024-12-19,14600.141243289652
Gula Konsumsi/Kalimantan Barat/2024-12-20,14600.147675701146
Gula Konsumsi/Kalimantan Barat/2024-12-21,14600.15292574694
Gula Konsumsi/Kalimantan Barat/2024-12-22,14600.156806348945
Gula Konsumsi/Kalimantan Barat/2024-12-23,14600.143312089394
Gula Konsumsi/Kalimantan Barat/2024-12-24,14600.140320493509
Gula Konsumsi/Kalimantan Barat/2024-12-25,14600.135080630267
Gula Konsumsi/Kalimantan Barat/2024-12-26,14600.141710814629
Gula Konsumsi/Kalimantan Barat/2024-12-27,14600.131484336553
Gula Konsumsi/Kalimantan Barat/2024-12-28,14600.145158103878
Gula Konsumsi/Kalimantan Barat/2024-12-29,14600.150189583328
Gula Konsumsi/Kalimantan Barat/2024-12-30,14600.148674871696
Gula Konsumsi/Kalimantan Barat/2024-12-31,14600.127178074454
Gula Konsumsi/Kalimantan Selatan/2024-10-01,14600.140149595103
Gula Konsumsi/Kalimantan Selatan/2024-10-02,14600.145660869097
Gula Konsumsi/Kalimantan Selatan/2024-10-03,14600.149710971184
Gula Konsumsi/Kalimantan Selatan/2024-10-04,14600.152599042049
Gula Konsumsi/Kalimantan Selatan/2024-10-05,14600.157626240663
Gula Konsumsi/Kalimantan Selatan/2024-10-06,14600.1424694957
Gula Konsumsi/Kalimantan Selatan/2024-10-07,14600.136783846969
Gula Konsumsi/Kalimantan Selatan/2024-10-08,14600.151751620231
Gula Konsumsi/Kalimantan Selatan/2024-10-09,14600.137970188622
Gula Konsumsi/Kalimantan Selatan/2024-10-10,14600.132537032596
Gula Konsumsi/Kalimantan Selatan/2024-10-11,14600.15276385257
Gula Konsumsi/Kalimantan Selatan/2024-10-12,14600.141063844538
Gula Konsumsi/Kalimantan Selatan/2024-10-13,14600.151528868351
Gula Konsumsi/Kalimantan Selatan/2024-10-14,14600.143120245004
Gula Konsumsi/Kalimantan Selatan/2024-10-15,14600.14994669098
Gula Konsumsi/Kalimantan Selatan/2024-10-16,14600.13515718898
Gula Konsumsi/Kalimantan Selatan/2024-10-17,14600.15042560944
Gula Konsumsi/Kalimantan Selatan/2024-10-18,14600.13570665851
Gula Konsumsi/Kalimantan Selatan/2024-10-19,14600.148833332243
Gula Konsumsi/Kalimantan Selatan/2024-10-20,14600.159838327105
Gula Konsumsi/Kalimantan Selatan/2024-10-21,14600.14086401982
Gula Konsumsi/Kalimantan Selatan/2024-10-22,14600.156040737813
Gula Konsumsi/Kalimantan Selatan/2024-10-23,14600.136798185413
Gula Konsumsi/Kalimantan Selatan/2024-10-24,14600.148660695302
Gula Konsumsi/Kalimantan Selatan/2024-10-25,14600.151573150066
Gula Konsumsi/Kalimantan Selatan/2024-10-26,14600.140927744344
Gula Konsumsi/Kalimantan Selatan/2024-10-27,14600.149699845286
Gula Konsumsi/Kalimantan Selatan/2024-10-28,14600.15242791023
Gula Konsumsi/Kalimantan Selatan/2024-10-29,14600.14415933816
Gula Konsumsi/Kalimantan Selatan/2024-10-30,14600.143304546707
Gula Konsumsi/Kalimantan Selatan/2024-10-31,14600.148036161538
Gula Konsumsi/Kalimantan Selatan/2024-11-01,14600.131622106952
Gula Konsumsi/Kalimantan Selatan/2024-11-02,14600.146711393803
Gula Konsumsi/Kalimantan Selatan/2024-11-03,14600.140628113577
Gula Konsumsi/Kalimantan Selatan/2024-11-04,14600.148107995994
Gula Konsumsi/Kalimantan Selatan/2024-11-05,14600.141641442546
Gula Konsumsi/Kalimantan Selatan/2024-11-06,14600.147263023571
Gula Konsumsi/Kalimantan Selatan/2024-11-07,14600.136616936754
Gula Konsumsi/Kalimantan Selatan/2024-11-08,14600.164696744429
Gula Konsumsi/Kalimantan Selatan/2024-11-09,14600.132856929258
Gula Konsumsi/Kalimantan Selatan/2024-11-10,14600.141948723012
Gula Konsumsi/Kalimantan Selatan/2024-11-11,14600.155623398125
Gula Konsumsi/Kalimantan Selatan/2024-11-12,14600.126959831676
Gula Konsumsi/Kalimantan Selatan/2024-11-13,14600.14342961118
Gula Konsumsi/Kalimantan Selatan/2024-11-14,14600.133931494154
Gula Konsumsi/Kalimantan Selatan/2024-11-15,14600.141920397697
Gula Konsumsi/Kalimantan Selatan/2024-11-16,14600.128965128368
Gula Konsumsi/Kalimantan Selatan/2024-11-17,14600.130666649678
Gula Konsumsi/Kalimantan Selatan/2024-11-18,14600.14163643215
Gula Konsumsi/Kalimantan Selatan/2024-11-19,14600.144880636171
Gula Konsumsi/Kalimantan Selatan/2024-11-20,14600.137766148448
Gula Konsumsi/Kalimantan Selatan/2024-11-21,14600.1530369328
Gula Konsumsi/Kalimantan Selatan/2024-11-22,14600.14237003814
Gula Konsumsi/Kalimantan Selatan/2024-11-23,14600.138355357434
Gula Konsumsi/Kalimantan Selatan/2024-11-24,14600.150861838238
Gula Konsumsi/Kalimantan Selatan/2024-11-25,14600.133110742603
Gula Konsumsi/Kalimantan Selatan/2024-11-26,14600.152676866985
Gula Konsumsi/Kalimantan Selatan/2024-11-27,14600.14937187874
Gula Konsumsi/Kalimantan Selatan/2024-11-28,14600.134985836636
Gula Konsumsi/Kalimantan Selatan/2024-11-29,14600.148516478675
Gula Konsumsi/Kalimantan Selatan/2024-11-30,14600.132391596257
Gula Konsumsi/Kalimantan Selatan/2024-12-01,14600.146756015947
Gula Konsumsi/Kalimantan Selatan/2024-12-02,14600.116830194744
Gula Konsumsi/Kalimantan Selatan/2024-12-03,14600.142579898826
Gula Konsumsi/Kalimantan Selatan/2024-12-04,14600.147888804582
Gula Konsumsi/Kalimantan Selatan/2024-12-05,14600.13860776114
Gula Konsumsi/Kalimantan Selatan/2024-12-06,14600.14851947987
Gula Konsumsi/Kalimantan Selatan/2024-12-07,14600.147783116588
Gula Konsumsi/Kalimantan Selatan/2024-12-08,14600.146963262225
Gula Konsumsi/Kalimantan Selatan/2024-12-09,14600.135377935238
Gula Konsumsi/Kalimantan Selatan/2024-12-10,14600.1396689936
Gula Konsumsi/Kalimantan Selatan/2024-12-11,14600.145254820163
Gula Konsumsi/Kalimantan Selatan/2024-12-12,14600.138223657925
Gula Konsumsi/Kalimantan Selatan/2024-12-13,14600.140391637133
Gula Konsumsi/Kalimantan Selatan/2024-12-14,14600.144543940123
Gula Konsumsi/Kalimantan Selatan/2024-12-15,14600.117661694709
Gula Konsumsi/Kalimantan Selatan/2024-12-16,14600.143279736149
Gula Konsumsi/Kalimantan Selatan/2024-12-17,14600.146044369094
Gula Konsumsi/Kalimantan Selatan/2024-12-18,14600.127195109211
Gula Konsumsi/Kalimantan Selatan/2024-12-19,14600.151165786254
Gula Konsumsi/Kalimantan Selatan/2024-12-20,14600.137372019137
Gula Konsumsi/Kalimantan Selatan/2024-12-21,14600.13879919744
Gula Konsumsi/Kalimantan Selatan/2024-12-22,14600.154986279296
Gula Konsumsi/Kalimantan Selatan/2024-12-23,14600.145901621629
Gula Konsumsi/Kalimantan Selatan/2024-12-24,14600.123822217089
Gula Konsumsi/Kalimantan Selatan/2024-12-25,14600.15182236959
Gula Konsumsi/Kalimantan Selatan/2024-12-26,14600.144307486273
Gula Konsumsi/Kalimantan Selatan/2024-12-27,14600.123269219754
Gula Konsumsi/Kalimantan Selatan/2024-12-28,14600.14049030381
Gula Konsumsi/Kalimantan Selatan/2024-12-29,14600.147514489445
Gula Konsumsi/Kalimantan Selatan/2024-12-30,14600.154554900204
Gula Konsumsi/Kalimantan Selatan/2024-12-31,14600.149814453458
Gula Konsumsi/Kalimantan Tengah/2024-10-01,14600.14013695637
Gula Konsumsi/Kalimantan Tengah/2024-10-02,14600.131005026044
Gula Konsumsi/Kalimantan Tengah/2024-10-03,14600.157085181643
Gula Konsumsi/Kalimantan Tengah/2024-10-04,14600.13544422361
Gula Konsumsi/Kalimantan Tengah/2024-10-05,14600.143034181914
Gula Konsumsi/Kalimantan Tengah/2024-10-06,14600.153783407988
Gula Konsumsi/Kalimantan Tengah/2024-10-07,14600.168366716794
Gula Konsumsi/Kalimantan Tengah/2024-10-08,14600.147674282216
Gula Konsumsi/Kalimantan Tengah/2024-10-09,14600.14317158708
Gula Konsumsi/Kalimantan Tengah/2024-10-10,14600.13795335654
Gula Konsumsi/Kalimantan Tengah/2024-10-11,14600.153140572773
Gula Konsumsi/Kalimantan Tengah/2024-10-12,14600.151689638133
Gula Konsumsi/Kalimantan Tengah/2024-10-13,14600.142177902018
Gula Konsumsi/Kalimantan Tengah/2024-10-14,14600.149266057624
Gula Konsumsi/Kalimantan Tengah/2024-10-15,14600.160224116877
Gula Konsumsi/Kalimantan Tengah/2024-10-16,14600.145143584174
Gula Konsumsi/Kalimantan Tengah/2024-10-17,14600.148204303105
Gula Konsumsi/Kalimantan Tengah/2024-10-18,14600.153807138411
Gula Konsumsi/Kalimantan Tengah/2024-10-19,14600.153454796246
Gula Konsumsi/Kalimantan Tengah/2024-10-20,14600.13607084784
Gula Konsumsi/Kalimantan Tengah/2024-10-21,14600.134091300062
Gula Konsumsi/Kalimantan Tengah/2024-10-22,14600.148529158836
Gula Konsumsi/Kalimantan Tengah/2024-10-23,14600.134405575203
Gula Konsumsi/Kalimantan Tengah/2024-10-24,14600.146943016607
Gula Konsumsi/Kalimantan Tengah/2024-10-25,14600.154605527869
Gula Konsumsi/Kalimantan Tengah/2024-10-26,14600.144505225411
Gula Konsumsi/Kalimantan Tengah/2024-10-27,14600.124562898513
Gula Konsumsi/Kalimantan Tengah/2024-10-28,14600.147041763175
Gula Konsumsi/Kalimantan Tengah/2024-10-29,14600.122818333708
Gula Konsumsi/Kalimantan Tengah/2024-10-30,14600.135064536602
Gula Konsumsi/Kalimantan Tengah/2024-10-31,14600.136817042585
Gula Konsumsi/Kalimantan Tengah/2024-11-01,14600.145017073251
Gula Konsumsi/Kalimantan Tengah/2024-11-02,14600.14772410139
Gula Konsumsi/Kalimantan Tengah/2024-11-03,14600.133050347731
Gula Konsumsi/Kalimantan Tengah/2024-11-04,14600.142022694845
Gula Konsumsi/Kalimantan Tengah/2024-11-05,14600.150871313945
Gula Konsumsi/Kalimantan Tengah/2024-11-06,14600.139800806171
Gula Konsumsi/Kalimantan Tengah/2024-11-07,14600.14579050701
Gula Konsumsi/Kalimantan Tengah/2024-11-08,14600.146945928118
Gula Konsumsi/Kalimantan Tengah/2024-11-09,14600.146033120232
Gula Konsumsi/Kalimantan Tengah/2024-11-10,14600.136139521544
Gula Konsumsi/Kalimantan Tengah/2024-11-11,14600.155206846388
Gula Konsumsi/Kalimantan Tengah/2024-11-12,14600.136726398874
Gula Konsumsi/Kalimantan Tengah/2024-11-13,14600.148341042268
Gula Konsumsi/Kalimantan Tengah/2024-11-14,14600.135108310811
Gula Konsumsi/Kalimantan Tengah/2024-11-15,14600.1358511622
Gula Konsumsi/Kalimantan Tengah/2024-11-16,14600.147454873746
Gula Konsumsi/Kalimantan Tengah/2024-11-17,14600.152467951722
Gula Konsumsi/Kalimantan Tengah/2024-11-18,14600.137505784389
Gula Konsumsi/Kalimantan Tengah/2024-11-19,14600.14709519763
Gula Konsumsi/Kalimantan Tengah/2024-11-20,14600.146862621046
Gula Konsumsi/Kalimantan Tengah/2024-11-21,14600.134515604324
Gula Konsumsi/Kalimantan Tengah/2024-11-22,14600.143384533476
Gula Konsumsi/Kalimantan Tengah/2024-11-23,14600.144952967154
Gula Konsumsi/Kalimantan Tengah/2024-11-24,14600.139364244493
Gula Konsumsi/Kalimantan Tengah/2024-11-25,14600.136351724055
Gula Konsumsi/Kalimantan Tengah/2024-11-26,14600.179593749372
Gula Konsumsi/Kalimantan Tengah/2024-11-27,14600.148618250372
Gula Konsumsi/Kalimantan Tengah/2024-11-28,14600.15062240148
Gula Konsumsi/Kalimantan Tengah/2024-11-29,14600.120895206324
Gula Konsumsi/Kalimantan Tengah/2024-11-30,14600.1475726742
Gula Konsumsi/Kalimantan Tengah/2024-12-01,14600.123942334203
Gula Konsumsi/Kalimantan Tengah/2024-12-02,14600.132230757476
Gula Konsumsi/Kalimantan Tengah/2024-12-03,14600.134798160325
Gula Konsumsi/Kalimantan Tengah/2024-12-04,14600.140954963304
Gula Konsumsi/Kalimantan Tengah/2024-12-05,14600.142746764892
Gula Konsumsi/Kalimantan Tengah/2024-12-06,14600.15575956988
Gula Konsumsi/Kalimantan Tengah/2024-12-07,14600.13243407203
Gula Konsumsi/Kalimantan Tengah/2024-12-08,14600.127532008511
Gula Konsumsi/Kalimantan Tengah/2024-12-09,14600.151263105108
Gula Konsumsi/Kalimantan Tengah/2024-12-10,14600.133173960405
Gula Konsumsi/Kalimantan Tengah/2024-12-11,14600.148956180712
Gula Konsumsi/Kalimantan Tengah/2024-12-12,14600.124925838418
Gula Konsumsi/Kalimantan Tengah/2024-12-13,14600.13715800221
Gula Konsumsi/Kalimantan Tengah/2024-12-14,14600.11803838161
Gula Konsumsi/Kalimantan Tengah/2024-12-15,14600.143776742008
Gula Konsumsi/Kalimantan Tengah/2024-12-16,14600.11778231166
Gula Konsumsi/Kalimantan Tengah/2024-12-17,14600.139445041175
Gula Konsumsi/Kalimantan Tengah/2024-12-18,14600.129626825345
Gula Konsumsi/Kalimantan Tengah/2024-12-19,14600.14334060822
Gula Konsumsi/Kalimantan Tengah/2024-12-20,14600.154038568418
Gula Konsumsi/Kalimantan Tengah/2024-12-21,14600.143807710165
Gula Konsumsi/Kalimantan Tengah/2024-12-22,14600.141379430845
Gula Konsumsi/Kalimantan Tengah/2024-12-23,14600.138161521914
Gula Konsumsi/Kalimantan Tengah/2024-12-24,14600.129668287447
Gula Konsumsi/Kalimantan Tengah/2024-12-25,14600.130932962253
Gula Konsumsi/Kalimantan Tengah/2024-12-26,14600.144570333849
Gula Konsumsi/Kalimantan Tengah/2024-12-27,14600.125464626251
Gula Konsumsi/Kalimantan Tengah/2024-12-28,14600.151932250035
Gula Konsumsi/Kalimantan Tengah/2024-12-29,14600.14261657489
Gula Konsumsi/Kalimantan Tengah/2024-12-30,14600.152525115342
Gula Konsumsi/Kalimantan Tengah/2024-12-31,14600.135337058517
Gula Konsumsi/Kalimantan Timur/2024-10-01,14600.157553165938
Gula Konsumsi/Kalimantan Timur/2024-10-02,14600.147669727296
Gula Konsumsi/Kalimantan Timur/2024-10-03,14600.146667942496
Gula Konsumsi/Kalimantan Timur/2024-10-04,14600.154037637014
Gula Konsumsi/Kalimantan Timur/2024-10-05,14600.129873750238
Gula Konsumsi/Kalimantan Timur/2024-10-06,14600.1491656873
Gula Konsumsi/Kalimantan Timur/2024-10-07,14600.141528052269
Gula Konsumsi/Kalimantan Timur/2024-10-08,14600.137164804491
Gula Konsumsi/Kalimantan Timur/2024-10-09,14600.124553788948
Gula Konsumsi/Kalimantan Timur/2024-10-10,14600.1568325722
Gula Konsumsi/Kalimantan Timur/2024-10-11,14600.131071181857
Gula Konsumsi/Kalimantan Timur/2024-10-12,14600.136601060583
Gula Konsumsi/Kalimantan Timur/2024-10-13,14600.13302299134
Gula Konsumsi/Kalimantan Timur/2024-10-14,14600.14697153563
Gula Konsumsi/Kalimantan Timur/2024-10-15,14600.152548503454
Gula Konsumsi/Kalimantan Timur/2024-10-16,14600.129451943005
Gula Konsumsi/Kalimantan Timur/2024-10-17,14600.150527124912
Gula Konsumsi/Kalimantan Timur/2024-10-18,14600.136318741672
Gula Konsumsi/Kalimantan Timur/2024-10-19,14600.133535050336
Gula Konsumsi/Kalimantan Timur/2024-10-20,14600.153732879558
Gula Konsumsi/Kalimantan Timur/2024-10-21,14600.140375990728
Gula Konsumsi/Kalimantan Timur/2024-10-22,14600.146715028415
Gula Konsumsi/Kalimantan Timur/2024-10-23,14600.143261866911
Gula Konsumsi/Kalimantan Timur/2024-10-24,14600.127033678937
Gula Konsumsi/Kalimantan Timur/2024-10-25,14600.138587695306
Gula Konsumsi/Kalimantan Timur/2024-10-26,14600.136514683392
Gula Konsumsi/Kalimantan Timur/2024-10-27,14600.151029804809
Gula Konsumsi/Kalimantan Timur/2024-10-28,14600.126341523295
Gula Konsumsi/Kalimantan Timur/2024-10-29,14600.1471772727
Gula Konsumsi/Kalimantan Timur/2024-10-30,14600.148932065757
Gula Konsumsi/Kalimantan Timur/2024-10-31,14600.120383065772
Gula Konsumsi/Kalimantan Timur/2024-11-01,14600.12286438968
Gula Konsumsi/Kalimantan Timur/2024-11-02,14600.134495600789
Gula Konsumsi/Kalimantan Timur/2024-11-03,14600.15306444864
Gula Konsumsi/Kalimantan Timur/2024-11-04,14600.1307723206
Gula Konsumsi/Kalimantan Timur/2024-11-05,14600.148948343209
Gula Konsumsi/Kalimantan Timur/2024-11-06,14600.15957919752
Gula Konsumsi/Kalimantan Timur/2024-11-07,14600.135693391228
Gula Konsumsi/Kalimantan Timur/2024-11-08,14600.13527755409
Gula Konsumsi/Kalimantan Timur/2024-11-09,14600.138800110388
Gula Konsumsi/Kalimantan Timur/2024-11-10,14600.130567003602
Gula Konsumsi/Kalimantan Timur/2024-11-11,14600.156135272451
Gula Konsumsi/Kalimantan Timur/2024-11-12,14600.147818847568
Gula Konsumsi/Kalimantan Timur/2024-11-13,14600.147338689523
Gula Konsumsi/Kalimantan Timur/2024-11-14,14600.143788025072
Gula Konsumsi/Kalimantan Timur/2024-11-15,14600.15558998081
Gula Konsumsi/Kalimantan Timur/2024-11-16,14600.142782804947
Gula Konsumsi/Kalimantan Timur/2024-11-17,14600.137231135164
Gula Konsumsi/Kalimantan Timur/2024-11-18,14600.136495894898
Gula Konsumsi/Kalimantan Timur/2024-11-19,14600.143850567869
Gula Konsumsi/Kalimantan Timur/2024-11-20,14600.142497645153
Gula Konsumsi/Kalimantan Timur/2024-11-21,14600.14067349768
Gula Konsumsi/Kalimantan Timur/2024-11-22,14600.143439718498
Gula Konsumsi/Kalimantan Timur/2024-11-23,14600.150573653578
Gula Konsumsi/Kalimantan Timur/2024-11-24,14600.12709372398
Gula Konsumsi/Kalimantan Timur/2024-11-25,14600.142142981584
Gula Konsumsi/Kalimantan Timur/2024-11-26,14600.138374748569
Gula Konsumsi/Kalimantan Timur/2024-11-27,14600.139274918129
Gula Konsumsi/Kalimantan Timur/2024-11-28,14600.135713269874
Gula Konsumsi/Kalimantan Timur/2024-11-29,14600.140882030037
Gula Konsumsi/Kalimantan Timur/2024-11-30,14600.134429630849
Gula Konsumsi/Kalimantan Timur/2024-12-01,14600.161295412843
Gula Konsumsi/Kalimantan Timur/2024-12-02,14600.151114966277
Gula Konsumsi/Kalimantan Timur/2024-12-03,14600.13911889686
Gula Konsumsi/Kalimantan Timur/2024-12-04,14600.156808833635
Gula Konsumsi/Kalimantan Timur/2024-12-05,14600.152065942764
Gula Konsumsi/Kalimantan Timur/2024-12-06,14600.148596915937
Gula Konsumsi/Kalimantan Timur/2024-12-07,14600.129950225722
Gula Konsumsi/Kalimantan Timur/2024-12-08,14600.139568337172
Gula Konsumsi/Kalimantan Timur/2024-12-09,14600.133235283338
Gula Konsumsi/Kalimantan Timur/2024-12-10,14600.152161519458
Gula Konsumsi/Kalimantan Timur/2024-12-11,14600.128026378849
Gula Konsumsi/Kalimantan Timur/2024-12-12,14600.14643930948
Gula Konsumsi/Kalimantan Timur/2024-12-13,14600.133642922236
Gula Konsumsi/Kalimantan Timur/2024-12-14,14600.146549254205
Gula Konsumsi/Kalimantan Timur/2024-12-15,14600.146285032228
Gula Konsumsi/Kalimantan Timur/2024-12-16,14600.142910171004
Gula Konsumsi/Kalimantan Timur/2024-12-17,14600.121448854354
Gula Konsumsi/Kalimantan Timur/2024-12-18,14600.145121141932
Gula Konsumsi/Kalimantan Timur/2024-12-19,14600.12679863881
Gula Konsumsi/Kalimantan Timur/2024-12-20,14600.142085253618
Gula Konsumsi/Kalimantan Timur/2024-12-21,14600.151429179436
Gula Konsumsi/Kalimantan Timur/2024-12-22,14600.143808818531
Gula Konsumsi/Kalimantan Timur/2024-12-23,14600.139573313763
Gula Konsumsi/Kalimantan Timur/2024-12-24,14600.11920347941
Gula Konsumsi/Kalimantan Timur/2024-12-25,14600.132833707246
Gula Konsumsi/Kalimantan Timur/2024-12-26,14600.143317619197
Gula Konsumsi/Kalimantan Timur/2024-12-27,14600.147389536089
Gula Konsumsi/Kalimantan Timur/2024-12-28,14600.142653923322
Gula Konsumsi/Kalimantan Timur/2024-12-29,14600.131883028316
Gula Konsumsi/Kalimantan Timur/2024-12-30,14600.141369202916
Gula Konsumsi/Kalimantan Timur/2024-12-31,14600.13671125336
Gula Konsumsi/Kalimantan Utara/2024-10-01,14600.172844783729
Gula Konsumsi/Kalimantan Utara/2024-10-02,14600.154709525072
Gula Konsumsi/Kalimantan Utara/2024-10-03,14600.131762390904
Gula Konsumsi/Kalimantan Utara/2024-10-04,14600.14626916058
Gula Konsumsi/Kalimantan Utara/2024-10-05,14600.14771684533
Gula Konsumsi/Kalimantan Utara/2024-10-06,14600.15305228975
Gula Konsumsi/Kalimantan Utara/2024-10-07,14600.143666741964
Gula Konsumsi/Kalimantan Utara/2024-10-08,14600.145243737074
Gula Konsumsi/Kalimantan Utara/2024-10-09,14600.120087540075
Gula Konsumsi/Kalimantan Utara/2024-10-10,14600.144173088289
Gula Konsumsi/Kalimantan Utara/2024-10-11,14600.133900950226
Gula Konsumsi/Kalimantan Utara/2024-10-12,14600.14934139327
Gula Konsumsi/Kalimantan Utara/2024-10-13,14600.14917230079
Gula Konsumsi/Kalimantan Utara/2024-10-14,14600.136458821597
Gula Konsumsi/Kalimantan Utara/2024-10-15,14600.131875355792
Gula Konsumsi/Kalimantan Utara/2024-10-16,14600.135493719425
Gula Konsumsi/Kalimantan Utara/2024-10-17,14600.14575911594
Gula Konsumsi/Kalimantan Utara/2024-10-18,14600.120270662015
Gula Konsumsi/Kalimantan Utara/2024-10-19,14600.131484845597
Gula Konsumsi/Kalimantan Utara/2024-10-20,14600.133062497243
Gula Konsumsi/Kalimantan Utara/2024-10-21,14600.16167095146
Gula Konsumsi/Kalimantan Utara/2024-10-22,14600.123751644654
Gula Konsumsi/Kalimantan Utara/2024-10-23,14600.138647554
Gula Konsumsi/Kalimantan Utara/2024-10-24,14600.137292841911
Gula Konsumsi/Kalimantan Utara/2024-10-25,14600.16755952631
Gula Konsumsi/Kalimantan Utara/2024-10-26,14600.1500317969
Gula Konsumsi/Kalimantan Utara/2024-10-27,14600.129302395604
Gula Konsumsi/Kalimantan Utara/2024-10-28,14600.15603716568
Gula Konsumsi/Kalimantan Utara/2024-10-29,14600.140124682366
Gula Konsumsi/Kalimantan Utara/2024-10-30,14600.137871614264
Gula Konsumsi/Kalimantan Utara/2024-10-31,14600.147887070152
Gula Konsumsi/Kalimantan Utara/2024-11-01,14600.134443875526
Gula Konsumsi/Kalimantan Utara/2024-11-02,14600.137176482986
Gula Konsumsi/Kalimantan Utara/2024-11-03,14600.149800648878
Gula Konsumsi/Kalimantan Utara/2024-11-04,14600.14114102358
Gula Konsumsi/Kalimantan Utara/2024-11-05,14600.156430636966
Gula Konsumsi/Kalimantan Utara/2024-11-06,14600.133668368102
Gula Konsumsi/Kalimantan Utara/2024-11-07,14600.145661259605
Gula Konsumsi/Kalimantan Utara/2024-11-08,14600.13455790712
Gula Konsumsi/Kalimantan Utara/2024-11-09,14600.166103976948
Gula Konsumsi/Kalimantan Utara/2024-11-10,14600.128740614644
Gula Konsumsi/Kalimantan Utara/2024-11-11,14600.140559303554
Gula Konsumsi/Kalimantan Utara/2024-11-12,14600.128836074677
Gula Konsumsi/Kalimantan Utara/2024-11-13,14600.12176221462
Gula Konsumsi/Kalimantan Utara/2024-11-14,14600.13995124225
Gula Konsumsi/Kalimantan Utara/2024-11-15,14600.140467379477
Gula Konsumsi/Kalimantan Utara/2024-11-16,14600.134940055334
Gula Konsumsi/Kalimantan Utara/2024-11-17,14600.145518952326
Gula Konsumsi/Kalimantan Utara/2024-11-18,14600.146773008772
Gula Konsumsi/Kalimantan Utara/2024-11-19,14600.139916783008
Gula Konsumsi/Kalimantan Utara/2024-11-20,14600.126901676678
Gula Konsumsi/Kalimantan Utara/2024-11-21,14600.135415465806
Gula Konsumsi/Kalimantan Utara/2024-11-22,14600.150412155135
Gula Konsumsi/Kalimantan Utara/2024-11-23,14600.14945210082
Gula Konsumsi/Kalimantan Utara/2024-11-24,14600.120948411752
Gula Konsumsi/Kalimantan Utara/2024-11-25,14600.158777226115
Gula Konsumsi/Kalimantan Utara/2024-11-26,14600.131188158564
Gula Konsumsi/Kalimantan Utara/2024-11-27,14600.13275251077
Gula Konsumsi/Kalimantan Utara/2024-11-28,14600.13534690391
Gula Konsumsi/Kalimantan Utara/2024-11-29,14600.13594901852
Gula Konsumsi/Kalimantan Utara/2024-11-30,14600.16289536003
Gula Konsumsi/Kalimantan Utara/2024-12-01,14600.134054095935
Gula Konsumsi/Kalimantan Utara/2024-12-02,14600.14066135783
Gula Konsumsi/Kalimantan Utara/2024-12-03,14600.138670174309
Gula Konsumsi/Kalimantan Utara/2024-12-04,14600.156498759025
Gula Konsumsi/Kalimantan Utara/2024-12-05,14600.15838382595
Gula Konsumsi/Kalimantan Utara/2024-12-06,14600.138665808336
Gula Konsumsi/Kalimantan Utara/2024-12-07,14600.139312938518
Gula Konsumsi/Kalimantan Utara/2024-12-08,14600.151416170818
Gula Konsumsi/Kalimantan Utara/2024-12-09,14600.139180542496
Gula Konsumsi/Kalimantan Utara/2024-12-10,14600.160124033944
Gula Konsumsi/Kalimantan Utara/2024-12-11,14600.141631783566
Gula Konsumsi/Kalimantan Utara/2024-12-12,14600.132172549227
Gula Konsumsi/Kalimantan Utara/2024-12-13,14600.148974478729
Gula Konsumsi/Kalimantan Utara/2024-12-14,14600.158484011956
Gula Konsumsi/Kalimantan Utara/2024-12-15,14600.13018636152
Gula Konsumsi/Kalimantan Utara/2024-12-16,14600.1280217334
Gula Konsumsi/Kalimantan Utara/2024-12-17,14600.14768618384
Gula Konsumsi/Kalimantan Utara/2024-12-18,14600.151627043342
Gula Konsumsi/Kalimantan Utara/2024-12-19,14600.15686930096
Gula Konsumsi/Kalimantan Utara/2024-12-20,14600.149685519384
Gula Konsumsi/Kalimantan Utara/2024-12-21,14600.139373179012
Gula Konsumsi/Kalimantan Utara/2024-12-22,14600.126738956527
Gula Konsumsi/Kalimantan Utara/2024-12-23,14600.131136274616
Gula Konsumsi/Kalimantan Utara/2024-12-24,14600.136119563636
Gula Konsumsi/Kalimantan Utara/2024-12-25,14600.149305898596
Gula Konsumsi/Kalimantan Utara/2024-12-26,14600.130484583178
Gula Konsumsi/Kalimantan Utara/2024-12-27,14600.14134622262
Gula Konsumsi/Kalimantan Utara/2024-12-28,14600.124316308413
Gula Konsumsi/Kalimantan Utara/2024-12-29,14600.141537194178
Gula Konsumsi/Kalimantan Utara/2024-12-30,14600.13278774055
Gula Konsumsi/Kalimantan Utara/2024-12-31,14600.142370877062
Gula Konsumsi/Kepulauan Bangka Belitung/2024-10-01,14600.144588170842
Gula Konsumsi/Kepulauan Bangka Belitung/2024-10-02,14600.124271694258
Gula Konsumsi/Kepulauan Bangka Belitung/2024-10-03,14600.164668998868
Gula Konsumsi/Kepulauan Bangka Belitung/2024-10-04,14600.152445508047
Gula Konsumsi/Kepulauan Bangka Belitung/2024-10-05,14600.137509700891
Gula Konsumsi/Kepulauan Bangka Belitung/2024-10-06,14600.147008374026
Gula Konsumsi/Kepulauan Bangka Belitung/2024-10-07,14600.180567013203
Gula Konsumsi/Kepulauan Bangka Belitung/2024-10-08,14600.13352650497
Gula Konsumsi/Kepulauan Bangka Belitung/2024-10-09,14600.14619195268
Gula Konsumsi/Kepulauan Bangka Belitung/2024-10-10,14600.13850103488
Gula Konsumsi/Kepulauan Bangka Belitung/2024-10-11,14600.14433766899
Gula Konsumsi/Kepulauan Bangka Belitung/2024-10-12,14600.126546165977
Gula Konsumsi/Kepulauan Bangka Belitung/2024-10-13,14600.135280221868
Gula Konsumsi/Kepulauan Bangka Belitung/2024-10-14,14600.133218079593
Gula Konsumsi/Kepulauan Bangka Belitung/2024-10-15,14600.162319529192
Gula Konsumsi/Kepulauan Bangka Belitung/2024-10-16,14600.157687827805
Gula Konsumsi/Kepulauan Bangka Belitung/2024-10-17,14600.14429115644
Gula Konsumsi/Kepulauan Bangka Belitung/2024-10-18,14600.13508791408
Gula Konsumsi/Kepulauan Bangka Belitung/2024-10-19,14600.140263873836
Gula Konsumsi/Kepulauan Bangka Belitung/2024-10-20,14600.136185695585
Gula Konsumsi/Kepulauan Bangka Belitung/2024-10-21,14600.135468667013
Gula Konsumsi/Kepulauan Bangka Belitung/2024-10-22,14600.14784042334
Gula Konsumsi/Kepulauan Bangka Belitung/2024-10-23,14600.132356090851
Gula Konsumsi/Kepulauan Bangka Belitung/2024-10-24,14600.1583824148
Gula Konsumsi/Kepulauan Bangka Belitung/2024-10-25,14600.139641368352
Gula Konsumsi/Kepulauan Bangka Belitung/2024-10-26,14600.14716658254
Gula Konsumsi/Kepulauan Bangka Belitung/2024-10-27,14600.125416645142
Gula Konsumsi/Kepulauan Bangka Belitung/2024-10-28,14600.148076210558
Gula Konsumsi/Kepulauan Bangka Belitung/2024-10-29,14600.138258053294
Gula Konsumsi/Kepulauan Bangka Belitung/2024-10-30,14600.138190254498
Gula Konsumsi/Kepulauan Bangka Belitung/2024-10-31,14600.156108909812
Gula Konsumsi/Kepulauan Bangka Belitung/2024-11-01,14600.138504244253
Gula Konsumsi/Kepulauan Bangka Belitung/2024-11-02,14600.164047037026
Gula Konsumsi/Kepulauan Bangka Belitung/2024-11-03,14600.141088361188
Gula Konsumsi/Kepulauan Bangka Belitung/2024-11-04,14600.138704326258
Gula Konsumsi/Kepulauan Bangka Belitung/2024-11-05,14600.139143888764
Gula Konsumsi/Kepulauan Bangka Belitung/2024-11-06,14600.137942826375
Gula Konsumsi/Kepulauan Bangka Belitung/2024-11-07,14600.156940874343
Gula Konsumsi/Kepulauan Bangka Belitung/2024-11-08,14600.12916910274
Gula Konsumsi/Kepulauan Bangka Belitung/2024-11-09,14600.15695946496
Gula Konsumsi/Kepulauan Bangka Belitung/2024-11-10,14600.137582865622
Gula Konsumsi/Kepulauan Bangka Belitung/2024-11-11,14600.14299561935
Gula Konsumsi/Kepulauan Bangka Belitung/2024-11-12,14600.142430013237
Gula Konsumsi/Kepulauan Bangka Belitung/2024-11-13,14600.128930813362
Gula Konsumsi/Kepulauan Bangka Belitung/2024-11-14,14600.127661526234
Gula Konsumsi/Kepulauan Bangka Belitung/2024-11-15,14600.137096788165
Gula Konsumsi/Kepulauan Bangka Belitung/2024-11-16,14600.1475917486
Gula Konsumsi/Kepulauan Bangka Belitung/2024-11-17,14600.126385806654
Gula Konsumsi/Kepulauan Bangka Belitung/2024-11-18,14600.14936282508
Gula Konsumsi/Kepulauan Bangka Belitung/2024-11-19,14600.134777174871
Gula Konsumsi/Kepulauan Bangka Belitung/2024-11-20,14600.143390002766
Gula Konsumsi/Kepulauan Bangka Belitung/2024-11-21,14600.132066740774
Gula Konsumsi/Kepulauan Bangka Belitung/2024-11-22,14600.124540917612
Gula Konsumsi/Kepulauan Bangka Belitung/2024-11-23,14600.14503294977
Gula Konsumsi/Kepulauan Bangka Belitung/2024-11-24,14600.153202556963
Gula Konsumsi/Kepulauan Bangka Belitung/2024-11-25,14600.14026176065
Gula Konsumsi/Kepulauan Bangka Belitung/2024-11-26,14600.133751751322
Gula Konsumsi/Kepulauan Bangka Belitung/2024-11-27,14600.13303220236
Gula Konsumsi/Kepulauan Bangka Belitung/2024-11-28,14600.128795994791
Gula Konsumsi/Kepulauan Bangka Belitung/2024-11-29,14600.13897929866
Gula Konsumsi/Kepulauan Bangka Belitung/2024-11-30,14600.13379890815
Gula Konsumsi/Kepulauan Bangka Belitung/2024-12-01,14600.142669137484
Gula Konsumsi/Kepulauan Bangka Belitung/2024-12-02,14600.156808673206
Gula Konsumsi/Kepulauan Bangka Belitung/2024-12-03,14600.149979325755
Gula Konsumsi/Kepulauan Bangka Belitung/2024-12-04,14600.138739184378
Gula Konsumsi/Kepulauan Bangka Belitung/2024-12-05,14600.146826686818
Gula Konsumsi/Kepulauan Bangka Belitung/2024-12-06,14600.14608948852
Gula Konsumsi/Kepulauan Bangka Belitung/2024-12-07,14600.15429968938
Gula Konsumsi/Kepulauan Bangka Belitung/2024-12-08,14600.134833313688
Gula Konsumsi/Kepulauan Bangka Belitung/2024-12-09,14600.15609246275
Gula Konsumsi/Kepulauan Bangka Belitung/2024-12-10,14600.14428762591
Gula Konsumsi/Kepulauan Bangka Belitung/2024-12-11,14600.11668054078
Gula Konsumsi/Kepulauan Bangka Belitung/2024-12-12,14600.13082895834
Gula Konsumsi/Kepulauan Bangka Belitung/2024-12-13,14600.127075511182
Gula Konsumsi/Kepulauan Bangka Belitung/2024-12-14,14600.131576927464
Gula Konsumsi/Kepulauan Bangka Belitung/2024-12-15,14600.144287434465
Gula Konsumsi/Kepulauan Bangka Belitung/2024-12-16,14600.140237260845
Gula Konsumsi/Kepulauan Bangka Belitung/2024-12-17,14600.132882342
Gula Konsumsi/Kepulauan Bangka Belitung/2024-12-18,14600.148196936638
Gula Konsumsi/Kepulauan Bangka Belitung/2024-12-19,14600.138093953396
Gula Konsumsi/Kepulauan Bangka Belitung/2024-12-20,14600.140834215108
Gula Konsumsi/Kepulauan Bangka Belitung/2024-12-21,14600.140188373683
Gula Konsumsi/Kepulauan Bangka Belitung/2024-12-22,14600.14723141075
Gula Konsumsi/Kepulauan Bangka Belitung/2024-12-23,14600.131888192536
Gula Konsumsi/Kepulauan Bangka Belitung/2024-12-24,14600.130294945584
Gula Konsumsi/Kepulauan Bangka Belitung/2024-12-25,14600.138611476044
Gula Konsumsi/Kepulauan Bangka Belitung/2024-12-26,14600.142185920102
Gula Konsumsi/Kepulauan Bangka Belitung/2024-12-27,14600.133537845892
Gula Konsumsi/Kepulauan Bangka Belitung/2024-12-28,14600.13813746437
Gula Konsumsi/Kepulauan Bangka Belitung/2024-12-29,14600.146211703235
Gula Konsumsi/Kepulauan Bangka Belitung/2024-12-30,14600.142502234712
Gula Konsumsi/Kepulauan Bangka Belitung/2024-12-31,14600.138109998505
Gula Konsumsi/Kepulauan Riau/2024-10-01,14600.132419933794
Gula Konsumsi/Kepulauan Riau/2024-10-02,14600.13368754023
Gula Konsumsi/Kepulauan Riau/2024-10-03,14600.131315024526
Gula Konsumsi/Kepulauan Riau/2024-10-04,14600.147954263615
Gula Konsumsi/Kepulauan Riau/2024-10-05,14600.156516830284
Gula Konsumsi/Kepulauan Riau/2024-10-06,14600.146753881278
Gula Konsumsi/Kepulauan Riau/2024-10-07,14600.156919565685
Gula Konsumsi/Kepulauan Riau/2024-10-08,14600.13844577875
Gula Konsumsi/Kepulauan Riau/2024-10-09,14600.146424220588
Gula Konsumsi/Kepulauan Riau/2024-10-10,14600.13989672377
Gula Konsumsi/Kepulauan Riau/2024-10-11,14600.153156076103
Gula Konsumsi/Kepulauan Riau/2024-10-12,14600.141581102602
Gula Konsumsi/Kepulauan Riau/2024-10-13,14600.156988048382
Gula Konsumsi/Kepulauan Riau/2024-10-14,14600.140090047917
Gula Konsumsi/Kepulauan Riau/2024-10-15,14600.125513718536
Gula Konsumsi/Kepulauan Riau/2024-10-16,14600.14258331004
Gula Konsumsi/Kepulauan Riau/2024-10-17,14600.15881535064
Gula Konsumsi/Kepulauan Riau/2024-10-18,14600.147614404905
Gula Konsumsi/Kepulauan Riau/2024-10-19,14600.143744899156
Gula Konsumsi/Kepulauan Riau/2024-10-20,14600.1521498621
Gula Konsumsi/Kepulauan Riau/2024-10-21,14600.1378008887
Gula Konsumsi/Kepulauan Riau/2024-10-22,14600.150911024542
Gula Konsumsi/Kepulauan Riau/2024-10-23,14600.155916220172
Gula Konsumsi/Kepulauan Riau/2024-10-24,14600.143151387245
Gula Konsumsi/Kepulauan Riau/2024-10-25,14600.13410665198
Gula Konsumsi/Kepulauan Riau/2024-10-26,14600.130272814737
Gula Konsumsi/Kepulauan Riau/2024-10-27,14600.141554260104
Gula Konsumsi/Kepulauan Riau/2024-10-28,14600.152578549523
Gula Konsumsi/Kepulauan Riau/2024-10-29,14600.155128755834
Gula Konsumsi/Kepulauan Riau/2024-10-30,14600.137205876084
Gula Konsumsi/Kepulauan Riau/2024-10-31,14600.14082616792
Gula Konsumsi/Kepulauan Riau/2024-11-01,14600.146431114648
Gula Konsumsi/Kepulauan Riau/2024-11-02,14600.131122480188
Gula Konsumsi/Kepulauan Riau/2024-11-03,14600.129133641012
Gula Konsumsi/Kepulauan Riau/2024-11-04,14600.14302819541
Gula Konsumsi/Kepulauan Riau/2024-11-05,14600.140005346337
Gula Konsumsi/Kepulauan Riau/2024-11-06,14600.14598206187
Gula Konsumsi/Kepulauan Riau/2024-11-07,14600.127179058967
Gula Konsumsi/Kepulauan Riau/2024-11-08,14600.164660737457
Gula Konsumsi/Kepulauan Riau/2024-11-09,14600.141822069048
Gula Konsumsi/Kepulauan Riau/2024-11-10,14600.13651375761
Gula Konsumsi/Kepulauan Riau/2024-11-11,14600.152703754671
Gula Konsumsi/Kepulauan Riau/2024-11-12,14600.140023725413
Gula Konsumsi/Kepulauan Riau/2024-11-13,14600.131944052751
Gula Konsumsi/Kepulauan Riau/2024-11-14,14600.14817524684
Gula Konsumsi/Kepulauan Riau/2024-11-15,14600.145668246254
Gula Konsumsi/Kepulauan Riau/2024-11-16,14600.15865160786
Gula Konsumsi/Kepulauan Riau/2024-11-17,14600.156515096856
Gula Konsumsi/Kepulauan Riau/2024-11-18,14600.136403579194
Gula Konsumsi/Kepulauan Riau/2024-11-19,14600.141498453526
Gula Konsumsi/Kepulauan Riau/2024-11-20,14600.139935484684
Gula Konsumsi/Kepulauan Riau/2024-11-21,14600.120564197534
Gula Konsumsi/Kepulauan Riau/2024-11-22,14600.14376518703
Gula Konsumsi/Kepulauan Riau/2024-11-23,14600.142695242988
Gula Konsumsi/Kepulauan Riau/2024-11-24,14600.134317732542
Gula Konsumsi/Kepulauan Riau/2024-11-25,14600.147551478109
Gula Konsumsi/Kepulauan Riau/2024-11-26,14600.142295059546
Gula Konsumsi/Kepulauan Riau/2024-11-27,14600.13670964529
Gula Konsumsi/Kepulauan Riau/2024-11-28,14600.146240146169
Gula Konsumsi/Kepulauan Riau/2024-11-29,14600.151740701624
Gula Konsumsi/Kepulauan Riau/2024-11-30,14600.13796879124
Gula Konsumsi/Kepulauan Riau/2024-12-01,14600.136774514223
Gula Konsumsi/Kepulauan Riau/2024-12-02,14600.154277123804
Gula Konsumsi/Kepulauan Riau/2024-12-03,14600.126897622757
Gula Konsumsi/Kepulauan Riau/2024-12-04,14600.12569139746
Gula Konsumsi/Kepulauan Riau/2024-12-05,14600.151134120788
Gula Konsumsi/Kepulauan Riau/2024-12-06,14600.128966157692
Gula Konsumsi/Kepulauan Riau/2024-12-07,14600.150229127765
Gula Konsumsi/Kepulauan Riau/2024-12-08,14600.143664905954
Gula Konsumsi/Kepulauan Riau/2024-12-09,14600.136993035148
Gula Konsumsi/Kepulauan Riau/2024-12-10,14600.1430512086
Gula Konsumsi/Kepulauan Riau/2024-12-11,14600.128655664006
Gula Konsumsi/Kepulauan Riau/2024-12-12,14600.155101770308
Gula Konsumsi/Kepulauan Riau/2024-12-13,14600.134279102813
Gula Konsumsi/Kepulauan Riau/2024-12-14,14600.140187713354
Gula Konsumsi/Kepulauan Riau/2024-12-15,14600.134951173904
Gula Konsumsi/Kepulauan Riau/2024-12-16,14600.13684967143
Gula Konsumsi/Kepulauan Riau/2024-12-17,14600.136167992609
Gula Konsumsi/Kepulauan Riau/2024-12-18,14600.1168517392
Gula Konsumsi/Kepulauan Riau/2024-12-19,14600.145703946731
Gula Konsumsi/Kepulauan Riau/2024-12-20,14600.142813134958
Gula Konsumsi/Kepulauan Riau/2024-12-21,14600.148681113342
Gula Konsumsi/Kepulauan Riau/2024-12-22,14600.131601959582
Gula Konsumsi/Kepulauan Riau/2024-12-23,14600.141103346255
Gula Konsumsi/Kepulauan Riau/2024-12-24,14600.13436239062
Gula Konsumsi/Kepulauan Riau/2024-12-25,14600.165189571484
Gula Konsumsi/Kepulauan Riau/2024-12-26,14600.126860138846
Gula Konsumsi/Kepulauan Riau/2024-12-27,14600.15589279691
Gula Konsumsi/Kepulauan Riau/2024-12-28,14600.124741971831
Gula Konsumsi/Kepulauan Riau/2024-12-29,14600.132075218577
Gula Konsumsi/Kepulauan Riau/2024-12-30,14600.15192599285
Gula Konsumsi/Kepulauan Riau/2024-12-31,14600.137355201292
Gula Konsumsi/Lampung/2024-10-01,14600.156058632992
Gula Konsumsi/Lampung/2024-10-02,14600.132131553002
Gula Konsumsi/Lampung/2024-10-03,14600.123379290742
Gula Konsumsi/Lampung/2024-10-04,14600.169715668177
Gula Konsumsi/Lampung/2024-10-05,14600.135529290352
Gula Konsumsi/Lampung/2024-10-06,14600.144594502555
Gula Konsumsi/Lampung/2024-10-07,14600.147807677373
Gula Konsumsi/Lampung/2024-10-08,14600.13572257237
Gula Konsumsi/Lampung/2024-10-09,14600.141019312394
Gula Konsumsi/Lampung/2024-10-10,14600.166618667572
Gula Konsumsi/Lampung/2024-10-11,14600.121945339435
Gula Konsumsi/Lampung/2024-10-12,14600.141033534232
Gula Konsumsi/Lampung/2024-10-13,14600.154982679604
Gula Konsumsi/Lampung/2024-10-14,14600.14662807848
Gula Konsumsi/Lampung/2024-10-15,14600.151379145267
Gula Konsumsi/Lampung/2024-10-16,14600.144301595556
Gula Konsumsi/Lampung/2024-10-17,14600.137522591476
Gula Konsumsi/Lampung/2024-10-18,14600.15232539311
Gula Konsumsi/Lampung/2024-10-19,14600.145622112108
Gula Konsumsi/Lampung/2024-10-20,14600.15520749007
Gula Konsumsi/Lampung/2024-10-21,14600.139451181763
Gula Konsumsi/Lampung/2024-10-22,14600.14023579328
Gula Konsumsi/Lampung/2024-10-23,14600.136602363393
Gula Konsumsi/Lampung/2024-10-24,14600.136082673023
Gula Konsumsi/Lampung/2024-10-25,14600.162651673128
Gula Konsumsi/Lampung/2024-10-26,14600.131858153847
Gula Konsumsi/Lampung/2024-10-27,14600.13623170624
Gula Konsumsi/Lampung/2024-10-28,14600.150916613917
Gula Konsumsi/Lampung/2024-10-29,14600.149783953437
Gula Konsumsi/Lampung/2024-10-30,14600.133380323636
Gula Konsumsi/Lampung/2024-10-31,14600.146476092988
Gula Konsumsi/Lampung/2024-11-01,14600.143771172345
Gula Konsumsi/Lampung/2024-11-02,14600.162435041486
Gula Konsumsi/Lampung/2024-11-03,14600.139140638588
Gula Konsumsi/Lampung/2024-11-04,14600.148135399564
Gula Konsumsi/Lampung/2024-11-05,14600.138680223668
Gula Konsumsi/Lampung/2024-11-06,14600.140240616774
Gula Konsumsi/Lampung/2024-11-07,14600.12850031644
Gula Konsumsi/Lampung/2024-11-08,14600.149735022384
Gula Konsumsi/Lampung/2024-11-09,14600.144543197148
Gula Konsumsi/Lampung/2024-11-10,14600.153890485228
Gula Konsumsi/Lampung/2024-11-11,14600.12318414504
Gula Konsumsi/Lampung/2024-11-12,14600.134345458491
Gula Konsumsi/Lampung/2024-11-13,14600.146789288889
Gula Konsumsi/Lampung/2024-11-14,14600.157866687368
Gula Konsumsi/Lampung/2024-11-15,14600.151644963558
Gula Konsumsi/Lampung/2024-11-16,14600.12547721634
Gula Konsumsi/Lampung/2024-11-17,14600.151796892114
Gula Konsumsi/Lampung/2024-11-18,14600.148576036829
Gula Konsumsi/Lampung/2024-11-19,14600.153790462722
Gula Konsumsi/Lampung/2024-11-20,14600.14271452492
Gula Konsumsi/Lampung/2024-11-21,14600.117179550689
Gula Konsumsi/Lampung/2024-11-22,14600.146940719947
Gula Konsumsi/Lampung/2024-11-23,14600.128525364158
Gula Konsumsi/Lampung/2024-11-24,14600.125033919432
Gula Konsumsi/Lampung/2024-11-25,14600.141053556688
Gula Konsumsi/Lampung/2024-11-26,14600.147385975117
Gula Konsumsi/Lampung/2024-11-27,14600.136415364968
Gula Konsumsi/Lampung/2024-11-28,14600.144347687314
Gula Konsumsi/Lampung/2024-11-29,14600.153352512658
Gula Konsumsi/Lampung/2024-11-30,14600.1383383806
Gula Konsumsi/Lampung/2024-12-01,14600.142020106969
Gula Konsumsi/Lampung/2024-12-02,14600.141976927194
Gula Konsumsi/Lampung/2024-12-03,14600.133450788442
Gula Konsumsi/Lampung/2024-12-04,14600.150977165076
Gula Konsumsi/Lampung/2024-12-05,14600.14613220268
Gula Konsumsi/Lampung/2024-12-06,14600.14384268563
Gula Konsumsi/Lampung/2024-12-07,14600.152086761536
Gula Konsumsi/Lampung/2024-12-08,14600.143788642348
Gula Konsumsi/Lampung/2024-12-09,14600.148587226398
Gula Konsumsi/Lampung/2024-12-10,14600.13793640983
Gula Konsumsi/Lampung/2024-12-11,14600.12552275674
Gula Konsumsi/Lampung/2024-12-12,14600.146263710149
Gula Konsumsi/Lampung/2024-12-13,14600.135113511962
Gula Konsumsi/Lampung/2024-12-14,14600.16456934962
Gula Konsumsi/Lampung/2024-12-15,14600.13971894975
Gula Konsumsi/Lampung/2024-12-16,14600.13293818516
Gula Konsumsi/Lampung/2024-12-17,14600.144331772628
Gula Konsumsi/Lampung/2024-12-18,14600.167509610765
Gula Konsumsi/Lampung/2024-12-19,14600.133587811108
Gula Konsumsi/Lampung/2024-12-20,14600.138671830273
Gula Konsumsi/Lampung/2024-12-21,14600.135931114728
Gula Konsumsi/Lampung/2024-12-22,14600.132650578564
Gula Konsumsi/Lampung/2024-12-23,14600.149696412427
Gula Konsumsi/Lampung/2024-12-24,14600.151076014232
Gula Konsumsi/Lampung/2024-12-25,14600.14650055662
Gula Konsumsi/Lampung/2024-12-26,14600.139693273586
Gula Konsumsi/Lampung/2024-12-27,14600.1466771063
Gula Konsumsi/Lampung/2024-12-28,14600.143038817683
Gula Konsumsi/Lampung/2024-12-29,14600.13416296236
Gula Konsumsi/Lampung/2024-12-30,14600.148504612816
Gula Konsumsi/Lampung/2024-12-31,14600.139461822511
Gula Konsumsi/Maluku Utara/2024-10-01,14600.139398368186
Gula Konsumsi/Maluku Utara/2024-10-02,14600.150756261866
Gula Konsumsi/Maluku Utara/2024-10-03,14600.149952820597
Gula Konsumsi/Maluku Utara/2024-10-04,14600.167295470494
Gula Konsumsi/Maluku Utara/2024-10-05,14600.141241464806
Gula Konsumsi/Maluku Utara/2024-10-06,14600.140341602148
Gula Konsumsi/Maluku Utara/2024-10-07,14600.132400444603
Gula Konsumsi/Maluku Utara/2024-10-08,14600.151215461843
Gula Konsumsi/Maluku Utara/2024-10-09,14600.139478774196
Gula Konsumsi/Maluku Utara/2024-10-10,14600.129006446925
Gula Konsumsi/Maluku Utara/2024-10-11,14600.141906788787
Gula Konsumsi/Maluku Utara/2024-10-12,14600.149001991742
Gula Konsumsi/Maluku Utara/2024-10-13,14600.148043851328
Gula Konsumsi/Maluku Utara/2024-10-14,14600.133427832174
Gula Konsumsi/Maluku Utara/2024-10-15,14600.141339282582
Gula Konsumsi/Maluku Utara/2024-10-16,14600.143467819504
Gula Konsumsi/Maluku Utara/2024-10-17,14600.152741836118
Gula Konsumsi/Maluku Utara/2024-10-18,14600.143445054297
Gula Konsumsi/Maluku Utara/2024-10-19,14600.147929866094
Gula Konsumsi/Maluku Utara/2024-10-20,14600.14852423795
Gula Konsumsi/Maluku Utara/2024-10-21,14600.153794431566
Gula Konsumsi/Maluku Utara/2024-10-22,14600.130355721489
Gula Konsumsi/Maluku Utara/2024-10-23,14600.123670870324
Gula Konsumsi/Maluku Utara/2024-10-24,14600.159282313696
Gula Konsumsi/Maluku Utara/2024-10-25,14600.158599830223
Gula Konsumsi/Maluku Utara/2024-10-26,14600.126587248746
Gula Konsumsi/Maluku Utara/2024-10-27,14600.139043343976
Gula Konsumsi/Maluku Utara/2024-10-28,14600.1375900349
Gula Konsumsi/Maluku Utara/2024-10-29,14600.1483437891
Gula Konsumsi/Maluku Utara/2024-10-30,14600.12982994036
Gula Konsumsi/Maluku Utara/2024-10-31,14600.14814774842
Gula Konsumsi/Maluku Utara/2024-11-01,14600.137339384912
Gula Konsumsi/Maluku Utara/2024-11-02,14600.138723467642
Gula Konsumsi/Maluku Utara/2024-11-03,14600.121019489996
Gula Konsumsi/Maluku Utara/2024-11-04,14600.159674313356
Gula Konsumsi/Maluku Utara/2024-11-05,14600.156439288708
Gula Konsumsi/Maluku Utara/2024-11-06,14600.145291825827
Gula Konsumsi/Maluku Utara/2024-11-07,14600.161225785374
Gula Konsumsi/Maluku Utara/2024-11-08,14600.144106648831
Gula Konsumsi/Maluku Utara/2024-11-09,14600.146622555883
Gula Konsumsi/Maluku Utara/2024-11-10,14600.13587315107
Gula Konsumsi/Maluku Utara/2024-11-11,14600.13637012622
Gula Konsumsi/Maluku Utara/2024-11-12,14600.156167907982
Gula Konsumsi/Maluku Utara/2024-11-13,14600.135178578335
Gula Konsumsi/Maluku Utara/2024-11-14,14600.126511417984
Gula Konsumsi/Maluku Utara/2024-11-15,14600.137930837413
Gula Konsumsi/Maluku Utara/2024-11-16,14600.146935266708
Gula Konsumsi/Maluku Utara/2024-11-17,14600.155285473636
Gula Konsumsi/Maluku Utara/2024-11-18,14600.13571772829
Gula Konsumsi/Maluku Utara/2024-11-19,14600.142594251432
Gula Konsumsi/Maluku Utara/2024-11-20,14600.153200416633
Gula Konsumsi/Maluku Utara/2024-11-21,14600.13939813953
Gula Konsumsi/Maluku Utara/2024-11-22,14600.160834844712
Gula Konsumsi/Maluku Utara/2024-11-23,14600.117004177093
Gula Konsumsi/Maluku Utara/2024-11-24,14600.148470001488
Gula Konsumsi/Maluku Utara/2024-11-25,14600.132071922451
Gula Konsumsi/Maluku Utara/2024-11-26,14600.137200023732
Gula Konsumsi/Maluku Utara/2024-11-27,14600.142960598449
Gula Konsumsi/Maluku Utara/2024-11-28,14600.1393635425
Gula Konsumsi/Maluku Utara/2024-11-29,14600.162403013956
Gula Konsumsi/Maluku Utara/2024-11-30,14600.144807709828
Gula Konsumsi/Maluku Utara/2024-12-01,14600.125780378972
Gula Konsumsi/Maluku Utara/2024-12-02,14600.146092368215
Gula Konsumsi/Maluku Utara/2024-12-03,14600.146011119346
Gula Konsumsi/Maluku Utara/2024-12-04,14600.147708106171
Gula Konsumsi/Maluku Utara/2024-12-05,14600.145642169133
Gula Konsumsi/Maluku Utara/2024-12-06,14600.125636633844
Gula Konsumsi/Maluku Utara/2024-12-07,14600.140200727024
Gula Konsumsi/Maluku Utara/2024-12-08,14600.145502484938
Gula Konsumsi/Maluku Utara/2024-12-09,14600.144264483202
Gula Konsumsi/Maluku Utara/2024-12-10,14600.159338915037
Gula Konsumsi/Maluku Utara/2024-12-11,14600.130155215516
Gula Konsumsi/Maluku Utara/2024-12-12,14600.129099589769
Gula Konsumsi/Maluku Utara/2024-12-13,14600.1636001252
Gula Konsumsi/Maluku Utara/2024-12-14,14600.135236593418
Gula Konsumsi/Maluku Utara/2024-12-15,14600.146637791491
Gula Konsumsi/Maluku Utara/2024-12-16,14600.126098665289
Gula Konsumsi/Maluku Utara/2024-12-17,14600.14560868605
Gula Konsumsi/Maluku Utara/2024-12-18,14600.141215778449
Gula Konsumsi/Maluku Utara/2024-12-19,14600.126280155084
Gula Konsumsi/Maluku Utara/2024-12-20,14600.140208502682
Gula Konsumsi/Maluku Utara/2024-12-21,14600.135978803928
Gula Konsumsi/Maluku Utara/2024-12-22,14600.1245718576
Gula Konsumsi/Maluku Utara/2024-12-23,14600.141505919357
Gula Konsumsi/Maluku Utara/2024-12-24,14600.138376615489
Gula Konsumsi/Maluku Utara/2024-12-25,14600.148440416744
Gula Konsumsi/Maluku Utara/2024-12-26,14600.145634659466
Gula Konsumsi/Maluku Utara/2024-12-27,14600.133652245488
Gula Konsumsi/Maluku Utara/2024-12-28,14600.138085072584
Gula Konsumsi/Maluku Utara/2024-12-29,14600.156344677283
Gula Konsumsi/Maluku Utara/2024-12-30,14600.145807364195
Gula Konsumsi/Maluku Utara/2024-12-31,14600.14509702992
Gula Konsumsi/Maluku/2024-10-01,14600.159948951145
Gula Konsumsi/Maluku/2024-10-02,14600.151504797588
Gula Konsumsi/Maluku/2024-10-03,14600.134903169224
Gula Konsumsi/Maluku/2024-10-04,14600.157750273613
Gula Konsumsi/Maluku/2024-10-05,14600.140674079212
Gula Konsumsi/Maluku/2024-10-06,14600.127707712263
Gula Konsumsi/Maluku/2024-10-07,14600.134190507888
Gula Konsumsi/Maluku/2024-10-08,14600.14066397645
Gula Konsumsi/Maluku/2024-10-09,14600.142583594929
Gula Konsumsi/Maluku/2024-10-10,14600.136663865189
Gula Konsumsi/Maluku/2024-10-11,14600.1404755919
Gula Konsumsi/Maluku/2024-10-12,14600.144819223133
Gula Konsumsi/Maluku/2024-10-13,14600.12600862067
Gula Konsumsi/Maluku/2024-10-14,14600.144597368386
Gula Konsumsi/Maluku/2024-10-15,14600.15506405488
Gula Konsumsi/Maluku/2024-10-16,14600.13001401038
Gula Konsumsi/Maluku/2024-10-17,14600.124129864133
Gula Konsumsi/Maluku/2024-10-18,14600.133935356616
Gula Konsumsi/Maluku/2024-10-19,14600.136141944808
Gula Konsumsi/Maluku/2024-10-20,14600.152853557162
Gula Konsumsi/Maluku/2024-10-21,14600.148154771765
Gula Konsumsi/Maluku/2024-10-22,14600.132791704224
Gula Konsumsi/Maluku/2024-10-23,14600.135726998376
Gula Konsumsi/Maluku/2024-10-24,14600.139593047586
Gula Konsumsi/Maluku/2024-10-25,14600.143322726864
Gula Konsumsi/Maluku/2024-10-26,14600.154182422428
Gula Konsumsi/Maluku/2024-10-27,14600.128010476425
Gula Konsumsi/Maluku/2024-10-28,14600.157408748342
Gula Konsumsi/Maluku/2024-10-29,14600.142010433648
Gula Konsumsi/Maluku/2024-10-30,14600.157508447784
Gula Konsumsi/Maluku/2024-10-31,14600.136969595882
Gula Konsumsi/Maluku/2024-11-01,14600.133856172186
Gula Konsumsi/Maluku/2024-11-02,14600.165268295288
Gula Konsumsi/Maluku/2024-11-03,14600.156772456903
Gula Konsumsi/Maluku/2024-11-04,14600.15412472055
Gula Konsumsi/Maluku/2024-11-05,14600.149229501963
Gula Konsumsi/Maluku/2024-11-06,14600.127788281416
Gula Konsumsi/Maluku/2024-11-07,14600.135431607518
Gula Konsumsi/Maluku/2024-11-08,14600.154073970683
Gula Konsumsi/Maluku/2024-11-09,14600.148549899312
Gula Konsumsi/Maluku/2024-11-10,14600.126189254344
Gula Konsumsi/Maluku/2024-11-11,14600.14857894579
Gula Konsumsi/Maluku/2024-11-12,14600.153288027352
Gula Konsumsi/Maluku/2024-11-13,14600.141834047688
Gula Konsumsi/Maluku/2024-11-14,14600.127244423233
Gula Konsumsi/Maluku/2024-11-15,14600.126260007271
Gula Konsumsi/Maluku/2024-11-16,14600.133526059424
Gula Konsumsi/Maluku/2024-11-17,14600.138547916938
Gula Konsumsi/Maluku/2024-11-18,14600.161981996209
Gula Konsumsi/Maluku/2024-11-19,14600.153983724418
Gula Konsumsi/Maluku/2024-11-20,14600.140651817794
Gula Konsumsi/Maluku/2024-11-21,14600.155169533313
Gula Konsumsi/Maluku/2024-11-22,14600.147142643476
Gula Konsumsi/Maluku/2024-11-23,14600.140675412636
Gula Konsumsi/Maluku/2024-11-24,14600.148084787746
Gula Konsumsi/Maluku/2024-11-25,14600.146045244948
Gula Konsumsi/Maluku/2024-11-26,14600.126116740788
Gula Konsumsi/Maluku/2024-11-27,14600.1412638724
Gula Konsumsi/Maluku/2024-11-28,14600.137776520944
Gula Konsumsi/Maluku/2024-11-29,14600.129640575778
Gula Konsumsi/Maluku/2024-11-30,14600.129410640502
Gula Konsumsi/Maluku/2024-12-01,14600.143072766385
Gula Konsumsi/Maluku/2024-12-02,14600.11965188116
Gula Konsumsi/Maluku/2024-12-03,14600.136695297266
Gula Konsumsi/Maluku/2024-12-04,14600.135008912426
Gula Konsumsi/Maluku/2024-12-05,14600.147710243453
Gula Konsumsi/Maluku/2024-12-06,14600.155580130877
Gula Konsumsi/Maluku/2024-12-07,14600.155987897948
Gula Konsumsi/Maluku/2024-12-08,14600.15485001444
Gula Konsumsi/Maluku/2024-12-09,14600.159710219434
Gula Konsumsi/Maluku/2024-12-10,14600.152329020424
Gula Konsumsi/Maluku/2024-12-11,14600.151058821622
Gula Konsumsi/Maluku/2024-12-12,14600.130165532286
Gula Konsumsi/Maluku/2024-12-13,14600.119168328723
Gula Konsumsi/Maluku/2024-12-14,14600.137389280471
Gula Konsumsi/Maluku/2024-12-15,14600.142463410515
Gula Konsumsi/Maluku/2024-12-16,14600.149079593855
Gula Konsumsi/Maluku/2024-12-17,14600.145701184943
Gula Konsumsi/Maluku/2024-12-18,14600.14777431571
Gula Konsumsi/Maluku/2024-12-19,14600.16616255728
Gula Konsumsi/Maluku/2024-12-20,14600.142201932633
Gula Konsumsi/Maluku/2024-12-21,14600.152716631228
Gula Konsumsi/Maluku/2024-12-22,14600.126491467714
Gula Konsumsi/Maluku/2024-12-23,14600.136209728267
Gula Konsumsi/Maluku/2024-12-24,14600.139231918842
Gula Konsumsi/Maluku/2024-12-25,14600.144512138166
Gula Konsumsi/Maluku/2024-12-26,14600.148488369656
Gula Konsumsi/Maluku/2024-12-27,14600.159094912118
Gula Konsumsi/Maluku/2024-12-28,14600.14148394906
Gula Konsumsi/Maluku/2024-12-29,14600.13807973216
Gula Konsumsi/Maluku/2024-12-30,14600.143412714764
Gula Konsumsi/Maluku/2024-12-31,14600.120026296148
Gula Konsumsi/Nusa Tenggara Barat/2024-10-01,14600.130563699746
Gula Konsumsi/Nusa Tenggara Barat/2024-10-02,14600.152185496729
Gula Konsumsi/Nusa Tenggara Barat/2024-10-03,14600.145872112904
Gula Konsumsi/Nusa Tenggara Barat/2024-10-04,14600.146719615474
Gula Konsumsi/Nusa Tenggara Barat/2024-10-05,14600.16100179122
Gula Konsumsi/Nusa Tenggara Barat/2024-10-06,14600.14654052207
Gula Konsumsi/Nusa Tenggara Barat/2024-10-07,14600.127631520512
Gula Konsumsi/Nusa Tenggara Barat/2024-10-08,14600.158939300669
Gula Konsumsi/Nusa Tenggara Barat/2024-10-09,14600.155314364065
Gula Konsumsi/Nusa Tenggara Barat/2024-10-10,14600.142816036028
Gula Konsumsi/Nusa Tenggara Barat/2024-10-11,14600.153669382584
Gula Konsumsi/Nusa Tenggara Barat/2024-10-12,14600.139255212622
Gula Konsumsi/Nusa Tenggara Barat/2024-10-13,14600.141607645164
Gula Konsumsi/Nusa Tenggara Barat/2024-10-14,14600.159602386248
Gula Konsumsi/Nusa Tenggara Barat/2024-10-15,14600.14637018881
Gula Konsumsi/Nusa Tenggara Barat/2024-10-16,14600.142406324345
Gula Konsumsi/Nusa Tenggara Barat/2024-10-17,14600.148490147803
Gula Konsumsi/Nusa Tenggara Barat/2024-10-18,14600.12836429259
Gula Konsumsi/Nusa Tenggara Barat/2024-10-19,14600.13781921896
Gula Konsumsi/Nusa Tenggara Barat/2024-10-20,14600.136989195007
Gula Konsumsi/Nusa Tenggara Barat/2024-10-21,14600.142335814691
Gula Konsumsi/Nusa Tenggara Barat/2024-10-22,14600.136451577151
Gula Konsumsi/Nusa Tenggara Barat/2024-10-23,14600.13287516835
Gula Konsumsi/Nusa Tenggara Barat/2024-10-24,14600.139168560649
Gula Konsumsi/Nusa Tenggara Barat/2024-10-25,14600.141173338694
Gula Konsumsi/Nusa Tenggara Barat/2024-10-26,14600.135602887984
Gula Konsumsi/Nusa Tenggara Barat/2024-10-27,14600.15162816214
Gula Konsumsi/Nusa Tenggara Barat/2024-10-28,14600.148006217763
Gula Konsumsi/Nusa Tenggara Barat/2024-10-29,14600.129131044152
Gula Konsumsi/Nusa Tenggara Barat/2024-10-30,14600.145963357229
Gula Konsumsi/Nusa Tenggara Barat/2024-10-31,14600.145955709157
Gula Konsumsi/Nusa Tenggara Barat/2024-11-01,14600.150388376323
Gula Konsumsi/Nusa Tenggara Barat/2024-11-02,14600.13835280614
Gula Konsumsi/Nusa Tenggara Barat/2024-11-03,14600.129290313638
Gula Konsumsi/Nusa Tenggara Barat/2024-11-04,14600.134236889851
Gula Konsumsi/Nusa Tenggara Barat/2024-11-05,14600.129651956586
Gula Konsumsi/Nusa Tenggara Barat/2024-11-06,14600.132237219334
Gula Konsumsi/Nusa Tenggara Barat/2024-11-07,14600.14475182286
Gula Konsumsi/Nusa Tenggara Barat/2024-11-08,14600.14884001172
Gula Konsumsi/Nusa Tenggara Barat/2024-11-09,14600.133091493495
Gula Konsumsi/Nusa Tenggara Barat/2024-11-10,14600.13963442476
Gula Konsumsi/Nusa Tenggara Barat/2024-11-11,14600.138179524818
Gula Konsumsi/Nusa Tenggara Barat/2024-11-12,14600.142991270082
Gula Konsumsi/Nusa Tenggara Barat/2024-11-13,14600.132809543038
Gula Konsumsi/Nusa Tenggara Barat/2024-11-14,14600.134358727442
Gula Konsumsi/Nusa Tenggara Barat/2024-11-15,14600.147839167304
Gula Konsumsi/Nusa Tenggara Barat/2024-11-16,14600.146418230486
Gula Konsumsi/Nusa Tenggara Barat/2024-11-17,14600.135013580377
Gula Konsumsi/Nusa Tenggara Barat/2024-11-18,14600.154751017411
Gula Konsumsi/Nusa Tenggara Barat/2024-11-19,14600.150145667343
Gula Konsumsi/Nusa Tenggara Barat/2024-11-20,14600.14353305073
Gula Konsumsi/Nusa Tenggara Barat/2024-11-21,14600.13867287547
Gula Konsumsi/Nusa Tenggara Barat/2024-11-22,14600.132511679629
Gula Konsumsi/Nusa Tenggara Barat/2024-11-23,14600.157413776133
Gula Konsumsi/Nusa Tenggara Barat/2024-11-24,14600.147836274838
Gula Konsumsi/Nusa Tenggara Barat/2024-11-25,14600.135033874156
Gula Konsumsi/Nusa Tenggara Barat/2024-11-26,14600.16482813257
Gula Konsumsi/Nusa Tenggara Barat/2024-11-27,14600.140991495702
Gula Konsumsi/Nusa Tenggara Barat/2024-11-28,14600.11702608268
Gula Konsumsi/Nusa Tenggara Barat/2024-11-29,14600.142453683338
Gula Konsumsi/Nusa Tenggara Barat/2024-11-30,14600.162932903995
Gula Konsumsi/Nusa Tenggara Barat/2024-12-01,14600.14094009959
Gula Konsumsi/Nusa Tenggara Barat/2024-12-02,14600.131489666166
Gula Konsumsi/Nusa Tenggara Barat/2024-12-03,14600.124919405594
Gula Konsumsi/Nusa Tenggara Barat/2024-12-04,14600.14246744024
Gula Konsumsi/Nusa Tenggara Barat/2024-12-05,14600.160101323369
Gula Konsumsi/Nusa Tenggara Barat/2024-12-06,14600.153843362135
Gula Konsumsi/Nusa Tenggara Barat/2024-12-07,14600.11872023568
Gula Konsumsi/Nusa Tenggara Barat/2024-12-08,14600.139588119291
Gula Konsumsi/Nusa Tenggara Barat/2024-12-09,14600.143458035229
Gula Konsumsi/Nusa Tenggara Barat/2024-12-10,14600.142790979506
Gula Konsumsi/Nusa Tenggara Barat/2024-12-11,14600.153802797531
Gula Konsumsi/Nusa Tenggara Barat/2024-12-12,14600.141155641548
Gula Konsumsi/Nusa Tenggara Barat/2024-12-13,14600.141692243336
Gula Konsumsi/Nusa Tenggara Barat/2024-12-14,14600.143188294393
Gula Konsumsi/Nusa Tenggara Barat/2024-12-15,14600.140654999734
Gula Konsumsi/Nusa Tenggara Barat/2024-12-16,14600.13622826995
Gula Konsumsi/Nusa Tenggara Barat/2024-12-17,14600.15364899161
Gula Konsumsi/Nusa Tenggara Barat/2024-12-18,14600.13970125694
Gula Konsumsi/Nusa Tenggara Barat/2024-12-19,14600.140245371813
Gula Konsumsi/Nusa Tenggara Barat/2024-12-20,14600.136078197153
Gula Konsumsi/Nusa Tenggara Barat/2024-12-21,14600.147965777742
Gula Konsumsi/Nusa Tenggara Barat/2024-12-22,14600.147572005208
Gula Konsumsi/Nusa Tenggara Barat/2024-12-23,14600.118308416788
Gula Konsumsi/Nusa Tenggara Barat/2024-12-24,14600.138000401332
Gula Konsumsi/Nusa Tenggara Barat/2024-12-25,14600.140519723687
Gula Konsumsi/Nusa Tenggara Barat/2024-12-26,14600.142813069888
Gula Konsumsi/Nusa Tenggara Barat/2024-12-27,14600.140468321752
Gula Konsumsi/Nusa Tenggara Barat/2024-12-28,14600.1421566122
Gula Konsumsi/Nusa Tenggara Barat/2024-12-29,14600.146576988189
Gula Konsumsi/Nusa Tenggara Barat/2024-12-30,14600.154342511654
Gula Konsumsi/Nusa Tenggara Barat/2024-12-31,14600.156854351122
Gula Konsumsi/Nusa Tenggara Timur/2024-10-01,14600.135442606965
Gula Konsumsi/Nusa Tenggara Timur/2024-10-02,14600.126959416755
Gula Konsumsi/Nusa Tenggara Timur/2024-10-03,14600.129569047896
Gula Konsumsi/Nusa Tenggara Timur/2024-10-04,14600.144389023502
Gula Konsumsi/Nusa Tenggara Timur/2024-10-05,14600.136132869718
Gula Konsumsi/Nusa Tenggara Timur/2024-10-06,14600.147336553327
Gula Konsumsi/Nusa Tenggara Timur/2024-10-07,14600.123337259596
Gula Konsumsi/Nusa Tenggara Timur/2024-10-08,14600.149192447465
Gula Konsumsi/Nusa Tenggara Timur/2024-10-09,14600.15078894624
Gula Konsumsi/Nusa Tenggara Timur/2024-10-10,14600.152037126589
Gula Konsumsi/Nusa Tenggara Timur/2024-10-11,14600.13240656416
Gula Konsumsi/Nusa Tenggara Timur/2024-10-12,14600.14621622988
Gula Konsumsi/Nusa Tenggara Timur/2024-10-13,14600.157099503218
Gula Konsumsi/Nusa Tenggara Timur/2024-10-14,14600.144716347942
Gula Konsumsi/Nusa Tenggara Timur/2024-10-15,14600.13884107179
Gula Konsumsi/Nusa Tenggara Timur/2024-10-16,14600.144599191024
Gula Konsumsi/Nusa Tenggara Timur/2024-10-17,14600.131508088518
Gula Konsumsi/Nusa Tenggara Timur/2024-10-18,14600.12873019746
Gula Konsumsi/Nusa Tenggara Timur/2024-10-19,14600.144471558448
Gula Konsumsi/Nusa Tenggara Timur/2024-10-20,14600.142054783702
Gula Konsumsi/Nusa Tenggara Timur/2024-10-21,14600.149581898886
Gula Konsumsi/Nusa Tenggara Timur/2024-10-22,14600.13734810368
Gula Konsumsi/Nusa Tenggara Timur/2024-10-23,14600.143648690908
Gula Konsumsi/Nusa Tenggara Timur/2024-10-24,14600.137206958165
Gula Konsumsi/Nusa Tenggara Timur/2024-10-25,14600.130477200555
Gula Konsumsi/Nusa Tenggara Timur/2024-10-26,14600.152776451943
Gula Konsumsi/Nusa Tenggara Timur/2024-10-27,14600.15037156672
Gula Konsumsi/Nusa Tenggara Timur/2024-10-28,14600.147731828094
Gula Konsumsi/Nusa Tenggara Timur/2024-10-29,14600.13440646694
Gula Konsumsi/Nusa Tenggara Timur/2024-10-30,14600.148727977068
Gula Konsumsi/Nusa Tenggara Timur/2024-10-31,14600.141486100314
Gula Konsumsi/Nusa Tenggara Timur/2024-11-01,14600.13372314002
Gula Konsumsi/Nusa Tenggara Timur/2024-11-02,14600.128337880213
Gula Konsumsi/Nusa Tenggara Timur/2024-11-03,14600.1393144066
Gula Konsumsi/Nusa Tenggara Timur/2024-11-04,14600.13621076727
Gula Konsumsi/Nusa Tenggara Timur/2024-11-05,14600.122466017434
Gula Konsumsi/Nusa Tenggara Timur/2024-11-06,14600.135922722182
Gula Konsumsi/Nusa Tenggara Timur/2024-11-07,14600.143197377069
Gula Konsumsi/Nusa Tenggara Timur/2024-11-08,14600.132596224968
Gula Konsumsi/Nusa Tenggara Timur/2024-11-09,14600.153075336617
Gula Konsumsi/Nusa Tenggara Timur/2024-11-10,14600.142349905462
Gula Konsumsi/Nusa Tenggara Timur/2024-11-11,14600.143545496334
Gula Konsumsi/Nusa Tenggara Timur/2024-11-12,14600.140654054409
Gula Konsumsi/Nusa Tenggara Timur/2024-11-13,14600.128831303997
Gula Konsumsi/Nusa Tenggara Timur/2024-11-14,14600.14535707909
Gula Konsumsi/Nusa Tenggara Timur/2024-11-15,14600.133998829428
Gula Konsumsi/Nusa Tenggara Timur/2024-11-16,14600.144552495907
Gula Konsumsi/Nusa Tenggara Timur/2024-11-17,14600.136669159348
Gula Konsumsi/Nusa Tenggara Timur/2024-11-18,14600.142442971146
Gula Konsumsi/Nusa Tenggara Timur/2024-11-19,14600.133663383094
Gula Konsumsi/Nusa Tenggara Timur/2024-11-20,14600.137359721455
Gula Konsumsi/Nusa Tenggara Timur/2024-11-21,14600.161126722018
Gula Konsumsi/Nusa Tenggara Timur/2024-11-22,14600.138013003365
Gula Konsumsi/Nusa Tenggara Timur/2024-11-23,14600.139995122569
Gula Konsumsi/Nusa Tenggara Timur/2024-11-24,14600.150020260417
Gula Konsumsi/Nusa Tenggara Timur/2024-11-25,14600.151901145518
Gula Konsumsi/Nusa Tenggara Timur/2024-11-26,14600.155355093808
Gula Konsumsi/Nusa Tenggara Timur/2024-11-27,14600.138711254927
Gula Konsumsi/Nusa Tenggara Timur/2024-11-28,14600.140451361258
Gula Konsumsi/Nusa Tenggara Timur/2024-11-29,14600.14805795476
Gula Konsumsi/Nusa Tenggara Timur/2024-11-30,14600.133023602662
Gula Konsumsi/Nusa Tenggara Timur/2024-12-01,14600.127583325464
Gula Konsumsi/Nusa Tenggara Timur/2024-12-02,14600.149614364998
Gula Konsumsi/Nusa Tenggara Timur/2024-12-03,14600.132133211666
Gula Konsumsi/Nusa Tenggara Timur/2024-12-04,14600.14473078544
Gula Konsumsi/Nusa Tenggara Timur/2024-12-05,14600.132391167395
Gula Konsumsi/Nusa Tenggara Timur/2024-12-06,14600.149148391867
Gula Konsumsi/Nusa Tenggara Timur/2024-12-07,14600.123544429194
Gula Konsumsi/Nusa Tenggara Timur/2024-12-08,14600.141039097596
Gula Konsumsi/Nusa Tenggara Timur/2024-12-09,14600.144155917584
Gula Konsumsi/Nusa Tenggara Timur/2024-12-10,14600.153948108013
Gula Konsumsi/Nusa Tenggara Timur/2024-12-11,14600.129703968536
Gula Konsumsi/Nusa Tenggara Timur/2024-12-12,14600.122333587797
Gula Konsumsi/Nusa Tenggara Timur/2024-12-13,14600.11897998178
Gula Konsumsi/Nusa Tenggara Timur/2024-12-14,14600.137399705343
Gula Konsumsi/Nusa Tenggara Timur/2024-12-15,14600.150218690362
Gula Konsumsi/Nusa Tenggara Timur/2024-12-16,14600.137403716031
Gula Konsumsi/Nusa Tenggara Timur/2024-12-17,14600.158822905336
Gula Konsumsi/Nusa Tenggara Timur/2024-12-18,14600.142447959235
Gula Konsumsi/Nusa Tenggara Timur/2024-12-19,14600.143761767617
Gula Konsumsi/Nusa Tenggara Timur/2024-12-20,14600.1545744111
Gula Konsumsi/Nusa Tenggara Timur/2024-12-21,14600.140058465597
Gula Konsumsi/Nusa Tenggara Timur/2024-12-22,14600.134629915785
Gula Konsumsi/Nusa Tenggara Timur/2024-12-23,14600.158198565929
Gula Konsumsi/Nusa Tenggara Timur/2024-12-24,14600.135619050234
Gula Konsumsi/Nusa Tenggara Timur/2024-12-25,14600.13951002413
Gula Konsumsi/Nusa Tenggara Timur/2024-12-26,14600.157359056277
Gula Konsumsi/Nusa Tenggara Timur/2024-12-27,14600.12290564544
Gula Konsumsi/Nusa Tenggara Timur/2024-12-28,14600.152487533702
Gula Konsumsi/Nusa Tenggara Timur/2024-12-29,14600.154080306846
Gula Konsumsi/Nusa Tenggara Timur/2024-12-30,14600.14221933638
Gula Konsumsi/Nusa Tenggara Timur/2024-12-31,14600.135975479385
Gula Konsumsi/Papua Barat/2024-10-01,14600.151767734762
Gula Konsumsi/Papua Barat/2024-10-02,14600.142474148824
Gula Konsumsi/Papua Barat/2024-10-03,14600.14853636848
Gula Konsumsi/Papua Barat/2024-10-04,14600.131141807718
Gula Konsumsi/Papua Barat/2024-10-05,14600.145651719457
Gula Konsumsi/Papua Barat/2024-10-06,14600.1389929282
Gula Konsumsi/Papua Barat/2024-10-07,14600.14329323012
Gula Konsumsi/Papua Barat/2024-10-08,14600.143719321755
Gula Konsumsi/Papua Barat/2024-10-09,14600.130764685426
Gula Konsumsi/Papua Barat/2024-10-10,14600.141699718351
Gula Konsumsi/Papua Barat/2024-10-11,14600.14225721201
Gula Konsumsi/Papua Barat/2024-10-12,14600.137005057584
Gula Konsumsi/Papua Barat/2024-10-13,14600.140038212192
Gula Konsumsi/Papua Barat/2024-10-14,14600.154859502263
Gula Konsumsi/Papua Barat/2024-10-15,14600.152543143304
Gula Konsumsi/Papua Barat/2024-10-16,14600.138017574398
Gula Konsumsi/Papua Barat/2024-10-17,14600.141030625844
Gula Konsumsi/Papua Barat/2024-10-18,14600.1479288571
Gula Konsumsi/Papua Barat/2024-10-19,14600.135783518988
Gula Konsumsi/Papua Barat/2024-10-20,14600.145354307497
Gula Konsumsi/Papua Barat/2024-10-21,14600.128854054024
Gula Konsumsi/Papua Barat/2024-10-22,14600.137760166566
Gula Konsumsi/Papua Barat/2024-10-23,14600.138616053053
Gula Konsumsi/Papua Barat/2024-10-24,14600.142889371313
Gula Konsumsi/Papua Barat/2024-10-25,14600.136293434209
Gula Konsumsi/Papua Barat/2024-10-26,14600.15125524335
Gula Konsumsi/Papua Barat/2024-10-27,14600.135265919307
Gula Konsumsi/Papua Barat/2024-10-28,14600.1459404244
Gula Konsumsi/Papua Barat/2024-10-29,14600.156251513885
Gula Konsumsi/Papua Barat/2024-10-30,14600.130007290736
Gula Konsumsi/Papua Barat/2024-10-31,14600.155527369045
Gula Konsumsi/Papua Barat/2024-11-01,14600.140533613674
Gula Konsumsi/Papua Barat/2024-11-02,14600.134754232484
Gula Konsumsi/Papua Barat/2024-11-03,14600.138869806153
Gula Konsumsi/Papua Barat/2024-11-04,14600.1418392704
Gula Konsumsi/Papua Barat/2024-11-05,14600.136095323667
Gula Konsumsi/Papua Barat/2024-11-06,14600.144095136768
Gula Konsumsi/Papua Barat/2024-11-07,14600.130919205616
Gula Konsumsi/Papua Barat/2024-11-08,14600.130363479022
Gula Konsumsi/Papua Barat/2024-11-09,14600.155105867269
Gula Konsumsi/Papua Barat/2024-11-10,14600.135511166807
Gula Konsumsi/Papua Barat/2024-11-11,14600.132675554449
Gula Konsumsi/Papua Barat/2024-11-12,14600.13070655954
Gula Konsumsi/Papua Barat/2024-11-13,14600.14357020092
Gula Konsumsi/Papua Barat/2024-11-14,14600.148328311434
Gula Konsumsi/Papua Barat/2024-11-15,14600.143041976911
Gula Konsumsi/Papua Barat/2024-11-16,14600.168673224243
Gula Konsumsi/Papua Barat/2024-11-17,14600.136354349985
Gula Konsumsi/Papua Barat/2024-11-18,14600.1330303564
Gula Konsumsi/Papua Barat/2024-11-19,14600.139070961304
Gula Konsumsi/Papua Barat/2024-11-20,14600.146388583944
Gula Konsumsi/Papua Barat/2024-11-21,14600.142198994268
Gula Konsumsi/Papua Barat/2024-11-22,14600.150563569592
Gula Konsumsi/Papua Barat/2024-11-23,14600.151926379353
Gula Konsumsi/Papua Barat/2024-11-24,14600.149617053938
Gula Konsumsi/Papua Barat/2024-11-25,14600.139698777824
Gula Konsumsi/Papua Barat/2024-11-26,14600.149226095918
Gula Konsumsi/Papua Barat/2024-11-27,14600.135261380246
Gula Konsumsi/Papua Barat/2024-11-28,14600.137104886013
Gula Konsumsi/Papua Barat/2024-11-29,14600.133008979115
Gula Konsumsi/Papua Barat/2024-11-30,14600.12308374842
Gula Konsumsi/Papua Barat/2024-12-01,14600.131646791408
Gula Konsumsi/Papua Barat/2024-12-02,14600.14455390244
Gula Konsumsi/Papua Barat/2024-12-03,14600.143095721403
Gula Konsumsi/Papua Barat/2024-12-04,14600.133917273672
Gula Konsumsi/Papua Barat/2024-12-05,14600.149243372029
Gula Konsumsi/Papua Barat/2024-12-06,14600.139357961954
Gula Konsumsi/Papua Barat/2024-12-07,14600.136477378925
Gula Konsumsi/Papua Barat/2024-12-08,14600.134000024398
Gula Konsumsi/Papua Barat/2024-12-09,14600.144146104083
Gula Konsumsi/Papua Barat/2024-12-10,14600.131094942
Gula Konsumsi/Papua Barat/2024-12-11,14600.142932700308
Gula Konsumsi/Papua Barat/2024-12-12,14600.134498752255
Gula Konsumsi/Papua Barat/2024-12-13,14600.13440090136
Gula Konsumsi/Papua Barat/2024-12-14,14600.14701396138
Gula Konsumsi/Papua Barat/2024-12-15,14600.15840016522
Gula Konsumsi/Papua Barat/2024-12-16,14600.142692736745
Gula Konsumsi/Papua Barat/2024-12-17,14600.144926931036
Gula Konsumsi/Papua Barat/2024-12-18,14600.152907904354
Gula Konsumsi/Papua Barat/2024-12-19,14600.120765498705
Gula Konsumsi/Papua Barat/2024-12-20,14600.154497186142
Gula Konsumsi/Papua Barat/2024-12-21,14600.153201197018
Gula Konsumsi/Papua Barat/2024-12-22,14600.143493630874
Gula Konsumsi/Papua Barat/2024-12-23,14600.141556010554
Gula Konsumsi/Papua Barat/2024-12-24,14600.134594047517
Gula Konsumsi/Papua Barat/2024-12-25,14600.14318554635
Gula Konsumsi/Papua Barat/2024-12-26,14600.136905694057
Gula Konsumsi/Papua Barat/2024-12-27,14600.15778653794
Gula Konsumsi/Papua Barat/2024-12-28,14600.139439703906
Gula Konsumsi/Papua Barat/2024-12-29,14600.151655599118
Gula Konsumsi/Papua Barat/2024-12-30,14600.137325795356
Gula Konsumsi/Papua Barat/2024-12-31,14600.13733177626
Gula Konsumsi/Papua/2024-10-01,14600.131815751884
Gula Konsumsi/Papua/2024-10-02,14600.138681905864
Gula Konsumsi/Papua/2024-10-03,14600.142694872224
Gula Konsumsi/Papua/2024-10-04,14600.14979843976
Gula Konsumsi/Papua/2024-10-05,14600.134211584687
Gula Konsumsi/Papua/2024-10-06,14600.128449004507
Gula Konsumsi/Papua/2024-10-07,14600.14456267437
Gula Konsumsi/Papua/2024-10-08,14600.134552090343
Gula Konsumsi/Papua/2024-10-09,14600.127252513415
Gula Konsumsi/Papua/2024-10-10,14600.167652659911
Gula Konsumsi/Papua/2024-10-11,14600.139275142772
Gula Konsumsi/Papua/2024-10-12,14600.135035289562
Gula Konsumsi/Papua/2024-10-13,14600.141015820793
Gula Konsumsi/Papua/2024-10-14,14600.15946145134
Gula Konsumsi/Papua/2024-10-15,14600.141401824949
Gula Konsumsi/Papua/2024-10-16,14600.150594976434
Gula Konsumsi/Papua/2024-10-17,14600.150818419228
Gula Konsumsi/Papua/2024-10-18,14600.160564516029
Gula Konsumsi/Papua/2024-10-19,14600.145970972642
Gula Konsumsi/Papua/2024-10-20,14600.14125727026
Gula Konsumsi/Papua/2024-10-21,14600.158860640471
Gula Konsumsi/Papua/2024-10-22,14600.140287607306
Gula Konsumsi/Papua/2024-10-23,14600.136928083037
Gula Konsumsi/Papua/2024-10-24,14600.141343325591
Gula Konsumsi/Papua/2024-10-25,14600.13140323535
Gula Konsumsi/Papua/2024-10-26,14600.137929543538
Gula Konsumsi/Papua/2024-10-27,14600.142800670825
Gula Konsumsi/Papua/2024-10-28,14600.145615945665
Gula Konsumsi/Papua/2024-10-29,14600.157308603457
Gula Konsumsi/Papua/2024-10-30,14600.143235780772
Gula Konsumsi/Papua/2024-10-31,14600.14371420242
Gula Konsumsi/Papua/2024-11-01,14600.154825807806
Gula Konsumsi/Papua/2024-11-02,14600.15038603925
Gula Konsumsi/Papua/2024-11-03,14600.124495558195
Gula Konsumsi/Papua/2024-11-04,14600.134967732984
Gula Konsumsi/Papua/2024-11-05,14600.148363990187
Gula Konsumsi/Papua/2024-11-06,14600.137615239804
Gula Konsumsi/Papua/2024-11-07,14600.15192401847
Gula Konsumsi/Papua/2024-11-08,14600.143759224964
Gula Konsumsi/Papua/2024-11-09,14600.144515930504
Gula Konsumsi/Papua/2024-11-10,14600.129949227714
Gula Konsumsi/Papua/2024-11-11,14600.138847740262
Gula Konsumsi/Papua/2024-11-12,14600.124084170531
Gula Konsumsi/Papua/2024-11-13,14600.130936549824
Gula Konsumsi/Papua/2024-11-14,14600.132658225148
Gula Konsumsi/Papua/2024-11-15,14600.14987361182
Gula Konsumsi/Papua/2024-11-16,14600.123841408578
Gula Konsumsi/Papua/2024-11-17,14600.123997946152
Gula Konsumsi/Papua/2024-11-18,14600.14285862903
Gula Konsumsi/Papua/2024-11-19,14600.133188447457
Gula Konsumsi/Papua/2024-11-20,14600.13354786454
Gula Konsumsi/Papua/2024-11-21,14600.119592696676
Gula Konsumsi/Papua/2024-11-22,14600.130096812463
Gula Konsumsi/Papua/2024-11-23,14600.143209627684
Gula Konsumsi/Papua/2024-11-24,14600.149166958658
Gula Konsumsi/Papua/2024-11-25,14600.128030704807
Gula Konsumsi/Papua/2024-11-26,14600.153893370853
Gula Konsumsi/Papua/2024-11-27,14600.134498271012
Gula Konsumsi/Papua/2024-11-28,14600.132097586013
Gula Konsumsi/Papua/2024-11-29,14600.149293013685
Gula Konsumsi/Papua/2024-11-30,14600.156744417793
Gula Konsumsi/Papua/2024-12-01,14600.13137717098
Gula Konsumsi/Papua/2024-12-02,14600.150644629386
Gula Konsumsi/Papua/2024-12-03,14600.152078023126
Gula Konsumsi/Papua/2024-12-04,14600.139921404088
Gula Konsumsi/Papua/2024-12-05,14600.138092193196
Gula Konsumsi/Papua/2024-12-06,14600.145161805289
Gula Konsumsi/Papua/2024-12-07,14600.15136625169
Gula Konsumsi/Papua/2024-12-08,14600.128307353923
Gula Konsumsi/Papua/2024-12-09,14600.12676378628
Gula Konsumsi/Papua/2024-12-10,14600.132512367183
Gula Konsumsi/Papua/2024-12-11,14600.126440644774
Gula Konsumsi/Papua/2024-12-12,14600.14656571399
Gula Konsumsi/Papua/2024-12-13,14600.13686932223
Gula Konsumsi/Papua/2024-12-14,14600.135203971868
Gula Konsumsi/Papua/2024-12-15,14600.129588637456
Gula Konsumsi/Papua/2024-12-16,14600.144241120504
Gula Konsumsi/Papua/2024-12-17,14600.14355041922
Gula Konsumsi/Papua/2024-12-18,14600.126783328426
Gula Konsumsi/Papua/2024-12-19,14600.148995799984
Gula Konsumsi/Papua/2024-12-20,14600.147014511776
Gula Konsumsi/Papua/2024-12-21,14600.127764627714
Gula Konsumsi/Papua/2024-12-22,14600.144473309609
Gula Konsumsi/Papua/2024-12-23,14600.133144517662
Gula Konsumsi/Papua/2024-12-24,14600.137595808535
Gula Konsumsi/Papua/2024-12-25,14600.13017217679
Gula Konsumsi/Papua/2024-12-26,14600.145112620214
Gula Konsumsi/Papua/2024-12-27,14600.13056492661
Gula Konsumsi/Papua/2024-12-28,14600.132033802223
Gula Konsumsi/Papua/2024-12-29,14600.158715592
Gula Konsumsi/Papua/2024-12-30,14600.139357062231
Gula Konsumsi/Papua/2024-12-31,14600.123880343785
Gula Konsumsi/Riau/2024-10-01,14600.15411060359
Gula Konsumsi/Riau/2024-10-02,14600.143488545787
Gula Konsumsi/Riau/2024-10-03,14600.16233244094
Gula Konsumsi/Riau/2024-10-04,14600.126602707764
Gula Konsumsi/Riau/2024-10-05,14600.145005933104
Gula Konsumsi/Riau/2024-10-06,14600.141857553395
Gula Konsumsi/Riau/2024-10-07,14600.130898614812
Gula Konsumsi/Riau/2024-10-08,14600.13993634447
Gula Konsumsi/Riau/2024-10-09,14600.144805286744
Gula Konsumsi/Riau/2024-10-10,14600.13792860026
Gula Konsumsi/Riau/2024-10-11,14600.13418678924
Gula Konsumsi/Riau/2024-10-12,14600.155302711126
Gula Konsumsi/Riau/2024-10-13,14600.14646204263
Gula Konsumsi/Riau/2024-10-14,14600.152304595342
Gula Konsumsi/Riau/2024-10-15,14600.14319436525
Gula Konsumsi/Riau/2024-10-16,14600.138391973094
Gula Konsumsi/Riau/2024-10-17,14600.147459046586
Gula Konsumsi/Riau/2024-10-18,14600.141125163422
Gula Konsumsi/Riau/2024-10-19,14600.143270977338
Gula Konsumsi/Riau/2024-10-20,14600.146970302749
Gula Konsumsi/Riau/2024-10-21,14600.126813075942
Gula Konsumsi/Riau/2024-10-22,14600.133029287588
Gula Konsumsi/Riau/2024-10-23,14600.13778747208
Gula Konsumsi/Riau/2024-10-24,14600.143741689018
Gula Konsumsi/Riau/2024-10-25,14600.121418763558
Gula Konsumsi/Riau/2024-10-26,14600.147842225657
Gula Konsumsi/Riau/2024-10-27,14600.137514376273
Gula Konsumsi/Riau/2024-10-28,14600.15507292779
Gula Konsumsi/Riau/2024-10-29,14600.159501572682
Gula Konsumsi/Riau/2024-10-30,14600.15153504172
Gula Konsumsi/Riau/2024-10-31,14600.145243206684
Gula Konsumsi/Riau/2024-11-01,14600.153309936608
Gula Konsumsi/Riau/2024-11-02,14600.137524087257
Gula Konsumsi/Riau/2024-11-03,14600.136713156227
Gula Konsumsi/Riau/2024-11-04,14600.138339783996
Gula Konsumsi/Riau/2024-11-05,14600.145775902662
Gula Konsumsi/Riau/2024-11-06,14600.124455196765
Gula Konsumsi/Riau/2024-11-07,14600.12405900454
Gula Konsumsi/Riau/2024-11-08,14600.139898467174
Gula Konsumsi/Riau/2024-11-09,14600.146995805671
Gula Konsumsi/Riau/2024-11-10,14600.143772553847
Gula Konsumsi/Riau/2024-11-11,14600.135672552686
Gula Konsumsi/Riau/2024-11-12,14600.140428183844
Gula Konsumsi/Riau/2024-11-13,14600.142434628182
Gula Konsumsi/Riau/2024-11-14,14600.144812578195
Gula Konsumsi/Riau/2024-11-15,14600.122185183263
Gula Konsumsi/Riau/2024-11-16,14600.137816210869
Gula Konsumsi/Riau/2024-11-17,14600.151433529298
Gula Konsumsi/Riau/2024-11-18,14600.155270158271
Gula Konsumsi/Riau/2024-11-19,14600.136438861688
Gula Konsumsi/Riau/2024-11-20,14600.139050365904
Gula Konsumsi/Riau/2024-11-21,14600.124715987524
Gula Konsumsi/Riau/2024-11-22,14600.136587041692
Gula Konsumsi/Riau/2024-11-23,14600.131917562385
Gula Konsumsi/Riau/2024-11-24,14600.132292718525
Gula Konsumsi/Riau/2024-11-25,14600.160307828002
Gula Konsumsi/Riau/2024-11-26,14600.13581492087
Gula Konsumsi/Riau/2024-11-27,14600.134224228274
Gula Konsumsi/Riau/2024-11-28,14600.146873009722
Gula Konsumsi/Riau/2024-11-29,14600.127500629724
Gula Konsumsi/Riau/2024-11-30,14600.145149673966
Gula Konsumsi/Riau/2024-12-01,14600.142742411816
Gula Konsumsi/Riau/2024-12-02,14600.134618997354
Gula Konsumsi/Riau/2024-12-03,14600.138599203678
Gula Konsumsi/Riau/2024-12-04,14600.151410595092
Gula Konsumsi/Riau/2024-12-05,14600.139464648086
Gula Konsumsi/Riau/2024-12-06,14600.141285507478
Gula Konsumsi/Riau/2024-12-07,14600.139733067355
Gula Konsumsi/Riau/2024-12-08,14600.1361359047
Gula Konsumsi/Riau/2024-12-09,14600.126609088198
Gula Konsumsi/Riau/2024-12-10,14600.108694869912
Gula Konsumsi/Riau/2024-12-11,14600.1398851367
Gula Konsumsi/Riau/2024-12-12,14600.12475186025
Gula Konsumsi/Riau/2024-12-13,14600.123315863497
Gula Konsumsi/Riau/2024-12-14,14600.143089744004
Gula Konsumsi/Riau/2024-12-15,14600.138144719202
Gula Konsumsi/Riau/2024-12-16,14600.131722406792
Gula Konsumsi/Riau/2024-12-17,14600.155327988125
Gula Konsumsi/Riau/2024-12-18,14600.152372988956
Gula Konsumsi/Riau/2024-12-19,14600.123244812656
Gula Konsumsi/Riau/2024-12-20,14600.148554269284
Gula Konsumsi/Riau/2024-12-21,14600.152772125128
Gula Konsumsi/Riau/2024-12-22,14600.137498178365
Gula Konsumsi/Riau/2024-12-23,14600.131332949248
Gula Konsumsi/Riau/2024-12-24,14600.157739914514
Gula Konsumsi/Riau/2024-12-25,14600.147721038064
Gula Konsumsi/Riau/2024-12-26,14600.140869814302
Gula Konsumsi/Riau/2024-12-27,14600.154037395994
Gula Konsumsi/Riau/2024-12-28,14600.143888706818
Gula Konsumsi/Riau/2024-12-29,14600.14151716061
Gula Konsumsi/Riau/2024-12-30,14600.145314522291
Gula Konsumsi/Riau/2024-12-31,14600.153860178283
Gula Konsumsi/Sulawesi Barat/2024-10-01,14600.136632281854
Gula Konsumsi/Sulawesi Barat/2024-10-02,14600.142840033846
Gula Konsumsi/Sulawesi Barat/2024-10-03,14600.142178670205
Gula Konsumsi/Sulawesi Barat/2024-10-04,14600.15440456994
Gula Konsumsi/Sulawesi Barat/2024-10-05,14600.158858006702
Gula Konsumsi/Sulawesi Barat/2024-10-06,14600.13538526052
Gula Konsumsi/Sulawesi Barat/2024-10-07,14600.149007547168
Gula Konsumsi/Sulawesi Barat/2024-10-08,14600.13227663194
Gula Konsumsi/Sulawesi Barat/2024-10-09,14600.12766085477
Gula Konsumsi/Sulawesi Barat/2024-10-10,14600.1401464681
Gula Konsumsi/Sulawesi Barat/2024-10-11,14600.129679806516
Gula Konsumsi/Sulawesi Barat/2024-10-12,14600.131611765282
Gula Konsumsi/Sulawesi Barat/2024-10-13,14600.13774501772
Gula Konsumsi/Sulawesi Barat/2024-10-14,14600.154220621764
Gula Konsumsi/Sulawesi Barat/2024-10-15,14600.121560056026
Gula Konsumsi/Sulawesi Barat/2024-10-16,14600.140980692597
Gula Konsumsi/Sulawesi Barat/2024-10-17,14600.12429422738
Gula Konsumsi/Sulawesi Barat/2024-10-18,14600.12113927652
Gula Konsumsi/Sulawesi Barat/2024-10-19,14600.131134625197
Gula Konsumsi/Sulawesi Barat/2024-10-20,14600.155664661304
Gula Konsumsi/Sulawesi Barat/2024-10-21,14600.147316260318
Gula Konsumsi/Sulawesi Barat/2024-10-22,14600.129456008295
Gula Konsumsi/Sulawesi Barat/2024-10-23,14600.156528059111
Gula Konsumsi/Sulawesi Barat/2024-10-24,14600.13817995348
Gula Konsumsi/Sulawesi Barat/2024-10-25,14600.132593189348
Gula Konsumsi/Sulawesi Barat/2024-10-26,14600.153354505164
Gula Konsumsi/Sulawesi Barat/2024-10-27,14600.146391925697
Gula Konsumsi/Sulawesi Barat/2024-10-28,14600.134385463954
Gula Konsumsi/Sulawesi Barat/2024-10-29,14600.136165202315
Gula Konsumsi/Sulawesi Barat/2024-10-30,14600.140163703603
Gula Konsumsi/Sulawesi Barat/2024-10-31,14600.142028834149
Gula Konsumsi/Sulawesi Barat/2024-11-01,14600.129303466876
Gula Konsumsi/Sulawesi Barat/2024-11-02,14600.13523983491
Gula Konsumsi/Sulawesi Barat/2024-11-03,14600.125368705603
Gula Konsumsi/Sulawesi Barat/2024-11-04,14600.153906723815
Gula Konsumsi/Sulawesi Barat/2024-11-05,14600.148848358558
Gula Konsumsi/Sulawesi Barat/2024-11-06,14600.135496822117
Gula Konsumsi/Sulawesi Barat/2024-11-07,14600.133885703288
Gula Konsumsi/Sulawesi Barat/2024-11-08,14600.141469961583
Gula Konsumsi/Sulawesi Barat/2024-11-09,14600.135965140744
Gula Konsumsi/Sulawesi Barat/2024-11-10,14600.1480318569
Gula Konsumsi/Sulawesi Barat/2024-11-11,14600.160636185625
Gula Konsumsi/Sulawesi Barat/2024-11-12,14600.150402080975
Gula Konsumsi/Sulawesi Barat/2024-11-13,14600.135448753592
Gula Konsumsi/Sulawesi Barat/2024-11-14,14600.149226010994
Gula Konsumsi/Sulawesi Barat/2024-11-15,14600.156205497056
Gula Konsumsi/Sulawesi Barat/2024-11-16,14600.132549679443
Gula Konsumsi/Sulawesi Barat/2024-11-17,14600.13968670202
Gula Konsumsi/Sulawesi Barat/2024-11-18,14600.12285166145
Gula Konsumsi/Sulawesi Barat/2024-11-19,14600.140501332891
Gula Konsumsi/Sulawesi Barat/2024-11-20,14600.146345897354
Gula Konsumsi/Sulawesi Barat/2024-11-21,14600.148291868083
Gula Konsumsi/Sulawesi Barat/2024-11-22,14600.154417469195
Gula Konsumsi/Sulawesi Barat/2024-11-23,14600.147936589135
Gula Konsumsi/Sulawesi Barat/2024-11-24,14600.137396236143
Gula Konsumsi/Sulawesi Barat/2024-11-25,14600.14110051336
Gula Konsumsi/Sulawesi Barat/2024-11-26,14600.12875247485
Gula Konsumsi/Sulawesi Barat/2024-11-27,14600.128155810247
Gula Konsumsi/Sulawesi Barat/2024-11-28,14600.147615054762
Gula Konsumsi/Sulawesi Barat/2024-11-29,14600.146375298697
Gula Konsumsi/Sulawesi Barat/2024-11-30,14600.160430715108
Gula Konsumsi/Sulawesi Barat/2024-12-01,14600.14698058354
Gula Konsumsi/Sulawesi Barat/2024-12-02,14600.13791661377
Gula Konsumsi/Sulawesi Barat/2024-12-03,14600.13455958174
Gula Konsumsi/Sulawesi Barat/2024-12-04,14600.152063939056
Gula Konsumsi/Sulawesi Barat/2024-12-05,14600.147707673495
Gula Konsumsi/Sulawesi Barat/2024-12-06,14600.140707829562
Gula Konsumsi/Sulawesi Barat/2024-12-07,14600.158553527066
Gula Konsumsi/Sulawesi Barat/2024-12-08,14600.143574306792
Gula Konsumsi/Sulawesi Barat/2024-12-09,14600.145615928855
Gula Konsumsi/Sulawesi Barat/2024-12-10,14600.146521408908
Gula Konsumsi/Sulawesi Barat/2024-12-11,14600.141484061982
Gula Konsumsi/Sulawesi Barat/2024-12-12,14600.1077335461
Gula Konsumsi/Sulawesi Barat/2024-12-13,14600.142062218798
Gula Konsumsi/Sulawesi Barat/2024-12-14,14600.1351336249
Gula Konsumsi/Sulawesi Barat/2024-12-15,14600.137441150237
Gula Konsumsi/Sulawesi Barat/2024-12-16,14600.13191332802
Gula Konsumsi/Sulawesi Barat/2024-12-17,14600.14615768894
Gula Konsumsi/Sulawesi Barat/2024-12-18,14600.14997622507
Gula Konsumsi/Sulawesi Barat/2024-12-19,14600.14505420135
Gula Konsumsi/Sulawesi Barat/2024-12-20,14600.13961638567
Gula Konsumsi/Sulawesi Barat/2024-12-21,14600.119265816931
Gula Konsumsi/Sulawesi Barat/2024-12-22,14600.151536479863
Gula Konsumsi/Sulawesi Barat/2024-12-23,14600.138966817583
Gula Konsumsi/Sulawesi Barat/2024-12-24,14600.137227497218
Gula Konsumsi/Sulawesi Barat/2024-12-25,14600.139178299578
Gula Konsumsi/Sulawesi Barat/2024-12-26,14600.131560758722
Gula Konsumsi/Sulawesi Barat/2024-12-27,14600.126881794444
Gula Konsumsi/Sulawesi Barat/2024-12-28,14600.155526535658
Gula Konsumsi/Sulawesi Barat/2024-12-29,14600.157789847775
Gula Konsumsi/Sulawesi Barat/2024-12-30,14600.141457790156
Gula Konsumsi/Sulawesi Barat/2024-12-31,14600.126080201764
Gula Konsumsi/Sulawesi Selatan/2024-10-01,14600.144973784498
Gula Konsumsi/Sulawesi Selatan/2024-10-02,14600.143157574536
Gula Konsumsi/Sulawesi Selatan/2024-10-03,14600.13846980823
Gula Konsumsi/Sulawesi Selatan/2024-10-04,14600.136219323798
Gula Konsumsi/Sulawesi Selatan/2024-10-05,14600.128608811176
Gula Konsumsi/Sulawesi Selatan/2024-10-06,14600.145922304102
Gula Konsumsi/Sulawesi Selatan/2024-10-07,14600.145195704174
Gula Konsumsi/Sulawesi Selatan/2024-10-08,14600.136215345665
Gula Konsumsi/Sulawesi Selatan/2024-10-09,14600.138266610942
Gula Konsumsi/Sulawesi Selatan/2024-10-10,14600.137533771993
Gula Konsumsi/Sulawesi Selatan/2024-10-11,14600.142030583089
Gula Konsumsi/Sulawesi Selatan/2024-10-12,14600.140182022897
Gula Konsumsi/Sulawesi Selatan/2024-10-13,14600.130311704334
Gula Konsumsi/Sulawesi Selatan/2024-10-14,14600.153901973164
Gula Konsumsi/Sulawesi Selatan/2024-10-15,14600.132763374011
Gula Konsumsi/Sulawesi Selatan/2024-10-16,14600.13760336187
Gula Konsumsi/Sulawesi Selatan/2024-10-17,14600.147912404156
Gula Konsumsi/Sulawesi Selatan/2024-10-18,14600.155769611782
Gula Konsumsi/Sulawesi Selatan/2024-10-19,14600.131412904926
Gula Konsumsi/Sulawesi Selatan/2024-10-20,14600.147325380938
Gula Konsumsi/Sulawesi Selatan/2024-10-21,14600.149964201906
Gula Konsumsi/Sulawesi Selatan/2024-10-22,14600.136845506317
Gula Konsumsi/Sulawesi Selatan/2024-10-23,14600.15046388829
Gula Konsumsi/Sulawesi Selatan/2024-10-24,14600.144686106449
Gula Konsumsi/Sulawesi Selatan/2024-10-25,14600.15446397062
Gula Konsumsi/Sulawesi Selatan/2024-10-26,14600.141781883627
Gula Konsumsi/Sulawesi Selatan/2024-10-27,14600.144579592816
Gula Konsumsi/Sulawesi Selatan/2024-10-28,14600.136783985892
Gula Konsumsi/Sulawesi Selatan/2024-10-29,14600.126604508956
Gula Konsumsi/Sulawesi Selatan/2024-10-30,14600.146869396429
Gula Konsumsi/Sulawesi Selatan/2024-10-31,14600.128924367024
Gula Konsumsi/Sulawesi Selatan/2024-11-01,14600.129675461836
Gula Konsumsi/Sulawesi Selatan/2024-11-02,14600.145632920916
Gula Konsumsi/Sulawesi Selatan/2024-11-03,14600.127652695704
Gula Konsumsi/Sulawesi Selatan/2024-11-04,14600.136237774215
Gula Konsumsi/Sulawesi Selatan/2024-11-05,14600.128149701475
Gula Konsumsi/Sulawesi Selatan/2024-11-06,14600.140986645962
Gula Konsumsi/Sulawesi Selatan/2024-11-07,14600.138561293055
Gula Konsumsi/Sulawesi Selatan/2024-11-08,14600.123602140944
Gula Konsumsi/Sulawesi Selatan/2024-11-09,14600.148808950176
Gula Konsumsi/Sulawesi Selatan/2024-11-10,14600.138395484257
Gula Konsumsi/Sulawesi Selatan/2024-11-11,14600.141315975545
Gula Konsumsi/Sulawesi Selatan/2024-11-12,14600.148505503466
Gula Konsumsi/Sulawesi Selatan/2024-11-13,14600.139362981288
Gula Konsumsi/Sulawesi Selatan/2024-11-14,14600.161525055608
Gula Konsumsi/Sulawesi Selatan/2024-11-15,14600.148766781032
Gula Konsumsi/Sulawesi Selatan/2024-11-16,14600.167273441752
Gula Konsumsi/Sulawesi Selatan/2024-11-17,14600.112632090331
Gula Konsumsi/Sulawesi Selatan/2024-11-18,14600.147957120487
Gula Konsumsi/Sulawesi Selatan/2024-11-19,14600.141734698564
Gula Konsumsi/Sulawesi Selatan/2024-11-20,14600.136502320887
Gula Konsumsi/Sulawesi Selatan/2024-11-21,14600.130257225424
Gula Konsumsi/Sulawesi Selatan/2024-11-22,14600.14261427423
Gula Konsumsi/Sulawesi Selatan/2024-11-23,14600.13663819373
Gula Konsumsi/Sulawesi Selatan/2024-11-24,14600.14576814872
Gula Konsumsi/Sulawesi Selatan/2024-11-25,14600.145670204018
Gula Konsumsi/Sulawesi Selatan/2024-11-26,14600.131120493696
Gula Konsumsi/Sulawesi Selatan/2024-11-27,14600.136106832166
Gula Konsumsi/Sulawesi Selatan/2024-11-28,14600.143507938908
Gula Konsumsi/Sulawesi Selatan/2024-11-29,14600.1355644685
Gula Konsumsi/Sulawesi Selatan/2024-11-30,14600.143718077035
Gula Konsumsi/Sulawesi Selatan/2024-12-01,14600.130955393664
Gula Konsumsi/Sulawesi Selatan/2024-12-02,14600.147104991029
Gula Konsumsi/Sulawesi Selatan/2024-12-03,14600.146563562745
Gula Konsumsi/Sulawesi Selatan/2024-12-04,14600.147795440016
Gula Konsumsi/Sulawesi Selatan/2024-12-05,14600.134263399972
Gula Konsumsi/Sulawesi Selatan/2024-12-06,14600.159817611362
Gula Konsumsi/Sulawesi Selatan/2024-12-07,14600.138647445625
Gula Konsumsi/Sulawesi Selatan/2024-12-08,14600.138003138803
Gula Konsumsi/Sulawesi Selatan/2024-12-09,14600.13566247306
Gula Konsumsi/Sulawesi Selatan/2024-12-10,14600.158477500234
Gula Konsumsi/Sulawesi Selatan/2024-12-11,14600.139541045644
Gula Konsumsi/Sulawesi Selatan/2024-12-12,14600.142332935357
Gula Konsumsi/Sulawesi Selatan/2024-12-13,14600.146083328238
Gula Konsumsi/Sulawesi Selatan/2024-12-14,14600.13647245502
Gula Konsumsi/Sulawesi Selatan/2024-12-15,14600.13435887338
Gula Konsumsi/Sulawesi Selatan/2024-12-16,14600.147357696942
Gula Konsumsi/Sulawesi Selatan/2024-12-17,14600.129361764646
Gula Konsumsi/Sulawesi Selatan/2024-12-18,14600.132757657822
Gula Konsumsi/Sulawesi Selatan/2024-12-19,14600.13557088406
Gula Konsumsi/Sulawesi Selatan/2024-12-20,14600.14273225172
Gula Konsumsi/Sulawesi Selatan/2024-12-21,14600.158347744224
Gula Konsumsi/Sulawesi Selatan/2024-12-22,14600.14955138716
Gula Konsumsi/Sulawesi Selatan/2024-12-23,14600.140015572157
Gula Konsumsi/Sulawesi Selatan/2024-12-24,14600.146080462731
Gula Konsumsi/Sulawesi Selatan/2024-12-25,14600.137306671782
Gula Konsumsi/Sulawesi Selatan/2024-12-26,14600.153341673744
Gula Konsumsi/Sulawesi Selatan/2024-12-27,14600.136910888225
Gula Konsumsi/Sulawesi Selatan/2024-12-28,14600.149885855712
Gula Konsumsi/Sulawesi Selatan/2024-12-29,14600.137615386157
Gula Konsumsi/Sulawesi Selatan/2024-12-30,14600.13965183205
Gula Konsumsi/Sulawesi Selatan/2024-12-31,14600.158234441142
Gula Konsumsi/Sulawesi Tengah/2024-10-01,14600.152174023742
Gula Konsumsi/Sulawesi Tengah/2024-10-02,14600.149495493582
Gula Konsumsi/Sulawesi Tengah/2024-10-03,14600.148545463022
Gula Konsumsi/Sulawesi Tengah/2024-10-04,14600.141230284977
Gula Konsumsi/Sulawesi Tengah/2024-10-05,14600.119349931012
Gula Konsumsi/Sulawesi Tengah/2024-10-06,14600.14227015512
Gula Konsumsi/Sulawesi Tengah/2024-10-07,14600.151123312253
Gula Konsumsi/Sulawesi Tengah/2024-10-08,14600.1433915101
Gula Konsumsi/Sulawesi Tengah/2024-10-09,14600.139821349569
Gula Konsumsi/Sulawesi Tengah/2024-10-10,14600.14853898499
Gula Konsumsi/Sulawesi Tengah/2024-10-11,14600.13951119763
Gula Konsumsi/Sulawesi Tengah/2024-10-12,14600.154087310497
Gula Konsumsi/Sulawesi Tengah/2024-10-13,14600.15118850282
Gula Konsumsi/Sulawesi Tengah/2024-10-14,14600.148084941931
Gula Konsumsi/Sulawesi Tengah/2024-10-15,14600.143438657504
Gula Konsumsi/Sulawesi Tengah/2024-10-16,14600.124614937156
Gula Konsumsi/Sulawesi Tengah/2024-10-17,14600.115993020006
Gula Konsumsi/Sulawesi Tengah/2024-10-18,14600.156791230056
Gula Konsumsi/Sulawesi Tengah/2024-10-19,14600.138015780098
Gula Konsumsi/Sulawesi Tengah/2024-10-20,14600.157142099146
Gula Konsumsi/Sulawesi Tengah/2024-10-21,14600.12802662658
Gula Konsumsi/Sulawesi Tengah/2024-10-22,14600.14370775271
Gula Konsumsi/Sulawesi Tengah/2024-10-23,14600.13315369284
Gula Konsumsi/Sulawesi Tengah/2024-10-24,14600.152434455318
Gula Konsumsi/Sulawesi Tengah/2024-10-25,14600.126465033856
Gula Konsumsi/Sulawesi Tengah/2024-10-26,14600.167293090868
Gula Konsumsi/Sulawesi Tengah/2024-10-27,14600.149477806046
Gula Konsumsi/Sulawesi Tengah/2024-10-28,14600.126412993235
Gula Konsumsi/Sulawesi Tengah/2024-10-29,14600.136267083328
Gula Konsumsi/Sulawesi Tengah/2024-10-30,14600.131334481486
Gula Konsumsi/Sulawesi Tengah/2024-10-31,14600.145191846274
Gula Konsumsi/Sulawesi Tengah/2024-11-01,14600.15640166051
Gula Konsumsi/Sulawesi Tengah/2024-11-02,14600.12872518856
Gula Konsumsi/Sulawesi Tengah/2024-11-03,14600.149819171977
Gula Konsumsi/Sulawesi Tengah/2024-11-04,14600.152201048855
Gula Konsumsi/Sulawesi Tengah/2024-11-05,14600.147155762055
Gula Konsumsi/Sulawesi Tengah/2024-11-06,14600.129688085011
Gula Konsumsi/Sulawesi Tengah/2024-11-07,14600.15199436606
Gula Konsumsi/Sulawesi Tengah/2024-11-08,14600.119936686708
Gula Konsumsi/Sulawesi Tengah/2024-11-09,14600.136015105323
Gula Konsumsi/Sulawesi Tengah/2024-11-10,14600.1306553109
Gula Konsumsi/Sulawesi Tengah/2024-11-11,14600.127385880463
Gula Konsumsi/Sulawesi Tengah/2024-11-12,14600.159881250902
Gula Konsumsi/Sulawesi Tengah/2024-11-13,14600.124678739096
Gula Konsumsi/Sulawesi Tengah/2024-11-14,14600.12562520588
Gula Konsumsi/Sulawesi Tengah/2024-11-15,14600.166180236964
Gula Konsumsi/Sulawesi Tengah/2024-11-16,14600.145966734652
Gula Konsumsi/Sulawesi Tengah/2024-11-17,14600.141644093434
Gula Konsumsi/Sulawesi Tengah/2024-11-18,14600.116089262405
Gula Konsumsi/Sulawesi Tengah/2024-11-19,14600.137909718947
Gula Konsumsi/Sulawesi Tengah/2024-11-20,14600.144342529356
Gula Konsumsi/Sulawesi Tengah/2024-11-21,14600.140916281212
Gula Konsumsi/Sulawesi Tengah/2024-11-22,14600.136320996884
Gula Konsumsi/Sulawesi Tengah/2024-11-23,14600.144498904385
Gula Konsumsi/Sulawesi Tengah/2024-11-24,14600.15645543466
Gula Konsumsi/Sulawesi Tengah/2024-11-25,14600.144442984174
Gula Konsumsi/Sulawesi Tengah/2024-11-26,14600.147375882232
Gula Konsumsi/Sulawesi Tengah/2024-11-27,14600.146392249637
Gula Konsumsi/Sulawesi Tengah/2024-11-28,14600.146278559789
Gula Konsumsi/Sulawesi Tengah/2024-11-29,14600.149353282482
Gula Konsumsi/Sulawesi Tengah/2024-11-30,14600.13172074755
Gula Konsumsi/Sulawesi Tengah/2024-12-01,14600.136877340296
Gula Konsumsi/Sulawesi Tengah/2024-12-02,14600.14283705606
Gula Konsumsi/Sulawesi Tengah/2024-12-03,14600.13543271584
Gula Konsumsi/Sulawesi Tengah/2024-12-04,14600.139061464735
Gula Konsumsi/Sulawesi Tengah/2024-12-05,14600.153442513323
Gula Konsumsi/Sulawesi Tengah/2024-12-06,14600.152972228743
Gula Konsumsi/Sulawesi Tengah/2024-12-07,14600.13780847768
Gula Konsumsi/Sulawesi Tengah/2024-12-08,14600.136066405916
Gula Konsumsi/Sulawesi Tengah/2024-12-09,14600.141499664634
Gula Konsumsi/Sulawesi Tengah/2024-12-10,14600.150201603534
Gula Konsumsi/Sulawesi Tengah/2024-12-11,14600.146380158949
Gula Konsumsi/Sulawesi Tengah/2024-12-12,14600.147629934934
Gula Konsumsi/Sulawesi Tengah/2024-12-13,14600.133255303686
Gula Konsumsi/Sulawesi Tengah/2024-12-14,14600.160970256888
Gula Konsumsi/Sulawesi Tengah/2024-12-15,14600.152928072795
Gula Konsumsi/Sulawesi Tengah/2024-12-16,14600.145361420717
Gula Konsumsi/Sulawesi Tengah/2024-12-17,14600.15327461711
Gula Konsumsi/Sulawesi Tengah/2024-12-18,14600.14288404685
Gula Konsumsi/Sulawesi Tengah/2024-12-19,14600.12059505724
Gula Konsumsi/Sulawesi Tengah/2024-12-20,14600.152956549688
Gula Konsumsi/Sulawesi Tengah/2024-12-21,14600.128193056902
Gula Konsumsi/Sulawesi Tengah/2024-12-22,14600.144587332825
Gula Konsumsi/Sulawesi Tengah/2024-12-23,14600.152540827952
Gula Konsumsi/Sulawesi Tengah/2024-12-24,14600.14076633835
Gula Konsumsi/Sulawesi Tengah/2024-12-25,14600.145605039135
Gula Konsumsi/Sulawesi Tengah/2024-12-26,14600.13911361026
Gula Konsumsi/Sulawesi Tengah/2024-12-27,14600.136987373746
Gula Konsumsi/Sulawesi Tengah/2024-12-28,14600.158312290225
Gula Konsumsi/Sulawesi Tengah/2024-12-29,14600.13443318367
Gula Konsumsi/Sulawesi Tengah/2024-12-30,14600.131192328829
Gula Konsumsi/Sulawesi Tengah/2024-12-31,14600.137575212677
Gula Konsumsi/Sulawesi Tenggara/2024-10-01,14600.156988657292
Gula Konsumsi/Sulawesi Tenggara/2024-10-02,14600.140311156989
Gula Konsumsi/Sulawesi Tenggara/2024-10-03,14600.135110906936
Gula Konsumsi/Sulawesi Tenggara/2024-10-04,14600.142590299827
Gula Konsumsi/Sulawesi Tenggara/2024-10-05,14600.131153299571
Gula Konsumsi/Sulawesi Tenggara/2024-10-06,14600.132387768532
Gula Konsumsi/Sulawesi Tenggara/2024-10-07,14600.144142212992
Gula Konsumsi/Sulawesi Tenggara/2024-10-08,14600.140138100633
Gula Konsumsi/Sulawesi Tenggara/2024-10-09,14600.157342374878
Gula Konsumsi/Sulawesi Tenggara/2024-10-10,14600.136817510938
Gula Konsumsi/Sulawesi Tenggara/2024-10-11,14600.15181727116
Gula Konsumsi/Sulawesi Tenggara/2024-10-12,14600.144116704872
Gula Konsumsi/Sulawesi Tenggara/2024-10-13,14600.137354327162
Gula Konsumsi/Sulawesi Tenggara/2024-10-14,14600.151608385013
Gula Konsumsi/Sulawesi Tenggara/2024-10-15,14600.146054141513
Gula Konsumsi/Sulawesi Tenggara/2024-10-16,14600.133239629718
Gula Konsumsi/Sulawesi Tenggara/2024-10-17,14600.133407891812
Gula Konsumsi/Sulawesi Tenggara/2024-10-18,14600.1291253191
Gula Konsumsi/Sulawesi Tenggara/2024-10-19,14600.132955103489
Gula Konsumsi/Sulawesi Tenggara/2024-10-20,14600.12913890706
Gula Konsumsi/Sulawesi Tenggara/2024-10-21,14600.15000160309
Gula Konsumsi/Sulawesi Tenggara/2024-10-22,14600.129327356415
Gula Konsumsi/Sulawesi Tenggara/2024-10-23,14600.137251082384
Gula Konsumsi/Sulawesi Tenggara/2024-10-24,14600.141212438875
Gula Konsumsi/Sulawesi Tenggara/2024-10-25,14600.148224859253
Gula Konsumsi/Sulawesi Tenggara/2024-10-26,14600.15327552542
Gula Konsumsi/Sulawesi Tenggara/2024-10-27,14600.138930750298
Gula Konsumsi/Sulawesi Tenggara/2024-10-28,14600.137851798852
Gula Konsumsi/Sulawesi Tenggara/2024-10-29,14600.15209562671
Gula Konsumsi/Sulawesi Tenggara/2024-10-30,14600.14820155251
Gula Konsumsi/Sulawesi Tenggara/2024-10-31,14600.133313665305
Gula Konsumsi/Sulawesi Tenggara/2024-11-01,14600.152495277143
Gula Konsumsi/Sulawesi Tenggara/2024-11-02,14600.167964923585
Gula Konsumsi/Sulawesi Tenggara/2024-11-03,14600.125844995304
Gula Konsumsi/Sulawesi Tenggara/2024-11-04,14600.148916203148
Gula Konsumsi/Sulawesi Tenggara/2024-11-05,14600.131290530087
Gula Konsumsi/Sulawesi Tenggara/2024-11-06,14600.150386104093
Gula Konsumsi/Sulawesi Tenggara/2024-11-07,14600.142877551229
Gula Konsumsi/Sulawesi Tenggara/2024-11-08,14600.136356550112
Gula Konsumsi/Sulawesi Tenggara/2024-11-09,14600.156232321517
Gula Konsumsi/Sulawesi Tenggara/2024-11-10,14600.148711341652
Gula Konsumsi/Sulawesi Tenggara/2024-11-11,14600.14177773366
Gula Konsumsi/Sulawesi Tenggara/2024-11-12,14600.139064383588
Gula Konsumsi/Sulawesi Tenggara/2024-11-13,14600.14719702892
Gula Konsumsi/Sulawesi Tenggara/2024-11-14,14600.13170110449
Gula Konsumsi/Sulawesi Tenggara/2024-11-15,14600.159714294856
Gula Konsumsi/Sulawesi Tenggara/2024-11-16,14600.142763234651
Gula Konsumsi/Sulawesi Tenggara/2024-11-17,14600.136755072666
Gula Konsumsi/Sulawesi Tenggara/2024-11-18,14600.137144945838
Gula Konsumsi/Sulawesi Tenggara/2024-11-19,14600.128073155009
Gula Konsumsi/Sulawesi Tenggara/2024-11-20,14600.15928896273
Gula Konsumsi/Sulawesi Tenggara/2024-11-21,14600.12587209351
Gula Konsumsi/Sulawesi Tenggara/2024-11-22,14600.148117077824
Gula Konsumsi/Sulawesi Tenggara/2024-11-23,14600.134168615528
Gula Konsumsi/Sulawesi Tenggara/2024-11-24,14600.131809095054
Gula Konsumsi/Sulawesi Tenggara/2024-11-25,14600.158675074095
Gula Konsumsi/Sulawesi Tenggara/2024-11-26,14600.12557316717
Gula Konsumsi/Sulawesi Tenggara/2024-11-27,14600.14833065845
Gula Konsumsi/Sulawesi Tenggara/2024-11-28,14600.134434903734
Gula Konsumsi/Sulawesi Tenggara/2024-11-29,14600.148120833885
Gula Konsumsi/Sulawesi Tenggara/2024-11-30,14600.151362934052
Gula Konsumsi/Sulawesi Tenggara/2024-12-01,14600.138005121078
Gula Konsumsi/Sulawesi Tenggara/2024-12-02,14600.150986903516
Gula Konsumsi/Sulawesi Tenggara/2024-12-03,14600.13528840332
Gula Konsumsi/Sulawesi Tenggara/2024-12-04,14600.153976959542
Gula Konsumsi/Sulawesi Tenggara/2024-12-05,14600.134950514732
Gula Konsumsi/Sulawesi Tenggara/2024-12-06,14600.129281867075
Gula Konsumsi/Sulawesi Tenggara/2024-12-07,14600.14026166442
Gula Konsumsi/Sulawesi Tenggara/2024-12-08,14600.141220513477
Gula Konsumsi/Sulawesi Tenggara/2024-12-09,14600.145185823734
Gula Konsumsi/Sulawesi Tenggara/2024-12-10,14600.143466134192
Gula Konsumsi/Sulawesi Tenggara/2024-12-11,14600.15273106911
Gula Konsumsi/Sulawesi Tenggara/2024-12-12,14600.129770024882
Gula Konsumsi/Sulawesi Tenggara/2024-12-13,14600.150325300485
Gula Konsumsi/Sulawesi Tenggara/2024-12-14,14600.153805473248
Gula Konsumsi/Sulawesi Tenggara/2024-12-15,14600.142766228344
Gula Konsumsi/Sulawesi Tenggara/2024-12-16,14600.144880446156
Gula Konsumsi/Sulawesi Tenggara/2024-12-17,14600.13877997918
Gula Konsumsi/Sulawesi Tenggara/2024-12-18,14600.130783165358
Gula Konsumsi/Sulawesi Tenggara/2024-12-19,14600.133932842466
Gula Konsumsi/Sulawesi Tenggara/2024-12-20,14600.14648797977
Gula Konsumsi/Sulawesi Tenggara/2024-12-21,14600.140468065596
Gula Konsumsi/Sulawesi Tenggara/2024-12-22,14600.148095884617
Gula Konsumsi/Sulawesi Tenggara/2024-12-23,14600.15371695054
Gula Konsumsi/Sulawesi Tenggara/2024-12-24,14600.150255312044
Gula Konsumsi/Sulawesi Tenggara/2024-12-25,14600.153166247495
Gula Konsumsi/Sulawesi Tenggara/2024-12-26,14600.129301822188
Gula Konsumsi/Sulawesi Tenggara/2024-12-27,14600.1299789137
Gula Konsumsi/Sulawesi Tenggara/2024-12-28,14600.153404826326
Gula Konsumsi/Sulawesi Tenggara/2024-12-29,14600.144844266884
Gula Konsumsi/Sulawesi Tenggara/2024-12-30,14600.13679978378
Gula Konsumsi/Sulawesi Tenggara/2024-12-31,14600.146965478294
Gula Konsumsi/Sulawesi Utara/2024-10-01,14600.142487934912
Gula Konsumsi/Sulawesi Utara/2024-10-02,14600.141433462568
Gula Konsumsi/Sulawesi Utara/2024-10-03,14600.139629219915
Gula Konsumsi/Sulawesi Utara/2024-10-04,14600.1286036328
Gula Konsumsi/Sulawesi Utara/2024-10-05,14600.149854776744
Gula Konsumsi/Sulawesi Utara/2024-10-06,14600.140701633673
Gula Konsumsi/Sulawesi Utara/2024-10-07,14600.140476723587
Gula Konsumsi/Sulawesi Utara/2024-10-08,14600.141620902996
Gula Konsumsi/Sulawesi Utara/2024-10-09,14600.146095554564
Gula Konsumsi/Sulawesi Utara/2024-10-10,14600.14185761167
Gula Konsumsi/Sulawesi Utara/2024-10-11,14600.13142472593
Gula Konsumsi/Sulawesi Utara/2024-10-12,14600.131001518295
Gula Konsumsi/Sulawesi Utara/2024-10-13,14600.148369720086
Gula Konsumsi/Sulawesi Utara/2024-10-14,14600.137530042077
Gula Konsumsi/Sulawesi Utara/2024-10-15,14600.151311946396
Gula Konsumsi/Sulawesi Utara/2024-10-16,14600.128016650408
Gula Konsumsi/Sulawesi Utara/2024-10-17,14600.114273985104
Gula Konsumsi/Sulawesi Utara/2024-10-18,14600.126809405969
Gula Konsumsi/Sulawesi Utara/2024-10-19,14600.13555198383
Gula Konsumsi/Sulawesi Utara/2024-10-20,14600.137900104968
Gula Konsumsi/Sulawesi Utara/2024-10-21,14600.128114097684
Gula Konsumsi/Sulawesi Utara/2024-10-22,14600.149253899192
Gula Konsumsi/Sulawesi Utara/2024-10-23,14600.149829523438
Gula Konsumsi/Sulawesi Utara/2024-10-24,14600.154613628069
Gula Konsumsi/Sulawesi Utara/2024-10-25,14600.137506975136
Gula Konsumsi/Sulawesi Utara/2024-10-26,14600.129398113222
Gula Konsumsi/Sulawesi Utara/2024-10-27,14600.140497848826
Gula Konsumsi/Sulawesi Utara/2024-10-28,14600.133635150967
Gula Konsumsi/Sulawesi Utara/2024-10-29,14600.158604651057
Gula Konsumsi/Sulawesi Utara/2024-10-30,14600.119923482607
Gula Konsumsi/Sulawesi Utara/2024-10-31,14600.140953466793
Gula Konsumsi/Sulawesi Utara/2024-11-01,14600.143198533784
Gula Konsumsi/Sulawesi Utara/2024-11-02,14600.140620540556
Gula Konsumsi/Sulawesi Utara/2024-11-03,14600.15041615859
Gula Konsumsi/Sulawesi Utara/2024-11-04,14600.15354355177
Gula Konsumsi/Sulawesi Utara/2024-11-05,14600.131666231082
Gula Konsumsi/Sulawesi Utara/2024-11-06,14600.142890616244
Gula Konsumsi/Sulawesi Utara/2024-11-07,14600.138696563808
Gula Konsumsi/Sulawesi Utara/2024-11-08,14600.15025705754
Gula Konsumsi/Sulawesi Utara/2024-11-09,14600.139108157728
Gula Konsumsi/Sulawesi Utara/2024-11-10,14600.118867865242
Gula Konsumsi/Sulawesi Utara/2024-11-11,14600.13652238634
Gula Konsumsi/Sulawesi Utara/2024-11-12,14600.139587943197
Gula Konsumsi/Sulawesi Utara/2024-11-13,14600.149865970448
Gula Konsumsi/Sulawesi Utara/2024-11-14,14600.13127218623
Gula Konsumsi/Sulawesi Utara/2024-11-15,14600.156924974071
Gula Konsumsi/Sulawesi Utara/2024-11-16,14600.152251218138
Gula Konsumsi/Sulawesi Utara/2024-11-17,14600.139722777789
Gula Konsumsi/Sulawesi Utara/2024-11-18,14600.15087172406
Gula Konsumsi/Sulawesi Utara/2024-11-19,14600.152802134917
Gula Konsumsi/Sulawesi Utara/2024-11-20,14600.128795533265
Gula Konsumsi/Sulawesi Utara/2024-11-21,14600.12183585746
Gula Konsumsi/Sulawesi Utara/2024-11-22,14600.14407136842
Gula Konsumsi/Sulawesi Utara/2024-11-23,14600.148152244245
Gula Konsumsi/Sulawesi Utara/2024-11-24,14600.149321727788
Gula Konsumsi/Sulawesi Utara/2024-11-25,14600.129805976
Gula Konsumsi/Sulawesi Utara/2024-11-26,14600.118471064236
Gula Konsumsi/Sulawesi Utara/2024-11-27,14600.140511634743
Gula Konsumsi/Sulawesi Utara/2024-11-28,14600.14262454709
Gula Konsumsi/Sulawesi Utara/2024-11-29,14600.127455766962
Gula Konsumsi/Sulawesi Utara/2024-11-30,14600.141311239822
Gula Konsumsi/Sulawesi Utara/2024-12-01,14600.140762162722
Gula Konsumsi/Sulawesi Utara/2024-12-02,14600.13027812921
Gula Konsumsi/Sulawesi Utara/2024-12-03,14600.129483551693
Gula Konsumsi/Sulawesi Utara/2024-12-04,14600.144685143308
Gula Konsumsi/Sulawesi Utara/2024-12-05,14600.1401316328
Gula Konsumsi/Sulawesi Utara/2024-12-06,14600.143744363317
Gula Konsumsi/Sulawesi Utara/2024-12-07,14600.12789677308
Gula Konsumsi/Sulawesi Utara/2024-12-08,14600.161942030993
Gula Konsumsi/Sulawesi Utara/2024-12-09,14600.131566278347
Gula Konsumsi/Sulawesi Utara/2024-12-10,14600.148123086874
Gula Konsumsi/Sulawesi Utara/2024-12-11,14600.122496516757
Gula Konsumsi/Sulawesi Utara/2024-12-12,14600.13536910535
Gula Konsumsi/Sulawesi Utara/2024-12-13,14600.132866321455
Gula Konsumsi/Sulawesi Utara/2024-12-14,14600.137517600648
Gula Konsumsi/Sulawesi Utara/2024-12-15,14600.148835088845
Gula Konsumsi/Sulawesi Utara/2024-12-16,14600.12176193635
Gula Konsumsi/Sulawesi Utara/2024-12-17,14600.143376362375
Gula Konsumsi/Sulawesi Utara/2024-12-18,14600.150316919528
Gula Konsumsi/Sulawesi Utara/2024-12-19,14600.164698726236
Gula Konsumsi/Sulawesi Utara/2024-12-20,14600.14705605631
Gula Konsumsi/Sulawesi Utara/2024-12-21,14600.150952036503
Gula Konsumsi/Sulawesi Utara/2024-12-22,14600.13320372111
Gula Konsumsi/Sulawesi Utara/2024-12-23,14600.15183143098
Gula Konsumsi/Sulawesi Utara/2024-12-24,14600.145970683585
Gula Konsumsi/Sulawesi Utara/2024-12-25,14600.124064094618
Gula Konsumsi/Sulawesi Utara/2024-12-26,14600.138452238094
Gula Konsumsi/Sulawesi Utara/2024-12-27,14600.14308838406
Gula Konsumsi/Sulawesi Utara/2024-12-28,14600.13240976637
Gula Konsumsi/Sulawesi Utara/2024-12-29,14600.146463007271
Gula Konsumsi/Sulawesi Utara/2024-12-30,14600.1259977891
Gula Konsumsi/Sulawesi Utara/2024-12-31,14600.14079655398
Gula Konsumsi/Sumatera Barat/2024-10-01,14600.15364714799
Gula Konsumsi/Sumatera Barat/2024-10-02,14600.138159674289
Gula Konsumsi/Sumatera Barat/2024-10-03,14600.135864140324
Gula Konsumsi/Sumatera Barat/2024-10-04,14600.11058558797
Gula Konsumsi/Sumatera Barat/2024-10-05,14600.153365821528
Gula Konsumsi/Sumatera Barat/2024-10-06,14600.145005364157
Gula Konsumsi/Sumatera Barat/2024-10-07,14600.13037648734
Gula Konsumsi/Sumatera Barat/2024-10-08,14600.139392100256
Gula Konsumsi/Sumatera Barat/2024-10-09,14600.131472637466
Gula Konsumsi/Sumatera Barat/2024-10-10,14600.123111831514
Gula Konsumsi/Sumatera Barat/2024-10-11,14600.1317379979
Gula Konsumsi/Sumatera Barat/2024-10-12,14600.138612029508
Gula Konsumsi/Sumatera Barat/2024-10-13,14600.12570684702
Gula Konsumsi/Sumatera Barat/2024-10-14,14600.142458135944
Gula Konsumsi/Sumatera Barat/2024-10-15,14600.149166112102
Gula Konsumsi/Sumatera Barat/2024-10-16,14600.146526617194
Gula Konsumsi/Sumatera Barat/2024-10-17,14600.13350914314
Gula Konsumsi/Sumatera Barat/2024-10-18,14600.17039521902
Gula Konsumsi/Sumatera Barat/2024-10-19,14600.143109413451
Gula Konsumsi/Sumatera Barat/2024-10-20,14600.1551417247
Gula Konsumsi/Sumatera Barat/2024-10-21,14600.132566689235
Gula Konsumsi/Sumatera Barat/2024-10-22,14600.130715928071
Gula Konsumsi/Sumatera Barat/2024-10-23,14600.130582258227
Gula Konsumsi/Sumatera Barat/2024-10-24,14600.145453296109
Gula Konsumsi/Sumatera Barat/2024-10-25,14600.138968220248
Gula Konsumsi/Sumatera Barat/2024-10-26,14600.164241945597
Gula Konsumsi/Sumatera Barat/2024-10-27,14600.149444883637
Gula Konsumsi/Sumatera Barat/2024-10-28,14600.136587718423
Gula Konsumsi/Sumatera Barat/2024-10-29,14600.141085891915
Gula Konsumsi/Sumatera Barat/2024-10-30,14600.137755532887
Gula Konsumsi/Sumatera Barat/2024-10-31,14600.141874394949
Gula Konsumsi/Sumatera Barat/2024-11-01,14600.13501112091
Gula Konsumsi/Sumatera Barat/2024-11-02,14600.133444120773
Gula Konsumsi/Sumatera Barat/2024-11-03,14600.153697717224
Gula Konsumsi/Sumatera Barat/2024-11-04,14600.123693122252
Gula Konsumsi/Sumatera Barat/2024-11-05,14600.164778915483
Gula Konsumsi/Sumatera Barat/2024-11-06,14600.13403532131
Gula Konsumsi/Sumatera Barat/2024-11-07,14600.131384133329
Gula Konsumsi/Sumatera Barat/2024-11-08,14600.159880210906
Gula Konsumsi/Sumatera Barat/2024-11-09,14600.137444487227
Gula Konsumsi/Sumatera Barat/2024-11-10,14600.133577487904
Gula Konsumsi/Sumatera Barat/2024-11-11,14600.135309416426
Gula Konsumsi/Sumatera Barat/2024-11-12,14600.133380613976
Gula Konsumsi/Sumatera Barat/2024-11-13,14600.152159585352
Gula Konsumsi/Sumatera Barat/2024-11-14,14600.148673113888
Gula Konsumsi/Sumatera Barat/2024-11-15,14600.135604178067
Gula Konsumsi/Sumatera Barat/2024-11-16,14600.145986505764
Gula Konsumsi/Sumatera Barat/2024-11-17,14600.138128982911
Gula Konsumsi/Sumatera Barat/2024-11-18,14600.15314580305
Gula Konsumsi/Sumatera Barat/2024-11-19,14600.148301493784
Gula Konsumsi/Sumatera Barat/2024-11-20,14600.135466625035
Gula Konsumsi/Sumatera Barat/2024-11-21,14600.142282655652
Gula Konsumsi/Sumatera Barat/2024-11-22,14600.160815165387
Gula Konsumsi/Sumatera Barat/2024-11-23,14600.14137442909
Gula Konsumsi/Sumatera Barat/2024-11-24,14600.136098827452
Gula Konsumsi/Sumatera Barat/2024-11-25,14600.133690792736
Gula Konsumsi/Sumatera Barat/2024-11-26,14600.140860896758
Gula Konsumsi/Sumatera Barat/2024-11-27,14600.143561863448
Gula Konsumsi/Sumatera Barat/2024-11-28,14600.136118292749
Gula Konsumsi/Sumatera Barat/2024-11-29,14600.145958719071
Gula Konsumsi/Sumatera Barat/2024-11-30,14600.127297125784
Gula Konsumsi/Sumatera Barat/2024-12-01,14600.141399533928
Gula Konsumsi/Sumatera Barat/2024-12-02,14600.13059779225
Gula Konsumsi/Sumatera Barat/2024-12-03,14600.141605015964
Gula Konsumsi/Sumatera Barat/2024-12-04,14600.140295671716
Gula Konsumsi/Sumatera Barat/2024-12-05,14600.127651584648
Gula Konsumsi/Sumatera Barat/2024-12-06,14600.150770574906
Gula Konsumsi/Sumatera Barat/2024-12-07,14600.138995397869
Gula Konsumsi/Sumatera Barat/2024-12-08,14600.139306098512
Gula Konsumsi/Sumatera Barat/2024-12-09,14600.131905744194
Gula Konsumsi/Sumatera Barat/2024-12-10,14600.131579519206
Gula Konsumsi/Sumatera Barat/2024-12-11,14600.156621734684
Gula Konsumsi/Sumatera Barat/2024-12-12,14600.1495999504
Gula Konsumsi/Sumatera Barat/2024-12-13,14600.152953154884
Gula Konsumsi/Sumatera Barat/2024-12-14,14600.15766648838
Gula Konsumsi/Sumatera Barat/2024-12-15,14600.14080203805
Gula Konsumsi/Sumatera Barat/2024-12-16,14600.14497366545
Gula Konsumsi/Sumatera Barat/2024-12-17,14600.151234892135
Gula Konsumsi/Sumatera Barat/2024-12-18,14600.128866497778
Gula Konsumsi/Sumatera Barat/2024-12-19,14600.149282614511
Gula Konsumsi/Sumatera Barat/2024-12-20,14600.138199676388
Gula Konsumsi/Sumatera Barat/2024-12-21,14600.143682488031
Gula Konsumsi/Sumatera Barat/2024-12-22,14600.13225346994
Gula Konsumsi/Sumatera Barat/2024-12-23,14600.159485088268
Gula Konsumsi/Sumatera Barat/2024-12-24,14600.133636474087
Gula Konsumsi/Sumatera Barat/2024-12-25,14600.125274207836
Gula Konsumsi/Sumatera Barat/2024-12-26,14600.15187997277
Gula Konsumsi/Sumatera Barat/2024-12-27,14600.141871793405
Gula Konsumsi/Sumatera Barat/2024-12-28,14600.143965051304
Gula Konsumsi/Sumatera Barat/2024-12-29,14600.133210355169
Gula Konsumsi/Sumatera Barat/2024-12-30,14600.142786267656
Gula Konsumsi/Sumatera Barat/2024-12-31,14600.139520535846
Gula Konsumsi/Sumatera Selatan/2024-10-01,14600.12503325678
Gula Konsumsi/Sumatera Selatan/2024-10-02,14600.153982804257
Gula Konsumsi/Sumatera Selatan/2024-10-03,14600.117686078967
Gula Konsumsi/Sumatera Selatan/2024-10-04,14600.134871318043
Gula Konsumsi/Sumatera Selatan/2024-10-05,14600.135564625836
Gula Konsumsi/Sumatera Selatan/2024-10-06,14600.129132211508
Gula Konsumsi/Sumatera Selatan/2024-10-07,14600.145411625124
Gula Konsumsi/Sumatera Selatan/2024-10-08,14600.13275530371
Gula Konsumsi/Sumatera Selatan/2024-10-09,14600.141939270354
Gula Konsumsi/Sumatera Selatan/2024-10-10,14600.139162001917
Gula Konsumsi/Sumatera Selatan/2024-10-11,14600.16266842614
Gula Konsumsi/Sumatera Selatan/2024-10-12,14600.131528521164
Gula Konsumsi/Sumatera Selatan/2024-10-13,14600.138986121256
Gula Konsumsi/Sumatera Selatan/2024-10-14,14600.14945715392
Gula Konsumsi/Sumatera Selatan/2024-10-15,14600.136842213627
Gula Konsumsi/Sumatera Selatan/2024-10-16,14600.129670990393
Gula Konsumsi/Sumatera Selatan/2024-10-17,14600.14952045362
Gula Konsumsi/Sumatera Selatan/2024-10-18,14600.13847671023
Gula Konsumsi/Sumatera Selatan/2024-10-19,14600.122904825814
Gula Konsumsi/Sumatera Selatan/2024-10-20,14600.127532483348
Gula Konsumsi/Sumatera Selatan/2024-10-21,14600.142127737485
Gula Konsumsi/Sumatera Selatan/2024-10-22,14600.155446240084
Gula Konsumsi/Sumatera Selatan/2024-10-23,14600.15101247544
Gula Konsumsi/Sumatera Selatan/2024-10-24,14600.144027580242
Gula Konsumsi/Sumatera Selatan/2024-10-25,14600.133956230538
Gula Konsumsi/Sumatera Selatan/2024-10-26,14600.135821128397
Gula Konsumsi/Sumatera Selatan/2024-10-27,14600.140251965862
Gula Konsumsi/Sumatera Selatan/2024-10-28,14600.131572093513
Gula Konsumsi/Sumatera Selatan/2024-10-29,14600.148969271151
Gula Konsumsi/Sumatera Selatan/2024-10-30,14600.137093439222
Gula Konsumsi/Sumatera Selatan/2024-10-31,14600.14470305079
Gula Konsumsi/Sumatera Selatan/2024-11-01,14600.138677959652
Gula Konsumsi/Sumatera Selatan/2024-11-02,14600.142351303844
Gula Konsumsi/Sumatera Selatan/2024-11-03,14600.160749840836
Gula Konsumsi/Sumatera Selatan/2024-11-04,14600.13240475241
Gula Konsumsi/Sumatera Selatan/2024-11-05,14600.148727918802
Gula Konsumsi/Sumatera Selatan/2024-11-06,14600.14196824549
Gula Konsumsi/Sumatera Selatan/2024-11-07,14600.123821899291
Gula Konsumsi/Sumatera Selatan/2024-11-08,14600.153171816042
Gula Konsumsi/Sumatera Selatan/2024-11-09,14600.14527611762
Gula Konsumsi/Sumatera Selatan/2024-11-10,14600.147374720313
Gula Konsumsi/Sumatera Selatan/2024-11-11,14600.134150450787
Gula Konsumsi/Sumatera Selatan/2024-11-12,14600.139465092638
Gula Konsumsi/Sumatera Selatan/2024-11-13,14600.128216933492
Gula Konsumsi/Sumatera Selatan/2024-11-14,14600.158655095142
Gula Konsumsi/Sumatera Selatan/2024-11-15,14600.13247361917
Gula Konsumsi/Sumatera Selatan/2024-11-16,14600.136734692933
Gula Konsumsi/Sumatera Selatan/2024-11-17,14600.137702930044
Gula Konsumsi/Sumatera Selatan/2024-11-18,14600.142809001683
Gula Konsumsi/Sumatera Selatan/2024-11-19,14600.130042482171
Gula Konsumsi/Sumatera Selatan/2024-11-20,14600.15140246994
Gula Konsumsi/Sumatera Selatan/2024-11-21,14600.146683794768
Gula Konsumsi/Sumatera Selatan/2024-11-22,14600.147896884238
Gula Konsumsi/Sumatera Selatan/2024-11-23,14600.135592962471
Gula Konsumsi/Sumatera Selatan/2024-11-24,14600.14348943669
Gula Konsumsi/Sumatera Selatan/2024-11-25,14600.12883110386
Gula Konsumsi/Sumatera Selatan/2024-11-26,14600.134035364395
Gula Konsumsi/Sumatera Selatan/2024-11-27,14600.143400928146
Gula Konsumsi/Sumatera Selatan/2024-11-28,14600.134599259982
Gula Konsumsi/Sumatera Selatan/2024-11-29,14600.140178217162
Gula Konsumsi/Sumatera Selatan/2024-11-30,14600.145665369111
Gula Konsumsi/Sumatera Selatan/2024-12-01,14600.13982634642
Gula Konsumsi/Sumatera Selatan/2024-12-02,14600.12364973624
Gula Konsumsi/Sumatera Selatan/2024-12-03,14600.145093974868
Gula Konsumsi/Sumatera Selatan/2024-12-04,14600.12205819499
Gula Konsumsi/Sumatera Selatan/2024-12-05,14600.15444301137
Gula Konsumsi/Sumatera Selatan/2024-12-06,14600.132289232202
Gula Konsumsi/Sumatera Selatan/2024-12-07,14600.123024988216
Gula Konsumsi/Sumatera Selatan/2024-12-08,14600.146039625552
Gula Konsumsi/Sumatera Selatan/2024-12-09,14600.14127369439
Gula Konsumsi/Sumatera Selatan/2024-12-10,14600.113490571346
Gula Konsumsi/Sumatera Selatan/2024-12-11,14600.131051816465
Gula Konsumsi/Sumatera Selatan/2024-12-12,14600.135046817148
Gula Konsumsi/Sumatera Selatan/2024-12-13,14600.143785740942
Gula Konsumsi/Sumatera Selatan/2024-12-14,14600.145861068611
Gula Konsumsi/Sumatera Selatan/2024-12-15,14600.134904852128
Gula Konsumsi/Sumatera Selatan/2024-12-16,14600.15186406968
Gula Konsumsi/Sumatera Selatan/2024-12-17,14600.13663450281
Gula Konsumsi/Sumatera Selatan/2024-12-18,14600.139821498082
Gula Konsumsi/Sumatera Selatan/2024-12-19,14600.160937244806
Gula Konsumsi/Sumatera Selatan/2024-12-20,14600.150691752891
Gula Konsumsi/Sumatera Selatan/2024-12-21,14600.147691374768
Gula Konsumsi/Sumatera Selatan/2024-12-22,14600.141139092411
Gula Konsumsi/Sumatera Selatan/2024-12-23,14600.128234328453
Gula Konsumsi/Sumatera Selatan/2024-12-24,14600.151944441131
Gula Konsumsi/Sumatera Selatan/2024-12-25,14600.147652929034
Gula Konsumsi/Sumatera Selatan/2024-12-26,14600.14252168952
Gula Konsumsi/Sumatera Selatan/2024-12-27,14600.14081718054
Gula Konsumsi/Sumatera Selatan/2024-12-28,14600.147486620606
Gula Konsumsi/Sumatera Selatan/2024-12-29,14600.144961581174
Gula Konsumsi/Sumatera Selatan/2024-12-30,14600.119088533354
Gula Konsumsi/Sumatera Selatan/2024-12-31,14600.144370044974
Gula Konsumsi/Sumatera Utara/2024-10-01,14600.126915057135
Gula Konsumsi/Sumatera Utara/2024-10-02,14600.137123980336
Gula Konsumsi/Sumatera Utara/2024-10-03,14600.147706483376
Gula Konsumsi/Sumatera Utara/2024-10-04,14600.154692135317
Gula Konsumsi/Sumatera Utara/2024-10-05,14600.139686905308
Gula Konsumsi/Sumatera Utara/2024-10-06,14600.148930024636
Gula Konsumsi/Sumatera Utara/2024-10-07,14600.135878949206
Gula Konsumsi/Sumatera Utara/2024-10-08,14600.149540282217
Gula Konsumsi/Sumatera Utara/2024-10-09,14600.158486472796
Gula Konsumsi/Sumatera Utara/2024-10-10,14600.13029843191
Gula Konsumsi/Sumatera Utara/2024-10-11,14600.128652317186
Gula Konsumsi/Sumatera Utara/2024-10-12,14600.14192210819
Gula Konsumsi/Sumatera Utara/2024-10-13,14600.135144747215
Gula Konsumsi/Sumatera Utara/2024-10-14,14600.14598444759
Gula Konsumsi/Sumatera Utara/2024-10-15,14600.140342138053
Gula Konsumsi/Sumatera Utara/2024-10-16,14600.155701672427
Gula Konsumsi/Sumatera Utara/2024-10-17,14600.134221749266
Gula Konsumsi/Sumatera Utara/2024-10-18,14600.15038224439
Gula Konsumsi/Sumatera Utara/2024-10-19,14600.148470729726
Gula Konsumsi/Sumatera Utara/2024-10-20,14600.150167226107
Gula Konsumsi/Sumatera Utara/2024-10-21,14600.134342846704
Gula Konsumsi/Sumatera Utara/2024-10-22,14600.128499102537
Gula Konsumsi/Sumatera Utara/2024-10-23,14600.148220355672
Gula Konsumsi/Sumatera Utara/2024-10-24,14600.13173360212
Gula Konsumsi/Sumatera Utara/2024-10-25,14600.132630260274
Gula Konsumsi/Sumatera Utara/2024-10-26,14600.148817576955
Gula Konsumsi/Sumatera Utara/2024-10-27,14600.147678921932
Gula Konsumsi/Sumatera Utara/2024-10-28,14600.138758696072
Gula Konsumsi/Sumatera Utara/2024-10-29,14600.147000473917
Gula Konsumsi/Sumatera Utara/2024-10-30,14600.152014989775
Gula Konsumsi/Sumatera Utara/2024-10-31,14600.13474003983
Gula Konsumsi/Sumatera Utara/2024-11-01,14600.136538399596
Gula Konsumsi/Sumatera Utara/2024-11-02,14600.12529216368
Gula Konsumsi/Sumatera Utara/2024-11-03,14600.1362727051
Gula Konsumsi/Sumatera Utara/2024-11-04,14600.149128960533
Gula Konsumsi/Sumatera Utara/2024-11-05,14600.146067194746
Gula Konsumsi/Sumatera Utara/2024-11-06,14600.127355939729
Gula Konsumsi/Sumatera Utara/2024-11-07,14600.127434790153
Gula Konsumsi/Sumatera Utara/2024-11-08,14600.136595663978
Gula Konsumsi/Sumatera Utara/2024-11-09,14600.14098995685
Gula Konsumsi/Sumatera Utara/2024-11-10,14600.141617328374
Gula Konsumsi/Sumatera Utara/2024-11-11,14600.124259619042
Gula Konsumsi/Sumatera Utara/2024-11-12,14600.134719540196
Gula Konsumsi/Sumatera Utara/2024-11-13,14600.1453409847
Gula Konsumsi/Sumatera Utara/2024-11-14,14600.13907674104
Gula Konsumsi/Sumatera Utara/2024-11-15,14600.14035995392
Gula Konsumsi/Sumatera Utara/2024-11-16,14600.141085265584
Gula Konsumsi/Sumatera Utara/2024-11-17,14600.1304119391
Gula Konsumsi/Sumatera Utara/2024-11-18,14600.146616888393
Gula Konsumsi/Sumatera Utara/2024-11-19,14600.134534922328
Gula Konsumsi/Sumatera Utara/2024-11-20,14600.143838276072
Gula Konsumsi/Sumatera Utara/2024-11-21,14600.142271907218
Gula Konsumsi/Sumatera Utara/2024-11-22,14600.119169060868
Gula Konsumsi/Sumatera Utara/2024-11-23,14600.130289848556
Gula Konsumsi/Sumatera Utara/2024-11-24,14600.129386788643
Gula Konsumsi/Sumatera Utara/2024-11-25,14600.143953162937
Gula Konsumsi/Sumatera Utara/2024-11-26,14600.154347477035
Gula Konsumsi/Sumatera Utara/2024-11-27,14600.148379321538
Gula Konsumsi/Sumatera Utara/2024-11-28,14600.13794223192
Gula Konsumsi/Sumatera Utara/2024-11-29,14600.15068205498
Gula Konsumsi/Sumatera Utara/2024-11-30,14600.143987548525
Gula Konsumsi/Sumatera Utara/2024-12-01,14600.149509154948
Gula Konsumsi/Sumatera Utara/2024-12-02,14600.138571040545
Gula Konsumsi/Sumatera Utara/2024-12-03,14600.158584364366
Gula Konsumsi/Sumatera Utara/2024-12-04,14600.13703646676
Gula Konsumsi/Sumatera Utara/2024-12-05,14600.13157308775
Gula Konsumsi/Sumatera Utara/2024-12-06,14600.139581966558
Gula Konsumsi/Sumatera Utara/2024-12-07,14600.126526150603
Gula Konsumsi/Sumatera Utara/2024-12-08,14600.140099076576
Gula Konsumsi/Sumatera Utara/2024-12-09,14600.139564431573
Gula Konsumsi/Sumatera Utara/2024-12-10,14600.15748913562
Gula Konsumsi/Sumatera Utara/2024-12-11,14600.131023709902
Gula Konsumsi/Sumatera Utara/2024-12-12,14600.138989364532
Gula Konsumsi/Sumatera Utara/2024-12-13,14600.13205784392
Gula Konsumsi/Sumatera Utara/2024-12-14,14600.141737271895
Gula Konsumsi/Sumatera Utara/2024-12-15,14600.13606198968
Gula Konsumsi/Sumatera Utara/2024-12-16,14600.14174419727
Gula Konsumsi/Sumatera Utara/2024-12-17,14600.148890620543
Gula Konsumsi/Sumatera Utara/2024-12-18,14600.142110269342
Gula Konsumsi/Sumatera Utara/2024-12-19,14600.134449511748
Gula Konsumsi/Sumatera Utara/2024-12-20,14600.123060049676
Gula Konsumsi/Sumatera Utara/2024-12-21,14600.149588239425
Gula Konsumsi/Sumatera Utara/2024-12-22,14600.131207103184
Gula Konsumsi/Sumatera Utara/2024-12-23,14600.152239454168
Gula Konsumsi/Sumatera Utara/2024-12-24,14600.151776549794
Gula Konsumsi/Sumatera Utara/2024-12-25,14600.149810923716
Gula Konsumsi/Sumatera Utara/2024-12-26,14600.136811257287
Gula Konsumsi/Sumatera Utara/2024-12-27,14600.127688999866
Gula Konsumsi/Sumatera Utara/2024-12-28,14600.15028474498
Gula Konsumsi/Sumatera Utara/2024-12-29,14600.125826938543
Gula Konsumsi/Sumatera Utara/2024-12-30,14600.14748586356
Gula Konsumsi/Sumatera Utara/2024-12-31,14600.13264873928
